ticker,RIC,Date,model,forecast_vol,forecast_var_pct2,esg_spec,refit_date
DISCK,DISCK.A^H14,2011-07-21,EGARCH,0.1976712387850823,1.550552327096391,,2011-07-21
DISCK,DISCK.A^H14,2011-07-21,ESG-EGARCH,0.198548621388747,1.564347422832223,all,2011-07-21
DISCK,DISCK.A^H14,2011-07-21,ESG-EGARCH(E),0.198548621388747,1.5643474228322225,E,2011-07-21
DISCK,DISCK.A^H14,2011-07-21,ESG-EGARCH(G),0.198548621388747,1.5643474228322225,G,2011-07-21
DISCK,DISCK.A^H14,2011-07-21,ESG-EGARCH(S),0.198548621388747,1.5643474228322225,S,2011-07-21
DISCK,DISCK.A^H14,2011-07-21,ESG-GARCH,0.2066928308936916,1.6953145374146108,all,2011-07-21
DISCK,DISCK.A^H14,2011-07-21,ESG-GARCH(E),0.2066928308936915,1.6953145374146104,E,2011-07-21
DISCK,DISCK.A^H14,2011-07-21,ESG-GARCH(G),0.2066928308936915,1.69531453741461,G,2011-07-21
DISCK,DISCK.A^H14,2011-07-21,ESG-GARCH(S),0.2066928308936915,1.69531453741461,S,2011-07-21
DISCK,DISCK.A^H14,2011-07-21,ESG-GJR-GARCH,0.2103706873249959,1.7561835748250476,all,2011-07-21
DISCK,DISCK.A^H14,2011-07-21,ESG-GJR-GARCH(E),0.2103706873249959,1.7561835748250472,E,2011-07-21
DISCK,DISCK.A^H14,2011-07-21,ESG-GJR-GARCH(G),0.2103706873249959,1.7561835748250478,G,2011-07-21
DISCK,DISCK.A^H14,2011-07-21,ESG-GJR-GARCH(S),0.2103706873249959,1.7561835748250476,S,2011-07-21
DISCK,DISCK.A^H14,2011-07-21,GARCH,0.206695399728297,1.6953566773349396,,2011-07-21
DISCK,DISCK.A^H14,2011-07-21,GJR-GARCH,0.2104961610419959,1.7582791195800744,,2011-07-21
DISCK,DISCK.A^H14,2011-07-22,EGARCH,0.1976712387850823,1.550552327096391,,2011-07-21
DISCK,DISCK.A^H14,2011-07-22,ESG-EGARCH,0.198548621388747,1.564347422832223,all,2011-07-21
DISCK,DISCK.A^H14,2011-07-22,ESG-EGARCH(E),0.198548621388747,1.5643474228322225,E,2011-07-21
DISCK,DISCK.A^H14,2011-07-22,ESG-EGARCH(G),0.198548621388747,1.5643474228322225,G,2011-07-21
DISCK,DISCK.A^H14,2011-07-22,ESG-EGARCH(S),0.198548621388747,1.5643474228322225,S,2011-07-21
DISCK,DISCK.A^H14,2011-07-22,ESG-GARCH,0.2066928308936916,1.6953145374146108,all,2011-07-21
DISCK,DISCK.A^H14,2011-07-22,ESG-GARCH(E),0.2066928308936915,1.6953145374146104,E,2011-07-21
DISCK,DISCK.A^H14,2011-07-22,ESG-GARCH(G),0.2066928308936915,1.69531453741461,G,2011-07-21
DISCK,DISCK.A^H14,2011-07-22,ESG-GARCH(S),0.2066928308936915,1.69531453741461,S,2011-07-21
DISCK,DISCK.A^H14,2011-07-22,ESG-GJR-GARCH,0.2103706873249959,1.7561835748250476,all,2011-07-21
DISCK,DISCK.A^H14,2011-07-22,ESG-GJR-GARCH(E),0.2103706873249959,1.7561835748250472,E,2011-07-21
DISCK,DISCK.A^H14,2011-07-22,ESG-GJR-GARCH(G),0.2103706873249959,1.7561835748250478,G,2011-07-21
DISCK,DISCK.A^H14,2011-07-22,ESG-GJR-GARCH(S),0.2103706873249959,1.7561835748250476,S,2011-07-21
DISCK,DISCK.A^H14,2011-07-22,GARCH,0.206695399728297,1.6953566773349396,,2011-07-21
DISCK,DISCK.A^H14,2011-07-22,GJR-GARCH,0.2104961610419959,1.7582791195800744,,2011-07-21
DISCK,DISCK.A^H14,2011-07-25,EGARCH,0.1976712387850823,1.550552327096391,,2011-07-21
DISCK,DISCK.A^H14,2011-07-25,ESG-EGARCH,0.198548621388747,1.564347422832223,all,2011-07-21
DISCK,DISCK.A^H14,2011-07-25,ESG-EGARCH(E),0.198548621388747,1.5643474228322225,E,2011-07-21
DISCK,DISCK.A^H14,2011-07-25,ESG-EGARCH(G),0.198548621388747,1.5643474228322225,G,2011-07-21
DISCK,DISCK.A^H14,2011-07-25,ESG-EGARCH(S),0.198548621388747,1.5643474228322225,S,2011-07-21
DISCK,DISCK.A^H14,2011-07-25,ESG-GARCH,0.2066928308936916,1.6953145374146108,all,2011-07-21
DISCK,DISCK.A^H14,2011-07-25,ESG-GARCH(E),0.2066928308936915,1.6953145374146104,E,2011-07-21
DISCK,DISCK.A^H14,2011-07-25,ESG-GARCH(G),0.2066928308936915,1.69531453741461,G,2011-07-21
DISCK,DISCK.A^H14,2011-07-25,ESG-GARCH(S),0.2066928308936915,1.69531453741461,S,2011-07-21
DISCK,DISCK.A^H14,2011-07-25,ESG-GJR-GARCH,0.2103706873249959,1.7561835748250476,all,2011-07-21
DISCK,DISCK.A^H14,2011-07-25,ESG-GJR-GARCH(E),0.2103706873249959,1.7561835748250472,E,2011-07-21
DISCK,DISCK.A^H14,2011-07-25,ESG-GJR-GARCH(G),0.2103706873249959,1.7561835748250478,G,2011-07-21
DISCK,DISCK.A^H14,2011-07-25,ESG-GJR-GARCH(S),0.2103706873249959,1.7561835748250476,S,2011-07-21
DISCK,DISCK.A^H14,2011-07-25,GARCH,0.206695399728297,1.6953566773349396,,2011-07-21
DISCK,DISCK.A^H14,2011-07-25,GJR-GARCH,0.2104961610419959,1.7582791195800744,,2011-07-21
DISCK,DISCK.A^H14,2011-07-26,EGARCH,0.1976712387850823,1.550552327096391,,2011-07-21
DISCK,DISCK.A^H14,2011-07-26,ESG-EGARCH,0.198548621388747,1.564347422832223,all,2011-07-21
DISCK,DISCK.A^H14,2011-07-26,ESG-EGARCH(E),0.198548621388747,1.5643474228322225,E,2011-07-21
DISCK,DISCK.A^H14,2011-07-26,ESG-EGARCH(G),0.198548621388747,1.5643474228322225,G,2011-07-21
DISCK,DISCK.A^H14,2011-07-26,ESG-EGARCH(S),0.198548621388747,1.5643474228322225,S,2011-07-21
DISCK,DISCK.A^H14,2011-07-26,ESG-GARCH,0.2066928308936916,1.6953145374146108,all,2011-07-21
DISCK,DISCK.A^H14,2011-07-26,ESG-GARCH(E),0.2066928308936915,1.6953145374146104,E,2011-07-21
DISCK,DISCK.A^H14,2011-07-26,ESG-GARCH(G),0.2066928308936915,1.69531453741461,G,2011-07-21
DISCK,DISCK.A^H14,2011-07-26,ESG-GARCH(S),0.2066928308936915,1.69531453741461,S,2011-07-21
DISCK,DISCK.A^H14,2011-07-26,ESG-GJR-GARCH,0.2103706873249959,1.7561835748250476,all,2011-07-21
DISCK,DISCK.A^H14,2011-07-26,ESG-GJR-GARCH(E),0.2103706873249959,1.7561835748250472,E,2011-07-21
DISCK,DISCK.A^H14,2011-07-26,ESG-GJR-GARCH(G),0.2103706873249959,1.7561835748250478,G,2011-07-21
DISCK,DISCK.A^H14,2011-07-26,ESG-GJR-GARCH(S),0.2103706873249959,1.7561835748250476,S,2011-07-21
DISCK,DISCK.A^H14,2011-07-26,GARCH,0.206695399728297,1.6953566773349396,,2011-07-21
DISCK,DISCK.A^H14,2011-07-26,GJR-GARCH,0.2104961610419959,1.7582791195800744,,2011-07-21
DISCK,DISCK.A^H14,2011-07-27,EGARCH,0.1976712387850823,1.550552327096391,,2011-07-21
DISCK,DISCK.A^H14,2011-07-27,ESG-EGARCH,0.198548621388747,1.564347422832223,all,2011-07-21
DISCK,DISCK.A^H14,2011-07-27,ESG-EGARCH(E),0.198548621388747,1.5643474228322225,E,2011-07-21
DISCK,DISCK.A^H14,2011-07-27,ESG-EGARCH(G),0.198548621388747,1.5643474228322225,G,2011-07-21
DISCK,DISCK.A^H14,2011-07-27,ESG-EGARCH(S),0.198548621388747,1.5643474228322225,S,2011-07-21
DISCK,DISCK.A^H14,2011-07-27,ESG-GARCH,0.2066928308936916,1.6953145374146108,all,2011-07-21
DISCK,DISCK.A^H14,2011-07-27,ESG-GARCH(E),0.2066928308936915,1.6953145374146104,E,2011-07-21
DISCK,DISCK.A^H14,2011-07-27,ESG-GARCH(G),0.2066928308936915,1.69531453741461,G,2011-07-21
DISCK,DISCK.A^H14,2011-07-27,ESG-GARCH(S),0.2066928308936915,1.69531453741461,S,2011-07-21
DISCK,DISCK.A^H14,2011-07-27,ESG-GJR-GARCH,0.2103706873249959,1.7561835748250476,all,2011-07-21
DISCK,DISCK.A^H14,2011-07-27,ESG-GJR-GARCH(E),0.2103706873249959,1.7561835748250472,E,2011-07-21
DISCK,DISCK.A^H14,2011-07-27,ESG-GJR-GARCH(G),0.2103706873249959,1.7561835748250478,G,2011-07-21
DISCK,DISCK.A^H14,2011-07-27,ESG-GJR-GARCH(S),0.2103706873249959,1.7561835748250476,S,2011-07-21
DISCK,DISCK.A^H14,2011-07-27,GARCH,0.206695399728297,1.6953566773349396,,2011-07-21
DISCK,DISCK.A^H14,2011-07-27,GJR-GARCH,0.2104961610419959,1.7582791195800744,,2011-07-21
DISCK,DISCK.A^H14,2011-07-28,EGARCH,0.1976712387850823,1.550552327096391,,2011-07-21
DISCK,DISCK.A^H14,2011-07-28,ESG-EGARCH,0.198548621388747,1.564347422832223,all,2011-07-21
DISCK,DISCK.A^H14,2011-07-28,ESG-EGARCH(E),0.198548621388747,1.5643474228322225,E,2011-07-21
DISCK,DISCK.A^H14,2011-07-28,ESG-EGARCH(G),0.198548621388747,1.5643474228322225,G,2011-07-21
DISCK,DISCK.A^H14,2011-07-28,ESG-EGARCH(S),0.198548621388747,1.5643474228322225,S,2011-07-21
DISCK,DISCK.A^H14,2011-07-28,ESG-GARCH,0.2066928308936916,1.6953145374146108,all,2011-07-21
DISCK,DISCK.A^H14,2011-07-28,ESG-GARCH(E),0.2066928308936915,1.6953145374146104,E,2011-07-21
DISCK,DISCK.A^H14,2011-07-28,ESG-GARCH(G),0.2066928308936915,1.69531453741461,G,2011-07-21
DISCK,DISCK.A^H14,2011-07-28,ESG-GARCH(S),0.2066928308936915,1.69531453741461,S,2011-07-21
DISCK,DISCK.A^H14,2011-07-28,ESG-GJR-GARCH,0.2103706873249959,1.7561835748250476,all,2011-07-21
DISCK,DISCK.A^H14,2011-07-28,ESG-GJR-GARCH(E),0.2103706873249959,1.7561835748250472,E,2011-07-21
DISCK,DISCK.A^H14,2011-07-28,ESG-GJR-GARCH(G),0.2103706873249959,1.7561835748250478,G,2011-07-21
DISCK,DISCK.A^H14,2011-07-28,ESG-GJR-GARCH(S),0.2103706873249959,1.7561835748250476,S,2011-07-21
DISCK,DISCK.A^H14,2011-07-28,GARCH,0.206695399728297,1.6953566773349396,,2011-07-21
DISCK,DISCK.A^H14,2011-07-28,GJR-GARCH,0.2104961610419959,1.7582791195800744,,2011-07-21
DISCK,DISCK.A^H14,2011-07-29,EGARCH,0.1976712387850823,1.550552327096391,,2011-07-21
DISCK,DISCK.A^H14,2011-07-29,ESG-EGARCH,0.198548621388747,1.564347422832223,all,2011-07-21
DISCK,DISCK.A^H14,2011-07-29,ESG-EGARCH(E),0.198548621388747,1.5643474228322225,E,2011-07-21
DISCK,DISCK.A^H14,2011-07-29,ESG-EGARCH(G),0.198548621388747,1.5643474228322225,G,2011-07-21
DISCK,DISCK.A^H14,2011-07-29,ESG-EGARCH(S),0.198548621388747,1.5643474228322225,S,2011-07-21
DISCK,DISCK.A^H14,2011-07-29,ESG-GARCH,0.2066928308936916,1.6953145374146108,all,2011-07-21
DISCK,DISCK.A^H14,2011-07-29,ESG-GARCH(E),0.2066928308936915,1.6953145374146104,E,2011-07-21
DISCK,DISCK.A^H14,2011-07-29,ESG-GARCH(G),0.2066928308936915,1.69531453741461,G,2011-07-21
DISCK,DISCK.A^H14,2011-07-29,ESG-GARCH(S),0.2066928308936915,1.69531453741461,S,2011-07-21
DISCK,DISCK.A^H14,2011-07-29,ESG-GJR-GARCH,0.2103706873249959,1.7561835748250476,all,2011-07-21
DISCK,DISCK.A^H14,2011-07-29,ESG-GJR-GARCH(E),0.2103706873249959,1.7561835748250472,E,2011-07-21
DISCK,DISCK.A^H14,2011-07-29,ESG-GJR-GARCH(G),0.2103706873249959,1.7561835748250478,G,2011-07-21
DISCK,DISCK.A^H14,2011-07-29,ESG-GJR-GARCH(S),0.2103706873249959,1.7561835748250476,S,2011-07-21
DISCK,DISCK.A^H14,2011-07-29,GARCH,0.206695399728297,1.6953566773349396,,2011-07-21
DISCK,DISCK.A^H14,2011-07-29,GJR-GARCH,0.2104961610419959,1.7582791195800744,,2011-07-21
DISCK,DISCK.A^H14,2011-08-01,EGARCH,0.1976712387850823,1.550552327096391,,2011-07-21
DISCK,DISCK.A^H14,2011-08-01,ESG-EGARCH,0.198548621388747,1.564347422832223,all,2011-07-21
DISCK,DISCK.A^H14,2011-08-01,ESG-EGARCH(E),0.198548621388747,1.5643474228322225,E,2011-07-21
DISCK,DISCK.A^H14,2011-08-01,ESG-EGARCH(G),0.198548621388747,1.5643474228322225,G,2011-07-21
DISCK,DISCK.A^H14,2011-08-01,ESG-EGARCH(S),0.198548621388747,1.5643474228322225,S,2011-07-21
DISCK,DISCK.A^H14,2011-08-01,ESG-GARCH,0.2066928308936916,1.6953145374146108,all,2011-07-21
DISCK,DISCK.A^H14,2011-08-01,ESG-GARCH(E),0.2066928308936915,1.6953145374146104,E,2011-07-21
DISCK,DISCK.A^H14,2011-08-01,ESG-GARCH(G),0.2066928308936915,1.69531453741461,G,2011-07-21
DISCK,DISCK.A^H14,2011-08-01,ESG-GARCH(S),0.2066928308936915,1.69531453741461,S,2011-07-21
DISCK,DISCK.A^H14,2011-08-01,ESG-GJR-GARCH,0.2103706873249959,1.7561835748250476,all,2011-07-21
DISCK,DISCK.A^H14,2011-08-01,ESG-GJR-GARCH(E),0.2103706873249959,1.7561835748250472,E,2011-07-21
DISCK,DISCK.A^H14,2011-08-01,ESG-GJR-GARCH(G),0.2103706873249959,1.7561835748250478,G,2011-07-21
DISCK,DISCK.A^H14,2011-08-01,ESG-GJR-GARCH(S),0.2103706873249959,1.7561835748250476,S,2011-07-21
DISCK,DISCK.A^H14,2011-08-01,GARCH,0.206695399728297,1.6953566773349396,,2011-07-21
DISCK,DISCK.A^H14,2011-08-01,GJR-GARCH,0.2104961610419959,1.7582791195800744,,2011-07-21
DISCK,DISCK.A^H14,2011-08-02,EGARCH,0.1976712387850823,1.550552327096391,,2011-07-21
DISCK,DISCK.A^H14,2011-08-02,ESG-EGARCH,0.198548621388747,1.564347422832223,all,2011-07-21
DISCK,DISCK.A^H14,2011-08-02,ESG-EGARCH(E),0.198548621388747,1.5643474228322225,E,2011-07-21
DISCK,DISCK.A^H14,2011-08-02,ESG-EGARCH(G),0.198548621388747,1.5643474228322225,G,2011-07-21
DISCK,DISCK.A^H14,2011-08-02,ESG-EGARCH(S),0.198548621388747,1.5643474228322225,S,2011-07-21
DISCK,DISCK.A^H14,2011-08-02,ESG-GARCH,0.2066928308936916,1.6953145374146108,all,2011-07-21
DISCK,DISCK.A^H14,2011-08-02,ESG-GARCH(E),0.2066928308936915,1.6953145374146104,E,2011-07-21
DISCK,DISCK.A^H14,2011-08-02,ESG-GARCH(G),0.2066928308936915,1.69531453741461,G,2011-07-21
DISCK,DISCK.A^H14,2011-08-02,ESG-GARCH(S),0.2066928308936915,1.69531453741461,S,2011-07-21
DISCK,DISCK.A^H14,2011-08-02,ESG-GJR-GARCH,0.2103706873249959,1.7561835748250476,all,2011-07-21
DISCK,DISCK.A^H14,2011-08-02,ESG-GJR-GARCH(E),0.2103706873249959,1.7561835748250472,E,2011-07-21
DISCK,DISCK.A^H14,2011-08-02,ESG-GJR-GARCH(G),0.2103706873249959,1.7561835748250478,G,2011-07-21
DISCK,DISCK.A^H14,2011-08-02,ESG-GJR-GARCH(S),0.2103706873249959,1.7561835748250476,S,2011-07-21
DISCK,DISCK.A^H14,2011-08-02,GARCH,0.206695399728297,1.6953566773349396,,2011-07-21
DISCK,DISCK.A^H14,2011-08-02,GJR-GARCH,0.2104961610419959,1.7582791195800744,,2011-07-21
DISCK,DISCK.A^H14,2011-08-03,EGARCH,0.1976712387850823,1.550552327096391,,2011-07-21
DISCK,DISCK.A^H14,2011-08-03,ESG-EGARCH,0.198548621388747,1.564347422832223,all,2011-07-21
DISCK,DISCK.A^H14,2011-08-03,ESG-EGARCH(E),0.198548621388747,1.5643474228322225,E,2011-07-21
DISCK,DISCK.A^H14,2011-08-03,ESG-EGARCH(G),0.198548621388747,1.5643474228322225,G,2011-07-21
DISCK,DISCK.A^H14,2011-08-03,ESG-EGARCH(S),0.198548621388747,1.5643474228322225,S,2011-07-21
DISCK,DISCK.A^H14,2011-08-03,ESG-GARCH,0.2066928308936916,1.6953145374146108,all,2011-07-21
DISCK,DISCK.A^H14,2011-08-03,ESG-GARCH(E),0.2066928308936915,1.6953145374146104,E,2011-07-21
DISCK,DISCK.A^H14,2011-08-03,ESG-GARCH(G),0.2066928308936915,1.69531453741461,G,2011-07-21
DISCK,DISCK.A^H14,2011-08-03,ESG-GARCH(S),0.2066928308936915,1.69531453741461,S,2011-07-21
DISCK,DISCK.A^H14,2011-08-03,ESG-GJR-GARCH,0.2103706873249959,1.7561835748250476,all,2011-07-21
DISCK,DISCK.A^H14,2011-08-03,ESG-GJR-GARCH(E),0.2103706873249959,1.7561835748250472,E,2011-07-21
DISCK,DISCK.A^H14,2011-08-03,ESG-GJR-GARCH(G),0.2103706873249959,1.7561835748250478,G,2011-07-21
DISCK,DISCK.A^H14,2011-08-03,ESG-GJR-GARCH(S),0.2103706873249959,1.7561835748250476,S,2011-07-21
DISCK,DISCK.A^H14,2011-08-03,GARCH,0.206695399728297,1.6953566773349396,,2011-07-21
DISCK,DISCK.A^H14,2011-08-03,GJR-GARCH,0.2104961610419959,1.7582791195800744,,2011-07-21
DISCK,DISCK.A^H14,2011-08-04,EGARCH,0.1976712387850823,1.550552327096391,,2011-07-21
DISCK,DISCK.A^H14,2011-08-04,ESG-EGARCH,0.198548621388747,1.564347422832223,all,2011-07-21
DISCK,DISCK.A^H14,2011-08-04,ESG-EGARCH(E),0.198548621388747,1.5643474228322225,E,2011-07-21
DISCK,DISCK.A^H14,2011-08-04,ESG-EGARCH(G),0.198548621388747,1.5643474228322225,G,2011-07-21
DISCK,DISCK.A^H14,2011-08-04,ESG-EGARCH(S),0.198548621388747,1.5643474228322225,S,2011-07-21
DISCK,DISCK.A^H14,2011-08-04,ESG-GARCH,0.2066928308936916,1.6953145374146108,all,2011-07-21
DISCK,DISCK.A^H14,2011-08-04,ESG-GARCH(E),0.2066928308936915,1.6953145374146104,E,2011-07-21
DISCK,DISCK.A^H14,2011-08-04,ESG-GARCH(G),0.2066928308936915,1.69531453741461,G,2011-07-21
DISCK,DISCK.A^H14,2011-08-04,ESG-GARCH(S),0.2066928308936915,1.69531453741461,S,2011-07-21
DISCK,DISCK.A^H14,2011-08-04,ESG-GJR-GARCH,0.2103706873249959,1.7561835748250476,all,2011-07-21
DISCK,DISCK.A^H14,2011-08-04,ESG-GJR-GARCH(E),0.2103706873249959,1.7561835748250472,E,2011-07-21
DISCK,DISCK.A^H14,2011-08-04,ESG-GJR-GARCH(G),0.2103706873249959,1.7561835748250478,G,2011-07-21
DISCK,DISCK.A^H14,2011-08-04,ESG-GJR-GARCH(S),0.2103706873249959,1.7561835748250476,S,2011-07-21
DISCK,DISCK.A^H14,2011-08-04,GARCH,0.206695399728297,1.6953566773349396,,2011-07-21
DISCK,DISCK.A^H14,2011-08-04,GJR-GARCH,0.2104961610419959,1.7582791195800744,,2011-07-21
DISCK,DISCK.A^H14,2011-08-05,EGARCH,0.1976712387850823,1.550552327096391,,2011-07-21
DISCK,DISCK.A^H14,2011-08-05,ESG-EGARCH,0.198548621388747,1.564347422832223,all,2011-07-21
DISCK,DISCK.A^H14,2011-08-05,ESG-EGARCH(E),0.198548621388747,1.5643474228322225,E,2011-07-21
DISCK,DISCK.A^H14,2011-08-05,ESG-EGARCH(G),0.198548621388747,1.5643474228322225,G,2011-07-21
DISCK,DISCK.A^H14,2011-08-05,ESG-EGARCH(S),0.198548621388747,1.5643474228322225,S,2011-07-21
DISCK,DISCK.A^H14,2011-08-05,ESG-GARCH,0.2066928308936916,1.6953145374146108,all,2011-07-21
DISCK,DISCK.A^H14,2011-08-05,ESG-GARCH(E),0.2066928308936915,1.6953145374146104,E,2011-07-21
DISCK,DISCK.A^H14,2011-08-05,ESG-GARCH(G),0.2066928308936915,1.69531453741461,G,2011-07-21
DISCK,DISCK.A^H14,2011-08-05,ESG-GARCH(S),0.2066928308936915,1.69531453741461,S,2011-07-21
DISCK,DISCK.A^H14,2011-08-05,ESG-GJR-GARCH,0.2103706873249959,1.7561835748250476,all,2011-07-21
DISCK,DISCK.A^H14,2011-08-05,ESG-GJR-GARCH(E),0.2103706873249959,1.7561835748250472,E,2011-07-21
DISCK,DISCK.A^H14,2011-08-05,ESG-GJR-GARCH(G),0.2103706873249959,1.7561835748250478,G,2011-07-21
DISCK,DISCK.A^H14,2011-08-05,ESG-GJR-GARCH(S),0.2103706873249959,1.7561835748250476,S,2011-07-21
DISCK,DISCK.A^H14,2011-08-05,GARCH,0.206695399728297,1.6953566773349396,,2011-07-21
DISCK,DISCK.A^H14,2011-08-05,GJR-GARCH,0.2104961610419959,1.7582791195800744,,2011-07-21
DISCK,DISCK.A^H14,2011-08-08,EGARCH,0.1976712387850823,1.550552327096391,,2011-07-21
DISCK,DISCK.A^H14,2011-08-08,ESG-EGARCH,0.198548621388747,1.564347422832223,all,2011-07-21
DISCK,DISCK.A^H14,2011-08-08,ESG-EGARCH(E),0.198548621388747,1.5643474228322225,E,2011-07-21
DISCK,DISCK.A^H14,2011-08-08,ESG-EGARCH(G),0.198548621388747,1.5643474228322225,G,2011-07-21
DISCK,DISCK.A^H14,2011-08-08,ESG-EGARCH(S),0.198548621388747,1.5643474228322225,S,2011-07-21
DISCK,DISCK.A^H14,2011-08-08,ESG-GARCH,0.2066928308936916,1.6953145374146108,all,2011-07-21
DISCK,DISCK.A^H14,2011-08-08,ESG-GARCH(E),0.2066928308936915,1.6953145374146104,E,2011-07-21
DISCK,DISCK.A^H14,2011-08-08,ESG-GARCH(G),0.2066928308936915,1.69531453741461,G,2011-07-21
DISCK,DISCK.A^H14,2011-08-08,ESG-GARCH(S),0.2066928308936915,1.69531453741461,S,2011-07-21
DISCK,DISCK.A^H14,2011-08-08,ESG-GJR-GARCH,0.2103706873249959,1.7561835748250476,all,2011-07-21
DISCK,DISCK.A^H14,2011-08-08,ESG-GJR-GARCH(E),0.2103706873249959,1.7561835748250472,E,2011-07-21
DISCK,DISCK.A^H14,2011-08-08,ESG-GJR-GARCH(G),0.2103706873249959,1.7561835748250478,G,2011-07-21
DISCK,DISCK.A^H14,2011-08-08,ESG-GJR-GARCH(S),0.2103706873249959,1.7561835748250476,S,2011-07-21
DISCK,DISCK.A^H14,2011-08-08,GARCH,0.206695399728297,1.6953566773349396,,2011-07-21
DISCK,DISCK.A^H14,2011-08-08,GJR-GARCH,0.2104961610419959,1.7582791195800744,,2011-07-21
DISCK,DISCK.A^H14,2011-08-09,EGARCH,0.1976712387850823,1.550552327096391,,2011-07-21
DISCK,DISCK.A^H14,2011-08-09,ESG-EGARCH,0.198548621388747,1.564347422832223,all,2011-07-21
DISCK,DISCK.A^H14,2011-08-09,ESG-EGARCH(E),0.198548621388747,1.5643474228322225,E,2011-07-21
DISCK,DISCK.A^H14,2011-08-09,ESG-EGARCH(G),0.198548621388747,1.5643474228322225,G,2011-07-21
DISCK,DISCK.A^H14,2011-08-09,ESG-EGARCH(S),0.198548621388747,1.5643474228322225,S,2011-07-21
DISCK,DISCK.A^H14,2011-08-09,ESG-GARCH,0.2066928308936916,1.6953145374146108,all,2011-07-21
DISCK,DISCK.A^H14,2011-08-09,ESG-GARCH(E),0.2066928308936915,1.6953145374146104,E,2011-07-21
DISCK,DISCK.A^H14,2011-08-09,ESG-GARCH(G),0.2066928308936915,1.69531453741461,G,2011-07-21
DISCK,DISCK.A^H14,2011-08-09,ESG-GARCH(S),0.2066928308936915,1.69531453741461,S,2011-07-21
DISCK,DISCK.A^H14,2011-08-09,ESG-GJR-GARCH,0.2103706873249959,1.7561835748250476,all,2011-07-21
DISCK,DISCK.A^H14,2011-08-09,ESG-GJR-GARCH(E),0.2103706873249959,1.7561835748250472,E,2011-07-21
DISCK,DISCK.A^H14,2011-08-09,ESG-GJR-GARCH(G),0.2103706873249959,1.7561835748250478,G,2011-07-21
DISCK,DISCK.A^H14,2011-08-09,ESG-GJR-GARCH(S),0.2103706873249959,1.7561835748250476,S,2011-07-21
DISCK,DISCK.A^H14,2011-08-09,GARCH,0.206695399728297,1.6953566773349396,,2011-07-21
DISCK,DISCK.A^H14,2011-08-09,GJR-GARCH,0.2104961610419959,1.7582791195800744,,2011-07-21
DISCK,DISCK.A^H14,2011-08-10,EGARCH,0.1976712387850823,1.550552327096391,,2011-07-21
DISCK,DISCK.A^H14,2011-08-10,ESG-EGARCH,0.198548621388747,1.564347422832223,all,2011-07-21
DISCK,DISCK.A^H14,2011-08-10,ESG-EGARCH(E),0.198548621388747,1.5643474228322225,E,2011-07-21
DISCK,DISCK.A^H14,2011-08-10,ESG-EGARCH(G),0.198548621388747,1.5643474228322225,G,2011-07-21
DISCK,DISCK.A^H14,2011-08-10,ESG-EGARCH(S),0.198548621388747,1.5643474228322225,S,2011-07-21
DISCK,DISCK.A^H14,2011-08-10,ESG-GARCH,0.2066928308936916,1.6953145374146108,all,2011-07-21
DISCK,DISCK.A^H14,2011-08-10,ESG-GARCH(E),0.2066928308936915,1.6953145374146104,E,2011-07-21
DISCK,DISCK.A^H14,2011-08-10,ESG-GARCH(G),0.2066928308936915,1.69531453741461,G,2011-07-21
DISCK,DISCK.A^H14,2011-08-10,ESG-GARCH(S),0.2066928308936915,1.69531453741461,S,2011-07-21
DISCK,DISCK.A^H14,2011-08-10,ESG-GJR-GARCH,0.2103706873249959,1.7561835748250476,all,2011-07-21
DISCK,DISCK.A^H14,2011-08-10,ESG-GJR-GARCH(E),0.2103706873249959,1.7561835748250472,E,2011-07-21
DISCK,DISCK.A^H14,2011-08-10,ESG-GJR-GARCH(G),0.2103706873249959,1.7561835748250478,G,2011-07-21
DISCK,DISCK.A^H14,2011-08-10,ESG-GJR-GARCH(S),0.2103706873249959,1.7561835748250476,S,2011-07-21
DISCK,DISCK.A^H14,2011-08-10,GARCH,0.206695399728297,1.6953566773349396,,2011-07-21
DISCK,DISCK.A^H14,2011-08-10,GJR-GARCH,0.2104961610419959,1.7582791195800744,,2011-07-21
DISCK,DISCK.A^H14,2011-08-11,EGARCH,0.1976712387850823,1.550552327096391,,2011-07-21
DISCK,DISCK.A^H14,2011-08-11,ESG-EGARCH,0.198548621388747,1.564347422832223,all,2011-07-21
DISCK,DISCK.A^H14,2011-08-11,ESG-EGARCH(E),0.198548621388747,1.5643474228322225,E,2011-07-21
DISCK,DISCK.A^H14,2011-08-11,ESG-EGARCH(G),0.198548621388747,1.5643474228322225,G,2011-07-21
DISCK,DISCK.A^H14,2011-08-11,ESG-EGARCH(S),0.198548621388747,1.5643474228322225,S,2011-07-21
DISCK,DISCK.A^H14,2011-08-11,ESG-GARCH,0.2066928308936916,1.6953145374146108,all,2011-07-21
DISCK,DISCK.A^H14,2011-08-11,ESG-GARCH(E),0.2066928308936915,1.6953145374146104,E,2011-07-21
DISCK,DISCK.A^H14,2011-08-11,ESG-GARCH(G),0.2066928308936915,1.69531453741461,G,2011-07-21
DISCK,DISCK.A^H14,2011-08-11,ESG-GARCH(S),0.2066928308936915,1.69531453741461,S,2011-07-21
DISCK,DISCK.A^H14,2011-08-11,ESG-GJR-GARCH,0.2103706873249959,1.7561835748250476,all,2011-07-21
DISCK,DISCK.A^H14,2011-08-11,ESG-GJR-GARCH(E),0.2103706873249959,1.7561835748250472,E,2011-07-21
DISCK,DISCK.A^H14,2011-08-11,ESG-GJR-GARCH(G),0.2103706873249959,1.7561835748250478,G,2011-07-21
DISCK,DISCK.A^H14,2011-08-11,ESG-GJR-GARCH(S),0.2103706873249959,1.7561835748250476,S,2011-07-21
DISCK,DISCK.A^H14,2011-08-11,GARCH,0.206695399728297,1.6953566773349396,,2011-07-21
DISCK,DISCK.A^H14,2011-08-11,GJR-GARCH,0.2104961610419959,1.7582791195800744,,2011-07-21
DISCK,DISCK.A^H14,2011-08-12,EGARCH,0.1976712387850823,1.550552327096391,,2011-07-21
DISCK,DISCK.A^H14,2011-08-12,ESG-EGARCH,0.198548621388747,1.564347422832223,all,2011-07-21
DISCK,DISCK.A^H14,2011-08-12,ESG-EGARCH(E),0.198548621388747,1.5643474228322225,E,2011-07-21
DISCK,DISCK.A^H14,2011-08-12,ESG-EGARCH(G),0.198548621388747,1.5643474228322225,G,2011-07-21
DISCK,DISCK.A^H14,2011-08-12,ESG-EGARCH(S),0.198548621388747,1.5643474228322225,S,2011-07-21
DISCK,DISCK.A^H14,2011-08-12,ESG-GARCH,0.2066928308936916,1.6953145374146108,all,2011-07-21
DISCK,DISCK.A^H14,2011-08-12,ESG-GARCH(E),0.2066928308936915,1.6953145374146104,E,2011-07-21
DISCK,DISCK.A^H14,2011-08-12,ESG-GARCH(G),0.2066928308936915,1.69531453741461,G,2011-07-21
DISCK,DISCK.A^H14,2011-08-12,ESG-GARCH(S),0.2066928308936915,1.69531453741461,S,2011-07-21
DISCK,DISCK.A^H14,2011-08-12,ESG-GJR-GARCH,0.2103706873249959,1.7561835748250476,all,2011-07-21
DISCK,DISCK.A^H14,2011-08-12,ESG-GJR-GARCH(E),0.2103706873249959,1.7561835748250472,E,2011-07-21
DISCK,DISCK.A^H14,2011-08-12,ESG-GJR-GARCH(G),0.2103706873249959,1.7561835748250478,G,2011-07-21
DISCK,DISCK.A^H14,2011-08-12,ESG-GJR-GARCH(S),0.2103706873249959,1.7561835748250476,S,2011-07-21
DISCK,DISCK.A^H14,2011-08-12,GARCH,0.206695399728297,1.6953566773349396,,2011-07-21
DISCK,DISCK.A^H14,2011-08-12,GJR-GARCH,0.2104961610419959,1.7582791195800744,,2011-07-21
DISCK,DISCK.A^H14,2011-08-15,EGARCH,0.1976712387850823,1.550552327096391,,2011-07-21
DISCK,DISCK.A^H14,2011-08-15,ESG-EGARCH,0.198548621388747,1.564347422832223,all,2011-07-21
DISCK,DISCK.A^H14,2011-08-15,ESG-EGARCH(E),0.198548621388747,1.5643474228322225,E,2011-07-21
DISCK,DISCK.A^H14,2011-08-15,ESG-EGARCH(G),0.198548621388747,1.5643474228322225,G,2011-07-21
DISCK,DISCK.A^H14,2011-08-15,ESG-EGARCH(S),0.198548621388747,1.5643474228322225,S,2011-07-21
DISCK,DISCK.A^H14,2011-08-15,ESG-GARCH,0.2066928308936916,1.6953145374146108,all,2011-07-21
DISCK,DISCK.A^H14,2011-08-15,ESG-GARCH(E),0.2066928308936915,1.6953145374146104,E,2011-07-21
DISCK,DISCK.A^H14,2011-08-15,ESG-GARCH(G),0.2066928308936915,1.69531453741461,G,2011-07-21
DISCK,DISCK.A^H14,2011-08-15,ESG-GARCH(S),0.2066928308936915,1.69531453741461,S,2011-07-21
DISCK,DISCK.A^H14,2011-08-15,ESG-GJR-GARCH,0.2103706873249959,1.7561835748250476,all,2011-07-21
DISCK,DISCK.A^H14,2011-08-15,ESG-GJR-GARCH(E),0.2103706873249959,1.7561835748250472,E,2011-07-21
DISCK,DISCK.A^H14,2011-08-15,ESG-GJR-GARCH(G),0.2103706873249959,1.7561835748250478,G,2011-07-21
DISCK,DISCK.A^H14,2011-08-15,ESG-GJR-GARCH(S),0.2103706873249959,1.7561835748250476,S,2011-07-21
DISCK,DISCK.A^H14,2011-08-15,GARCH,0.206695399728297,1.6953566773349396,,2011-07-21
DISCK,DISCK.A^H14,2011-08-15,GJR-GARCH,0.2104961610419959,1.7582791195800744,,2011-07-21
DISCK,DISCK.A^H14,2011-08-16,EGARCH,0.1976712387850823,1.550552327096391,,2011-07-21
DISCK,DISCK.A^H14,2011-08-16,ESG-EGARCH,0.198548621388747,1.564347422832223,all,2011-07-21
DISCK,DISCK.A^H14,2011-08-16,ESG-EGARCH(E),0.198548621388747,1.5643474228322225,E,2011-07-21
DISCK,DISCK.A^H14,2011-08-16,ESG-EGARCH(G),0.198548621388747,1.5643474228322225,G,2011-07-21
DISCK,DISCK.A^H14,2011-08-16,ESG-EGARCH(S),0.198548621388747,1.5643474228322225,S,2011-07-21
DISCK,DISCK.A^H14,2011-08-16,ESG-GARCH,0.2066928308936916,1.6953145374146108,all,2011-07-21
DISCK,DISCK.A^H14,2011-08-16,ESG-GARCH(E),0.2066928308936915,1.6953145374146104,E,2011-07-21
DISCK,DISCK.A^H14,2011-08-16,ESG-GARCH(G),0.2066928308936915,1.69531453741461,G,2011-07-21
DISCK,DISCK.A^H14,2011-08-16,ESG-GARCH(S),0.2066928308936915,1.69531453741461,S,2011-07-21
DISCK,DISCK.A^H14,2011-08-16,ESG-GJR-GARCH,0.2103706873249959,1.7561835748250476,all,2011-07-21
DISCK,DISCK.A^H14,2011-08-16,ESG-GJR-GARCH(E),0.2103706873249959,1.7561835748250472,E,2011-07-21
DISCK,DISCK.A^H14,2011-08-16,ESG-GJR-GARCH(G),0.2103706873249959,1.7561835748250478,G,2011-07-21
DISCK,DISCK.A^H14,2011-08-16,ESG-GJR-GARCH(S),0.2103706873249959,1.7561835748250476,S,2011-07-21
DISCK,DISCK.A^H14,2011-08-16,GARCH,0.206695399728297,1.6953566773349396,,2011-07-21
DISCK,DISCK.A^H14,2011-08-16,GJR-GARCH,0.2104961610419959,1.7582791195800744,,2011-07-21
DISCK,DISCK.A^H14,2011-08-17,EGARCH,0.1976712387850823,1.550552327096391,,2011-07-21
DISCK,DISCK.A^H14,2011-08-17,ESG-EGARCH,0.198548621388747,1.564347422832223,all,2011-07-21
DISCK,DISCK.A^H14,2011-08-17,ESG-EGARCH(E),0.198548621388747,1.5643474228322225,E,2011-07-21
DISCK,DISCK.A^H14,2011-08-17,ESG-EGARCH(G),0.198548621388747,1.5643474228322225,G,2011-07-21
DISCK,DISCK.A^H14,2011-08-17,ESG-EGARCH(S),0.198548621388747,1.5643474228322225,S,2011-07-21
DISCK,DISCK.A^H14,2011-08-17,ESG-GARCH,0.2066928308936916,1.6953145374146108,all,2011-07-21
DISCK,DISCK.A^H14,2011-08-17,ESG-GARCH(E),0.2066928308936915,1.6953145374146104,E,2011-07-21
DISCK,DISCK.A^H14,2011-08-17,ESG-GARCH(G),0.2066928308936915,1.69531453741461,G,2011-07-21
DISCK,DISCK.A^H14,2011-08-17,ESG-GARCH(S),0.2066928308936915,1.69531453741461,S,2011-07-21
DISCK,DISCK.A^H14,2011-08-17,ESG-GJR-GARCH,0.2103706873249959,1.7561835748250476,all,2011-07-21
DISCK,DISCK.A^H14,2011-08-17,ESG-GJR-GARCH(E),0.2103706873249959,1.7561835748250472,E,2011-07-21
DISCK,DISCK.A^H14,2011-08-17,ESG-GJR-GARCH(G),0.2103706873249959,1.7561835748250478,G,2011-07-21
DISCK,DISCK.A^H14,2011-08-17,ESG-GJR-GARCH(S),0.2103706873249959,1.7561835748250476,S,2011-07-21
DISCK,DISCK.A^H14,2011-08-17,GARCH,0.206695399728297,1.6953566773349396,,2011-07-21
DISCK,DISCK.A^H14,2011-08-17,GJR-GARCH,0.2104961610419959,1.7582791195800744,,2011-07-21
DISCK,DISCK.A^H14,2011-08-18,EGARCH,0.1976712387850823,1.550552327096391,,2011-07-21
DISCK,DISCK.A^H14,2011-08-18,ESG-EGARCH,0.198548621388747,1.564347422832223,all,2011-07-21
DISCK,DISCK.A^H14,2011-08-18,ESG-EGARCH(E),0.198548621388747,1.5643474228322225,E,2011-07-21
DISCK,DISCK.A^H14,2011-08-18,ESG-EGARCH(G),0.198548621388747,1.5643474228322225,G,2011-07-21
DISCK,DISCK.A^H14,2011-08-18,ESG-EGARCH(S),0.198548621388747,1.5643474228322225,S,2011-07-21
DISCK,DISCK.A^H14,2011-08-18,ESG-GARCH,0.2066928308936916,1.6953145374146108,all,2011-07-21
DISCK,DISCK.A^H14,2011-08-18,ESG-GARCH(E),0.2066928308936915,1.6953145374146104,E,2011-07-21
DISCK,DISCK.A^H14,2011-08-18,ESG-GARCH(G),0.2066928308936915,1.69531453741461,G,2011-07-21
DISCK,DISCK.A^H14,2011-08-18,ESG-GARCH(S),0.2066928308936915,1.69531453741461,S,2011-07-21
DISCK,DISCK.A^H14,2011-08-18,ESG-GJR-GARCH,0.2103706873249959,1.7561835748250476,all,2011-07-21
DISCK,DISCK.A^H14,2011-08-18,ESG-GJR-GARCH(E),0.2103706873249959,1.7561835748250472,E,2011-07-21
DISCK,DISCK.A^H14,2011-08-18,ESG-GJR-GARCH(G),0.2103706873249959,1.7561835748250478,G,2011-07-21
DISCK,DISCK.A^H14,2011-08-18,ESG-GJR-GARCH(S),0.2103706873249959,1.7561835748250476,S,2011-07-21
DISCK,DISCK.A^H14,2011-08-18,GARCH,0.206695399728297,1.6953566773349396,,2011-07-21
DISCK,DISCK.A^H14,2011-08-18,GJR-GARCH,0.2104961610419959,1.7582791195800744,,2011-07-21
DISCK,DISCK.A^H14,2011-08-19,EGARCH,0.1976712387850823,1.550552327096391,,2011-07-21
DISCK,DISCK.A^H14,2011-08-19,ESG-EGARCH,0.198548621388747,1.564347422832223,all,2011-07-21
DISCK,DISCK.A^H14,2011-08-19,ESG-EGARCH(E),0.198548621388747,1.5643474228322225,E,2011-07-21
DISCK,DISCK.A^H14,2011-08-19,ESG-EGARCH(G),0.198548621388747,1.5643474228322225,G,2011-07-21
DISCK,DISCK.A^H14,2011-08-19,ESG-EGARCH(S),0.198548621388747,1.5643474228322225,S,2011-07-21
DISCK,DISCK.A^H14,2011-08-19,ESG-GARCH,0.2066928308936916,1.6953145374146108,all,2011-07-21
DISCK,DISCK.A^H14,2011-08-19,ESG-GARCH(E),0.2066928308936915,1.6953145374146104,E,2011-07-21
DISCK,DISCK.A^H14,2011-08-19,ESG-GARCH(G),0.2066928308936915,1.69531453741461,G,2011-07-21
DISCK,DISCK.A^H14,2011-08-19,ESG-GARCH(S),0.2066928308936915,1.69531453741461,S,2011-07-21
DISCK,DISCK.A^H14,2011-08-19,ESG-GJR-GARCH,0.2103706873249959,1.7561835748250476,all,2011-07-21
DISCK,DISCK.A^H14,2011-08-19,ESG-GJR-GARCH(E),0.2103706873249959,1.7561835748250472,E,2011-07-21
DISCK,DISCK.A^H14,2011-08-19,ESG-GJR-GARCH(G),0.2103706873249959,1.7561835748250478,G,2011-07-21
DISCK,DISCK.A^H14,2011-08-19,ESG-GJR-GARCH(S),0.2103706873249959,1.7561835748250476,S,2011-07-21
DISCK,DISCK.A^H14,2011-08-19,GARCH,0.206695399728297,1.6953566773349396,,2011-07-21
DISCK,DISCK.A^H14,2011-08-19,GJR-GARCH,0.2104961610419959,1.7582791195800744,,2011-07-21
DISCK,DISCK.A^H14,2011-08-22,EGARCH,0.387320999453062,5.953077643544398,,2011-08-22
DISCK,DISCK.A^H14,2011-08-22,ESG-EGARCH,0.4231329461180463,7.104821035338787,all,2011-08-22
DISCK,DISCK.A^H14,2011-08-22,ESG-EGARCH(E),0.4231329461180466,7.104821035338798,E,2011-08-22
DISCK,DISCK.A^H14,2011-08-22,ESG-EGARCH(G),0.4231329461180466,7.104821035338797,G,2011-08-22
DISCK,DISCK.A^H14,2011-08-22,ESG-EGARCH(S),0.4231329461180462,7.1048210353387855,S,2011-08-22
DISCK,DISCK.A^H14,2011-08-22,ESG-GARCH,0.4897765310991112,9.519089302201536,all,2011-08-22
DISCK,DISCK.A^H14,2011-08-22,ESG-GARCH(E),0.4897765310991114,9.519089302201545,E,2011-08-22
DISCK,DISCK.A^H14,2011-08-22,ESG-GARCH(G),0.4897765310991114,9.519089302201545,G,2011-08-22
DISCK,DISCK.A^H14,2011-08-22,ESG-GARCH(S),0.4897765310991114,9.51908930220154,S,2011-08-22
DISCK,DISCK.A^H14,2011-08-22,ESG-GJR-GARCH,0.5364047344610295,11.417858696516175,all,2011-08-22
DISCK,DISCK.A^H14,2011-08-22,ESG-GJR-GARCH(E),0.5364047344610294,11.41785869651617,E,2011-08-22
DISCK,DISCK.A^H14,2011-08-22,ESG-GJR-GARCH(G),0.5364047344610291,11.417858696516156,G,2011-08-22
DISCK,DISCK.A^H14,2011-08-22,ESG-GJR-GARCH(S),0.5364047344610292,11.41785869651616,S,2011-08-22
DISCK,DISCK.A^H14,2011-08-22,GARCH,0.4628871736423645,8.502560933437163,,2011-08-22
DISCK,DISCK.A^H14,2011-08-22,GJR-GARCH,0.5165321282459349,10.587517440883923,,2011-08-22
DISCK,DISCK.A^H14,2011-08-23,EGARCH,0.387320999453062,5.953077643544398,,2011-08-22
DISCK,DISCK.A^H14,2011-08-23,ESG-EGARCH,0.4231329461180463,7.104821035338787,all,2011-08-22
DISCK,DISCK.A^H14,2011-08-23,ESG-EGARCH(E),0.4231329461180466,7.104821035338798,E,2011-08-22
DISCK,DISCK.A^H14,2011-08-23,ESG-EGARCH(G),0.4231329461180466,7.104821035338797,G,2011-08-22
DISCK,DISCK.A^H14,2011-08-23,ESG-EGARCH(S),0.4231329461180462,7.1048210353387855,S,2011-08-22
DISCK,DISCK.A^H14,2011-08-23,ESG-GARCH,0.4897765310991112,9.519089302201536,all,2011-08-22
DISCK,DISCK.A^H14,2011-08-23,ESG-GARCH(E),0.4897765310991114,9.519089302201545,E,2011-08-22
DISCK,DISCK.A^H14,2011-08-23,ESG-GARCH(G),0.4897765310991114,9.519089302201545,G,2011-08-22
DISCK,DISCK.A^H14,2011-08-23,ESG-GARCH(S),0.4897765310991114,9.51908930220154,S,2011-08-22
DISCK,DISCK.A^H14,2011-08-23,ESG-GJR-GARCH,0.5364047344610295,11.417858696516175,all,2011-08-22
DISCK,DISCK.A^H14,2011-08-23,ESG-GJR-GARCH(E),0.5364047344610294,11.41785869651617,E,2011-08-22
DISCK,DISCK.A^H14,2011-08-23,ESG-GJR-GARCH(G),0.5364047344610291,11.417858696516156,G,2011-08-22
DISCK,DISCK.A^H14,2011-08-23,ESG-GJR-GARCH(S),0.5364047344610292,11.41785869651616,S,2011-08-22
DISCK,DISCK.A^H14,2011-08-23,GARCH,0.4628871736423645,8.502560933437163,,2011-08-22
DISCK,DISCK.A^H14,2011-08-23,GJR-GARCH,0.5165321282459349,10.587517440883923,,2011-08-22
DISCK,DISCK.A^H14,2011-08-24,EGARCH,0.387320999453062,5.953077643544398,,2011-08-22
DISCK,DISCK.A^H14,2011-08-24,ESG-EGARCH,0.4231329461180463,7.104821035338787,all,2011-08-22
DISCK,DISCK.A^H14,2011-08-24,ESG-EGARCH(E),0.4231329461180466,7.104821035338798,E,2011-08-22
DISCK,DISCK.A^H14,2011-08-24,ESG-EGARCH(G),0.4231329461180466,7.104821035338797,G,2011-08-22
DISCK,DISCK.A^H14,2011-08-24,ESG-EGARCH(S),0.4231329461180462,7.1048210353387855,S,2011-08-22
DISCK,DISCK.A^H14,2011-08-24,ESG-GARCH,0.4897765310991112,9.519089302201536,all,2011-08-22
DISCK,DISCK.A^H14,2011-08-24,ESG-GARCH(E),0.4897765310991114,9.519089302201545,E,2011-08-22
DISCK,DISCK.A^H14,2011-08-24,ESG-GARCH(G),0.4897765310991114,9.519089302201545,G,2011-08-22
DISCK,DISCK.A^H14,2011-08-24,ESG-GARCH(S),0.4897765310991114,9.51908930220154,S,2011-08-22
DISCK,DISCK.A^H14,2011-08-24,ESG-GJR-GARCH,0.5364047344610295,11.417858696516175,all,2011-08-22
DISCK,DISCK.A^H14,2011-08-24,ESG-GJR-GARCH(E),0.5364047344610294,11.41785869651617,E,2011-08-22
DISCK,DISCK.A^H14,2011-08-24,ESG-GJR-GARCH(G),0.5364047344610291,11.417858696516156,G,2011-08-22
DISCK,DISCK.A^H14,2011-08-24,ESG-GJR-GARCH(S),0.5364047344610292,11.41785869651616,S,2011-08-22
DISCK,DISCK.A^H14,2011-08-24,GARCH,0.4628871736423645,8.502560933437163,,2011-08-22
DISCK,DISCK.A^H14,2011-08-24,GJR-GARCH,0.5165321282459349,10.587517440883923,,2011-08-22
DISCK,DISCK.A^H14,2011-08-25,EGARCH,0.387320999453062,5.953077643544398,,2011-08-22
DISCK,DISCK.A^H14,2011-08-25,ESG-EGARCH,0.4231329461180463,7.104821035338787,all,2011-08-22
DISCK,DISCK.A^H14,2011-08-25,ESG-EGARCH(E),0.4231329461180466,7.104821035338798,E,2011-08-22
DISCK,DISCK.A^H14,2011-08-25,ESG-EGARCH(G),0.4231329461180466,7.104821035338797,G,2011-08-22
DISCK,DISCK.A^H14,2011-08-25,ESG-EGARCH(S),0.4231329461180462,7.1048210353387855,S,2011-08-22
DISCK,DISCK.A^H14,2011-08-25,ESG-GARCH,0.4897765310991112,9.519089302201536,all,2011-08-22
DISCK,DISCK.A^H14,2011-08-25,ESG-GARCH(E),0.4897765310991114,9.519089302201545,E,2011-08-22
DISCK,DISCK.A^H14,2011-08-25,ESG-GARCH(G),0.4897765310991114,9.519089302201545,G,2011-08-22
DISCK,DISCK.A^H14,2011-08-25,ESG-GARCH(S),0.4897765310991114,9.51908930220154,S,2011-08-22
DISCK,DISCK.A^H14,2011-08-25,ESG-GJR-GARCH,0.5364047344610295,11.417858696516175,all,2011-08-22
DISCK,DISCK.A^H14,2011-08-25,ESG-GJR-GARCH(E),0.5364047344610294,11.41785869651617,E,2011-08-22
DISCK,DISCK.A^H14,2011-08-25,ESG-GJR-GARCH(G),0.5364047344610291,11.417858696516156,G,2011-08-22
DISCK,DISCK.A^H14,2011-08-25,ESG-GJR-GARCH(S),0.5364047344610292,11.41785869651616,S,2011-08-22
DISCK,DISCK.A^H14,2011-08-25,GARCH,0.4628871736423645,8.502560933437163,,2011-08-22
DISCK,DISCK.A^H14,2011-08-25,GJR-GARCH,0.5165321282459349,10.587517440883923,,2011-08-22
DISCK,DISCK.A^H14,2011-08-26,EGARCH,0.387320999453062,5.953077643544398,,2011-08-22
DISCK,DISCK.A^H14,2011-08-26,ESG-EGARCH,0.4231329461180463,7.104821035338787,all,2011-08-22
DISCK,DISCK.A^H14,2011-08-26,ESG-EGARCH(E),0.4231329461180466,7.104821035338798,E,2011-08-22
DISCK,DISCK.A^H14,2011-08-26,ESG-EGARCH(G),0.4231329461180466,7.104821035338797,G,2011-08-22
DISCK,DISCK.A^H14,2011-08-26,ESG-EGARCH(S),0.4231329461180462,7.1048210353387855,S,2011-08-22
DISCK,DISCK.A^H14,2011-08-26,ESG-GARCH,0.4897765310991112,9.519089302201536,all,2011-08-22
DISCK,DISCK.A^H14,2011-08-26,ESG-GARCH(E),0.4897765310991114,9.519089302201545,E,2011-08-22
DISCK,DISCK.A^H14,2011-08-26,ESG-GARCH(G),0.4897765310991114,9.519089302201545,G,2011-08-22
DISCK,DISCK.A^H14,2011-08-26,ESG-GARCH(S),0.4897765310991114,9.51908930220154,S,2011-08-22
DISCK,DISCK.A^H14,2011-08-26,ESG-GJR-GARCH,0.5364047344610295,11.417858696516175,all,2011-08-22
DISCK,DISCK.A^H14,2011-08-26,ESG-GJR-GARCH(E),0.5364047344610294,11.41785869651617,E,2011-08-22
DISCK,DISCK.A^H14,2011-08-26,ESG-GJR-GARCH(G),0.5364047344610291,11.417858696516156,G,2011-08-22
DISCK,DISCK.A^H14,2011-08-26,ESG-GJR-GARCH(S),0.5364047344610292,11.41785869651616,S,2011-08-22
DISCK,DISCK.A^H14,2011-08-26,GARCH,0.4628871736423645,8.502560933437163,,2011-08-22
DISCK,DISCK.A^H14,2011-08-26,GJR-GARCH,0.5165321282459349,10.587517440883923,,2011-08-22
DISCK,DISCK.A^H14,2011-08-29,EGARCH,0.387320999453062,5.953077643544398,,2011-08-22
DISCK,DISCK.A^H14,2011-08-29,ESG-EGARCH,0.4231329461180463,7.104821035338787,all,2011-08-22
DISCK,DISCK.A^H14,2011-08-29,ESG-EGARCH(E),0.4231329461180466,7.104821035338798,E,2011-08-22
DISCK,DISCK.A^H14,2011-08-29,ESG-EGARCH(G),0.4231329461180466,7.104821035338797,G,2011-08-22
DISCK,DISCK.A^H14,2011-08-29,ESG-EGARCH(S),0.4231329461180462,7.1048210353387855,S,2011-08-22
DISCK,DISCK.A^H14,2011-08-29,ESG-GARCH,0.4897765310991112,9.519089302201536,all,2011-08-22
DISCK,DISCK.A^H14,2011-08-29,ESG-GARCH(E),0.4897765310991114,9.519089302201545,E,2011-08-22
DISCK,DISCK.A^H14,2011-08-29,ESG-GARCH(G),0.4897765310991114,9.519089302201545,G,2011-08-22
DISCK,DISCK.A^H14,2011-08-29,ESG-GARCH(S),0.4897765310991114,9.51908930220154,S,2011-08-22
DISCK,DISCK.A^H14,2011-08-29,ESG-GJR-GARCH,0.5364047344610295,11.417858696516175,all,2011-08-22
DISCK,DISCK.A^H14,2011-08-29,ESG-GJR-GARCH(E),0.5364047344610294,11.41785869651617,E,2011-08-22
DISCK,DISCK.A^H14,2011-08-29,ESG-GJR-GARCH(G),0.5364047344610291,11.417858696516156,G,2011-08-22
DISCK,DISCK.A^H14,2011-08-29,ESG-GJR-GARCH(S),0.5364047344610292,11.41785869651616,S,2011-08-22
DISCK,DISCK.A^H14,2011-08-29,GARCH,0.4628871736423645,8.502560933437163,,2011-08-22
DISCK,DISCK.A^H14,2011-08-29,GJR-GARCH,0.5165321282459349,10.587517440883923,,2011-08-22
DISCK,DISCK.A^H14,2011-08-30,EGARCH,0.387320999453062,5.953077643544398,,2011-08-22
DISCK,DISCK.A^H14,2011-08-30,ESG-EGARCH,0.4231329461180463,7.104821035338787,all,2011-08-22
DISCK,DISCK.A^H14,2011-08-30,ESG-EGARCH(E),0.4231329461180466,7.104821035338798,E,2011-08-22
DISCK,DISCK.A^H14,2011-08-30,ESG-EGARCH(G),0.4231329461180466,7.104821035338797,G,2011-08-22
DISCK,DISCK.A^H14,2011-08-30,ESG-EGARCH(S),0.4231329461180462,7.1048210353387855,S,2011-08-22
DISCK,DISCK.A^H14,2011-08-30,ESG-GARCH,0.4897765310991112,9.519089302201536,all,2011-08-22
DISCK,DISCK.A^H14,2011-08-30,ESG-GARCH(E),0.4897765310991114,9.519089302201545,E,2011-08-22
DISCK,DISCK.A^H14,2011-08-30,ESG-GARCH(G),0.4897765310991114,9.519089302201545,G,2011-08-22
DISCK,DISCK.A^H14,2011-08-30,ESG-GARCH(S),0.4897765310991114,9.51908930220154,S,2011-08-22
DISCK,DISCK.A^H14,2011-08-30,ESG-GJR-GARCH,0.5364047344610295,11.417858696516175,all,2011-08-22
DISCK,DISCK.A^H14,2011-08-30,ESG-GJR-GARCH(E),0.5364047344610294,11.41785869651617,E,2011-08-22
DISCK,DISCK.A^H14,2011-08-30,ESG-GJR-GARCH(G),0.5364047344610291,11.417858696516156,G,2011-08-22
DISCK,DISCK.A^H14,2011-08-30,ESG-GJR-GARCH(S),0.5364047344610292,11.41785869651616,S,2011-08-22
DISCK,DISCK.A^H14,2011-08-30,GARCH,0.4628871736423645,8.502560933437163,,2011-08-22
DISCK,DISCK.A^H14,2011-08-30,GJR-GARCH,0.5165321282459349,10.587517440883923,,2011-08-22
DISCK,DISCK.A^H14,2011-08-31,EGARCH,0.387320999453062,5.953077643544398,,2011-08-22
DISCK,DISCK.A^H14,2011-08-31,ESG-EGARCH,0.4231329461180463,7.104821035338787,all,2011-08-22
DISCK,DISCK.A^H14,2011-08-31,ESG-EGARCH(E),0.4231329461180466,7.104821035338798,E,2011-08-22
DISCK,DISCK.A^H14,2011-08-31,ESG-EGARCH(G),0.4231329461180466,7.104821035338797,G,2011-08-22
DISCK,DISCK.A^H14,2011-08-31,ESG-EGARCH(S),0.4231329461180462,7.1048210353387855,S,2011-08-22
DISCK,DISCK.A^H14,2011-08-31,ESG-GARCH,0.4897765310991112,9.519089302201536,all,2011-08-22
DISCK,DISCK.A^H14,2011-08-31,ESG-GARCH(E),0.4897765310991114,9.519089302201545,E,2011-08-22
DISCK,DISCK.A^H14,2011-08-31,ESG-GARCH(G),0.4897765310991114,9.519089302201545,G,2011-08-22
DISCK,DISCK.A^H14,2011-08-31,ESG-GARCH(S),0.4897765310991114,9.51908930220154,S,2011-08-22
DISCK,DISCK.A^H14,2011-08-31,ESG-GJR-GARCH,0.5364047344610295,11.417858696516175,all,2011-08-22
DISCK,DISCK.A^H14,2011-08-31,ESG-GJR-GARCH(E),0.5364047344610294,11.41785869651617,E,2011-08-22
DISCK,DISCK.A^H14,2011-08-31,ESG-GJR-GARCH(G),0.5364047344610291,11.417858696516156,G,2011-08-22
DISCK,DISCK.A^H14,2011-08-31,ESG-GJR-GARCH(S),0.5364047344610292,11.41785869651616,S,2011-08-22
DISCK,DISCK.A^H14,2011-08-31,GARCH,0.4628871736423645,8.502560933437163,,2011-08-22
DISCK,DISCK.A^H14,2011-08-31,GJR-GARCH,0.5165321282459349,10.587517440883923,,2011-08-22
DISCK,DISCK.A^H14,2011-09-01,EGARCH,0.387320999453062,5.953077643544398,,2011-08-22
DISCK,DISCK.A^H14,2011-09-01,ESG-EGARCH,0.4231329461180463,7.104821035338787,all,2011-08-22
DISCK,DISCK.A^H14,2011-09-01,ESG-EGARCH(E),0.4231329461180466,7.104821035338798,E,2011-08-22
DISCK,DISCK.A^H14,2011-09-01,ESG-EGARCH(G),0.4231329461180466,7.104821035338797,G,2011-08-22
DISCK,DISCK.A^H14,2011-09-01,ESG-EGARCH(S),0.4231329461180462,7.1048210353387855,S,2011-08-22
DISCK,DISCK.A^H14,2011-09-01,ESG-GARCH,0.4897765310991112,9.519089302201536,all,2011-08-22
DISCK,DISCK.A^H14,2011-09-01,ESG-GARCH(E),0.4897765310991114,9.519089302201545,E,2011-08-22
DISCK,DISCK.A^H14,2011-09-01,ESG-GARCH(G),0.4897765310991114,9.519089302201545,G,2011-08-22
DISCK,DISCK.A^H14,2011-09-01,ESG-GARCH(S),0.4897765310991114,9.51908930220154,S,2011-08-22
DISCK,DISCK.A^H14,2011-09-01,ESG-GJR-GARCH,0.5364047344610295,11.417858696516175,all,2011-08-22
DISCK,DISCK.A^H14,2011-09-01,ESG-GJR-GARCH(E),0.5364047344610294,11.41785869651617,E,2011-08-22
DISCK,DISCK.A^H14,2011-09-01,ESG-GJR-GARCH(G),0.5364047344610291,11.417858696516156,G,2011-08-22
DISCK,DISCK.A^H14,2011-09-01,ESG-GJR-GARCH(S),0.5364047344610292,11.41785869651616,S,2011-08-22
DISCK,DISCK.A^H14,2011-09-01,GARCH,0.4628871736423645,8.502560933437163,,2011-08-22
DISCK,DISCK.A^H14,2011-09-01,GJR-GARCH,0.5165321282459349,10.587517440883923,,2011-08-22
DISCK,DISCK.A^H14,2011-09-02,EGARCH,0.387320999453062,5.953077643544398,,2011-08-22
DISCK,DISCK.A^H14,2011-09-02,ESG-EGARCH,0.4231329461180463,7.104821035338787,all,2011-08-22
DISCK,DISCK.A^H14,2011-09-02,ESG-EGARCH(E),0.4231329461180466,7.104821035338798,E,2011-08-22
DISCK,DISCK.A^H14,2011-09-02,ESG-EGARCH(G),0.4231329461180466,7.104821035338797,G,2011-08-22
DISCK,DISCK.A^H14,2011-09-02,ESG-EGARCH(S),0.4231329461180462,7.1048210353387855,S,2011-08-22
DISCK,DISCK.A^H14,2011-09-02,ESG-GARCH,0.4897765310991112,9.519089302201536,all,2011-08-22
DISCK,DISCK.A^H14,2011-09-02,ESG-GARCH(E),0.4897765310991114,9.519089302201545,E,2011-08-22
DISCK,DISCK.A^H14,2011-09-02,ESG-GARCH(G),0.4897765310991114,9.519089302201545,G,2011-08-22
DISCK,DISCK.A^H14,2011-09-02,ESG-GARCH(S),0.4897765310991114,9.51908930220154,S,2011-08-22
DISCK,DISCK.A^H14,2011-09-02,ESG-GJR-GARCH,0.5364047344610295,11.417858696516175,all,2011-08-22
DISCK,DISCK.A^H14,2011-09-02,ESG-GJR-GARCH(E),0.5364047344610294,11.41785869651617,E,2011-08-22
DISCK,DISCK.A^H14,2011-09-02,ESG-GJR-GARCH(G),0.5364047344610291,11.417858696516156,G,2011-08-22
DISCK,DISCK.A^H14,2011-09-02,ESG-GJR-GARCH(S),0.5364047344610292,11.41785869651616,S,2011-08-22
DISCK,DISCK.A^H14,2011-09-02,GARCH,0.4628871736423645,8.502560933437163,,2011-08-22
DISCK,DISCK.A^H14,2011-09-02,GJR-GARCH,0.5165321282459349,10.587517440883923,,2011-08-22
DISCK,DISCK.A^H14,2011-09-06,EGARCH,0.387320999453062,5.953077643544398,,2011-08-22
DISCK,DISCK.A^H14,2011-09-06,ESG-EGARCH,0.4231329461180463,7.104821035338787,all,2011-08-22
DISCK,DISCK.A^H14,2011-09-06,ESG-EGARCH(E),0.4231329461180466,7.104821035338798,E,2011-08-22
DISCK,DISCK.A^H14,2011-09-06,ESG-EGARCH(G),0.4231329461180466,7.104821035338797,G,2011-08-22
DISCK,DISCK.A^H14,2011-09-06,ESG-EGARCH(S),0.4231329461180462,7.1048210353387855,S,2011-08-22
DISCK,DISCK.A^H14,2011-09-06,ESG-GARCH,0.4897765310991112,9.519089302201536,all,2011-08-22
DISCK,DISCK.A^H14,2011-09-06,ESG-GARCH(E),0.4897765310991114,9.519089302201545,E,2011-08-22
DISCK,DISCK.A^H14,2011-09-06,ESG-GARCH(G),0.4897765310991114,9.519089302201545,G,2011-08-22
DISCK,DISCK.A^H14,2011-09-06,ESG-GARCH(S),0.4897765310991114,9.51908930220154,S,2011-08-22
DISCK,DISCK.A^H14,2011-09-06,ESG-GJR-GARCH,0.5364047344610295,11.417858696516175,all,2011-08-22
DISCK,DISCK.A^H14,2011-09-06,ESG-GJR-GARCH(E),0.5364047344610294,11.41785869651617,E,2011-08-22
DISCK,DISCK.A^H14,2011-09-06,ESG-GJR-GARCH(G),0.5364047344610291,11.417858696516156,G,2011-08-22
DISCK,DISCK.A^H14,2011-09-06,ESG-GJR-GARCH(S),0.5364047344610292,11.41785869651616,S,2011-08-22
DISCK,DISCK.A^H14,2011-09-06,GARCH,0.4628871736423645,8.502560933437163,,2011-08-22
DISCK,DISCK.A^H14,2011-09-06,GJR-GARCH,0.5165321282459349,10.587517440883923,,2011-08-22
DISCK,DISCK.A^H14,2011-09-07,EGARCH,0.387320999453062,5.953077643544398,,2011-08-22
DISCK,DISCK.A^H14,2011-09-07,ESG-EGARCH,0.4231329461180463,7.104821035338787,all,2011-08-22
DISCK,DISCK.A^H14,2011-09-07,ESG-EGARCH(E),0.4231329461180466,7.104821035338798,E,2011-08-22
DISCK,DISCK.A^H14,2011-09-07,ESG-EGARCH(G),0.4231329461180466,7.104821035338797,G,2011-08-22
DISCK,DISCK.A^H14,2011-09-07,ESG-EGARCH(S),0.4231329461180462,7.1048210353387855,S,2011-08-22
DISCK,DISCK.A^H14,2011-09-07,ESG-GARCH,0.4897765310991112,9.519089302201536,all,2011-08-22
DISCK,DISCK.A^H14,2011-09-07,ESG-GARCH(E),0.4897765310991114,9.519089302201545,E,2011-08-22
DISCK,DISCK.A^H14,2011-09-07,ESG-GARCH(G),0.4897765310991114,9.519089302201545,G,2011-08-22
DISCK,DISCK.A^H14,2011-09-07,ESG-GARCH(S),0.4897765310991114,9.51908930220154,S,2011-08-22
DISCK,DISCK.A^H14,2011-09-07,ESG-GJR-GARCH,0.5364047344610295,11.417858696516175,all,2011-08-22
DISCK,DISCK.A^H14,2011-09-07,ESG-GJR-GARCH(E),0.5364047344610294,11.41785869651617,E,2011-08-22
DISCK,DISCK.A^H14,2011-09-07,ESG-GJR-GARCH(G),0.5364047344610291,11.417858696516156,G,2011-08-22
DISCK,DISCK.A^H14,2011-09-07,ESG-GJR-GARCH(S),0.5364047344610292,11.41785869651616,S,2011-08-22
DISCK,DISCK.A^H14,2011-09-07,GARCH,0.4628871736423645,8.502560933437163,,2011-08-22
DISCK,DISCK.A^H14,2011-09-07,GJR-GARCH,0.5165321282459349,10.587517440883923,,2011-08-22
DISCK,DISCK.A^H14,2011-09-08,EGARCH,0.387320999453062,5.953077643544398,,2011-08-22
DISCK,DISCK.A^H14,2011-09-08,ESG-EGARCH,0.4231329461180463,7.104821035338787,all,2011-08-22
DISCK,DISCK.A^H14,2011-09-08,ESG-EGARCH(E),0.4231329461180466,7.104821035338798,E,2011-08-22
DISCK,DISCK.A^H14,2011-09-08,ESG-EGARCH(G),0.4231329461180466,7.104821035338797,G,2011-08-22
DISCK,DISCK.A^H14,2011-09-08,ESG-EGARCH(S),0.4231329461180462,7.1048210353387855,S,2011-08-22
DISCK,DISCK.A^H14,2011-09-08,ESG-GARCH,0.4897765310991112,9.519089302201536,all,2011-08-22
DISCK,DISCK.A^H14,2011-09-08,ESG-GARCH(E),0.4897765310991114,9.519089302201545,E,2011-08-22
DISCK,DISCK.A^H14,2011-09-08,ESG-GARCH(G),0.4897765310991114,9.519089302201545,G,2011-08-22
DISCK,DISCK.A^H14,2011-09-08,ESG-GARCH(S),0.4897765310991114,9.51908930220154,S,2011-08-22
DISCK,DISCK.A^H14,2011-09-08,ESG-GJR-GARCH,0.5364047344610295,11.417858696516175,all,2011-08-22
DISCK,DISCK.A^H14,2011-09-08,ESG-GJR-GARCH(E),0.5364047344610294,11.41785869651617,E,2011-08-22
DISCK,DISCK.A^H14,2011-09-08,ESG-GJR-GARCH(G),0.5364047344610291,11.417858696516156,G,2011-08-22
DISCK,DISCK.A^H14,2011-09-08,ESG-GJR-GARCH(S),0.5364047344610292,11.41785869651616,S,2011-08-22
DISCK,DISCK.A^H14,2011-09-08,GARCH,0.4628871736423645,8.502560933437163,,2011-08-22
DISCK,DISCK.A^H14,2011-09-08,GJR-GARCH,0.5165321282459349,10.587517440883923,,2011-08-22
DISCK,DISCK.A^H14,2011-09-09,EGARCH,0.387320999453062,5.953077643544398,,2011-08-22
DISCK,DISCK.A^H14,2011-09-09,ESG-EGARCH,0.4231329461180463,7.104821035338787,all,2011-08-22
DISCK,DISCK.A^H14,2011-09-09,ESG-EGARCH(E),0.4231329461180466,7.104821035338798,E,2011-08-22
DISCK,DISCK.A^H14,2011-09-09,ESG-EGARCH(G),0.4231329461180466,7.104821035338797,G,2011-08-22
DISCK,DISCK.A^H14,2011-09-09,ESG-EGARCH(S),0.4231329461180462,7.1048210353387855,S,2011-08-22
DISCK,DISCK.A^H14,2011-09-09,ESG-GARCH,0.4897765310991112,9.519089302201536,all,2011-08-22
DISCK,DISCK.A^H14,2011-09-09,ESG-GARCH(E),0.4897765310991114,9.519089302201545,E,2011-08-22
DISCK,DISCK.A^H14,2011-09-09,ESG-GARCH(G),0.4897765310991114,9.519089302201545,G,2011-08-22
DISCK,DISCK.A^H14,2011-09-09,ESG-GARCH(S),0.4897765310991114,9.51908930220154,S,2011-08-22
DISCK,DISCK.A^H14,2011-09-09,ESG-GJR-GARCH,0.5364047344610295,11.417858696516175,all,2011-08-22
DISCK,DISCK.A^H14,2011-09-09,ESG-GJR-GARCH(E),0.5364047344610294,11.41785869651617,E,2011-08-22
DISCK,DISCK.A^H14,2011-09-09,ESG-GJR-GARCH(G),0.5364047344610291,11.417858696516156,G,2011-08-22
DISCK,DISCK.A^H14,2011-09-09,ESG-GJR-GARCH(S),0.5364047344610292,11.41785869651616,S,2011-08-22
DISCK,DISCK.A^H14,2011-09-09,GARCH,0.4628871736423645,8.502560933437163,,2011-08-22
DISCK,DISCK.A^H14,2011-09-09,GJR-GARCH,0.5165321282459349,10.587517440883923,,2011-08-22
DISCK,DISCK.A^H14,2011-09-12,EGARCH,0.387320999453062,5.953077643544398,,2011-08-22
DISCK,DISCK.A^H14,2011-09-12,ESG-EGARCH,0.4231329461180463,7.104821035338787,all,2011-08-22
DISCK,DISCK.A^H14,2011-09-12,ESG-EGARCH(E),0.4231329461180466,7.104821035338798,E,2011-08-22
DISCK,DISCK.A^H14,2011-09-12,ESG-EGARCH(G),0.4231329461180466,7.104821035338797,G,2011-08-22
DISCK,DISCK.A^H14,2011-09-12,ESG-EGARCH(S),0.4231329461180462,7.1048210353387855,S,2011-08-22
DISCK,DISCK.A^H14,2011-09-12,ESG-GARCH,0.4897765310991112,9.519089302201536,all,2011-08-22
DISCK,DISCK.A^H14,2011-09-12,ESG-GARCH(E),0.4897765310991114,9.519089302201545,E,2011-08-22
DISCK,DISCK.A^H14,2011-09-12,ESG-GARCH(G),0.4897765310991114,9.519089302201545,G,2011-08-22
DISCK,DISCK.A^H14,2011-09-12,ESG-GARCH(S),0.4897765310991114,9.51908930220154,S,2011-08-22
DISCK,DISCK.A^H14,2011-09-12,ESG-GJR-GARCH,0.5364047344610295,11.417858696516175,all,2011-08-22
DISCK,DISCK.A^H14,2011-09-12,ESG-GJR-GARCH(E),0.5364047344610294,11.41785869651617,E,2011-08-22
DISCK,DISCK.A^H14,2011-09-12,ESG-GJR-GARCH(G),0.5364047344610291,11.417858696516156,G,2011-08-22
DISCK,DISCK.A^H14,2011-09-12,ESG-GJR-GARCH(S),0.5364047344610292,11.41785869651616,S,2011-08-22
DISCK,DISCK.A^H14,2011-09-12,GARCH,0.4628871736423645,8.502560933437163,,2011-08-22
DISCK,DISCK.A^H14,2011-09-12,GJR-GARCH,0.5165321282459349,10.587517440883923,,2011-08-22
DISCK,DISCK.A^H14,2011-09-13,EGARCH,0.387320999453062,5.953077643544398,,2011-08-22
DISCK,DISCK.A^H14,2011-09-13,ESG-EGARCH,0.4231329461180463,7.104821035338787,all,2011-08-22
DISCK,DISCK.A^H14,2011-09-13,ESG-EGARCH(E),0.4231329461180466,7.104821035338798,E,2011-08-22
DISCK,DISCK.A^H14,2011-09-13,ESG-EGARCH(G),0.4231329461180466,7.104821035338797,G,2011-08-22
DISCK,DISCK.A^H14,2011-09-13,ESG-EGARCH(S),0.4231329461180462,7.1048210353387855,S,2011-08-22
DISCK,DISCK.A^H14,2011-09-13,ESG-GARCH,0.4897765310991112,9.519089302201536,all,2011-08-22
DISCK,DISCK.A^H14,2011-09-13,ESG-GARCH(E),0.4897765310991114,9.519089302201545,E,2011-08-22
DISCK,DISCK.A^H14,2011-09-13,ESG-GARCH(G),0.4897765310991114,9.519089302201545,G,2011-08-22
DISCK,DISCK.A^H14,2011-09-13,ESG-GARCH(S),0.4897765310991114,9.51908930220154,S,2011-08-22
DISCK,DISCK.A^H14,2011-09-13,ESG-GJR-GARCH,0.5364047344610295,11.417858696516175,all,2011-08-22
DISCK,DISCK.A^H14,2011-09-13,ESG-GJR-GARCH(E),0.5364047344610294,11.41785869651617,E,2011-08-22
DISCK,DISCK.A^H14,2011-09-13,ESG-GJR-GARCH(G),0.5364047344610291,11.417858696516156,G,2011-08-22
DISCK,DISCK.A^H14,2011-09-13,ESG-GJR-GARCH(S),0.5364047344610292,11.41785869651616,S,2011-08-22
DISCK,DISCK.A^H14,2011-09-13,GARCH,0.4628871736423645,8.502560933437163,,2011-08-22
DISCK,DISCK.A^H14,2011-09-13,GJR-GARCH,0.5165321282459349,10.587517440883923,,2011-08-22
DISCK,DISCK.A^H14,2011-09-14,EGARCH,0.387320999453062,5.953077643544398,,2011-08-22
DISCK,DISCK.A^H14,2011-09-14,ESG-EGARCH,0.4231329461180463,7.104821035338787,all,2011-08-22
DISCK,DISCK.A^H14,2011-09-14,ESG-EGARCH(E),0.4231329461180466,7.104821035338798,E,2011-08-22
DISCK,DISCK.A^H14,2011-09-14,ESG-EGARCH(G),0.4231329461180466,7.104821035338797,G,2011-08-22
DISCK,DISCK.A^H14,2011-09-14,ESG-EGARCH(S),0.4231329461180462,7.1048210353387855,S,2011-08-22
DISCK,DISCK.A^H14,2011-09-14,ESG-GARCH,0.4897765310991112,9.519089302201536,all,2011-08-22
DISCK,DISCK.A^H14,2011-09-14,ESG-GARCH(E),0.4897765310991114,9.519089302201545,E,2011-08-22
DISCK,DISCK.A^H14,2011-09-14,ESG-GARCH(G),0.4897765310991114,9.519089302201545,G,2011-08-22
DISCK,DISCK.A^H14,2011-09-14,ESG-GARCH(S),0.4897765310991114,9.51908930220154,S,2011-08-22
DISCK,DISCK.A^H14,2011-09-14,ESG-GJR-GARCH,0.5364047344610295,11.417858696516175,all,2011-08-22
DISCK,DISCK.A^H14,2011-09-14,ESG-GJR-GARCH(E),0.5364047344610294,11.41785869651617,E,2011-08-22
DISCK,DISCK.A^H14,2011-09-14,ESG-GJR-GARCH(G),0.5364047344610291,11.417858696516156,G,2011-08-22
DISCK,DISCK.A^H14,2011-09-14,ESG-GJR-GARCH(S),0.5364047344610292,11.41785869651616,S,2011-08-22
DISCK,DISCK.A^H14,2011-09-14,GARCH,0.4628871736423645,8.502560933437163,,2011-08-22
DISCK,DISCK.A^H14,2011-09-14,GJR-GARCH,0.5165321282459349,10.587517440883923,,2011-08-22
DISCK,DISCK.A^H14,2011-09-15,EGARCH,0.387320999453062,5.953077643544398,,2011-08-22
DISCK,DISCK.A^H14,2011-09-15,ESG-EGARCH,0.4231329461180463,7.104821035338787,all,2011-08-22
DISCK,DISCK.A^H14,2011-09-15,ESG-EGARCH(E),0.4231329461180466,7.104821035338798,E,2011-08-22
DISCK,DISCK.A^H14,2011-09-15,ESG-EGARCH(G),0.4231329461180466,7.104821035338797,G,2011-08-22
DISCK,DISCK.A^H14,2011-09-15,ESG-EGARCH(S),0.4231329461180462,7.1048210353387855,S,2011-08-22
DISCK,DISCK.A^H14,2011-09-15,ESG-GARCH,0.4897765310991112,9.519089302201536,all,2011-08-22
DISCK,DISCK.A^H14,2011-09-15,ESG-GARCH(E),0.4897765310991114,9.519089302201545,E,2011-08-22
DISCK,DISCK.A^H14,2011-09-15,ESG-GARCH(G),0.4897765310991114,9.519089302201545,G,2011-08-22
DISCK,DISCK.A^H14,2011-09-15,ESG-GARCH(S),0.4897765310991114,9.51908930220154,S,2011-08-22
DISCK,DISCK.A^H14,2011-09-15,ESG-GJR-GARCH,0.5364047344610295,11.417858696516175,all,2011-08-22
DISCK,DISCK.A^H14,2011-09-15,ESG-GJR-GARCH(E),0.5364047344610294,11.41785869651617,E,2011-08-22
DISCK,DISCK.A^H14,2011-09-15,ESG-GJR-GARCH(G),0.5364047344610291,11.417858696516156,G,2011-08-22
DISCK,DISCK.A^H14,2011-09-15,ESG-GJR-GARCH(S),0.5364047344610292,11.41785869651616,S,2011-08-22
DISCK,DISCK.A^H14,2011-09-15,GARCH,0.4628871736423645,8.502560933437163,,2011-08-22
DISCK,DISCK.A^H14,2011-09-15,GJR-GARCH,0.5165321282459349,10.587517440883923,,2011-08-22
DISCK,DISCK.A^H14,2011-09-16,EGARCH,0.387320999453062,5.953077643544398,,2011-08-22
DISCK,DISCK.A^H14,2011-09-16,ESG-EGARCH,0.4231329461180463,7.104821035338787,all,2011-08-22
DISCK,DISCK.A^H14,2011-09-16,ESG-EGARCH(E),0.4231329461180466,7.104821035338798,E,2011-08-22
DISCK,DISCK.A^H14,2011-09-16,ESG-EGARCH(G),0.4231329461180466,7.104821035338797,G,2011-08-22
DISCK,DISCK.A^H14,2011-09-16,ESG-EGARCH(S),0.4231329461180462,7.1048210353387855,S,2011-08-22
DISCK,DISCK.A^H14,2011-09-16,ESG-GARCH,0.4897765310991112,9.519089302201536,all,2011-08-22
DISCK,DISCK.A^H14,2011-09-16,ESG-GARCH(E),0.4897765310991114,9.519089302201545,E,2011-08-22
DISCK,DISCK.A^H14,2011-09-16,ESG-GARCH(G),0.4897765310991114,9.519089302201545,G,2011-08-22
DISCK,DISCK.A^H14,2011-09-16,ESG-GARCH(S),0.4897765310991114,9.51908930220154,S,2011-08-22
DISCK,DISCK.A^H14,2011-09-16,ESG-GJR-GARCH,0.5364047344610295,11.417858696516175,all,2011-08-22
DISCK,DISCK.A^H14,2011-09-16,ESG-GJR-GARCH(E),0.5364047344610294,11.41785869651617,E,2011-08-22
DISCK,DISCK.A^H14,2011-09-16,ESG-GJR-GARCH(G),0.5364047344610291,11.417858696516156,G,2011-08-22
DISCK,DISCK.A^H14,2011-09-16,ESG-GJR-GARCH(S),0.5364047344610292,11.41785869651616,S,2011-08-22
DISCK,DISCK.A^H14,2011-09-16,GARCH,0.4628871736423645,8.502560933437163,,2011-08-22
DISCK,DISCK.A^H14,2011-09-16,GJR-GARCH,0.5165321282459349,10.587517440883923,,2011-08-22
DISCK,DISCK.A^H14,2011-09-19,EGARCH,0.387320999453062,5.953077643544398,,2011-08-22
DISCK,DISCK.A^H14,2011-09-19,ESG-EGARCH,0.4231329461180463,7.104821035338787,all,2011-08-22
DISCK,DISCK.A^H14,2011-09-19,ESG-EGARCH(E),0.4231329461180466,7.104821035338798,E,2011-08-22
DISCK,DISCK.A^H14,2011-09-19,ESG-EGARCH(G),0.4231329461180466,7.104821035338797,G,2011-08-22
DISCK,DISCK.A^H14,2011-09-19,ESG-EGARCH(S),0.4231329461180462,7.1048210353387855,S,2011-08-22
DISCK,DISCK.A^H14,2011-09-19,ESG-GARCH,0.4897765310991112,9.519089302201536,all,2011-08-22
DISCK,DISCK.A^H14,2011-09-19,ESG-GARCH(E),0.4897765310991114,9.519089302201545,E,2011-08-22
DISCK,DISCK.A^H14,2011-09-19,ESG-GARCH(G),0.4897765310991114,9.519089302201545,G,2011-08-22
DISCK,DISCK.A^H14,2011-09-19,ESG-GARCH(S),0.4897765310991114,9.51908930220154,S,2011-08-22
DISCK,DISCK.A^H14,2011-09-19,ESG-GJR-GARCH,0.5364047344610295,11.417858696516175,all,2011-08-22
DISCK,DISCK.A^H14,2011-09-19,ESG-GJR-GARCH(E),0.5364047344610294,11.41785869651617,E,2011-08-22
DISCK,DISCK.A^H14,2011-09-19,ESG-GJR-GARCH(G),0.5364047344610291,11.417858696516156,G,2011-08-22
DISCK,DISCK.A^H14,2011-09-19,ESG-GJR-GARCH(S),0.5364047344610292,11.41785869651616,S,2011-08-22
DISCK,DISCK.A^H14,2011-09-19,GARCH,0.4628871736423645,8.502560933437163,,2011-08-22
DISCK,DISCK.A^H14,2011-09-19,GJR-GARCH,0.5165321282459349,10.587517440883923,,2011-08-22
DISCK,DISCK.A^H14,2011-09-20,EGARCH,0.387320999453062,5.953077643544398,,2011-08-22
DISCK,DISCK.A^H14,2011-09-20,ESG-EGARCH,0.4231329461180463,7.104821035338787,all,2011-08-22
DISCK,DISCK.A^H14,2011-09-20,ESG-EGARCH(E),0.4231329461180466,7.104821035338798,E,2011-08-22
DISCK,DISCK.A^H14,2011-09-20,ESG-EGARCH(G),0.4231329461180466,7.104821035338797,G,2011-08-22
DISCK,DISCK.A^H14,2011-09-20,ESG-EGARCH(S),0.4231329461180462,7.1048210353387855,S,2011-08-22
DISCK,DISCK.A^H14,2011-09-20,ESG-GARCH,0.4897765310991112,9.519089302201536,all,2011-08-22
DISCK,DISCK.A^H14,2011-09-20,ESG-GARCH(E),0.4897765310991114,9.519089302201545,E,2011-08-22
DISCK,DISCK.A^H14,2011-09-20,ESG-GARCH(G),0.4897765310991114,9.519089302201545,G,2011-08-22
DISCK,DISCK.A^H14,2011-09-20,ESG-GARCH(S),0.4897765310991114,9.51908930220154,S,2011-08-22
DISCK,DISCK.A^H14,2011-09-20,ESG-GJR-GARCH,0.5364047344610295,11.417858696516175,all,2011-08-22
DISCK,DISCK.A^H14,2011-09-20,ESG-GJR-GARCH(E),0.5364047344610294,11.41785869651617,E,2011-08-22
DISCK,DISCK.A^H14,2011-09-20,ESG-GJR-GARCH(G),0.5364047344610291,11.417858696516156,G,2011-08-22
DISCK,DISCK.A^H14,2011-09-20,ESG-GJR-GARCH(S),0.5364047344610292,11.41785869651616,S,2011-08-22
DISCK,DISCK.A^H14,2011-09-20,GARCH,0.4628871736423645,8.502560933437163,,2011-08-22
DISCK,DISCK.A^H14,2011-09-20,GJR-GARCH,0.5165321282459349,10.587517440883923,,2011-08-22
DISCK,DISCK.A^H14,2011-09-21,EGARCH,0.387320999453062,5.953077643544398,,2011-08-22
DISCK,DISCK.A^H14,2011-09-21,ESG-EGARCH,0.4231329461180463,7.104821035338787,all,2011-08-22
DISCK,DISCK.A^H14,2011-09-21,ESG-EGARCH(E),0.4231329461180466,7.104821035338798,E,2011-08-22
DISCK,DISCK.A^H14,2011-09-21,ESG-EGARCH(G),0.4231329461180466,7.104821035338797,G,2011-08-22
DISCK,DISCK.A^H14,2011-09-21,ESG-EGARCH(S),0.4231329461180462,7.1048210353387855,S,2011-08-22
DISCK,DISCK.A^H14,2011-09-21,ESG-GARCH,0.4897765310991112,9.519089302201536,all,2011-08-22
DISCK,DISCK.A^H14,2011-09-21,ESG-GARCH(E),0.4897765310991114,9.519089302201545,E,2011-08-22
DISCK,DISCK.A^H14,2011-09-21,ESG-GARCH(G),0.4897765310991114,9.519089302201545,G,2011-08-22
DISCK,DISCK.A^H14,2011-09-21,ESG-GARCH(S),0.4897765310991114,9.51908930220154,S,2011-08-22
DISCK,DISCK.A^H14,2011-09-21,ESG-GJR-GARCH,0.5364047344610295,11.417858696516175,all,2011-08-22
DISCK,DISCK.A^H14,2011-09-21,ESG-GJR-GARCH(E),0.5364047344610294,11.41785869651617,E,2011-08-22
DISCK,DISCK.A^H14,2011-09-21,ESG-GJR-GARCH(G),0.5364047344610291,11.417858696516156,G,2011-08-22
DISCK,DISCK.A^H14,2011-09-21,ESG-GJR-GARCH(S),0.5364047344610292,11.41785869651616,S,2011-08-22
DISCK,DISCK.A^H14,2011-09-21,GARCH,0.4628871736423645,8.502560933437163,,2011-08-22
DISCK,DISCK.A^H14,2011-09-21,GJR-GARCH,0.5165321282459349,10.587517440883923,,2011-08-22
DISCK,DISCK.A^H14,2011-09-22,EGARCH,0.2452395080712355,2.386603822183397,,2011-09-22
DISCK,DISCK.A^H14,2011-09-22,ESG-EGARCH,0.2674470722066637,2.8384101758696985,all,2011-09-22
DISCK,DISCK.A^H14,2011-09-22,ESG-EGARCH(E),0.2674470722066637,2.8384101758697,E,2011-09-22
DISCK,DISCK.A^H14,2011-09-22,ESG-EGARCH(G),0.2674470722066637,2.8384101758697,G,2011-09-22
DISCK,DISCK.A^H14,2011-09-22,ESG-EGARCH(S),0.2674470722066637,2.8384101758697,S,2011-09-22
DISCK,DISCK.A^H14,2011-09-22,ESG-GARCH,0.2511218898024073,2.5024683943623978,all,2011-09-22
DISCK,DISCK.A^H14,2011-09-22,ESG-GARCH(E),0.2511218898024074,2.502468394362401,E,2011-09-22
DISCK,DISCK.A^H14,2011-09-22,ESG-GARCH(G),0.2511218898024074,2.5024683943624004,G,2011-09-22
DISCK,DISCK.A^H14,2011-09-22,ESG-GARCH(S),0.2511218898024075,2.5024683943624018,S,2011-09-22
DISCK,DISCK.A^H14,2011-09-22,ESG-GJR-GARCH,0.2721366234261269,2.938823087689429,all,2011-09-22
DISCK,DISCK.A^H14,2011-09-22,ESG-GJR-GARCH(E),0.2721366234261272,2.938823087689437,E,2011-09-22
DISCK,DISCK.A^H14,2011-09-22,ESG-GJR-GARCH(G),0.2721366234261271,2.9388230876894346,G,2011-09-22
DISCK,DISCK.A^H14,2011-09-22,ESG-GJR-GARCH(S),0.2721366234261271,2.9388230876894346,S,2011-09-22
DISCK,DISCK.A^H14,2011-09-22,GARCH,0.2369233232597219,2.227486551763123,,2011-09-22
DISCK,DISCK.A^H14,2011-09-22,GJR-GARCH,0.2616165519225921,2.7160008031693,,2011-09-22
DISCK,DISCK.A^H14,2011-09-23,EGARCH,0.2452395080712355,2.386603822183397,,2011-09-22
DISCK,DISCK.A^H14,2011-09-23,ESG-EGARCH,0.2674470722066637,2.8384101758696985,all,2011-09-22
DISCK,DISCK.A^H14,2011-09-23,ESG-EGARCH(E),0.2674470722066637,2.8384101758697,E,2011-09-22
DISCK,DISCK.A^H14,2011-09-23,ESG-EGARCH(G),0.2674470722066637,2.8384101758697,G,2011-09-22
DISCK,DISCK.A^H14,2011-09-23,ESG-EGARCH(S),0.2674470722066637,2.8384101758697,S,2011-09-22
DISCK,DISCK.A^H14,2011-09-23,ESG-GARCH,0.2511218898024073,2.5024683943623978,all,2011-09-22
DISCK,DISCK.A^H14,2011-09-23,ESG-GARCH(E),0.2511218898024074,2.502468394362401,E,2011-09-22
DISCK,DISCK.A^H14,2011-09-23,ESG-GARCH(G),0.2511218898024074,2.5024683943624004,G,2011-09-22
DISCK,DISCK.A^H14,2011-09-23,ESG-GARCH(S),0.2511218898024075,2.5024683943624018,S,2011-09-22
DISCK,DISCK.A^H14,2011-09-23,ESG-GJR-GARCH,0.2721366234261269,2.938823087689429,all,2011-09-22
DISCK,DISCK.A^H14,2011-09-23,ESG-GJR-GARCH(E),0.2721366234261272,2.938823087689437,E,2011-09-22
DISCK,DISCK.A^H14,2011-09-23,ESG-GJR-GARCH(G),0.2721366234261271,2.9388230876894346,G,2011-09-22
DISCK,DISCK.A^H14,2011-09-23,ESG-GJR-GARCH(S),0.2721366234261271,2.9388230876894346,S,2011-09-22
DISCK,DISCK.A^H14,2011-09-23,GARCH,0.2369233232597219,2.227486551763123,,2011-09-22
DISCK,DISCK.A^H14,2011-09-23,GJR-GARCH,0.2616165519225921,2.7160008031693,,2011-09-22
DISCK,DISCK.A^H14,2011-09-26,EGARCH,0.2452395080712355,2.386603822183397,,2011-09-22
DISCK,DISCK.A^H14,2011-09-26,ESG-EGARCH,0.2674470722066637,2.8384101758696985,all,2011-09-22
DISCK,DISCK.A^H14,2011-09-26,ESG-EGARCH(E),0.2674470722066637,2.8384101758697,E,2011-09-22
DISCK,DISCK.A^H14,2011-09-26,ESG-EGARCH(G),0.2674470722066637,2.8384101758697,G,2011-09-22
DISCK,DISCK.A^H14,2011-09-26,ESG-EGARCH(S),0.2674470722066637,2.8384101758697,S,2011-09-22
DISCK,DISCK.A^H14,2011-09-26,ESG-GARCH,0.2511218898024073,2.5024683943623978,all,2011-09-22
DISCK,DISCK.A^H14,2011-09-26,ESG-GARCH(E),0.2511218898024074,2.502468394362401,E,2011-09-22
DISCK,DISCK.A^H14,2011-09-26,ESG-GARCH(G),0.2511218898024074,2.5024683943624004,G,2011-09-22
DISCK,DISCK.A^H14,2011-09-26,ESG-GARCH(S),0.2511218898024075,2.5024683943624018,S,2011-09-22
DISCK,DISCK.A^H14,2011-09-26,ESG-GJR-GARCH,0.2721366234261269,2.938823087689429,all,2011-09-22
DISCK,DISCK.A^H14,2011-09-26,ESG-GJR-GARCH(E),0.2721366234261272,2.938823087689437,E,2011-09-22
DISCK,DISCK.A^H14,2011-09-26,ESG-GJR-GARCH(G),0.2721366234261271,2.9388230876894346,G,2011-09-22
DISCK,DISCK.A^H14,2011-09-26,ESG-GJR-GARCH(S),0.2721366234261271,2.9388230876894346,S,2011-09-22
DISCK,DISCK.A^H14,2011-09-26,GARCH,0.2369233232597219,2.227486551763123,,2011-09-22
DISCK,DISCK.A^H14,2011-09-26,GJR-GARCH,0.2616165519225921,2.7160008031693,,2011-09-22
DISCK,DISCK.A^H14,2011-09-27,EGARCH,0.2452395080712355,2.386603822183397,,2011-09-22
DISCK,DISCK.A^H14,2011-09-27,ESG-EGARCH,0.2674470722066637,2.8384101758696985,all,2011-09-22
DISCK,DISCK.A^H14,2011-09-27,ESG-EGARCH(E),0.2674470722066637,2.8384101758697,E,2011-09-22
DISCK,DISCK.A^H14,2011-09-27,ESG-EGARCH(G),0.2674470722066637,2.8384101758697,G,2011-09-22
DISCK,DISCK.A^H14,2011-09-27,ESG-EGARCH(S),0.2674470722066637,2.8384101758697,S,2011-09-22
DISCK,DISCK.A^H14,2011-09-27,ESG-GARCH,0.2511218898024073,2.5024683943623978,all,2011-09-22
DISCK,DISCK.A^H14,2011-09-27,ESG-GARCH(E),0.2511218898024074,2.502468394362401,E,2011-09-22
DISCK,DISCK.A^H14,2011-09-27,ESG-GARCH(G),0.2511218898024074,2.5024683943624004,G,2011-09-22
DISCK,DISCK.A^H14,2011-09-27,ESG-GARCH(S),0.2511218898024075,2.5024683943624018,S,2011-09-22
DISCK,DISCK.A^H14,2011-09-27,ESG-GJR-GARCH,0.2721366234261269,2.938823087689429,all,2011-09-22
DISCK,DISCK.A^H14,2011-09-27,ESG-GJR-GARCH(E),0.2721366234261272,2.938823087689437,E,2011-09-22
DISCK,DISCK.A^H14,2011-09-27,ESG-GJR-GARCH(G),0.2721366234261271,2.9388230876894346,G,2011-09-22
DISCK,DISCK.A^H14,2011-09-27,ESG-GJR-GARCH(S),0.2721366234261271,2.9388230876894346,S,2011-09-22
DISCK,DISCK.A^H14,2011-09-27,GARCH,0.2369233232597219,2.227486551763123,,2011-09-22
DISCK,DISCK.A^H14,2011-09-27,GJR-GARCH,0.2616165519225921,2.7160008031693,,2011-09-22
DISCK,DISCK.A^H14,2011-09-28,EGARCH,0.2452395080712355,2.386603822183397,,2011-09-22
DISCK,DISCK.A^H14,2011-09-28,ESG-EGARCH,0.2674470722066637,2.8384101758696985,all,2011-09-22
DISCK,DISCK.A^H14,2011-09-28,ESG-EGARCH(E),0.2674470722066637,2.8384101758697,E,2011-09-22
DISCK,DISCK.A^H14,2011-09-28,ESG-EGARCH(G),0.2674470722066637,2.8384101758697,G,2011-09-22
DISCK,DISCK.A^H14,2011-09-28,ESG-EGARCH(S),0.2674470722066637,2.8384101758697,S,2011-09-22
DISCK,DISCK.A^H14,2011-09-28,ESG-GARCH,0.2511218898024073,2.5024683943623978,all,2011-09-22
DISCK,DISCK.A^H14,2011-09-28,ESG-GARCH(E),0.2511218898024074,2.502468394362401,E,2011-09-22
DISCK,DISCK.A^H14,2011-09-28,ESG-GARCH(G),0.2511218898024074,2.5024683943624004,G,2011-09-22
DISCK,DISCK.A^H14,2011-09-28,ESG-GARCH(S),0.2511218898024075,2.5024683943624018,S,2011-09-22
DISCK,DISCK.A^H14,2011-09-28,ESG-GJR-GARCH,0.2721366234261269,2.938823087689429,all,2011-09-22
DISCK,DISCK.A^H14,2011-09-28,ESG-GJR-GARCH(E),0.2721366234261272,2.938823087689437,E,2011-09-22
DISCK,DISCK.A^H14,2011-09-28,ESG-GJR-GARCH(G),0.2721366234261271,2.9388230876894346,G,2011-09-22
DISCK,DISCK.A^H14,2011-09-28,ESG-GJR-GARCH(S),0.2721366234261271,2.9388230876894346,S,2011-09-22
DISCK,DISCK.A^H14,2011-09-28,GARCH,0.2369233232597219,2.227486551763123,,2011-09-22
DISCK,DISCK.A^H14,2011-09-28,GJR-GARCH,0.2616165519225921,2.7160008031693,,2011-09-22
DISCK,DISCK.A^H14,2011-09-29,EGARCH,0.2452395080712355,2.386603822183397,,2011-09-22
DISCK,DISCK.A^H14,2011-09-29,ESG-EGARCH,0.2674470722066637,2.8384101758696985,all,2011-09-22
DISCK,DISCK.A^H14,2011-09-29,ESG-EGARCH(E),0.2674470722066637,2.8384101758697,E,2011-09-22
DISCK,DISCK.A^H14,2011-09-29,ESG-EGARCH(G),0.2674470722066637,2.8384101758697,G,2011-09-22
DISCK,DISCK.A^H14,2011-09-29,ESG-EGARCH(S),0.2674470722066637,2.8384101758697,S,2011-09-22
DISCK,DISCK.A^H14,2011-09-29,ESG-GARCH,0.2511218898024073,2.5024683943623978,all,2011-09-22
DISCK,DISCK.A^H14,2011-09-29,ESG-GARCH(E),0.2511218898024074,2.502468394362401,E,2011-09-22
DISCK,DISCK.A^H14,2011-09-29,ESG-GARCH(G),0.2511218898024074,2.5024683943624004,G,2011-09-22
DISCK,DISCK.A^H14,2011-09-29,ESG-GARCH(S),0.2511218898024075,2.5024683943624018,S,2011-09-22
DISCK,DISCK.A^H14,2011-09-29,ESG-GJR-GARCH,0.2721366234261269,2.938823087689429,all,2011-09-22
DISCK,DISCK.A^H14,2011-09-29,ESG-GJR-GARCH(E),0.2721366234261272,2.938823087689437,E,2011-09-22
DISCK,DISCK.A^H14,2011-09-29,ESG-GJR-GARCH(G),0.2721366234261271,2.9388230876894346,G,2011-09-22
DISCK,DISCK.A^H14,2011-09-29,ESG-GJR-GARCH(S),0.2721366234261271,2.9388230876894346,S,2011-09-22
DISCK,DISCK.A^H14,2011-09-29,GARCH,0.2369233232597219,2.227486551763123,,2011-09-22
DISCK,DISCK.A^H14,2011-09-29,GJR-GARCH,0.2616165519225921,2.7160008031693,,2011-09-22
DISCK,DISCK.A^H14,2011-09-30,EGARCH,0.2452395080712355,2.386603822183397,,2011-09-22
DISCK,DISCK.A^H14,2011-09-30,ESG-EGARCH,0.2674470722066637,2.8384101758696985,all,2011-09-22
DISCK,DISCK.A^H14,2011-09-30,ESG-EGARCH(E),0.2674470722066637,2.8384101758697,E,2011-09-22
DISCK,DISCK.A^H14,2011-09-30,ESG-EGARCH(G),0.2674470722066637,2.8384101758697,G,2011-09-22
DISCK,DISCK.A^H14,2011-09-30,ESG-EGARCH(S),0.2674470722066637,2.8384101758697,S,2011-09-22
DISCK,DISCK.A^H14,2011-09-30,ESG-GARCH,0.2511218898024073,2.5024683943623978,all,2011-09-22
DISCK,DISCK.A^H14,2011-09-30,ESG-GARCH(E),0.2511218898024074,2.502468394362401,E,2011-09-22
DISCK,DISCK.A^H14,2011-09-30,ESG-GARCH(G),0.2511218898024074,2.5024683943624004,G,2011-09-22
DISCK,DISCK.A^H14,2011-09-30,ESG-GARCH(S),0.2511218898024075,2.5024683943624018,S,2011-09-22
DISCK,DISCK.A^H14,2011-09-30,ESG-GJR-GARCH,0.2721366234261269,2.938823087689429,all,2011-09-22
DISCK,DISCK.A^H14,2011-09-30,ESG-GJR-GARCH(E),0.2721366234261272,2.938823087689437,E,2011-09-22
DISCK,DISCK.A^H14,2011-09-30,ESG-GJR-GARCH(G),0.2721366234261271,2.9388230876894346,G,2011-09-22
DISCK,DISCK.A^H14,2011-09-30,ESG-GJR-GARCH(S),0.2721366234261271,2.9388230876894346,S,2011-09-22
DISCK,DISCK.A^H14,2011-09-30,GARCH,0.2369233232597219,2.227486551763123,,2011-09-22
DISCK,DISCK.A^H14,2011-09-30,GJR-GARCH,0.2616165519225921,2.7160008031693,,2011-09-22
DISCK,DISCK.A^H14,2011-10-03,EGARCH,0.2452395080712355,2.386603822183397,,2011-09-22
DISCK,DISCK.A^H14,2011-10-03,ESG-EGARCH,0.2674470722066637,2.8384101758696985,all,2011-09-22
DISCK,DISCK.A^H14,2011-10-03,ESG-EGARCH(E),0.2674470722066637,2.8384101758697,E,2011-09-22
DISCK,DISCK.A^H14,2011-10-03,ESG-EGARCH(G),0.2674470722066637,2.8384101758697,G,2011-09-22
DISCK,DISCK.A^H14,2011-10-03,ESG-EGARCH(S),0.2674470722066637,2.8384101758697,S,2011-09-22
DISCK,DISCK.A^H14,2011-10-03,ESG-GARCH,0.2511218898024073,2.5024683943623978,all,2011-09-22
DISCK,DISCK.A^H14,2011-10-03,ESG-GARCH(E),0.2511218898024074,2.502468394362401,E,2011-09-22
DISCK,DISCK.A^H14,2011-10-03,ESG-GARCH(G),0.2511218898024074,2.5024683943624004,G,2011-09-22
DISCK,DISCK.A^H14,2011-10-03,ESG-GARCH(S),0.2511218898024075,2.5024683943624018,S,2011-09-22
DISCK,DISCK.A^H14,2011-10-03,ESG-GJR-GARCH,0.2721366234261269,2.938823087689429,all,2011-09-22
DISCK,DISCK.A^H14,2011-10-03,ESG-GJR-GARCH(E),0.2721366234261272,2.938823087689437,E,2011-09-22
DISCK,DISCK.A^H14,2011-10-03,ESG-GJR-GARCH(G),0.2721366234261271,2.9388230876894346,G,2011-09-22
DISCK,DISCK.A^H14,2011-10-03,ESG-GJR-GARCH(S),0.2721366234261271,2.9388230876894346,S,2011-09-22
DISCK,DISCK.A^H14,2011-10-03,GARCH,0.2369233232597219,2.227486551763123,,2011-09-22
DISCK,DISCK.A^H14,2011-10-03,GJR-GARCH,0.2616165519225921,2.7160008031693,,2011-09-22
DISCK,DISCK.A^H14,2011-10-04,EGARCH,0.2452395080712355,2.386603822183397,,2011-09-22
DISCK,DISCK.A^H14,2011-10-04,ESG-EGARCH,0.2674470722066637,2.8384101758696985,all,2011-09-22
DISCK,DISCK.A^H14,2011-10-04,ESG-EGARCH(E),0.2674470722066637,2.8384101758697,E,2011-09-22
DISCK,DISCK.A^H14,2011-10-04,ESG-EGARCH(G),0.2674470722066637,2.8384101758697,G,2011-09-22
DISCK,DISCK.A^H14,2011-10-04,ESG-EGARCH(S),0.2674470722066637,2.8384101758697,S,2011-09-22
DISCK,DISCK.A^H14,2011-10-04,ESG-GARCH,0.2511218898024073,2.5024683943623978,all,2011-09-22
DISCK,DISCK.A^H14,2011-10-04,ESG-GARCH(E),0.2511218898024074,2.502468394362401,E,2011-09-22
DISCK,DISCK.A^H14,2011-10-04,ESG-GARCH(G),0.2511218898024074,2.5024683943624004,G,2011-09-22
DISCK,DISCK.A^H14,2011-10-04,ESG-GARCH(S),0.2511218898024075,2.5024683943624018,S,2011-09-22
DISCK,DISCK.A^H14,2011-10-04,ESG-GJR-GARCH,0.2721366234261269,2.938823087689429,all,2011-09-22
DISCK,DISCK.A^H14,2011-10-04,ESG-GJR-GARCH(E),0.2721366234261272,2.938823087689437,E,2011-09-22
DISCK,DISCK.A^H14,2011-10-04,ESG-GJR-GARCH(G),0.2721366234261271,2.9388230876894346,G,2011-09-22
DISCK,DISCK.A^H14,2011-10-04,ESG-GJR-GARCH(S),0.2721366234261271,2.9388230876894346,S,2011-09-22
DISCK,DISCK.A^H14,2011-10-04,GARCH,0.2369233232597219,2.227486551763123,,2011-09-22
DISCK,DISCK.A^H14,2011-10-04,GJR-GARCH,0.2616165519225921,2.7160008031693,,2011-09-22
DISCK,DISCK.A^H14,2011-10-05,EGARCH,0.2452395080712355,2.386603822183397,,2011-09-22
DISCK,DISCK.A^H14,2011-10-05,ESG-EGARCH,0.2674470722066637,2.8384101758696985,all,2011-09-22
DISCK,DISCK.A^H14,2011-10-05,ESG-EGARCH(E),0.2674470722066637,2.8384101758697,E,2011-09-22
DISCK,DISCK.A^H14,2011-10-05,ESG-EGARCH(G),0.2674470722066637,2.8384101758697,G,2011-09-22
DISCK,DISCK.A^H14,2011-10-05,ESG-EGARCH(S),0.2674470722066637,2.8384101758697,S,2011-09-22
DISCK,DISCK.A^H14,2011-10-05,ESG-GARCH,0.2511218898024073,2.5024683943623978,all,2011-09-22
DISCK,DISCK.A^H14,2011-10-05,ESG-GARCH(E),0.2511218898024074,2.502468394362401,E,2011-09-22
DISCK,DISCK.A^H14,2011-10-05,ESG-GARCH(G),0.2511218898024074,2.5024683943624004,G,2011-09-22
DISCK,DISCK.A^H14,2011-10-05,ESG-GARCH(S),0.2511218898024075,2.5024683943624018,S,2011-09-22
DISCK,DISCK.A^H14,2011-10-05,ESG-GJR-GARCH,0.2721366234261269,2.938823087689429,all,2011-09-22
DISCK,DISCK.A^H14,2011-10-05,ESG-GJR-GARCH(E),0.2721366234261272,2.938823087689437,E,2011-09-22
DISCK,DISCK.A^H14,2011-10-05,ESG-GJR-GARCH(G),0.2721366234261271,2.9388230876894346,G,2011-09-22
DISCK,DISCK.A^H14,2011-10-05,ESG-GJR-GARCH(S),0.2721366234261271,2.9388230876894346,S,2011-09-22
DISCK,DISCK.A^H14,2011-10-05,GARCH,0.2369233232597219,2.227486551763123,,2011-09-22
DISCK,DISCK.A^H14,2011-10-05,GJR-GARCH,0.2616165519225921,2.7160008031693,,2011-09-22
DISCK,DISCK.A^H14,2011-10-06,EGARCH,0.2452395080712355,2.386603822183397,,2011-09-22
DISCK,DISCK.A^H14,2011-10-06,ESG-EGARCH,0.2674470722066637,2.8384101758696985,all,2011-09-22
DISCK,DISCK.A^H14,2011-10-06,ESG-EGARCH(E),0.2674470722066637,2.8384101758697,E,2011-09-22
DISCK,DISCK.A^H14,2011-10-06,ESG-EGARCH(G),0.2674470722066637,2.8384101758697,G,2011-09-22
DISCK,DISCK.A^H14,2011-10-06,ESG-EGARCH(S),0.2674470722066637,2.8384101758697,S,2011-09-22
DISCK,DISCK.A^H14,2011-10-06,ESG-GARCH,0.2511218898024073,2.5024683943623978,all,2011-09-22
DISCK,DISCK.A^H14,2011-10-06,ESG-GARCH(E),0.2511218898024074,2.502468394362401,E,2011-09-22
DISCK,DISCK.A^H14,2011-10-06,ESG-GARCH(G),0.2511218898024074,2.5024683943624004,G,2011-09-22
DISCK,DISCK.A^H14,2011-10-06,ESG-GARCH(S),0.2511218898024075,2.5024683943624018,S,2011-09-22
DISCK,DISCK.A^H14,2011-10-06,ESG-GJR-GARCH,0.2721366234261269,2.938823087689429,all,2011-09-22
DISCK,DISCK.A^H14,2011-10-06,ESG-GJR-GARCH(E),0.2721366234261272,2.938823087689437,E,2011-09-22
DISCK,DISCK.A^H14,2011-10-06,ESG-GJR-GARCH(G),0.2721366234261271,2.9388230876894346,G,2011-09-22
DISCK,DISCK.A^H14,2011-10-06,ESG-GJR-GARCH(S),0.2721366234261271,2.9388230876894346,S,2011-09-22
DISCK,DISCK.A^H14,2011-10-06,GARCH,0.2369233232597219,2.227486551763123,,2011-09-22
DISCK,DISCK.A^H14,2011-10-06,GJR-GARCH,0.2616165519225921,2.7160008031693,,2011-09-22
DISCK,DISCK.A^H14,2011-10-07,EGARCH,0.2452395080712355,2.386603822183397,,2011-09-22
DISCK,DISCK.A^H14,2011-10-07,ESG-EGARCH,0.2674470722066637,2.8384101758696985,all,2011-09-22
DISCK,DISCK.A^H14,2011-10-07,ESG-EGARCH(E),0.2674470722066637,2.8384101758697,E,2011-09-22
DISCK,DISCK.A^H14,2011-10-07,ESG-EGARCH(G),0.2674470722066637,2.8384101758697,G,2011-09-22
DISCK,DISCK.A^H14,2011-10-07,ESG-EGARCH(S),0.2674470722066637,2.8384101758697,S,2011-09-22
DISCK,DISCK.A^H14,2011-10-07,ESG-GARCH,0.2511218898024073,2.5024683943623978,all,2011-09-22
DISCK,DISCK.A^H14,2011-10-07,ESG-GARCH(E),0.2511218898024074,2.502468394362401,E,2011-09-22
DISCK,DISCK.A^H14,2011-10-07,ESG-GARCH(G),0.2511218898024074,2.5024683943624004,G,2011-09-22
DISCK,DISCK.A^H14,2011-10-07,ESG-GARCH(S),0.2511218898024075,2.5024683943624018,S,2011-09-22
DISCK,DISCK.A^H14,2011-10-07,ESG-GJR-GARCH,0.2721366234261269,2.938823087689429,all,2011-09-22
DISCK,DISCK.A^H14,2011-10-07,ESG-GJR-GARCH(E),0.2721366234261272,2.938823087689437,E,2011-09-22
DISCK,DISCK.A^H14,2011-10-07,ESG-GJR-GARCH(G),0.2721366234261271,2.9388230876894346,G,2011-09-22
DISCK,DISCK.A^H14,2011-10-07,ESG-GJR-GARCH(S),0.2721366234261271,2.9388230876894346,S,2011-09-22
DISCK,DISCK.A^H14,2011-10-07,GARCH,0.2369233232597219,2.227486551763123,,2011-09-22
DISCK,DISCK.A^H14,2011-10-07,GJR-GARCH,0.2616165519225921,2.7160008031693,,2011-09-22
DISCK,DISCK.A^H14,2011-10-10,EGARCH,0.2452395080712355,2.386603822183397,,2011-09-22
DISCK,DISCK.A^H14,2011-10-10,ESG-EGARCH,0.2674470722066637,2.8384101758696985,all,2011-09-22
DISCK,DISCK.A^H14,2011-10-10,ESG-EGARCH(E),0.2674470722066637,2.8384101758697,E,2011-09-22
DISCK,DISCK.A^H14,2011-10-10,ESG-EGARCH(G),0.2674470722066637,2.8384101758697,G,2011-09-22
DISCK,DISCK.A^H14,2011-10-10,ESG-EGARCH(S),0.2674470722066637,2.8384101758697,S,2011-09-22
DISCK,DISCK.A^H14,2011-10-10,ESG-GARCH,0.2511218898024073,2.5024683943623978,all,2011-09-22
DISCK,DISCK.A^H14,2011-10-10,ESG-GARCH(E),0.2511218898024074,2.502468394362401,E,2011-09-22
DISCK,DISCK.A^H14,2011-10-10,ESG-GARCH(G),0.2511218898024074,2.5024683943624004,G,2011-09-22
DISCK,DISCK.A^H14,2011-10-10,ESG-GARCH(S),0.2511218898024075,2.5024683943624018,S,2011-09-22
DISCK,DISCK.A^H14,2011-10-10,ESG-GJR-GARCH,0.2721366234261269,2.938823087689429,all,2011-09-22
DISCK,DISCK.A^H14,2011-10-10,ESG-GJR-GARCH(E),0.2721366234261272,2.938823087689437,E,2011-09-22
DISCK,DISCK.A^H14,2011-10-10,ESG-GJR-GARCH(G),0.2721366234261271,2.9388230876894346,G,2011-09-22
DISCK,DISCK.A^H14,2011-10-10,ESG-GJR-GARCH(S),0.2721366234261271,2.9388230876894346,S,2011-09-22
DISCK,DISCK.A^H14,2011-10-10,GARCH,0.2369233232597219,2.227486551763123,,2011-09-22
DISCK,DISCK.A^H14,2011-10-10,GJR-GARCH,0.2616165519225921,2.7160008031693,,2011-09-22
DISCK,DISCK.A^H14,2011-10-11,EGARCH,0.2452395080712355,2.386603822183397,,2011-09-22
DISCK,DISCK.A^H14,2011-10-11,ESG-EGARCH,0.2674470722066637,2.8384101758696985,all,2011-09-22
DISCK,DISCK.A^H14,2011-10-11,ESG-EGARCH(E),0.2674470722066637,2.8384101758697,E,2011-09-22
DISCK,DISCK.A^H14,2011-10-11,ESG-EGARCH(G),0.2674470722066637,2.8384101758697,G,2011-09-22
DISCK,DISCK.A^H14,2011-10-11,ESG-EGARCH(S),0.2674470722066637,2.8384101758697,S,2011-09-22
DISCK,DISCK.A^H14,2011-10-11,ESG-GARCH,0.2511218898024073,2.5024683943623978,all,2011-09-22
DISCK,DISCK.A^H14,2011-10-11,ESG-GARCH(E),0.2511218898024074,2.502468394362401,E,2011-09-22
DISCK,DISCK.A^H14,2011-10-11,ESG-GARCH(G),0.2511218898024074,2.5024683943624004,G,2011-09-22
DISCK,DISCK.A^H14,2011-10-11,ESG-GARCH(S),0.2511218898024075,2.5024683943624018,S,2011-09-22
DISCK,DISCK.A^H14,2011-10-11,ESG-GJR-GARCH,0.2721366234261269,2.938823087689429,all,2011-09-22
DISCK,DISCK.A^H14,2011-10-11,ESG-GJR-GARCH(E),0.2721366234261272,2.938823087689437,E,2011-09-22
DISCK,DISCK.A^H14,2011-10-11,ESG-GJR-GARCH(G),0.2721366234261271,2.9388230876894346,G,2011-09-22
DISCK,DISCK.A^H14,2011-10-11,ESG-GJR-GARCH(S),0.2721366234261271,2.9388230876894346,S,2011-09-22
DISCK,DISCK.A^H14,2011-10-11,GARCH,0.2369233232597219,2.227486551763123,,2011-09-22
DISCK,DISCK.A^H14,2011-10-11,GJR-GARCH,0.2616165519225921,2.7160008031693,,2011-09-22
DISCK,DISCK.A^H14,2011-10-12,EGARCH,0.2452395080712355,2.386603822183397,,2011-09-22
DISCK,DISCK.A^H14,2011-10-12,ESG-EGARCH,0.2674470722066637,2.8384101758696985,all,2011-09-22
DISCK,DISCK.A^H14,2011-10-12,ESG-EGARCH(E),0.2674470722066637,2.8384101758697,E,2011-09-22
DISCK,DISCK.A^H14,2011-10-12,ESG-EGARCH(G),0.2674470722066637,2.8384101758697,G,2011-09-22
DISCK,DISCK.A^H14,2011-10-12,ESG-EGARCH(S),0.2674470722066637,2.8384101758697,S,2011-09-22
DISCK,DISCK.A^H14,2011-10-12,ESG-GARCH,0.2511218898024073,2.5024683943623978,all,2011-09-22
DISCK,DISCK.A^H14,2011-10-12,ESG-GARCH(E),0.2511218898024074,2.502468394362401,E,2011-09-22
DISCK,DISCK.A^H14,2011-10-12,ESG-GARCH(G),0.2511218898024074,2.5024683943624004,G,2011-09-22
DISCK,DISCK.A^H14,2011-10-12,ESG-GARCH(S),0.2511218898024075,2.5024683943624018,S,2011-09-22
DISCK,DISCK.A^H14,2011-10-12,ESG-GJR-GARCH,0.2721366234261269,2.938823087689429,all,2011-09-22
DISCK,DISCK.A^H14,2011-10-12,ESG-GJR-GARCH(E),0.2721366234261272,2.938823087689437,E,2011-09-22
DISCK,DISCK.A^H14,2011-10-12,ESG-GJR-GARCH(G),0.2721366234261271,2.9388230876894346,G,2011-09-22
DISCK,DISCK.A^H14,2011-10-12,ESG-GJR-GARCH(S),0.2721366234261271,2.9388230876894346,S,2011-09-22
DISCK,DISCK.A^H14,2011-10-12,GARCH,0.2369233232597219,2.227486551763123,,2011-09-22
DISCK,DISCK.A^H14,2011-10-12,GJR-GARCH,0.2616165519225921,2.7160008031693,,2011-09-22
DISCK,DISCK.A^H14,2011-10-13,EGARCH,0.2452395080712355,2.386603822183397,,2011-09-22
DISCK,DISCK.A^H14,2011-10-13,ESG-EGARCH,0.2674470722066637,2.8384101758696985,all,2011-09-22
DISCK,DISCK.A^H14,2011-10-13,ESG-EGARCH(E),0.2674470722066637,2.8384101758697,E,2011-09-22
DISCK,DISCK.A^H14,2011-10-13,ESG-EGARCH(G),0.2674470722066637,2.8384101758697,G,2011-09-22
DISCK,DISCK.A^H14,2011-10-13,ESG-EGARCH(S),0.2674470722066637,2.8384101758697,S,2011-09-22
DISCK,DISCK.A^H14,2011-10-13,ESG-GARCH,0.2511218898024073,2.5024683943623978,all,2011-09-22
DISCK,DISCK.A^H14,2011-10-13,ESG-GARCH(E),0.2511218898024074,2.502468394362401,E,2011-09-22
DISCK,DISCK.A^H14,2011-10-13,ESG-GARCH(G),0.2511218898024074,2.5024683943624004,G,2011-09-22
DISCK,DISCK.A^H14,2011-10-13,ESG-GARCH(S),0.2511218898024075,2.5024683943624018,S,2011-09-22
DISCK,DISCK.A^H14,2011-10-13,ESG-GJR-GARCH,0.2721366234261269,2.938823087689429,all,2011-09-22
DISCK,DISCK.A^H14,2011-10-13,ESG-GJR-GARCH(E),0.2721366234261272,2.938823087689437,E,2011-09-22
DISCK,DISCK.A^H14,2011-10-13,ESG-GJR-GARCH(G),0.2721366234261271,2.9388230876894346,G,2011-09-22
DISCK,DISCK.A^H14,2011-10-13,ESG-GJR-GARCH(S),0.2721366234261271,2.9388230876894346,S,2011-09-22
DISCK,DISCK.A^H14,2011-10-13,GARCH,0.2369233232597219,2.227486551763123,,2011-09-22
DISCK,DISCK.A^H14,2011-10-13,GJR-GARCH,0.2616165519225921,2.7160008031693,,2011-09-22
DISCK,DISCK.A^H14,2011-10-14,EGARCH,0.2452395080712355,2.386603822183397,,2011-09-22
DISCK,DISCK.A^H14,2011-10-14,ESG-EGARCH,0.2674470722066637,2.8384101758696985,all,2011-09-22
DISCK,DISCK.A^H14,2011-10-14,ESG-EGARCH(E),0.2674470722066637,2.8384101758697,E,2011-09-22
DISCK,DISCK.A^H14,2011-10-14,ESG-EGARCH(G),0.2674470722066637,2.8384101758697,G,2011-09-22
DISCK,DISCK.A^H14,2011-10-14,ESG-EGARCH(S),0.2674470722066637,2.8384101758697,S,2011-09-22
DISCK,DISCK.A^H14,2011-10-14,ESG-GARCH,0.2511218898024073,2.5024683943623978,all,2011-09-22
DISCK,DISCK.A^H14,2011-10-14,ESG-GARCH(E),0.2511218898024074,2.502468394362401,E,2011-09-22
DISCK,DISCK.A^H14,2011-10-14,ESG-GARCH(G),0.2511218898024074,2.5024683943624004,G,2011-09-22
DISCK,DISCK.A^H14,2011-10-14,ESG-GARCH(S),0.2511218898024075,2.5024683943624018,S,2011-09-22
DISCK,DISCK.A^H14,2011-10-14,ESG-GJR-GARCH,0.2721366234261269,2.938823087689429,all,2011-09-22
DISCK,DISCK.A^H14,2011-10-14,ESG-GJR-GARCH(E),0.2721366234261272,2.938823087689437,E,2011-09-22
DISCK,DISCK.A^H14,2011-10-14,ESG-GJR-GARCH(G),0.2721366234261271,2.9388230876894346,G,2011-09-22
DISCK,DISCK.A^H14,2011-10-14,ESG-GJR-GARCH(S),0.2721366234261271,2.9388230876894346,S,2011-09-22
DISCK,DISCK.A^H14,2011-10-14,GARCH,0.2369233232597219,2.227486551763123,,2011-09-22
DISCK,DISCK.A^H14,2011-10-14,GJR-GARCH,0.2616165519225921,2.7160008031693,,2011-09-22
DISCK,DISCK.A^H14,2011-10-17,EGARCH,0.2452395080712355,2.386603822183397,,2011-09-22
DISCK,DISCK.A^H14,2011-10-17,ESG-EGARCH,0.2674470722066637,2.8384101758696985,all,2011-09-22
DISCK,DISCK.A^H14,2011-10-17,ESG-EGARCH(E),0.2674470722066637,2.8384101758697,E,2011-09-22
DISCK,DISCK.A^H14,2011-10-17,ESG-EGARCH(G),0.2674470722066637,2.8384101758697,G,2011-09-22
DISCK,DISCK.A^H14,2011-10-17,ESG-EGARCH(S),0.2674470722066637,2.8384101758697,S,2011-09-22
DISCK,DISCK.A^H14,2011-10-17,ESG-GARCH,0.2511218898024073,2.5024683943623978,all,2011-09-22
DISCK,DISCK.A^H14,2011-10-17,ESG-GARCH(E),0.2511218898024074,2.502468394362401,E,2011-09-22
DISCK,DISCK.A^H14,2011-10-17,ESG-GARCH(G),0.2511218898024074,2.5024683943624004,G,2011-09-22
DISCK,DISCK.A^H14,2011-10-17,ESG-GARCH(S),0.2511218898024075,2.5024683943624018,S,2011-09-22
DISCK,DISCK.A^H14,2011-10-17,ESG-GJR-GARCH,0.2721366234261269,2.938823087689429,all,2011-09-22
DISCK,DISCK.A^H14,2011-10-17,ESG-GJR-GARCH(E),0.2721366234261272,2.938823087689437,E,2011-09-22
DISCK,DISCK.A^H14,2011-10-17,ESG-GJR-GARCH(G),0.2721366234261271,2.9388230876894346,G,2011-09-22
DISCK,DISCK.A^H14,2011-10-17,ESG-GJR-GARCH(S),0.2721366234261271,2.9388230876894346,S,2011-09-22
DISCK,DISCK.A^H14,2011-10-17,GARCH,0.2369233232597219,2.227486551763123,,2011-09-22
DISCK,DISCK.A^H14,2011-10-17,GJR-GARCH,0.2616165519225921,2.7160008031693,,2011-09-22
DISCK,DISCK.A^H14,2011-10-18,EGARCH,0.2452395080712355,2.386603822183397,,2011-09-22
DISCK,DISCK.A^H14,2011-10-18,ESG-EGARCH,0.2674470722066637,2.8384101758696985,all,2011-09-22
DISCK,DISCK.A^H14,2011-10-18,ESG-EGARCH(E),0.2674470722066637,2.8384101758697,E,2011-09-22
DISCK,DISCK.A^H14,2011-10-18,ESG-EGARCH(G),0.2674470722066637,2.8384101758697,G,2011-09-22
DISCK,DISCK.A^H14,2011-10-18,ESG-EGARCH(S),0.2674470722066637,2.8384101758697,S,2011-09-22
DISCK,DISCK.A^H14,2011-10-18,ESG-GARCH,0.2511218898024073,2.5024683943623978,all,2011-09-22
DISCK,DISCK.A^H14,2011-10-18,ESG-GARCH(E),0.2511218898024074,2.502468394362401,E,2011-09-22
DISCK,DISCK.A^H14,2011-10-18,ESG-GARCH(G),0.2511218898024074,2.5024683943624004,G,2011-09-22
DISCK,DISCK.A^H14,2011-10-18,ESG-GARCH(S),0.2511218898024075,2.5024683943624018,S,2011-09-22
DISCK,DISCK.A^H14,2011-10-18,ESG-GJR-GARCH,0.2721366234261269,2.938823087689429,all,2011-09-22
DISCK,DISCK.A^H14,2011-10-18,ESG-GJR-GARCH(E),0.2721366234261272,2.938823087689437,E,2011-09-22
DISCK,DISCK.A^H14,2011-10-18,ESG-GJR-GARCH(G),0.2721366234261271,2.9388230876894346,G,2011-09-22
DISCK,DISCK.A^H14,2011-10-18,ESG-GJR-GARCH(S),0.2721366234261271,2.9388230876894346,S,2011-09-22
DISCK,DISCK.A^H14,2011-10-18,GARCH,0.2369233232597219,2.227486551763123,,2011-09-22
DISCK,DISCK.A^H14,2011-10-18,GJR-GARCH,0.2616165519225921,2.7160008031693,,2011-09-22
DISCK,DISCK.A^H14,2011-10-19,EGARCH,0.2452395080712355,2.386603822183397,,2011-09-22
DISCK,DISCK.A^H14,2011-10-19,ESG-EGARCH,0.2674470722066637,2.8384101758696985,all,2011-09-22
DISCK,DISCK.A^H14,2011-10-19,ESG-EGARCH(E),0.2674470722066637,2.8384101758697,E,2011-09-22
DISCK,DISCK.A^H14,2011-10-19,ESG-EGARCH(G),0.2674470722066637,2.8384101758697,G,2011-09-22
DISCK,DISCK.A^H14,2011-10-19,ESG-EGARCH(S),0.2674470722066637,2.8384101758697,S,2011-09-22
DISCK,DISCK.A^H14,2011-10-19,ESG-GARCH,0.2511218898024073,2.5024683943623978,all,2011-09-22
DISCK,DISCK.A^H14,2011-10-19,ESG-GARCH(E),0.2511218898024074,2.502468394362401,E,2011-09-22
DISCK,DISCK.A^H14,2011-10-19,ESG-GARCH(G),0.2511218898024074,2.5024683943624004,G,2011-09-22
DISCK,DISCK.A^H14,2011-10-19,ESG-GARCH(S),0.2511218898024075,2.5024683943624018,S,2011-09-22
DISCK,DISCK.A^H14,2011-10-19,ESG-GJR-GARCH,0.2721366234261269,2.938823087689429,all,2011-09-22
DISCK,DISCK.A^H14,2011-10-19,ESG-GJR-GARCH(E),0.2721366234261272,2.938823087689437,E,2011-09-22
DISCK,DISCK.A^H14,2011-10-19,ESG-GJR-GARCH(G),0.2721366234261271,2.9388230876894346,G,2011-09-22
DISCK,DISCK.A^H14,2011-10-19,ESG-GJR-GARCH(S),0.2721366234261271,2.9388230876894346,S,2011-09-22
DISCK,DISCK.A^H14,2011-10-19,GARCH,0.2369233232597219,2.227486551763123,,2011-09-22
DISCK,DISCK.A^H14,2011-10-19,GJR-GARCH,0.2616165519225921,2.7160008031693,,2011-09-22
DISCK,DISCK.A^H14,2011-10-20,EGARCH,0.2452395080712355,2.386603822183397,,2011-09-22
DISCK,DISCK.A^H14,2011-10-20,ESG-EGARCH,0.2674470722066637,2.8384101758696985,all,2011-09-22
DISCK,DISCK.A^H14,2011-10-20,ESG-EGARCH(E),0.2674470722066637,2.8384101758697,E,2011-09-22
DISCK,DISCK.A^H14,2011-10-20,ESG-EGARCH(G),0.2674470722066637,2.8384101758697,G,2011-09-22
DISCK,DISCK.A^H14,2011-10-20,ESG-EGARCH(S),0.2674470722066637,2.8384101758697,S,2011-09-22
DISCK,DISCK.A^H14,2011-10-20,ESG-GARCH,0.2511218898024073,2.5024683943623978,all,2011-09-22
DISCK,DISCK.A^H14,2011-10-20,ESG-GARCH(E),0.2511218898024074,2.502468394362401,E,2011-09-22
DISCK,DISCK.A^H14,2011-10-20,ESG-GARCH(G),0.2511218898024074,2.5024683943624004,G,2011-09-22
DISCK,DISCK.A^H14,2011-10-20,ESG-GARCH(S),0.2511218898024075,2.5024683943624018,S,2011-09-22
DISCK,DISCK.A^H14,2011-10-20,ESG-GJR-GARCH,0.2721366234261269,2.938823087689429,all,2011-09-22
DISCK,DISCK.A^H14,2011-10-20,ESG-GJR-GARCH(E),0.2721366234261272,2.938823087689437,E,2011-09-22
DISCK,DISCK.A^H14,2011-10-20,ESG-GJR-GARCH(G),0.2721366234261271,2.9388230876894346,G,2011-09-22
DISCK,DISCK.A^H14,2011-10-20,ESG-GJR-GARCH(S),0.2721366234261271,2.9388230876894346,S,2011-09-22
DISCK,DISCK.A^H14,2011-10-20,GARCH,0.2369233232597219,2.227486551763123,,2011-09-22
DISCK,DISCK.A^H14,2011-10-20,GJR-GARCH,0.2616165519225921,2.7160008031693,,2011-09-22
DISCK,DISCK.A^H14,2011-10-21,EGARCH,0.2452395080712355,2.386603822183397,,2011-09-22
DISCK,DISCK.A^H14,2011-10-21,ESG-EGARCH,0.2674470722066637,2.8384101758696985,all,2011-09-22
DISCK,DISCK.A^H14,2011-10-21,ESG-EGARCH(E),0.2674470722066637,2.8384101758697,E,2011-09-22
DISCK,DISCK.A^H14,2011-10-21,ESG-EGARCH(G),0.2674470722066637,2.8384101758697,G,2011-09-22
DISCK,DISCK.A^H14,2011-10-21,ESG-EGARCH(S),0.2674470722066637,2.8384101758697,S,2011-09-22
DISCK,DISCK.A^H14,2011-10-21,ESG-GARCH,0.2511218898024073,2.5024683943623978,all,2011-09-22
DISCK,DISCK.A^H14,2011-10-21,ESG-GARCH(E),0.2511218898024074,2.502468394362401,E,2011-09-22
DISCK,DISCK.A^H14,2011-10-21,ESG-GARCH(G),0.2511218898024074,2.5024683943624004,G,2011-09-22
DISCK,DISCK.A^H14,2011-10-21,ESG-GARCH(S),0.2511218898024075,2.5024683943624018,S,2011-09-22
DISCK,DISCK.A^H14,2011-10-21,ESG-GJR-GARCH,0.2721366234261269,2.938823087689429,all,2011-09-22
DISCK,DISCK.A^H14,2011-10-21,ESG-GJR-GARCH(E),0.2721366234261272,2.938823087689437,E,2011-09-22
DISCK,DISCK.A^H14,2011-10-21,ESG-GJR-GARCH(G),0.2721366234261271,2.9388230876894346,G,2011-09-22
DISCK,DISCK.A^H14,2011-10-21,ESG-GJR-GARCH(S),0.2721366234261271,2.9388230876894346,S,2011-09-22
DISCK,DISCK.A^H14,2011-10-21,GARCH,0.2369233232597219,2.227486551763123,,2011-09-22
DISCK,DISCK.A^H14,2011-10-21,GJR-GARCH,0.2616165519225921,2.7160008031693,,2011-09-22
DISCK,DISCK.A^H14,2011-10-24,EGARCH,0.3050051370124187,3.691592603331917,,2011-10-24
DISCK,DISCK.A^H14,2011-10-24,ESG-EGARCH,0.262233099503541,2.728817399810875,all,2011-10-24
DISCK,DISCK.A^H14,2011-10-24,ESG-EGARCH(E),0.2622330995035409,2.728817399810874,E,2011-10-24
DISCK,DISCK.A^H14,2011-10-24,ESG-EGARCH(G),0.2622330995035409,2.7288173998108736,G,2011-10-24
DISCK,DISCK.A^H14,2011-10-24,ESG-EGARCH(S),0.2622330995035409,2.728817399810874,S,2011-10-24
DISCK,DISCK.A^H14,2011-10-24,ESG-GARCH,0.2489883642544178,2.460127203733756,all,2011-10-24
DISCK,DISCK.A^H14,2011-10-24,ESG-GARCH(E),0.2489883642544181,2.4601272037337614,E,2011-10-24
DISCK,DISCK.A^H14,2011-10-24,ESG-GARCH(G),0.2489883642544181,2.4601272037337614,G,2011-10-24
DISCK,DISCK.A^H14,2011-10-24,ESG-GARCH(S),0.2489883642544181,2.460127203733762,S,2011-10-24
DISCK,DISCK.A^H14,2011-10-24,ESG-GJR-GARCH,0.2659767538380022,2.8072870469127453,all,2011-10-24
DISCK,DISCK.A^H14,2011-10-24,ESG-GJR-GARCH(E),0.2659767538380026,2.8072870469127555,E,2011-10-24
DISCK,DISCK.A^H14,2011-10-24,ESG-GJR-GARCH(G),0.2659767538380025,2.8072870469127547,G,2011-10-24
DISCK,DISCK.A^H14,2011-10-24,ESG-GJR-GARCH(S),0.2659767538380026,2.8072870469127555,S,2011-10-24
DISCK,DISCK.A^H14,2011-10-24,GARCH,0.300600355212318,3.585737045784593,,2011-10-24
DISCK,DISCK.A^H14,2011-10-24,GJR-GARCH,0.257713908004497,2.635573745196444,,2011-10-24
DISCK,DISCK.A^H14,2011-10-25,EGARCH,0.3050051370124187,3.691592603331917,,2011-10-24
DISCK,DISCK.A^H14,2011-10-25,ESG-EGARCH,0.262233099503541,2.728817399810875,all,2011-10-24
DISCK,DISCK.A^H14,2011-10-25,ESG-EGARCH(E),0.2622330995035409,2.728817399810874,E,2011-10-24
DISCK,DISCK.A^H14,2011-10-25,ESG-EGARCH(G),0.2622330995035409,2.7288173998108736,G,2011-10-24
DISCK,DISCK.A^H14,2011-10-25,ESG-EGARCH(S),0.2622330995035409,2.728817399810874,S,2011-10-24
DISCK,DISCK.A^H14,2011-10-25,ESG-GARCH,0.2489883642544178,2.460127203733756,all,2011-10-24
DISCK,DISCK.A^H14,2011-10-25,ESG-GARCH(E),0.2489883642544181,2.4601272037337614,E,2011-10-24
DISCK,DISCK.A^H14,2011-10-25,ESG-GARCH(G),0.2489883642544181,2.4601272037337614,G,2011-10-24
DISCK,DISCK.A^H14,2011-10-25,ESG-GARCH(S),0.2489883642544181,2.460127203733762,S,2011-10-24
DISCK,DISCK.A^H14,2011-10-25,ESG-GJR-GARCH,0.2659767538380022,2.8072870469127453,all,2011-10-24
DISCK,DISCK.A^H14,2011-10-25,ESG-GJR-GARCH(E),0.2659767538380026,2.8072870469127555,E,2011-10-24
DISCK,DISCK.A^H14,2011-10-25,ESG-GJR-GARCH(G),0.2659767538380025,2.8072870469127547,G,2011-10-24
DISCK,DISCK.A^H14,2011-10-25,ESG-GJR-GARCH(S),0.2659767538380026,2.8072870469127555,S,2011-10-24
DISCK,DISCK.A^H14,2011-10-25,GARCH,0.300600355212318,3.585737045784593,,2011-10-24
DISCK,DISCK.A^H14,2011-10-25,GJR-GARCH,0.257713908004497,2.635573745196444,,2011-10-24
DISCK,DISCK.A^H14,2011-10-26,EGARCH,0.3050051370124187,3.691592603331917,,2011-10-24
DISCK,DISCK.A^H14,2011-10-26,ESG-EGARCH,0.262233099503541,2.728817399810875,all,2011-10-24
DISCK,DISCK.A^H14,2011-10-26,ESG-EGARCH(E),0.2622330995035409,2.728817399810874,E,2011-10-24
DISCK,DISCK.A^H14,2011-10-26,ESG-EGARCH(G),0.2622330995035409,2.7288173998108736,G,2011-10-24
DISCK,DISCK.A^H14,2011-10-26,ESG-EGARCH(S),0.2622330995035409,2.728817399810874,S,2011-10-24
DISCK,DISCK.A^H14,2011-10-26,ESG-GARCH,0.2489883642544178,2.460127203733756,all,2011-10-24
DISCK,DISCK.A^H14,2011-10-26,ESG-GARCH(E),0.2489883642544181,2.4601272037337614,E,2011-10-24
DISCK,DISCK.A^H14,2011-10-26,ESG-GARCH(G),0.2489883642544181,2.4601272037337614,G,2011-10-24
DISCK,DISCK.A^H14,2011-10-26,ESG-GARCH(S),0.2489883642544181,2.460127203733762,S,2011-10-24
DISCK,DISCK.A^H14,2011-10-26,ESG-GJR-GARCH,0.2659767538380022,2.8072870469127453,all,2011-10-24
DISCK,DISCK.A^H14,2011-10-26,ESG-GJR-GARCH(E),0.2659767538380026,2.8072870469127555,E,2011-10-24
DISCK,DISCK.A^H14,2011-10-26,ESG-GJR-GARCH(G),0.2659767538380025,2.8072870469127547,G,2011-10-24
DISCK,DISCK.A^H14,2011-10-26,ESG-GJR-GARCH(S),0.2659767538380026,2.8072870469127555,S,2011-10-24
DISCK,DISCK.A^H14,2011-10-26,GARCH,0.300600355212318,3.585737045784593,,2011-10-24
DISCK,DISCK.A^H14,2011-10-26,GJR-GARCH,0.257713908004497,2.635573745196444,,2011-10-24
DISCK,DISCK.A^H14,2011-10-27,EGARCH,0.3050051370124187,3.691592603331917,,2011-10-24
DISCK,DISCK.A^H14,2011-10-27,ESG-EGARCH,0.262233099503541,2.728817399810875,all,2011-10-24
DISCK,DISCK.A^H14,2011-10-27,ESG-EGARCH(E),0.2622330995035409,2.728817399810874,E,2011-10-24
DISCK,DISCK.A^H14,2011-10-27,ESG-EGARCH(G),0.2622330995035409,2.7288173998108736,G,2011-10-24
DISCK,DISCK.A^H14,2011-10-27,ESG-EGARCH(S),0.2622330995035409,2.728817399810874,S,2011-10-24
DISCK,DISCK.A^H14,2011-10-27,ESG-GARCH,0.2489883642544178,2.460127203733756,all,2011-10-24
DISCK,DISCK.A^H14,2011-10-27,ESG-GARCH(E),0.2489883642544181,2.4601272037337614,E,2011-10-24
DISCK,DISCK.A^H14,2011-10-27,ESG-GARCH(G),0.2489883642544181,2.4601272037337614,G,2011-10-24
DISCK,DISCK.A^H14,2011-10-27,ESG-GARCH(S),0.2489883642544181,2.460127203733762,S,2011-10-24
DISCK,DISCK.A^H14,2011-10-27,ESG-GJR-GARCH,0.2659767538380022,2.8072870469127453,all,2011-10-24
DISCK,DISCK.A^H14,2011-10-27,ESG-GJR-GARCH(E),0.2659767538380026,2.8072870469127555,E,2011-10-24
DISCK,DISCK.A^H14,2011-10-27,ESG-GJR-GARCH(G),0.2659767538380025,2.8072870469127547,G,2011-10-24
DISCK,DISCK.A^H14,2011-10-27,ESG-GJR-GARCH(S),0.2659767538380026,2.8072870469127555,S,2011-10-24
DISCK,DISCK.A^H14,2011-10-27,GARCH,0.300600355212318,3.585737045784593,,2011-10-24
DISCK,DISCK.A^H14,2011-10-27,GJR-GARCH,0.257713908004497,2.635573745196444,,2011-10-24
DISCK,DISCK.A^H14,2011-10-28,EGARCH,0.3050051370124187,3.691592603331917,,2011-10-24
DISCK,DISCK.A^H14,2011-10-28,ESG-EGARCH,0.262233099503541,2.728817399810875,all,2011-10-24
DISCK,DISCK.A^H14,2011-10-28,ESG-EGARCH(E),0.2622330995035409,2.728817399810874,E,2011-10-24
DISCK,DISCK.A^H14,2011-10-28,ESG-EGARCH(G),0.2622330995035409,2.7288173998108736,G,2011-10-24
DISCK,DISCK.A^H14,2011-10-28,ESG-EGARCH(S),0.2622330995035409,2.728817399810874,S,2011-10-24
DISCK,DISCK.A^H14,2011-10-28,ESG-GARCH,0.2489883642544178,2.460127203733756,all,2011-10-24
DISCK,DISCK.A^H14,2011-10-28,ESG-GARCH(E),0.2489883642544181,2.4601272037337614,E,2011-10-24
DISCK,DISCK.A^H14,2011-10-28,ESG-GARCH(G),0.2489883642544181,2.4601272037337614,G,2011-10-24
DISCK,DISCK.A^H14,2011-10-28,ESG-GARCH(S),0.2489883642544181,2.460127203733762,S,2011-10-24
DISCK,DISCK.A^H14,2011-10-28,ESG-GJR-GARCH,0.2659767538380022,2.8072870469127453,all,2011-10-24
DISCK,DISCK.A^H14,2011-10-28,ESG-GJR-GARCH(E),0.2659767538380026,2.8072870469127555,E,2011-10-24
DISCK,DISCK.A^H14,2011-10-28,ESG-GJR-GARCH(G),0.2659767538380025,2.8072870469127547,G,2011-10-24
DISCK,DISCK.A^H14,2011-10-28,ESG-GJR-GARCH(S),0.2659767538380026,2.8072870469127555,S,2011-10-24
DISCK,DISCK.A^H14,2011-10-28,GARCH,0.300600355212318,3.585737045784593,,2011-10-24
DISCK,DISCK.A^H14,2011-10-28,GJR-GARCH,0.257713908004497,2.635573745196444,,2011-10-24
DISCK,DISCK.A^H14,2011-10-31,EGARCH,0.3050051370124187,3.691592603331917,,2011-10-24
DISCK,DISCK.A^H14,2011-10-31,ESG-EGARCH,0.262233099503541,2.728817399810875,all,2011-10-24
DISCK,DISCK.A^H14,2011-10-31,ESG-EGARCH(E),0.2622330995035409,2.728817399810874,E,2011-10-24
DISCK,DISCK.A^H14,2011-10-31,ESG-EGARCH(G),0.2622330995035409,2.7288173998108736,G,2011-10-24
DISCK,DISCK.A^H14,2011-10-31,ESG-EGARCH(S),0.2622330995035409,2.728817399810874,S,2011-10-24
DISCK,DISCK.A^H14,2011-10-31,ESG-GARCH,0.2489883642544178,2.460127203733756,all,2011-10-24
DISCK,DISCK.A^H14,2011-10-31,ESG-GARCH(E),0.2489883642544181,2.4601272037337614,E,2011-10-24
DISCK,DISCK.A^H14,2011-10-31,ESG-GARCH(G),0.2489883642544181,2.4601272037337614,G,2011-10-24
DISCK,DISCK.A^H14,2011-10-31,ESG-GARCH(S),0.2489883642544181,2.460127203733762,S,2011-10-24
DISCK,DISCK.A^H14,2011-10-31,ESG-GJR-GARCH,0.2659767538380022,2.8072870469127453,all,2011-10-24
DISCK,DISCK.A^H14,2011-10-31,ESG-GJR-GARCH(E),0.2659767538380026,2.8072870469127555,E,2011-10-24
DISCK,DISCK.A^H14,2011-10-31,ESG-GJR-GARCH(G),0.2659767538380025,2.8072870469127547,G,2011-10-24
DISCK,DISCK.A^H14,2011-10-31,ESG-GJR-GARCH(S),0.2659767538380026,2.8072870469127555,S,2011-10-24
DISCK,DISCK.A^H14,2011-10-31,GARCH,0.300600355212318,3.585737045784593,,2011-10-24
DISCK,DISCK.A^H14,2011-10-31,GJR-GARCH,0.257713908004497,2.635573745196444,,2011-10-24
DISCK,DISCK.A^H14,2011-11-01,EGARCH,0.3050051370124187,3.691592603331917,,2011-10-24
DISCK,DISCK.A^H14,2011-11-01,ESG-EGARCH,0.262233099503541,2.728817399810875,all,2011-10-24
DISCK,DISCK.A^H14,2011-11-01,ESG-EGARCH(E),0.2622330995035409,2.728817399810874,E,2011-10-24
DISCK,DISCK.A^H14,2011-11-01,ESG-EGARCH(G),0.2622330995035409,2.7288173998108736,G,2011-10-24
DISCK,DISCK.A^H14,2011-11-01,ESG-EGARCH(S),0.2622330995035409,2.728817399810874,S,2011-10-24
DISCK,DISCK.A^H14,2011-11-01,ESG-GARCH,0.2489883642544178,2.460127203733756,all,2011-10-24
DISCK,DISCK.A^H14,2011-11-01,ESG-GARCH(E),0.2489883642544181,2.4601272037337614,E,2011-10-24
DISCK,DISCK.A^H14,2011-11-01,ESG-GARCH(G),0.2489883642544181,2.4601272037337614,G,2011-10-24
DISCK,DISCK.A^H14,2011-11-01,ESG-GARCH(S),0.2489883642544181,2.460127203733762,S,2011-10-24
DISCK,DISCK.A^H14,2011-11-01,ESG-GJR-GARCH,0.2659767538380022,2.8072870469127453,all,2011-10-24
DISCK,DISCK.A^H14,2011-11-01,ESG-GJR-GARCH(E),0.2659767538380026,2.8072870469127555,E,2011-10-24
DISCK,DISCK.A^H14,2011-11-01,ESG-GJR-GARCH(G),0.2659767538380025,2.8072870469127547,G,2011-10-24
DISCK,DISCK.A^H14,2011-11-01,ESG-GJR-GARCH(S),0.2659767538380026,2.8072870469127555,S,2011-10-24
DISCK,DISCK.A^H14,2011-11-01,GARCH,0.300600355212318,3.585737045784593,,2011-10-24
DISCK,DISCK.A^H14,2011-11-01,GJR-GARCH,0.257713908004497,2.635573745196444,,2011-10-24
DISCK,DISCK.A^H14,2011-11-02,EGARCH,0.3050051370124187,3.691592603331917,,2011-10-24
DISCK,DISCK.A^H14,2011-11-02,ESG-EGARCH,0.262233099503541,2.728817399810875,all,2011-10-24
DISCK,DISCK.A^H14,2011-11-02,ESG-EGARCH(E),0.2622330995035409,2.728817399810874,E,2011-10-24
DISCK,DISCK.A^H14,2011-11-02,ESG-EGARCH(G),0.2622330995035409,2.7288173998108736,G,2011-10-24
DISCK,DISCK.A^H14,2011-11-02,ESG-EGARCH(S),0.2622330995035409,2.728817399810874,S,2011-10-24
DISCK,DISCK.A^H14,2011-11-02,ESG-GARCH,0.2489883642544178,2.460127203733756,all,2011-10-24
DISCK,DISCK.A^H14,2011-11-02,ESG-GARCH(E),0.2489883642544181,2.4601272037337614,E,2011-10-24
DISCK,DISCK.A^H14,2011-11-02,ESG-GARCH(G),0.2489883642544181,2.4601272037337614,G,2011-10-24
DISCK,DISCK.A^H14,2011-11-02,ESG-GARCH(S),0.2489883642544181,2.460127203733762,S,2011-10-24
DISCK,DISCK.A^H14,2011-11-02,ESG-GJR-GARCH,0.2659767538380022,2.8072870469127453,all,2011-10-24
DISCK,DISCK.A^H14,2011-11-02,ESG-GJR-GARCH(E),0.2659767538380026,2.8072870469127555,E,2011-10-24
DISCK,DISCK.A^H14,2011-11-02,ESG-GJR-GARCH(G),0.2659767538380025,2.8072870469127547,G,2011-10-24
DISCK,DISCK.A^H14,2011-11-02,ESG-GJR-GARCH(S),0.2659767538380026,2.8072870469127555,S,2011-10-24
DISCK,DISCK.A^H14,2011-11-02,GARCH,0.300600355212318,3.585737045784593,,2011-10-24
DISCK,DISCK.A^H14,2011-11-02,GJR-GARCH,0.257713908004497,2.635573745196444,,2011-10-24
DISCK,DISCK.A^H14,2011-11-03,EGARCH,0.3050051370124187,3.691592603331917,,2011-10-24
DISCK,DISCK.A^H14,2011-11-03,ESG-EGARCH,0.262233099503541,2.728817399810875,all,2011-10-24
DISCK,DISCK.A^H14,2011-11-03,ESG-EGARCH(E),0.2622330995035409,2.728817399810874,E,2011-10-24
DISCK,DISCK.A^H14,2011-11-03,ESG-EGARCH(G),0.2622330995035409,2.7288173998108736,G,2011-10-24
DISCK,DISCK.A^H14,2011-11-03,ESG-EGARCH(S),0.2622330995035409,2.728817399810874,S,2011-10-24
DISCK,DISCK.A^H14,2011-11-03,ESG-GARCH,0.2489883642544178,2.460127203733756,all,2011-10-24
DISCK,DISCK.A^H14,2011-11-03,ESG-GARCH(E),0.2489883642544181,2.4601272037337614,E,2011-10-24
DISCK,DISCK.A^H14,2011-11-03,ESG-GARCH(G),0.2489883642544181,2.4601272037337614,G,2011-10-24
DISCK,DISCK.A^H14,2011-11-03,ESG-GARCH(S),0.2489883642544181,2.460127203733762,S,2011-10-24
DISCK,DISCK.A^H14,2011-11-03,ESG-GJR-GARCH,0.2659767538380022,2.8072870469127453,all,2011-10-24
DISCK,DISCK.A^H14,2011-11-03,ESG-GJR-GARCH(E),0.2659767538380026,2.8072870469127555,E,2011-10-24
DISCK,DISCK.A^H14,2011-11-03,ESG-GJR-GARCH(G),0.2659767538380025,2.8072870469127547,G,2011-10-24
DISCK,DISCK.A^H14,2011-11-03,ESG-GJR-GARCH(S),0.2659767538380026,2.8072870469127555,S,2011-10-24
DISCK,DISCK.A^H14,2011-11-03,GARCH,0.300600355212318,3.585737045784593,,2011-10-24
DISCK,DISCK.A^H14,2011-11-03,GJR-GARCH,0.257713908004497,2.635573745196444,,2011-10-24
DISCK,DISCK.A^H14,2011-11-04,EGARCH,0.3050051370124187,3.691592603331917,,2011-10-24
DISCK,DISCK.A^H14,2011-11-04,ESG-EGARCH,0.262233099503541,2.728817399810875,all,2011-10-24
DISCK,DISCK.A^H14,2011-11-04,ESG-EGARCH(E),0.2622330995035409,2.728817399810874,E,2011-10-24
DISCK,DISCK.A^H14,2011-11-04,ESG-EGARCH(G),0.2622330995035409,2.7288173998108736,G,2011-10-24
DISCK,DISCK.A^H14,2011-11-04,ESG-EGARCH(S),0.2622330995035409,2.728817399810874,S,2011-10-24
DISCK,DISCK.A^H14,2011-11-04,ESG-GARCH,0.2489883642544178,2.460127203733756,all,2011-10-24
DISCK,DISCK.A^H14,2011-11-04,ESG-GARCH(E),0.2489883642544181,2.4601272037337614,E,2011-10-24
DISCK,DISCK.A^H14,2011-11-04,ESG-GARCH(G),0.2489883642544181,2.4601272037337614,G,2011-10-24
DISCK,DISCK.A^H14,2011-11-04,ESG-GARCH(S),0.2489883642544181,2.460127203733762,S,2011-10-24
DISCK,DISCK.A^H14,2011-11-04,ESG-GJR-GARCH,0.2659767538380022,2.8072870469127453,all,2011-10-24
DISCK,DISCK.A^H14,2011-11-04,ESG-GJR-GARCH(E),0.2659767538380026,2.8072870469127555,E,2011-10-24
DISCK,DISCK.A^H14,2011-11-04,ESG-GJR-GARCH(G),0.2659767538380025,2.8072870469127547,G,2011-10-24
DISCK,DISCK.A^H14,2011-11-04,ESG-GJR-GARCH(S),0.2659767538380026,2.8072870469127555,S,2011-10-24
DISCK,DISCK.A^H14,2011-11-04,GARCH,0.300600355212318,3.585737045784593,,2011-10-24
DISCK,DISCK.A^H14,2011-11-04,GJR-GARCH,0.257713908004497,2.635573745196444,,2011-10-24
DISCK,DISCK.A^H14,2011-11-07,EGARCH,0.3050051370124187,3.691592603331917,,2011-10-24
DISCK,DISCK.A^H14,2011-11-07,ESG-EGARCH,0.262233099503541,2.728817399810875,all,2011-10-24
DISCK,DISCK.A^H14,2011-11-07,ESG-EGARCH(E),0.2622330995035409,2.728817399810874,E,2011-10-24
DISCK,DISCK.A^H14,2011-11-07,ESG-EGARCH(G),0.2622330995035409,2.7288173998108736,G,2011-10-24
DISCK,DISCK.A^H14,2011-11-07,ESG-EGARCH(S),0.2622330995035409,2.728817399810874,S,2011-10-24
DISCK,DISCK.A^H14,2011-11-07,ESG-GARCH,0.2489883642544178,2.460127203733756,all,2011-10-24
DISCK,DISCK.A^H14,2011-11-07,ESG-GARCH(E),0.2489883642544181,2.4601272037337614,E,2011-10-24
DISCK,DISCK.A^H14,2011-11-07,ESG-GARCH(G),0.2489883642544181,2.4601272037337614,G,2011-10-24
DISCK,DISCK.A^H14,2011-11-07,ESG-GARCH(S),0.2489883642544181,2.460127203733762,S,2011-10-24
DISCK,DISCK.A^H14,2011-11-07,ESG-GJR-GARCH,0.2659767538380022,2.8072870469127453,all,2011-10-24
DISCK,DISCK.A^H14,2011-11-07,ESG-GJR-GARCH(E),0.2659767538380026,2.8072870469127555,E,2011-10-24
DISCK,DISCK.A^H14,2011-11-07,ESG-GJR-GARCH(G),0.2659767538380025,2.8072870469127547,G,2011-10-24
DISCK,DISCK.A^H14,2011-11-07,ESG-GJR-GARCH(S),0.2659767538380026,2.8072870469127555,S,2011-10-24
DISCK,DISCK.A^H14,2011-11-07,GARCH,0.300600355212318,3.585737045784593,,2011-10-24
DISCK,DISCK.A^H14,2011-11-07,GJR-GARCH,0.257713908004497,2.635573745196444,,2011-10-24
DISCK,DISCK.A^H14,2011-11-08,EGARCH,0.3050051370124187,3.691592603331917,,2011-10-24
DISCK,DISCK.A^H14,2011-11-08,ESG-EGARCH,0.262233099503541,2.728817399810875,all,2011-10-24
DISCK,DISCK.A^H14,2011-11-08,ESG-EGARCH(E),0.2622330995035409,2.728817399810874,E,2011-10-24
DISCK,DISCK.A^H14,2011-11-08,ESG-EGARCH(G),0.2622330995035409,2.7288173998108736,G,2011-10-24
DISCK,DISCK.A^H14,2011-11-08,ESG-EGARCH(S),0.2622330995035409,2.728817399810874,S,2011-10-24
DISCK,DISCK.A^H14,2011-11-08,ESG-GARCH,0.2489883642544178,2.460127203733756,all,2011-10-24
DISCK,DISCK.A^H14,2011-11-08,ESG-GARCH(E),0.2489883642544181,2.4601272037337614,E,2011-10-24
DISCK,DISCK.A^H14,2011-11-08,ESG-GARCH(G),0.2489883642544181,2.4601272037337614,G,2011-10-24
DISCK,DISCK.A^H14,2011-11-08,ESG-GARCH(S),0.2489883642544181,2.460127203733762,S,2011-10-24
DISCK,DISCK.A^H14,2011-11-08,ESG-GJR-GARCH,0.2659767538380022,2.8072870469127453,all,2011-10-24
DISCK,DISCK.A^H14,2011-11-08,ESG-GJR-GARCH(E),0.2659767538380026,2.8072870469127555,E,2011-10-24
DISCK,DISCK.A^H14,2011-11-08,ESG-GJR-GARCH(G),0.2659767538380025,2.8072870469127547,G,2011-10-24
DISCK,DISCK.A^H14,2011-11-08,ESG-GJR-GARCH(S),0.2659767538380026,2.8072870469127555,S,2011-10-24
DISCK,DISCK.A^H14,2011-11-08,GARCH,0.300600355212318,3.585737045784593,,2011-10-24
DISCK,DISCK.A^H14,2011-11-08,GJR-GARCH,0.257713908004497,2.635573745196444,,2011-10-24
DISCK,DISCK.A^H14,2011-11-09,EGARCH,0.3050051370124187,3.691592603331917,,2011-10-24
DISCK,DISCK.A^H14,2011-11-09,ESG-EGARCH,0.262233099503541,2.728817399810875,all,2011-10-24
DISCK,DISCK.A^H14,2011-11-09,ESG-EGARCH(E),0.2622330995035409,2.728817399810874,E,2011-10-24
DISCK,DISCK.A^H14,2011-11-09,ESG-EGARCH(G),0.2622330995035409,2.7288173998108736,G,2011-10-24
DISCK,DISCK.A^H14,2011-11-09,ESG-EGARCH(S),0.2622330995035409,2.728817399810874,S,2011-10-24
DISCK,DISCK.A^H14,2011-11-09,ESG-GARCH,0.2489883642544178,2.460127203733756,all,2011-10-24
DISCK,DISCK.A^H14,2011-11-09,ESG-GARCH(E),0.2489883642544181,2.4601272037337614,E,2011-10-24
DISCK,DISCK.A^H14,2011-11-09,ESG-GARCH(G),0.2489883642544181,2.4601272037337614,G,2011-10-24
DISCK,DISCK.A^H14,2011-11-09,ESG-GARCH(S),0.2489883642544181,2.460127203733762,S,2011-10-24
DISCK,DISCK.A^H14,2011-11-09,ESG-GJR-GARCH,0.2659767538380022,2.8072870469127453,all,2011-10-24
DISCK,DISCK.A^H14,2011-11-09,ESG-GJR-GARCH(E),0.2659767538380026,2.8072870469127555,E,2011-10-24
DISCK,DISCK.A^H14,2011-11-09,ESG-GJR-GARCH(G),0.2659767538380025,2.8072870469127547,G,2011-10-24
DISCK,DISCK.A^H14,2011-11-09,ESG-GJR-GARCH(S),0.2659767538380026,2.8072870469127555,S,2011-10-24
DISCK,DISCK.A^H14,2011-11-09,GARCH,0.300600355212318,3.585737045784593,,2011-10-24
DISCK,DISCK.A^H14,2011-11-09,GJR-GARCH,0.257713908004497,2.635573745196444,,2011-10-24
DISCK,DISCK.A^H14,2011-11-10,EGARCH,0.3050051370124187,3.691592603331917,,2011-10-24
DISCK,DISCK.A^H14,2011-11-10,ESG-EGARCH,0.262233099503541,2.728817399810875,all,2011-10-24
DISCK,DISCK.A^H14,2011-11-10,ESG-EGARCH(E),0.2622330995035409,2.728817399810874,E,2011-10-24
DISCK,DISCK.A^H14,2011-11-10,ESG-EGARCH(G),0.2622330995035409,2.7288173998108736,G,2011-10-24
DISCK,DISCK.A^H14,2011-11-10,ESG-EGARCH(S),0.2622330995035409,2.728817399810874,S,2011-10-24
DISCK,DISCK.A^H14,2011-11-10,ESG-GARCH,0.2489883642544178,2.460127203733756,all,2011-10-24
DISCK,DISCK.A^H14,2011-11-10,ESG-GARCH(E),0.2489883642544181,2.4601272037337614,E,2011-10-24
DISCK,DISCK.A^H14,2011-11-10,ESG-GARCH(G),0.2489883642544181,2.4601272037337614,G,2011-10-24
DISCK,DISCK.A^H14,2011-11-10,ESG-GARCH(S),0.2489883642544181,2.460127203733762,S,2011-10-24
DISCK,DISCK.A^H14,2011-11-10,ESG-GJR-GARCH,0.2659767538380022,2.8072870469127453,all,2011-10-24
DISCK,DISCK.A^H14,2011-11-10,ESG-GJR-GARCH(E),0.2659767538380026,2.8072870469127555,E,2011-10-24
DISCK,DISCK.A^H14,2011-11-10,ESG-GJR-GARCH(G),0.2659767538380025,2.8072870469127547,G,2011-10-24
DISCK,DISCK.A^H14,2011-11-10,ESG-GJR-GARCH(S),0.2659767538380026,2.8072870469127555,S,2011-10-24
DISCK,DISCK.A^H14,2011-11-10,GARCH,0.300600355212318,3.585737045784593,,2011-10-24
DISCK,DISCK.A^H14,2011-11-10,GJR-GARCH,0.257713908004497,2.635573745196444,,2011-10-24
DISCK,DISCK.A^H14,2011-11-11,EGARCH,0.3050051370124187,3.691592603331917,,2011-10-24
DISCK,DISCK.A^H14,2011-11-11,ESG-EGARCH,0.262233099503541,2.728817399810875,all,2011-10-24
DISCK,DISCK.A^H14,2011-11-11,ESG-EGARCH(E),0.2622330995035409,2.728817399810874,E,2011-10-24
DISCK,DISCK.A^H14,2011-11-11,ESG-EGARCH(G),0.2622330995035409,2.7288173998108736,G,2011-10-24
DISCK,DISCK.A^H14,2011-11-11,ESG-EGARCH(S),0.2622330995035409,2.728817399810874,S,2011-10-24
DISCK,DISCK.A^H14,2011-11-11,ESG-GARCH,0.2489883642544178,2.460127203733756,all,2011-10-24
DISCK,DISCK.A^H14,2011-11-11,ESG-GARCH(E),0.2489883642544181,2.4601272037337614,E,2011-10-24
DISCK,DISCK.A^H14,2011-11-11,ESG-GARCH(G),0.2489883642544181,2.4601272037337614,G,2011-10-24
DISCK,DISCK.A^H14,2011-11-11,ESG-GARCH(S),0.2489883642544181,2.460127203733762,S,2011-10-24
DISCK,DISCK.A^H14,2011-11-11,ESG-GJR-GARCH,0.2659767538380022,2.8072870469127453,all,2011-10-24
DISCK,DISCK.A^H14,2011-11-11,ESG-GJR-GARCH(E),0.2659767538380026,2.8072870469127555,E,2011-10-24
DISCK,DISCK.A^H14,2011-11-11,ESG-GJR-GARCH(G),0.2659767538380025,2.8072870469127547,G,2011-10-24
DISCK,DISCK.A^H14,2011-11-11,ESG-GJR-GARCH(S),0.2659767538380026,2.8072870469127555,S,2011-10-24
DISCK,DISCK.A^H14,2011-11-11,GARCH,0.300600355212318,3.585737045784593,,2011-10-24
DISCK,DISCK.A^H14,2011-11-11,GJR-GARCH,0.257713908004497,2.635573745196444,,2011-10-24
DISCK,DISCK.A^H14,2011-11-14,EGARCH,0.3050051370124187,3.691592603331917,,2011-10-24
DISCK,DISCK.A^H14,2011-11-14,ESG-EGARCH,0.262233099503541,2.728817399810875,all,2011-10-24
DISCK,DISCK.A^H14,2011-11-14,ESG-EGARCH(E),0.2622330995035409,2.728817399810874,E,2011-10-24
DISCK,DISCK.A^H14,2011-11-14,ESG-EGARCH(G),0.2622330995035409,2.7288173998108736,G,2011-10-24
DISCK,DISCK.A^H14,2011-11-14,ESG-EGARCH(S),0.2622330995035409,2.728817399810874,S,2011-10-24
DISCK,DISCK.A^H14,2011-11-14,ESG-GARCH,0.2489883642544178,2.460127203733756,all,2011-10-24
DISCK,DISCK.A^H14,2011-11-14,ESG-GARCH(E),0.2489883642544181,2.4601272037337614,E,2011-10-24
DISCK,DISCK.A^H14,2011-11-14,ESG-GARCH(G),0.2489883642544181,2.4601272037337614,G,2011-10-24
DISCK,DISCK.A^H14,2011-11-14,ESG-GARCH(S),0.2489883642544181,2.460127203733762,S,2011-10-24
DISCK,DISCK.A^H14,2011-11-14,ESG-GJR-GARCH,0.2659767538380022,2.8072870469127453,all,2011-10-24
DISCK,DISCK.A^H14,2011-11-14,ESG-GJR-GARCH(E),0.2659767538380026,2.8072870469127555,E,2011-10-24
DISCK,DISCK.A^H14,2011-11-14,ESG-GJR-GARCH(G),0.2659767538380025,2.8072870469127547,G,2011-10-24
DISCK,DISCK.A^H14,2011-11-14,ESG-GJR-GARCH(S),0.2659767538380026,2.8072870469127555,S,2011-10-24
DISCK,DISCK.A^H14,2011-11-14,GARCH,0.300600355212318,3.585737045784593,,2011-10-24
DISCK,DISCK.A^H14,2011-11-14,GJR-GARCH,0.257713908004497,2.635573745196444,,2011-10-24
DISCK,DISCK.A^H14,2011-11-15,EGARCH,0.3050051370124187,3.691592603331917,,2011-10-24
DISCK,DISCK.A^H14,2011-11-15,ESG-EGARCH,0.262233099503541,2.728817399810875,all,2011-10-24
DISCK,DISCK.A^H14,2011-11-15,ESG-EGARCH(E),0.2622330995035409,2.728817399810874,E,2011-10-24
DISCK,DISCK.A^H14,2011-11-15,ESG-EGARCH(G),0.2622330995035409,2.7288173998108736,G,2011-10-24
DISCK,DISCK.A^H14,2011-11-15,ESG-EGARCH(S),0.2622330995035409,2.728817399810874,S,2011-10-24
DISCK,DISCK.A^H14,2011-11-15,ESG-GARCH,0.2489883642544178,2.460127203733756,all,2011-10-24
DISCK,DISCK.A^H14,2011-11-15,ESG-GARCH(E),0.2489883642544181,2.4601272037337614,E,2011-10-24
DISCK,DISCK.A^H14,2011-11-15,ESG-GARCH(G),0.2489883642544181,2.4601272037337614,G,2011-10-24
DISCK,DISCK.A^H14,2011-11-15,ESG-GARCH(S),0.2489883642544181,2.460127203733762,S,2011-10-24
DISCK,DISCK.A^H14,2011-11-15,ESG-GJR-GARCH,0.2659767538380022,2.8072870469127453,all,2011-10-24
DISCK,DISCK.A^H14,2011-11-15,ESG-GJR-GARCH(E),0.2659767538380026,2.8072870469127555,E,2011-10-24
DISCK,DISCK.A^H14,2011-11-15,ESG-GJR-GARCH(G),0.2659767538380025,2.8072870469127547,G,2011-10-24
DISCK,DISCK.A^H14,2011-11-15,ESG-GJR-GARCH(S),0.2659767538380026,2.8072870469127555,S,2011-10-24
DISCK,DISCK.A^H14,2011-11-15,GARCH,0.300600355212318,3.585737045784593,,2011-10-24
DISCK,DISCK.A^H14,2011-11-15,GJR-GARCH,0.257713908004497,2.635573745196444,,2011-10-24
DISCK,DISCK.A^H14,2011-11-16,EGARCH,0.3050051370124187,3.691592603331917,,2011-10-24
DISCK,DISCK.A^H14,2011-11-16,ESG-EGARCH,0.262233099503541,2.728817399810875,all,2011-10-24
DISCK,DISCK.A^H14,2011-11-16,ESG-EGARCH(E),0.2622330995035409,2.728817399810874,E,2011-10-24
DISCK,DISCK.A^H14,2011-11-16,ESG-EGARCH(G),0.2622330995035409,2.7288173998108736,G,2011-10-24
DISCK,DISCK.A^H14,2011-11-16,ESG-EGARCH(S),0.2622330995035409,2.728817399810874,S,2011-10-24
DISCK,DISCK.A^H14,2011-11-16,ESG-GARCH,0.2489883642544178,2.460127203733756,all,2011-10-24
DISCK,DISCK.A^H14,2011-11-16,ESG-GARCH(E),0.2489883642544181,2.4601272037337614,E,2011-10-24
DISCK,DISCK.A^H14,2011-11-16,ESG-GARCH(G),0.2489883642544181,2.4601272037337614,G,2011-10-24
DISCK,DISCK.A^H14,2011-11-16,ESG-GARCH(S),0.2489883642544181,2.460127203733762,S,2011-10-24
DISCK,DISCK.A^H14,2011-11-16,ESG-GJR-GARCH,0.2659767538380022,2.8072870469127453,all,2011-10-24
DISCK,DISCK.A^H14,2011-11-16,ESG-GJR-GARCH(E),0.2659767538380026,2.8072870469127555,E,2011-10-24
DISCK,DISCK.A^H14,2011-11-16,ESG-GJR-GARCH(G),0.2659767538380025,2.8072870469127547,G,2011-10-24
DISCK,DISCK.A^H14,2011-11-16,ESG-GJR-GARCH(S),0.2659767538380026,2.8072870469127555,S,2011-10-24
DISCK,DISCK.A^H14,2011-11-16,GARCH,0.300600355212318,3.585737045784593,,2011-10-24
DISCK,DISCK.A^H14,2011-11-16,GJR-GARCH,0.257713908004497,2.635573745196444,,2011-10-24
DISCK,DISCK.A^H14,2011-11-17,EGARCH,0.3050051370124187,3.691592603331917,,2011-10-24
DISCK,DISCK.A^H14,2011-11-17,ESG-EGARCH,0.262233099503541,2.728817399810875,all,2011-10-24
DISCK,DISCK.A^H14,2011-11-17,ESG-EGARCH(E),0.2622330995035409,2.728817399810874,E,2011-10-24
DISCK,DISCK.A^H14,2011-11-17,ESG-EGARCH(G),0.2622330995035409,2.7288173998108736,G,2011-10-24
DISCK,DISCK.A^H14,2011-11-17,ESG-EGARCH(S),0.2622330995035409,2.728817399810874,S,2011-10-24
DISCK,DISCK.A^H14,2011-11-17,ESG-GARCH,0.2489883642544178,2.460127203733756,all,2011-10-24
DISCK,DISCK.A^H14,2011-11-17,ESG-GARCH(E),0.2489883642544181,2.4601272037337614,E,2011-10-24
DISCK,DISCK.A^H14,2011-11-17,ESG-GARCH(G),0.2489883642544181,2.4601272037337614,G,2011-10-24
DISCK,DISCK.A^H14,2011-11-17,ESG-GARCH(S),0.2489883642544181,2.460127203733762,S,2011-10-24
DISCK,DISCK.A^H14,2011-11-17,ESG-GJR-GARCH,0.2659767538380022,2.8072870469127453,all,2011-10-24
DISCK,DISCK.A^H14,2011-11-17,ESG-GJR-GARCH(E),0.2659767538380026,2.8072870469127555,E,2011-10-24
DISCK,DISCK.A^H14,2011-11-17,ESG-GJR-GARCH(G),0.2659767538380025,2.8072870469127547,G,2011-10-24
DISCK,DISCK.A^H14,2011-11-17,ESG-GJR-GARCH(S),0.2659767538380026,2.8072870469127555,S,2011-10-24
DISCK,DISCK.A^H14,2011-11-17,GARCH,0.300600355212318,3.585737045784593,,2011-10-24
DISCK,DISCK.A^H14,2011-11-17,GJR-GARCH,0.257713908004497,2.635573745196444,,2011-10-24
DISCK,DISCK.A^H14,2011-11-18,EGARCH,0.3050051370124187,3.691592603331917,,2011-10-24
DISCK,DISCK.A^H14,2011-11-18,ESG-EGARCH,0.262233099503541,2.728817399810875,all,2011-10-24
DISCK,DISCK.A^H14,2011-11-18,ESG-EGARCH(E),0.2622330995035409,2.728817399810874,E,2011-10-24
DISCK,DISCK.A^H14,2011-11-18,ESG-EGARCH(G),0.2622330995035409,2.7288173998108736,G,2011-10-24
DISCK,DISCK.A^H14,2011-11-18,ESG-EGARCH(S),0.2622330995035409,2.728817399810874,S,2011-10-24
DISCK,DISCK.A^H14,2011-11-18,ESG-GARCH,0.2489883642544178,2.460127203733756,all,2011-10-24
DISCK,DISCK.A^H14,2011-11-18,ESG-GARCH(E),0.2489883642544181,2.4601272037337614,E,2011-10-24
DISCK,DISCK.A^H14,2011-11-18,ESG-GARCH(G),0.2489883642544181,2.4601272037337614,G,2011-10-24
DISCK,DISCK.A^H14,2011-11-18,ESG-GARCH(S),0.2489883642544181,2.460127203733762,S,2011-10-24
DISCK,DISCK.A^H14,2011-11-18,ESG-GJR-GARCH,0.2659767538380022,2.8072870469127453,all,2011-10-24
DISCK,DISCK.A^H14,2011-11-18,ESG-GJR-GARCH(E),0.2659767538380026,2.8072870469127555,E,2011-10-24
DISCK,DISCK.A^H14,2011-11-18,ESG-GJR-GARCH(G),0.2659767538380025,2.8072870469127547,G,2011-10-24
DISCK,DISCK.A^H14,2011-11-18,ESG-GJR-GARCH(S),0.2659767538380026,2.8072870469127555,S,2011-10-24
DISCK,DISCK.A^H14,2011-11-18,GARCH,0.300600355212318,3.585737045784593,,2011-10-24
DISCK,DISCK.A^H14,2011-11-18,GJR-GARCH,0.257713908004497,2.635573745196444,,2011-10-24
DISCK,DISCK.A^H14,2011-11-21,EGARCH,0.3050051370124187,3.691592603331917,,2011-10-24
DISCK,DISCK.A^H14,2011-11-21,ESG-EGARCH,0.262233099503541,2.728817399810875,all,2011-10-24
DISCK,DISCK.A^H14,2011-11-21,ESG-EGARCH(E),0.2622330995035409,2.728817399810874,E,2011-10-24
DISCK,DISCK.A^H14,2011-11-21,ESG-EGARCH(G),0.2622330995035409,2.7288173998108736,G,2011-10-24
DISCK,DISCK.A^H14,2011-11-21,ESG-EGARCH(S),0.2622330995035409,2.728817399810874,S,2011-10-24
DISCK,DISCK.A^H14,2011-11-21,ESG-GARCH,0.2489883642544178,2.460127203733756,all,2011-10-24
DISCK,DISCK.A^H14,2011-11-21,ESG-GARCH(E),0.2489883642544181,2.4601272037337614,E,2011-10-24
DISCK,DISCK.A^H14,2011-11-21,ESG-GARCH(G),0.2489883642544181,2.4601272037337614,G,2011-10-24
DISCK,DISCK.A^H14,2011-11-21,ESG-GARCH(S),0.2489883642544181,2.460127203733762,S,2011-10-24
DISCK,DISCK.A^H14,2011-11-21,ESG-GJR-GARCH,0.2659767538380022,2.8072870469127453,all,2011-10-24
DISCK,DISCK.A^H14,2011-11-21,ESG-GJR-GARCH(E),0.2659767538380026,2.8072870469127555,E,2011-10-24
DISCK,DISCK.A^H14,2011-11-21,ESG-GJR-GARCH(G),0.2659767538380025,2.8072870469127547,G,2011-10-24
DISCK,DISCK.A^H14,2011-11-21,ESG-GJR-GARCH(S),0.2659767538380026,2.8072870469127555,S,2011-10-24
DISCK,DISCK.A^H14,2011-11-21,GARCH,0.300600355212318,3.585737045784593,,2011-10-24
DISCK,DISCK.A^H14,2011-11-21,GJR-GARCH,0.257713908004497,2.635573745196444,,2011-10-24
DISCK,DISCK.A^H14,2011-11-22,EGARCH,0.3050051370124187,3.691592603331917,,2011-10-24
DISCK,DISCK.A^H14,2011-11-22,ESG-EGARCH,0.262233099503541,2.728817399810875,all,2011-10-24
DISCK,DISCK.A^H14,2011-11-22,ESG-EGARCH(E),0.2622330995035409,2.728817399810874,E,2011-10-24
DISCK,DISCK.A^H14,2011-11-22,ESG-EGARCH(G),0.2622330995035409,2.7288173998108736,G,2011-10-24
DISCK,DISCK.A^H14,2011-11-22,ESG-EGARCH(S),0.2622330995035409,2.728817399810874,S,2011-10-24
DISCK,DISCK.A^H14,2011-11-22,ESG-GARCH,0.2489883642544178,2.460127203733756,all,2011-10-24
DISCK,DISCK.A^H14,2011-11-22,ESG-GARCH(E),0.2489883642544181,2.4601272037337614,E,2011-10-24
DISCK,DISCK.A^H14,2011-11-22,ESG-GARCH(G),0.2489883642544181,2.4601272037337614,G,2011-10-24
DISCK,DISCK.A^H14,2011-11-22,ESG-GARCH(S),0.2489883642544181,2.460127203733762,S,2011-10-24
DISCK,DISCK.A^H14,2011-11-22,ESG-GJR-GARCH,0.2659767538380022,2.8072870469127453,all,2011-10-24
DISCK,DISCK.A^H14,2011-11-22,ESG-GJR-GARCH(E),0.2659767538380026,2.8072870469127555,E,2011-10-24
DISCK,DISCK.A^H14,2011-11-22,ESG-GJR-GARCH(G),0.2659767538380025,2.8072870469127547,G,2011-10-24
DISCK,DISCK.A^H14,2011-11-22,ESG-GJR-GARCH(S),0.2659767538380026,2.8072870469127555,S,2011-10-24
DISCK,DISCK.A^H14,2011-11-22,GARCH,0.300600355212318,3.585737045784593,,2011-10-24
DISCK,DISCK.A^H14,2011-11-22,GJR-GARCH,0.257713908004497,2.635573745196444,,2011-10-24
DISCK,DISCK.A^H14,2011-11-28,EGARCH,0.2795869894624657,3.1019398681224177,,2011-11-28
DISCK,DISCK.A^H14,2011-11-28,ESG-EGARCH,0.286140975907026,3.249073733850208,all,2011-11-28
DISCK,DISCK.A^H14,2011-11-28,ESG-EGARCH(E),0.2861409759070261,3.249073733850212,E,2011-11-28
DISCK,DISCK.A^H14,2011-11-28,ESG-EGARCH(G),0.2861409759070262,3.2490737338502123,G,2011-11-28
DISCK,DISCK.A^H14,2011-11-28,ESG-EGARCH(S),0.2861409759070261,3.249073733850211,S,2011-11-28
DISCK,DISCK.A^H14,2011-11-28,ESG-GARCH,0.2967920066438309,3.4954561590345943,all,2011-11-28
DISCK,DISCK.A^H14,2011-11-28,ESG-GARCH(E),0.2967920066438316,3.49545615903461,E,2011-11-28
DISCK,DISCK.A^H14,2011-11-28,ESG-GARCH(G),0.2967920066438316,3.49545615903461,G,2011-11-28
DISCK,DISCK.A^H14,2011-11-28,ESG-GARCH(S),0.2967920066438316,3.4954561590346107,S,2011-11-28
DISCK,DISCK.A^H14,2011-11-28,ESG-GJR-GARCH,0.3719256941086406,5.489234997547386,all,2011-11-28
DISCK,DISCK.A^H14,2011-11-28,ESG-GJR-GARCH(E),0.3719256941086408,5.489234997547392,E,2011-11-28
DISCK,DISCK.A^H14,2011-11-28,ESG-GJR-GARCH(G),0.3719256941086408,5.489234997547392,G,2011-11-28
DISCK,DISCK.A^H14,2011-11-28,ESG-GJR-GARCH(S),0.3719256941086408,5.489234997547392,S,2011-11-28
DISCK,DISCK.A^H14,2011-11-28,GARCH,0.2862549441883269,3.2516624235024665,,2011-11-28
DISCK,DISCK.A^H14,2011-11-28,GJR-GARCH,0.3643947607864306,5.269188162246032,,2011-11-28
DISCK,DISCK.A^H14,2011-11-29,EGARCH,0.2795869894624657,3.1019398681224177,,2011-11-28
DISCK,DISCK.A^H14,2011-11-29,ESG-EGARCH,0.286140975907026,3.249073733850208,all,2011-11-28
DISCK,DISCK.A^H14,2011-11-29,ESG-EGARCH(E),0.2861409759070261,3.249073733850212,E,2011-11-28
DISCK,DISCK.A^H14,2011-11-29,ESG-EGARCH(G),0.2861409759070262,3.2490737338502123,G,2011-11-28
DISCK,DISCK.A^H14,2011-11-29,ESG-EGARCH(S),0.2861409759070261,3.249073733850211,S,2011-11-28
DISCK,DISCK.A^H14,2011-11-29,ESG-GARCH,0.2967920066438309,3.4954561590345943,all,2011-11-28
DISCK,DISCK.A^H14,2011-11-29,ESG-GARCH(E),0.2967920066438316,3.49545615903461,E,2011-11-28
DISCK,DISCK.A^H14,2011-11-29,ESG-GARCH(G),0.2967920066438316,3.49545615903461,G,2011-11-28
DISCK,DISCK.A^H14,2011-11-29,ESG-GARCH(S),0.2967920066438316,3.4954561590346107,S,2011-11-28
DISCK,DISCK.A^H14,2011-11-29,ESG-GJR-GARCH,0.3719256941086406,5.489234997547386,all,2011-11-28
DISCK,DISCK.A^H14,2011-11-29,ESG-GJR-GARCH(E),0.3719256941086408,5.489234997547392,E,2011-11-28
DISCK,DISCK.A^H14,2011-11-29,ESG-GJR-GARCH(G),0.3719256941086408,5.489234997547392,G,2011-11-28
DISCK,DISCK.A^H14,2011-11-29,ESG-GJR-GARCH(S),0.3719256941086408,5.489234997547392,S,2011-11-28
DISCK,DISCK.A^H14,2011-11-29,GARCH,0.2862549441883269,3.2516624235024665,,2011-11-28
DISCK,DISCK.A^H14,2011-11-29,GJR-GARCH,0.3643947607864306,5.269188162246032,,2011-11-28
DISCK,DISCK.A^H14,2011-11-30,EGARCH,0.2795869894624657,3.1019398681224177,,2011-11-28
DISCK,DISCK.A^H14,2011-11-30,ESG-EGARCH,0.286140975907026,3.249073733850208,all,2011-11-28
DISCK,DISCK.A^H14,2011-11-30,ESG-EGARCH(E),0.2861409759070261,3.249073733850212,E,2011-11-28
DISCK,DISCK.A^H14,2011-11-30,ESG-EGARCH(G),0.2861409759070262,3.2490737338502123,G,2011-11-28
DISCK,DISCK.A^H14,2011-11-30,ESG-EGARCH(S),0.2861409759070261,3.249073733850211,S,2011-11-28
DISCK,DISCK.A^H14,2011-11-30,ESG-GARCH,0.2967920066438309,3.4954561590345943,all,2011-11-28
DISCK,DISCK.A^H14,2011-11-30,ESG-GARCH(E),0.2967920066438316,3.49545615903461,E,2011-11-28
DISCK,DISCK.A^H14,2011-11-30,ESG-GARCH(G),0.2967920066438316,3.49545615903461,G,2011-11-28
DISCK,DISCK.A^H14,2011-11-30,ESG-GARCH(S),0.2967920066438316,3.4954561590346107,S,2011-11-28
DISCK,DISCK.A^H14,2011-11-30,ESG-GJR-GARCH,0.3719256941086406,5.489234997547386,all,2011-11-28
DISCK,DISCK.A^H14,2011-11-30,ESG-GJR-GARCH(E),0.3719256941086408,5.489234997547392,E,2011-11-28
DISCK,DISCK.A^H14,2011-11-30,ESG-GJR-GARCH(G),0.3719256941086408,5.489234997547392,G,2011-11-28
DISCK,DISCK.A^H14,2011-11-30,ESG-GJR-GARCH(S),0.3719256941086408,5.489234997547392,S,2011-11-28
DISCK,DISCK.A^H14,2011-11-30,GARCH,0.2862549441883269,3.2516624235024665,,2011-11-28
DISCK,DISCK.A^H14,2011-11-30,GJR-GARCH,0.3643947607864306,5.269188162246032,,2011-11-28
DISCK,DISCK.A^H14,2011-12-01,EGARCH,0.2795869894624657,3.1019398681224177,,2011-11-28
DISCK,DISCK.A^H14,2011-12-01,ESG-EGARCH,0.286140975907026,3.249073733850208,all,2011-11-28
DISCK,DISCK.A^H14,2011-12-01,ESG-EGARCH(E),0.2861409759070261,3.249073733850212,E,2011-11-28
DISCK,DISCK.A^H14,2011-12-01,ESG-EGARCH(G),0.2861409759070262,3.2490737338502123,G,2011-11-28
DISCK,DISCK.A^H14,2011-12-01,ESG-EGARCH(S),0.2861409759070261,3.249073733850211,S,2011-11-28
DISCK,DISCK.A^H14,2011-12-01,ESG-GARCH,0.2967920066438309,3.4954561590345943,all,2011-11-28
DISCK,DISCK.A^H14,2011-12-01,ESG-GARCH(E),0.2967920066438316,3.49545615903461,E,2011-11-28
DISCK,DISCK.A^H14,2011-12-01,ESG-GARCH(G),0.2967920066438316,3.49545615903461,G,2011-11-28
DISCK,DISCK.A^H14,2011-12-01,ESG-GARCH(S),0.2967920066438316,3.4954561590346107,S,2011-11-28
DISCK,DISCK.A^H14,2011-12-01,ESG-GJR-GARCH,0.3719256941086406,5.489234997547386,all,2011-11-28
DISCK,DISCK.A^H14,2011-12-01,ESG-GJR-GARCH(E),0.3719256941086408,5.489234997547392,E,2011-11-28
DISCK,DISCK.A^H14,2011-12-01,ESG-GJR-GARCH(G),0.3719256941086408,5.489234997547392,G,2011-11-28
DISCK,DISCK.A^H14,2011-12-01,ESG-GJR-GARCH(S),0.3719256941086408,5.489234997547392,S,2011-11-28
DISCK,DISCK.A^H14,2011-12-01,GARCH,0.2862549441883269,3.2516624235024665,,2011-11-28
DISCK,DISCK.A^H14,2011-12-01,GJR-GARCH,0.3643947607864306,5.269188162246032,,2011-11-28
DISCK,DISCK.A^H14,2011-12-02,EGARCH,0.2795869894624657,3.1019398681224177,,2011-11-28
DISCK,DISCK.A^H14,2011-12-02,ESG-EGARCH,0.286140975907026,3.249073733850208,all,2011-11-28
DISCK,DISCK.A^H14,2011-12-02,ESG-EGARCH(E),0.2861409759070261,3.249073733850212,E,2011-11-28
DISCK,DISCK.A^H14,2011-12-02,ESG-EGARCH(G),0.2861409759070262,3.2490737338502123,G,2011-11-28
DISCK,DISCK.A^H14,2011-12-02,ESG-EGARCH(S),0.2861409759070261,3.249073733850211,S,2011-11-28
DISCK,DISCK.A^H14,2011-12-02,ESG-GARCH,0.2967920066438309,3.4954561590345943,all,2011-11-28
DISCK,DISCK.A^H14,2011-12-02,ESG-GARCH(E),0.2967920066438316,3.49545615903461,E,2011-11-28
DISCK,DISCK.A^H14,2011-12-02,ESG-GARCH(G),0.2967920066438316,3.49545615903461,G,2011-11-28
DISCK,DISCK.A^H14,2011-12-02,ESG-GARCH(S),0.2967920066438316,3.4954561590346107,S,2011-11-28
DISCK,DISCK.A^H14,2011-12-02,ESG-GJR-GARCH,0.3719256941086406,5.489234997547386,all,2011-11-28
DISCK,DISCK.A^H14,2011-12-02,ESG-GJR-GARCH(E),0.3719256941086408,5.489234997547392,E,2011-11-28
DISCK,DISCK.A^H14,2011-12-02,ESG-GJR-GARCH(G),0.3719256941086408,5.489234997547392,G,2011-11-28
DISCK,DISCK.A^H14,2011-12-02,ESG-GJR-GARCH(S),0.3719256941086408,5.489234997547392,S,2011-11-28
DISCK,DISCK.A^H14,2011-12-02,GARCH,0.2862549441883269,3.2516624235024665,,2011-11-28
DISCK,DISCK.A^H14,2011-12-02,GJR-GARCH,0.3643947607864306,5.269188162246032,,2011-11-28
DISCK,DISCK.A^H14,2011-12-05,EGARCH,0.2795869894624657,3.1019398681224177,,2011-11-28
DISCK,DISCK.A^H14,2011-12-05,ESG-EGARCH,0.286140975907026,3.249073733850208,all,2011-11-28
DISCK,DISCK.A^H14,2011-12-05,ESG-EGARCH(E),0.2861409759070261,3.249073733850212,E,2011-11-28
DISCK,DISCK.A^H14,2011-12-05,ESG-EGARCH(G),0.2861409759070262,3.2490737338502123,G,2011-11-28
DISCK,DISCK.A^H14,2011-12-05,ESG-EGARCH(S),0.2861409759070261,3.249073733850211,S,2011-11-28
DISCK,DISCK.A^H14,2011-12-05,ESG-GARCH,0.2967920066438309,3.4954561590345943,all,2011-11-28
DISCK,DISCK.A^H14,2011-12-05,ESG-GARCH(E),0.2967920066438316,3.49545615903461,E,2011-11-28
DISCK,DISCK.A^H14,2011-12-05,ESG-GARCH(G),0.2967920066438316,3.49545615903461,G,2011-11-28
DISCK,DISCK.A^H14,2011-12-05,ESG-GARCH(S),0.2967920066438316,3.4954561590346107,S,2011-11-28
DISCK,DISCK.A^H14,2011-12-05,ESG-GJR-GARCH,0.3719256941086406,5.489234997547386,all,2011-11-28
DISCK,DISCK.A^H14,2011-12-05,ESG-GJR-GARCH(E),0.3719256941086408,5.489234997547392,E,2011-11-28
DISCK,DISCK.A^H14,2011-12-05,ESG-GJR-GARCH(G),0.3719256941086408,5.489234997547392,G,2011-11-28
DISCK,DISCK.A^H14,2011-12-05,ESG-GJR-GARCH(S),0.3719256941086408,5.489234997547392,S,2011-11-28
DISCK,DISCK.A^H14,2011-12-05,GARCH,0.2862549441883269,3.2516624235024665,,2011-11-28
DISCK,DISCK.A^H14,2011-12-05,GJR-GARCH,0.3643947607864306,5.269188162246032,,2011-11-28
DISCK,DISCK.A^H14,2011-12-08,EGARCH,0.2795869894624657,3.1019398681224177,,2011-11-28
DISCK,DISCK.A^H14,2011-12-08,ESG-EGARCH,0.286140975907026,3.249073733850208,all,2011-11-28
DISCK,DISCK.A^H14,2011-12-08,ESG-EGARCH(E),0.2861409759070261,3.249073733850212,E,2011-11-28
DISCK,DISCK.A^H14,2011-12-08,ESG-EGARCH(G),0.2861409759070262,3.2490737338502123,G,2011-11-28
DISCK,DISCK.A^H14,2011-12-08,ESG-EGARCH(S),0.2861409759070261,3.249073733850211,S,2011-11-28
DISCK,DISCK.A^H14,2011-12-08,ESG-GARCH,0.2967920066438309,3.4954561590345943,all,2011-11-28
DISCK,DISCK.A^H14,2011-12-08,ESG-GARCH(E),0.2967920066438316,3.49545615903461,E,2011-11-28
DISCK,DISCK.A^H14,2011-12-08,ESG-GARCH(G),0.2967920066438316,3.49545615903461,G,2011-11-28
DISCK,DISCK.A^H14,2011-12-08,ESG-GARCH(S),0.2967920066438316,3.4954561590346107,S,2011-11-28
DISCK,DISCK.A^H14,2011-12-08,ESG-GJR-GARCH,0.3719256941086406,5.489234997547386,all,2011-11-28
DISCK,DISCK.A^H14,2011-12-08,ESG-GJR-GARCH(E),0.3719256941086408,5.489234997547392,E,2011-11-28
DISCK,DISCK.A^H14,2011-12-08,ESG-GJR-GARCH(G),0.3719256941086408,5.489234997547392,G,2011-11-28
DISCK,DISCK.A^H14,2011-12-08,ESG-GJR-GARCH(S),0.3719256941086408,5.489234997547392,S,2011-11-28
DISCK,DISCK.A^H14,2011-12-08,GARCH,0.2862549441883269,3.2516624235024665,,2011-11-28
DISCK,DISCK.A^H14,2011-12-08,GJR-GARCH,0.3643947607864306,5.269188162246032,,2011-11-28
DISCK,DISCK.A^H14,2011-12-09,EGARCH,0.2795869894624657,3.1019398681224177,,2011-11-28
DISCK,DISCK.A^H14,2011-12-09,ESG-EGARCH,0.286140975907026,3.249073733850208,all,2011-11-28
DISCK,DISCK.A^H14,2011-12-09,ESG-EGARCH(E),0.2861409759070261,3.249073733850212,E,2011-11-28
DISCK,DISCK.A^H14,2011-12-09,ESG-EGARCH(G),0.2861409759070262,3.2490737338502123,G,2011-11-28
DISCK,DISCK.A^H14,2011-12-09,ESG-EGARCH(S),0.2861409759070261,3.249073733850211,S,2011-11-28
DISCK,DISCK.A^H14,2011-12-09,ESG-GARCH,0.2967920066438309,3.4954561590345943,all,2011-11-28
DISCK,DISCK.A^H14,2011-12-09,ESG-GARCH(E),0.2967920066438316,3.49545615903461,E,2011-11-28
DISCK,DISCK.A^H14,2011-12-09,ESG-GARCH(G),0.2967920066438316,3.49545615903461,G,2011-11-28
DISCK,DISCK.A^H14,2011-12-09,ESG-GARCH(S),0.2967920066438316,3.4954561590346107,S,2011-11-28
DISCK,DISCK.A^H14,2011-12-09,ESG-GJR-GARCH,0.3719256941086406,5.489234997547386,all,2011-11-28
DISCK,DISCK.A^H14,2011-12-09,ESG-GJR-GARCH(E),0.3719256941086408,5.489234997547392,E,2011-11-28
DISCK,DISCK.A^H14,2011-12-09,ESG-GJR-GARCH(G),0.3719256941086408,5.489234997547392,G,2011-11-28
DISCK,DISCK.A^H14,2011-12-09,ESG-GJR-GARCH(S),0.3719256941086408,5.489234997547392,S,2011-11-28
DISCK,DISCK.A^H14,2011-12-09,GARCH,0.2862549441883269,3.2516624235024665,,2011-11-28
DISCK,DISCK.A^H14,2011-12-09,GJR-GARCH,0.3643947607864306,5.269188162246032,,2011-11-28
DISCK,DISCK.A^H14,2011-12-12,EGARCH,0.2795869894624657,3.1019398681224177,,2011-11-28
DISCK,DISCK.A^H14,2011-12-12,ESG-EGARCH,0.286140975907026,3.249073733850208,all,2011-11-28
DISCK,DISCK.A^H14,2011-12-12,ESG-EGARCH(E),0.2861409759070261,3.249073733850212,E,2011-11-28
DISCK,DISCK.A^H14,2011-12-12,ESG-EGARCH(G),0.2861409759070262,3.2490737338502123,G,2011-11-28
DISCK,DISCK.A^H14,2011-12-12,ESG-EGARCH(S),0.2861409759070261,3.249073733850211,S,2011-11-28
DISCK,DISCK.A^H14,2011-12-12,ESG-GARCH,0.2967920066438309,3.4954561590345943,all,2011-11-28
DISCK,DISCK.A^H14,2011-12-12,ESG-GARCH(E),0.2967920066438316,3.49545615903461,E,2011-11-28
DISCK,DISCK.A^H14,2011-12-12,ESG-GARCH(G),0.2967920066438316,3.49545615903461,G,2011-11-28
DISCK,DISCK.A^H14,2011-12-12,ESG-GARCH(S),0.2967920066438316,3.4954561590346107,S,2011-11-28
DISCK,DISCK.A^H14,2011-12-12,ESG-GJR-GARCH,0.3719256941086406,5.489234997547386,all,2011-11-28
DISCK,DISCK.A^H14,2011-12-12,ESG-GJR-GARCH(E),0.3719256941086408,5.489234997547392,E,2011-11-28
DISCK,DISCK.A^H14,2011-12-12,ESG-GJR-GARCH(G),0.3719256941086408,5.489234997547392,G,2011-11-28
DISCK,DISCK.A^H14,2011-12-12,ESG-GJR-GARCH(S),0.3719256941086408,5.489234997547392,S,2011-11-28
DISCK,DISCK.A^H14,2011-12-12,GARCH,0.2862549441883269,3.2516624235024665,,2011-11-28
DISCK,DISCK.A^H14,2011-12-12,GJR-GARCH,0.3643947607864306,5.269188162246032,,2011-11-28
DISCK,DISCK.A^H14,2011-12-13,EGARCH,0.2795869894624657,3.1019398681224177,,2011-11-28
DISCK,DISCK.A^H14,2011-12-13,ESG-EGARCH,0.286140975907026,3.249073733850208,all,2011-11-28
DISCK,DISCK.A^H14,2011-12-13,ESG-EGARCH(E),0.2861409759070261,3.249073733850212,E,2011-11-28
DISCK,DISCK.A^H14,2011-12-13,ESG-EGARCH(G),0.2861409759070262,3.2490737338502123,G,2011-11-28
DISCK,DISCK.A^H14,2011-12-13,ESG-EGARCH(S),0.2861409759070261,3.249073733850211,S,2011-11-28
DISCK,DISCK.A^H14,2011-12-13,ESG-GARCH,0.2967920066438309,3.4954561590345943,all,2011-11-28
DISCK,DISCK.A^H14,2011-12-13,ESG-GARCH(E),0.2967920066438316,3.49545615903461,E,2011-11-28
DISCK,DISCK.A^H14,2011-12-13,ESG-GARCH(G),0.2967920066438316,3.49545615903461,G,2011-11-28
DISCK,DISCK.A^H14,2011-12-13,ESG-GARCH(S),0.2967920066438316,3.4954561590346107,S,2011-11-28
DISCK,DISCK.A^H14,2011-12-13,ESG-GJR-GARCH,0.3719256941086406,5.489234997547386,all,2011-11-28
DISCK,DISCK.A^H14,2011-12-13,ESG-GJR-GARCH(E),0.3719256941086408,5.489234997547392,E,2011-11-28
DISCK,DISCK.A^H14,2011-12-13,ESG-GJR-GARCH(G),0.3719256941086408,5.489234997547392,G,2011-11-28
DISCK,DISCK.A^H14,2011-12-13,ESG-GJR-GARCH(S),0.3719256941086408,5.489234997547392,S,2011-11-28
DISCK,DISCK.A^H14,2011-12-13,GARCH,0.2862549441883269,3.2516624235024665,,2011-11-28
DISCK,DISCK.A^H14,2011-12-13,GJR-GARCH,0.3643947607864306,5.269188162246032,,2011-11-28
DISCK,DISCK.A^H14,2011-12-14,EGARCH,0.2795869894624657,3.1019398681224177,,2011-11-28
DISCK,DISCK.A^H14,2011-12-14,ESG-EGARCH,0.286140975907026,3.249073733850208,all,2011-11-28
DISCK,DISCK.A^H14,2011-12-14,ESG-EGARCH(E),0.2861409759070261,3.249073733850212,E,2011-11-28
DISCK,DISCK.A^H14,2011-12-14,ESG-EGARCH(G),0.2861409759070262,3.2490737338502123,G,2011-11-28
DISCK,DISCK.A^H14,2011-12-14,ESG-EGARCH(S),0.2861409759070261,3.249073733850211,S,2011-11-28
DISCK,DISCK.A^H14,2011-12-14,ESG-GARCH,0.2967920066438309,3.4954561590345943,all,2011-11-28
DISCK,DISCK.A^H14,2011-12-14,ESG-GARCH(E),0.2967920066438316,3.49545615903461,E,2011-11-28
DISCK,DISCK.A^H14,2011-12-14,ESG-GARCH(G),0.2967920066438316,3.49545615903461,G,2011-11-28
DISCK,DISCK.A^H14,2011-12-14,ESG-GARCH(S),0.2967920066438316,3.4954561590346107,S,2011-11-28
DISCK,DISCK.A^H14,2011-12-14,ESG-GJR-GARCH,0.3719256941086406,5.489234997547386,all,2011-11-28
DISCK,DISCK.A^H14,2011-12-14,ESG-GJR-GARCH(E),0.3719256941086408,5.489234997547392,E,2011-11-28
DISCK,DISCK.A^H14,2011-12-14,ESG-GJR-GARCH(G),0.3719256941086408,5.489234997547392,G,2011-11-28
DISCK,DISCK.A^H14,2011-12-14,ESG-GJR-GARCH(S),0.3719256941086408,5.489234997547392,S,2011-11-28
DISCK,DISCK.A^H14,2011-12-14,GARCH,0.2862549441883269,3.2516624235024665,,2011-11-28
DISCK,DISCK.A^H14,2011-12-14,GJR-GARCH,0.3643947607864306,5.269188162246032,,2011-11-28
DISCK,DISCK.A^H14,2011-12-15,EGARCH,0.2795869894624657,3.1019398681224177,,2011-11-28
DISCK,DISCK.A^H14,2011-12-15,ESG-EGARCH,0.286140975907026,3.249073733850208,all,2011-11-28
DISCK,DISCK.A^H14,2011-12-15,ESG-EGARCH(E),0.2861409759070261,3.249073733850212,E,2011-11-28
DISCK,DISCK.A^H14,2011-12-15,ESG-EGARCH(G),0.2861409759070262,3.2490737338502123,G,2011-11-28
DISCK,DISCK.A^H14,2011-12-15,ESG-EGARCH(S),0.2861409759070261,3.249073733850211,S,2011-11-28
DISCK,DISCK.A^H14,2011-12-15,ESG-GARCH,0.2967920066438309,3.4954561590345943,all,2011-11-28
DISCK,DISCK.A^H14,2011-12-15,ESG-GARCH(E),0.2967920066438316,3.49545615903461,E,2011-11-28
DISCK,DISCK.A^H14,2011-12-15,ESG-GARCH(G),0.2967920066438316,3.49545615903461,G,2011-11-28
DISCK,DISCK.A^H14,2011-12-15,ESG-GARCH(S),0.2967920066438316,3.4954561590346107,S,2011-11-28
DISCK,DISCK.A^H14,2011-12-15,ESG-GJR-GARCH,0.3719256941086406,5.489234997547386,all,2011-11-28
DISCK,DISCK.A^H14,2011-12-15,ESG-GJR-GARCH(E),0.3719256941086408,5.489234997547392,E,2011-11-28
DISCK,DISCK.A^H14,2011-12-15,ESG-GJR-GARCH(G),0.3719256941086408,5.489234997547392,G,2011-11-28
DISCK,DISCK.A^H14,2011-12-15,ESG-GJR-GARCH(S),0.3719256941086408,5.489234997547392,S,2011-11-28
DISCK,DISCK.A^H14,2011-12-15,GARCH,0.2862549441883269,3.2516624235024665,,2011-11-28
DISCK,DISCK.A^H14,2011-12-15,GJR-GARCH,0.3643947607864306,5.269188162246032,,2011-11-28
DISCK,DISCK.A^H14,2011-12-16,EGARCH,0.2795869894624657,3.1019398681224177,,2011-11-28
DISCK,DISCK.A^H14,2011-12-16,ESG-EGARCH,0.286140975907026,3.249073733850208,all,2011-11-28
DISCK,DISCK.A^H14,2011-12-16,ESG-EGARCH(E),0.2861409759070261,3.249073733850212,E,2011-11-28
DISCK,DISCK.A^H14,2011-12-16,ESG-EGARCH(G),0.2861409759070262,3.2490737338502123,G,2011-11-28
DISCK,DISCK.A^H14,2011-12-16,ESG-EGARCH(S),0.2861409759070261,3.249073733850211,S,2011-11-28
DISCK,DISCK.A^H14,2011-12-16,ESG-GARCH,0.2967920066438309,3.4954561590345943,all,2011-11-28
DISCK,DISCK.A^H14,2011-12-16,ESG-GARCH(E),0.2967920066438316,3.49545615903461,E,2011-11-28
DISCK,DISCK.A^H14,2011-12-16,ESG-GARCH(G),0.2967920066438316,3.49545615903461,G,2011-11-28
DISCK,DISCK.A^H14,2011-12-16,ESG-GARCH(S),0.2967920066438316,3.4954561590346107,S,2011-11-28
DISCK,DISCK.A^H14,2011-12-16,ESG-GJR-GARCH,0.3719256941086406,5.489234997547386,all,2011-11-28
DISCK,DISCK.A^H14,2011-12-16,ESG-GJR-GARCH(E),0.3719256941086408,5.489234997547392,E,2011-11-28
DISCK,DISCK.A^H14,2011-12-16,ESG-GJR-GARCH(G),0.3719256941086408,5.489234997547392,G,2011-11-28
DISCK,DISCK.A^H14,2011-12-16,ESG-GJR-GARCH(S),0.3719256941086408,5.489234997547392,S,2011-11-28
DISCK,DISCK.A^H14,2011-12-16,GARCH,0.2862549441883269,3.2516624235024665,,2011-11-28
DISCK,DISCK.A^H14,2011-12-16,GJR-GARCH,0.3643947607864306,5.269188162246032,,2011-11-28
DISCK,DISCK.A^H14,2011-12-19,EGARCH,0.2795869894624657,3.1019398681224177,,2011-11-28
DISCK,DISCK.A^H14,2011-12-19,ESG-EGARCH,0.286140975907026,3.249073733850208,all,2011-11-28
DISCK,DISCK.A^H14,2011-12-19,ESG-EGARCH(E),0.2861409759070261,3.249073733850212,E,2011-11-28
DISCK,DISCK.A^H14,2011-12-19,ESG-EGARCH(G),0.2861409759070262,3.2490737338502123,G,2011-11-28
DISCK,DISCK.A^H14,2011-12-19,ESG-EGARCH(S),0.2861409759070261,3.249073733850211,S,2011-11-28
DISCK,DISCK.A^H14,2011-12-19,ESG-GARCH,0.2967920066438309,3.4954561590345943,all,2011-11-28
DISCK,DISCK.A^H14,2011-12-19,ESG-GARCH(E),0.2967920066438316,3.49545615903461,E,2011-11-28
DISCK,DISCK.A^H14,2011-12-19,ESG-GARCH(G),0.2967920066438316,3.49545615903461,G,2011-11-28
DISCK,DISCK.A^H14,2011-12-19,ESG-GARCH(S),0.2967920066438316,3.4954561590346107,S,2011-11-28
DISCK,DISCK.A^H14,2011-12-19,ESG-GJR-GARCH,0.3719256941086406,5.489234997547386,all,2011-11-28
DISCK,DISCK.A^H14,2011-12-19,ESG-GJR-GARCH(E),0.3719256941086408,5.489234997547392,E,2011-11-28
DISCK,DISCK.A^H14,2011-12-19,ESG-GJR-GARCH(G),0.3719256941086408,5.489234997547392,G,2011-11-28
DISCK,DISCK.A^H14,2011-12-19,ESG-GJR-GARCH(S),0.3719256941086408,5.489234997547392,S,2011-11-28
DISCK,DISCK.A^H14,2011-12-19,GARCH,0.2862549441883269,3.2516624235024665,,2011-11-28
DISCK,DISCK.A^H14,2011-12-19,GJR-GARCH,0.3643947607864306,5.269188162246032,,2011-11-28
DISCK,DISCK.A^H14,2011-12-20,EGARCH,0.2795869894624657,3.1019398681224177,,2011-11-28
DISCK,DISCK.A^H14,2011-12-20,ESG-EGARCH,0.286140975907026,3.249073733850208,all,2011-11-28
DISCK,DISCK.A^H14,2011-12-20,ESG-EGARCH(E),0.2861409759070261,3.249073733850212,E,2011-11-28
DISCK,DISCK.A^H14,2011-12-20,ESG-EGARCH(G),0.2861409759070262,3.2490737338502123,G,2011-11-28
DISCK,DISCK.A^H14,2011-12-20,ESG-EGARCH(S),0.2861409759070261,3.249073733850211,S,2011-11-28
DISCK,DISCK.A^H14,2011-12-20,ESG-GARCH,0.2967920066438309,3.4954561590345943,all,2011-11-28
DISCK,DISCK.A^H14,2011-12-20,ESG-GARCH(E),0.2967920066438316,3.49545615903461,E,2011-11-28
DISCK,DISCK.A^H14,2011-12-20,ESG-GARCH(G),0.2967920066438316,3.49545615903461,G,2011-11-28
DISCK,DISCK.A^H14,2011-12-20,ESG-GARCH(S),0.2967920066438316,3.4954561590346107,S,2011-11-28
DISCK,DISCK.A^H14,2011-12-20,ESG-GJR-GARCH,0.3719256941086406,5.489234997547386,all,2011-11-28
DISCK,DISCK.A^H14,2011-12-20,ESG-GJR-GARCH(E),0.3719256941086408,5.489234997547392,E,2011-11-28
DISCK,DISCK.A^H14,2011-12-20,ESG-GJR-GARCH(G),0.3719256941086408,5.489234997547392,G,2011-11-28
DISCK,DISCK.A^H14,2011-12-20,ESG-GJR-GARCH(S),0.3719256941086408,5.489234997547392,S,2011-11-28
DISCK,DISCK.A^H14,2011-12-20,GARCH,0.2862549441883269,3.2516624235024665,,2011-11-28
DISCK,DISCK.A^H14,2011-12-20,GJR-GARCH,0.3643947607864306,5.269188162246032,,2011-11-28
DISCK,DISCK.A^H14,2011-12-21,EGARCH,0.2795869894624657,3.1019398681224177,,2011-11-28
DISCK,DISCK.A^H14,2011-12-21,ESG-EGARCH,0.286140975907026,3.249073733850208,all,2011-11-28
DISCK,DISCK.A^H14,2011-12-21,ESG-EGARCH(E),0.2861409759070261,3.249073733850212,E,2011-11-28
DISCK,DISCK.A^H14,2011-12-21,ESG-EGARCH(G),0.2861409759070262,3.2490737338502123,G,2011-11-28
DISCK,DISCK.A^H14,2011-12-21,ESG-EGARCH(S),0.2861409759070261,3.249073733850211,S,2011-11-28
DISCK,DISCK.A^H14,2011-12-21,ESG-GARCH,0.2967920066438309,3.4954561590345943,all,2011-11-28
DISCK,DISCK.A^H14,2011-12-21,ESG-GARCH(E),0.2967920066438316,3.49545615903461,E,2011-11-28
DISCK,DISCK.A^H14,2011-12-21,ESG-GARCH(G),0.2967920066438316,3.49545615903461,G,2011-11-28
DISCK,DISCK.A^H14,2011-12-21,ESG-GARCH(S),0.2967920066438316,3.4954561590346107,S,2011-11-28
DISCK,DISCK.A^H14,2011-12-21,ESG-GJR-GARCH,0.3719256941086406,5.489234997547386,all,2011-11-28
DISCK,DISCK.A^H14,2011-12-21,ESG-GJR-GARCH(E),0.3719256941086408,5.489234997547392,E,2011-11-28
DISCK,DISCK.A^H14,2011-12-21,ESG-GJR-GARCH(G),0.3719256941086408,5.489234997547392,G,2011-11-28
DISCK,DISCK.A^H14,2011-12-21,ESG-GJR-GARCH(S),0.3719256941086408,5.489234997547392,S,2011-11-28
DISCK,DISCK.A^H14,2011-12-21,GARCH,0.2862549441883269,3.2516624235024665,,2011-11-28
DISCK,DISCK.A^H14,2011-12-21,GJR-GARCH,0.3643947607864306,5.269188162246032,,2011-11-28
DISCK,DISCK.A^H14,2011-12-22,EGARCH,0.2795869894624657,3.1019398681224177,,2011-11-28
DISCK,DISCK.A^H14,2011-12-22,ESG-EGARCH,0.286140975907026,3.249073733850208,all,2011-11-28
DISCK,DISCK.A^H14,2011-12-22,ESG-EGARCH(E),0.2861409759070261,3.249073733850212,E,2011-11-28
DISCK,DISCK.A^H14,2011-12-22,ESG-EGARCH(G),0.2861409759070262,3.2490737338502123,G,2011-11-28
DISCK,DISCK.A^H14,2011-12-22,ESG-EGARCH(S),0.2861409759070261,3.249073733850211,S,2011-11-28
DISCK,DISCK.A^H14,2011-12-22,ESG-GARCH,0.2967920066438309,3.4954561590345943,all,2011-11-28
DISCK,DISCK.A^H14,2011-12-22,ESG-GARCH(E),0.2967920066438316,3.49545615903461,E,2011-11-28
DISCK,DISCK.A^H14,2011-12-22,ESG-GARCH(G),0.2967920066438316,3.49545615903461,G,2011-11-28
DISCK,DISCK.A^H14,2011-12-22,ESG-GARCH(S),0.2967920066438316,3.4954561590346107,S,2011-11-28
DISCK,DISCK.A^H14,2011-12-22,ESG-GJR-GARCH,0.3719256941086406,5.489234997547386,all,2011-11-28
DISCK,DISCK.A^H14,2011-12-22,ESG-GJR-GARCH(E),0.3719256941086408,5.489234997547392,E,2011-11-28
DISCK,DISCK.A^H14,2011-12-22,ESG-GJR-GARCH(G),0.3719256941086408,5.489234997547392,G,2011-11-28
DISCK,DISCK.A^H14,2011-12-22,ESG-GJR-GARCH(S),0.3719256941086408,5.489234997547392,S,2011-11-28
DISCK,DISCK.A^H14,2011-12-22,GARCH,0.2862549441883269,3.2516624235024665,,2011-11-28
DISCK,DISCK.A^H14,2011-12-22,GJR-GARCH,0.3643947607864306,5.269188162246032,,2011-11-28
DISCK,DISCK.A^H14,2011-12-23,EGARCH,0.2795869894624657,3.1019398681224177,,2011-11-28
DISCK,DISCK.A^H14,2011-12-23,ESG-EGARCH,0.286140975907026,3.249073733850208,all,2011-11-28
DISCK,DISCK.A^H14,2011-12-23,ESG-EGARCH(E),0.2861409759070261,3.249073733850212,E,2011-11-28
DISCK,DISCK.A^H14,2011-12-23,ESG-EGARCH(G),0.2861409759070262,3.2490737338502123,G,2011-11-28
DISCK,DISCK.A^H14,2011-12-23,ESG-EGARCH(S),0.2861409759070261,3.249073733850211,S,2011-11-28
DISCK,DISCK.A^H14,2011-12-23,ESG-GARCH,0.2967920066438309,3.4954561590345943,all,2011-11-28
DISCK,DISCK.A^H14,2011-12-23,ESG-GARCH(E),0.2967920066438316,3.49545615903461,E,2011-11-28
DISCK,DISCK.A^H14,2011-12-23,ESG-GARCH(G),0.2967920066438316,3.49545615903461,G,2011-11-28
DISCK,DISCK.A^H14,2011-12-23,ESG-GARCH(S),0.2967920066438316,3.4954561590346107,S,2011-11-28
DISCK,DISCK.A^H14,2011-12-23,ESG-GJR-GARCH,0.3719256941086406,5.489234997547386,all,2011-11-28
DISCK,DISCK.A^H14,2011-12-23,ESG-GJR-GARCH(E),0.3719256941086408,5.489234997547392,E,2011-11-28
DISCK,DISCK.A^H14,2011-12-23,ESG-GJR-GARCH(G),0.3719256941086408,5.489234997547392,G,2011-11-28
DISCK,DISCK.A^H14,2011-12-23,ESG-GJR-GARCH(S),0.3719256941086408,5.489234997547392,S,2011-11-28
DISCK,DISCK.A^H14,2011-12-23,GARCH,0.2862549441883269,3.2516624235024665,,2011-11-28
DISCK,DISCK.A^H14,2011-12-23,GJR-GARCH,0.3643947607864306,5.269188162246032,,2011-11-28
DISCK,DISCK.A^H14,2011-12-27,EGARCH,0.2795869894624657,3.1019398681224177,,2011-11-28
DISCK,DISCK.A^H14,2011-12-27,ESG-EGARCH,0.286140975907026,3.249073733850208,all,2011-11-28
DISCK,DISCK.A^H14,2011-12-27,ESG-EGARCH(E),0.2861409759070261,3.249073733850212,E,2011-11-28
DISCK,DISCK.A^H14,2011-12-27,ESG-EGARCH(G),0.2861409759070262,3.2490737338502123,G,2011-11-28
DISCK,DISCK.A^H14,2011-12-27,ESG-EGARCH(S),0.2861409759070261,3.249073733850211,S,2011-11-28
DISCK,DISCK.A^H14,2011-12-27,ESG-GARCH,0.2967920066438309,3.4954561590345943,all,2011-11-28
DISCK,DISCK.A^H14,2011-12-27,ESG-GARCH(E),0.2967920066438316,3.49545615903461,E,2011-11-28
DISCK,DISCK.A^H14,2011-12-27,ESG-GARCH(G),0.2967920066438316,3.49545615903461,G,2011-11-28
DISCK,DISCK.A^H14,2011-12-27,ESG-GARCH(S),0.2967920066438316,3.4954561590346107,S,2011-11-28
DISCK,DISCK.A^H14,2011-12-27,ESG-GJR-GARCH,0.3719256941086406,5.489234997547386,all,2011-11-28
DISCK,DISCK.A^H14,2011-12-27,ESG-GJR-GARCH(E),0.3719256941086408,5.489234997547392,E,2011-11-28
DISCK,DISCK.A^H14,2011-12-27,ESG-GJR-GARCH(G),0.3719256941086408,5.489234997547392,G,2011-11-28
DISCK,DISCK.A^H14,2011-12-27,ESG-GJR-GARCH(S),0.3719256941086408,5.489234997547392,S,2011-11-28
DISCK,DISCK.A^H14,2011-12-27,GARCH,0.2862549441883269,3.2516624235024665,,2011-11-28
DISCK,DISCK.A^H14,2011-12-27,GJR-GARCH,0.3643947607864306,5.269188162246032,,2011-11-28
DISCK,DISCK.A^H14,2011-12-28,EGARCH,0.2795869894624657,3.1019398681224177,,2011-11-28
DISCK,DISCK.A^H14,2011-12-28,ESG-EGARCH,0.286140975907026,3.249073733850208,all,2011-11-28
DISCK,DISCK.A^H14,2011-12-28,ESG-EGARCH(E),0.2861409759070261,3.249073733850212,E,2011-11-28
DISCK,DISCK.A^H14,2011-12-28,ESG-EGARCH(G),0.2861409759070262,3.2490737338502123,G,2011-11-28
DISCK,DISCK.A^H14,2011-12-28,ESG-EGARCH(S),0.2861409759070261,3.249073733850211,S,2011-11-28
DISCK,DISCK.A^H14,2011-12-28,ESG-GARCH,0.2967920066438309,3.4954561590345943,all,2011-11-28
DISCK,DISCK.A^H14,2011-12-28,ESG-GARCH(E),0.2967920066438316,3.49545615903461,E,2011-11-28
DISCK,DISCK.A^H14,2011-12-28,ESG-GARCH(G),0.2967920066438316,3.49545615903461,G,2011-11-28
DISCK,DISCK.A^H14,2011-12-28,ESG-GARCH(S),0.2967920066438316,3.4954561590346107,S,2011-11-28
DISCK,DISCK.A^H14,2011-12-28,ESG-GJR-GARCH,0.3719256941086406,5.489234997547386,all,2011-11-28
DISCK,DISCK.A^H14,2011-12-28,ESG-GJR-GARCH(E),0.3719256941086408,5.489234997547392,E,2011-11-28
DISCK,DISCK.A^H14,2011-12-28,ESG-GJR-GARCH(G),0.3719256941086408,5.489234997547392,G,2011-11-28
DISCK,DISCK.A^H14,2011-12-28,ESG-GJR-GARCH(S),0.3719256941086408,5.489234997547392,S,2011-11-28
DISCK,DISCK.A^H14,2011-12-28,GARCH,0.2862549441883269,3.2516624235024665,,2011-11-28
DISCK,DISCK.A^H14,2011-12-28,GJR-GARCH,0.3643947607864306,5.269188162246032,,2011-11-28
DISCK,DISCK.A^H14,2011-12-29,EGARCH,0.2795869894624657,3.1019398681224177,,2011-11-28
DISCK,DISCK.A^H14,2011-12-29,ESG-EGARCH,0.286140975907026,3.249073733850208,all,2011-11-28
DISCK,DISCK.A^H14,2011-12-29,ESG-EGARCH(E),0.2861409759070261,3.249073733850212,E,2011-11-28
DISCK,DISCK.A^H14,2011-12-29,ESG-EGARCH(G),0.2861409759070262,3.2490737338502123,G,2011-11-28
DISCK,DISCK.A^H14,2011-12-29,ESG-EGARCH(S),0.2861409759070261,3.249073733850211,S,2011-11-28
DISCK,DISCK.A^H14,2011-12-29,ESG-GARCH,0.2967920066438309,3.4954561590345943,all,2011-11-28
DISCK,DISCK.A^H14,2011-12-29,ESG-GARCH(E),0.2967920066438316,3.49545615903461,E,2011-11-28
DISCK,DISCK.A^H14,2011-12-29,ESG-GARCH(G),0.2967920066438316,3.49545615903461,G,2011-11-28
DISCK,DISCK.A^H14,2011-12-29,ESG-GARCH(S),0.2967920066438316,3.4954561590346107,S,2011-11-28
DISCK,DISCK.A^H14,2011-12-29,ESG-GJR-GARCH,0.3719256941086406,5.489234997547386,all,2011-11-28
DISCK,DISCK.A^H14,2011-12-29,ESG-GJR-GARCH(E),0.3719256941086408,5.489234997547392,E,2011-11-28
DISCK,DISCK.A^H14,2011-12-29,ESG-GJR-GARCH(G),0.3719256941086408,5.489234997547392,G,2011-11-28
DISCK,DISCK.A^H14,2011-12-29,ESG-GJR-GARCH(S),0.3719256941086408,5.489234997547392,S,2011-11-28
DISCK,DISCK.A^H14,2011-12-29,GARCH,0.2862549441883269,3.2516624235024665,,2011-11-28
DISCK,DISCK.A^H14,2011-12-29,GJR-GARCH,0.3643947607864306,5.269188162246032,,2011-11-28
DISCK,DISCK.A^H14,2011-12-30,EGARCH,0.2795869894624657,3.1019398681224177,,2011-11-28
DISCK,DISCK.A^H14,2011-12-30,ESG-EGARCH,0.286140975907026,3.249073733850208,all,2011-11-28
DISCK,DISCK.A^H14,2011-12-30,ESG-EGARCH(E),0.2861409759070261,3.249073733850212,E,2011-11-28
DISCK,DISCK.A^H14,2011-12-30,ESG-EGARCH(G),0.2861409759070262,3.2490737338502123,G,2011-11-28
DISCK,DISCK.A^H14,2011-12-30,ESG-EGARCH(S),0.2861409759070261,3.249073733850211,S,2011-11-28
DISCK,DISCK.A^H14,2011-12-30,ESG-GARCH,0.2967920066438309,3.4954561590345943,all,2011-11-28
DISCK,DISCK.A^H14,2011-12-30,ESG-GARCH(E),0.2967920066438316,3.49545615903461,E,2011-11-28
DISCK,DISCK.A^H14,2011-12-30,ESG-GARCH(G),0.2967920066438316,3.49545615903461,G,2011-11-28
DISCK,DISCK.A^H14,2011-12-30,ESG-GARCH(S),0.2967920066438316,3.4954561590346107,S,2011-11-28
DISCK,DISCK.A^H14,2011-12-30,ESG-GJR-GARCH,0.3719256941086406,5.489234997547386,all,2011-11-28
DISCK,DISCK.A^H14,2011-12-30,ESG-GJR-GARCH(E),0.3719256941086408,5.489234997547392,E,2011-11-28
DISCK,DISCK.A^H14,2011-12-30,ESG-GJR-GARCH(G),0.3719256941086408,5.489234997547392,G,2011-11-28
DISCK,DISCK.A^H14,2011-12-30,ESG-GJR-GARCH(S),0.3719256941086408,5.489234997547392,S,2011-11-28
DISCK,DISCK.A^H14,2011-12-30,GARCH,0.2862549441883269,3.2516624235024665,,2011-11-28
DISCK,DISCK.A^H14,2011-12-30,GJR-GARCH,0.3643947607864306,5.269188162246032,,2011-11-28
DISCK,DISCK.A^H14,2012-01-03,EGARCH,0.1952400352880108,1.5126456896533211,,2012-01-03
DISCK,DISCK.A^H14,2012-01-03,ESG-EGARCH,0.2007361367276724,1.5990078011250322,all,2012-01-03
DISCK,DISCK.A^H14,2012-01-03,ESG-EGARCH(E),0.2012226292067688,1.606767718447809,E,2012-01-03
DISCK,DISCK.A^H14,2012-01-03,ESG-EGARCH(G),0.2008132618724927,1.6002367517408869,G,2012-01-03
DISCK,DISCK.A^H14,2012-01-03,ESG-EGARCH(S),0.2001739113017388,1.5900632843585871,S,2012-01-03
DISCK,DISCK.A^H14,2012-01-03,ESG-GARCH,0.2089022783941396,1.7317524570739131,all,2012-01-03
DISCK,DISCK.A^H14,2012-01-03,ESG-GARCH(E),0.2094350936080403,1.7405975569289127,E,2012-01-03
DISCK,DISCK.A^H14,2012-01-03,ESG-GARCH(G),0.2089867427205735,1.7331531203553645,G,2012-01-03
DISCK,DISCK.A^H14,2012-01-03,ESG-GARCH(S),0.2082866032996654,1.7215598854806435,S,2012-01-03
DISCK,DISCK.A^H14,2012-01-03,ESG-GJR-GARCH,0.2103754279596459,1.756262725762071,all,2012-01-03
DISCK,DISCK.A^H14,2012-01-03,ESG-GJR-GARCH(E),0.2110211892623092,1.767061203082513,E,2012-01-03
DISCK,DISCK.A^H14,2012-01-03,ESG-GJR-GARCH(G),0.2104777747243663,1.7579719703540118,G,2012-01-03
DISCK,DISCK.A^H14,2012-01-03,ESG-GJR-GARCH(S),0.2096296588469833,1.7438330900120085,S,2012-01-03
DISCK,DISCK.A^H14,2012-01-03,GARCH,0.202858752296928,1.633002912042318,,2012-01-03
DISCK,DISCK.A^H14,2012-01-03,GJR-GARCH,0.2037137738249938,1.6467976843659031,,2012-01-03
DISCK,DISCK.A^H14,2012-01-06,EGARCH,0.1952400352880108,1.5126456896533211,,2012-01-03
DISCK,DISCK.A^H14,2012-01-06,ESG-EGARCH,0.2007361367276724,1.5990078011250322,all,2012-01-03
DISCK,DISCK.A^H14,2012-01-06,ESG-EGARCH(E),0.2012226292067688,1.606767718447809,E,2012-01-03
DISCK,DISCK.A^H14,2012-01-06,ESG-EGARCH(G),0.2008132618724927,1.6002367517408869,G,2012-01-03
DISCK,DISCK.A^H14,2012-01-06,ESG-EGARCH(S),0.2001739113017388,1.5900632843585871,S,2012-01-03
DISCK,DISCK.A^H14,2012-01-06,ESG-GARCH,0.2089022783941396,1.7317524570739131,all,2012-01-03
DISCK,DISCK.A^H14,2012-01-06,ESG-GARCH(E),0.2094350936080403,1.7405975569289127,E,2012-01-03
DISCK,DISCK.A^H14,2012-01-06,ESG-GARCH(G),0.2089867427205735,1.7331531203553645,G,2012-01-03
DISCK,DISCK.A^H14,2012-01-06,ESG-GARCH(S),0.2082866032996654,1.7215598854806435,S,2012-01-03
DISCK,DISCK.A^H14,2012-01-06,ESG-GJR-GARCH,0.2103754279596459,1.756262725762071,all,2012-01-03
DISCK,DISCK.A^H14,2012-01-06,ESG-GJR-GARCH(E),0.2110211892623092,1.767061203082513,E,2012-01-03
DISCK,DISCK.A^H14,2012-01-06,ESG-GJR-GARCH(G),0.2104777747243663,1.7579719703540118,G,2012-01-03
DISCK,DISCK.A^H14,2012-01-06,ESG-GJR-GARCH(S),0.2096296588469833,1.7438330900120085,S,2012-01-03
DISCK,DISCK.A^H14,2012-01-06,GARCH,0.202858752296928,1.633002912042318,,2012-01-03
DISCK,DISCK.A^H14,2012-01-06,GJR-GARCH,0.2037137738249938,1.6467976843659031,,2012-01-03
DISCK,DISCK.A^H14,2012-01-09,EGARCH,0.1952400352880108,1.5126456896533211,,2012-01-03
DISCK,DISCK.A^H14,2012-01-09,ESG-EGARCH,0.2007361367276724,1.5990078011250322,all,2012-01-03
DISCK,DISCK.A^H14,2012-01-09,ESG-EGARCH(E),0.2012226292067688,1.606767718447809,E,2012-01-03
DISCK,DISCK.A^H14,2012-01-09,ESG-EGARCH(G),0.2008132618724927,1.6002367517408869,G,2012-01-03
DISCK,DISCK.A^H14,2012-01-09,ESG-EGARCH(S),0.2001739113017388,1.5900632843585871,S,2012-01-03
DISCK,DISCK.A^H14,2012-01-09,ESG-GARCH,0.2089022783941396,1.7317524570739131,all,2012-01-03
DISCK,DISCK.A^H14,2012-01-09,ESG-GARCH(E),0.2094350936080403,1.7405975569289127,E,2012-01-03
DISCK,DISCK.A^H14,2012-01-09,ESG-GARCH(G),0.2089867427205735,1.7331531203553645,G,2012-01-03
DISCK,DISCK.A^H14,2012-01-09,ESG-GARCH(S),0.2082866032996654,1.7215598854806435,S,2012-01-03
DISCK,DISCK.A^H14,2012-01-09,ESG-GJR-GARCH,0.2103754279596459,1.756262725762071,all,2012-01-03
DISCK,DISCK.A^H14,2012-01-09,ESG-GJR-GARCH(E),0.2110211892623092,1.767061203082513,E,2012-01-03
DISCK,DISCK.A^H14,2012-01-09,ESG-GJR-GARCH(G),0.2104777747243663,1.7579719703540118,G,2012-01-03
DISCK,DISCK.A^H14,2012-01-09,ESG-GJR-GARCH(S),0.2096296588469833,1.7438330900120085,S,2012-01-03
DISCK,DISCK.A^H14,2012-01-09,GARCH,0.202858752296928,1.633002912042318,,2012-01-03
DISCK,DISCK.A^H14,2012-01-09,GJR-GARCH,0.2037137738249938,1.6467976843659031,,2012-01-03
DISCK,DISCK.A^H14,2012-01-10,EGARCH,0.1952400352880108,1.5126456896533211,,2012-01-03
DISCK,DISCK.A^H14,2012-01-10,ESG-EGARCH,0.2007361367276724,1.5990078011250322,all,2012-01-03
DISCK,DISCK.A^H14,2012-01-10,ESG-EGARCH(E),0.2012226292067688,1.606767718447809,E,2012-01-03
DISCK,DISCK.A^H14,2012-01-10,ESG-EGARCH(G),0.2008132618724927,1.6002367517408869,G,2012-01-03
DISCK,DISCK.A^H14,2012-01-10,ESG-EGARCH(S),0.2001739113017388,1.5900632843585871,S,2012-01-03
DISCK,DISCK.A^H14,2012-01-10,ESG-GARCH,0.2089022783941396,1.7317524570739131,all,2012-01-03
DISCK,DISCK.A^H14,2012-01-10,ESG-GARCH(E),0.2094350936080403,1.7405975569289127,E,2012-01-03
DISCK,DISCK.A^H14,2012-01-10,ESG-GARCH(G),0.2089867427205735,1.7331531203553645,G,2012-01-03
DISCK,DISCK.A^H14,2012-01-10,ESG-GARCH(S),0.2082866032996654,1.7215598854806435,S,2012-01-03
DISCK,DISCK.A^H14,2012-01-10,ESG-GJR-GARCH,0.2103754279596459,1.756262725762071,all,2012-01-03
DISCK,DISCK.A^H14,2012-01-10,ESG-GJR-GARCH(E),0.2110211892623092,1.767061203082513,E,2012-01-03
DISCK,DISCK.A^H14,2012-01-10,ESG-GJR-GARCH(G),0.2104777747243663,1.7579719703540118,G,2012-01-03
DISCK,DISCK.A^H14,2012-01-10,ESG-GJR-GARCH(S),0.2096296588469833,1.7438330900120085,S,2012-01-03
DISCK,DISCK.A^H14,2012-01-10,GARCH,0.202858752296928,1.633002912042318,,2012-01-03
DISCK,DISCK.A^H14,2012-01-10,GJR-GARCH,0.2037137738249938,1.6467976843659031,,2012-01-03
DISCK,DISCK.A^H14,2012-01-11,EGARCH,0.1952400352880108,1.5126456896533211,,2012-01-03
DISCK,DISCK.A^H14,2012-01-11,ESG-EGARCH,0.2007361367276724,1.5990078011250322,all,2012-01-03
DISCK,DISCK.A^H14,2012-01-11,ESG-EGARCH(E),0.2012226292067688,1.606767718447809,E,2012-01-03
DISCK,DISCK.A^H14,2012-01-11,ESG-EGARCH(G),0.2008132618724927,1.6002367517408869,G,2012-01-03
DISCK,DISCK.A^H14,2012-01-11,ESG-EGARCH(S),0.2001739113017388,1.5900632843585871,S,2012-01-03
DISCK,DISCK.A^H14,2012-01-11,ESG-GARCH,0.2089022783941396,1.7317524570739131,all,2012-01-03
DISCK,DISCK.A^H14,2012-01-11,ESG-GARCH(E),0.2094350936080403,1.7405975569289127,E,2012-01-03
DISCK,DISCK.A^H14,2012-01-11,ESG-GARCH(G),0.2089867427205735,1.7331531203553645,G,2012-01-03
DISCK,DISCK.A^H14,2012-01-11,ESG-GARCH(S),0.2082866032996654,1.7215598854806435,S,2012-01-03
DISCK,DISCK.A^H14,2012-01-11,ESG-GJR-GARCH,0.2103754279596459,1.756262725762071,all,2012-01-03
DISCK,DISCK.A^H14,2012-01-11,ESG-GJR-GARCH(E),0.2110211892623092,1.767061203082513,E,2012-01-03
DISCK,DISCK.A^H14,2012-01-11,ESG-GJR-GARCH(G),0.2104777747243663,1.7579719703540118,G,2012-01-03
DISCK,DISCK.A^H14,2012-01-11,ESG-GJR-GARCH(S),0.2096296588469833,1.7438330900120085,S,2012-01-03
DISCK,DISCK.A^H14,2012-01-11,GARCH,0.202858752296928,1.633002912042318,,2012-01-03
DISCK,DISCK.A^H14,2012-01-11,GJR-GARCH,0.2037137738249938,1.6467976843659031,,2012-01-03
DISCK,DISCK.A^H14,2012-01-18,EGARCH,0.1952400352880108,1.5126456896533211,,2012-01-03
DISCK,DISCK.A^H14,2012-01-18,ESG-EGARCH,0.2007361367276724,1.5990078011250322,all,2012-01-03
DISCK,DISCK.A^H14,2012-01-18,ESG-EGARCH(E),0.2012226292067688,1.606767718447809,E,2012-01-03
DISCK,DISCK.A^H14,2012-01-18,ESG-EGARCH(G),0.2008132618724927,1.6002367517408869,G,2012-01-03
DISCK,DISCK.A^H14,2012-01-18,ESG-EGARCH(S),0.2001739113017388,1.5900632843585871,S,2012-01-03
DISCK,DISCK.A^H14,2012-01-18,ESG-GARCH,0.2089022783941396,1.7317524570739131,all,2012-01-03
DISCK,DISCK.A^H14,2012-01-18,ESG-GARCH(E),0.2094350936080403,1.7405975569289127,E,2012-01-03
DISCK,DISCK.A^H14,2012-01-18,ESG-GARCH(G),0.2089867427205735,1.7331531203553645,G,2012-01-03
DISCK,DISCK.A^H14,2012-01-18,ESG-GARCH(S),0.2082866032996654,1.7215598854806435,S,2012-01-03
DISCK,DISCK.A^H14,2012-01-18,ESG-GJR-GARCH,0.2103754279596459,1.756262725762071,all,2012-01-03
DISCK,DISCK.A^H14,2012-01-18,ESG-GJR-GARCH(E),0.2110211892623092,1.767061203082513,E,2012-01-03
DISCK,DISCK.A^H14,2012-01-18,ESG-GJR-GARCH(G),0.2104777747243663,1.7579719703540118,G,2012-01-03
DISCK,DISCK.A^H14,2012-01-18,ESG-GJR-GARCH(S),0.2096296588469833,1.7438330900120085,S,2012-01-03
DISCK,DISCK.A^H14,2012-01-18,GARCH,0.202858752296928,1.633002912042318,,2012-01-03
DISCK,DISCK.A^H14,2012-01-18,GJR-GARCH,0.2037137738249938,1.6467976843659031,,2012-01-03
DISCK,DISCK.A^H14,2012-01-19,EGARCH,0.1952400352880108,1.5126456896533211,,2012-01-03
DISCK,DISCK.A^H14,2012-01-19,ESG-EGARCH,0.2007361367276724,1.5990078011250322,all,2012-01-03
DISCK,DISCK.A^H14,2012-01-19,ESG-EGARCH(E),0.2012226292067688,1.606767718447809,E,2012-01-03
DISCK,DISCK.A^H14,2012-01-19,ESG-EGARCH(G),0.2008132618724927,1.6002367517408869,G,2012-01-03
DISCK,DISCK.A^H14,2012-01-19,ESG-EGARCH(S),0.2001739113017388,1.5900632843585871,S,2012-01-03
DISCK,DISCK.A^H14,2012-01-19,ESG-GARCH,0.2089022783941396,1.7317524570739131,all,2012-01-03
DISCK,DISCK.A^H14,2012-01-19,ESG-GARCH(E),0.2094350936080403,1.7405975569289127,E,2012-01-03
DISCK,DISCK.A^H14,2012-01-19,ESG-GARCH(G),0.2089867427205735,1.7331531203553645,G,2012-01-03
DISCK,DISCK.A^H14,2012-01-19,ESG-GARCH(S),0.2082866032996654,1.7215598854806435,S,2012-01-03
DISCK,DISCK.A^H14,2012-01-19,ESG-GJR-GARCH,0.2103754279596459,1.756262725762071,all,2012-01-03
DISCK,DISCK.A^H14,2012-01-19,ESG-GJR-GARCH(E),0.2110211892623092,1.767061203082513,E,2012-01-03
DISCK,DISCK.A^H14,2012-01-19,ESG-GJR-GARCH(G),0.2104777747243663,1.7579719703540118,G,2012-01-03
DISCK,DISCK.A^H14,2012-01-19,ESG-GJR-GARCH(S),0.2096296588469833,1.7438330900120085,S,2012-01-03
DISCK,DISCK.A^H14,2012-01-19,GARCH,0.202858752296928,1.633002912042318,,2012-01-03
DISCK,DISCK.A^H14,2012-01-19,GJR-GARCH,0.2037137738249938,1.6467976843659031,,2012-01-03
DISCK,DISCK.A^H14,2012-01-20,EGARCH,0.1952400352880108,1.5126456896533211,,2012-01-03
DISCK,DISCK.A^H14,2012-01-20,ESG-EGARCH,0.2007361367276724,1.5990078011250322,all,2012-01-03
DISCK,DISCK.A^H14,2012-01-20,ESG-EGARCH(E),0.2012226292067688,1.606767718447809,E,2012-01-03
DISCK,DISCK.A^H14,2012-01-20,ESG-EGARCH(G),0.2008132618724927,1.6002367517408869,G,2012-01-03
DISCK,DISCK.A^H14,2012-01-20,ESG-EGARCH(S),0.2001739113017388,1.5900632843585871,S,2012-01-03
DISCK,DISCK.A^H14,2012-01-20,ESG-GARCH,0.2089022783941396,1.7317524570739131,all,2012-01-03
DISCK,DISCK.A^H14,2012-01-20,ESG-GARCH(E),0.2094350936080403,1.7405975569289127,E,2012-01-03
DISCK,DISCK.A^H14,2012-01-20,ESG-GARCH(G),0.2089867427205735,1.7331531203553645,G,2012-01-03
DISCK,DISCK.A^H14,2012-01-20,ESG-GARCH(S),0.2082866032996654,1.7215598854806435,S,2012-01-03
DISCK,DISCK.A^H14,2012-01-20,ESG-GJR-GARCH,0.2103754279596459,1.756262725762071,all,2012-01-03
DISCK,DISCK.A^H14,2012-01-20,ESG-GJR-GARCH(E),0.2110211892623092,1.767061203082513,E,2012-01-03
DISCK,DISCK.A^H14,2012-01-20,ESG-GJR-GARCH(G),0.2104777747243663,1.7579719703540118,G,2012-01-03
DISCK,DISCK.A^H14,2012-01-20,ESG-GJR-GARCH(S),0.2096296588469833,1.7438330900120085,S,2012-01-03
DISCK,DISCK.A^H14,2012-01-20,GARCH,0.202858752296928,1.633002912042318,,2012-01-03
DISCK,DISCK.A^H14,2012-01-20,GJR-GARCH,0.2037137738249938,1.6467976843659031,,2012-01-03
DISCK,DISCK.A^H14,2012-01-23,EGARCH,0.1952400352880108,1.5126456896533211,,2012-01-03
DISCK,DISCK.A^H14,2012-01-23,ESG-EGARCH,0.2007361367276724,1.5990078011250322,all,2012-01-03
DISCK,DISCK.A^H14,2012-01-23,ESG-EGARCH(E),0.2012226292067688,1.606767718447809,E,2012-01-03
DISCK,DISCK.A^H14,2012-01-23,ESG-EGARCH(G),0.2008132618724927,1.6002367517408869,G,2012-01-03
DISCK,DISCK.A^H14,2012-01-23,ESG-EGARCH(S),0.2001739113017388,1.5900632843585871,S,2012-01-03
DISCK,DISCK.A^H14,2012-01-23,ESG-GARCH,0.2089022783941396,1.7317524570739131,all,2012-01-03
DISCK,DISCK.A^H14,2012-01-23,ESG-GARCH(E),0.2094350936080403,1.7405975569289127,E,2012-01-03
DISCK,DISCK.A^H14,2012-01-23,ESG-GARCH(G),0.2089867427205735,1.7331531203553645,G,2012-01-03
DISCK,DISCK.A^H14,2012-01-23,ESG-GARCH(S),0.2082866032996654,1.7215598854806435,S,2012-01-03
DISCK,DISCK.A^H14,2012-01-23,ESG-GJR-GARCH,0.2103754279596459,1.756262725762071,all,2012-01-03
DISCK,DISCK.A^H14,2012-01-23,ESG-GJR-GARCH(E),0.2110211892623092,1.767061203082513,E,2012-01-03
DISCK,DISCK.A^H14,2012-01-23,ESG-GJR-GARCH(G),0.2104777747243663,1.7579719703540118,G,2012-01-03
DISCK,DISCK.A^H14,2012-01-23,ESG-GJR-GARCH(S),0.2096296588469833,1.7438330900120085,S,2012-01-03
DISCK,DISCK.A^H14,2012-01-23,GARCH,0.202858752296928,1.633002912042318,,2012-01-03
DISCK,DISCK.A^H14,2012-01-23,GJR-GARCH,0.2037137738249938,1.6467976843659031,,2012-01-03
DISCK,DISCK.A^H14,2012-01-24,EGARCH,0.1952400352880108,1.5126456896533211,,2012-01-03
DISCK,DISCK.A^H14,2012-01-24,ESG-EGARCH,0.2007361367276724,1.5990078011250322,all,2012-01-03
DISCK,DISCK.A^H14,2012-01-24,ESG-EGARCH(E),0.2012226292067688,1.606767718447809,E,2012-01-03
DISCK,DISCK.A^H14,2012-01-24,ESG-EGARCH(G),0.2008132618724927,1.6002367517408869,G,2012-01-03
DISCK,DISCK.A^H14,2012-01-24,ESG-EGARCH(S),0.2001739113017388,1.5900632843585871,S,2012-01-03
DISCK,DISCK.A^H14,2012-01-24,ESG-GARCH,0.2089022783941396,1.7317524570739131,all,2012-01-03
DISCK,DISCK.A^H14,2012-01-24,ESG-GARCH(E),0.2094350936080403,1.7405975569289127,E,2012-01-03
DISCK,DISCK.A^H14,2012-01-24,ESG-GARCH(G),0.2089867427205735,1.7331531203553645,G,2012-01-03
DISCK,DISCK.A^H14,2012-01-24,ESG-GARCH(S),0.2082866032996654,1.7215598854806435,S,2012-01-03
DISCK,DISCK.A^H14,2012-01-24,ESG-GJR-GARCH,0.2103754279596459,1.756262725762071,all,2012-01-03
DISCK,DISCK.A^H14,2012-01-24,ESG-GJR-GARCH(E),0.2110211892623092,1.767061203082513,E,2012-01-03
DISCK,DISCK.A^H14,2012-01-24,ESG-GJR-GARCH(G),0.2104777747243663,1.7579719703540118,G,2012-01-03
DISCK,DISCK.A^H14,2012-01-24,ESG-GJR-GARCH(S),0.2096296588469833,1.7438330900120085,S,2012-01-03
DISCK,DISCK.A^H14,2012-01-24,GARCH,0.202858752296928,1.633002912042318,,2012-01-03
DISCK,DISCK.A^H14,2012-01-24,GJR-GARCH,0.2037137738249938,1.6467976843659031,,2012-01-03
DISCK,DISCK.A^H14,2012-01-25,EGARCH,0.1952400352880108,1.5126456896533211,,2012-01-03
DISCK,DISCK.A^H14,2012-01-25,ESG-EGARCH,0.2007361367276724,1.5990078011250322,all,2012-01-03
DISCK,DISCK.A^H14,2012-01-25,ESG-EGARCH(E),0.2012226292067688,1.606767718447809,E,2012-01-03
DISCK,DISCK.A^H14,2012-01-25,ESG-EGARCH(G),0.2008132618724927,1.6002367517408869,G,2012-01-03
DISCK,DISCK.A^H14,2012-01-25,ESG-EGARCH(S),0.2001739113017388,1.5900632843585871,S,2012-01-03
DISCK,DISCK.A^H14,2012-01-25,ESG-GARCH,0.2089022783941396,1.7317524570739131,all,2012-01-03
DISCK,DISCK.A^H14,2012-01-25,ESG-GARCH(E),0.2094350936080403,1.7405975569289127,E,2012-01-03
DISCK,DISCK.A^H14,2012-01-25,ESG-GARCH(G),0.2089867427205735,1.7331531203553645,G,2012-01-03
DISCK,DISCK.A^H14,2012-01-25,ESG-GARCH(S),0.2082866032996654,1.7215598854806435,S,2012-01-03
DISCK,DISCK.A^H14,2012-01-25,ESG-GJR-GARCH,0.2103754279596459,1.756262725762071,all,2012-01-03
DISCK,DISCK.A^H14,2012-01-25,ESG-GJR-GARCH(E),0.2110211892623092,1.767061203082513,E,2012-01-03
DISCK,DISCK.A^H14,2012-01-25,ESG-GJR-GARCH(G),0.2104777747243663,1.7579719703540118,G,2012-01-03
DISCK,DISCK.A^H14,2012-01-25,ESG-GJR-GARCH(S),0.2096296588469833,1.7438330900120085,S,2012-01-03
DISCK,DISCK.A^H14,2012-01-25,GARCH,0.202858752296928,1.633002912042318,,2012-01-03
DISCK,DISCK.A^H14,2012-01-25,GJR-GARCH,0.2037137738249938,1.6467976843659031,,2012-01-03
DISCK,DISCK.A^H14,2012-01-26,EGARCH,0.1952400352880108,1.5126456896533211,,2012-01-03
DISCK,DISCK.A^H14,2012-01-26,ESG-EGARCH,0.2007361367276724,1.5990078011250322,all,2012-01-03
DISCK,DISCK.A^H14,2012-01-26,ESG-EGARCH(E),0.2012226292067688,1.606767718447809,E,2012-01-03
DISCK,DISCK.A^H14,2012-01-26,ESG-EGARCH(G),0.2008132618724927,1.6002367517408869,G,2012-01-03
DISCK,DISCK.A^H14,2012-01-26,ESG-EGARCH(S),0.2001739113017388,1.5900632843585871,S,2012-01-03
DISCK,DISCK.A^H14,2012-01-26,ESG-GARCH,0.2089022783941396,1.7317524570739131,all,2012-01-03
DISCK,DISCK.A^H14,2012-01-26,ESG-GARCH(E),0.2094350936080403,1.7405975569289127,E,2012-01-03
DISCK,DISCK.A^H14,2012-01-26,ESG-GARCH(G),0.2089867427205735,1.7331531203553645,G,2012-01-03
DISCK,DISCK.A^H14,2012-01-26,ESG-GARCH(S),0.2082866032996654,1.7215598854806435,S,2012-01-03
DISCK,DISCK.A^H14,2012-01-26,ESG-GJR-GARCH,0.2103754279596459,1.756262725762071,all,2012-01-03
DISCK,DISCK.A^H14,2012-01-26,ESG-GJR-GARCH(E),0.2110211892623092,1.767061203082513,E,2012-01-03
DISCK,DISCK.A^H14,2012-01-26,ESG-GJR-GARCH(G),0.2104777747243663,1.7579719703540118,G,2012-01-03
DISCK,DISCK.A^H14,2012-01-26,ESG-GJR-GARCH(S),0.2096296588469833,1.7438330900120085,S,2012-01-03
DISCK,DISCK.A^H14,2012-01-26,GARCH,0.202858752296928,1.633002912042318,,2012-01-03
DISCK,DISCK.A^H14,2012-01-26,GJR-GARCH,0.2037137738249938,1.6467976843659031,,2012-01-03
DISCK,DISCK.A^H14,2012-01-27,EGARCH,0.1952400352880108,1.5126456896533211,,2012-01-03
DISCK,DISCK.A^H14,2012-01-27,ESG-EGARCH,0.2007361367276724,1.5990078011250322,all,2012-01-03
DISCK,DISCK.A^H14,2012-01-27,ESG-EGARCH(E),0.2012226292067688,1.606767718447809,E,2012-01-03
DISCK,DISCK.A^H14,2012-01-27,ESG-EGARCH(G),0.2008132618724927,1.6002367517408869,G,2012-01-03
DISCK,DISCK.A^H14,2012-01-27,ESG-EGARCH(S),0.2001739113017388,1.5900632843585871,S,2012-01-03
DISCK,DISCK.A^H14,2012-01-27,ESG-GARCH,0.2089022783941396,1.7317524570739131,all,2012-01-03
DISCK,DISCK.A^H14,2012-01-27,ESG-GARCH(E),0.2094350936080403,1.7405975569289127,E,2012-01-03
DISCK,DISCK.A^H14,2012-01-27,ESG-GARCH(G),0.2089867427205735,1.7331531203553645,G,2012-01-03
DISCK,DISCK.A^H14,2012-01-27,ESG-GARCH(S),0.2082866032996654,1.7215598854806435,S,2012-01-03
DISCK,DISCK.A^H14,2012-01-27,ESG-GJR-GARCH,0.2103754279596459,1.756262725762071,all,2012-01-03
DISCK,DISCK.A^H14,2012-01-27,ESG-GJR-GARCH(E),0.2110211892623092,1.767061203082513,E,2012-01-03
DISCK,DISCK.A^H14,2012-01-27,ESG-GJR-GARCH(G),0.2104777747243663,1.7579719703540118,G,2012-01-03
DISCK,DISCK.A^H14,2012-01-27,ESG-GJR-GARCH(S),0.2096296588469833,1.7438330900120085,S,2012-01-03
DISCK,DISCK.A^H14,2012-01-27,GARCH,0.202858752296928,1.633002912042318,,2012-01-03
DISCK,DISCK.A^H14,2012-01-27,GJR-GARCH,0.2037137738249938,1.6467976843659031,,2012-01-03
DISCK,DISCK.A^H14,2014-02-20,EGARCH,0.1952400352880108,1.5126456896533211,,2012-01-03
DISCK,DISCK.A^H14,2014-02-20,ESG-EGARCH,0.2007443871901354,1.599139245569167,all,2012-01-03
DISCK,DISCK.A^H14,2014-02-20,ESG-EGARCH(E),0.2010712215755386,1.6043506407094987,E,2012-01-03
DISCK,DISCK.A^H14,2014-02-20,ESG-EGARCH(G),0.1996711389145432,1.5820858617234452,G,2012-01-03
DISCK,DISCK.A^H14,2014-02-20,ESG-EGARCH(S),0.2014953472280926,1.611125990260699,S,2012-01-03
DISCK,DISCK.A^H14,2014-02-20,ESG-GARCH,0.2089113138844471,1.7319022646399205,all,2012-01-03
DISCK,DISCK.A^H14,2014-02-20,ESG-GARCH(E),0.2092692620439989,1.7378422236682505,E,2012-01-03
DISCK,DISCK.A^H14,2014-02-20,ESG-GARCH(G),0.2077361099703936,1.7124718803822006,G,2012-01-03
DISCK,DISCK.A^H14,2014-02-20,ESG-GARCH(S),0.2097338087371938,1.74556629077023,S,2012-01-03
DISCK,DISCK.A^H14,2014-02-20,ESG-GJR-GARCH,0.210386376005095,1.7564455241490968,all,2012-01-03
DISCK,DISCK.A^H14,2014-02-20,ESG-GJR-GARCH(E),0.2108201689294847,1.7636961756927174,E,2012-01-03
DISCK,DISCK.A^H14,2014-02-20,ESG-GJR-GARCH(G),0.208963223738673,1.7327630506055056,G,2012-01-03
DISCK,DISCK.A^H14,2014-02-20,ESG-GJR-GARCH(S),0.2113833720884768,1.7731321426783908,S,2012-01-03
DISCK,DISCK.A^H14,2014-02-20,GARCH,0.202858752296928,1.633002912042318,,2012-01-03
DISCK,DISCK.A^H14,2014-02-20,GJR-GARCH,0.2037137738249938,1.6467976843659031,,2012-01-03
DISCK,DISCK.A^H14,2014-02-21,EGARCH,0.1952400352880108,1.5126456896533211,,2012-01-03
DISCK,DISCK.A^H14,2014-02-21,ESG-EGARCH,0.2007443871901354,1.599139245569167,all,2012-01-03
DISCK,DISCK.A^H14,2014-02-21,ESG-EGARCH(E),0.2010712215755386,1.6043506407094987,E,2012-01-03
DISCK,DISCK.A^H14,2014-02-21,ESG-EGARCH(G),0.1996711389145432,1.5820858617234452,G,2012-01-03
DISCK,DISCK.A^H14,2014-02-21,ESG-EGARCH(S),0.2014953472280926,1.611125990260699,S,2012-01-03
DISCK,DISCK.A^H14,2014-02-21,ESG-GARCH,0.2089113138844471,1.7319022646399205,all,2012-01-03
DISCK,DISCK.A^H14,2014-02-21,ESG-GARCH(E),0.2092692620439989,1.7378422236682505,E,2012-01-03
DISCK,DISCK.A^H14,2014-02-21,ESG-GARCH(G),0.2077361099703936,1.7124718803822006,G,2012-01-03
DISCK,DISCK.A^H14,2014-02-21,ESG-GARCH(S),0.2097338087371938,1.74556629077023,S,2012-01-03
DISCK,DISCK.A^H14,2014-02-21,ESG-GJR-GARCH,0.210386376005095,1.7564455241490968,all,2012-01-03
DISCK,DISCK.A^H14,2014-02-21,ESG-GJR-GARCH(E),0.2108201689294847,1.7636961756927174,E,2012-01-03
DISCK,DISCK.A^H14,2014-02-21,ESG-GJR-GARCH(G),0.208963223738673,1.7327630506055056,G,2012-01-03
DISCK,DISCK.A^H14,2014-02-21,ESG-GJR-GARCH(S),0.2113833720884768,1.7731321426783908,S,2012-01-03
DISCK,DISCK.A^H14,2014-02-21,GARCH,0.202858752296928,1.633002912042318,,2012-01-03
DISCK,DISCK.A^H14,2014-02-21,GJR-GARCH,0.2037137738249938,1.6467976843659031,,2012-01-03
DISCK,DISCK.A^H14,2014-02-24,EGARCH,0.1952400352880108,1.5126456896533211,,2012-01-03
DISCK,DISCK.A^H14,2014-02-24,ESG-EGARCH,0.2007443871901354,1.599139245569167,all,2012-01-03
DISCK,DISCK.A^H14,2014-02-24,ESG-EGARCH(E),0.2010712215755386,1.6043506407094987,E,2012-01-03
DISCK,DISCK.A^H14,2014-02-24,ESG-EGARCH(G),0.1996711389145432,1.5820858617234452,G,2012-01-03
DISCK,DISCK.A^H14,2014-02-24,ESG-EGARCH(S),0.2014953472280926,1.611125990260699,S,2012-01-03
DISCK,DISCK.A^H14,2014-02-24,ESG-GARCH,0.2089113138844471,1.7319022646399205,all,2012-01-03
DISCK,DISCK.A^H14,2014-02-24,ESG-GARCH(E),0.2092692620439989,1.7378422236682505,E,2012-01-03
DISCK,DISCK.A^H14,2014-02-24,ESG-GARCH(G),0.2077361099703936,1.7124718803822006,G,2012-01-03
DISCK,DISCK.A^H14,2014-02-24,ESG-GARCH(S),0.2097338087371938,1.74556629077023,S,2012-01-03
DISCK,DISCK.A^H14,2014-02-24,ESG-GJR-GARCH,0.210386376005095,1.7564455241490968,all,2012-01-03
DISCK,DISCK.A^H14,2014-02-24,ESG-GJR-GARCH(E),0.2108201689294847,1.7636961756927174,E,2012-01-03
DISCK,DISCK.A^H14,2014-02-24,ESG-GJR-GARCH(G),0.208963223738673,1.7327630506055056,G,2012-01-03
DISCK,DISCK.A^H14,2014-02-24,ESG-GJR-GARCH(S),0.2113833720884768,1.7731321426783908,S,2012-01-03
DISCK,DISCK.A^H14,2014-02-24,GARCH,0.202858752296928,1.633002912042318,,2012-01-03
DISCK,DISCK.A^H14,2014-02-24,GJR-GARCH,0.2037137738249938,1.6467976843659031,,2012-01-03
DISCK,DISCK.A^H14,2014-02-25,EGARCH,0.1952400352880108,1.5126456896533211,,2012-01-03
DISCK,DISCK.A^H14,2014-02-25,ESG-EGARCH,0.2007443871901354,1.599139245569167,all,2012-01-03
DISCK,DISCK.A^H14,2014-02-25,ESG-EGARCH(E),0.2010712215755386,1.6043506407094987,E,2012-01-03
DISCK,DISCK.A^H14,2014-02-25,ESG-EGARCH(G),0.1996711389145432,1.5820858617234452,G,2012-01-03
DISCK,DISCK.A^H14,2014-02-25,ESG-EGARCH(S),0.2014953472280926,1.611125990260699,S,2012-01-03
DISCK,DISCK.A^H14,2014-02-25,ESG-GARCH,0.2089113138844471,1.7319022646399205,all,2012-01-03
DISCK,DISCK.A^H14,2014-02-25,ESG-GARCH(E),0.2092692620439989,1.7378422236682505,E,2012-01-03
DISCK,DISCK.A^H14,2014-02-25,ESG-GARCH(G),0.2077361099703936,1.7124718803822006,G,2012-01-03
DISCK,DISCK.A^H14,2014-02-25,ESG-GARCH(S),0.2097338087371938,1.74556629077023,S,2012-01-03
DISCK,DISCK.A^H14,2014-02-25,ESG-GJR-GARCH,0.210386376005095,1.7564455241490968,all,2012-01-03
DISCK,DISCK.A^H14,2014-02-25,ESG-GJR-GARCH(E),0.2108201689294847,1.7636961756927174,E,2012-01-03
DISCK,DISCK.A^H14,2014-02-25,ESG-GJR-GARCH(G),0.208963223738673,1.7327630506055056,G,2012-01-03
DISCK,DISCK.A^H14,2014-02-25,ESG-GJR-GARCH(S),0.2113833720884768,1.7731321426783908,S,2012-01-03
DISCK,DISCK.A^H14,2014-02-25,GARCH,0.202858752296928,1.633002912042318,,2012-01-03
DISCK,DISCK.A^H14,2014-02-25,GJR-GARCH,0.2037137738249938,1.6467976843659031,,2012-01-03
DISCK,DISCK.A^H14,2014-02-26,EGARCH,0.1952400352880108,1.5126456896533211,,2012-01-03
DISCK,DISCK.A^H14,2014-02-26,ESG-EGARCH,0.2007443871901354,1.599139245569167,all,2012-01-03
DISCK,DISCK.A^H14,2014-02-26,ESG-EGARCH(E),0.2010712215755386,1.6043506407094987,E,2012-01-03
DISCK,DISCK.A^H14,2014-02-26,ESG-EGARCH(G),0.1996711389145432,1.5820858617234452,G,2012-01-03
DISCK,DISCK.A^H14,2014-02-26,ESG-EGARCH(S),0.2014953472280926,1.611125990260699,S,2012-01-03
DISCK,DISCK.A^H14,2014-02-26,ESG-GARCH,0.2089113138844471,1.7319022646399205,all,2012-01-03
DISCK,DISCK.A^H14,2014-02-26,ESG-GARCH(E),0.2092692620439989,1.7378422236682505,E,2012-01-03
DISCK,DISCK.A^H14,2014-02-26,ESG-GARCH(G),0.2077361099703936,1.7124718803822006,G,2012-01-03
DISCK,DISCK.A^H14,2014-02-26,ESG-GARCH(S),0.2097338087371938,1.74556629077023,S,2012-01-03
DISCK,DISCK.A^H14,2014-02-26,ESG-GJR-GARCH,0.210386376005095,1.7564455241490968,all,2012-01-03
DISCK,DISCK.A^H14,2014-02-26,ESG-GJR-GARCH(E),0.2108201689294847,1.7636961756927174,E,2012-01-03
DISCK,DISCK.A^H14,2014-02-26,ESG-GJR-GARCH(G),0.208963223738673,1.7327630506055056,G,2012-01-03
DISCK,DISCK.A^H14,2014-02-26,ESG-GJR-GARCH(S),0.2113833720884768,1.7731321426783908,S,2012-01-03
DISCK,DISCK.A^H14,2014-02-26,GARCH,0.202858752296928,1.633002912042318,,2012-01-03
DISCK,DISCK.A^H14,2014-02-26,GJR-GARCH,0.2037137738249938,1.6467976843659031,,2012-01-03
DISCK,DISCK.A^H14,2014-02-27,EGARCH,0.1952400352880108,1.5126456896533211,,2012-01-03
DISCK,DISCK.A^H14,2014-02-27,ESG-EGARCH,0.2007443871901354,1.599139245569167,all,2012-01-03
DISCK,DISCK.A^H14,2014-02-27,ESG-EGARCH(E),0.2010712215755386,1.6043506407094987,E,2012-01-03
DISCK,DISCK.A^H14,2014-02-27,ESG-EGARCH(G),0.1996711389145432,1.5820858617234452,G,2012-01-03
DISCK,DISCK.A^H14,2014-02-27,ESG-EGARCH(S),0.2014953472280926,1.611125990260699,S,2012-01-03
DISCK,DISCK.A^H14,2014-02-27,ESG-GARCH,0.2089113138844471,1.7319022646399205,all,2012-01-03
DISCK,DISCK.A^H14,2014-02-27,ESG-GARCH(E),0.2092692620439989,1.7378422236682505,E,2012-01-03
DISCK,DISCK.A^H14,2014-02-27,ESG-GARCH(G),0.2077361099703936,1.7124718803822006,G,2012-01-03
DISCK,DISCK.A^H14,2014-02-27,ESG-GARCH(S),0.2097338087371938,1.74556629077023,S,2012-01-03
DISCK,DISCK.A^H14,2014-02-27,ESG-GJR-GARCH,0.210386376005095,1.7564455241490968,all,2012-01-03
DISCK,DISCK.A^H14,2014-02-27,ESG-GJR-GARCH(E),0.2108201689294847,1.7636961756927174,E,2012-01-03
DISCK,DISCK.A^H14,2014-02-27,ESG-GJR-GARCH(G),0.208963223738673,1.7327630506055056,G,2012-01-03
DISCK,DISCK.A^H14,2014-02-27,ESG-GJR-GARCH(S),0.2113833720884768,1.7731321426783908,S,2012-01-03
DISCK,DISCK.A^H14,2014-02-27,GARCH,0.202858752296928,1.633002912042318,,2012-01-03
DISCK,DISCK.A^H14,2014-02-27,GJR-GARCH,0.2037137738249938,1.6467976843659031,,2012-01-03
DISCK,DISCK.A^H14,2014-02-28,EGARCH,0.1952400352880108,1.5126456896533211,,2012-01-03
DISCK,DISCK.A^H14,2014-02-28,ESG-EGARCH,0.2007443871901354,1.599139245569167,all,2012-01-03
DISCK,DISCK.A^H14,2014-02-28,ESG-EGARCH(E),0.2010712215755386,1.6043506407094987,E,2012-01-03
DISCK,DISCK.A^H14,2014-02-28,ESG-EGARCH(G),0.1996711389145432,1.5820858617234452,G,2012-01-03
DISCK,DISCK.A^H14,2014-02-28,ESG-EGARCH(S),0.2014953472280926,1.611125990260699,S,2012-01-03
DISCK,DISCK.A^H14,2014-02-28,ESG-GARCH,0.2089113138844471,1.7319022646399205,all,2012-01-03
DISCK,DISCK.A^H14,2014-02-28,ESG-GARCH(E),0.2092692620439989,1.7378422236682505,E,2012-01-03
DISCK,DISCK.A^H14,2014-02-28,ESG-GARCH(G),0.2077361099703936,1.7124718803822006,G,2012-01-03
DISCK,DISCK.A^H14,2014-02-28,ESG-GARCH(S),0.2097338087371938,1.74556629077023,S,2012-01-03
DISCK,DISCK.A^H14,2014-02-28,ESG-GJR-GARCH,0.210386376005095,1.7564455241490968,all,2012-01-03
DISCK,DISCK.A^H14,2014-02-28,ESG-GJR-GARCH(E),0.2108201689294847,1.7636961756927174,E,2012-01-03
DISCK,DISCK.A^H14,2014-02-28,ESG-GJR-GARCH(G),0.208963223738673,1.7327630506055056,G,2012-01-03
DISCK,DISCK.A^H14,2014-02-28,ESG-GJR-GARCH(S),0.2113833720884768,1.7731321426783908,S,2012-01-03
DISCK,DISCK.A^H14,2014-02-28,GARCH,0.202858752296928,1.633002912042318,,2012-01-03
DISCK,DISCK.A^H14,2014-02-28,GJR-GARCH,0.2037137738249938,1.6467976843659031,,2012-01-03
DISCK,DISCK.A^H14,2014-03-03,EGARCH,0.1952400352880108,1.5126456896533211,,2012-01-03
DISCK,DISCK.A^H14,2014-03-03,ESG-EGARCH,0.2007443871901354,1.599139245569167,all,2012-01-03
DISCK,DISCK.A^H14,2014-03-03,ESG-EGARCH(E),0.2010712215755386,1.6043506407094987,E,2012-01-03
DISCK,DISCK.A^H14,2014-03-03,ESG-EGARCH(G),0.1996711389145432,1.5820858617234452,G,2012-01-03
DISCK,DISCK.A^H14,2014-03-03,ESG-EGARCH(S),0.2014953472280926,1.611125990260699,S,2012-01-03
DISCK,DISCK.A^H14,2014-03-03,ESG-GARCH,0.2089113138844471,1.7319022646399205,all,2012-01-03
DISCK,DISCK.A^H14,2014-03-03,ESG-GARCH(E),0.2092692620439989,1.7378422236682505,E,2012-01-03
DISCK,DISCK.A^H14,2014-03-03,ESG-GARCH(G),0.2077361099703936,1.7124718803822006,G,2012-01-03
DISCK,DISCK.A^H14,2014-03-03,ESG-GARCH(S),0.2097338087371938,1.74556629077023,S,2012-01-03
DISCK,DISCK.A^H14,2014-03-03,ESG-GJR-GARCH,0.210386376005095,1.7564455241490968,all,2012-01-03
DISCK,DISCK.A^H14,2014-03-03,ESG-GJR-GARCH(E),0.2108201689294847,1.7636961756927174,E,2012-01-03
DISCK,DISCK.A^H14,2014-03-03,ESG-GJR-GARCH(G),0.208963223738673,1.7327630506055056,G,2012-01-03
DISCK,DISCK.A^H14,2014-03-03,ESG-GJR-GARCH(S),0.2113833720884768,1.7731321426783908,S,2012-01-03
DISCK,DISCK.A^H14,2014-03-03,GARCH,0.202858752296928,1.633002912042318,,2012-01-03
DISCK,DISCK.A^H14,2014-03-03,GJR-GARCH,0.2037137738249938,1.6467976843659031,,2012-01-03
DISCK,DISCK.A^H14,2014-03-04,EGARCH,0.1952400352880108,1.5126456896533211,,2012-01-03
DISCK,DISCK.A^H14,2014-03-04,ESG-EGARCH,0.2007443871901354,1.599139245569167,all,2012-01-03
DISCK,DISCK.A^H14,2014-03-04,ESG-EGARCH(E),0.2010712215755386,1.6043506407094987,E,2012-01-03
DISCK,DISCK.A^H14,2014-03-04,ESG-EGARCH(G),0.1996711389145432,1.5820858617234452,G,2012-01-03
DISCK,DISCK.A^H14,2014-03-04,ESG-EGARCH(S),0.2014953472280926,1.611125990260699,S,2012-01-03
DISCK,DISCK.A^H14,2014-03-04,ESG-GARCH,0.2089113138844471,1.7319022646399205,all,2012-01-03
DISCK,DISCK.A^H14,2014-03-04,ESG-GARCH(E),0.2092692620439989,1.7378422236682505,E,2012-01-03
DISCK,DISCK.A^H14,2014-03-04,ESG-GARCH(G),0.2077361099703936,1.7124718803822006,G,2012-01-03
DISCK,DISCK.A^H14,2014-03-04,ESG-GARCH(S),0.2097338087371938,1.74556629077023,S,2012-01-03
DISCK,DISCK.A^H14,2014-03-04,ESG-GJR-GARCH,0.210386376005095,1.7564455241490968,all,2012-01-03
DISCK,DISCK.A^H14,2014-03-04,ESG-GJR-GARCH(E),0.2108201689294847,1.7636961756927174,E,2012-01-03
DISCK,DISCK.A^H14,2014-03-04,ESG-GJR-GARCH(G),0.208963223738673,1.7327630506055056,G,2012-01-03
DISCK,DISCK.A^H14,2014-03-04,ESG-GJR-GARCH(S),0.2113833720884768,1.7731321426783908,S,2012-01-03
DISCK,DISCK.A^H14,2014-03-04,GARCH,0.202858752296928,1.633002912042318,,2012-01-03
DISCK,DISCK.A^H14,2014-03-04,GJR-GARCH,0.2037137738249938,1.6467976843659031,,2012-01-03
DISCK,DISCK.A^H14,2014-03-05,EGARCH,0.2372063753467635,2.2328120835376843,,2014-03-05
DISCK,DISCK.A^H14,2014-03-05,ESG-EGARCH,0.2203970300009337,1.927573445763194,all,2014-03-05
DISCK,DISCK.A^H14,2014-03-05,ESG-EGARCH(E),0.2186452885020867,1.8970540549270136,E,2014-03-05
DISCK,DISCK.A^H14,2014-03-05,ESG-EGARCH(G),0.2174674706166902,1.8766706657309924,G,2014-03-05
DISCK,DISCK.A^H14,2014-03-05,ESG-EGARCH(S),0.2193663108279409,1.9095864415182864,S,2014-03-05
DISCK,DISCK.A^H14,2014-03-05,ESG-GARCH,0.2108378200329115,1.763991522072634,all,2014-03-05
DISCK,DISCK.A^H14,2014-03-05,ESG-GARCH(E),0.2115356094877625,1.775687066720602,E,2014-03-05
DISCK,DISCK.A^H14,2014-03-05,ESG-GARCH(G),0.2101644173944508,1.7527413626487671,G,2014-03-05
DISCK,DISCK.A^H14,2014-03-05,ESG-GARCH(S),0.2121485359261189,1.7859921149045948,S,2014-03-05
DISCK,DISCK.A^H14,2014-03-05,ESG-GJR-GARCH,0.2095819395694565,1.7430392616545758,all,2014-03-05
DISCK,DISCK.A^H14,2014-03-05,ESG-GJR-GARCH(E),0.2099470846032957,1.7491181878342623,E,2014-03-05
DISCK,DISCK.A^H14,2014-03-05,ESG-GJR-GARCH(G),0.2083825810246928,1.7231468283536782,G,2014-03-05
DISCK,DISCK.A^H14,2014-03-05,ESG-GJR-GARCH(S),0.2106828575239225,1.7613994624779934,S,2014-03-05
DISCK,DISCK.A^H14,2014-03-05,GARCH,0.2286679014575537,2.074960680833392,,2014-03-05
DISCK,DISCK.A^H14,2014-03-05,GJR-GARCH,0.2104314969816778,1.7571990048392816,,2014-03-05
DISCK,DISCK.A^H14,2014-03-06,EGARCH,0.2372063753467635,2.2328120835376843,,2014-03-05
DISCK,DISCK.A^H14,2014-03-06,ESG-EGARCH,0.2203970300009337,1.927573445763194,all,2014-03-05
DISCK,DISCK.A^H14,2014-03-06,ESG-EGARCH(E),0.2186452885020867,1.8970540549270136,E,2014-03-05
DISCK,DISCK.A^H14,2014-03-06,ESG-EGARCH(G),0.2174674706166902,1.8766706657309924,G,2014-03-05
DISCK,DISCK.A^H14,2014-03-06,ESG-EGARCH(S),0.2193663108279409,1.9095864415182864,S,2014-03-05
DISCK,DISCK.A^H14,2014-03-06,ESG-GARCH,0.2108378200329115,1.763991522072634,all,2014-03-05
DISCK,DISCK.A^H14,2014-03-06,ESG-GARCH(E),0.2115356094877625,1.775687066720602,E,2014-03-05
DISCK,DISCK.A^H14,2014-03-06,ESG-GARCH(G),0.2101644173944508,1.7527413626487671,G,2014-03-05
DISCK,DISCK.A^H14,2014-03-06,ESG-GARCH(S),0.2121485359261189,1.7859921149045948,S,2014-03-05
DISCK,DISCK.A^H14,2014-03-06,ESG-GJR-GARCH,0.2095819395694565,1.7430392616545758,all,2014-03-05
DISCK,DISCK.A^H14,2014-03-06,ESG-GJR-GARCH(E),0.2099470846032957,1.7491181878342623,E,2014-03-05
DISCK,DISCK.A^H14,2014-03-06,ESG-GJR-GARCH(G),0.2083825810246928,1.7231468283536782,G,2014-03-05
DISCK,DISCK.A^H14,2014-03-06,ESG-GJR-GARCH(S),0.2106828575239225,1.7613994624779934,S,2014-03-05
DISCK,DISCK.A^H14,2014-03-06,GARCH,0.2286679014575537,2.074960680833392,,2014-03-05
DISCK,DISCK.A^H14,2014-03-06,GJR-GARCH,0.2104314969816778,1.7571990048392816,,2014-03-05
DISCK,DISCK.A^H14,2014-03-07,EGARCH,0.2372063753467635,2.2328120835376843,,2014-03-05
DISCK,DISCK.A^H14,2014-03-07,ESG-EGARCH,0.2203970300009337,1.927573445763194,all,2014-03-05
DISCK,DISCK.A^H14,2014-03-07,ESG-EGARCH(E),0.2186452885020867,1.8970540549270136,E,2014-03-05
DISCK,DISCK.A^H14,2014-03-07,ESG-EGARCH(G),0.2174674706166902,1.8766706657309924,G,2014-03-05
DISCK,DISCK.A^H14,2014-03-07,ESG-EGARCH(S),0.2193663108279409,1.9095864415182864,S,2014-03-05
DISCK,DISCK.A^H14,2014-03-07,ESG-GARCH,0.2108378200329115,1.763991522072634,all,2014-03-05
DISCK,DISCK.A^H14,2014-03-07,ESG-GARCH(E),0.2115356094877625,1.775687066720602,E,2014-03-05
DISCK,DISCK.A^H14,2014-03-07,ESG-GARCH(G),0.2101644173944508,1.7527413626487671,G,2014-03-05
DISCK,DISCK.A^H14,2014-03-07,ESG-GARCH(S),0.2121485359261189,1.7859921149045948,S,2014-03-05
DISCK,DISCK.A^H14,2014-03-07,ESG-GJR-GARCH,0.2095819395694565,1.7430392616545758,all,2014-03-05
DISCK,DISCK.A^H14,2014-03-07,ESG-GJR-GARCH(E),0.2099470846032957,1.7491181878342623,E,2014-03-05
DISCK,DISCK.A^H14,2014-03-07,ESG-GJR-GARCH(G),0.2083825810246928,1.7231468283536782,G,2014-03-05
DISCK,DISCK.A^H14,2014-03-07,ESG-GJR-GARCH(S),0.2106828575239225,1.7613994624779934,S,2014-03-05
DISCK,DISCK.A^H14,2014-03-07,GARCH,0.2286679014575537,2.074960680833392,,2014-03-05
DISCK,DISCK.A^H14,2014-03-07,GJR-GARCH,0.2104314969816778,1.7571990048392816,,2014-03-05
DISCK,DISCK.A^H14,2014-03-10,EGARCH,0.2372063753467635,2.2328120835376843,,2014-03-05
DISCK,DISCK.A^H14,2014-03-10,ESG-EGARCH,0.2203970300009337,1.927573445763194,all,2014-03-05
DISCK,DISCK.A^H14,2014-03-10,ESG-EGARCH(E),0.2186452885020867,1.8970540549270136,E,2014-03-05
DISCK,DISCK.A^H14,2014-03-10,ESG-EGARCH(G),0.2174674706166902,1.8766706657309924,G,2014-03-05
DISCK,DISCK.A^H14,2014-03-10,ESG-EGARCH(S),0.2193663108279409,1.9095864415182864,S,2014-03-05
DISCK,DISCK.A^H14,2014-03-10,ESG-GARCH,0.2108378200329115,1.763991522072634,all,2014-03-05
DISCK,DISCK.A^H14,2014-03-10,ESG-GARCH(E),0.2115356094877625,1.775687066720602,E,2014-03-05
DISCK,DISCK.A^H14,2014-03-10,ESG-GARCH(G),0.2101644173944508,1.7527413626487671,G,2014-03-05
DISCK,DISCK.A^H14,2014-03-10,ESG-GARCH(S),0.2121485359261189,1.7859921149045948,S,2014-03-05
DISCK,DISCK.A^H14,2014-03-10,ESG-GJR-GARCH,0.2095819395694565,1.7430392616545758,all,2014-03-05
DISCK,DISCK.A^H14,2014-03-10,ESG-GJR-GARCH(E),0.2099470846032957,1.7491181878342623,E,2014-03-05
DISCK,DISCK.A^H14,2014-03-10,ESG-GJR-GARCH(G),0.2083825810246928,1.7231468283536782,G,2014-03-05
DISCK,DISCK.A^H14,2014-03-10,ESG-GJR-GARCH(S),0.2106828575239225,1.7613994624779934,S,2014-03-05
DISCK,DISCK.A^H14,2014-03-10,GARCH,0.2286679014575537,2.074960680833392,,2014-03-05
DISCK,DISCK.A^H14,2014-03-10,GJR-GARCH,0.2104314969816778,1.7571990048392816,,2014-03-05
DISCK,DISCK.A^H14,2014-03-11,EGARCH,0.2372063753467635,2.2328120835376843,,2014-03-05
DISCK,DISCK.A^H14,2014-03-11,ESG-EGARCH,0.2203970300009337,1.927573445763194,all,2014-03-05
DISCK,DISCK.A^H14,2014-03-11,ESG-EGARCH(E),0.2186452885020867,1.8970540549270136,E,2014-03-05
DISCK,DISCK.A^H14,2014-03-11,ESG-EGARCH(G),0.2174674706166902,1.8766706657309924,G,2014-03-05
DISCK,DISCK.A^H14,2014-03-11,ESG-EGARCH(S),0.2193663108279409,1.9095864415182864,S,2014-03-05
DISCK,DISCK.A^H14,2014-03-11,ESG-GARCH,0.2108378200329115,1.763991522072634,all,2014-03-05
DISCK,DISCK.A^H14,2014-03-11,ESG-GARCH(E),0.2115356094877625,1.775687066720602,E,2014-03-05
DISCK,DISCK.A^H14,2014-03-11,ESG-GARCH(G),0.2101644173944508,1.7527413626487671,G,2014-03-05
DISCK,DISCK.A^H14,2014-03-11,ESG-GARCH(S),0.2121485359261189,1.7859921149045948,S,2014-03-05
DISCK,DISCK.A^H14,2014-03-11,ESG-GJR-GARCH,0.2095819395694565,1.7430392616545758,all,2014-03-05
DISCK,DISCK.A^H14,2014-03-11,ESG-GJR-GARCH(E),0.2099470846032957,1.7491181878342623,E,2014-03-05
DISCK,DISCK.A^H14,2014-03-11,ESG-GJR-GARCH(G),0.2083825810246928,1.7231468283536782,G,2014-03-05
DISCK,DISCK.A^H14,2014-03-11,ESG-GJR-GARCH(S),0.2106828575239225,1.7613994624779934,S,2014-03-05
DISCK,DISCK.A^H14,2014-03-11,GARCH,0.2286679014575537,2.074960680833392,,2014-03-05
DISCK,DISCK.A^H14,2014-03-11,GJR-GARCH,0.2104314969816778,1.7571990048392816,,2014-03-05
DISCK,DISCK.A^H14,2014-03-12,EGARCH,0.2372063753467635,2.2328120835376843,,2014-03-05
DISCK,DISCK.A^H14,2014-03-12,ESG-EGARCH,0.2203970300009337,1.927573445763194,all,2014-03-05
DISCK,DISCK.A^H14,2014-03-12,ESG-EGARCH(E),0.2186452885020867,1.8970540549270136,E,2014-03-05
DISCK,DISCK.A^H14,2014-03-12,ESG-EGARCH(G),0.2174674706166902,1.8766706657309924,G,2014-03-05
DISCK,DISCK.A^H14,2014-03-12,ESG-EGARCH(S),0.2193663108279409,1.9095864415182864,S,2014-03-05
DISCK,DISCK.A^H14,2014-03-12,ESG-GARCH,0.2108378200329115,1.763991522072634,all,2014-03-05
DISCK,DISCK.A^H14,2014-03-12,ESG-GARCH(E),0.2115356094877625,1.775687066720602,E,2014-03-05
DISCK,DISCK.A^H14,2014-03-12,ESG-GARCH(G),0.2101644173944508,1.7527413626487671,G,2014-03-05
DISCK,DISCK.A^H14,2014-03-12,ESG-GARCH(S),0.2121485359261189,1.7859921149045948,S,2014-03-05
DISCK,DISCK.A^H14,2014-03-12,ESG-GJR-GARCH,0.2095819395694565,1.7430392616545758,all,2014-03-05
DISCK,DISCK.A^H14,2014-03-12,ESG-GJR-GARCH(E),0.2099470846032957,1.7491181878342623,E,2014-03-05
DISCK,DISCK.A^H14,2014-03-12,ESG-GJR-GARCH(G),0.2083825810246928,1.7231468283536782,G,2014-03-05
DISCK,DISCK.A^H14,2014-03-12,ESG-GJR-GARCH(S),0.2106828575239225,1.7613994624779934,S,2014-03-05
DISCK,DISCK.A^H14,2014-03-12,GARCH,0.2286679014575537,2.074960680833392,,2014-03-05
DISCK,DISCK.A^H14,2014-03-12,GJR-GARCH,0.2104314969816778,1.7571990048392816,,2014-03-05
DISCK,DISCK.A^H14,2014-03-13,EGARCH,0.2372063753467635,2.2328120835376843,,2014-03-05
DISCK,DISCK.A^H14,2014-03-13,ESG-EGARCH,0.2203970300009337,1.927573445763194,all,2014-03-05
DISCK,DISCK.A^H14,2014-03-13,ESG-EGARCH(E),0.2186452885020867,1.8970540549270136,E,2014-03-05
DISCK,DISCK.A^H14,2014-03-13,ESG-EGARCH(G),0.2174674706166902,1.8766706657309924,G,2014-03-05
DISCK,DISCK.A^H14,2014-03-13,ESG-EGARCH(S),0.2193663108279409,1.9095864415182864,S,2014-03-05
DISCK,DISCK.A^H14,2014-03-13,ESG-GARCH,0.2108378200329115,1.763991522072634,all,2014-03-05
DISCK,DISCK.A^H14,2014-03-13,ESG-GARCH(E),0.2115356094877625,1.775687066720602,E,2014-03-05
DISCK,DISCK.A^H14,2014-03-13,ESG-GARCH(G),0.2101644173944508,1.7527413626487671,G,2014-03-05
DISCK,DISCK.A^H14,2014-03-13,ESG-GARCH(S),0.2121485359261189,1.7859921149045948,S,2014-03-05
DISCK,DISCK.A^H14,2014-03-13,ESG-GJR-GARCH,0.2095819395694565,1.7430392616545758,all,2014-03-05
DISCK,DISCK.A^H14,2014-03-13,ESG-GJR-GARCH(E),0.2099470846032957,1.7491181878342623,E,2014-03-05
DISCK,DISCK.A^H14,2014-03-13,ESG-GJR-GARCH(G),0.2083825810246928,1.7231468283536782,G,2014-03-05
DISCK,DISCK.A^H14,2014-03-13,ESG-GJR-GARCH(S),0.2106828575239225,1.7613994624779934,S,2014-03-05
DISCK,DISCK.A^H14,2014-03-13,GARCH,0.2286679014575537,2.074960680833392,,2014-03-05
DISCK,DISCK.A^H14,2014-03-13,GJR-GARCH,0.2104314969816778,1.7571990048392816,,2014-03-05
DISCK,DISCK.A^H14,2014-03-14,EGARCH,0.2372063753467635,2.2328120835376843,,2014-03-05
DISCK,DISCK.A^H14,2014-03-14,ESG-EGARCH,0.2203970300009337,1.927573445763194,all,2014-03-05
DISCK,DISCK.A^H14,2014-03-14,ESG-EGARCH(E),0.2186452885020867,1.8970540549270136,E,2014-03-05
DISCK,DISCK.A^H14,2014-03-14,ESG-EGARCH(G),0.2174674706166902,1.8766706657309924,G,2014-03-05
DISCK,DISCK.A^H14,2014-03-14,ESG-EGARCH(S),0.2193663108279409,1.9095864415182864,S,2014-03-05
DISCK,DISCK.A^H14,2014-03-14,ESG-GARCH,0.2108378200329115,1.763991522072634,all,2014-03-05
DISCK,DISCK.A^H14,2014-03-14,ESG-GARCH(E),0.2115356094877625,1.775687066720602,E,2014-03-05
DISCK,DISCK.A^H14,2014-03-14,ESG-GARCH(G),0.2101644173944508,1.7527413626487671,G,2014-03-05
DISCK,DISCK.A^H14,2014-03-14,ESG-GARCH(S),0.2121485359261189,1.7859921149045948,S,2014-03-05
DISCK,DISCK.A^H14,2014-03-14,ESG-GJR-GARCH,0.2095819395694565,1.7430392616545758,all,2014-03-05
DISCK,DISCK.A^H14,2014-03-14,ESG-GJR-GARCH(E),0.2099470846032957,1.7491181878342623,E,2014-03-05
DISCK,DISCK.A^H14,2014-03-14,ESG-GJR-GARCH(G),0.2083825810246928,1.7231468283536782,G,2014-03-05
DISCK,DISCK.A^H14,2014-03-14,ESG-GJR-GARCH(S),0.2106828575239225,1.7613994624779934,S,2014-03-05
DISCK,DISCK.A^H14,2014-03-14,GARCH,0.2286679014575537,2.074960680833392,,2014-03-05
DISCK,DISCK.A^H14,2014-03-14,GJR-GARCH,0.2104314969816778,1.7571990048392816,,2014-03-05
DISCK,DISCK.A^H14,2014-03-17,EGARCH,0.2372063753467635,2.2328120835376843,,2014-03-05
DISCK,DISCK.A^H14,2014-03-17,ESG-EGARCH,0.2203970300009337,1.927573445763194,all,2014-03-05
DISCK,DISCK.A^H14,2014-03-17,ESG-EGARCH(E),0.2186452885020867,1.8970540549270136,E,2014-03-05
DISCK,DISCK.A^H14,2014-03-17,ESG-EGARCH(G),0.2174674706166902,1.8766706657309924,G,2014-03-05
DISCK,DISCK.A^H14,2014-03-17,ESG-EGARCH(S),0.2193663108279409,1.9095864415182864,S,2014-03-05
DISCK,DISCK.A^H14,2014-03-17,ESG-GARCH,0.2108378200329115,1.763991522072634,all,2014-03-05
DISCK,DISCK.A^H14,2014-03-17,ESG-GARCH(E),0.2115356094877625,1.775687066720602,E,2014-03-05
DISCK,DISCK.A^H14,2014-03-17,ESG-GARCH(G),0.2101644173944508,1.7527413626487671,G,2014-03-05
DISCK,DISCK.A^H14,2014-03-17,ESG-GARCH(S),0.2121485359261189,1.7859921149045948,S,2014-03-05
DISCK,DISCK.A^H14,2014-03-17,ESG-GJR-GARCH,0.2095819395694565,1.7430392616545758,all,2014-03-05
DISCK,DISCK.A^H14,2014-03-17,ESG-GJR-GARCH(E),0.2099470846032957,1.7491181878342623,E,2014-03-05
DISCK,DISCK.A^H14,2014-03-17,ESG-GJR-GARCH(G),0.2083825810246928,1.7231468283536782,G,2014-03-05
DISCK,DISCK.A^H14,2014-03-17,ESG-GJR-GARCH(S),0.2106828575239225,1.7613994624779934,S,2014-03-05
DISCK,DISCK.A^H14,2014-03-17,GARCH,0.2286679014575537,2.074960680833392,,2014-03-05
DISCK,DISCK.A^H14,2014-03-17,GJR-GARCH,0.2104314969816778,1.7571990048392816,,2014-03-05
DISCK,DISCK.A^H14,2014-03-18,EGARCH,0.2372063753467635,2.2328120835376843,,2014-03-05
DISCK,DISCK.A^H14,2014-03-18,ESG-EGARCH,0.2203970300009337,1.927573445763194,all,2014-03-05
DISCK,DISCK.A^H14,2014-03-18,ESG-EGARCH(E),0.2186452885020867,1.8970540549270136,E,2014-03-05
DISCK,DISCK.A^H14,2014-03-18,ESG-EGARCH(G),0.2174674706166902,1.8766706657309924,G,2014-03-05
DISCK,DISCK.A^H14,2014-03-18,ESG-EGARCH(S),0.2193663108279409,1.9095864415182864,S,2014-03-05
DISCK,DISCK.A^H14,2014-03-18,ESG-GARCH,0.2108378200329115,1.763991522072634,all,2014-03-05
DISCK,DISCK.A^H14,2014-03-18,ESG-GARCH(E),0.2115356094877625,1.775687066720602,E,2014-03-05
DISCK,DISCK.A^H14,2014-03-18,ESG-GARCH(G),0.2101644173944508,1.7527413626487671,G,2014-03-05
DISCK,DISCK.A^H14,2014-03-18,ESG-GARCH(S),0.2121485359261189,1.7859921149045948,S,2014-03-05
DISCK,DISCK.A^H14,2014-03-18,ESG-GJR-GARCH,0.2095819395694565,1.7430392616545758,all,2014-03-05
DISCK,DISCK.A^H14,2014-03-18,ESG-GJR-GARCH(E),0.2099470846032957,1.7491181878342623,E,2014-03-05
DISCK,DISCK.A^H14,2014-03-18,ESG-GJR-GARCH(G),0.2083825810246928,1.7231468283536782,G,2014-03-05
DISCK,DISCK.A^H14,2014-03-18,ESG-GJR-GARCH(S),0.2106828575239225,1.7613994624779934,S,2014-03-05
DISCK,DISCK.A^H14,2014-03-18,GARCH,0.2286679014575537,2.074960680833392,,2014-03-05
DISCK,DISCK.A^H14,2014-03-18,GJR-GARCH,0.2104314969816778,1.7571990048392816,,2014-03-05
DISCK,DISCK.A^H14,2014-03-19,EGARCH,0.2372063753467635,2.2328120835376843,,2014-03-05
DISCK,DISCK.A^H14,2014-03-19,ESG-EGARCH,0.2203970300009337,1.927573445763194,all,2014-03-05
DISCK,DISCK.A^H14,2014-03-19,ESG-EGARCH(E),0.2186452885020867,1.8970540549270136,E,2014-03-05
DISCK,DISCK.A^H14,2014-03-19,ESG-EGARCH(G),0.2174674706166902,1.8766706657309924,G,2014-03-05
DISCK,DISCK.A^H14,2014-03-19,ESG-EGARCH(S),0.2193663108279409,1.9095864415182864,S,2014-03-05
DISCK,DISCK.A^H14,2014-03-19,ESG-GARCH,0.2108378200329115,1.763991522072634,all,2014-03-05
DISCK,DISCK.A^H14,2014-03-19,ESG-GARCH(E),0.2115356094877625,1.775687066720602,E,2014-03-05
DISCK,DISCK.A^H14,2014-03-19,ESG-GARCH(G),0.2101644173944508,1.7527413626487671,G,2014-03-05
DISCK,DISCK.A^H14,2014-03-19,ESG-GARCH(S),0.2121485359261189,1.7859921149045948,S,2014-03-05
DISCK,DISCK.A^H14,2014-03-19,ESG-GJR-GARCH,0.2095819395694565,1.7430392616545758,all,2014-03-05
DISCK,DISCK.A^H14,2014-03-19,ESG-GJR-GARCH(E),0.2099470846032957,1.7491181878342623,E,2014-03-05
DISCK,DISCK.A^H14,2014-03-19,ESG-GJR-GARCH(G),0.2083825810246928,1.7231468283536782,G,2014-03-05
DISCK,DISCK.A^H14,2014-03-19,ESG-GJR-GARCH(S),0.2106828575239225,1.7613994624779934,S,2014-03-05
DISCK,DISCK.A^H14,2014-03-19,GARCH,0.2286679014575537,2.074960680833392,,2014-03-05
DISCK,DISCK.A^H14,2014-03-19,GJR-GARCH,0.2104314969816778,1.7571990048392816,,2014-03-05
DISCK,DISCK.A^H14,2014-03-20,EGARCH,0.2372063753467635,2.2328120835376843,,2014-03-05
DISCK,DISCK.A^H14,2014-03-20,ESG-EGARCH,0.2203970300009337,1.927573445763194,all,2014-03-05
DISCK,DISCK.A^H14,2014-03-20,ESG-EGARCH(E),0.2186452885020867,1.8970540549270136,E,2014-03-05
DISCK,DISCK.A^H14,2014-03-20,ESG-EGARCH(G),0.2174674706166902,1.8766706657309924,G,2014-03-05
DISCK,DISCK.A^H14,2014-03-20,ESG-EGARCH(S),0.2193663108279409,1.9095864415182864,S,2014-03-05
DISCK,DISCK.A^H14,2014-03-20,ESG-GARCH,0.2108378200329115,1.763991522072634,all,2014-03-05
DISCK,DISCK.A^H14,2014-03-20,ESG-GARCH(E),0.2115356094877625,1.775687066720602,E,2014-03-05
DISCK,DISCK.A^H14,2014-03-20,ESG-GARCH(G),0.2101644173944508,1.7527413626487671,G,2014-03-05
DISCK,DISCK.A^H14,2014-03-20,ESG-GARCH(S),0.2121485359261189,1.7859921149045948,S,2014-03-05
DISCK,DISCK.A^H14,2014-03-20,ESG-GJR-GARCH,0.2095819395694565,1.7430392616545758,all,2014-03-05
DISCK,DISCK.A^H14,2014-03-20,ESG-GJR-GARCH(E),0.2099470846032957,1.7491181878342623,E,2014-03-05
DISCK,DISCK.A^H14,2014-03-20,ESG-GJR-GARCH(G),0.2083825810246928,1.7231468283536782,G,2014-03-05
DISCK,DISCK.A^H14,2014-03-20,ESG-GJR-GARCH(S),0.2106828575239225,1.7613994624779934,S,2014-03-05
DISCK,DISCK.A^H14,2014-03-20,GARCH,0.2286679014575537,2.074960680833392,,2014-03-05
DISCK,DISCK.A^H14,2014-03-20,GJR-GARCH,0.2104314969816778,1.7571990048392816,,2014-03-05
DISCK,DISCK.A^H14,2014-03-21,EGARCH,0.2372063753467635,2.2328120835376843,,2014-03-05
DISCK,DISCK.A^H14,2014-03-21,ESG-EGARCH,0.2203970300009337,1.927573445763194,all,2014-03-05
DISCK,DISCK.A^H14,2014-03-21,ESG-EGARCH(E),0.2186452885020867,1.8970540549270136,E,2014-03-05
DISCK,DISCK.A^H14,2014-03-21,ESG-EGARCH(G),0.2174674706166902,1.8766706657309924,G,2014-03-05
DISCK,DISCK.A^H14,2014-03-21,ESG-EGARCH(S),0.2193663108279409,1.9095864415182864,S,2014-03-05
DISCK,DISCK.A^H14,2014-03-21,ESG-GARCH,0.2108378200329115,1.763991522072634,all,2014-03-05
DISCK,DISCK.A^H14,2014-03-21,ESG-GARCH(E),0.2115356094877625,1.775687066720602,E,2014-03-05
DISCK,DISCK.A^H14,2014-03-21,ESG-GARCH(G),0.2101644173944508,1.7527413626487671,G,2014-03-05
DISCK,DISCK.A^H14,2014-03-21,ESG-GARCH(S),0.2121485359261189,1.7859921149045948,S,2014-03-05
DISCK,DISCK.A^H14,2014-03-21,ESG-GJR-GARCH,0.2095819395694565,1.7430392616545758,all,2014-03-05
DISCK,DISCK.A^H14,2014-03-21,ESG-GJR-GARCH(E),0.2099470846032957,1.7491181878342623,E,2014-03-05
DISCK,DISCK.A^H14,2014-03-21,ESG-GJR-GARCH(G),0.2083825810246928,1.7231468283536782,G,2014-03-05
DISCK,DISCK.A^H14,2014-03-21,ESG-GJR-GARCH(S),0.2106828575239225,1.7613994624779934,S,2014-03-05
DISCK,DISCK.A^H14,2014-03-21,GARCH,0.2286679014575537,2.074960680833392,,2014-03-05
DISCK,DISCK.A^H14,2014-03-21,GJR-GARCH,0.2104314969816778,1.7571990048392816,,2014-03-05
DISCK,DISCK.A^H14,2014-03-24,EGARCH,0.2372063753467635,2.2328120835376843,,2014-03-05
DISCK,DISCK.A^H14,2014-03-24,ESG-EGARCH,0.2203970300009337,1.927573445763194,all,2014-03-05
DISCK,DISCK.A^H14,2014-03-24,ESG-EGARCH(E),0.2186452885020867,1.8970540549270136,E,2014-03-05
DISCK,DISCK.A^H14,2014-03-24,ESG-EGARCH(G),0.2174674706166902,1.8766706657309924,G,2014-03-05
DISCK,DISCK.A^H14,2014-03-24,ESG-EGARCH(S),0.2193663108279409,1.9095864415182864,S,2014-03-05
DISCK,DISCK.A^H14,2014-03-24,ESG-GARCH,0.2108378200329115,1.763991522072634,all,2014-03-05
DISCK,DISCK.A^H14,2014-03-24,ESG-GARCH(E),0.2115356094877625,1.775687066720602,E,2014-03-05
DISCK,DISCK.A^H14,2014-03-24,ESG-GARCH(G),0.2101644173944508,1.7527413626487671,G,2014-03-05
DISCK,DISCK.A^H14,2014-03-24,ESG-GARCH(S),0.2121485359261189,1.7859921149045948,S,2014-03-05
DISCK,DISCK.A^H14,2014-03-24,ESG-GJR-GARCH,0.2095819395694565,1.7430392616545758,all,2014-03-05
DISCK,DISCK.A^H14,2014-03-24,ESG-GJR-GARCH(E),0.2099470846032957,1.7491181878342623,E,2014-03-05
DISCK,DISCK.A^H14,2014-03-24,ESG-GJR-GARCH(G),0.2083825810246928,1.7231468283536782,G,2014-03-05
DISCK,DISCK.A^H14,2014-03-24,ESG-GJR-GARCH(S),0.2106828575239225,1.7613994624779934,S,2014-03-05
DISCK,DISCK.A^H14,2014-03-24,GARCH,0.2286679014575537,2.074960680833392,,2014-03-05
DISCK,DISCK.A^H14,2014-03-24,GJR-GARCH,0.2104314969816778,1.7571990048392816,,2014-03-05
DISCK,DISCK.A^H14,2014-03-25,EGARCH,0.2372063753467635,2.2328120835376843,,2014-03-05
DISCK,DISCK.A^H14,2014-03-25,ESG-EGARCH,0.2203970300009337,1.927573445763194,all,2014-03-05
DISCK,DISCK.A^H14,2014-03-25,ESG-EGARCH(E),0.2186452885020867,1.8970540549270136,E,2014-03-05
DISCK,DISCK.A^H14,2014-03-25,ESG-EGARCH(G),0.2174674706166902,1.8766706657309924,G,2014-03-05
DISCK,DISCK.A^H14,2014-03-25,ESG-EGARCH(S),0.2193663108279409,1.9095864415182864,S,2014-03-05
DISCK,DISCK.A^H14,2014-03-25,ESG-GARCH,0.2108378200329115,1.763991522072634,all,2014-03-05
DISCK,DISCK.A^H14,2014-03-25,ESG-GARCH(E),0.2115356094877625,1.775687066720602,E,2014-03-05
DISCK,DISCK.A^H14,2014-03-25,ESG-GARCH(G),0.2101644173944508,1.7527413626487671,G,2014-03-05
DISCK,DISCK.A^H14,2014-03-25,ESG-GARCH(S),0.2121485359261189,1.7859921149045948,S,2014-03-05
DISCK,DISCK.A^H14,2014-03-25,ESG-GJR-GARCH,0.2095819395694565,1.7430392616545758,all,2014-03-05
DISCK,DISCK.A^H14,2014-03-25,ESG-GJR-GARCH(E),0.2099470846032957,1.7491181878342623,E,2014-03-05
DISCK,DISCK.A^H14,2014-03-25,ESG-GJR-GARCH(G),0.2083825810246928,1.7231468283536782,G,2014-03-05
DISCK,DISCK.A^H14,2014-03-25,ESG-GJR-GARCH(S),0.2106828575239225,1.7613994624779934,S,2014-03-05
DISCK,DISCK.A^H14,2014-03-25,GARCH,0.2286679014575537,2.074960680833392,,2014-03-05
DISCK,DISCK.A^H14,2014-03-25,GJR-GARCH,0.2104314969816778,1.7571990048392816,,2014-03-05
DISCK,DISCK.A^H14,2014-03-26,EGARCH,0.2372063753467635,2.2328120835376843,,2014-03-05
DISCK,DISCK.A^H14,2014-03-26,ESG-EGARCH,0.2203970300009337,1.927573445763194,all,2014-03-05
DISCK,DISCK.A^H14,2014-03-26,ESG-EGARCH(E),0.2186452885020867,1.8970540549270136,E,2014-03-05
DISCK,DISCK.A^H14,2014-03-26,ESG-EGARCH(G),0.2174674706166902,1.8766706657309924,G,2014-03-05
DISCK,DISCK.A^H14,2014-03-26,ESG-EGARCH(S),0.2193663108279409,1.9095864415182864,S,2014-03-05
DISCK,DISCK.A^H14,2014-03-26,ESG-GARCH,0.2108378200329115,1.763991522072634,all,2014-03-05
DISCK,DISCK.A^H14,2014-03-26,ESG-GARCH(E),0.2115356094877625,1.775687066720602,E,2014-03-05
DISCK,DISCK.A^H14,2014-03-26,ESG-GARCH(G),0.2101644173944508,1.7527413626487671,G,2014-03-05
DISCK,DISCK.A^H14,2014-03-26,ESG-GARCH(S),0.2121485359261189,1.7859921149045948,S,2014-03-05
DISCK,DISCK.A^H14,2014-03-26,ESG-GJR-GARCH,0.2095819395694565,1.7430392616545758,all,2014-03-05
DISCK,DISCK.A^H14,2014-03-26,ESG-GJR-GARCH(E),0.2099470846032957,1.7491181878342623,E,2014-03-05
DISCK,DISCK.A^H14,2014-03-26,ESG-GJR-GARCH(G),0.2083825810246928,1.7231468283536782,G,2014-03-05
DISCK,DISCK.A^H14,2014-03-26,ESG-GJR-GARCH(S),0.2106828575239225,1.7613994624779934,S,2014-03-05
DISCK,DISCK.A^H14,2014-03-26,GARCH,0.2286679014575537,2.074960680833392,,2014-03-05
DISCK,DISCK.A^H14,2014-03-26,GJR-GARCH,0.2104314969816778,1.7571990048392816,,2014-03-05
DISCK,DISCK.A^H14,2014-03-27,EGARCH,0.2372063753467635,2.2328120835376843,,2014-03-05
DISCK,DISCK.A^H14,2014-03-27,ESG-EGARCH,0.2203970300009337,1.927573445763194,all,2014-03-05
DISCK,DISCK.A^H14,2014-03-27,ESG-EGARCH(E),0.2186452885020867,1.8970540549270136,E,2014-03-05
DISCK,DISCK.A^H14,2014-03-27,ESG-EGARCH(G),0.2174674706166902,1.8766706657309924,G,2014-03-05
DISCK,DISCK.A^H14,2014-03-27,ESG-EGARCH(S),0.2193663108279409,1.9095864415182864,S,2014-03-05
DISCK,DISCK.A^H14,2014-03-27,ESG-GARCH,0.2108378200329115,1.763991522072634,all,2014-03-05
DISCK,DISCK.A^H14,2014-03-27,ESG-GARCH(E),0.2115356094877625,1.775687066720602,E,2014-03-05
DISCK,DISCK.A^H14,2014-03-27,ESG-GARCH(G),0.2101644173944508,1.7527413626487671,G,2014-03-05
DISCK,DISCK.A^H14,2014-03-27,ESG-GARCH(S),0.2121485359261189,1.7859921149045948,S,2014-03-05
DISCK,DISCK.A^H14,2014-03-27,ESG-GJR-GARCH,0.2095819395694565,1.7430392616545758,all,2014-03-05
DISCK,DISCK.A^H14,2014-03-27,ESG-GJR-GARCH(E),0.2099470846032957,1.7491181878342623,E,2014-03-05
DISCK,DISCK.A^H14,2014-03-27,ESG-GJR-GARCH(G),0.2083825810246928,1.7231468283536782,G,2014-03-05
DISCK,DISCK.A^H14,2014-03-27,ESG-GJR-GARCH(S),0.2106828575239225,1.7613994624779934,S,2014-03-05
DISCK,DISCK.A^H14,2014-03-27,GARCH,0.2286679014575537,2.074960680833392,,2014-03-05
DISCK,DISCK.A^H14,2014-03-27,GJR-GARCH,0.2104314969816778,1.7571990048392816,,2014-03-05
DISCK,DISCK.A^H14,2014-03-28,EGARCH,0.2372063753467635,2.2328120835376843,,2014-03-05
DISCK,DISCK.A^H14,2014-03-28,ESG-EGARCH,0.2203970300009337,1.927573445763194,all,2014-03-05
DISCK,DISCK.A^H14,2014-03-28,ESG-EGARCH(E),0.2186452885020867,1.8970540549270136,E,2014-03-05
DISCK,DISCK.A^H14,2014-03-28,ESG-EGARCH(G),0.2174674706166902,1.8766706657309924,G,2014-03-05
DISCK,DISCK.A^H14,2014-03-28,ESG-EGARCH(S),0.2193663108279409,1.9095864415182864,S,2014-03-05
DISCK,DISCK.A^H14,2014-03-28,ESG-GARCH,0.2108378200329115,1.763991522072634,all,2014-03-05
DISCK,DISCK.A^H14,2014-03-28,ESG-GARCH(E),0.2115356094877625,1.775687066720602,E,2014-03-05
DISCK,DISCK.A^H14,2014-03-28,ESG-GARCH(G),0.2101644173944508,1.7527413626487671,G,2014-03-05
DISCK,DISCK.A^H14,2014-03-28,ESG-GARCH(S),0.2121485359261189,1.7859921149045948,S,2014-03-05
DISCK,DISCK.A^H14,2014-03-28,ESG-GJR-GARCH,0.2095819395694565,1.7430392616545758,all,2014-03-05
DISCK,DISCK.A^H14,2014-03-28,ESG-GJR-GARCH(E),0.2099470846032957,1.7491181878342623,E,2014-03-05
DISCK,DISCK.A^H14,2014-03-28,ESG-GJR-GARCH(G),0.2083825810246928,1.7231468283536782,G,2014-03-05
DISCK,DISCK.A^H14,2014-03-28,ESG-GJR-GARCH(S),0.2106828575239225,1.7613994624779934,S,2014-03-05
DISCK,DISCK.A^H14,2014-03-28,GARCH,0.2286679014575537,2.074960680833392,,2014-03-05
DISCK,DISCK.A^H14,2014-03-28,GJR-GARCH,0.2104314969816778,1.7571990048392816,,2014-03-05
DISCK,DISCK.A^H14,2014-03-31,EGARCH,0.2372063753467635,2.2328120835376843,,2014-03-05
DISCK,DISCK.A^H14,2014-03-31,ESG-EGARCH,0.2203970300009337,1.927573445763194,all,2014-03-05
DISCK,DISCK.A^H14,2014-03-31,ESG-EGARCH(E),0.2186452885020867,1.8970540549270136,E,2014-03-05
DISCK,DISCK.A^H14,2014-03-31,ESG-EGARCH(G),0.2174674706166902,1.8766706657309924,G,2014-03-05
DISCK,DISCK.A^H14,2014-03-31,ESG-EGARCH(S),0.2193663108279409,1.9095864415182864,S,2014-03-05
DISCK,DISCK.A^H14,2014-03-31,ESG-GARCH,0.2108378200329115,1.763991522072634,all,2014-03-05
DISCK,DISCK.A^H14,2014-03-31,ESG-GARCH(E),0.2115356094877625,1.775687066720602,E,2014-03-05
DISCK,DISCK.A^H14,2014-03-31,ESG-GARCH(G),0.2101644173944508,1.7527413626487671,G,2014-03-05
DISCK,DISCK.A^H14,2014-03-31,ESG-GARCH(S),0.2121485359261189,1.7859921149045948,S,2014-03-05
DISCK,DISCK.A^H14,2014-03-31,ESG-GJR-GARCH,0.2095819395694565,1.7430392616545758,all,2014-03-05
DISCK,DISCK.A^H14,2014-03-31,ESG-GJR-GARCH(E),0.2099470846032957,1.7491181878342623,E,2014-03-05
DISCK,DISCK.A^H14,2014-03-31,ESG-GJR-GARCH(G),0.2083825810246928,1.7231468283536782,G,2014-03-05
DISCK,DISCK.A^H14,2014-03-31,ESG-GJR-GARCH(S),0.2106828575239225,1.7613994624779934,S,2014-03-05
DISCK,DISCK.A^H14,2014-03-31,GARCH,0.2286679014575537,2.074960680833392,,2014-03-05
DISCK,DISCK.A^H14,2014-03-31,GJR-GARCH,0.2104314969816778,1.7571990048392816,,2014-03-05
DISCK,DISCK.A^H14,2014-04-01,EGARCH,0.2372063753467635,2.2328120835376843,,2014-03-05
DISCK,DISCK.A^H14,2014-04-01,ESG-EGARCH,0.2203970300009337,1.927573445763194,all,2014-03-05
DISCK,DISCK.A^H14,2014-04-01,ESG-EGARCH(E),0.2186452885020867,1.8970540549270136,E,2014-03-05
DISCK,DISCK.A^H14,2014-04-01,ESG-EGARCH(G),0.2174674706166902,1.8766706657309924,G,2014-03-05
DISCK,DISCK.A^H14,2014-04-01,ESG-EGARCH(S),0.2193663108279409,1.9095864415182864,S,2014-03-05
DISCK,DISCK.A^H14,2014-04-01,ESG-GARCH,0.2108378200329115,1.763991522072634,all,2014-03-05
DISCK,DISCK.A^H14,2014-04-01,ESG-GARCH(E),0.2115356094877625,1.775687066720602,E,2014-03-05
DISCK,DISCK.A^H14,2014-04-01,ESG-GARCH(G),0.2101644173944508,1.7527413626487671,G,2014-03-05
DISCK,DISCK.A^H14,2014-04-01,ESG-GARCH(S),0.2121485359261189,1.7859921149045948,S,2014-03-05
DISCK,DISCK.A^H14,2014-04-01,ESG-GJR-GARCH,0.2095819395694565,1.7430392616545758,all,2014-03-05
DISCK,DISCK.A^H14,2014-04-01,ESG-GJR-GARCH(E),0.2099470846032957,1.7491181878342623,E,2014-03-05
DISCK,DISCK.A^H14,2014-04-01,ESG-GJR-GARCH(G),0.2083825810246928,1.7231468283536782,G,2014-03-05
DISCK,DISCK.A^H14,2014-04-01,ESG-GJR-GARCH(S),0.2106828575239225,1.7613994624779934,S,2014-03-05
DISCK,DISCK.A^H14,2014-04-01,GARCH,0.2286679014575537,2.074960680833392,,2014-03-05
DISCK,DISCK.A^H14,2014-04-01,GJR-GARCH,0.2104314969816778,1.7571990048392816,,2014-03-05
DISCK,DISCK.A^H14,2014-04-02,EGARCH,0.2372063753467635,2.2328120835376843,,2014-03-05
DISCK,DISCK.A^H14,2014-04-02,ESG-EGARCH,0.2203970300009337,1.927573445763194,all,2014-03-05
DISCK,DISCK.A^H14,2014-04-02,ESG-EGARCH(E),0.2186452885020867,1.8970540549270136,E,2014-03-05
DISCK,DISCK.A^H14,2014-04-02,ESG-EGARCH(G),0.2174674706166902,1.8766706657309924,G,2014-03-05
DISCK,DISCK.A^H14,2014-04-02,ESG-EGARCH(S),0.2193663108279409,1.9095864415182864,S,2014-03-05
DISCK,DISCK.A^H14,2014-04-02,ESG-GARCH,0.2108378200329115,1.763991522072634,all,2014-03-05
DISCK,DISCK.A^H14,2014-04-02,ESG-GARCH(E),0.2115356094877625,1.775687066720602,E,2014-03-05
DISCK,DISCK.A^H14,2014-04-02,ESG-GARCH(G),0.2101644173944508,1.7527413626487671,G,2014-03-05
DISCK,DISCK.A^H14,2014-04-02,ESG-GARCH(S),0.2121485359261189,1.7859921149045948,S,2014-03-05
DISCK,DISCK.A^H14,2014-04-02,ESG-GJR-GARCH,0.2095819395694565,1.7430392616545758,all,2014-03-05
DISCK,DISCK.A^H14,2014-04-02,ESG-GJR-GARCH(E),0.2099470846032957,1.7491181878342623,E,2014-03-05
DISCK,DISCK.A^H14,2014-04-02,ESG-GJR-GARCH(G),0.2083825810246928,1.7231468283536782,G,2014-03-05
DISCK,DISCK.A^H14,2014-04-02,ESG-GJR-GARCH(S),0.2106828575239225,1.7613994624779934,S,2014-03-05
DISCK,DISCK.A^H14,2014-04-02,GARCH,0.2286679014575537,2.074960680833392,,2014-03-05
DISCK,DISCK.A^H14,2014-04-02,GJR-GARCH,0.2104314969816778,1.7571990048392816,,2014-03-05
DISCK,DISCK.A^H14,2014-04-03,EGARCH,0.2372063753467635,2.2328120835376843,,2014-03-05
DISCK,DISCK.A^H14,2014-04-03,ESG-EGARCH,0.2203970300009337,1.927573445763194,all,2014-03-05
DISCK,DISCK.A^H14,2014-04-03,ESG-EGARCH(E),0.2186452885020867,1.8970540549270136,E,2014-03-05
DISCK,DISCK.A^H14,2014-04-03,ESG-EGARCH(G),0.2174674706166902,1.8766706657309924,G,2014-03-05
DISCK,DISCK.A^H14,2014-04-03,ESG-EGARCH(S),0.2193663108279409,1.9095864415182864,S,2014-03-05
DISCK,DISCK.A^H14,2014-04-03,ESG-GARCH,0.2108378200329115,1.763991522072634,all,2014-03-05
DISCK,DISCK.A^H14,2014-04-03,ESG-GARCH(E),0.2115356094877625,1.775687066720602,E,2014-03-05
DISCK,DISCK.A^H14,2014-04-03,ESG-GARCH(G),0.2101644173944508,1.7527413626487671,G,2014-03-05
DISCK,DISCK.A^H14,2014-04-03,ESG-GARCH(S),0.2121485359261189,1.7859921149045948,S,2014-03-05
DISCK,DISCK.A^H14,2014-04-03,ESG-GJR-GARCH,0.2095819395694565,1.7430392616545758,all,2014-03-05
DISCK,DISCK.A^H14,2014-04-03,ESG-GJR-GARCH(E),0.2099470846032957,1.7491181878342623,E,2014-03-05
DISCK,DISCK.A^H14,2014-04-03,ESG-GJR-GARCH(G),0.2083825810246928,1.7231468283536782,G,2014-03-05
DISCK,DISCK.A^H14,2014-04-03,ESG-GJR-GARCH(S),0.2106828575239225,1.7613994624779934,S,2014-03-05
DISCK,DISCK.A^H14,2014-04-03,GARCH,0.2286679014575537,2.074960680833392,,2014-03-05
DISCK,DISCK.A^H14,2014-04-03,GJR-GARCH,0.2104314969816778,1.7571990048392816,,2014-03-05
DISCK,DISCK.A^H14,2014-04-04,EGARCH,0.1982287804867993,1.559311484654114,,2014-04-04
DISCK,DISCK.A^H14,2014-04-04,ESG-EGARCH,0.2042643971027373,1.655712060466062,all,2014-04-04
DISCK,DISCK.A^H14,2014-04-04,ESG-EGARCH(E),0.205095759176585,1.6692170806436413,E,2014-04-04
DISCK,DISCK.A^H14,2014-04-04,ESG-EGARCH(G),0.2039965405513463,1.6513725617824242,G,2014-04-04
DISCK,DISCK.A^H14,2014-04-04,ESG-EGARCH(S),0.2055632749250929,1.6768357142035455,S,2014-04-04
DISCK,DISCK.A^H14,2014-04-04,ESG-GARCH,0.1975040016980654,1.5479297891567236,all,2014-04-04
DISCK,DISCK.A^H14,2014-04-04,ESG-GARCH(E),0.1990366240328925,1.5720467343813886,E,2014-04-04
DISCK,DISCK.A^H14,2014-04-04,ESG-GARCH(G),0.1977901160900034,1.5524178580514694,G,2014-04-04
DISCK,DISCK.A^H14,2014-04-04,ESG-GARCH(S),0.199411399260405,1.577972466467963,S,2014-04-04
DISCK,DISCK.A^H14,2014-04-04,ESG-GJR-GARCH,0.1839513678551696,1.3427819736423787,all,2014-04-04
DISCK,DISCK.A^H14,2014-04-04,ESG-GJR-GARCH(E),0.1855266590756649,1.3658786201499218,E,2014-04-04
DISCK,DISCK.A^H14,2014-04-04,ESG-GJR-GARCH(G),0.1842626249327973,1.3473299582192353,G,2014-04-04
DISCK,DISCK.A^H14,2014-04-04,ESG-GJR-GARCH(S),0.1859177605126495,1.3716433997634496,S,2014-04-04
DISCK,DISCK.A^H14,2014-04-04,GARCH,0.1929854918099147,1.4779127003616936,,2014-04-04
DISCK,DISCK.A^H14,2014-04-04,GJR-GARCH,0.1821385722363034,1.3164468054079022,,2014-04-04
DISCK,DISCK.A^H14,2014-04-07,EGARCH,0.1982287804867993,1.559311484654114,,2014-04-04
DISCK,DISCK.A^H14,2014-04-07,ESG-EGARCH,0.2042643971027373,1.655712060466062,all,2014-04-04
DISCK,DISCK.A^H14,2014-04-07,ESG-EGARCH(E),0.205095759176585,1.6692170806436413,E,2014-04-04
DISCK,DISCK.A^H14,2014-04-07,ESG-EGARCH(G),0.2039965405513463,1.6513725617824242,G,2014-04-04
DISCK,DISCK.A^H14,2014-04-07,ESG-EGARCH(S),0.2055632749250929,1.6768357142035455,S,2014-04-04
DISCK,DISCK.A^H14,2014-04-07,ESG-GARCH,0.1975040016980654,1.5479297891567236,all,2014-04-04
DISCK,DISCK.A^H14,2014-04-07,ESG-GARCH(E),0.1990366240328925,1.5720467343813886,E,2014-04-04
DISCK,DISCK.A^H14,2014-04-07,ESG-GARCH(G),0.1977901160900034,1.5524178580514694,G,2014-04-04
DISCK,DISCK.A^H14,2014-04-07,ESG-GARCH(S),0.199411399260405,1.577972466467963,S,2014-04-04
DISCK,DISCK.A^H14,2014-04-07,ESG-GJR-GARCH,0.1839513678551696,1.3427819736423787,all,2014-04-04
DISCK,DISCK.A^H14,2014-04-07,ESG-GJR-GARCH(E),0.1855266590756649,1.3658786201499218,E,2014-04-04
DISCK,DISCK.A^H14,2014-04-07,ESG-GJR-GARCH(G),0.1842626249327973,1.3473299582192353,G,2014-04-04
DISCK,DISCK.A^H14,2014-04-07,ESG-GJR-GARCH(S),0.1859177605126495,1.3716433997634496,S,2014-04-04
DISCK,DISCK.A^H14,2014-04-07,GARCH,0.1929854918099147,1.4779127003616936,,2014-04-04
DISCK,DISCK.A^H14,2014-04-07,GJR-GARCH,0.1821385722363034,1.3164468054079022,,2014-04-04
DISCK,DISCK.A^H14,2014-04-08,EGARCH,0.1982287804867993,1.559311484654114,,2014-04-04
DISCK,DISCK.A^H14,2014-04-08,ESG-EGARCH,0.2042643971027373,1.655712060466062,all,2014-04-04
DISCK,DISCK.A^H14,2014-04-08,ESG-EGARCH(E),0.205095759176585,1.6692170806436413,E,2014-04-04
DISCK,DISCK.A^H14,2014-04-08,ESG-EGARCH(G),0.2039965405513463,1.6513725617824242,G,2014-04-04
DISCK,DISCK.A^H14,2014-04-08,ESG-EGARCH(S),0.2055632749250929,1.6768357142035455,S,2014-04-04
DISCK,DISCK.A^H14,2014-04-08,ESG-GARCH,0.1975040016980654,1.5479297891567236,all,2014-04-04
DISCK,DISCK.A^H14,2014-04-08,ESG-GARCH(E),0.1990366240328925,1.5720467343813886,E,2014-04-04
DISCK,DISCK.A^H14,2014-04-08,ESG-GARCH(G),0.1977901160900034,1.5524178580514694,G,2014-04-04
DISCK,DISCK.A^H14,2014-04-08,ESG-GARCH(S),0.199411399260405,1.577972466467963,S,2014-04-04
DISCK,DISCK.A^H14,2014-04-08,ESG-GJR-GARCH,0.1839513678551696,1.3427819736423787,all,2014-04-04
DISCK,DISCK.A^H14,2014-04-08,ESG-GJR-GARCH(E),0.1855266590756649,1.3658786201499218,E,2014-04-04
DISCK,DISCK.A^H14,2014-04-08,ESG-GJR-GARCH(G),0.1842626249327973,1.3473299582192353,G,2014-04-04
DISCK,DISCK.A^H14,2014-04-08,ESG-GJR-GARCH(S),0.1859177605126495,1.3716433997634496,S,2014-04-04
DISCK,DISCK.A^H14,2014-04-08,GARCH,0.1929854918099147,1.4779127003616936,,2014-04-04
DISCK,DISCK.A^H14,2014-04-08,GJR-GARCH,0.1821385722363034,1.3164468054079022,,2014-04-04
DISCK,DISCK.A^H14,2014-04-09,EGARCH,0.1982287804867993,1.559311484654114,,2014-04-04
DISCK,DISCK.A^H14,2014-04-09,ESG-EGARCH,0.2042643971027373,1.655712060466062,all,2014-04-04
DISCK,DISCK.A^H14,2014-04-09,ESG-EGARCH(E),0.205095759176585,1.6692170806436413,E,2014-04-04
DISCK,DISCK.A^H14,2014-04-09,ESG-EGARCH(G),0.2039965405513463,1.6513725617824242,G,2014-04-04
DISCK,DISCK.A^H14,2014-04-09,ESG-EGARCH(S),0.2055632749250929,1.6768357142035455,S,2014-04-04
DISCK,DISCK.A^H14,2014-04-09,ESG-GARCH,0.1975040016980654,1.5479297891567236,all,2014-04-04
DISCK,DISCK.A^H14,2014-04-09,ESG-GARCH(E),0.1990366240328925,1.5720467343813886,E,2014-04-04
DISCK,DISCK.A^H14,2014-04-09,ESG-GARCH(G),0.1977901160900034,1.5524178580514694,G,2014-04-04
DISCK,DISCK.A^H14,2014-04-09,ESG-GARCH(S),0.199411399260405,1.577972466467963,S,2014-04-04
DISCK,DISCK.A^H14,2014-04-09,ESG-GJR-GARCH,0.1839513678551696,1.3427819736423787,all,2014-04-04
DISCK,DISCK.A^H14,2014-04-09,ESG-GJR-GARCH(E),0.1855266590756649,1.3658786201499218,E,2014-04-04
DISCK,DISCK.A^H14,2014-04-09,ESG-GJR-GARCH(G),0.1842626249327973,1.3473299582192353,G,2014-04-04
DISCK,DISCK.A^H14,2014-04-09,ESG-GJR-GARCH(S),0.1859177605126495,1.3716433997634496,S,2014-04-04
DISCK,DISCK.A^H14,2014-04-09,GARCH,0.1929854918099147,1.4779127003616936,,2014-04-04
DISCK,DISCK.A^H14,2014-04-09,GJR-GARCH,0.1821385722363034,1.3164468054079022,,2014-04-04
DISCK,DISCK.A^H14,2014-04-10,EGARCH,0.1982287804867993,1.559311484654114,,2014-04-04
DISCK,DISCK.A^H14,2014-04-10,ESG-EGARCH,0.2042643971027373,1.655712060466062,all,2014-04-04
DISCK,DISCK.A^H14,2014-04-10,ESG-EGARCH(E),0.205095759176585,1.6692170806436413,E,2014-04-04
DISCK,DISCK.A^H14,2014-04-10,ESG-EGARCH(G),0.2039965405513463,1.6513725617824242,G,2014-04-04
DISCK,DISCK.A^H14,2014-04-10,ESG-EGARCH(S),0.2055632749250929,1.6768357142035455,S,2014-04-04
DISCK,DISCK.A^H14,2014-04-10,ESG-GARCH,0.1975040016980654,1.5479297891567236,all,2014-04-04
DISCK,DISCK.A^H14,2014-04-10,ESG-GARCH(E),0.1990366240328925,1.5720467343813886,E,2014-04-04
DISCK,DISCK.A^H14,2014-04-10,ESG-GARCH(G),0.1977901160900034,1.5524178580514694,G,2014-04-04
DISCK,DISCK.A^H14,2014-04-10,ESG-GARCH(S),0.199411399260405,1.577972466467963,S,2014-04-04
DISCK,DISCK.A^H14,2014-04-10,ESG-GJR-GARCH,0.1839513678551696,1.3427819736423787,all,2014-04-04
DISCK,DISCK.A^H14,2014-04-10,ESG-GJR-GARCH(E),0.1855266590756649,1.3658786201499218,E,2014-04-04
DISCK,DISCK.A^H14,2014-04-10,ESG-GJR-GARCH(G),0.1842626249327973,1.3473299582192353,G,2014-04-04
DISCK,DISCK.A^H14,2014-04-10,ESG-GJR-GARCH(S),0.1859177605126495,1.3716433997634496,S,2014-04-04
DISCK,DISCK.A^H14,2014-04-10,GARCH,0.1929854918099147,1.4779127003616936,,2014-04-04
DISCK,DISCK.A^H14,2014-04-10,GJR-GARCH,0.1821385722363034,1.3164468054079022,,2014-04-04
DISCK,DISCK.A^H14,2014-04-11,EGARCH,0.1982287804867993,1.559311484654114,,2014-04-04
DISCK,DISCK.A^H14,2014-04-11,ESG-EGARCH,0.2042643971027373,1.655712060466062,all,2014-04-04
DISCK,DISCK.A^H14,2014-04-11,ESG-EGARCH(E),0.205095759176585,1.6692170806436413,E,2014-04-04
DISCK,DISCK.A^H14,2014-04-11,ESG-EGARCH(G),0.2039965405513463,1.6513725617824242,G,2014-04-04
DISCK,DISCK.A^H14,2014-04-11,ESG-EGARCH(S),0.2055632749250929,1.6768357142035455,S,2014-04-04
DISCK,DISCK.A^H14,2014-04-11,ESG-GARCH,0.1975040016980654,1.5479297891567236,all,2014-04-04
DISCK,DISCK.A^H14,2014-04-11,ESG-GARCH(E),0.1990366240328925,1.5720467343813886,E,2014-04-04
DISCK,DISCK.A^H14,2014-04-11,ESG-GARCH(G),0.1977901160900034,1.5524178580514694,G,2014-04-04
DISCK,DISCK.A^H14,2014-04-11,ESG-GARCH(S),0.199411399260405,1.577972466467963,S,2014-04-04
DISCK,DISCK.A^H14,2014-04-11,ESG-GJR-GARCH,0.1839513678551696,1.3427819736423787,all,2014-04-04
DISCK,DISCK.A^H14,2014-04-11,ESG-GJR-GARCH(E),0.1855266590756649,1.3658786201499218,E,2014-04-04
DISCK,DISCK.A^H14,2014-04-11,ESG-GJR-GARCH(G),0.1842626249327973,1.3473299582192353,G,2014-04-04
DISCK,DISCK.A^H14,2014-04-11,ESG-GJR-GARCH(S),0.1859177605126495,1.3716433997634496,S,2014-04-04
DISCK,DISCK.A^H14,2014-04-11,GARCH,0.1929854918099147,1.4779127003616936,,2014-04-04
DISCK,DISCK.A^H14,2014-04-11,GJR-GARCH,0.1821385722363034,1.3164468054079022,,2014-04-04
DISCK,DISCK.A^H14,2014-04-14,EGARCH,0.1982287804867993,1.559311484654114,,2014-04-04
DISCK,DISCK.A^H14,2014-04-14,ESG-EGARCH,0.2042643971027373,1.655712060466062,all,2014-04-04
DISCK,DISCK.A^H14,2014-04-14,ESG-EGARCH(E),0.205095759176585,1.6692170806436413,E,2014-04-04
DISCK,DISCK.A^H14,2014-04-14,ESG-EGARCH(G),0.2039965405513463,1.6513725617824242,G,2014-04-04
DISCK,DISCK.A^H14,2014-04-14,ESG-EGARCH(S),0.2055632749250929,1.6768357142035455,S,2014-04-04
DISCK,DISCK.A^H14,2014-04-14,ESG-GARCH,0.1975040016980654,1.5479297891567236,all,2014-04-04
DISCK,DISCK.A^H14,2014-04-14,ESG-GARCH(E),0.1990366240328925,1.5720467343813886,E,2014-04-04
DISCK,DISCK.A^H14,2014-04-14,ESG-GARCH(G),0.1977901160900034,1.5524178580514694,G,2014-04-04
DISCK,DISCK.A^H14,2014-04-14,ESG-GARCH(S),0.199411399260405,1.577972466467963,S,2014-04-04
DISCK,DISCK.A^H14,2014-04-14,ESG-GJR-GARCH,0.1839513678551696,1.3427819736423787,all,2014-04-04
DISCK,DISCK.A^H14,2014-04-14,ESG-GJR-GARCH(E),0.1855266590756649,1.3658786201499218,E,2014-04-04
DISCK,DISCK.A^H14,2014-04-14,ESG-GJR-GARCH(G),0.1842626249327973,1.3473299582192353,G,2014-04-04
DISCK,DISCK.A^H14,2014-04-14,ESG-GJR-GARCH(S),0.1859177605126495,1.3716433997634496,S,2014-04-04
DISCK,DISCK.A^H14,2014-04-14,GARCH,0.1929854918099147,1.4779127003616936,,2014-04-04
DISCK,DISCK.A^H14,2014-04-14,GJR-GARCH,0.1821385722363034,1.3164468054079022,,2014-04-04
DISCK,DISCK.A^H14,2014-04-15,EGARCH,0.1982287804867993,1.559311484654114,,2014-04-04
DISCK,DISCK.A^H14,2014-04-15,ESG-EGARCH,0.2042643971027373,1.655712060466062,all,2014-04-04
DISCK,DISCK.A^H14,2014-04-15,ESG-EGARCH(E),0.205095759176585,1.6692170806436413,E,2014-04-04
DISCK,DISCK.A^H14,2014-04-15,ESG-EGARCH(G),0.2039965405513463,1.6513725617824242,G,2014-04-04
DISCK,DISCK.A^H14,2014-04-15,ESG-EGARCH(S),0.2055632749250929,1.6768357142035455,S,2014-04-04
DISCK,DISCK.A^H14,2014-04-15,ESG-GARCH,0.1975040016980654,1.5479297891567236,all,2014-04-04
DISCK,DISCK.A^H14,2014-04-15,ESG-GARCH(E),0.1990366240328925,1.5720467343813886,E,2014-04-04
DISCK,DISCK.A^H14,2014-04-15,ESG-GARCH(G),0.1977901160900034,1.5524178580514694,G,2014-04-04
DISCK,DISCK.A^H14,2014-04-15,ESG-GARCH(S),0.199411399260405,1.577972466467963,S,2014-04-04
DISCK,DISCK.A^H14,2014-04-15,ESG-GJR-GARCH,0.1839513678551696,1.3427819736423787,all,2014-04-04
DISCK,DISCK.A^H14,2014-04-15,ESG-GJR-GARCH(E),0.1855266590756649,1.3658786201499218,E,2014-04-04
DISCK,DISCK.A^H14,2014-04-15,ESG-GJR-GARCH(G),0.1842626249327973,1.3473299582192353,G,2014-04-04
DISCK,DISCK.A^H14,2014-04-15,ESG-GJR-GARCH(S),0.1859177605126495,1.3716433997634496,S,2014-04-04
DISCK,DISCK.A^H14,2014-04-15,GARCH,0.1929854918099147,1.4779127003616936,,2014-04-04
DISCK,DISCK.A^H14,2014-04-15,GJR-GARCH,0.1821385722363034,1.3164468054079022,,2014-04-04
DISCK,DISCK.A^H14,2014-04-16,EGARCH,0.1982287804867993,1.559311484654114,,2014-04-04
DISCK,DISCK.A^H14,2014-04-16,ESG-EGARCH,0.2042643971027373,1.655712060466062,all,2014-04-04
DISCK,DISCK.A^H14,2014-04-16,ESG-EGARCH(E),0.205095759176585,1.6692170806436413,E,2014-04-04
DISCK,DISCK.A^H14,2014-04-16,ESG-EGARCH(G),0.2039965405513463,1.6513725617824242,G,2014-04-04
DISCK,DISCK.A^H14,2014-04-16,ESG-EGARCH(S),0.2055632749250929,1.6768357142035455,S,2014-04-04
DISCK,DISCK.A^H14,2014-04-16,ESG-GARCH,0.1975040016980654,1.5479297891567236,all,2014-04-04
DISCK,DISCK.A^H14,2014-04-16,ESG-GARCH(E),0.1990366240328925,1.5720467343813886,E,2014-04-04
DISCK,DISCK.A^H14,2014-04-16,ESG-GARCH(G),0.1977901160900034,1.5524178580514694,G,2014-04-04
DISCK,DISCK.A^H14,2014-04-16,ESG-GARCH(S),0.199411399260405,1.577972466467963,S,2014-04-04
DISCK,DISCK.A^H14,2014-04-16,ESG-GJR-GARCH,0.1839513678551696,1.3427819736423787,all,2014-04-04
DISCK,DISCK.A^H14,2014-04-16,ESG-GJR-GARCH(E),0.1855266590756649,1.3658786201499218,E,2014-04-04
DISCK,DISCK.A^H14,2014-04-16,ESG-GJR-GARCH(G),0.1842626249327973,1.3473299582192353,G,2014-04-04
DISCK,DISCK.A^H14,2014-04-16,ESG-GJR-GARCH(S),0.1859177605126495,1.3716433997634496,S,2014-04-04
DISCK,DISCK.A^H14,2014-04-16,GARCH,0.1929854918099147,1.4779127003616936,,2014-04-04
DISCK,DISCK.A^H14,2014-04-16,GJR-GARCH,0.1821385722363034,1.3164468054079022,,2014-04-04
DISCK,DISCK.A^H14,2014-04-17,EGARCH,0.1982287804867993,1.559311484654114,,2014-04-04
DISCK,DISCK.A^H14,2014-04-17,ESG-EGARCH,0.2042643971027373,1.655712060466062,all,2014-04-04
DISCK,DISCK.A^H14,2014-04-17,ESG-EGARCH(E),0.205095759176585,1.6692170806436413,E,2014-04-04
DISCK,DISCK.A^H14,2014-04-17,ESG-EGARCH(G),0.2039965405513463,1.6513725617824242,G,2014-04-04
DISCK,DISCK.A^H14,2014-04-17,ESG-EGARCH(S),0.2055632749250929,1.6768357142035455,S,2014-04-04
DISCK,DISCK.A^H14,2014-04-17,ESG-GARCH,0.1975040016980654,1.5479297891567236,all,2014-04-04
DISCK,DISCK.A^H14,2014-04-17,ESG-GARCH(E),0.1990366240328925,1.5720467343813886,E,2014-04-04
DISCK,DISCK.A^H14,2014-04-17,ESG-GARCH(G),0.1977901160900034,1.5524178580514694,G,2014-04-04
DISCK,DISCK.A^H14,2014-04-17,ESG-GARCH(S),0.199411399260405,1.577972466467963,S,2014-04-04
DISCK,DISCK.A^H14,2014-04-17,ESG-GJR-GARCH,0.1839513678551696,1.3427819736423787,all,2014-04-04
DISCK,DISCK.A^H14,2014-04-17,ESG-GJR-GARCH(E),0.1855266590756649,1.3658786201499218,E,2014-04-04
DISCK,DISCK.A^H14,2014-04-17,ESG-GJR-GARCH(G),0.1842626249327973,1.3473299582192353,G,2014-04-04
DISCK,DISCK.A^H14,2014-04-17,ESG-GJR-GARCH(S),0.1859177605126495,1.3716433997634496,S,2014-04-04
DISCK,DISCK.A^H14,2014-04-17,GARCH,0.1929854918099147,1.4779127003616936,,2014-04-04
DISCK,DISCK.A^H14,2014-04-17,GJR-GARCH,0.1821385722363034,1.3164468054079022,,2014-04-04
DISCK,DISCK.A^H14,2014-04-21,EGARCH,0.1982287804867993,1.559311484654114,,2014-04-04
DISCK,DISCK.A^H14,2014-04-21,ESG-EGARCH,0.2042643971027373,1.655712060466062,all,2014-04-04
DISCK,DISCK.A^H14,2014-04-21,ESG-EGARCH(E),0.205095759176585,1.6692170806436413,E,2014-04-04
DISCK,DISCK.A^H14,2014-04-21,ESG-EGARCH(G),0.2039965405513463,1.6513725617824242,G,2014-04-04
DISCK,DISCK.A^H14,2014-04-21,ESG-EGARCH(S),0.2055632749250929,1.6768357142035455,S,2014-04-04
DISCK,DISCK.A^H14,2014-04-21,ESG-GARCH,0.1975040016980654,1.5479297891567236,all,2014-04-04
DISCK,DISCK.A^H14,2014-04-21,ESG-GARCH(E),0.1990366240328925,1.5720467343813886,E,2014-04-04
DISCK,DISCK.A^H14,2014-04-21,ESG-GARCH(G),0.1977901160900034,1.5524178580514694,G,2014-04-04
DISCK,DISCK.A^H14,2014-04-21,ESG-GARCH(S),0.199411399260405,1.577972466467963,S,2014-04-04
DISCK,DISCK.A^H14,2014-04-21,ESG-GJR-GARCH,0.1839513678551696,1.3427819736423787,all,2014-04-04
DISCK,DISCK.A^H14,2014-04-21,ESG-GJR-GARCH(E),0.1855266590756649,1.3658786201499218,E,2014-04-04
DISCK,DISCK.A^H14,2014-04-21,ESG-GJR-GARCH(G),0.1842626249327973,1.3473299582192353,G,2014-04-04
DISCK,DISCK.A^H14,2014-04-21,ESG-GJR-GARCH(S),0.1859177605126495,1.3716433997634496,S,2014-04-04
DISCK,DISCK.A^H14,2014-04-21,GARCH,0.1929854918099147,1.4779127003616936,,2014-04-04
DISCK,DISCK.A^H14,2014-04-21,GJR-GARCH,0.1821385722363034,1.3164468054079022,,2014-04-04
DISCK,DISCK.A^H14,2014-04-22,EGARCH,0.1982287804867993,1.559311484654114,,2014-04-04
DISCK,DISCK.A^H14,2014-04-22,ESG-EGARCH,0.2042643971027373,1.655712060466062,all,2014-04-04
DISCK,DISCK.A^H14,2014-04-22,ESG-EGARCH(E),0.205095759176585,1.6692170806436413,E,2014-04-04
DISCK,DISCK.A^H14,2014-04-22,ESG-EGARCH(G),0.2039965405513463,1.6513725617824242,G,2014-04-04
DISCK,DISCK.A^H14,2014-04-22,ESG-EGARCH(S),0.2055632749250929,1.6768357142035455,S,2014-04-04
DISCK,DISCK.A^H14,2014-04-22,ESG-GARCH,0.1975040016980654,1.5479297891567236,all,2014-04-04
DISCK,DISCK.A^H14,2014-04-22,ESG-GARCH(E),0.1990366240328925,1.5720467343813886,E,2014-04-04
DISCK,DISCK.A^H14,2014-04-22,ESG-GARCH(G),0.1977901160900034,1.5524178580514694,G,2014-04-04
DISCK,DISCK.A^H14,2014-04-22,ESG-GARCH(S),0.199411399260405,1.577972466467963,S,2014-04-04
DISCK,DISCK.A^H14,2014-04-22,ESG-GJR-GARCH,0.1839513678551696,1.3427819736423787,all,2014-04-04
DISCK,DISCK.A^H14,2014-04-22,ESG-GJR-GARCH(E),0.1855266590756649,1.3658786201499218,E,2014-04-04
DISCK,DISCK.A^H14,2014-04-22,ESG-GJR-GARCH(G),0.1842626249327973,1.3473299582192353,G,2014-04-04
DISCK,DISCK.A^H14,2014-04-22,ESG-GJR-GARCH(S),0.1859177605126495,1.3716433997634496,S,2014-04-04
DISCK,DISCK.A^H14,2014-04-22,GARCH,0.1929854918099147,1.4779127003616936,,2014-04-04
DISCK,DISCK.A^H14,2014-04-22,GJR-GARCH,0.1821385722363034,1.3164468054079022,,2014-04-04
DISCK,DISCK.A^H14,2014-04-23,EGARCH,0.1982287804867993,1.559311484654114,,2014-04-04
DISCK,DISCK.A^H14,2014-04-23,ESG-EGARCH,0.2042643971027373,1.655712060466062,all,2014-04-04
DISCK,DISCK.A^H14,2014-04-23,ESG-EGARCH(E),0.205095759176585,1.6692170806436413,E,2014-04-04
DISCK,DISCK.A^H14,2014-04-23,ESG-EGARCH(G),0.2039965405513463,1.6513725617824242,G,2014-04-04
DISCK,DISCK.A^H14,2014-04-23,ESG-EGARCH(S),0.2055632749250929,1.6768357142035455,S,2014-04-04
DISCK,DISCK.A^H14,2014-04-23,ESG-GARCH,0.1975040016980654,1.5479297891567236,all,2014-04-04
DISCK,DISCK.A^H14,2014-04-23,ESG-GARCH(E),0.1990366240328925,1.5720467343813886,E,2014-04-04
DISCK,DISCK.A^H14,2014-04-23,ESG-GARCH(G),0.1977901160900034,1.5524178580514694,G,2014-04-04
DISCK,DISCK.A^H14,2014-04-23,ESG-GARCH(S),0.199411399260405,1.577972466467963,S,2014-04-04
DISCK,DISCK.A^H14,2014-04-23,ESG-GJR-GARCH,0.1839513678551696,1.3427819736423787,all,2014-04-04
DISCK,DISCK.A^H14,2014-04-23,ESG-GJR-GARCH(E),0.1855266590756649,1.3658786201499218,E,2014-04-04
DISCK,DISCK.A^H14,2014-04-23,ESG-GJR-GARCH(G),0.1842626249327973,1.3473299582192353,G,2014-04-04
DISCK,DISCK.A^H14,2014-04-23,ESG-GJR-GARCH(S),0.1859177605126495,1.3716433997634496,S,2014-04-04
DISCK,DISCK.A^H14,2014-04-23,GARCH,0.1929854918099147,1.4779127003616936,,2014-04-04
DISCK,DISCK.A^H14,2014-04-23,GJR-GARCH,0.1821385722363034,1.3164468054079022,,2014-04-04
DISCK,DISCK.A^H14,2014-04-24,EGARCH,0.1982287804867993,1.559311484654114,,2014-04-04
DISCK,DISCK.A^H14,2014-04-24,ESG-EGARCH,0.2042643971027373,1.655712060466062,all,2014-04-04
DISCK,DISCK.A^H14,2014-04-24,ESG-EGARCH(E),0.205095759176585,1.6692170806436413,E,2014-04-04
DISCK,DISCK.A^H14,2014-04-24,ESG-EGARCH(G),0.2039965405513463,1.6513725617824242,G,2014-04-04
DISCK,DISCK.A^H14,2014-04-24,ESG-EGARCH(S),0.2055632749250929,1.6768357142035455,S,2014-04-04
DISCK,DISCK.A^H14,2014-04-24,ESG-GARCH,0.1975040016980654,1.5479297891567236,all,2014-04-04
DISCK,DISCK.A^H14,2014-04-24,ESG-GARCH(E),0.1990366240328925,1.5720467343813886,E,2014-04-04
DISCK,DISCK.A^H14,2014-04-24,ESG-GARCH(G),0.1977901160900034,1.5524178580514694,G,2014-04-04
DISCK,DISCK.A^H14,2014-04-24,ESG-GARCH(S),0.199411399260405,1.577972466467963,S,2014-04-04
DISCK,DISCK.A^H14,2014-04-24,ESG-GJR-GARCH,0.1839513678551696,1.3427819736423787,all,2014-04-04
DISCK,DISCK.A^H14,2014-04-24,ESG-GJR-GARCH(E),0.1855266590756649,1.3658786201499218,E,2014-04-04
DISCK,DISCK.A^H14,2014-04-24,ESG-GJR-GARCH(G),0.1842626249327973,1.3473299582192353,G,2014-04-04
DISCK,DISCK.A^H14,2014-04-24,ESG-GJR-GARCH(S),0.1859177605126495,1.3716433997634496,S,2014-04-04
DISCK,DISCK.A^H14,2014-04-24,GARCH,0.1929854918099147,1.4779127003616936,,2014-04-04
DISCK,DISCK.A^H14,2014-04-24,GJR-GARCH,0.1821385722363034,1.3164468054079022,,2014-04-04
DISCK,DISCK.A^H14,2014-04-25,EGARCH,0.1982287804867993,1.559311484654114,,2014-04-04
DISCK,DISCK.A^H14,2014-04-25,ESG-EGARCH,0.2042643971027373,1.655712060466062,all,2014-04-04
DISCK,DISCK.A^H14,2014-04-25,ESG-EGARCH(E),0.205095759176585,1.6692170806436413,E,2014-04-04
DISCK,DISCK.A^H14,2014-04-25,ESG-EGARCH(G),0.2039965405513463,1.6513725617824242,G,2014-04-04
DISCK,DISCK.A^H14,2014-04-25,ESG-EGARCH(S),0.2055632749250929,1.6768357142035455,S,2014-04-04
DISCK,DISCK.A^H14,2014-04-25,ESG-GARCH,0.1975040016980654,1.5479297891567236,all,2014-04-04
DISCK,DISCK.A^H14,2014-04-25,ESG-GARCH(E),0.1990366240328925,1.5720467343813886,E,2014-04-04
DISCK,DISCK.A^H14,2014-04-25,ESG-GARCH(G),0.1977901160900034,1.5524178580514694,G,2014-04-04
DISCK,DISCK.A^H14,2014-04-25,ESG-GARCH(S),0.199411399260405,1.577972466467963,S,2014-04-04
DISCK,DISCK.A^H14,2014-04-25,ESG-GJR-GARCH,0.1839513678551696,1.3427819736423787,all,2014-04-04
DISCK,DISCK.A^H14,2014-04-25,ESG-GJR-GARCH(E),0.1855266590756649,1.3658786201499218,E,2014-04-04
DISCK,DISCK.A^H14,2014-04-25,ESG-GJR-GARCH(G),0.1842626249327973,1.3473299582192353,G,2014-04-04
DISCK,DISCK.A^H14,2014-04-25,ESG-GJR-GARCH(S),0.1859177605126495,1.3716433997634496,S,2014-04-04
DISCK,DISCK.A^H14,2014-04-25,GARCH,0.1929854918099147,1.4779127003616936,,2014-04-04
DISCK,DISCK.A^H14,2014-04-25,GJR-GARCH,0.1821385722363034,1.3164468054079022,,2014-04-04
DISCK,DISCK.A^H14,2014-04-28,EGARCH,0.1982287804867993,1.559311484654114,,2014-04-04
DISCK,DISCK.A^H14,2014-04-28,ESG-EGARCH,0.2042643971027373,1.655712060466062,all,2014-04-04
DISCK,DISCK.A^H14,2014-04-28,ESG-EGARCH(E),0.205095759176585,1.6692170806436413,E,2014-04-04
DISCK,DISCK.A^H14,2014-04-28,ESG-EGARCH(G),0.2039965405513463,1.6513725617824242,G,2014-04-04
DISCK,DISCK.A^H14,2014-04-28,ESG-EGARCH(S),0.2055632749250929,1.6768357142035455,S,2014-04-04
DISCK,DISCK.A^H14,2014-04-28,ESG-GARCH,0.1975040016980654,1.5479297891567236,all,2014-04-04
DISCK,DISCK.A^H14,2014-04-28,ESG-GARCH(E),0.1990366240328925,1.5720467343813886,E,2014-04-04
DISCK,DISCK.A^H14,2014-04-28,ESG-GARCH(G),0.1977901160900034,1.5524178580514694,G,2014-04-04
DISCK,DISCK.A^H14,2014-04-28,ESG-GARCH(S),0.199411399260405,1.577972466467963,S,2014-04-04
DISCK,DISCK.A^H14,2014-04-28,ESG-GJR-GARCH,0.1839513678551696,1.3427819736423787,all,2014-04-04
DISCK,DISCK.A^H14,2014-04-28,ESG-GJR-GARCH(E),0.1855266590756649,1.3658786201499218,E,2014-04-04
DISCK,DISCK.A^H14,2014-04-28,ESG-GJR-GARCH(G),0.1842626249327973,1.3473299582192353,G,2014-04-04
DISCK,DISCK.A^H14,2014-04-28,ESG-GJR-GARCH(S),0.1859177605126495,1.3716433997634496,S,2014-04-04
DISCK,DISCK.A^H14,2014-04-28,GARCH,0.1929854918099147,1.4779127003616936,,2014-04-04
DISCK,DISCK.A^H14,2014-04-28,GJR-GARCH,0.1821385722363034,1.3164468054079022,,2014-04-04
DISCK,DISCK.A^H14,2014-04-29,EGARCH,0.1982287804867993,1.559311484654114,,2014-04-04
DISCK,DISCK.A^H14,2014-04-29,ESG-EGARCH,0.2042643971027373,1.655712060466062,all,2014-04-04
DISCK,DISCK.A^H14,2014-04-29,ESG-EGARCH(E),0.205095759176585,1.6692170806436413,E,2014-04-04
DISCK,DISCK.A^H14,2014-04-29,ESG-EGARCH(G),0.2039965405513463,1.6513725617824242,G,2014-04-04
DISCK,DISCK.A^H14,2014-04-29,ESG-EGARCH(S),0.2055632749250929,1.6768357142035455,S,2014-04-04
DISCK,DISCK.A^H14,2014-04-29,ESG-GARCH,0.1975040016980654,1.5479297891567236,all,2014-04-04
DISCK,DISCK.A^H14,2014-04-29,ESG-GARCH(E),0.1990366240328925,1.5720467343813886,E,2014-04-04
DISCK,DISCK.A^H14,2014-04-29,ESG-GARCH(G),0.1977901160900034,1.5524178580514694,G,2014-04-04
DISCK,DISCK.A^H14,2014-04-29,ESG-GARCH(S),0.199411399260405,1.577972466467963,S,2014-04-04
DISCK,DISCK.A^H14,2014-04-29,ESG-GJR-GARCH,0.1839513678551696,1.3427819736423787,all,2014-04-04
DISCK,DISCK.A^H14,2014-04-29,ESG-GJR-GARCH(E),0.1855266590756649,1.3658786201499218,E,2014-04-04
DISCK,DISCK.A^H14,2014-04-29,ESG-GJR-GARCH(G),0.1842626249327973,1.3473299582192353,G,2014-04-04
DISCK,DISCK.A^H14,2014-04-29,ESG-GJR-GARCH(S),0.1859177605126495,1.3716433997634496,S,2014-04-04
DISCK,DISCK.A^H14,2014-04-29,GARCH,0.1929854918099147,1.4779127003616936,,2014-04-04
DISCK,DISCK.A^H14,2014-04-29,GJR-GARCH,0.1821385722363034,1.3164468054079022,,2014-04-04
DISCK,DISCK.A^H14,2014-04-30,EGARCH,0.1982287804867993,1.559311484654114,,2014-04-04
DISCK,DISCK.A^H14,2014-04-30,ESG-EGARCH,0.2042643971027373,1.655712060466062,all,2014-04-04
DISCK,DISCK.A^H14,2014-04-30,ESG-EGARCH(E),0.205095759176585,1.6692170806436413,E,2014-04-04
DISCK,DISCK.A^H14,2014-04-30,ESG-EGARCH(G),0.2039965405513463,1.6513725617824242,G,2014-04-04
DISCK,DISCK.A^H14,2014-04-30,ESG-EGARCH(S),0.2055632749250929,1.6768357142035455,S,2014-04-04
DISCK,DISCK.A^H14,2014-04-30,ESG-GARCH,0.1975040016980654,1.5479297891567236,all,2014-04-04
DISCK,DISCK.A^H14,2014-04-30,ESG-GARCH(E),0.1990366240328925,1.5720467343813886,E,2014-04-04
DISCK,DISCK.A^H14,2014-04-30,ESG-GARCH(G),0.1977901160900034,1.5524178580514694,G,2014-04-04
DISCK,DISCK.A^H14,2014-04-30,ESG-GARCH(S),0.199411399260405,1.577972466467963,S,2014-04-04
DISCK,DISCK.A^H14,2014-04-30,ESG-GJR-GARCH,0.1839513678551696,1.3427819736423787,all,2014-04-04
DISCK,DISCK.A^H14,2014-04-30,ESG-GJR-GARCH(E),0.1855266590756649,1.3658786201499218,E,2014-04-04
DISCK,DISCK.A^H14,2014-04-30,ESG-GJR-GARCH(G),0.1842626249327973,1.3473299582192353,G,2014-04-04
DISCK,DISCK.A^H14,2014-04-30,ESG-GJR-GARCH(S),0.1859177605126495,1.3716433997634496,S,2014-04-04
DISCK,DISCK.A^H14,2014-04-30,GARCH,0.1929854918099147,1.4779127003616936,,2014-04-04
DISCK,DISCK.A^H14,2014-04-30,GJR-GARCH,0.1821385722363034,1.3164468054079022,,2014-04-04
DISCK,DISCK.A^H14,2014-05-01,EGARCH,0.1982287804867993,1.559311484654114,,2014-04-04
DISCK,DISCK.A^H14,2014-05-01,ESG-EGARCH,0.2042643971027373,1.655712060466062,all,2014-04-04
DISCK,DISCK.A^H14,2014-05-01,ESG-EGARCH(E),0.205095759176585,1.6692170806436413,E,2014-04-04
DISCK,DISCK.A^H14,2014-05-01,ESG-EGARCH(G),0.2039965405513463,1.6513725617824242,G,2014-04-04
DISCK,DISCK.A^H14,2014-05-01,ESG-EGARCH(S),0.2055632749250929,1.6768357142035455,S,2014-04-04
DISCK,DISCK.A^H14,2014-05-01,ESG-GARCH,0.1975040016980654,1.5479297891567236,all,2014-04-04
DISCK,DISCK.A^H14,2014-05-01,ESG-GARCH(E),0.1990366240328925,1.5720467343813886,E,2014-04-04
DISCK,DISCK.A^H14,2014-05-01,ESG-GARCH(G),0.1977901160900034,1.5524178580514694,G,2014-04-04
DISCK,DISCK.A^H14,2014-05-01,ESG-GARCH(S),0.199411399260405,1.577972466467963,S,2014-04-04
DISCK,DISCK.A^H14,2014-05-01,ESG-GJR-GARCH,0.1839513678551696,1.3427819736423787,all,2014-04-04
DISCK,DISCK.A^H14,2014-05-01,ESG-GJR-GARCH(E),0.1855266590756649,1.3658786201499218,E,2014-04-04
DISCK,DISCK.A^H14,2014-05-01,ESG-GJR-GARCH(G),0.1842626249327973,1.3473299582192353,G,2014-04-04
DISCK,DISCK.A^H14,2014-05-01,ESG-GJR-GARCH(S),0.1859177605126495,1.3716433997634496,S,2014-04-04
DISCK,DISCK.A^H14,2014-05-01,GARCH,0.1929854918099147,1.4779127003616936,,2014-04-04
DISCK,DISCK.A^H14,2014-05-01,GJR-GARCH,0.1821385722363034,1.3164468054079022,,2014-04-04
DISCK,DISCK.A^H14,2014-05-02,EGARCH,0.1982287804867993,1.559311484654114,,2014-04-04
DISCK,DISCK.A^H14,2014-05-02,ESG-EGARCH,0.2042643971027373,1.655712060466062,all,2014-04-04
DISCK,DISCK.A^H14,2014-05-02,ESG-EGARCH(E),0.205095759176585,1.6692170806436413,E,2014-04-04
DISCK,DISCK.A^H14,2014-05-02,ESG-EGARCH(G),0.2039965405513463,1.6513725617824242,G,2014-04-04
DISCK,DISCK.A^H14,2014-05-02,ESG-EGARCH(S),0.2055632749250929,1.6768357142035455,S,2014-04-04
DISCK,DISCK.A^H14,2014-05-02,ESG-GARCH,0.1975040016980654,1.5479297891567236,all,2014-04-04
DISCK,DISCK.A^H14,2014-05-02,ESG-GARCH(E),0.1990366240328925,1.5720467343813886,E,2014-04-04
DISCK,DISCK.A^H14,2014-05-02,ESG-GARCH(G),0.1977901160900034,1.5524178580514694,G,2014-04-04
DISCK,DISCK.A^H14,2014-05-02,ESG-GARCH(S),0.199411399260405,1.577972466467963,S,2014-04-04
DISCK,DISCK.A^H14,2014-05-02,ESG-GJR-GARCH,0.1839513678551696,1.3427819736423787,all,2014-04-04
DISCK,DISCK.A^H14,2014-05-02,ESG-GJR-GARCH(E),0.1855266590756649,1.3658786201499218,E,2014-04-04
DISCK,DISCK.A^H14,2014-05-02,ESG-GJR-GARCH(G),0.1842626249327973,1.3473299582192353,G,2014-04-04
DISCK,DISCK.A^H14,2014-05-02,ESG-GJR-GARCH(S),0.1859177605126495,1.3716433997634496,S,2014-04-04
DISCK,DISCK.A^H14,2014-05-02,GARCH,0.1929854918099147,1.4779127003616936,,2014-04-04
DISCK,DISCK.A^H14,2014-05-02,GJR-GARCH,0.1821385722363034,1.3164468054079022,,2014-04-04
DISCK,DISCK.A^H14,2014-05-05,EGARCH,0.1982287804867993,1.559311484654114,,2014-04-04
DISCK,DISCK.A^H14,2014-05-05,ESG-EGARCH,0.2042643971027373,1.655712060466062,all,2014-04-04
DISCK,DISCK.A^H14,2014-05-05,ESG-EGARCH(E),0.205095759176585,1.6692170806436413,E,2014-04-04
DISCK,DISCK.A^H14,2014-05-05,ESG-EGARCH(G),0.2039965405513463,1.6513725617824242,G,2014-04-04
DISCK,DISCK.A^H14,2014-05-05,ESG-EGARCH(S),0.2055632749250929,1.6768357142035455,S,2014-04-04
DISCK,DISCK.A^H14,2014-05-05,ESG-GARCH,0.1975040016980654,1.5479297891567236,all,2014-04-04
DISCK,DISCK.A^H14,2014-05-05,ESG-GARCH(E),0.1990366240328925,1.5720467343813886,E,2014-04-04
DISCK,DISCK.A^H14,2014-05-05,ESG-GARCH(G),0.1977901160900034,1.5524178580514694,G,2014-04-04
DISCK,DISCK.A^H14,2014-05-05,ESG-GARCH(S),0.199411399260405,1.577972466467963,S,2014-04-04
DISCK,DISCK.A^H14,2014-05-05,ESG-GJR-GARCH,0.1839513678551696,1.3427819736423787,all,2014-04-04
DISCK,DISCK.A^H14,2014-05-05,ESG-GJR-GARCH(E),0.1855266590756649,1.3658786201499218,E,2014-04-04
DISCK,DISCK.A^H14,2014-05-05,ESG-GJR-GARCH(G),0.1842626249327973,1.3473299582192353,G,2014-04-04
DISCK,DISCK.A^H14,2014-05-05,ESG-GJR-GARCH(S),0.1859177605126495,1.3716433997634496,S,2014-04-04
DISCK,DISCK.A^H14,2014-05-05,GARCH,0.1929854918099147,1.4779127003616936,,2014-04-04
DISCK,DISCK.A^H14,2014-05-05,GJR-GARCH,0.1821385722363034,1.3164468054079022,,2014-04-04
DISCK,DISCK.A^H14,2014-05-06,EGARCH,0.1982287804867993,1.559311484654114,,2014-04-04
DISCK,DISCK.A^H14,2014-05-06,ESG-EGARCH,0.2042643971027373,1.655712060466062,all,2014-04-04
DISCK,DISCK.A^H14,2014-05-06,ESG-EGARCH(E),0.205095759176585,1.6692170806436413,E,2014-04-04
DISCK,DISCK.A^H14,2014-05-06,ESG-EGARCH(G),0.2039965405513463,1.6513725617824242,G,2014-04-04
DISCK,DISCK.A^H14,2014-05-06,ESG-EGARCH(S),0.2055632749250929,1.6768357142035455,S,2014-04-04
DISCK,DISCK.A^H14,2014-05-06,ESG-GARCH,0.1975040016980654,1.5479297891567236,all,2014-04-04
DISCK,DISCK.A^H14,2014-05-06,ESG-GARCH(E),0.1990366240328925,1.5720467343813886,E,2014-04-04
DISCK,DISCK.A^H14,2014-05-06,ESG-GARCH(G),0.1977901160900034,1.5524178580514694,G,2014-04-04
DISCK,DISCK.A^H14,2014-05-06,ESG-GARCH(S),0.199411399260405,1.577972466467963,S,2014-04-04
DISCK,DISCK.A^H14,2014-05-06,ESG-GJR-GARCH,0.1839513678551696,1.3427819736423787,all,2014-04-04
DISCK,DISCK.A^H14,2014-05-06,ESG-GJR-GARCH(E),0.1855266590756649,1.3658786201499218,E,2014-04-04
DISCK,DISCK.A^H14,2014-05-06,ESG-GJR-GARCH(G),0.1842626249327973,1.3473299582192353,G,2014-04-04
DISCK,DISCK.A^H14,2014-05-06,ESG-GJR-GARCH(S),0.1859177605126495,1.3716433997634496,S,2014-04-04
DISCK,DISCK.A^H14,2014-05-06,GARCH,0.1929854918099147,1.4779127003616936,,2014-04-04
DISCK,DISCK.A^H14,2014-05-06,GJR-GARCH,0.1821385722363034,1.3164468054079022,,2014-04-04
DISCK,DISCK.A^H14,2014-05-07,EGARCH,0.2782277564794243,3.071852558554518,,2014-05-07
DISCK,DISCK.A^H14,2014-05-07,ESG-EGARCH,0.2138401346859788,1.814587428671332,all,2014-05-07
DISCK,DISCK.A^H14,2014-05-07,ESG-EGARCH(E),0.2145037522307948,1.825867449249612,E,2014-05-07
DISCK,DISCK.A^H14,2014-05-07,ESG-EGARCH(G),0.2135435817686069,1.809557988673243,G,2014-05-07
DISCK,DISCK.A^H14,2014-05-07,ESG-EGARCH(S),0.2148615503328559,1.8319637226761267,S,2014-05-07
DISCK,DISCK.A^H14,2014-05-07,ESG-GARCH,0.2143669941257905,1.823540006766932,all,2014-05-07
DISCK,DISCK.A^H14,2014-05-07,ESG-GARCH(E),0.215351992386853,1.8403365327375865,E,2014-05-07
DISCK,DISCK.A^H14,2014-05-07,ESG-GARCH(G),0.2142756107006194,1.82198560877474,G,2014-05-07
DISCK,DISCK.A^H14,2014-05-07,ESG-GARCH(S),0.2156516151621602,1.845461076271764,S,2014-05-07
DISCK,DISCK.A^H14,2014-05-07,ESG-GJR-GARCH,0.2319074249866225,2.1341688001557912,all,2014-05-07
DISCK,DISCK.A^H14,2014-05-07,ESG-GJR-GARCH(E),0.232464418560532,2.144432773678025,E,2014-05-07
DISCK,DISCK.A^H14,2014-05-07,ESG-GJR-GARCH(G),0.2312004452177718,2.121176423368885,G,2014-05-07
DISCK,DISCK.A^H14,2014-05-07,ESG-GJR-GARCH(S),0.2329585543976254,2.153559050279025,S,2014-05-07
DISCK,DISCK.A^H14,2014-05-07,GARCH,0.3049419006570009,3.6900620149327055,,2014-05-07
DISCK,DISCK.A^H14,2014-05-07,GJR-GARCH,0.342505152894722,4.655149990453847,,2014-05-07
DISCK,DISCK.A^H14,2014-05-08,EGARCH,0.2782277564794243,3.071852558554518,,2014-05-07
DISCK,DISCK.A^H14,2014-05-08,ESG-EGARCH,0.2138401346859788,1.814587428671332,all,2014-05-07
DISCK,DISCK.A^H14,2014-05-08,ESG-EGARCH(E),0.2145037522307948,1.825867449249612,E,2014-05-07
DISCK,DISCK.A^H14,2014-05-08,ESG-EGARCH(G),0.2135435817686069,1.809557988673243,G,2014-05-07
DISCK,DISCK.A^H14,2014-05-08,ESG-EGARCH(S),0.2148615503328559,1.8319637226761267,S,2014-05-07
DISCK,DISCK.A^H14,2014-05-08,ESG-GARCH,0.2143669941257905,1.823540006766932,all,2014-05-07
DISCK,DISCK.A^H14,2014-05-08,ESG-GARCH(E),0.215351992386853,1.8403365327375865,E,2014-05-07
DISCK,DISCK.A^H14,2014-05-08,ESG-GARCH(G),0.2142756107006194,1.82198560877474,G,2014-05-07
DISCK,DISCK.A^H14,2014-05-08,ESG-GARCH(S),0.2156516151621602,1.845461076271764,S,2014-05-07
DISCK,DISCK.A^H14,2014-05-08,ESG-GJR-GARCH,0.2319074249866225,2.1341688001557912,all,2014-05-07
DISCK,DISCK.A^H14,2014-05-08,ESG-GJR-GARCH(E),0.232464418560532,2.144432773678025,E,2014-05-07
DISCK,DISCK.A^H14,2014-05-08,ESG-GJR-GARCH(G),0.2312004452177718,2.121176423368885,G,2014-05-07
DISCK,DISCK.A^H14,2014-05-08,ESG-GJR-GARCH(S),0.2329585543976254,2.153559050279025,S,2014-05-07
DISCK,DISCK.A^H14,2014-05-08,GARCH,0.3049419006570009,3.6900620149327055,,2014-05-07
DISCK,DISCK.A^H14,2014-05-08,GJR-GARCH,0.342505152894722,4.655149990453847,,2014-05-07
DISCK,DISCK.A^H14,2014-05-09,EGARCH,0.2782277564794243,3.071852558554518,,2014-05-07
DISCK,DISCK.A^H14,2014-05-09,ESG-EGARCH,0.2138401346859788,1.814587428671332,all,2014-05-07
DISCK,DISCK.A^H14,2014-05-09,ESG-EGARCH(E),0.2145037522307948,1.825867449249612,E,2014-05-07
DISCK,DISCK.A^H14,2014-05-09,ESG-EGARCH(G),0.2135435817686069,1.809557988673243,G,2014-05-07
DISCK,DISCK.A^H14,2014-05-09,ESG-EGARCH(S),0.2148615503328559,1.8319637226761267,S,2014-05-07
DISCK,DISCK.A^H14,2014-05-09,ESG-GARCH,0.2143669941257905,1.823540006766932,all,2014-05-07
DISCK,DISCK.A^H14,2014-05-09,ESG-GARCH(E),0.215351992386853,1.8403365327375865,E,2014-05-07
DISCK,DISCK.A^H14,2014-05-09,ESG-GARCH(G),0.2142756107006194,1.82198560877474,G,2014-05-07
DISCK,DISCK.A^H14,2014-05-09,ESG-GARCH(S),0.2156516151621602,1.845461076271764,S,2014-05-07
DISCK,DISCK.A^H14,2014-05-09,ESG-GJR-GARCH,0.2319074249866225,2.1341688001557912,all,2014-05-07
DISCK,DISCK.A^H14,2014-05-09,ESG-GJR-GARCH(E),0.232464418560532,2.144432773678025,E,2014-05-07
DISCK,DISCK.A^H14,2014-05-09,ESG-GJR-GARCH(G),0.2312004452177718,2.121176423368885,G,2014-05-07
DISCK,DISCK.A^H14,2014-05-09,ESG-GJR-GARCH(S),0.2329585543976254,2.153559050279025,S,2014-05-07
DISCK,DISCK.A^H14,2014-05-09,GARCH,0.3049419006570009,3.6900620149327055,,2014-05-07
DISCK,DISCK.A^H14,2014-05-09,GJR-GARCH,0.342505152894722,4.655149990453847,,2014-05-07
DISCK,DISCK.A^H14,2014-05-12,EGARCH,0.2782277564794243,3.071852558554518,,2014-05-07
DISCK,DISCK.A^H14,2014-05-12,ESG-EGARCH,0.2138401346859788,1.814587428671332,all,2014-05-07
DISCK,DISCK.A^H14,2014-05-12,ESG-EGARCH(E),0.2145037522307948,1.825867449249612,E,2014-05-07
DISCK,DISCK.A^H14,2014-05-12,ESG-EGARCH(G),0.2135435817686069,1.809557988673243,G,2014-05-07
DISCK,DISCK.A^H14,2014-05-12,ESG-EGARCH(S),0.2148615503328559,1.8319637226761267,S,2014-05-07
DISCK,DISCK.A^H14,2014-05-12,ESG-GARCH,0.2143669941257905,1.823540006766932,all,2014-05-07
DISCK,DISCK.A^H14,2014-05-12,ESG-GARCH(E),0.215351992386853,1.8403365327375865,E,2014-05-07
DISCK,DISCK.A^H14,2014-05-12,ESG-GARCH(G),0.2142756107006194,1.82198560877474,G,2014-05-07
DISCK,DISCK.A^H14,2014-05-12,ESG-GARCH(S),0.2156516151621602,1.845461076271764,S,2014-05-07
DISCK,DISCK.A^H14,2014-05-12,ESG-GJR-GARCH,0.2319074249866225,2.1341688001557912,all,2014-05-07
DISCK,DISCK.A^H14,2014-05-12,ESG-GJR-GARCH(E),0.232464418560532,2.144432773678025,E,2014-05-07
DISCK,DISCK.A^H14,2014-05-12,ESG-GJR-GARCH(G),0.2312004452177718,2.121176423368885,G,2014-05-07
DISCK,DISCK.A^H14,2014-05-12,ESG-GJR-GARCH(S),0.2329585543976254,2.153559050279025,S,2014-05-07
DISCK,DISCK.A^H14,2014-05-12,GARCH,0.3049419006570009,3.6900620149327055,,2014-05-07
DISCK,DISCK.A^H14,2014-05-12,GJR-GARCH,0.342505152894722,4.655149990453847,,2014-05-07
DISCK,DISCK.A^H14,2014-05-13,EGARCH,0.2782277564794243,3.071852558554518,,2014-05-07
DISCK,DISCK.A^H14,2014-05-13,ESG-EGARCH,0.2138401346859788,1.814587428671332,all,2014-05-07
DISCK,DISCK.A^H14,2014-05-13,ESG-EGARCH(E),0.2145037522307948,1.825867449249612,E,2014-05-07
DISCK,DISCK.A^H14,2014-05-13,ESG-EGARCH(G),0.2135435817686069,1.809557988673243,G,2014-05-07
DISCK,DISCK.A^H14,2014-05-13,ESG-EGARCH(S),0.2148615503328559,1.8319637226761267,S,2014-05-07
DISCK,DISCK.A^H14,2014-05-13,ESG-GARCH,0.2143669941257905,1.823540006766932,all,2014-05-07
DISCK,DISCK.A^H14,2014-05-13,ESG-GARCH(E),0.215351992386853,1.8403365327375865,E,2014-05-07
DISCK,DISCK.A^H14,2014-05-13,ESG-GARCH(G),0.2142756107006194,1.82198560877474,G,2014-05-07
DISCK,DISCK.A^H14,2014-05-13,ESG-GARCH(S),0.2156516151621602,1.845461076271764,S,2014-05-07
DISCK,DISCK.A^H14,2014-05-13,ESG-GJR-GARCH,0.2319074249866225,2.1341688001557912,all,2014-05-07
DISCK,DISCK.A^H14,2014-05-13,ESG-GJR-GARCH(E),0.232464418560532,2.144432773678025,E,2014-05-07
DISCK,DISCK.A^H14,2014-05-13,ESG-GJR-GARCH(G),0.2312004452177718,2.121176423368885,G,2014-05-07
DISCK,DISCK.A^H14,2014-05-13,ESG-GJR-GARCH(S),0.2329585543976254,2.153559050279025,S,2014-05-07
DISCK,DISCK.A^H14,2014-05-13,GARCH,0.3049419006570009,3.6900620149327055,,2014-05-07
DISCK,DISCK.A^H14,2014-05-13,GJR-GARCH,0.342505152894722,4.655149990453847,,2014-05-07
DISCK,DISCK.A^H14,2014-05-14,EGARCH,0.2782277564794243,3.071852558554518,,2014-05-07
DISCK,DISCK.A^H14,2014-05-14,ESG-EGARCH,0.2138401346859788,1.814587428671332,all,2014-05-07
DISCK,DISCK.A^H14,2014-05-14,ESG-EGARCH(E),0.2145037522307948,1.825867449249612,E,2014-05-07
DISCK,DISCK.A^H14,2014-05-14,ESG-EGARCH(G),0.2135435817686069,1.809557988673243,G,2014-05-07
DISCK,DISCK.A^H14,2014-05-14,ESG-EGARCH(S),0.2148615503328559,1.8319637226761267,S,2014-05-07
DISCK,DISCK.A^H14,2014-05-14,ESG-GARCH,0.2143669941257905,1.823540006766932,all,2014-05-07
DISCK,DISCK.A^H14,2014-05-14,ESG-GARCH(E),0.215351992386853,1.8403365327375865,E,2014-05-07
DISCK,DISCK.A^H14,2014-05-14,ESG-GARCH(G),0.2142756107006194,1.82198560877474,G,2014-05-07
DISCK,DISCK.A^H14,2014-05-14,ESG-GARCH(S),0.2156516151621602,1.845461076271764,S,2014-05-07
DISCK,DISCK.A^H14,2014-05-14,ESG-GJR-GARCH,0.2319074249866225,2.1341688001557912,all,2014-05-07
DISCK,DISCK.A^H14,2014-05-14,ESG-GJR-GARCH(E),0.232464418560532,2.144432773678025,E,2014-05-07
DISCK,DISCK.A^H14,2014-05-14,ESG-GJR-GARCH(G),0.2312004452177718,2.121176423368885,G,2014-05-07
DISCK,DISCK.A^H14,2014-05-14,ESG-GJR-GARCH(S),0.2329585543976254,2.153559050279025,S,2014-05-07
DISCK,DISCK.A^H14,2014-05-14,GARCH,0.3049419006570009,3.6900620149327055,,2014-05-07
DISCK,DISCK.A^H14,2014-05-14,GJR-GARCH,0.342505152894722,4.655149990453847,,2014-05-07
DISCK,DISCK.A^H14,2014-05-15,EGARCH,0.2782277564794243,3.071852558554518,,2014-05-07
DISCK,DISCK.A^H14,2014-05-15,ESG-EGARCH,0.2138401346859788,1.814587428671332,all,2014-05-07
DISCK,DISCK.A^H14,2014-05-15,ESG-EGARCH(E),0.2145037522307948,1.825867449249612,E,2014-05-07
DISCK,DISCK.A^H14,2014-05-15,ESG-EGARCH(G),0.2135435817686069,1.809557988673243,G,2014-05-07
DISCK,DISCK.A^H14,2014-05-15,ESG-EGARCH(S),0.2148615503328559,1.8319637226761267,S,2014-05-07
DISCK,DISCK.A^H14,2014-05-15,ESG-GARCH,0.2143669941257905,1.823540006766932,all,2014-05-07
DISCK,DISCK.A^H14,2014-05-15,ESG-GARCH(E),0.215351992386853,1.8403365327375865,E,2014-05-07
DISCK,DISCK.A^H14,2014-05-15,ESG-GARCH(G),0.2142756107006194,1.82198560877474,G,2014-05-07
DISCK,DISCK.A^H14,2014-05-15,ESG-GARCH(S),0.2156516151621602,1.845461076271764,S,2014-05-07
DISCK,DISCK.A^H14,2014-05-15,ESG-GJR-GARCH,0.2319074249866225,2.1341688001557912,all,2014-05-07
DISCK,DISCK.A^H14,2014-05-15,ESG-GJR-GARCH(E),0.232464418560532,2.144432773678025,E,2014-05-07
DISCK,DISCK.A^H14,2014-05-15,ESG-GJR-GARCH(G),0.2312004452177718,2.121176423368885,G,2014-05-07
DISCK,DISCK.A^H14,2014-05-15,ESG-GJR-GARCH(S),0.2329585543976254,2.153559050279025,S,2014-05-07
DISCK,DISCK.A^H14,2014-05-15,GARCH,0.3049419006570009,3.6900620149327055,,2014-05-07
DISCK,DISCK.A^H14,2014-05-15,GJR-GARCH,0.342505152894722,4.655149990453847,,2014-05-07
DISCK,DISCK.A^H14,2014-05-16,EGARCH,0.2782277564794243,3.071852558554518,,2014-05-07
DISCK,DISCK.A^H14,2014-05-16,ESG-EGARCH,0.2138401346859788,1.814587428671332,all,2014-05-07
DISCK,DISCK.A^H14,2014-05-16,ESG-EGARCH(E),0.2145037522307948,1.825867449249612,E,2014-05-07
DISCK,DISCK.A^H14,2014-05-16,ESG-EGARCH(G),0.2135435817686069,1.809557988673243,G,2014-05-07
DISCK,DISCK.A^H14,2014-05-16,ESG-EGARCH(S),0.2148615503328559,1.8319637226761267,S,2014-05-07
DISCK,DISCK.A^H14,2014-05-16,ESG-GARCH,0.2143669941257905,1.823540006766932,all,2014-05-07
DISCK,DISCK.A^H14,2014-05-16,ESG-GARCH(E),0.215351992386853,1.8403365327375865,E,2014-05-07
DISCK,DISCK.A^H14,2014-05-16,ESG-GARCH(G),0.2142756107006194,1.82198560877474,G,2014-05-07
DISCK,DISCK.A^H14,2014-05-16,ESG-GARCH(S),0.2156516151621602,1.845461076271764,S,2014-05-07
DISCK,DISCK.A^H14,2014-05-16,ESG-GJR-GARCH,0.2319074249866225,2.1341688001557912,all,2014-05-07
DISCK,DISCK.A^H14,2014-05-16,ESG-GJR-GARCH(E),0.232464418560532,2.144432773678025,E,2014-05-07
DISCK,DISCK.A^H14,2014-05-16,ESG-GJR-GARCH(G),0.2312004452177718,2.121176423368885,G,2014-05-07
DISCK,DISCK.A^H14,2014-05-16,ESG-GJR-GARCH(S),0.2329585543976254,2.153559050279025,S,2014-05-07
DISCK,DISCK.A^H14,2014-05-16,GARCH,0.3049419006570009,3.6900620149327055,,2014-05-07
DISCK,DISCK.A^H14,2014-05-16,GJR-GARCH,0.342505152894722,4.655149990453847,,2014-05-07
DISCK,DISCK.A^H14,2014-05-19,EGARCH,0.2782277564794243,3.071852558554518,,2014-05-07
DISCK,DISCK.A^H14,2014-05-19,ESG-EGARCH,0.2138401346859788,1.814587428671332,all,2014-05-07
DISCK,DISCK.A^H14,2014-05-19,ESG-EGARCH(E),0.2145037522307948,1.825867449249612,E,2014-05-07
DISCK,DISCK.A^H14,2014-05-19,ESG-EGARCH(G),0.2135435817686069,1.809557988673243,G,2014-05-07
DISCK,DISCK.A^H14,2014-05-19,ESG-EGARCH(S),0.2148615503328559,1.8319637226761267,S,2014-05-07
DISCK,DISCK.A^H14,2014-05-19,ESG-GARCH,0.2143669941257905,1.823540006766932,all,2014-05-07
DISCK,DISCK.A^H14,2014-05-19,ESG-GARCH(E),0.215351992386853,1.8403365327375865,E,2014-05-07
DISCK,DISCK.A^H14,2014-05-19,ESG-GARCH(G),0.2142756107006194,1.82198560877474,G,2014-05-07
DISCK,DISCK.A^H14,2014-05-19,ESG-GARCH(S),0.2156516151621602,1.845461076271764,S,2014-05-07
DISCK,DISCK.A^H14,2014-05-19,ESG-GJR-GARCH,0.2319074249866225,2.1341688001557912,all,2014-05-07
DISCK,DISCK.A^H14,2014-05-19,ESG-GJR-GARCH(E),0.232464418560532,2.144432773678025,E,2014-05-07
DISCK,DISCK.A^H14,2014-05-19,ESG-GJR-GARCH(G),0.2312004452177718,2.121176423368885,G,2014-05-07
DISCK,DISCK.A^H14,2014-05-19,ESG-GJR-GARCH(S),0.2329585543976254,2.153559050279025,S,2014-05-07
DISCK,DISCK.A^H14,2014-05-19,GARCH,0.3049419006570009,3.6900620149327055,,2014-05-07
DISCK,DISCK.A^H14,2014-05-19,GJR-GARCH,0.342505152894722,4.655149990453847,,2014-05-07
DISCK,DISCK.A^H14,2014-05-20,EGARCH,0.2782277564794243,3.071852558554518,,2014-05-07
DISCK,DISCK.A^H14,2014-05-20,ESG-EGARCH,0.2138401346859788,1.814587428671332,all,2014-05-07
DISCK,DISCK.A^H14,2014-05-20,ESG-EGARCH(E),0.2145037522307948,1.825867449249612,E,2014-05-07
DISCK,DISCK.A^H14,2014-05-20,ESG-EGARCH(G),0.2135435817686069,1.809557988673243,G,2014-05-07
DISCK,DISCK.A^H14,2014-05-20,ESG-EGARCH(S),0.2148615503328559,1.8319637226761267,S,2014-05-07
DISCK,DISCK.A^H14,2014-05-20,ESG-GARCH,0.2143669941257905,1.823540006766932,all,2014-05-07
DISCK,DISCK.A^H14,2014-05-20,ESG-GARCH(E),0.215351992386853,1.8403365327375865,E,2014-05-07
DISCK,DISCK.A^H14,2014-05-20,ESG-GARCH(G),0.2142756107006194,1.82198560877474,G,2014-05-07
DISCK,DISCK.A^H14,2014-05-20,ESG-GARCH(S),0.2156516151621602,1.845461076271764,S,2014-05-07
DISCK,DISCK.A^H14,2014-05-20,ESG-GJR-GARCH,0.2319074249866225,2.1341688001557912,all,2014-05-07
DISCK,DISCK.A^H14,2014-05-20,ESG-GJR-GARCH(E),0.232464418560532,2.144432773678025,E,2014-05-07
DISCK,DISCK.A^H14,2014-05-20,ESG-GJR-GARCH(G),0.2312004452177718,2.121176423368885,G,2014-05-07
DISCK,DISCK.A^H14,2014-05-20,ESG-GJR-GARCH(S),0.2329585543976254,2.153559050279025,S,2014-05-07
DISCK,DISCK.A^H14,2014-05-20,GARCH,0.3049419006570009,3.6900620149327055,,2014-05-07
DISCK,DISCK.A^H14,2014-05-20,GJR-GARCH,0.342505152894722,4.655149990453847,,2014-05-07
DISCK,DISCK.A^H14,2014-05-21,EGARCH,0.2782277564794243,3.071852558554518,,2014-05-07
DISCK,DISCK.A^H14,2014-05-21,ESG-EGARCH,0.2138401346859788,1.814587428671332,all,2014-05-07
DISCK,DISCK.A^H14,2014-05-21,ESG-EGARCH(E),0.2145037522307948,1.825867449249612,E,2014-05-07
DISCK,DISCK.A^H14,2014-05-21,ESG-EGARCH(G),0.2135435817686069,1.809557988673243,G,2014-05-07
DISCK,DISCK.A^H14,2014-05-21,ESG-EGARCH(S),0.2148615503328559,1.8319637226761267,S,2014-05-07
DISCK,DISCK.A^H14,2014-05-21,ESG-GARCH,0.2143669941257905,1.823540006766932,all,2014-05-07
DISCK,DISCK.A^H14,2014-05-21,ESG-GARCH(E),0.215351992386853,1.8403365327375865,E,2014-05-07
DISCK,DISCK.A^H14,2014-05-21,ESG-GARCH(G),0.2142756107006194,1.82198560877474,G,2014-05-07
DISCK,DISCK.A^H14,2014-05-21,ESG-GARCH(S),0.2156516151621602,1.845461076271764,S,2014-05-07
DISCK,DISCK.A^H14,2014-05-21,ESG-GJR-GARCH,0.2319074249866225,2.1341688001557912,all,2014-05-07
DISCK,DISCK.A^H14,2014-05-21,ESG-GJR-GARCH(E),0.232464418560532,2.144432773678025,E,2014-05-07
DISCK,DISCK.A^H14,2014-05-21,ESG-GJR-GARCH(G),0.2312004452177718,2.121176423368885,G,2014-05-07
DISCK,DISCK.A^H14,2014-05-21,ESG-GJR-GARCH(S),0.2329585543976254,2.153559050279025,S,2014-05-07
DISCK,DISCK.A^H14,2014-05-21,GARCH,0.3049419006570009,3.6900620149327055,,2014-05-07
DISCK,DISCK.A^H14,2014-05-21,GJR-GARCH,0.342505152894722,4.655149990453847,,2014-05-07
DISCK,DISCK.A^H14,2014-05-22,EGARCH,0.2782277564794243,3.071852558554518,,2014-05-07
DISCK,DISCK.A^H14,2014-05-22,ESG-EGARCH,0.2138401346859788,1.814587428671332,all,2014-05-07
DISCK,DISCK.A^H14,2014-05-22,ESG-EGARCH(E),0.2145037522307948,1.825867449249612,E,2014-05-07
DISCK,DISCK.A^H14,2014-05-22,ESG-EGARCH(G),0.2135435817686069,1.809557988673243,G,2014-05-07
DISCK,DISCK.A^H14,2014-05-22,ESG-EGARCH(S),0.2148615503328559,1.8319637226761267,S,2014-05-07
DISCK,DISCK.A^H14,2014-05-22,ESG-GARCH,0.2143669941257905,1.823540006766932,all,2014-05-07
DISCK,DISCK.A^H14,2014-05-22,ESG-GARCH(E),0.215351992386853,1.8403365327375865,E,2014-05-07
DISCK,DISCK.A^H14,2014-05-22,ESG-GARCH(G),0.2142756107006194,1.82198560877474,G,2014-05-07
DISCK,DISCK.A^H14,2014-05-22,ESG-GARCH(S),0.2156516151621602,1.845461076271764,S,2014-05-07
DISCK,DISCK.A^H14,2014-05-22,ESG-GJR-GARCH,0.2319074249866225,2.1341688001557912,all,2014-05-07
DISCK,DISCK.A^H14,2014-05-22,ESG-GJR-GARCH(E),0.232464418560532,2.144432773678025,E,2014-05-07
DISCK,DISCK.A^H14,2014-05-22,ESG-GJR-GARCH(G),0.2312004452177718,2.121176423368885,G,2014-05-07
DISCK,DISCK.A^H14,2014-05-22,ESG-GJR-GARCH(S),0.2329585543976254,2.153559050279025,S,2014-05-07
DISCK,DISCK.A^H14,2014-05-22,GARCH,0.3049419006570009,3.6900620149327055,,2014-05-07
DISCK,DISCK.A^H14,2014-05-22,GJR-GARCH,0.342505152894722,4.655149990453847,,2014-05-07
DISCK,DISCK.A^H14,2014-05-23,EGARCH,0.2782277564794243,3.071852558554518,,2014-05-07
DISCK,DISCK.A^H14,2014-05-23,ESG-EGARCH,0.2138401346859788,1.814587428671332,all,2014-05-07
DISCK,DISCK.A^H14,2014-05-23,ESG-EGARCH(E),0.2145037522307948,1.825867449249612,E,2014-05-07
DISCK,DISCK.A^H14,2014-05-23,ESG-EGARCH(G),0.2135435817686069,1.809557988673243,G,2014-05-07
DISCK,DISCK.A^H14,2014-05-23,ESG-EGARCH(S),0.2148615503328559,1.8319637226761267,S,2014-05-07
DISCK,DISCK.A^H14,2014-05-23,ESG-GARCH,0.2143669941257905,1.823540006766932,all,2014-05-07
DISCK,DISCK.A^H14,2014-05-23,ESG-GARCH(E),0.215351992386853,1.8403365327375865,E,2014-05-07
DISCK,DISCK.A^H14,2014-05-23,ESG-GARCH(G),0.2142756107006194,1.82198560877474,G,2014-05-07
DISCK,DISCK.A^H14,2014-05-23,ESG-GARCH(S),0.2156516151621602,1.845461076271764,S,2014-05-07
DISCK,DISCK.A^H14,2014-05-23,ESG-GJR-GARCH,0.2319074249866225,2.1341688001557912,all,2014-05-07
DISCK,DISCK.A^H14,2014-05-23,ESG-GJR-GARCH(E),0.232464418560532,2.144432773678025,E,2014-05-07
DISCK,DISCK.A^H14,2014-05-23,ESG-GJR-GARCH(G),0.2312004452177718,2.121176423368885,G,2014-05-07
DISCK,DISCK.A^H14,2014-05-23,ESG-GJR-GARCH(S),0.2329585543976254,2.153559050279025,S,2014-05-07
DISCK,DISCK.A^H14,2014-05-23,GARCH,0.3049419006570009,3.6900620149327055,,2014-05-07
DISCK,DISCK.A^H14,2014-05-23,GJR-GARCH,0.342505152894722,4.655149990453847,,2014-05-07
DISCK,DISCK.A^H14,2014-05-28,EGARCH,0.2782277564794243,3.071852558554518,,2014-05-07
DISCK,DISCK.A^H14,2014-05-28,ESG-EGARCH,0.2138401346859788,1.814587428671332,all,2014-05-07
DISCK,DISCK.A^H14,2014-05-28,ESG-EGARCH(E),0.2145037522307948,1.825867449249612,E,2014-05-07
DISCK,DISCK.A^H14,2014-05-28,ESG-EGARCH(G),0.2135435817686069,1.809557988673243,G,2014-05-07
DISCK,DISCK.A^H14,2014-05-28,ESG-EGARCH(S),0.2148615503328559,1.8319637226761267,S,2014-05-07
DISCK,DISCK.A^H14,2014-05-28,ESG-GARCH,0.2143669941257905,1.823540006766932,all,2014-05-07
DISCK,DISCK.A^H14,2014-05-28,ESG-GARCH(E),0.215351992386853,1.8403365327375865,E,2014-05-07
DISCK,DISCK.A^H14,2014-05-28,ESG-GARCH(G),0.2142756107006194,1.82198560877474,G,2014-05-07
DISCK,DISCK.A^H14,2014-05-28,ESG-GARCH(S),0.2156516151621602,1.845461076271764,S,2014-05-07
DISCK,DISCK.A^H14,2014-05-28,ESG-GJR-GARCH,0.2319074249866225,2.1341688001557912,all,2014-05-07
DISCK,DISCK.A^H14,2014-05-28,ESG-GJR-GARCH(E),0.232464418560532,2.144432773678025,E,2014-05-07
DISCK,DISCK.A^H14,2014-05-28,ESG-GJR-GARCH(G),0.2312004452177718,2.121176423368885,G,2014-05-07
DISCK,DISCK.A^H14,2014-05-28,ESG-GJR-GARCH(S),0.2329585543976254,2.153559050279025,S,2014-05-07
DISCK,DISCK.A^H14,2014-05-28,GARCH,0.3049419006570009,3.6900620149327055,,2014-05-07
DISCK,DISCK.A^H14,2014-05-28,GJR-GARCH,0.342505152894722,4.655149990453847,,2014-05-07
DISCK,DISCK.A^H14,2014-05-29,EGARCH,0.2782277564794243,3.071852558554518,,2014-05-07
DISCK,DISCK.A^H14,2014-05-29,ESG-EGARCH,0.2138401346859788,1.814587428671332,all,2014-05-07
DISCK,DISCK.A^H14,2014-05-29,ESG-EGARCH(E),0.2145037522307948,1.825867449249612,E,2014-05-07
DISCK,DISCK.A^H14,2014-05-29,ESG-EGARCH(G),0.2135435817686069,1.809557988673243,G,2014-05-07
DISCK,DISCK.A^H14,2014-05-29,ESG-EGARCH(S),0.2148615503328559,1.8319637226761267,S,2014-05-07
DISCK,DISCK.A^H14,2014-05-29,ESG-GARCH,0.2143669941257905,1.823540006766932,all,2014-05-07
DISCK,DISCK.A^H14,2014-05-29,ESG-GARCH(E),0.215351992386853,1.8403365327375865,E,2014-05-07
DISCK,DISCK.A^H14,2014-05-29,ESG-GARCH(G),0.2142756107006194,1.82198560877474,G,2014-05-07
DISCK,DISCK.A^H14,2014-05-29,ESG-GARCH(S),0.2156516151621602,1.845461076271764,S,2014-05-07
DISCK,DISCK.A^H14,2014-05-29,ESG-GJR-GARCH,0.2319074249866225,2.1341688001557912,all,2014-05-07
DISCK,DISCK.A^H14,2014-05-29,ESG-GJR-GARCH(E),0.232464418560532,2.144432773678025,E,2014-05-07
DISCK,DISCK.A^H14,2014-05-29,ESG-GJR-GARCH(G),0.2312004452177718,2.121176423368885,G,2014-05-07
DISCK,DISCK.A^H14,2014-05-29,ESG-GJR-GARCH(S),0.2329585543976254,2.153559050279025,S,2014-05-07
DISCK,DISCK.A^H14,2014-05-29,GARCH,0.3049419006570009,3.6900620149327055,,2014-05-07
DISCK,DISCK.A^H14,2014-05-29,GJR-GARCH,0.342505152894722,4.655149990453847,,2014-05-07
DISCK,DISCK.A^H14,2014-05-30,EGARCH,0.2782277564794243,3.071852558554518,,2014-05-07
DISCK,DISCK.A^H14,2014-05-30,ESG-EGARCH,0.2138401346859788,1.814587428671332,all,2014-05-07
DISCK,DISCK.A^H14,2014-05-30,ESG-EGARCH(E),0.2145037522307948,1.825867449249612,E,2014-05-07
DISCK,DISCK.A^H14,2014-05-30,ESG-EGARCH(G),0.2135435817686069,1.809557988673243,G,2014-05-07
DISCK,DISCK.A^H14,2014-05-30,ESG-EGARCH(S),0.2148615503328559,1.8319637226761267,S,2014-05-07
DISCK,DISCK.A^H14,2014-05-30,ESG-GARCH,0.2143669941257905,1.823540006766932,all,2014-05-07
DISCK,DISCK.A^H14,2014-05-30,ESG-GARCH(E),0.215351992386853,1.8403365327375865,E,2014-05-07
DISCK,DISCK.A^H14,2014-05-30,ESG-GARCH(G),0.2142756107006194,1.82198560877474,G,2014-05-07
DISCK,DISCK.A^H14,2014-05-30,ESG-GARCH(S),0.2156516151621602,1.845461076271764,S,2014-05-07
DISCK,DISCK.A^H14,2014-05-30,ESG-GJR-GARCH,0.2319074249866225,2.1341688001557912,all,2014-05-07
DISCK,DISCK.A^H14,2014-05-30,ESG-GJR-GARCH(E),0.232464418560532,2.144432773678025,E,2014-05-07
DISCK,DISCK.A^H14,2014-05-30,ESG-GJR-GARCH(G),0.2312004452177718,2.121176423368885,G,2014-05-07
DISCK,DISCK.A^H14,2014-05-30,ESG-GJR-GARCH(S),0.2329585543976254,2.153559050279025,S,2014-05-07
DISCK,DISCK.A^H14,2014-05-30,GARCH,0.3049419006570009,3.6900620149327055,,2014-05-07
DISCK,DISCK.A^H14,2014-05-30,GJR-GARCH,0.342505152894722,4.655149990453847,,2014-05-07
DISCK,DISCK.A^H14,2014-06-02,EGARCH,0.2782277564794243,3.071852558554518,,2014-05-07
DISCK,DISCK.A^H14,2014-06-02,ESG-EGARCH,0.2138401346859788,1.814587428671332,all,2014-05-07
DISCK,DISCK.A^H14,2014-06-02,ESG-EGARCH(E),0.2145037522307948,1.825867449249612,E,2014-05-07
DISCK,DISCK.A^H14,2014-06-02,ESG-EGARCH(G),0.2135435817686069,1.809557988673243,G,2014-05-07
DISCK,DISCK.A^H14,2014-06-02,ESG-EGARCH(S),0.2148615503328559,1.8319637226761267,S,2014-05-07
DISCK,DISCK.A^H14,2014-06-02,ESG-GARCH,0.2143669941257905,1.823540006766932,all,2014-05-07
DISCK,DISCK.A^H14,2014-06-02,ESG-GARCH(E),0.215351992386853,1.8403365327375865,E,2014-05-07
DISCK,DISCK.A^H14,2014-06-02,ESG-GARCH(G),0.2142756107006194,1.82198560877474,G,2014-05-07
DISCK,DISCK.A^H14,2014-06-02,ESG-GARCH(S),0.2156516151621602,1.845461076271764,S,2014-05-07
DISCK,DISCK.A^H14,2014-06-02,ESG-GJR-GARCH,0.2319074249866225,2.1341688001557912,all,2014-05-07
DISCK,DISCK.A^H14,2014-06-02,ESG-GJR-GARCH(E),0.232464418560532,2.144432773678025,E,2014-05-07
DISCK,DISCK.A^H14,2014-06-02,ESG-GJR-GARCH(G),0.2312004452177718,2.121176423368885,G,2014-05-07
DISCK,DISCK.A^H14,2014-06-02,ESG-GJR-GARCH(S),0.2329585543976254,2.153559050279025,S,2014-05-07
DISCK,DISCK.A^H14,2014-06-02,GARCH,0.3049419006570009,3.6900620149327055,,2014-05-07
DISCK,DISCK.A^H14,2014-06-02,GJR-GARCH,0.342505152894722,4.655149990453847,,2014-05-07
DISCK,DISCK.A^H14,2014-06-03,EGARCH,0.2782277564794243,3.071852558554518,,2014-05-07
DISCK,DISCK.A^H14,2014-06-03,ESG-EGARCH,0.2138401346859788,1.814587428671332,all,2014-05-07
DISCK,DISCK.A^H14,2014-06-03,ESG-EGARCH(E),0.2145037522307948,1.825867449249612,E,2014-05-07
DISCK,DISCK.A^H14,2014-06-03,ESG-EGARCH(G),0.2135435817686069,1.809557988673243,G,2014-05-07
DISCK,DISCK.A^H14,2014-06-03,ESG-EGARCH(S),0.2148615503328559,1.8319637226761267,S,2014-05-07
DISCK,DISCK.A^H14,2014-06-03,ESG-GARCH,0.2143669941257905,1.823540006766932,all,2014-05-07
DISCK,DISCK.A^H14,2014-06-03,ESG-GARCH(E),0.215351992386853,1.8403365327375865,E,2014-05-07
DISCK,DISCK.A^H14,2014-06-03,ESG-GARCH(G),0.2142756107006194,1.82198560877474,G,2014-05-07
DISCK,DISCK.A^H14,2014-06-03,ESG-GARCH(S),0.2156516151621602,1.845461076271764,S,2014-05-07
DISCK,DISCK.A^H14,2014-06-03,ESG-GJR-GARCH,0.2319074249866225,2.1341688001557912,all,2014-05-07
DISCK,DISCK.A^H14,2014-06-03,ESG-GJR-GARCH(E),0.232464418560532,2.144432773678025,E,2014-05-07
DISCK,DISCK.A^H14,2014-06-03,ESG-GJR-GARCH(G),0.2312004452177718,2.121176423368885,G,2014-05-07
DISCK,DISCK.A^H14,2014-06-03,ESG-GJR-GARCH(S),0.2329585543976254,2.153559050279025,S,2014-05-07
DISCK,DISCK.A^H14,2014-06-03,GARCH,0.3049419006570009,3.6900620149327055,,2014-05-07
DISCK,DISCK.A^H14,2014-06-03,GJR-GARCH,0.342505152894722,4.655149990453847,,2014-05-07
DISCK,DISCK.A^H14,2014-06-04,EGARCH,0.2782277564794243,3.071852558554518,,2014-05-07
DISCK,DISCK.A^H14,2014-06-04,ESG-EGARCH,0.2138401346859788,1.814587428671332,all,2014-05-07
DISCK,DISCK.A^H14,2014-06-04,ESG-EGARCH(E),0.2145037522307948,1.825867449249612,E,2014-05-07
DISCK,DISCK.A^H14,2014-06-04,ESG-EGARCH(G),0.2135435817686069,1.809557988673243,G,2014-05-07
DISCK,DISCK.A^H14,2014-06-04,ESG-EGARCH(S),0.2148615503328559,1.8319637226761267,S,2014-05-07
DISCK,DISCK.A^H14,2014-06-04,ESG-GARCH,0.2143669941257905,1.823540006766932,all,2014-05-07
DISCK,DISCK.A^H14,2014-06-04,ESG-GARCH(E),0.215351992386853,1.8403365327375865,E,2014-05-07
DISCK,DISCK.A^H14,2014-06-04,ESG-GARCH(G),0.2142756107006194,1.82198560877474,G,2014-05-07
DISCK,DISCK.A^H14,2014-06-04,ESG-GARCH(S),0.2156516151621602,1.845461076271764,S,2014-05-07
DISCK,DISCK.A^H14,2014-06-04,ESG-GJR-GARCH,0.2319074249866225,2.1341688001557912,all,2014-05-07
DISCK,DISCK.A^H14,2014-06-04,ESG-GJR-GARCH(E),0.232464418560532,2.144432773678025,E,2014-05-07
DISCK,DISCK.A^H14,2014-06-04,ESG-GJR-GARCH(G),0.2312004452177718,2.121176423368885,G,2014-05-07
DISCK,DISCK.A^H14,2014-06-04,ESG-GJR-GARCH(S),0.2329585543976254,2.153559050279025,S,2014-05-07
DISCK,DISCK.A^H14,2014-06-04,GARCH,0.3049419006570009,3.6900620149327055,,2014-05-07
DISCK,DISCK.A^H14,2014-06-04,GJR-GARCH,0.342505152894722,4.655149990453847,,2014-05-07
DISCK,DISCK.A^H14,2014-06-05,EGARCH,0.2782277564794243,3.071852558554518,,2014-05-07
DISCK,DISCK.A^H14,2014-06-05,ESG-EGARCH,0.2138401346859788,1.814587428671332,all,2014-05-07
DISCK,DISCK.A^H14,2014-06-05,ESG-EGARCH(E),0.2145037522307948,1.825867449249612,E,2014-05-07
DISCK,DISCK.A^H14,2014-06-05,ESG-EGARCH(G),0.2135435817686069,1.809557988673243,G,2014-05-07
DISCK,DISCK.A^H14,2014-06-05,ESG-EGARCH(S),0.2148615503328559,1.8319637226761267,S,2014-05-07
DISCK,DISCK.A^H14,2014-06-05,ESG-GARCH,0.2143669941257905,1.823540006766932,all,2014-05-07
DISCK,DISCK.A^H14,2014-06-05,ESG-GARCH(E),0.215351992386853,1.8403365327375865,E,2014-05-07
DISCK,DISCK.A^H14,2014-06-05,ESG-GARCH(G),0.2142756107006194,1.82198560877474,G,2014-05-07
DISCK,DISCK.A^H14,2014-06-05,ESG-GARCH(S),0.2156516151621602,1.845461076271764,S,2014-05-07
DISCK,DISCK.A^H14,2014-06-05,ESG-GJR-GARCH,0.2319074249866225,2.1341688001557912,all,2014-05-07
DISCK,DISCK.A^H14,2014-06-05,ESG-GJR-GARCH(E),0.232464418560532,2.144432773678025,E,2014-05-07
DISCK,DISCK.A^H14,2014-06-05,ESG-GJR-GARCH(G),0.2312004452177718,2.121176423368885,G,2014-05-07
DISCK,DISCK.A^H14,2014-06-05,ESG-GJR-GARCH(S),0.2329585543976254,2.153559050279025,S,2014-05-07
DISCK,DISCK.A^H14,2014-06-05,GARCH,0.3049419006570009,3.6900620149327055,,2014-05-07
DISCK,DISCK.A^H14,2014-06-05,GJR-GARCH,0.342505152894722,4.655149990453847,,2014-05-07
DISCK,DISCK.A^H14,2014-06-06,EGARCH,0.2782277564794243,3.071852558554518,,2014-05-07
DISCK,DISCK.A^H14,2014-06-06,ESG-EGARCH,0.2138401346859788,1.814587428671332,all,2014-05-07
DISCK,DISCK.A^H14,2014-06-06,ESG-EGARCH(E),0.2145037522307948,1.825867449249612,E,2014-05-07
DISCK,DISCK.A^H14,2014-06-06,ESG-EGARCH(G),0.2135435817686069,1.809557988673243,G,2014-05-07
DISCK,DISCK.A^H14,2014-06-06,ESG-EGARCH(S),0.2148615503328559,1.8319637226761267,S,2014-05-07
DISCK,DISCK.A^H14,2014-06-06,ESG-GARCH,0.2143669941257905,1.823540006766932,all,2014-05-07
DISCK,DISCK.A^H14,2014-06-06,ESG-GARCH(E),0.215351992386853,1.8403365327375865,E,2014-05-07
DISCK,DISCK.A^H14,2014-06-06,ESG-GARCH(G),0.2142756107006194,1.82198560877474,G,2014-05-07
DISCK,DISCK.A^H14,2014-06-06,ESG-GARCH(S),0.2156516151621602,1.845461076271764,S,2014-05-07
DISCK,DISCK.A^H14,2014-06-06,ESG-GJR-GARCH,0.2319074249866225,2.1341688001557912,all,2014-05-07
DISCK,DISCK.A^H14,2014-06-06,ESG-GJR-GARCH(E),0.232464418560532,2.144432773678025,E,2014-05-07
DISCK,DISCK.A^H14,2014-06-06,ESG-GJR-GARCH(G),0.2312004452177718,2.121176423368885,G,2014-05-07
DISCK,DISCK.A^H14,2014-06-06,ESG-GJR-GARCH(S),0.2329585543976254,2.153559050279025,S,2014-05-07
DISCK,DISCK.A^H14,2014-06-06,GARCH,0.3049419006570009,3.6900620149327055,,2014-05-07
DISCK,DISCK.A^H14,2014-06-06,GJR-GARCH,0.342505152894722,4.655149990453847,,2014-05-07
DISCK,DISCK.A^H14,2014-06-09,EGARCH,0.2782277564794243,3.071852558554518,,2014-05-07
DISCK,DISCK.A^H14,2014-06-09,ESG-EGARCH,0.2138401346859788,1.814587428671332,all,2014-05-07
DISCK,DISCK.A^H14,2014-06-09,ESG-EGARCH(E),0.2145037522307948,1.825867449249612,E,2014-05-07
DISCK,DISCK.A^H14,2014-06-09,ESG-EGARCH(G),0.2135435817686069,1.809557988673243,G,2014-05-07
DISCK,DISCK.A^H14,2014-06-09,ESG-EGARCH(S),0.2148615503328559,1.8319637226761267,S,2014-05-07
DISCK,DISCK.A^H14,2014-06-09,ESG-GARCH,0.2143669941257905,1.823540006766932,all,2014-05-07
DISCK,DISCK.A^H14,2014-06-09,ESG-GARCH(E),0.215351992386853,1.8403365327375865,E,2014-05-07
DISCK,DISCK.A^H14,2014-06-09,ESG-GARCH(G),0.2142756107006194,1.82198560877474,G,2014-05-07
DISCK,DISCK.A^H14,2014-06-09,ESG-GARCH(S),0.2156516151621602,1.845461076271764,S,2014-05-07
DISCK,DISCK.A^H14,2014-06-09,ESG-GJR-GARCH,0.2319074249866225,2.1341688001557912,all,2014-05-07
DISCK,DISCK.A^H14,2014-06-09,ESG-GJR-GARCH(E),0.232464418560532,2.144432773678025,E,2014-05-07
DISCK,DISCK.A^H14,2014-06-09,ESG-GJR-GARCH(G),0.2312004452177718,2.121176423368885,G,2014-05-07
DISCK,DISCK.A^H14,2014-06-09,ESG-GJR-GARCH(S),0.2329585543976254,2.153559050279025,S,2014-05-07
DISCK,DISCK.A^H14,2014-06-09,GARCH,0.3049419006570009,3.6900620149327055,,2014-05-07
DISCK,DISCK.A^H14,2014-06-09,GJR-GARCH,0.342505152894722,4.655149990453847,,2014-05-07
DISCK,DISCK.A^H14,2014-06-10,EGARCH,0.2259494807989832,2.025919360052782,,2014-06-10
DISCK,DISCK.A^H14,2014-06-10,ESG-EGARCH,0.2370944962422472,2.230706355093848,all,2014-06-10
DISCK,DISCK.A^H14,2014-06-10,ESG-EGARCH(E),0.2373012027678468,2.23459765218519,E,2014-06-10
DISCK,DISCK.A^H14,2014-06-10,ESG-EGARCH(G),0.2364873687012125,2.2192966490167945,G,2014-06-10
DISCK,DISCK.A^H14,2014-06-10,ESG-EGARCH(S),0.2376979223937813,2.242075488504765,S,2014-06-10
DISCK,DISCK.A^H14,2014-06-10,ESG-GARCH,0.2489188686090486,2.4587540932384453,all,2014-06-10
DISCK,DISCK.A^H14,2014-06-10,ESG-GARCH(E),0.2491788804062079,2.4638934301782265,E,2014-06-10
DISCK,DISCK.A^H14,2014-06-10,ESG-GARCH(G),0.2482253699935722,2.4450727900176905,G,2014-06-10
DISCK,DISCK.A^H14,2014-06-10,ESG-GARCH(S),0.2495839181003525,2.471910006917597,S,2014-06-10
DISCK,DISCK.A^H14,2014-06-10,ESG-GJR-GARCH,0.2169108554351256,1.8670761589523,all,2014-06-10
DISCK,DISCK.A^H14,2014-06-10,ESG-GJR-GARCH(E),0.2172080264902864,1.8721955068176588,E,2014-06-10
DISCK,DISCK.A^H14,2014-06-10,ESG-GJR-GARCH(G),0.2162224381409036,1.8552437601427336,G,2014-06-10
DISCK,DISCK.A^H14,2014-06-10,ESG-GJR-GARCH(S),0.2176204632084235,1.8793121431368576,S,2014-06-10
DISCK,DISCK.A^H14,2014-06-10,GARCH,0.2402101111656968,2.289718155009381,,2014-06-10
DISCK,DISCK.A^H14,2014-06-10,GJR-GARCH,0.2115856876554492,1.7765279055805292,,2014-06-10
DISCK,DISCK.A^H14,2014-06-11,EGARCH,0.2259494807989832,2.025919360052782,,2014-06-10
DISCK,DISCK.A^H14,2014-06-11,ESG-EGARCH,0.2370944962422472,2.230706355093848,all,2014-06-10
DISCK,DISCK.A^H14,2014-06-11,ESG-EGARCH(E),0.2373012027678468,2.23459765218519,E,2014-06-10
DISCK,DISCK.A^H14,2014-06-11,ESG-EGARCH(G),0.2364873687012125,2.2192966490167945,G,2014-06-10
DISCK,DISCK.A^H14,2014-06-11,ESG-EGARCH(S),0.2376979223937813,2.242075488504765,S,2014-06-10
DISCK,DISCK.A^H14,2014-06-11,ESG-GARCH,0.2489188686090486,2.4587540932384453,all,2014-06-10
DISCK,DISCK.A^H14,2014-06-11,ESG-GARCH(E),0.2491788804062079,2.4638934301782265,E,2014-06-10
DISCK,DISCK.A^H14,2014-06-11,ESG-GARCH(G),0.2482253699935722,2.4450727900176905,G,2014-06-10
DISCK,DISCK.A^H14,2014-06-11,ESG-GARCH(S),0.2495839181003525,2.471910006917597,S,2014-06-10
DISCK,DISCK.A^H14,2014-06-11,ESG-GJR-GARCH,0.2169108554351256,1.8670761589523,all,2014-06-10
DISCK,DISCK.A^H14,2014-06-11,ESG-GJR-GARCH(E),0.2172080264902864,1.8721955068176588,E,2014-06-10
DISCK,DISCK.A^H14,2014-06-11,ESG-GJR-GARCH(G),0.2162224381409036,1.8552437601427336,G,2014-06-10
DISCK,DISCK.A^H14,2014-06-11,ESG-GJR-GARCH(S),0.2176204632084235,1.8793121431368576,S,2014-06-10
DISCK,DISCK.A^H14,2014-06-11,GARCH,0.2402101111656968,2.289718155009381,,2014-06-10
DISCK,DISCK.A^H14,2014-06-11,GJR-GARCH,0.2115856876554492,1.7765279055805292,,2014-06-10
DISCK,DISCK.A^H14,2014-06-12,EGARCH,0.2259494807989832,2.025919360052782,,2014-06-10
DISCK,DISCK.A^H14,2014-06-12,ESG-EGARCH,0.2370944962422472,2.230706355093848,all,2014-06-10
DISCK,DISCK.A^H14,2014-06-12,ESG-EGARCH(E),0.2373012027678468,2.23459765218519,E,2014-06-10
DISCK,DISCK.A^H14,2014-06-12,ESG-EGARCH(G),0.2364873687012125,2.2192966490167945,G,2014-06-10
DISCK,DISCK.A^H14,2014-06-12,ESG-EGARCH(S),0.2376979223937813,2.242075488504765,S,2014-06-10
DISCK,DISCK.A^H14,2014-06-12,ESG-GARCH,0.2489188686090486,2.4587540932384453,all,2014-06-10
DISCK,DISCK.A^H14,2014-06-12,ESG-GARCH(E),0.2491788804062079,2.4638934301782265,E,2014-06-10
DISCK,DISCK.A^H14,2014-06-12,ESG-GARCH(G),0.2482253699935722,2.4450727900176905,G,2014-06-10
DISCK,DISCK.A^H14,2014-06-12,ESG-GARCH(S),0.2495839181003525,2.471910006917597,S,2014-06-10
DISCK,DISCK.A^H14,2014-06-12,ESG-GJR-GARCH,0.2169108554351256,1.8670761589523,all,2014-06-10
DISCK,DISCK.A^H14,2014-06-12,ESG-GJR-GARCH(E),0.2172080264902864,1.8721955068176588,E,2014-06-10
DISCK,DISCK.A^H14,2014-06-12,ESG-GJR-GARCH(G),0.2162224381409036,1.8552437601427336,G,2014-06-10
DISCK,DISCK.A^H14,2014-06-12,ESG-GJR-GARCH(S),0.2176204632084235,1.8793121431368576,S,2014-06-10
DISCK,DISCK.A^H14,2014-06-12,GARCH,0.2402101111656968,2.289718155009381,,2014-06-10
DISCK,DISCK.A^H14,2014-06-12,GJR-GARCH,0.2115856876554492,1.7765279055805292,,2014-06-10
DISCK,DISCK.A^H14,2014-06-13,EGARCH,0.2259494807989832,2.025919360052782,,2014-06-10
DISCK,DISCK.A^H14,2014-06-13,ESG-EGARCH,0.2370944962422472,2.230706355093848,all,2014-06-10
DISCK,DISCK.A^H14,2014-06-13,ESG-EGARCH(E),0.2373012027678468,2.23459765218519,E,2014-06-10
DISCK,DISCK.A^H14,2014-06-13,ESG-EGARCH(G),0.2364873687012125,2.2192966490167945,G,2014-06-10
DISCK,DISCK.A^H14,2014-06-13,ESG-EGARCH(S),0.2376979223937813,2.242075488504765,S,2014-06-10
DISCK,DISCK.A^H14,2014-06-13,ESG-GARCH,0.2489188686090486,2.4587540932384453,all,2014-06-10
DISCK,DISCK.A^H14,2014-06-13,ESG-GARCH(E),0.2491788804062079,2.4638934301782265,E,2014-06-10
DISCK,DISCK.A^H14,2014-06-13,ESG-GARCH(G),0.2482253699935722,2.4450727900176905,G,2014-06-10
DISCK,DISCK.A^H14,2014-06-13,ESG-GARCH(S),0.2495839181003525,2.471910006917597,S,2014-06-10
DISCK,DISCK.A^H14,2014-06-13,ESG-GJR-GARCH,0.2169108554351256,1.8670761589523,all,2014-06-10
DISCK,DISCK.A^H14,2014-06-13,ESG-GJR-GARCH(E),0.2172080264902864,1.8721955068176588,E,2014-06-10
DISCK,DISCK.A^H14,2014-06-13,ESG-GJR-GARCH(G),0.2162224381409036,1.8552437601427336,G,2014-06-10
DISCK,DISCK.A^H14,2014-06-13,ESG-GJR-GARCH(S),0.2176204632084235,1.8793121431368576,S,2014-06-10
DISCK,DISCK.A^H14,2014-06-13,GARCH,0.2402101111656968,2.289718155009381,,2014-06-10
DISCK,DISCK.A^H14,2014-06-13,GJR-GARCH,0.2115856876554492,1.7765279055805292,,2014-06-10
DISCK,DISCK.A^H14,2014-06-18,EGARCH,0.2259494807989832,2.025919360052782,,2014-06-10
DISCK,DISCK.A^H14,2014-06-18,ESG-EGARCH,0.2370944962422472,2.230706355093848,all,2014-06-10
DISCK,DISCK.A^H14,2014-06-18,ESG-EGARCH(E),0.2373012027678468,2.23459765218519,E,2014-06-10
DISCK,DISCK.A^H14,2014-06-18,ESG-EGARCH(G),0.2364873687012125,2.2192966490167945,G,2014-06-10
DISCK,DISCK.A^H14,2014-06-18,ESG-EGARCH(S),0.2376979223937813,2.242075488504765,S,2014-06-10
DISCK,DISCK.A^H14,2014-06-18,ESG-GARCH,0.2489188686090486,2.4587540932384453,all,2014-06-10
DISCK,DISCK.A^H14,2014-06-18,ESG-GARCH(E),0.2491788804062079,2.4638934301782265,E,2014-06-10
DISCK,DISCK.A^H14,2014-06-18,ESG-GARCH(G),0.2482253699935722,2.4450727900176905,G,2014-06-10
DISCK,DISCK.A^H14,2014-06-18,ESG-GARCH(S),0.2495839181003525,2.471910006917597,S,2014-06-10
DISCK,DISCK.A^H14,2014-06-18,ESG-GJR-GARCH,0.2169108554351256,1.8670761589523,all,2014-06-10
DISCK,DISCK.A^H14,2014-06-18,ESG-GJR-GARCH(E),0.2172080264902864,1.8721955068176588,E,2014-06-10
DISCK,DISCK.A^H14,2014-06-18,ESG-GJR-GARCH(G),0.2162224381409036,1.8552437601427336,G,2014-06-10
DISCK,DISCK.A^H14,2014-06-18,ESG-GJR-GARCH(S),0.2176204632084235,1.8793121431368576,S,2014-06-10
DISCK,DISCK.A^H14,2014-06-18,GARCH,0.2402101111656968,2.289718155009381,,2014-06-10
DISCK,DISCK.A^H14,2014-06-18,GJR-GARCH,0.2115856876554492,1.7765279055805292,,2014-06-10
DISCK,DISCK.A^H14,2014-06-23,EGARCH,0.2259494807989832,2.025919360052782,,2014-06-10
DISCK,DISCK.A^H14,2014-06-23,ESG-EGARCH,0.2370944962422472,2.230706355093848,all,2014-06-10
DISCK,DISCK.A^H14,2014-06-23,ESG-EGARCH(E),0.2373012027678468,2.23459765218519,E,2014-06-10
DISCK,DISCK.A^H14,2014-06-23,ESG-EGARCH(G),0.2364873687012125,2.2192966490167945,G,2014-06-10
DISCK,DISCK.A^H14,2014-06-23,ESG-EGARCH(S),0.2376979223937813,2.242075488504765,S,2014-06-10
DISCK,DISCK.A^H14,2014-06-23,ESG-GARCH,0.2489188686090486,2.4587540932384453,all,2014-06-10
DISCK,DISCK.A^H14,2014-06-23,ESG-GARCH(E),0.2491788804062079,2.4638934301782265,E,2014-06-10
DISCK,DISCK.A^H14,2014-06-23,ESG-GARCH(G),0.2482253699935722,2.4450727900176905,G,2014-06-10
DISCK,DISCK.A^H14,2014-06-23,ESG-GARCH(S),0.2495839181003525,2.471910006917597,S,2014-06-10
DISCK,DISCK.A^H14,2014-06-23,ESG-GJR-GARCH,0.2169108554351256,1.8670761589523,all,2014-06-10
DISCK,DISCK.A^H14,2014-06-23,ESG-GJR-GARCH(E),0.2172080264902864,1.8721955068176588,E,2014-06-10
DISCK,DISCK.A^H14,2014-06-23,ESG-GJR-GARCH(G),0.2162224381409036,1.8552437601427336,G,2014-06-10
DISCK,DISCK.A^H14,2014-06-23,ESG-GJR-GARCH(S),0.2176204632084235,1.8793121431368576,S,2014-06-10
DISCK,DISCK.A^H14,2014-06-23,GARCH,0.2402101111656968,2.289718155009381,,2014-06-10
DISCK,DISCK.A^H14,2014-06-23,GJR-GARCH,0.2115856876554492,1.7765279055805292,,2014-06-10
DISCK,DISCK.A^H14,2014-06-24,EGARCH,0.2259494807989832,2.025919360052782,,2014-06-10
DISCK,DISCK.A^H14,2014-06-24,ESG-EGARCH,0.2370944962422472,2.230706355093848,all,2014-06-10
DISCK,DISCK.A^H14,2014-06-24,ESG-EGARCH(E),0.2373012027678468,2.23459765218519,E,2014-06-10
DISCK,DISCK.A^H14,2014-06-24,ESG-EGARCH(G),0.2364873687012125,2.2192966490167945,G,2014-06-10
DISCK,DISCK.A^H14,2014-06-24,ESG-EGARCH(S),0.2376979223937813,2.242075488504765,S,2014-06-10
DISCK,DISCK.A^H14,2014-06-24,ESG-GARCH,0.2489188686090486,2.4587540932384453,all,2014-06-10
DISCK,DISCK.A^H14,2014-06-24,ESG-GARCH(E),0.2491788804062079,2.4638934301782265,E,2014-06-10
DISCK,DISCK.A^H14,2014-06-24,ESG-GARCH(G),0.2482253699935722,2.4450727900176905,G,2014-06-10
DISCK,DISCK.A^H14,2014-06-24,ESG-GARCH(S),0.2495839181003525,2.471910006917597,S,2014-06-10
DISCK,DISCK.A^H14,2014-06-24,ESG-GJR-GARCH,0.2169108554351256,1.8670761589523,all,2014-06-10
DISCK,DISCK.A^H14,2014-06-24,ESG-GJR-GARCH(E),0.2172080264902864,1.8721955068176588,E,2014-06-10
DISCK,DISCK.A^H14,2014-06-24,ESG-GJR-GARCH(G),0.2162224381409036,1.8552437601427336,G,2014-06-10
DISCK,DISCK.A^H14,2014-06-24,ESG-GJR-GARCH(S),0.2176204632084235,1.8793121431368576,S,2014-06-10
DISCK,DISCK.A^H14,2014-06-24,GARCH,0.2402101111656968,2.289718155009381,,2014-06-10
DISCK,DISCK.A^H14,2014-06-24,GJR-GARCH,0.2115856876554492,1.7765279055805292,,2014-06-10
DISCK,DISCK.A^H14,2014-06-27,EGARCH,0.2259494807989832,2.025919360052782,,2014-06-10
DISCK,DISCK.A^H14,2014-06-27,ESG-EGARCH,0.2370944962422472,2.230706355093848,all,2014-06-10
DISCK,DISCK.A^H14,2014-06-27,ESG-EGARCH(E),0.2373012027678468,2.23459765218519,E,2014-06-10
DISCK,DISCK.A^H14,2014-06-27,ESG-EGARCH(G),0.2364873687012125,2.2192966490167945,G,2014-06-10
DISCK,DISCK.A^H14,2014-06-27,ESG-EGARCH(S),0.2376979223937813,2.242075488504765,S,2014-06-10
DISCK,DISCK.A^H14,2014-06-27,ESG-GARCH,0.2489188686090486,2.4587540932384453,all,2014-06-10
DISCK,DISCK.A^H14,2014-06-27,ESG-GARCH(E),0.2491788804062079,2.4638934301782265,E,2014-06-10
DISCK,DISCK.A^H14,2014-06-27,ESG-GARCH(G),0.2482253699935722,2.4450727900176905,G,2014-06-10
DISCK,DISCK.A^H14,2014-06-27,ESG-GARCH(S),0.2495839181003525,2.471910006917597,S,2014-06-10
DISCK,DISCK.A^H14,2014-06-27,ESG-GJR-GARCH,0.2169108554351256,1.8670761589523,all,2014-06-10
DISCK,DISCK.A^H14,2014-06-27,ESG-GJR-GARCH(E),0.2172080264902864,1.8721955068176588,E,2014-06-10
DISCK,DISCK.A^H14,2014-06-27,ESG-GJR-GARCH(G),0.2162224381409036,1.8552437601427336,G,2014-06-10
DISCK,DISCK.A^H14,2014-06-27,ESG-GJR-GARCH(S),0.2176204632084235,1.8793121431368576,S,2014-06-10
DISCK,DISCK.A^H14,2014-06-27,GARCH,0.2402101111656968,2.289718155009381,,2014-06-10
DISCK,DISCK.A^H14,2014-06-27,GJR-GARCH,0.2115856876554492,1.7765279055805292,,2014-06-10
DISCK,DISCK.A^H14,2014-07-02,EGARCH,0.2259494807989832,2.025919360052782,,2014-06-10
DISCK,DISCK.A^H14,2014-07-02,ESG-EGARCH,0.2370944962422472,2.230706355093848,all,2014-06-10
DISCK,DISCK.A^H14,2014-07-02,ESG-EGARCH(E),0.2373012027678468,2.23459765218519,E,2014-06-10
DISCK,DISCK.A^H14,2014-07-02,ESG-EGARCH(G),0.2364873687012125,2.2192966490167945,G,2014-06-10
DISCK,DISCK.A^H14,2014-07-02,ESG-EGARCH(S),0.2376979223937813,2.242075488504765,S,2014-06-10
DISCK,DISCK.A^H14,2014-07-02,ESG-GARCH,0.2489188686090486,2.4587540932384453,all,2014-06-10
DISCK,DISCK.A^H14,2014-07-02,ESG-GARCH(E),0.2491788804062079,2.4638934301782265,E,2014-06-10
DISCK,DISCK.A^H14,2014-07-02,ESG-GARCH(G),0.2482253699935722,2.4450727900176905,G,2014-06-10
DISCK,DISCK.A^H14,2014-07-02,ESG-GARCH(S),0.2495839181003525,2.471910006917597,S,2014-06-10
DISCK,DISCK.A^H14,2014-07-02,ESG-GJR-GARCH,0.2169108554351256,1.8670761589523,all,2014-06-10
DISCK,DISCK.A^H14,2014-07-02,ESG-GJR-GARCH(E),0.2172080264902864,1.8721955068176588,E,2014-06-10
DISCK,DISCK.A^H14,2014-07-02,ESG-GJR-GARCH(G),0.2162224381409036,1.8552437601427336,G,2014-06-10
DISCK,DISCK.A^H14,2014-07-02,ESG-GJR-GARCH(S),0.2176204632084235,1.8793121431368576,S,2014-06-10
DISCK,DISCK.A^H14,2014-07-02,GARCH,0.2402101111656968,2.289718155009381,,2014-06-10
DISCK,DISCK.A^H14,2014-07-02,GJR-GARCH,0.2115856876554492,1.7765279055805292,,2014-06-10
DISCK,DISCK.A^H14,2014-07-03,EGARCH,0.2259494807989832,2.025919360052782,,2014-06-10
DISCK,DISCK.A^H14,2014-07-03,ESG-EGARCH,0.2370944962422472,2.230706355093848,all,2014-06-10
DISCK,DISCK.A^H14,2014-07-03,ESG-EGARCH(E),0.2373012027678468,2.23459765218519,E,2014-06-10
DISCK,DISCK.A^H14,2014-07-03,ESG-EGARCH(G),0.2364873687012125,2.2192966490167945,G,2014-06-10
DISCK,DISCK.A^H14,2014-07-03,ESG-EGARCH(S),0.2376979223937813,2.242075488504765,S,2014-06-10
DISCK,DISCK.A^H14,2014-07-03,ESG-GARCH,0.2489188686090486,2.4587540932384453,all,2014-06-10
DISCK,DISCK.A^H14,2014-07-03,ESG-GARCH(E),0.2491788804062079,2.4638934301782265,E,2014-06-10
DISCK,DISCK.A^H14,2014-07-03,ESG-GARCH(G),0.2482253699935722,2.4450727900176905,G,2014-06-10
DISCK,DISCK.A^H14,2014-07-03,ESG-GARCH(S),0.2495839181003525,2.471910006917597,S,2014-06-10
DISCK,DISCK.A^H14,2014-07-03,ESG-GJR-GARCH,0.2169108554351256,1.8670761589523,all,2014-06-10
DISCK,DISCK.A^H14,2014-07-03,ESG-GJR-GARCH(E),0.2172080264902864,1.8721955068176588,E,2014-06-10
DISCK,DISCK.A^H14,2014-07-03,ESG-GJR-GARCH(G),0.2162224381409036,1.8552437601427336,G,2014-06-10
DISCK,DISCK.A^H14,2014-07-03,ESG-GJR-GARCH(S),0.2176204632084235,1.8793121431368576,S,2014-06-10
DISCK,DISCK.A^H14,2014-07-03,GARCH,0.2402101111656968,2.289718155009381,,2014-06-10
DISCK,DISCK.A^H14,2014-07-03,GJR-GARCH,0.2115856876554492,1.7765279055805292,,2014-06-10
DISCK,DISCK.A^H14,2014-07-08,EGARCH,0.2259494807989832,2.025919360052782,,2014-06-10
DISCK,DISCK.A^H14,2014-07-08,ESG-EGARCH,0.2370944962422472,2.230706355093848,all,2014-06-10
DISCK,DISCK.A^H14,2014-07-08,ESG-EGARCH(E),0.2373012027678468,2.23459765218519,E,2014-06-10
DISCK,DISCK.A^H14,2014-07-08,ESG-EGARCH(G),0.2364873687012125,2.2192966490167945,G,2014-06-10
DISCK,DISCK.A^H14,2014-07-08,ESG-EGARCH(S),0.2376979223937813,2.242075488504765,S,2014-06-10
DISCK,DISCK.A^H14,2014-07-08,ESG-GARCH,0.2489188686090486,2.4587540932384453,all,2014-06-10
DISCK,DISCK.A^H14,2014-07-08,ESG-GARCH(E),0.2491788804062079,2.4638934301782265,E,2014-06-10
DISCK,DISCK.A^H14,2014-07-08,ESG-GARCH(G),0.2482253699935722,2.4450727900176905,G,2014-06-10
DISCK,DISCK.A^H14,2014-07-08,ESG-GARCH(S),0.2495839181003525,2.471910006917597,S,2014-06-10
DISCK,DISCK.A^H14,2014-07-08,ESG-GJR-GARCH,0.2169108554351256,1.8670761589523,all,2014-06-10
DISCK,DISCK.A^H14,2014-07-08,ESG-GJR-GARCH(E),0.2172080264902864,1.8721955068176588,E,2014-06-10
DISCK,DISCK.A^H14,2014-07-08,ESG-GJR-GARCH(G),0.2162224381409036,1.8552437601427336,G,2014-06-10
DISCK,DISCK.A^H14,2014-07-08,ESG-GJR-GARCH(S),0.2176204632084235,1.8793121431368576,S,2014-06-10
DISCK,DISCK.A^H14,2014-07-08,GARCH,0.2402101111656968,2.289718155009381,,2014-06-10
DISCK,DISCK.A^H14,2014-07-08,GJR-GARCH,0.2115856876554492,1.7765279055805292,,2014-06-10
DISCK,DISCK.A^H14,2014-07-09,EGARCH,0.2259494807989832,2.025919360052782,,2014-06-10
DISCK,DISCK.A^H14,2014-07-09,ESG-EGARCH,0.2370944962422472,2.230706355093848,all,2014-06-10
DISCK,DISCK.A^H14,2014-07-09,ESG-EGARCH(E),0.2373012027678468,2.23459765218519,E,2014-06-10
DISCK,DISCK.A^H14,2014-07-09,ESG-EGARCH(G),0.2364873687012125,2.2192966490167945,G,2014-06-10
DISCK,DISCK.A^H14,2014-07-09,ESG-EGARCH(S),0.2376979223937813,2.242075488504765,S,2014-06-10
DISCK,DISCK.A^H14,2014-07-09,ESG-GARCH,0.2489188686090486,2.4587540932384453,all,2014-06-10
DISCK,DISCK.A^H14,2014-07-09,ESG-GARCH(E),0.2491788804062079,2.4638934301782265,E,2014-06-10
DISCK,DISCK.A^H14,2014-07-09,ESG-GARCH(G),0.2482253699935722,2.4450727900176905,G,2014-06-10
DISCK,DISCK.A^H14,2014-07-09,ESG-GARCH(S),0.2495839181003525,2.471910006917597,S,2014-06-10
DISCK,DISCK.A^H14,2014-07-09,ESG-GJR-GARCH,0.2169108554351256,1.8670761589523,all,2014-06-10
DISCK,DISCK.A^H14,2014-07-09,ESG-GJR-GARCH(E),0.2172080264902864,1.8721955068176588,E,2014-06-10
DISCK,DISCK.A^H14,2014-07-09,ESG-GJR-GARCH(G),0.2162224381409036,1.8552437601427336,G,2014-06-10
DISCK,DISCK.A^H14,2014-07-09,ESG-GJR-GARCH(S),0.2176204632084235,1.8793121431368576,S,2014-06-10
DISCK,DISCK.A^H14,2014-07-09,GARCH,0.2402101111656968,2.289718155009381,,2014-06-10
DISCK,DISCK.A^H14,2014-07-09,GJR-GARCH,0.2115856876554492,1.7765279055805292,,2014-06-10
DISCK,DISCK.A^H14,2014-07-10,EGARCH,0.2259494807989832,2.025919360052782,,2014-06-10
DISCK,DISCK.A^H14,2014-07-10,ESG-EGARCH,0.2370944962422472,2.230706355093848,all,2014-06-10
DISCK,DISCK.A^H14,2014-07-10,ESG-EGARCH(E),0.2373012027678468,2.23459765218519,E,2014-06-10
DISCK,DISCK.A^H14,2014-07-10,ESG-EGARCH(G),0.2364873687012125,2.2192966490167945,G,2014-06-10
DISCK,DISCK.A^H14,2014-07-10,ESG-EGARCH(S),0.2376979223937813,2.242075488504765,S,2014-06-10
DISCK,DISCK.A^H14,2014-07-10,ESG-GARCH,0.2489188686090486,2.4587540932384453,all,2014-06-10
DISCK,DISCK.A^H14,2014-07-10,ESG-GARCH(E),0.2491788804062079,2.4638934301782265,E,2014-06-10
DISCK,DISCK.A^H14,2014-07-10,ESG-GARCH(G),0.2482253699935722,2.4450727900176905,G,2014-06-10
DISCK,DISCK.A^H14,2014-07-10,ESG-GARCH(S),0.2495839181003525,2.471910006917597,S,2014-06-10
DISCK,DISCK.A^H14,2014-07-10,ESG-GJR-GARCH,0.2169108554351256,1.8670761589523,all,2014-06-10
DISCK,DISCK.A^H14,2014-07-10,ESG-GJR-GARCH(E),0.2172080264902864,1.8721955068176588,E,2014-06-10
DISCK,DISCK.A^H14,2014-07-10,ESG-GJR-GARCH(G),0.2162224381409036,1.8552437601427336,G,2014-06-10
DISCK,DISCK.A^H14,2014-07-10,ESG-GJR-GARCH(S),0.2176204632084235,1.8793121431368576,S,2014-06-10
DISCK,DISCK.A^H14,2014-07-10,GARCH,0.2402101111656968,2.289718155009381,,2014-06-10
DISCK,DISCK.A^H14,2014-07-10,GJR-GARCH,0.2115856876554492,1.7765279055805292,,2014-06-10
DISCK,DISCK.A^H14,2014-07-11,EGARCH,0.2259494807989832,2.025919360052782,,2014-06-10
DISCK,DISCK.A^H14,2014-07-11,ESG-EGARCH,0.2370944962422472,2.230706355093848,all,2014-06-10
DISCK,DISCK.A^H14,2014-07-11,ESG-EGARCH(E),0.2373012027678468,2.23459765218519,E,2014-06-10
DISCK,DISCK.A^H14,2014-07-11,ESG-EGARCH(G),0.2364873687012125,2.2192966490167945,G,2014-06-10
DISCK,DISCK.A^H14,2014-07-11,ESG-EGARCH(S),0.2376979223937813,2.242075488504765,S,2014-06-10
DISCK,DISCK.A^H14,2014-07-11,ESG-GARCH,0.2489188686090486,2.4587540932384453,all,2014-06-10
DISCK,DISCK.A^H14,2014-07-11,ESG-GARCH(E),0.2491788804062079,2.4638934301782265,E,2014-06-10
DISCK,DISCK.A^H14,2014-07-11,ESG-GARCH(G),0.2482253699935722,2.4450727900176905,G,2014-06-10
DISCK,DISCK.A^H14,2014-07-11,ESG-GARCH(S),0.2495839181003525,2.471910006917597,S,2014-06-10
DISCK,DISCK.A^H14,2014-07-11,ESG-GJR-GARCH,0.2169108554351256,1.8670761589523,all,2014-06-10
DISCK,DISCK.A^H14,2014-07-11,ESG-GJR-GARCH(E),0.2172080264902864,1.8721955068176588,E,2014-06-10
DISCK,DISCK.A^H14,2014-07-11,ESG-GJR-GARCH(G),0.2162224381409036,1.8552437601427336,G,2014-06-10
DISCK,DISCK.A^H14,2014-07-11,ESG-GJR-GARCH(S),0.2176204632084235,1.8793121431368576,S,2014-06-10
DISCK,DISCK.A^H14,2014-07-11,GARCH,0.2402101111656968,2.289718155009381,,2014-06-10
DISCK,DISCK.A^H14,2014-07-11,GJR-GARCH,0.2115856876554492,1.7765279055805292,,2014-06-10
DISCK,DISCK.A^H14,2014-07-16,EGARCH,0.2259494807989832,2.025919360052782,,2014-06-10
DISCK,DISCK.A^H14,2014-07-16,ESG-EGARCH,0.2370944962422472,2.230706355093848,all,2014-06-10
DISCK,DISCK.A^H14,2014-07-16,ESG-EGARCH(E),0.2373012027678468,2.23459765218519,E,2014-06-10
DISCK,DISCK.A^H14,2014-07-16,ESG-EGARCH(G),0.2364873687012125,2.2192966490167945,G,2014-06-10
DISCK,DISCK.A^H14,2014-07-16,ESG-EGARCH(S),0.2376979223937813,2.242075488504765,S,2014-06-10
DISCK,DISCK.A^H14,2014-07-16,ESG-GARCH,0.2489188686090486,2.4587540932384453,all,2014-06-10
DISCK,DISCK.A^H14,2014-07-16,ESG-GARCH(E),0.2491788804062079,2.4638934301782265,E,2014-06-10
DISCK,DISCK.A^H14,2014-07-16,ESG-GARCH(G),0.2482253699935722,2.4450727900176905,G,2014-06-10
DISCK,DISCK.A^H14,2014-07-16,ESG-GARCH(S),0.2495839181003525,2.471910006917597,S,2014-06-10
DISCK,DISCK.A^H14,2014-07-16,ESG-GJR-GARCH,0.2169108554351256,1.8670761589523,all,2014-06-10
DISCK,DISCK.A^H14,2014-07-16,ESG-GJR-GARCH(E),0.2172080264902864,1.8721955068176588,E,2014-06-10
DISCK,DISCK.A^H14,2014-07-16,ESG-GJR-GARCH(G),0.2162224381409036,1.8552437601427336,G,2014-06-10
DISCK,DISCK.A^H14,2014-07-16,ESG-GJR-GARCH(S),0.2176204632084235,1.8793121431368576,S,2014-06-10
DISCK,DISCK.A^H14,2014-07-16,GARCH,0.2402101111656968,2.289718155009381,,2014-06-10
DISCK,DISCK.A^H14,2014-07-16,GJR-GARCH,0.2115856876554492,1.7765279055805292,,2014-06-10
DISCK,DISCK.A^H14,2014-07-17,EGARCH,0.2259494807989832,2.025919360052782,,2014-06-10
DISCK,DISCK.A^H14,2014-07-17,ESG-EGARCH,0.2370944962422472,2.230706355093848,all,2014-06-10
DISCK,DISCK.A^H14,2014-07-17,ESG-EGARCH(E),0.2373012027678468,2.23459765218519,E,2014-06-10
DISCK,DISCK.A^H14,2014-07-17,ESG-EGARCH(G),0.2364873687012125,2.2192966490167945,G,2014-06-10
DISCK,DISCK.A^H14,2014-07-17,ESG-EGARCH(S),0.2376979223937813,2.242075488504765,S,2014-06-10
DISCK,DISCK.A^H14,2014-07-17,ESG-GARCH,0.2489188686090486,2.4587540932384453,all,2014-06-10
DISCK,DISCK.A^H14,2014-07-17,ESG-GARCH(E),0.2491788804062079,2.4638934301782265,E,2014-06-10
DISCK,DISCK.A^H14,2014-07-17,ESG-GARCH(G),0.2482253699935722,2.4450727900176905,G,2014-06-10
DISCK,DISCK.A^H14,2014-07-17,ESG-GARCH(S),0.2495839181003525,2.471910006917597,S,2014-06-10
DISCK,DISCK.A^H14,2014-07-17,ESG-GJR-GARCH,0.2169108554351256,1.8670761589523,all,2014-06-10
DISCK,DISCK.A^H14,2014-07-17,ESG-GJR-GARCH(E),0.2172080264902864,1.8721955068176588,E,2014-06-10
DISCK,DISCK.A^H14,2014-07-17,ESG-GJR-GARCH(G),0.2162224381409036,1.8552437601427336,G,2014-06-10
DISCK,DISCK.A^H14,2014-07-17,ESG-GJR-GARCH(S),0.2176204632084235,1.8793121431368576,S,2014-06-10
DISCK,DISCK.A^H14,2014-07-17,GARCH,0.2402101111656968,2.289718155009381,,2014-06-10
DISCK,DISCK.A^H14,2014-07-17,GJR-GARCH,0.2115856876554492,1.7765279055805292,,2014-06-10
DISCK,DISCK.A^H14,2014-07-18,EGARCH,0.2259494807989832,2.025919360052782,,2014-06-10
DISCK,DISCK.A^H14,2014-07-18,ESG-EGARCH,0.2370944962422472,2.230706355093848,all,2014-06-10
DISCK,DISCK.A^H14,2014-07-18,ESG-EGARCH(E),0.2373012027678468,2.23459765218519,E,2014-06-10
DISCK,DISCK.A^H14,2014-07-18,ESG-EGARCH(G),0.2364873687012125,2.2192966490167945,G,2014-06-10
DISCK,DISCK.A^H14,2014-07-18,ESG-EGARCH(S),0.2376979223937813,2.242075488504765,S,2014-06-10
DISCK,DISCK.A^H14,2014-07-18,ESG-GARCH,0.2489188686090486,2.4587540932384453,all,2014-06-10
DISCK,DISCK.A^H14,2014-07-18,ESG-GARCH(E),0.2491788804062079,2.4638934301782265,E,2014-06-10
DISCK,DISCK.A^H14,2014-07-18,ESG-GARCH(G),0.2482253699935722,2.4450727900176905,G,2014-06-10
DISCK,DISCK.A^H14,2014-07-18,ESG-GARCH(S),0.2495839181003525,2.471910006917597,S,2014-06-10
DISCK,DISCK.A^H14,2014-07-18,ESG-GJR-GARCH,0.2169108554351256,1.8670761589523,all,2014-06-10
DISCK,DISCK.A^H14,2014-07-18,ESG-GJR-GARCH(E),0.2172080264902864,1.8721955068176588,E,2014-06-10
DISCK,DISCK.A^H14,2014-07-18,ESG-GJR-GARCH(G),0.2162224381409036,1.8552437601427336,G,2014-06-10
DISCK,DISCK.A^H14,2014-07-18,ESG-GJR-GARCH(S),0.2176204632084235,1.8793121431368576,S,2014-06-10
DISCK,DISCK.A^H14,2014-07-18,GARCH,0.2402101111656968,2.289718155009381,,2014-06-10
DISCK,DISCK.A^H14,2014-07-18,GJR-GARCH,0.2115856876554492,1.7765279055805292,,2014-06-10
DISCK,DISCK.A^H14,2014-07-21,EGARCH,0.2259494807989832,2.025919360052782,,2014-06-10
DISCK,DISCK.A^H14,2014-07-21,ESG-EGARCH,0.2370944962422472,2.230706355093848,all,2014-06-10
DISCK,DISCK.A^H14,2014-07-21,ESG-EGARCH(E),0.2373012027678468,2.23459765218519,E,2014-06-10
DISCK,DISCK.A^H14,2014-07-21,ESG-EGARCH(G),0.2364873687012125,2.2192966490167945,G,2014-06-10
DISCK,DISCK.A^H14,2014-07-21,ESG-EGARCH(S),0.2376979223937813,2.242075488504765,S,2014-06-10
DISCK,DISCK.A^H14,2014-07-21,ESG-GARCH,0.2489188686090486,2.4587540932384453,all,2014-06-10
DISCK,DISCK.A^H14,2014-07-21,ESG-GARCH(E),0.2491788804062079,2.4638934301782265,E,2014-06-10
DISCK,DISCK.A^H14,2014-07-21,ESG-GARCH(G),0.2482253699935722,2.4450727900176905,G,2014-06-10
DISCK,DISCK.A^H14,2014-07-21,ESG-GARCH(S),0.2495839181003525,2.471910006917597,S,2014-06-10
DISCK,DISCK.A^H14,2014-07-21,ESG-GJR-GARCH,0.2169108554351256,1.8670761589523,all,2014-06-10
DISCK,DISCK.A^H14,2014-07-21,ESG-GJR-GARCH(E),0.2172080264902864,1.8721955068176588,E,2014-06-10
DISCK,DISCK.A^H14,2014-07-21,ESG-GJR-GARCH(G),0.2162224381409036,1.8552437601427336,G,2014-06-10
DISCK,DISCK.A^H14,2014-07-21,ESG-GJR-GARCH(S),0.2176204632084235,1.8793121431368576,S,2014-06-10
DISCK,DISCK.A^H14,2014-07-21,GARCH,0.2402101111656968,2.289718155009381,,2014-06-10
DISCK,DISCK.A^H14,2014-07-21,GJR-GARCH,0.2115856876554492,1.7765279055805292,,2014-06-10
DISCK,DISCK.A^H14,2014-07-22,EGARCH,0.2259494807989832,2.025919360052782,,2014-06-10
DISCK,DISCK.A^H14,2014-07-22,ESG-EGARCH,0.2370944962422472,2.230706355093848,all,2014-06-10
DISCK,DISCK.A^H14,2014-07-22,ESG-EGARCH(E),0.2373012027678468,2.23459765218519,E,2014-06-10
DISCK,DISCK.A^H14,2014-07-22,ESG-EGARCH(G),0.2364873687012125,2.2192966490167945,G,2014-06-10
DISCK,DISCK.A^H14,2014-07-22,ESG-EGARCH(S),0.2376979223937813,2.242075488504765,S,2014-06-10
DISCK,DISCK.A^H14,2014-07-22,ESG-GARCH,0.2489188686090486,2.4587540932384453,all,2014-06-10
DISCK,DISCK.A^H14,2014-07-22,ESG-GARCH(E),0.2491788804062079,2.4638934301782265,E,2014-06-10
DISCK,DISCK.A^H14,2014-07-22,ESG-GARCH(G),0.2482253699935722,2.4450727900176905,G,2014-06-10
DISCK,DISCK.A^H14,2014-07-22,ESG-GARCH(S),0.2495839181003525,2.471910006917597,S,2014-06-10
DISCK,DISCK.A^H14,2014-07-22,ESG-GJR-GARCH,0.2169108554351256,1.8670761589523,all,2014-06-10
DISCK,DISCK.A^H14,2014-07-22,ESG-GJR-GARCH(E),0.2172080264902864,1.8721955068176588,E,2014-06-10
DISCK,DISCK.A^H14,2014-07-22,ESG-GJR-GARCH(G),0.2162224381409036,1.8552437601427336,G,2014-06-10
DISCK,DISCK.A^H14,2014-07-22,ESG-GJR-GARCH(S),0.2176204632084235,1.8793121431368576,S,2014-06-10
DISCK,DISCK.A^H14,2014-07-22,GARCH,0.2402101111656968,2.289718155009381,,2014-06-10
DISCK,DISCK.A^H14,2014-07-22,GJR-GARCH,0.2115856876554492,1.7765279055805292,,2014-06-10
DISCK,DISCK.A^H14,2014-07-23,EGARCH,0.2259494807989832,2.025919360052782,,2014-06-10
DISCK,DISCK.A^H14,2014-07-23,ESG-EGARCH,0.2370944962422472,2.230706355093848,all,2014-06-10
DISCK,DISCK.A^H14,2014-07-23,ESG-EGARCH(E),0.2373012027678468,2.23459765218519,E,2014-06-10
DISCK,DISCK.A^H14,2014-07-23,ESG-EGARCH(G),0.2364873687012125,2.2192966490167945,G,2014-06-10
DISCK,DISCK.A^H14,2014-07-23,ESG-EGARCH(S),0.2376979223937813,2.242075488504765,S,2014-06-10
DISCK,DISCK.A^H14,2014-07-23,ESG-GARCH,0.2489188686090486,2.4587540932384453,all,2014-06-10
DISCK,DISCK.A^H14,2014-07-23,ESG-GARCH(E),0.2491788804062079,2.4638934301782265,E,2014-06-10
DISCK,DISCK.A^H14,2014-07-23,ESG-GARCH(G),0.2482253699935722,2.4450727900176905,G,2014-06-10
DISCK,DISCK.A^H14,2014-07-23,ESG-GARCH(S),0.2495839181003525,2.471910006917597,S,2014-06-10
DISCK,DISCK.A^H14,2014-07-23,ESG-GJR-GARCH,0.2169108554351256,1.8670761589523,all,2014-06-10
DISCK,DISCK.A^H14,2014-07-23,ESG-GJR-GARCH(E),0.2172080264902864,1.8721955068176588,E,2014-06-10
DISCK,DISCK.A^H14,2014-07-23,ESG-GJR-GARCH(G),0.2162224381409036,1.8552437601427336,G,2014-06-10
DISCK,DISCK.A^H14,2014-07-23,ESG-GJR-GARCH(S),0.2176204632084235,1.8793121431368576,S,2014-06-10
DISCK,DISCK.A^H14,2014-07-23,GARCH,0.2402101111656968,2.289718155009381,,2014-06-10
DISCK,DISCK.A^H14,2014-07-23,GJR-GARCH,0.2115856876554492,1.7765279055805292,,2014-06-10
DISCK,DISCK.A^H14,2014-07-24,EGARCH,0.2259494807989832,2.025919360052782,,2014-06-10
DISCK,DISCK.A^H14,2014-07-24,ESG-EGARCH,0.2370944962422472,2.230706355093848,all,2014-06-10
DISCK,DISCK.A^H14,2014-07-24,ESG-EGARCH(E),0.2373012027678468,2.23459765218519,E,2014-06-10
DISCK,DISCK.A^H14,2014-07-24,ESG-EGARCH(G),0.2364873687012125,2.2192966490167945,G,2014-06-10
DISCK,DISCK.A^H14,2014-07-24,ESG-EGARCH(S),0.2376979223937813,2.242075488504765,S,2014-06-10
DISCK,DISCK.A^H14,2014-07-24,ESG-GARCH,0.2489188686090486,2.4587540932384453,all,2014-06-10
DISCK,DISCK.A^H14,2014-07-24,ESG-GARCH(E),0.2491788804062079,2.4638934301782265,E,2014-06-10
DISCK,DISCK.A^H14,2014-07-24,ESG-GARCH(G),0.2482253699935722,2.4450727900176905,G,2014-06-10
DISCK,DISCK.A^H14,2014-07-24,ESG-GARCH(S),0.2495839181003525,2.471910006917597,S,2014-06-10
DISCK,DISCK.A^H14,2014-07-24,ESG-GJR-GARCH,0.2169108554351256,1.8670761589523,all,2014-06-10
DISCK,DISCK.A^H14,2014-07-24,ESG-GJR-GARCH(E),0.2172080264902864,1.8721955068176588,E,2014-06-10
DISCK,DISCK.A^H14,2014-07-24,ESG-GJR-GARCH(G),0.2162224381409036,1.8552437601427336,G,2014-06-10
DISCK,DISCK.A^H14,2014-07-24,ESG-GJR-GARCH(S),0.2176204632084235,1.8793121431368576,S,2014-06-10
DISCK,DISCK.A^H14,2014-07-24,GARCH,0.2402101111656968,2.289718155009381,,2014-06-10
DISCK,DISCK.A^H14,2014-07-24,GJR-GARCH,0.2115856876554492,1.7765279055805292,,2014-06-10
DISCK,DISCK.A^H14,2014-07-25,EGARCH,0.2259494807989832,2.025919360052782,,2014-06-10
DISCK,DISCK.A^H14,2014-07-25,ESG-EGARCH,0.2370944962422472,2.230706355093848,all,2014-06-10
DISCK,DISCK.A^H14,2014-07-25,ESG-EGARCH(E),0.2373012027678468,2.23459765218519,E,2014-06-10
DISCK,DISCK.A^H14,2014-07-25,ESG-EGARCH(G),0.2364873687012125,2.2192966490167945,G,2014-06-10
DISCK,DISCK.A^H14,2014-07-25,ESG-EGARCH(S),0.2376979223937813,2.242075488504765,S,2014-06-10
DISCK,DISCK.A^H14,2014-07-25,ESG-GARCH,0.2489188686090486,2.4587540932384453,all,2014-06-10
DISCK,DISCK.A^H14,2014-07-25,ESG-GARCH(E),0.2491788804062079,2.4638934301782265,E,2014-06-10
DISCK,DISCK.A^H14,2014-07-25,ESG-GARCH(G),0.2482253699935722,2.4450727900176905,G,2014-06-10
DISCK,DISCK.A^H14,2014-07-25,ESG-GARCH(S),0.2495839181003525,2.471910006917597,S,2014-06-10
DISCK,DISCK.A^H14,2014-07-25,ESG-GJR-GARCH,0.2169108554351256,1.8670761589523,all,2014-06-10
DISCK,DISCK.A^H14,2014-07-25,ESG-GJR-GARCH(E),0.2172080264902864,1.8721955068176588,E,2014-06-10
DISCK,DISCK.A^H14,2014-07-25,ESG-GJR-GARCH(G),0.2162224381409036,1.8552437601427336,G,2014-06-10
DISCK,DISCK.A^H14,2014-07-25,ESG-GJR-GARCH(S),0.2176204632084235,1.8793121431368576,S,2014-06-10
DISCK,DISCK.A^H14,2014-07-25,GARCH,0.2402101111656968,2.289718155009381,,2014-06-10
DISCK,DISCK.A^H14,2014-07-25,GJR-GARCH,0.2115856876554492,1.7765279055805292,,2014-06-10
DISCK,DISCK.A^H14,2014-07-28,EGARCH,0.2424120738164641,2.3318894258729714,,2014-07-28
DISCK,DISCK.A^H14,2014-07-28,ESG-EGARCH,0.2545012863843602,2.57027399886088,all,2014-07-28
DISCK,DISCK.A^H14,2014-07-28,ESG-EGARCH(E),0.2548627674224753,2.5775805642159826,E,2014-07-28
DISCK,DISCK.A^H14,2014-07-28,ESG-EGARCH(G),0.2540469217831242,2.56110470109051,G,2014-07-28
DISCK,DISCK.A^H14,2014-07-28,ESG-EGARCH(S),0.25522357661054,2.584883891185564,S,2014-07-28
DISCK,DISCK.A^H14,2014-07-28,ESG-GARCH,0.2677587745846575,2.8450302129792635,all,2014-07-28
DISCK,DISCK.A^H14,2014-07-28,ESG-GARCH(E),0.2680511665147334,2.851247137694816,E,2014-07-28
DISCK,DISCK.A^H14,2014-07-28,ESG-GARCH(G),0.2671233346787414,2.831542695630592,G,2014-07-28
DISCK,DISCK.A^H14,2014-07-28,ESG-GARCH(S),0.2684365756176112,2.859452187671013,S,2014-07-28
DISCK,DISCK.A^H14,2014-07-28,ESG-GJR-GARCH,0.2246288707238731,2.002306728677878,all,2014-07-28
DISCK,DISCK.A^H14,2014-07-28,ESG-GJR-GARCH(E),0.2250655883916041,2.010099963415039,E,2014-07-28
DISCK,DISCK.A^H14,2014-07-28,ESG-GJR-GARCH(G),0.2242178192634425,1.9949853363195944,G,2014-07-28
DISCK,DISCK.A^H14,2014-07-28,ESG-GJR-GARCH(S),0.225346667186366,2.015123825873128,S,2014-07-28
DISCK,DISCK.A^H14,2014-07-28,GARCH,0.2583839138451843,2.649295513252207,,2014-07-28
DISCK,DISCK.A^H14,2014-07-28,GJR-GARCH,0.2198727642937284,1.918413987228788,,2014-07-28
DISCK,DISCK.A^H14,2014-07-31,EGARCH,0.2424120738164641,2.3318894258729714,,2014-07-28
DISCK,DISCK.A^H14,2014-07-31,ESG-EGARCH,0.2545012863843602,2.57027399886088,all,2014-07-28
DISCK,DISCK.A^H14,2014-07-31,ESG-EGARCH(E),0.2548627674224753,2.5775805642159826,E,2014-07-28
DISCK,DISCK.A^H14,2014-07-31,ESG-EGARCH(G),0.2540469217831242,2.56110470109051,G,2014-07-28
DISCK,DISCK.A^H14,2014-07-31,ESG-EGARCH(S),0.25522357661054,2.584883891185564,S,2014-07-28
DISCK,DISCK.A^H14,2014-07-31,ESG-GARCH,0.2677587745846575,2.8450302129792635,all,2014-07-28
DISCK,DISCK.A^H14,2014-07-31,ESG-GARCH(E),0.2680511665147334,2.851247137694816,E,2014-07-28
DISCK,DISCK.A^H14,2014-07-31,ESG-GARCH(G),0.2671233346787414,2.831542695630592,G,2014-07-28
DISCK,DISCK.A^H14,2014-07-31,ESG-GARCH(S),0.2684365756176112,2.859452187671013,S,2014-07-28
DISCK,DISCK.A^H14,2014-07-31,ESG-GJR-GARCH,0.2246288707238731,2.002306728677878,all,2014-07-28
DISCK,DISCK.A^H14,2014-07-31,ESG-GJR-GARCH(E),0.2250655883916041,2.010099963415039,E,2014-07-28
DISCK,DISCK.A^H14,2014-07-31,ESG-GJR-GARCH(G),0.2242178192634425,1.9949853363195944,G,2014-07-28
DISCK,DISCK.A^H14,2014-07-31,ESG-GJR-GARCH(S),0.225346667186366,2.015123825873128,S,2014-07-28
DISCK,DISCK.A^H14,2014-07-31,GARCH,0.2583839138451843,2.649295513252207,,2014-07-28
DISCK,DISCK.A^H14,2014-07-31,GJR-GARCH,0.2198727642937284,1.918413987228788,,2014-07-28
