ticker,RIC,Date,model,forecast_vol,forecast_var_pct2,esg_spec,refit_date
FBHS,FBHS.W^E14,2013-03-05,EGARCH,0.2551936422982837,2.584277582121603,,2013-03-05
FBHS,FBHS.W^E14,2013-03-05,ESG-EGARCH,0.2569614030430058,2.62020486721548,all,2013-03-05
FBHS,FBHS.W^E14,2013-03-05,ESG-EGARCH(E),0.2569614030430046,2.620204867215454,E,2013-03-05
FBHS,FBHS.W^E14,2013-03-05,ESG-EGARCH(G),0.2569614030430045,2.620204867215452,G,2013-03-05
FBHS,FBHS.W^E14,2013-03-05,ESG-EGARCH(S),0.2569614030430045,2.620204867215452,S,2013-03-05
FBHS,FBHS.W^E14,2013-03-05,ESG-GARCH,0.3382103219061987,4.539135787456133,all,2013-03-05
FBHS,FBHS.W^E14,2013-03-05,ESG-GARCH(E),0.338210321906199,4.539135787456141,E,2013-03-05
FBHS,FBHS.W^E14,2013-03-05,ESG-GARCH(G),0.3382103219061991,4.5391357874561455,G,2013-03-05
FBHS,FBHS.W^E14,2013-03-05,ESG-GARCH(S),0.3382103219061988,4.539135787456136,S,2013-03-05
FBHS,FBHS.W^E14,2013-03-05,ESG-GJR-GARCH,0.3369483837282711,4.505325924487865,all,2013-03-05
FBHS,FBHS.W^E14,2013-03-05,ESG-GJR-GARCH(E),0.3369483837282708,4.505325924487859,E,2013-03-05
FBHS,FBHS.W^E14,2013-03-05,ESG-GJR-GARCH(G),0.3369483837282708,4.5053259244878605,G,2013-03-05
FBHS,FBHS.W^E14,2013-03-05,ESG-GJR-GARCH(S),0.3369483837282707,4.505325924487856,S,2013-03-05
FBHS,FBHS.W^E14,2013-03-05,GARCH,0.3367536698386001,4.500120402768447,,2013-03-05
FBHS,FBHS.W^E14,2013-03-05,GJR-GARCH,0.3315466697531107,4.362031516840408,,2013-03-05
FBHS,FBHS.W^E14,2013-03-06,EGARCH,0.2551936422982837,2.584277582121603,,2013-03-05
FBHS,FBHS.W^E14,2013-03-06,ESG-EGARCH,0.2569614030430058,2.62020486721548,all,2013-03-05
FBHS,FBHS.W^E14,2013-03-06,ESG-EGARCH(E),0.2569614030430046,2.620204867215454,E,2013-03-05
FBHS,FBHS.W^E14,2013-03-06,ESG-EGARCH(G),0.2569614030430045,2.620204867215452,G,2013-03-05
FBHS,FBHS.W^E14,2013-03-06,ESG-EGARCH(S),0.2569614030430045,2.620204867215452,S,2013-03-05
FBHS,FBHS.W^E14,2013-03-06,ESG-GARCH,0.3382103219061987,4.539135787456133,all,2013-03-05
FBHS,FBHS.W^E14,2013-03-06,ESG-GARCH(E),0.338210321906199,4.539135787456141,E,2013-03-05
FBHS,FBHS.W^E14,2013-03-06,ESG-GARCH(G),0.3382103219061991,4.5391357874561455,G,2013-03-05
FBHS,FBHS.W^E14,2013-03-06,ESG-GARCH(S),0.3382103219061988,4.539135787456136,S,2013-03-05
FBHS,FBHS.W^E14,2013-03-06,ESG-GJR-GARCH,0.3369483837282711,4.505325924487865,all,2013-03-05
FBHS,FBHS.W^E14,2013-03-06,ESG-GJR-GARCH(E),0.3369483837282708,4.505325924487859,E,2013-03-05
FBHS,FBHS.W^E14,2013-03-06,ESG-GJR-GARCH(G),0.3369483837282708,4.5053259244878605,G,2013-03-05
FBHS,FBHS.W^E14,2013-03-06,ESG-GJR-GARCH(S),0.3369483837282707,4.505325924487856,S,2013-03-05
FBHS,FBHS.W^E14,2013-03-06,GARCH,0.3367536698386001,4.500120402768447,,2013-03-05
FBHS,FBHS.W^E14,2013-03-06,GJR-GARCH,0.3315466697531107,4.362031516840408,,2013-03-05
FBHS,FBHS.W^E14,2013-03-07,EGARCH,0.2551936422982837,2.584277582121603,,2013-03-05
FBHS,FBHS.W^E14,2013-03-07,ESG-EGARCH,0.2569614030430058,2.62020486721548,all,2013-03-05
FBHS,FBHS.W^E14,2013-03-07,ESG-EGARCH(E),0.2569614030430046,2.620204867215454,E,2013-03-05
FBHS,FBHS.W^E14,2013-03-07,ESG-EGARCH(G),0.2569614030430045,2.620204867215452,G,2013-03-05
FBHS,FBHS.W^E14,2013-03-07,ESG-EGARCH(S),0.2569614030430045,2.620204867215452,S,2013-03-05
FBHS,FBHS.W^E14,2013-03-07,ESG-GARCH,0.3382103219061987,4.539135787456133,all,2013-03-05
FBHS,FBHS.W^E14,2013-03-07,ESG-GARCH(E),0.338210321906199,4.539135787456141,E,2013-03-05
FBHS,FBHS.W^E14,2013-03-07,ESG-GARCH(G),0.3382103219061991,4.5391357874561455,G,2013-03-05
FBHS,FBHS.W^E14,2013-03-07,ESG-GARCH(S),0.3382103219061988,4.539135787456136,S,2013-03-05
FBHS,FBHS.W^E14,2013-03-07,ESG-GJR-GARCH,0.3369483837282711,4.505325924487865,all,2013-03-05
FBHS,FBHS.W^E14,2013-03-07,ESG-GJR-GARCH(E),0.3369483837282708,4.505325924487859,E,2013-03-05
FBHS,FBHS.W^E14,2013-03-07,ESG-GJR-GARCH(G),0.3369483837282708,4.5053259244878605,G,2013-03-05
FBHS,FBHS.W^E14,2013-03-07,ESG-GJR-GARCH(S),0.3369483837282707,4.505325924487856,S,2013-03-05
FBHS,FBHS.W^E14,2013-03-07,GARCH,0.3367536698386001,4.500120402768447,,2013-03-05
FBHS,FBHS.W^E14,2013-03-07,GJR-GARCH,0.3315466697531107,4.362031516840408,,2013-03-05
FBHS,FBHS.W^E14,2013-03-08,EGARCH,0.2551936422982837,2.584277582121603,,2013-03-05
FBHS,FBHS.W^E14,2013-03-08,ESG-EGARCH,0.2569614030430058,2.62020486721548,all,2013-03-05
FBHS,FBHS.W^E14,2013-03-08,ESG-EGARCH(E),0.2569614030430046,2.620204867215454,E,2013-03-05
FBHS,FBHS.W^E14,2013-03-08,ESG-EGARCH(G),0.2569614030430045,2.620204867215452,G,2013-03-05
FBHS,FBHS.W^E14,2013-03-08,ESG-EGARCH(S),0.2569614030430045,2.620204867215452,S,2013-03-05
FBHS,FBHS.W^E14,2013-03-08,ESG-GARCH,0.3382103219061987,4.539135787456133,all,2013-03-05
FBHS,FBHS.W^E14,2013-03-08,ESG-GARCH(E),0.338210321906199,4.539135787456141,E,2013-03-05
FBHS,FBHS.W^E14,2013-03-08,ESG-GARCH(G),0.3382103219061991,4.5391357874561455,G,2013-03-05
FBHS,FBHS.W^E14,2013-03-08,ESG-GARCH(S),0.3382103219061988,4.539135787456136,S,2013-03-05
FBHS,FBHS.W^E14,2013-03-08,ESG-GJR-GARCH,0.3369483837282711,4.505325924487865,all,2013-03-05
FBHS,FBHS.W^E14,2013-03-08,ESG-GJR-GARCH(E),0.3369483837282708,4.505325924487859,E,2013-03-05
FBHS,FBHS.W^E14,2013-03-08,ESG-GJR-GARCH(G),0.3369483837282708,4.5053259244878605,G,2013-03-05
FBHS,FBHS.W^E14,2013-03-08,ESG-GJR-GARCH(S),0.3369483837282707,4.505325924487856,S,2013-03-05
FBHS,FBHS.W^E14,2013-03-08,GARCH,0.3367536698386001,4.500120402768447,,2013-03-05
FBHS,FBHS.W^E14,2013-03-08,GJR-GARCH,0.3315466697531107,4.362031516840408,,2013-03-05
FBHS,FBHS.W^E14,2013-03-11,EGARCH,0.2551936422982837,2.584277582121603,,2013-03-05
FBHS,FBHS.W^E14,2013-03-11,ESG-EGARCH,0.2569614030430058,2.62020486721548,all,2013-03-05
FBHS,FBHS.W^E14,2013-03-11,ESG-EGARCH(E),0.2569614030430046,2.620204867215454,E,2013-03-05
FBHS,FBHS.W^E14,2013-03-11,ESG-EGARCH(G),0.2569614030430045,2.620204867215452,G,2013-03-05
FBHS,FBHS.W^E14,2013-03-11,ESG-EGARCH(S),0.2569614030430045,2.620204867215452,S,2013-03-05
FBHS,FBHS.W^E14,2013-03-11,ESG-GARCH,0.3382103219061987,4.539135787456133,all,2013-03-05
FBHS,FBHS.W^E14,2013-03-11,ESG-GARCH(E),0.338210321906199,4.539135787456141,E,2013-03-05
FBHS,FBHS.W^E14,2013-03-11,ESG-GARCH(G),0.3382103219061991,4.5391357874561455,G,2013-03-05
FBHS,FBHS.W^E14,2013-03-11,ESG-GARCH(S),0.3382103219061988,4.539135787456136,S,2013-03-05
FBHS,FBHS.W^E14,2013-03-11,ESG-GJR-GARCH,0.3369483837282711,4.505325924487865,all,2013-03-05
FBHS,FBHS.W^E14,2013-03-11,ESG-GJR-GARCH(E),0.3369483837282708,4.505325924487859,E,2013-03-05
FBHS,FBHS.W^E14,2013-03-11,ESG-GJR-GARCH(G),0.3369483837282708,4.5053259244878605,G,2013-03-05
FBHS,FBHS.W^E14,2013-03-11,ESG-GJR-GARCH(S),0.3369483837282707,4.505325924487856,S,2013-03-05
FBHS,FBHS.W^E14,2013-03-11,GARCH,0.3367536698386001,4.500120402768447,,2013-03-05
FBHS,FBHS.W^E14,2013-03-11,GJR-GARCH,0.3315466697531107,4.362031516840408,,2013-03-05
FBHS,FBHS.W^E14,2013-03-12,EGARCH,0.2551936422982837,2.584277582121603,,2013-03-05
FBHS,FBHS.W^E14,2013-03-12,ESG-EGARCH,0.2569614030430058,2.62020486721548,all,2013-03-05
FBHS,FBHS.W^E14,2013-03-12,ESG-EGARCH(E),0.2569614030430046,2.620204867215454,E,2013-03-05
FBHS,FBHS.W^E14,2013-03-12,ESG-EGARCH(G),0.2569614030430045,2.620204867215452,G,2013-03-05
FBHS,FBHS.W^E14,2013-03-12,ESG-EGARCH(S),0.2569614030430045,2.620204867215452,S,2013-03-05
FBHS,FBHS.W^E14,2013-03-12,ESG-GARCH,0.3382103219061987,4.539135787456133,all,2013-03-05
FBHS,FBHS.W^E14,2013-03-12,ESG-GARCH(E),0.338210321906199,4.539135787456141,E,2013-03-05
FBHS,FBHS.W^E14,2013-03-12,ESG-GARCH(G),0.3382103219061991,4.5391357874561455,G,2013-03-05
FBHS,FBHS.W^E14,2013-03-12,ESG-GARCH(S),0.3382103219061988,4.539135787456136,S,2013-03-05
FBHS,FBHS.W^E14,2013-03-12,ESG-GJR-GARCH,0.3369483837282711,4.505325924487865,all,2013-03-05
FBHS,FBHS.W^E14,2013-03-12,ESG-GJR-GARCH(E),0.3369483837282708,4.505325924487859,E,2013-03-05
FBHS,FBHS.W^E14,2013-03-12,ESG-GJR-GARCH(G),0.3369483837282708,4.5053259244878605,G,2013-03-05
FBHS,FBHS.W^E14,2013-03-12,ESG-GJR-GARCH(S),0.3369483837282707,4.505325924487856,S,2013-03-05
FBHS,FBHS.W^E14,2013-03-12,GARCH,0.3367536698386001,4.500120402768447,,2013-03-05
FBHS,FBHS.W^E14,2013-03-12,GJR-GARCH,0.3315466697531107,4.362031516840408,,2013-03-05
FBHS,FBHS.W^E14,2013-03-13,EGARCH,0.2551936422982837,2.584277582121603,,2013-03-05
FBHS,FBHS.W^E14,2013-03-13,ESG-EGARCH,0.2569614030430058,2.62020486721548,all,2013-03-05
FBHS,FBHS.W^E14,2013-03-13,ESG-EGARCH(E),0.2569614030430046,2.620204867215454,E,2013-03-05
FBHS,FBHS.W^E14,2013-03-13,ESG-EGARCH(G),0.2569614030430045,2.620204867215452,G,2013-03-05
FBHS,FBHS.W^E14,2013-03-13,ESG-EGARCH(S),0.2569614030430045,2.620204867215452,S,2013-03-05
FBHS,FBHS.W^E14,2013-03-13,ESG-GARCH,0.3382103219061987,4.539135787456133,all,2013-03-05
FBHS,FBHS.W^E14,2013-03-13,ESG-GARCH(E),0.338210321906199,4.539135787456141,E,2013-03-05
FBHS,FBHS.W^E14,2013-03-13,ESG-GARCH(G),0.3382103219061991,4.5391357874561455,G,2013-03-05
FBHS,FBHS.W^E14,2013-03-13,ESG-GARCH(S),0.3382103219061988,4.539135787456136,S,2013-03-05
FBHS,FBHS.W^E14,2013-03-13,ESG-GJR-GARCH,0.3369483837282711,4.505325924487865,all,2013-03-05
FBHS,FBHS.W^E14,2013-03-13,ESG-GJR-GARCH(E),0.3369483837282708,4.505325924487859,E,2013-03-05
FBHS,FBHS.W^E14,2013-03-13,ESG-GJR-GARCH(G),0.3369483837282708,4.5053259244878605,G,2013-03-05
FBHS,FBHS.W^E14,2013-03-13,ESG-GJR-GARCH(S),0.3369483837282707,4.505325924487856,S,2013-03-05
FBHS,FBHS.W^E14,2013-03-13,GARCH,0.3367536698386001,4.500120402768447,,2013-03-05
FBHS,FBHS.W^E14,2013-03-13,GJR-GARCH,0.3315466697531107,4.362031516840408,,2013-03-05
FBHS,FBHS.W^E14,2013-03-14,EGARCH,0.2551936422982837,2.584277582121603,,2013-03-05
FBHS,FBHS.W^E14,2013-03-14,ESG-EGARCH,0.2569614030430058,2.62020486721548,all,2013-03-05
FBHS,FBHS.W^E14,2013-03-14,ESG-EGARCH(E),0.2569614030430046,2.620204867215454,E,2013-03-05
FBHS,FBHS.W^E14,2013-03-14,ESG-EGARCH(G),0.2569614030430045,2.620204867215452,G,2013-03-05
FBHS,FBHS.W^E14,2013-03-14,ESG-EGARCH(S),0.2569614030430045,2.620204867215452,S,2013-03-05
FBHS,FBHS.W^E14,2013-03-14,ESG-GARCH,0.3382103219061987,4.539135787456133,all,2013-03-05
FBHS,FBHS.W^E14,2013-03-14,ESG-GARCH(E),0.338210321906199,4.539135787456141,E,2013-03-05
FBHS,FBHS.W^E14,2013-03-14,ESG-GARCH(G),0.3382103219061991,4.5391357874561455,G,2013-03-05
FBHS,FBHS.W^E14,2013-03-14,ESG-GARCH(S),0.3382103219061988,4.539135787456136,S,2013-03-05
FBHS,FBHS.W^E14,2013-03-14,ESG-GJR-GARCH,0.3369483837282711,4.505325924487865,all,2013-03-05
FBHS,FBHS.W^E14,2013-03-14,ESG-GJR-GARCH(E),0.3369483837282708,4.505325924487859,E,2013-03-05
FBHS,FBHS.W^E14,2013-03-14,ESG-GJR-GARCH(G),0.3369483837282708,4.5053259244878605,G,2013-03-05
FBHS,FBHS.W^E14,2013-03-14,ESG-GJR-GARCH(S),0.3369483837282707,4.505325924487856,S,2013-03-05
FBHS,FBHS.W^E14,2013-03-14,GARCH,0.3367536698386001,4.500120402768447,,2013-03-05
FBHS,FBHS.W^E14,2013-03-14,GJR-GARCH,0.3315466697531107,4.362031516840408,,2013-03-05
FBHS,FBHS.W^E14,2013-03-15,EGARCH,0.2551936422982837,2.584277582121603,,2013-03-05
FBHS,FBHS.W^E14,2013-03-15,ESG-EGARCH,0.2569614030430058,2.62020486721548,all,2013-03-05
FBHS,FBHS.W^E14,2013-03-15,ESG-EGARCH(E),0.2569614030430046,2.620204867215454,E,2013-03-05
FBHS,FBHS.W^E14,2013-03-15,ESG-EGARCH(G),0.2569614030430045,2.620204867215452,G,2013-03-05
FBHS,FBHS.W^E14,2013-03-15,ESG-EGARCH(S),0.2569614030430045,2.620204867215452,S,2013-03-05
FBHS,FBHS.W^E14,2013-03-15,ESG-GARCH,0.3382103219061987,4.539135787456133,all,2013-03-05
FBHS,FBHS.W^E14,2013-03-15,ESG-GARCH(E),0.338210321906199,4.539135787456141,E,2013-03-05
FBHS,FBHS.W^E14,2013-03-15,ESG-GARCH(G),0.3382103219061991,4.5391357874561455,G,2013-03-05
FBHS,FBHS.W^E14,2013-03-15,ESG-GARCH(S),0.3382103219061988,4.539135787456136,S,2013-03-05
FBHS,FBHS.W^E14,2013-03-15,ESG-GJR-GARCH,0.3369483837282711,4.505325924487865,all,2013-03-05
FBHS,FBHS.W^E14,2013-03-15,ESG-GJR-GARCH(E),0.3369483837282708,4.505325924487859,E,2013-03-05
FBHS,FBHS.W^E14,2013-03-15,ESG-GJR-GARCH(G),0.3369483837282708,4.5053259244878605,G,2013-03-05
FBHS,FBHS.W^E14,2013-03-15,ESG-GJR-GARCH(S),0.3369483837282707,4.505325924487856,S,2013-03-05
FBHS,FBHS.W^E14,2013-03-15,GARCH,0.3367536698386001,4.500120402768447,,2013-03-05
FBHS,FBHS.W^E14,2013-03-15,GJR-GARCH,0.3315466697531107,4.362031516840408,,2013-03-05
FBHS,FBHS.W^E14,2013-03-18,EGARCH,0.2551936422982837,2.584277582121603,,2013-03-05
FBHS,FBHS.W^E14,2013-03-18,ESG-EGARCH,0.2569614030430058,2.62020486721548,all,2013-03-05
FBHS,FBHS.W^E14,2013-03-18,ESG-EGARCH(E),0.2569614030430046,2.620204867215454,E,2013-03-05
FBHS,FBHS.W^E14,2013-03-18,ESG-EGARCH(G),0.2569614030430045,2.620204867215452,G,2013-03-05
FBHS,FBHS.W^E14,2013-03-18,ESG-EGARCH(S),0.2569614030430045,2.620204867215452,S,2013-03-05
FBHS,FBHS.W^E14,2013-03-18,ESG-GARCH,0.3382103219061987,4.539135787456133,all,2013-03-05
FBHS,FBHS.W^E14,2013-03-18,ESG-GARCH(E),0.338210321906199,4.539135787456141,E,2013-03-05
FBHS,FBHS.W^E14,2013-03-18,ESG-GARCH(G),0.3382103219061991,4.5391357874561455,G,2013-03-05
FBHS,FBHS.W^E14,2013-03-18,ESG-GARCH(S),0.3382103219061988,4.539135787456136,S,2013-03-05
FBHS,FBHS.W^E14,2013-03-18,ESG-GJR-GARCH,0.3369483837282711,4.505325924487865,all,2013-03-05
FBHS,FBHS.W^E14,2013-03-18,ESG-GJR-GARCH(E),0.3369483837282708,4.505325924487859,E,2013-03-05
FBHS,FBHS.W^E14,2013-03-18,ESG-GJR-GARCH(G),0.3369483837282708,4.5053259244878605,G,2013-03-05
FBHS,FBHS.W^E14,2013-03-18,ESG-GJR-GARCH(S),0.3369483837282707,4.505325924487856,S,2013-03-05
FBHS,FBHS.W^E14,2013-03-18,GARCH,0.3367536698386001,4.500120402768447,,2013-03-05
FBHS,FBHS.W^E14,2013-03-18,GJR-GARCH,0.3315466697531107,4.362031516840408,,2013-03-05
FBHS,FBHS.W^E14,2013-03-19,EGARCH,0.2551936422982837,2.584277582121603,,2013-03-05
FBHS,FBHS.W^E14,2013-03-19,ESG-EGARCH,0.2569614030430058,2.62020486721548,all,2013-03-05
FBHS,FBHS.W^E14,2013-03-19,ESG-EGARCH(E),0.2569614030430046,2.620204867215454,E,2013-03-05
FBHS,FBHS.W^E14,2013-03-19,ESG-EGARCH(G),0.2569614030430045,2.620204867215452,G,2013-03-05
FBHS,FBHS.W^E14,2013-03-19,ESG-EGARCH(S),0.2569614030430045,2.620204867215452,S,2013-03-05
FBHS,FBHS.W^E14,2013-03-19,ESG-GARCH,0.3382103219061987,4.539135787456133,all,2013-03-05
FBHS,FBHS.W^E14,2013-03-19,ESG-GARCH(E),0.338210321906199,4.539135787456141,E,2013-03-05
FBHS,FBHS.W^E14,2013-03-19,ESG-GARCH(G),0.3382103219061991,4.5391357874561455,G,2013-03-05
FBHS,FBHS.W^E14,2013-03-19,ESG-GARCH(S),0.3382103219061988,4.539135787456136,S,2013-03-05
FBHS,FBHS.W^E14,2013-03-19,ESG-GJR-GARCH,0.3369483837282711,4.505325924487865,all,2013-03-05
FBHS,FBHS.W^E14,2013-03-19,ESG-GJR-GARCH(E),0.3369483837282708,4.505325924487859,E,2013-03-05
FBHS,FBHS.W^E14,2013-03-19,ESG-GJR-GARCH(G),0.3369483837282708,4.5053259244878605,G,2013-03-05
FBHS,FBHS.W^E14,2013-03-19,ESG-GJR-GARCH(S),0.3369483837282707,4.505325924487856,S,2013-03-05
FBHS,FBHS.W^E14,2013-03-19,GARCH,0.3367536698386001,4.500120402768447,,2013-03-05
FBHS,FBHS.W^E14,2013-03-19,GJR-GARCH,0.3315466697531107,4.362031516840408,,2013-03-05
FBHS,FBHS.W^E14,2013-03-20,EGARCH,0.2551936422982837,2.584277582121603,,2013-03-05
FBHS,FBHS.W^E14,2013-03-20,ESG-EGARCH,0.2569614030430058,2.62020486721548,all,2013-03-05
FBHS,FBHS.W^E14,2013-03-20,ESG-EGARCH(E),0.2569614030430046,2.620204867215454,E,2013-03-05
FBHS,FBHS.W^E14,2013-03-20,ESG-EGARCH(G),0.2569614030430045,2.620204867215452,G,2013-03-05
FBHS,FBHS.W^E14,2013-03-20,ESG-EGARCH(S),0.2569614030430045,2.620204867215452,S,2013-03-05
FBHS,FBHS.W^E14,2013-03-20,ESG-GARCH,0.3382103219061987,4.539135787456133,all,2013-03-05
FBHS,FBHS.W^E14,2013-03-20,ESG-GARCH(E),0.338210321906199,4.539135787456141,E,2013-03-05
FBHS,FBHS.W^E14,2013-03-20,ESG-GARCH(G),0.3382103219061991,4.5391357874561455,G,2013-03-05
FBHS,FBHS.W^E14,2013-03-20,ESG-GARCH(S),0.3382103219061988,4.539135787456136,S,2013-03-05
FBHS,FBHS.W^E14,2013-03-20,ESG-GJR-GARCH,0.3369483837282711,4.505325924487865,all,2013-03-05
FBHS,FBHS.W^E14,2013-03-20,ESG-GJR-GARCH(E),0.3369483837282708,4.505325924487859,E,2013-03-05
FBHS,FBHS.W^E14,2013-03-20,ESG-GJR-GARCH(G),0.3369483837282708,4.5053259244878605,G,2013-03-05
FBHS,FBHS.W^E14,2013-03-20,ESG-GJR-GARCH(S),0.3369483837282707,4.505325924487856,S,2013-03-05
FBHS,FBHS.W^E14,2013-03-20,GARCH,0.3367536698386001,4.500120402768447,,2013-03-05
FBHS,FBHS.W^E14,2013-03-20,GJR-GARCH,0.3315466697531107,4.362031516840408,,2013-03-05
FBHS,FBHS.W^E14,2013-03-21,EGARCH,0.2551936422982837,2.584277582121603,,2013-03-05
FBHS,FBHS.W^E14,2013-03-21,ESG-EGARCH,0.2569614030430058,2.62020486721548,all,2013-03-05
FBHS,FBHS.W^E14,2013-03-21,ESG-EGARCH(E),0.2569614030430046,2.620204867215454,E,2013-03-05
FBHS,FBHS.W^E14,2013-03-21,ESG-EGARCH(G),0.2569614030430045,2.620204867215452,G,2013-03-05
FBHS,FBHS.W^E14,2013-03-21,ESG-EGARCH(S),0.2569614030430045,2.620204867215452,S,2013-03-05
FBHS,FBHS.W^E14,2013-03-21,ESG-GARCH,0.3382103219061987,4.539135787456133,all,2013-03-05
FBHS,FBHS.W^E14,2013-03-21,ESG-GARCH(E),0.338210321906199,4.539135787456141,E,2013-03-05
FBHS,FBHS.W^E14,2013-03-21,ESG-GARCH(G),0.3382103219061991,4.5391357874561455,G,2013-03-05
FBHS,FBHS.W^E14,2013-03-21,ESG-GARCH(S),0.3382103219061988,4.539135787456136,S,2013-03-05
FBHS,FBHS.W^E14,2013-03-21,ESG-GJR-GARCH,0.3369483837282711,4.505325924487865,all,2013-03-05
FBHS,FBHS.W^E14,2013-03-21,ESG-GJR-GARCH(E),0.3369483837282708,4.505325924487859,E,2013-03-05
FBHS,FBHS.W^E14,2013-03-21,ESG-GJR-GARCH(G),0.3369483837282708,4.5053259244878605,G,2013-03-05
FBHS,FBHS.W^E14,2013-03-21,ESG-GJR-GARCH(S),0.3369483837282707,4.505325924487856,S,2013-03-05
FBHS,FBHS.W^E14,2013-03-21,GARCH,0.3367536698386001,4.500120402768447,,2013-03-05
FBHS,FBHS.W^E14,2013-03-21,GJR-GARCH,0.3315466697531107,4.362031516840408,,2013-03-05
FBHS,FBHS.W^E14,2013-03-22,EGARCH,0.2551936422982837,2.584277582121603,,2013-03-05
FBHS,FBHS.W^E14,2013-03-22,ESG-EGARCH,0.2569614030430058,2.62020486721548,all,2013-03-05
FBHS,FBHS.W^E14,2013-03-22,ESG-EGARCH(E),0.2569614030430046,2.620204867215454,E,2013-03-05
FBHS,FBHS.W^E14,2013-03-22,ESG-EGARCH(G),0.2569614030430045,2.620204867215452,G,2013-03-05
FBHS,FBHS.W^E14,2013-03-22,ESG-EGARCH(S),0.2569614030430045,2.620204867215452,S,2013-03-05
FBHS,FBHS.W^E14,2013-03-22,ESG-GARCH,0.3382103219061987,4.539135787456133,all,2013-03-05
FBHS,FBHS.W^E14,2013-03-22,ESG-GARCH(E),0.338210321906199,4.539135787456141,E,2013-03-05
FBHS,FBHS.W^E14,2013-03-22,ESG-GARCH(G),0.3382103219061991,4.5391357874561455,G,2013-03-05
FBHS,FBHS.W^E14,2013-03-22,ESG-GARCH(S),0.3382103219061988,4.539135787456136,S,2013-03-05
FBHS,FBHS.W^E14,2013-03-22,ESG-GJR-GARCH,0.3369483837282711,4.505325924487865,all,2013-03-05
FBHS,FBHS.W^E14,2013-03-22,ESG-GJR-GARCH(E),0.3369483837282708,4.505325924487859,E,2013-03-05
FBHS,FBHS.W^E14,2013-03-22,ESG-GJR-GARCH(G),0.3369483837282708,4.5053259244878605,G,2013-03-05
FBHS,FBHS.W^E14,2013-03-22,ESG-GJR-GARCH(S),0.3369483837282707,4.505325924487856,S,2013-03-05
FBHS,FBHS.W^E14,2013-03-22,GARCH,0.3367536698386001,4.500120402768447,,2013-03-05
FBHS,FBHS.W^E14,2013-03-22,GJR-GARCH,0.3315466697531107,4.362031516840408,,2013-03-05
FBHS,FBHS.W^E14,2013-03-25,EGARCH,0.2551936422982837,2.584277582121603,,2013-03-05
FBHS,FBHS.W^E14,2013-03-25,ESG-EGARCH,0.2569614030430058,2.62020486721548,all,2013-03-05
FBHS,FBHS.W^E14,2013-03-25,ESG-EGARCH(E),0.2569614030430046,2.620204867215454,E,2013-03-05
FBHS,FBHS.W^E14,2013-03-25,ESG-EGARCH(G),0.2569614030430045,2.620204867215452,G,2013-03-05
FBHS,FBHS.W^E14,2013-03-25,ESG-EGARCH(S),0.2569614030430045,2.620204867215452,S,2013-03-05
FBHS,FBHS.W^E14,2013-03-25,ESG-GARCH,0.3382103219061987,4.539135787456133,all,2013-03-05
FBHS,FBHS.W^E14,2013-03-25,ESG-GARCH(E),0.338210321906199,4.539135787456141,E,2013-03-05
FBHS,FBHS.W^E14,2013-03-25,ESG-GARCH(G),0.3382103219061991,4.5391357874561455,G,2013-03-05
FBHS,FBHS.W^E14,2013-03-25,ESG-GARCH(S),0.3382103219061988,4.539135787456136,S,2013-03-05
FBHS,FBHS.W^E14,2013-03-25,ESG-GJR-GARCH,0.3369483837282711,4.505325924487865,all,2013-03-05
FBHS,FBHS.W^E14,2013-03-25,ESG-GJR-GARCH(E),0.3369483837282708,4.505325924487859,E,2013-03-05
FBHS,FBHS.W^E14,2013-03-25,ESG-GJR-GARCH(G),0.3369483837282708,4.5053259244878605,G,2013-03-05
FBHS,FBHS.W^E14,2013-03-25,ESG-GJR-GARCH(S),0.3369483837282707,4.505325924487856,S,2013-03-05
FBHS,FBHS.W^E14,2013-03-25,GARCH,0.3367536698386001,4.500120402768447,,2013-03-05
FBHS,FBHS.W^E14,2013-03-25,GJR-GARCH,0.3315466697531107,4.362031516840408,,2013-03-05
FBHS,FBHS.W^E14,2013-03-26,EGARCH,0.2551936422982837,2.584277582121603,,2013-03-05
FBHS,FBHS.W^E14,2013-03-26,ESG-EGARCH,0.2569614030430058,2.62020486721548,all,2013-03-05
FBHS,FBHS.W^E14,2013-03-26,ESG-EGARCH(E),0.2569614030430046,2.620204867215454,E,2013-03-05
FBHS,FBHS.W^E14,2013-03-26,ESG-EGARCH(G),0.2569614030430045,2.620204867215452,G,2013-03-05
FBHS,FBHS.W^E14,2013-03-26,ESG-EGARCH(S),0.2569614030430045,2.620204867215452,S,2013-03-05
FBHS,FBHS.W^E14,2013-03-26,ESG-GARCH,0.3382103219061987,4.539135787456133,all,2013-03-05
FBHS,FBHS.W^E14,2013-03-26,ESG-GARCH(E),0.338210321906199,4.539135787456141,E,2013-03-05
FBHS,FBHS.W^E14,2013-03-26,ESG-GARCH(G),0.3382103219061991,4.5391357874561455,G,2013-03-05
FBHS,FBHS.W^E14,2013-03-26,ESG-GARCH(S),0.3382103219061988,4.539135787456136,S,2013-03-05
FBHS,FBHS.W^E14,2013-03-26,ESG-GJR-GARCH,0.3369483837282711,4.505325924487865,all,2013-03-05
FBHS,FBHS.W^E14,2013-03-26,ESG-GJR-GARCH(E),0.3369483837282708,4.505325924487859,E,2013-03-05
FBHS,FBHS.W^E14,2013-03-26,ESG-GJR-GARCH(G),0.3369483837282708,4.5053259244878605,G,2013-03-05
FBHS,FBHS.W^E14,2013-03-26,ESG-GJR-GARCH(S),0.3369483837282707,4.505325924487856,S,2013-03-05
FBHS,FBHS.W^E14,2013-03-26,GARCH,0.3367536698386001,4.500120402768447,,2013-03-05
FBHS,FBHS.W^E14,2013-03-26,GJR-GARCH,0.3315466697531107,4.362031516840408,,2013-03-05
FBHS,FBHS.W^E14,2013-03-27,EGARCH,0.2551936422982837,2.584277582121603,,2013-03-05
FBHS,FBHS.W^E14,2013-03-27,ESG-EGARCH,0.2569614030430058,2.62020486721548,all,2013-03-05
FBHS,FBHS.W^E14,2013-03-27,ESG-EGARCH(E),0.2569614030430046,2.620204867215454,E,2013-03-05
FBHS,FBHS.W^E14,2013-03-27,ESG-EGARCH(G),0.2569614030430045,2.620204867215452,G,2013-03-05
FBHS,FBHS.W^E14,2013-03-27,ESG-EGARCH(S),0.2569614030430045,2.620204867215452,S,2013-03-05
FBHS,FBHS.W^E14,2013-03-27,ESG-GARCH,0.3382103219061987,4.539135787456133,all,2013-03-05
FBHS,FBHS.W^E14,2013-03-27,ESG-GARCH(E),0.338210321906199,4.539135787456141,E,2013-03-05
FBHS,FBHS.W^E14,2013-03-27,ESG-GARCH(G),0.3382103219061991,4.5391357874561455,G,2013-03-05
FBHS,FBHS.W^E14,2013-03-27,ESG-GARCH(S),0.3382103219061988,4.539135787456136,S,2013-03-05
FBHS,FBHS.W^E14,2013-03-27,ESG-GJR-GARCH,0.3369483837282711,4.505325924487865,all,2013-03-05
FBHS,FBHS.W^E14,2013-03-27,ESG-GJR-GARCH(E),0.3369483837282708,4.505325924487859,E,2013-03-05
FBHS,FBHS.W^E14,2013-03-27,ESG-GJR-GARCH(G),0.3369483837282708,4.5053259244878605,G,2013-03-05
FBHS,FBHS.W^E14,2013-03-27,ESG-GJR-GARCH(S),0.3369483837282707,4.505325924487856,S,2013-03-05
FBHS,FBHS.W^E14,2013-03-27,GARCH,0.3367536698386001,4.500120402768447,,2013-03-05
FBHS,FBHS.W^E14,2013-03-27,GJR-GARCH,0.3315466697531107,4.362031516840408,,2013-03-05
FBHS,FBHS.W^E14,2013-03-28,EGARCH,0.2551936422982837,2.584277582121603,,2013-03-05
FBHS,FBHS.W^E14,2013-03-28,ESG-EGARCH,0.2569614030430058,2.62020486721548,all,2013-03-05
FBHS,FBHS.W^E14,2013-03-28,ESG-EGARCH(E),0.2569614030430046,2.620204867215454,E,2013-03-05
FBHS,FBHS.W^E14,2013-03-28,ESG-EGARCH(G),0.2569614030430045,2.620204867215452,G,2013-03-05
FBHS,FBHS.W^E14,2013-03-28,ESG-EGARCH(S),0.2569614030430045,2.620204867215452,S,2013-03-05
FBHS,FBHS.W^E14,2013-03-28,ESG-GARCH,0.3382103219061987,4.539135787456133,all,2013-03-05
FBHS,FBHS.W^E14,2013-03-28,ESG-GARCH(E),0.338210321906199,4.539135787456141,E,2013-03-05
FBHS,FBHS.W^E14,2013-03-28,ESG-GARCH(G),0.3382103219061991,4.5391357874561455,G,2013-03-05
FBHS,FBHS.W^E14,2013-03-28,ESG-GARCH(S),0.3382103219061988,4.539135787456136,S,2013-03-05
FBHS,FBHS.W^E14,2013-03-28,ESG-GJR-GARCH,0.3369483837282711,4.505325924487865,all,2013-03-05
FBHS,FBHS.W^E14,2013-03-28,ESG-GJR-GARCH(E),0.3369483837282708,4.505325924487859,E,2013-03-05
FBHS,FBHS.W^E14,2013-03-28,ESG-GJR-GARCH(G),0.3369483837282708,4.5053259244878605,G,2013-03-05
FBHS,FBHS.W^E14,2013-03-28,ESG-GJR-GARCH(S),0.3369483837282707,4.505325924487856,S,2013-03-05
FBHS,FBHS.W^E14,2013-03-28,GARCH,0.3367536698386001,4.500120402768447,,2013-03-05
FBHS,FBHS.W^E14,2013-03-28,GJR-GARCH,0.3315466697531107,4.362031516840408,,2013-03-05
FBHS,FBHS.W^E14,2013-04-01,EGARCH,0.2551936422982837,2.584277582121603,,2013-03-05
FBHS,FBHS.W^E14,2013-04-01,ESG-EGARCH,0.2569614030430058,2.62020486721548,all,2013-03-05
FBHS,FBHS.W^E14,2013-04-01,ESG-EGARCH(E),0.2569614030430046,2.620204867215454,E,2013-03-05
FBHS,FBHS.W^E14,2013-04-01,ESG-EGARCH(G),0.2569614030430045,2.620204867215452,G,2013-03-05
FBHS,FBHS.W^E14,2013-04-01,ESG-EGARCH(S),0.2569614030430045,2.620204867215452,S,2013-03-05
FBHS,FBHS.W^E14,2013-04-01,ESG-GARCH,0.3382103219061987,4.539135787456133,all,2013-03-05
FBHS,FBHS.W^E14,2013-04-01,ESG-GARCH(E),0.338210321906199,4.539135787456141,E,2013-03-05
FBHS,FBHS.W^E14,2013-04-01,ESG-GARCH(G),0.3382103219061991,4.5391357874561455,G,2013-03-05
FBHS,FBHS.W^E14,2013-04-01,ESG-GARCH(S),0.3382103219061988,4.539135787456136,S,2013-03-05
FBHS,FBHS.W^E14,2013-04-01,ESG-GJR-GARCH,0.3369483837282711,4.505325924487865,all,2013-03-05
FBHS,FBHS.W^E14,2013-04-01,ESG-GJR-GARCH(E),0.3369483837282708,4.505325924487859,E,2013-03-05
FBHS,FBHS.W^E14,2013-04-01,ESG-GJR-GARCH(G),0.3369483837282708,4.5053259244878605,G,2013-03-05
FBHS,FBHS.W^E14,2013-04-01,ESG-GJR-GARCH(S),0.3369483837282707,4.505325924487856,S,2013-03-05
FBHS,FBHS.W^E14,2013-04-01,GARCH,0.3367536698386001,4.500120402768447,,2013-03-05
FBHS,FBHS.W^E14,2013-04-01,GJR-GARCH,0.3315466697531107,4.362031516840408,,2013-03-05
FBHS,FBHS.W^E14,2013-04-02,EGARCH,0.2551936422982837,2.584277582121603,,2013-03-05
FBHS,FBHS.W^E14,2013-04-02,ESG-EGARCH,0.2569614030430058,2.62020486721548,all,2013-03-05
FBHS,FBHS.W^E14,2013-04-02,ESG-EGARCH(E),0.2569614030430046,2.620204867215454,E,2013-03-05
FBHS,FBHS.W^E14,2013-04-02,ESG-EGARCH(G),0.2569614030430045,2.620204867215452,G,2013-03-05
FBHS,FBHS.W^E14,2013-04-02,ESG-EGARCH(S),0.2569614030430045,2.620204867215452,S,2013-03-05
FBHS,FBHS.W^E14,2013-04-02,ESG-GARCH,0.3382103219061987,4.539135787456133,all,2013-03-05
FBHS,FBHS.W^E14,2013-04-02,ESG-GARCH(E),0.338210321906199,4.539135787456141,E,2013-03-05
FBHS,FBHS.W^E14,2013-04-02,ESG-GARCH(G),0.3382103219061991,4.5391357874561455,G,2013-03-05
FBHS,FBHS.W^E14,2013-04-02,ESG-GARCH(S),0.3382103219061988,4.539135787456136,S,2013-03-05
FBHS,FBHS.W^E14,2013-04-02,ESG-GJR-GARCH,0.3369483837282711,4.505325924487865,all,2013-03-05
FBHS,FBHS.W^E14,2013-04-02,ESG-GJR-GARCH(E),0.3369483837282708,4.505325924487859,E,2013-03-05
FBHS,FBHS.W^E14,2013-04-02,ESG-GJR-GARCH(G),0.3369483837282708,4.5053259244878605,G,2013-03-05
FBHS,FBHS.W^E14,2013-04-02,ESG-GJR-GARCH(S),0.3369483837282707,4.505325924487856,S,2013-03-05
FBHS,FBHS.W^E14,2013-04-02,GARCH,0.3367536698386001,4.500120402768447,,2013-03-05
FBHS,FBHS.W^E14,2013-04-02,GJR-GARCH,0.3315466697531107,4.362031516840408,,2013-03-05
FBHS,FBHS.W^E14,2013-04-03,EGARCH,0.2551936422982837,2.584277582121603,,2013-03-05
FBHS,FBHS.W^E14,2013-04-03,ESG-EGARCH,0.2569614030430058,2.62020486721548,all,2013-03-05
FBHS,FBHS.W^E14,2013-04-03,ESG-EGARCH(E),0.2569614030430046,2.620204867215454,E,2013-03-05
FBHS,FBHS.W^E14,2013-04-03,ESG-EGARCH(G),0.2569614030430045,2.620204867215452,G,2013-03-05
FBHS,FBHS.W^E14,2013-04-03,ESG-EGARCH(S),0.2569614030430045,2.620204867215452,S,2013-03-05
FBHS,FBHS.W^E14,2013-04-03,ESG-GARCH,0.3382103219061987,4.539135787456133,all,2013-03-05
FBHS,FBHS.W^E14,2013-04-03,ESG-GARCH(E),0.338210321906199,4.539135787456141,E,2013-03-05
FBHS,FBHS.W^E14,2013-04-03,ESG-GARCH(G),0.3382103219061991,4.5391357874561455,G,2013-03-05
FBHS,FBHS.W^E14,2013-04-03,ESG-GARCH(S),0.3382103219061988,4.539135787456136,S,2013-03-05
FBHS,FBHS.W^E14,2013-04-03,ESG-GJR-GARCH,0.3369483837282711,4.505325924487865,all,2013-03-05
FBHS,FBHS.W^E14,2013-04-03,ESG-GJR-GARCH(E),0.3369483837282708,4.505325924487859,E,2013-03-05
FBHS,FBHS.W^E14,2013-04-03,ESG-GJR-GARCH(G),0.3369483837282708,4.5053259244878605,G,2013-03-05
FBHS,FBHS.W^E14,2013-04-03,ESG-GJR-GARCH(S),0.3369483837282707,4.505325924487856,S,2013-03-05
FBHS,FBHS.W^E14,2013-04-03,GARCH,0.3367536698386001,4.500120402768447,,2013-03-05
FBHS,FBHS.W^E14,2013-04-03,GJR-GARCH,0.3315466697531107,4.362031516840408,,2013-03-05
FBHS,FBHS.W^E14,2013-04-04,EGARCH,0.2551936422982837,2.584277582121603,,2013-03-05
FBHS,FBHS.W^E14,2013-04-04,ESG-EGARCH,0.2569614030430058,2.62020486721548,all,2013-03-05
FBHS,FBHS.W^E14,2013-04-04,ESG-EGARCH(E),0.2569614030430046,2.620204867215454,E,2013-03-05
FBHS,FBHS.W^E14,2013-04-04,ESG-EGARCH(G),0.2569614030430045,2.620204867215452,G,2013-03-05
FBHS,FBHS.W^E14,2013-04-04,ESG-EGARCH(S),0.2569614030430045,2.620204867215452,S,2013-03-05
FBHS,FBHS.W^E14,2013-04-04,ESG-GARCH,0.3382103219061987,4.539135787456133,all,2013-03-05
FBHS,FBHS.W^E14,2013-04-04,ESG-GARCH(E),0.338210321906199,4.539135787456141,E,2013-03-05
FBHS,FBHS.W^E14,2013-04-04,ESG-GARCH(G),0.3382103219061991,4.5391357874561455,G,2013-03-05
FBHS,FBHS.W^E14,2013-04-04,ESG-GARCH(S),0.3382103219061988,4.539135787456136,S,2013-03-05
FBHS,FBHS.W^E14,2013-04-04,ESG-GJR-GARCH,0.3369483837282711,4.505325924487865,all,2013-03-05
FBHS,FBHS.W^E14,2013-04-04,ESG-GJR-GARCH(E),0.3369483837282708,4.505325924487859,E,2013-03-05
FBHS,FBHS.W^E14,2013-04-04,ESG-GJR-GARCH(G),0.3369483837282708,4.5053259244878605,G,2013-03-05
FBHS,FBHS.W^E14,2013-04-04,ESG-GJR-GARCH(S),0.3369483837282707,4.505325924487856,S,2013-03-05
FBHS,FBHS.W^E14,2013-04-04,GARCH,0.3367536698386001,4.500120402768447,,2013-03-05
FBHS,FBHS.W^E14,2013-04-04,GJR-GARCH,0.3315466697531107,4.362031516840408,,2013-03-05
FBHS,FBHS.W^E14,2013-04-05,EGARCH,0.2624400329324626,2.733125828793336,,2013-04-05
FBHS,FBHS.W^E14,2013-04-05,ESG-EGARCH,0.2630497686735958,2.745840507906044,all,2013-04-05
FBHS,FBHS.W^E14,2013-04-05,ESG-EGARCH(E),0.2630497686735951,2.745840507906028,E,2013-04-05
FBHS,FBHS.W^E14,2013-04-05,ESG-EGARCH(G),0.263049768673595,2.745840507906026,G,2013-04-05
FBHS,FBHS.W^E14,2013-04-05,ESG-EGARCH(S),0.263049768673595,2.745840507906025,S,2013-04-05
FBHS,FBHS.W^E14,2013-04-05,ESG-GARCH,0.3504005264033269,4.87224321046542,all,2013-04-05
FBHS,FBHS.W^E14,2013-04-05,ESG-GARCH(E),0.3504005264033271,4.872243210465426,E,2013-04-05
FBHS,FBHS.W^E14,2013-04-05,ESG-GARCH(G),0.3504005264033271,4.872243210465425,G,2013-04-05
FBHS,FBHS.W^E14,2013-04-05,ESG-GARCH(S),0.3504005264033271,4.872243210465425,S,2013-04-05
FBHS,FBHS.W^E14,2013-04-05,ESG-GJR-GARCH,0.3857333945499763,5.904375066311415,all,2013-04-05
FBHS,FBHS.W^E14,2013-04-05,ESG-GJR-GARCH(E),0.3857333945499764,5.904375066311421,E,2013-04-05
FBHS,FBHS.W^E14,2013-04-05,ESG-GJR-GARCH(G),0.3857333945499767,5.904375066311428,G,2013-04-05
FBHS,FBHS.W^E14,2013-04-05,ESG-GJR-GARCH(S),0.3857333945499768,5.9043750663114345,S,2013-04-05
FBHS,FBHS.W^E14,2013-04-05,GARCH,0.3479716753781211,4.804932018470496,,2013-04-05
FBHS,FBHS.W^E14,2013-04-05,GJR-GARCH,0.3848397743706336,5.877049680065088,,2013-04-05
FBHS,FBHS.W^E14,2013-04-08,EGARCH,0.2624400329324626,2.733125828793336,,2013-04-05
FBHS,FBHS.W^E14,2013-04-08,ESG-EGARCH,0.2630497686735958,2.745840507906044,all,2013-04-05
FBHS,FBHS.W^E14,2013-04-08,ESG-EGARCH(E),0.2630497686735951,2.745840507906028,E,2013-04-05
FBHS,FBHS.W^E14,2013-04-08,ESG-EGARCH(G),0.263049768673595,2.745840507906026,G,2013-04-05
FBHS,FBHS.W^E14,2013-04-08,ESG-EGARCH(S),0.263049768673595,2.745840507906025,S,2013-04-05
FBHS,FBHS.W^E14,2013-04-08,ESG-GARCH,0.3504005264033269,4.87224321046542,all,2013-04-05
FBHS,FBHS.W^E14,2013-04-08,ESG-GARCH(E),0.3504005264033271,4.872243210465426,E,2013-04-05
FBHS,FBHS.W^E14,2013-04-08,ESG-GARCH(G),0.3504005264033271,4.872243210465425,G,2013-04-05
FBHS,FBHS.W^E14,2013-04-08,ESG-GARCH(S),0.3504005264033271,4.872243210465425,S,2013-04-05
FBHS,FBHS.W^E14,2013-04-08,ESG-GJR-GARCH,0.3857333945499763,5.904375066311415,all,2013-04-05
FBHS,FBHS.W^E14,2013-04-08,ESG-GJR-GARCH(E),0.3857333945499764,5.904375066311421,E,2013-04-05
FBHS,FBHS.W^E14,2013-04-08,ESG-GJR-GARCH(G),0.3857333945499767,5.904375066311428,G,2013-04-05
FBHS,FBHS.W^E14,2013-04-08,ESG-GJR-GARCH(S),0.3857333945499768,5.9043750663114345,S,2013-04-05
FBHS,FBHS.W^E14,2013-04-08,GARCH,0.3479716753781211,4.804932018470496,,2013-04-05
FBHS,FBHS.W^E14,2013-04-08,GJR-GARCH,0.3848397743706336,5.877049680065088,,2013-04-05
FBHS,FBHS.W^E14,2013-04-09,EGARCH,0.2624400329324626,2.733125828793336,,2013-04-05
FBHS,FBHS.W^E14,2013-04-09,ESG-EGARCH,0.2630497686735958,2.745840507906044,all,2013-04-05
FBHS,FBHS.W^E14,2013-04-09,ESG-EGARCH(E),0.2630497686735951,2.745840507906028,E,2013-04-05
FBHS,FBHS.W^E14,2013-04-09,ESG-EGARCH(G),0.263049768673595,2.745840507906026,G,2013-04-05
FBHS,FBHS.W^E14,2013-04-09,ESG-EGARCH(S),0.263049768673595,2.745840507906025,S,2013-04-05
FBHS,FBHS.W^E14,2013-04-09,ESG-GARCH,0.3504005264033269,4.87224321046542,all,2013-04-05
FBHS,FBHS.W^E14,2013-04-09,ESG-GARCH(E),0.3504005264033271,4.872243210465426,E,2013-04-05
FBHS,FBHS.W^E14,2013-04-09,ESG-GARCH(G),0.3504005264033271,4.872243210465425,G,2013-04-05
FBHS,FBHS.W^E14,2013-04-09,ESG-GARCH(S),0.3504005264033271,4.872243210465425,S,2013-04-05
FBHS,FBHS.W^E14,2013-04-09,ESG-GJR-GARCH,0.3857333945499763,5.904375066311415,all,2013-04-05
FBHS,FBHS.W^E14,2013-04-09,ESG-GJR-GARCH(E),0.3857333945499764,5.904375066311421,E,2013-04-05
FBHS,FBHS.W^E14,2013-04-09,ESG-GJR-GARCH(G),0.3857333945499767,5.904375066311428,G,2013-04-05
FBHS,FBHS.W^E14,2013-04-09,ESG-GJR-GARCH(S),0.3857333945499768,5.9043750663114345,S,2013-04-05
FBHS,FBHS.W^E14,2013-04-09,GARCH,0.3479716753781211,4.804932018470496,,2013-04-05
FBHS,FBHS.W^E14,2013-04-09,GJR-GARCH,0.3848397743706336,5.877049680065088,,2013-04-05
FBHS,FBHS.W^E14,2013-04-10,EGARCH,0.2624400329324626,2.733125828793336,,2013-04-05
FBHS,FBHS.W^E14,2013-04-10,ESG-EGARCH,0.2630497686735958,2.745840507906044,all,2013-04-05
FBHS,FBHS.W^E14,2013-04-10,ESG-EGARCH(E),0.2630497686735951,2.745840507906028,E,2013-04-05
FBHS,FBHS.W^E14,2013-04-10,ESG-EGARCH(G),0.263049768673595,2.745840507906026,G,2013-04-05
FBHS,FBHS.W^E14,2013-04-10,ESG-EGARCH(S),0.263049768673595,2.745840507906025,S,2013-04-05
FBHS,FBHS.W^E14,2013-04-10,ESG-GARCH,0.3504005264033269,4.87224321046542,all,2013-04-05
FBHS,FBHS.W^E14,2013-04-10,ESG-GARCH(E),0.3504005264033271,4.872243210465426,E,2013-04-05
FBHS,FBHS.W^E14,2013-04-10,ESG-GARCH(G),0.3504005264033271,4.872243210465425,G,2013-04-05
FBHS,FBHS.W^E14,2013-04-10,ESG-GARCH(S),0.3504005264033271,4.872243210465425,S,2013-04-05
FBHS,FBHS.W^E14,2013-04-10,ESG-GJR-GARCH,0.3857333945499763,5.904375066311415,all,2013-04-05
FBHS,FBHS.W^E14,2013-04-10,ESG-GJR-GARCH(E),0.3857333945499764,5.904375066311421,E,2013-04-05
FBHS,FBHS.W^E14,2013-04-10,ESG-GJR-GARCH(G),0.3857333945499767,5.904375066311428,G,2013-04-05
FBHS,FBHS.W^E14,2013-04-10,ESG-GJR-GARCH(S),0.3857333945499768,5.9043750663114345,S,2013-04-05
FBHS,FBHS.W^E14,2013-04-10,GARCH,0.3479716753781211,4.804932018470496,,2013-04-05
FBHS,FBHS.W^E14,2013-04-10,GJR-GARCH,0.3848397743706336,5.877049680065088,,2013-04-05
FBHS,FBHS.W^E14,2013-04-11,EGARCH,0.2624400329324626,2.733125828793336,,2013-04-05
FBHS,FBHS.W^E14,2013-04-11,ESG-EGARCH,0.2630497686735958,2.745840507906044,all,2013-04-05
FBHS,FBHS.W^E14,2013-04-11,ESG-EGARCH(E),0.2630497686735951,2.745840507906028,E,2013-04-05
FBHS,FBHS.W^E14,2013-04-11,ESG-EGARCH(G),0.263049768673595,2.745840507906026,G,2013-04-05
FBHS,FBHS.W^E14,2013-04-11,ESG-EGARCH(S),0.263049768673595,2.745840507906025,S,2013-04-05
FBHS,FBHS.W^E14,2013-04-11,ESG-GARCH,0.3504005264033269,4.87224321046542,all,2013-04-05
FBHS,FBHS.W^E14,2013-04-11,ESG-GARCH(E),0.3504005264033271,4.872243210465426,E,2013-04-05
FBHS,FBHS.W^E14,2013-04-11,ESG-GARCH(G),0.3504005264033271,4.872243210465425,G,2013-04-05
FBHS,FBHS.W^E14,2013-04-11,ESG-GARCH(S),0.3504005264033271,4.872243210465425,S,2013-04-05
FBHS,FBHS.W^E14,2013-04-11,ESG-GJR-GARCH,0.3857333945499763,5.904375066311415,all,2013-04-05
FBHS,FBHS.W^E14,2013-04-11,ESG-GJR-GARCH(E),0.3857333945499764,5.904375066311421,E,2013-04-05
FBHS,FBHS.W^E14,2013-04-11,ESG-GJR-GARCH(G),0.3857333945499767,5.904375066311428,G,2013-04-05
FBHS,FBHS.W^E14,2013-04-11,ESG-GJR-GARCH(S),0.3857333945499768,5.9043750663114345,S,2013-04-05
FBHS,FBHS.W^E14,2013-04-11,GARCH,0.3479716753781211,4.804932018470496,,2013-04-05
FBHS,FBHS.W^E14,2013-04-11,GJR-GARCH,0.3848397743706336,5.877049680065088,,2013-04-05
FBHS,FBHS.W^E14,2013-04-12,EGARCH,0.2624400329324626,2.733125828793336,,2013-04-05
FBHS,FBHS.W^E14,2013-04-12,ESG-EGARCH,0.2630497686735958,2.745840507906044,all,2013-04-05
FBHS,FBHS.W^E14,2013-04-12,ESG-EGARCH(E),0.2630497686735951,2.745840507906028,E,2013-04-05
FBHS,FBHS.W^E14,2013-04-12,ESG-EGARCH(G),0.263049768673595,2.745840507906026,G,2013-04-05
FBHS,FBHS.W^E14,2013-04-12,ESG-EGARCH(S),0.263049768673595,2.745840507906025,S,2013-04-05
FBHS,FBHS.W^E14,2013-04-12,ESG-GARCH,0.3504005264033269,4.87224321046542,all,2013-04-05
FBHS,FBHS.W^E14,2013-04-12,ESG-GARCH(E),0.3504005264033271,4.872243210465426,E,2013-04-05
FBHS,FBHS.W^E14,2013-04-12,ESG-GARCH(G),0.3504005264033271,4.872243210465425,G,2013-04-05
FBHS,FBHS.W^E14,2013-04-12,ESG-GARCH(S),0.3504005264033271,4.872243210465425,S,2013-04-05
FBHS,FBHS.W^E14,2013-04-12,ESG-GJR-GARCH,0.3857333945499763,5.904375066311415,all,2013-04-05
FBHS,FBHS.W^E14,2013-04-12,ESG-GJR-GARCH(E),0.3857333945499764,5.904375066311421,E,2013-04-05
FBHS,FBHS.W^E14,2013-04-12,ESG-GJR-GARCH(G),0.3857333945499767,5.904375066311428,G,2013-04-05
FBHS,FBHS.W^E14,2013-04-12,ESG-GJR-GARCH(S),0.3857333945499768,5.9043750663114345,S,2013-04-05
FBHS,FBHS.W^E14,2013-04-12,GARCH,0.3479716753781211,4.804932018470496,,2013-04-05
FBHS,FBHS.W^E14,2013-04-12,GJR-GARCH,0.3848397743706336,5.877049680065088,,2013-04-05
FBHS,FBHS.W^E14,2013-04-15,EGARCH,0.2624400329324626,2.733125828793336,,2013-04-05
FBHS,FBHS.W^E14,2013-04-15,ESG-EGARCH,0.2630497686735958,2.745840507906044,all,2013-04-05
FBHS,FBHS.W^E14,2013-04-15,ESG-EGARCH(E),0.2630497686735951,2.745840507906028,E,2013-04-05
FBHS,FBHS.W^E14,2013-04-15,ESG-EGARCH(G),0.263049768673595,2.745840507906026,G,2013-04-05
FBHS,FBHS.W^E14,2013-04-15,ESG-EGARCH(S),0.263049768673595,2.745840507906025,S,2013-04-05
FBHS,FBHS.W^E14,2013-04-15,ESG-GARCH,0.3504005264033269,4.87224321046542,all,2013-04-05
FBHS,FBHS.W^E14,2013-04-15,ESG-GARCH(E),0.3504005264033271,4.872243210465426,E,2013-04-05
FBHS,FBHS.W^E14,2013-04-15,ESG-GARCH(G),0.3504005264033271,4.872243210465425,G,2013-04-05
FBHS,FBHS.W^E14,2013-04-15,ESG-GARCH(S),0.3504005264033271,4.872243210465425,S,2013-04-05
FBHS,FBHS.W^E14,2013-04-15,ESG-GJR-GARCH,0.3857333945499763,5.904375066311415,all,2013-04-05
FBHS,FBHS.W^E14,2013-04-15,ESG-GJR-GARCH(E),0.3857333945499764,5.904375066311421,E,2013-04-05
FBHS,FBHS.W^E14,2013-04-15,ESG-GJR-GARCH(G),0.3857333945499767,5.904375066311428,G,2013-04-05
FBHS,FBHS.W^E14,2013-04-15,ESG-GJR-GARCH(S),0.3857333945499768,5.9043750663114345,S,2013-04-05
FBHS,FBHS.W^E14,2013-04-15,GARCH,0.3479716753781211,4.804932018470496,,2013-04-05
FBHS,FBHS.W^E14,2013-04-15,GJR-GARCH,0.3848397743706336,5.877049680065088,,2013-04-05
FBHS,FBHS.W^E14,2013-04-16,EGARCH,0.2624400329324626,2.733125828793336,,2013-04-05
FBHS,FBHS.W^E14,2013-04-16,ESG-EGARCH,0.2630497686735958,2.745840507906044,all,2013-04-05
FBHS,FBHS.W^E14,2013-04-16,ESG-EGARCH(E),0.2630497686735951,2.745840507906028,E,2013-04-05
FBHS,FBHS.W^E14,2013-04-16,ESG-EGARCH(G),0.263049768673595,2.745840507906026,G,2013-04-05
FBHS,FBHS.W^E14,2013-04-16,ESG-EGARCH(S),0.263049768673595,2.745840507906025,S,2013-04-05
FBHS,FBHS.W^E14,2013-04-16,ESG-GARCH,0.3504005264033269,4.87224321046542,all,2013-04-05
FBHS,FBHS.W^E14,2013-04-16,ESG-GARCH(E),0.3504005264033271,4.872243210465426,E,2013-04-05
FBHS,FBHS.W^E14,2013-04-16,ESG-GARCH(G),0.3504005264033271,4.872243210465425,G,2013-04-05
FBHS,FBHS.W^E14,2013-04-16,ESG-GARCH(S),0.3504005264033271,4.872243210465425,S,2013-04-05
FBHS,FBHS.W^E14,2013-04-16,ESG-GJR-GARCH,0.3857333945499763,5.904375066311415,all,2013-04-05
FBHS,FBHS.W^E14,2013-04-16,ESG-GJR-GARCH(E),0.3857333945499764,5.904375066311421,E,2013-04-05
FBHS,FBHS.W^E14,2013-04-16,ESG-GJR-GARCH(G),0.3857333945499767,5.904375066311428,G,2013-04-05
FBHS,FBHS.W^E14,2013-04-16,ESG-GJR-GARCH(S),0.3857333945499768,5.9043750663114345,S,2013-04-05
FBHS,FBHS.W^E14,2013-04-16,GARCH,0.3479716753781211,4.804932018470496,,2013-04-05
FBHS,FBHS.W^E14,2013-04-16,GJR-GARCH,0.3848397743706336,5.877049680065088,,2013-04-05
FBHS,FBHS.W^E14,2013-04-17,EGARCH,0.2624400329324626,2.733125828793336,,2013-04-05
FBHS,FBHS.W^E14,2013-04-17,ESG-EGARCH,0.2630497686735958,2.745840507906044,all,2013-04-05
FBHS,FBHS.W^E14,2013-04-17,ESG-EGARCH(E),0.2630497686735951,2.745840507906028,E,2013-04-05
FBHS,FBHS.W^E14,2013-04-17,ESG-EGARCH(G),0.263049768673595,2.745840507906026,G,2013-04-05
FBHS,FBHS.W^E14,2013-04-17,ESG-EGARCH(S),0.263049768673595,2.745840507906025,S,2013-04-05
FBHS,FBHS.W^E14,2013-04-17,ESG-GARCH,0.3504005264033269,4.87224321046542,all,2013-04-05
FBHS,FBHS.W^E14,2013-04-17,ESG-GARCH(E),0.3504005264033271,4.872243210465426,E,2013-04-05
FBHS,FBHS.W^E14,2013-04-17,ESG-GARCH(G),0.3504005264033271,4.872243210465425,G,2013-04-05
FBHS,FBHS.W^E14,2013-04-17,ESG-GARCH(S),0.3504005264033271,4.872243210465425,S,2013-04-05
FBHS,FBHS.W^E14,2013-04-17,ESG-GJR-GARCH,0.3857333945499763,5.904375066311415,all,2013-04-05
FBHS,FBHS.W^E14,2013-04-17,ESG-GJR-GARCH(E),0.3857333945499764,5.904375066311421,E,2013-04-05
FBHS,FBHS.W^E14,2013-04-17,ESG-GJR-GARCH(G),0.3857333945499767,5.904375066311428,G,2013-04-05
FBHS,FBHS.W^E14,2013-04-17,ESG-GJR-GARCH(S),0.3857333945499768,5.9043750663114345,S,2013-04-05
FBHS,FBHS.W^E14,2013-04-17,GARCH,0.3479716753781211,4.804932018470496,,2013-04-05
FBHS,FBHS.W^E14,2013-04-17,GJR-GARCH,0.3848397743706336,5.877049680065088,,2013-04-05
FBHS,FBHS.W^E14,2013-04-18,EGARCH,0.2624400329324626,2.733125828793336,,2013-04-05
FBHS,FBHS.W^E14,2013-04-18,ESG-EGARCH,0.2630497686735958,2.745840507906044,all,2013-04-05
FBHS,FBHS.W^E14,2013-04-18,ESG-EGARCH(E),0.2630497686735951,2.745840507906028,E,2013-04-05
FBHS,FBHS.W^E14,2013-04-18,ESG-EGARCH(G),0.263049768673595,2.745840507906026,G,2013-04-05
FBHS,FBHS.W^E14,2013-04-18,ESG-EGARCH(S),0.263049768673595,2.745840507906025,S,2013-04-05
FBHS,FBHS.W^E14,2013-04-18,ESG-GARCH,0.3504005264033269,4.87224321046542,all,2013-04-05
FBHS,FBHS.W^E14,2013-04-18,ESG-GARCH(E),0.3504005264033271,4.872243210465426,E,2013-04-05
FBHS,FBHS.W^E14,2013-04-18,ESG-GARCH(G),0.3504005264033271,4.872243210465425,G,2013-04-05
FBHS,FBHS.W^E14,2013-04-18,ESG-GARCH(S),0.3504005264033271,4.872243210465425,S,2013-04-05
FBHS,FBHS.W^E14,2013-04-18,ESG-GJR-GARCH,0.3857333945499763,5.904375066311415,all,2013-04-05
FBHS,FBHS.W^E14,2013-04-18,ESG-GJR-GARCH(E),0.3857333945499764,5.904375066311421,E,2013-04-05
FBHS,FBHS.W^E14,2013-04-18,ESG-GJR-GARCH(G),0.3857333945499767,5.904375066311428,G,2013-04-05
FBHS,FBHS.W^E14,2013-04-18,ESG-GJR-GARCH(S),0.3857333945499768,5.9043750663114345,S,2013-04-05
FBHS,FBHS.W^E14,2013-04-18,GARCH,0.3479716753781211,4.804932018470496,,2013-04-05
FBHS,FBHS.W^E14,2013-04-18,GJR-GARCH,0.3848397743706336,5.877049680065088,,2013-04-05
FBHS,FBHS.W^E14,2013-04-19,EGARCH,0.2624400329324626,2.733125828793336,,2013-04-05
FBHS,FBHS.W^E14,2013-04-19,ESG-EGARCH,0.2630497686735958,2.745840507906044,all,2013-04-05
FBHS,FBHS.W^E14,2013-04-19,ESG-EGARCH(E),0.2630497686735951,2.745840507906028,E,2013-04-05
FBHS,FBHS.W^E14,2013-04-19,ESG-EGARCH(G),0.263049768673595,2.745840507906026,G,2013-04-05
FBHS,FBHS.W^E14,2013-04-19,ESG-EGARCH(S),0.263049768673595,2.745840507906025,S,2013-04-05
FBHS,FBHS.W^E14,2013-04-19,ESG-GARCH,0.3504005264033269,4.87224321046542,all,2013-04-05
FBHS,FBHS.W^E14,2013-04-19,ESG-GARCH(E),0.3504005264033271,4.872243210465426,E,2013-04-05
FBHS,FBHS.W^E14,2013-04-19,ESG-GARCH(G),0.3504005264033271,4.872243210465425,G,2013-04-05
FBHS,FBHS.W^E14,2013-04-19,ESG-GARCH(S),0.3504005264033271,4.872243210465425,S,2013-04-05
FBHS,FBHS.W^E14,2013-04-19,ESG-GJR-GARCH,0.3857333945499763,5.904375066311415,all,2013-04-05
FBHS,FBHS.W^E14,2013-04-19,ESG-GJR-GARCH(E),0.3857333945499764,5.904375066311421,E,2013-04-05
FBHS,FBHS.W^E14,2013-04-19,ESG-GJR-GARCH(G),0.3857333945499767,5.904375066311428,G,2013-04-05
FBHS,FBHS.W^E14,2013-04-19,ESG-GJR-GARCH(S),0.3857333945499768,5.9043750663114345,S,2013-04-05
FBHS,FBHS.W^E14,2013-04-19,GARCH,0.3479716753781211,4.804932018470496,,2013-04-05
FBHS,FBHS.W^E14,2013-04-19,GJR-GARCH,0.3848397743706336,5.877049680065088,,2013-04-05
FBHS,FBHS.W^E14,2013-04-22,EGARCH,0.2624400329324626,2.733125828793336,,2013-04-05
FBHS,FBHS.W^E14,2013-04-22,ESG-EGARCH,0.2630497686735958,2.745840507906044,all,2013-04-05
FBHS,FBHS.W^E14,2013-04-22,ESG-EGARCH(E),0.2630497686735951,2.745840507906028,E,2013-04-05
FBHS,FBHS.W^E14,2013-04-22,ESG-EGARCH(G),0.263049768673595,2.745840507906026,G,2013-04-05
FBHS,FBHS.W^E14,2013-04-22,ESG-EGARCH(S),0.263049768673595,2.745840507906025,S,2013-04-05
FBHS,FBHS.W^E14,2013-04-22,ESG-GARCH,0.3504005264033269,4.87224321046542,all,2013-04-05
FBHS,FBHS.W^E14,2013-04-22,ESG-GARCH(E),0.3504005264033271,4.872243210465426,E,2013-04-05
FBHS,FBHS.W^E14,2013-04-22,ESG-GARCH(G),0.3504005264033271,4.872243210465425,G,2013-04-05
FBHS,FBHS.W^E14,2013-04-22,ESG-GARCH(S),0.3504005264033271,4.872243210465425,S,2013-04-05
FBHS,FBHS.W^E14,2013-04-22,ESG-GJR-GARCH,0.3857333945499763,5.904375066311415,all,2013-04-05
FBHS,FBHS.W^E14,2013-04-22,ESG-GJR-GARCH(E),0.3857333945499764,5.904375066311421,E,2013-04-05
FBHS,FBHS.W^E14,2013-04-22,ESG-GJR-GARCH(G),0.3857333945499767,5.904375066311428,G,2013-04-05
FBHS,FBHS.W^E14,2013-04-22,ESG-GJR-GARCH(S),0.3857333945499768,5.9043750663114345,S,2013-04-05
FBHS,FBHS.W^E14,2013-04-22,GARCH,0.3479716753781211,4.804932018470496,,2013-04-05
FBHS,FBHS.W^E14,2013-04-22,GJR-GARCH,0.3848397743706336,5.877049680065088,,2013-04-05
FBHS,FBHS.W^E14,2013-04-23,EGARCH,0.2624400329324626,2.733125828793336,,2013-04-05
FBHS,FBHS.W^E14,2013-04-23,ESG-EGARCH,0.2630497686735958,2.745840507906044,all,2013-04-05
FBHS,FBHS.W^E14,2013-04-23,ESG-EGARCH(E),0.2630497686735951,2.745840507906028,E,2013-04-05
FBHS,FBHS.W^E14,2013-04-23,ESG-EGARCH(G),0.263049768673595,2.745840507906026,G,2013-04-05
FBHS,FBHS.W^E14,2013-04-23,ESG-EGARCH(S),0.263049768673595,2.745840507906025,S,2013-04-05
FBHS,FBHS.W^E14,2013-04-23,ESG-GARCH,0.3504005264033269,4.87224321046542,all,2013-04-05
FBHS,FBHS.W^E14,2013-04-23,ESG-GARCH(E),0.3504005264033271,4.872243210465426,E,2013-04-05
FBHS,FBHS.W^E14,2013-04-23,ESG-GARCH(G),0.3504005264033271,4.872243210465425,G,2013-04-05
FBHS,FBHS.W^E14,2013-04-23,ESG-GARCH(S),0.3504005264033271,4.872243210465425,S,2013-04-05
FBHS,FBHS.W^E14,2013-04-23,ESG-GJR-GARCH,0.3857333945499763,5.904375066311415,all,2013-04-05
FBHS,FBHS.W^E14,2013-04-23,ESG-GJR-GARCH(E),0.3857333945499764,5.904375066311421,E,2013-04-05
FBHS,FBHS.W^E14,2013-04-23,ESG-GJR-GARCH(G),0.3857333945499767,5.904375066311428,G,2013-04-05
FBHS,FBHS.W^E14,2013-04-23,ESG-GJR-GARCH(S),0.3857333945499768,5.9043750663114345,S,2013-04-05
FBHS,FBHS.W^E14,2013-04-23,GARCH,0.3479716753781211,4.804932018470496,,2013-04-05
FBHS,FBHS.W^E14,2013-04-23,GJR-GARCH,0.3848397743706336,5.877049680065088,,2013-04-05
FBHS,FBHS.W^E14,2013-04-24,EGARCH,0.2624400329324626,2.733125828793336,,2013-04-05
FBHS,FBHS.W^E14,2013-04-24,ESG-EGARCH,0.2630497686735958,2.745840507906044,all,2013-04-05
FBHS,FBHS.W^E14,2013-04-24,ESG-EGARCH(E),0.2630497686735951,2.745840507906028,E,2013-04-05
FBHS,FBHS.W^E14,2013-04-24,ESG-EGARCH(G),0.263049768673595,2.745840507906026,G,2013-04-05
FBHS,FBHS.W^E14,2013-04-24,ESG-EGARCH(S),0.263049768673595,2.745840507906025,S,2013-04-05
FBHS,FBHS.W^E14,2013-04-24,ESG-GARCH,0.3504005264033269,4.87224321046542,all,2013-04-05
FBHS,FBHS.W^E14,2013-04-24,ESG-GARCH(E),0.3504005264033271,4.872243210465426,E,2013-04-05
FBHS,FBHS.W^E14,2013-04-24,ESG-GARCH(G),0.3504005264033271,4.872243210465425,G,2013-04-05
FBHS,FBHS.W^E14,2013-04-24,ESG-GARCH(S),0.3504005264033271,4.872243210465425,S,2013-04-05
FBHS,FBHS.W^E14,2013-04-24,ESG-GJR-GARCH,0.3857333945499763,5.904375066311415,all,2013-04-05
FBHS,FBHS.W^E14,2013-04-24,ESG-GJR-GARCH(E),0.3857333945499764,5.904375066311421,E,2013-04-05
FBHS,FBHS.W^E14,2013-04-24,ESG-GJR-GARCH(G),0.3857333945499767,5.904375066311428,G,2013-04-05
FBHS,FBHS.W^E14,2013-04-24,ESG-GJR-GARCH(S),0.3857333945499768,5.9043750663114345,S,2013-04-05
FBHS,FBHS.W^E14,2013-04-24,GARCH,0.3479716753781211,4.804932018470496,,2013-04-05
FBHS,FBHS.W^E14,2013-04-24,GJR-GARCH,0.3848397743706336,5.877049680065088,,2013-04-05
FBHS,FBHS.W^E14,2013-04-25,EGARCH,0.2624400329324626,2.733125828793336,,2013-04-05
FBHS,FBHS.W^E14,2013-04-25,ESG-EGARCH,0.2630497686735958,2.745840507906044,all,2013-04-05
FBHS,FBHS.W^E14,2013-04-25,ESG-EGARCH(E),0.2630497686735951,2.745840507906028,E,2013-04-05
FBHS,FBHS.W^E14,2013-04-25,ESG-EGARCH(G),0.263049768673595,2.745840507906026,G,2013-04-05
FBHS,FBHS.W^E14,2013-04-25,ESG-EGARCH(S),0.263049768673595,2.745840507906025,S,2013-04-05
FBHS,FBHS.W^E14,2013-04-25,ESG-GARCH,0.3504005264033269,4.87224321046542,all,2013-04-05
FBHS,FBHS.W^E14,2013-04-25,ESG-GARCH(E),0.3504005264033271,4.872243210465426,E,2013-04-05
FBHS,FBHS.W^E14,2013-04-25,ESG-GARCH(G),0.3504005264033271,4.872243210465425,G,2013-04-05
FBHS,FBHS.W^E14,2013-04-25,ESG-GARCH(S),0.3504005264033271,4.872243210465425,S,2013-04-05
FBHS,FBHS.W^E14,2013-04-25,ESG-GJR-GARCH,0.3857333945499763,5.904375066311415,all,2013-04-05
FBHS,FBHS.W^E14,2013-04-25,ESG-GJR-GARCH(E),0.3857333945499764,5.904375066311421,E,2013-04-05
FBHS,FBHS.W^E14,2013-04-25,ESG-GJR-GARCH(G),0.3857333945499767,5.904375066311428,G,2013-04-05
FBHS,FBHS.W^E14,2013-04-25,ESG-GJR-GARCH(S),0.3857333945499768,5.9043750663114345,S,2013-04-05
FBHS,FBHS.W^E14,2013-04-25,GARCH,0.3479716753781211,4.804932018470496,,2013-04-05
FBHS,FBHS.W^E14,2013-04-25,GJR-GARCH,0.3848397743706336,5.877049680065088,,2013-04-05
FBHS,FBHS.W^E14,2013-04-26,EGARCH,0.2624400329324626,2.733125828793336,,2013-04-05
FBHS,FBHS.W^E14,2013-04-26,ESG-EGARCH,0.2630497686735958,2.745840507906044,all,2013-04-05
FBHS,FBHS.W^E14,2013-04-26,ESG-EGARCH(E),0.2630497686735951,2.745840507906028,E,2013-04-05
FBHS,FBHS.W^E14,2013-04-26,ESG-EGARCH(G),0.263049768673595,2.745840507906026,G,2013-04-05
FBHS,FBHS.W^E14,2013-04-26,ESG-EGARCH(S),0.263049768673595,2.745840507906025,S,2013-04-05
FBHS,FBHS.W^E14,2013-04-26,ESG-GARCH,0.3504005264033269,4.87224321046542,all,2013-04-05
FBHS,FBHS.W^E14,2013-04-26,ESG-GARCH(E),0.3504005264033271,4.872243210465426,E,2013-04-05
FBHS,FBHS.W^E14,2013-04-26,ESG-GARCH(G),0.3504005264033271,4.872243210465425,G,2013-04-05
FBHS,FBHS.W^E14,2013-04-26,ESG-GARCH(S),0.3504005264033271,4.872243210465425,S,2013-04-05
FBHS,FBHS.W^E14,2013-04-26,ESG-GJR-GARCH,0.3857333945499763,5.904375066311415,all,2013-04-05
FBHS,FBHS.W^E14,2013-04-26,ESG-GJR-GARCH(E),0.3857333945499764,5.904375066311421,E,2013-04-05
FBHS,FBHS.W^E14,2013-04-26,ESG-GJR-GARCH(G),0.3857333945499767,5.904375066311428,G,2013-04-05
FBHS,FBHS.W^E14,2013-04-26,ESG-GJR-GARCH(S),0.3857333945499768,5.9043750663114345,S,2013-04-05
FBHS,FBHS.W^E14,2013-04-26,GARCH,0.3479716753781211,4.804932018470496,,2013-04-05
FBHS,FBHS.W^E14,2013-04-26,GJR-GARCH,0.3848397743706336,5.877049680065088,,2013-04-05
FBHS,FBHS.W^E14,2013-04-29,EGARCH,0.2624400329324626,2.733125828793336,,2013-04-05
FBHS,FBHS.W^E14,2013-04-29,ESG-EGARCH,0.2630497686735958,2.745840507906044,all,2013-04-05
FBHS,FBHS.W^E14,2013-04-29,ESG-EGARCH(E),0.2630497686735951,2.745840507906028,E,2013-04-05
FBHS,FBHS.W^E14,2013-04-29,ESG-EGARCH(G),0.263049768673595,2.745840507906026,G,2013-04-05
FBHS,FBHS.W^E14,2013-04-29,ESG-EGARCH(S),0.263049768673595,2.745840507906025,S,2013-04-05
FBHS,FBHS.W^E14,2013-04-29,ESG-GARCH,0.3504005264033269,4.87224321046542,all,2013-04-05
FBHS,FBHS.W^E14,2013-04-29,ESG-GARCH(E),0.3504005264033271,4.872243210465426,E,2013-04-05
FBHS,FBHS.W^E14,2013-04-29,ESG-GARCH(G),0.3504005264033271,4.872243210465425,G,2013-04-05
FBHS,FBHS.W^E14,2013-04-29,ESG-GARCH(S),0.3504005264033271,4.872243210465425,S,2013-04-05
FBHS,FBHS.W^E14,2013-04-29,ESG-GJR-GARCH,0.3857333945499763,5.904375066311415,all,2013-04-05
FBHS,FBHS.W^E14,2013-04-29,ESG-GJR-GARCH(E),0.3857333945499764,5.904375066311421,E,2013-04-05
FBHS,FBHS.W^E14,2013-04-29,ESG-GJR-GARCH(G),0.3857333945499767,5.904375066311428,G,2013-04-05
FBHS,FBHS.W^E14,2013-04-29,ESG-GJR-GARCH(S),0.3857333945499768,5.9043750663114345,S,2013-04-05
FBHS,FBHS.W^E14,2013-04-29,GARCH,0.3479716753781211,4.804932018470496,,2013-04-05
FBHS,FBHS.W^E14,2013-04-29,GJR-GARCH,0.3848397743706336,5.877049680065088,,2013-04-05
FBHS,FBHS.W^E14,2013-04-30,EGARCH,0.2624400329324626,2.733125828793336,,2013-04-05
FBHS,FBHS.W^E14,2013-04-30,ESG-EGARCH,0.2630497686735958,2.745840507906044,all,2013-04-05
FBHS,FBHS.W^E14,2013-04-30,ESG-EGARCH(E),0.2630497686735951,2.745840507906028,E,2013-04-05
FBHS,FBHS.W^E14,2013-04-30,ESG-EGARCH(G),0.263049768673595,2.745840507906026,G,2013-04-05
FBHS,FBHS.W^E14,2013-04-30,ESG-EGARCH(S),0.263049768673595,2.745840507906025,S,2013-04-05
FBHS,FBHS.W^E14,2013-04-30,ESG-GARCH,0.3504005264033269,4.87224321046542,all,2013-04-05
FBHS,FBHS.W^E14,2013-04-30,ESG-GARCH(E),0.3504005264033271,4.872243210465426,E,2013-04-05
FBHS,FBHS.W^E14,2013-04-30,ESG-GARCH(G),0.3504005264033271,4.872243210465425,G,2013-04-05
FBHS,FBHS.W^E14,2013-04-30,ESG-GARCH(S),0.3504005264033271,4.872243210465425,S,2013-04-05
FBHS,FBHS.W^E14,2013-04-30,ESG-GJR-GARCH,0.3857333945499763,5.904375066311415,all,2013-04-05
FBHS,FBHS.W^E14,2013-04-30,ESG-GJR-GARCH(E),0.3857333945499764,5.904375066311421,E,2013-04-05
FBHS,FBHS.W^E14,2013-04-30,ESG-GJR-GARCH(G),0.3857333945499767,5.904375066311428,G,2013-04-05
FBHS,FBHS.W^E14,2013-04-30,ESG-GJR-GARCH(S),0.3857333945499768,5.9043750663114345,S,2013-04-05
FBHS,FBHS.W^E14,2013-04-30,GARCH,0.3479716753781211,4.804932018470496,,2013-04-05
FBHS,FBHS.W^E14,2013-04-30,GJR-GARCH,0.3848397743706336,5.877049680065088,,2013-04-05
FBHS,FBHS.W^E14,2013-05-01,EGARCH,0.2624400329324626,2.733125828793336,,2013-04-05
FBHS,FBHS.W^E14,2013-05-01,ESG-EGARCH,0.2630497686735958,2.745840507906044,all,2013-04-05
FBHS,FBHS.W^E14,2013-05-01,ESG-EGARCH(E),0.2630497686735951,2.745840507906028,E,2013-04-05
FBHS,FBHS.W^E14,2013-05-01,ESG-EGARCH(G),0.263049768673595,2.745840507906026,G,2013-04-05
FBHS,FBHS.W^E14,2013-05-01,ESG-EGARCH(S),0.263049768673595,2.745840507906025,S,2013-04-05
FBHS,FBHS.W^E14,2013-05-01,ESG-GARCH,0.3504005264033269,4.87224321046542,all,2013-04-05
FBHS,FBHS.W^E14,2013-05-01,ESG-GARCH(E),0.3504005264033271,4.872243210465426,E,2013-04-05
FBHS,FBHS.W^E14,2013-05-01,ESG-GARCH(G),0.3504005264033271,4.872243210465425,G,2013-04-05
FBHS,FBHS.W^E14,2013-05-01,ESG-GARCH(S),0.3504005264033271,4.872243210465425,S,2013-04-05
FBHS,FBHS.W^E14,2013-05-01,ESG-GJR-GARCH,0.3857333945499763,5.904375066311415,all,2013-04-05
FBHS,FBHS.W^E14,2013-05-01,ESG-GJR-GARCH(E),0.3857333945499764,5.904375066311421,E,2013-04-05
FBHS,FBHS.W^E14,2013-05-01,ESG-GJR-GARCH(G),0.3857333945499767,5.904375066311428,G,2013-04-05
FBHS,FBHS.W^E14,2013-05-01,ESG-GJR-GARCH(S),0.3857333945499768,5.9043750663114345,S,2013-04-05
FBHS,FBHS.W^E14,2013-05-01,GARCH,0.3479716753781211,4.804932018470496,,2013-04-05
FBHS,FBHS.W^E14,2013-05-01,GJR-GARCH,0.3848397743706336,5.877049680065088,,2013-04-05
FBHS,FBHS.W^E14,2013-05-02,EGARCH,0.2624400329324626,2.733125828793336,,2013-04-05
FBHS,FBHS.W^E14,2013-05-02,ESG-EGARCH,0.2630497686735958,2.745840507906044,all,2013-04-05
FBHS,FBHS.W^E14,2013-05-02,ESG-EGARCH(E),0.2630497686735951,2.745840507906028,E,2013-04-05
FBHS,FBHS.W^E14,2013-05-02,ESG-EGARCH(G),0.263049768673595,2.745840507906026,G,2013-04-05
FBHS,FBHS.W^E14,2013-05-02,ESG-EGARCH(S),0.263049768673595,2.745840507906025,S,2013-04-05
FBHS,FBHS.W^E14,2013-05-02,ESG-GARCH,0.3504005264033269,4.87224321046542,all,2013-04-05
FBHS,FBHS.W^E14,2013-05-02,ESG-GARCH(E),0.3504005264033271,4.872243210465426,E,2013-04-05
FBHS,FBHS.W^E14,2013-05-02,ESG-GARCH(G),0.3504005264033271,4.872243210465425,G,2013-04-05
FBHS,FBHS.W^E14,2013-05-02,ESG-GARCH(S),0.3504005264033271,4.872243210465425,S,2013-04-05
FBHS,FBHS.W^E14,2013-05-02,ESG-GJR-GARCH,0.3857333945499763,5.904375066311415,all,2013-04-05
FBHS,FBHS.W^E14,2013-05-02,ESG-GJR-GARCH(E),0.3857333945499764,5.904375066311421,E,2013-04-05
FBHS,FBHS.W^E14,2013-05-02,ESG-GJR-GARCH(G),0.3857333945499767,5.904375066311428,G,2013-04-05
FBHS,FBHS.W^E14,2013-05-02,ESG-GJR-GARCH(S),0.3857333945499768,5.9043750663114345,S,2013-04-05
FBHS,FBHS.W^E14,2013-05-02,GARCH,0.3479716753781211,4.804932018470496,,2013-04-05
FBHS,FBHS.W^E14,2013-05-02,GJR-GARCH,0.3848397743706336,5.877049680065088,,2013-04-05
FBHS,FBHS.W^E14,2013-05-03,EGARCH,0.2624400329324626,2.733125828793336,,2013-04-05
FBHS,FBHS.W^E14,2013-05-03,ESG-EGARCH,0.2630497686735958,2.745840507906044,all,2013-04-05
FBHS,FBHS.W^E14,2013-05-03,ESG-EGARCH(E),0.2630497686735951,2.745840507906028,E,2013-04-05
FBHS,FBHS.W^E14,2013-05-03,ESG-EGARCH(G),0.263049768673595,2.745840507906026,G,2013-04-05
FBHS,FBHS.W^E14,2013-05-03,ESG-EGARCH(S),0.263049768673595,2.745840507906025,S,2013-04-05
FBHS,FBHS.W^E14,2013-05-03,ESG-GARCH,0.3504005264033269,4.87224321046542,all,2013-04-05
FBHS,FBHS.W^E14,2013-05-03,ESG-GARCH(E),0.3504005264033271,4.872243210465426,E,2013-04-05
FBHS,FBHS.W^E14,2013-05-03,ESG-GARCH(G),0.3504005264033271,4.872243210465425,G,2013-04-05
FBHS,FBHS.W^E14,2013-05-03,ESG-GARCH(S),0.3504005264033271,4.872243210465425,S,2013-04-05
FBHS,FBHS.W^E14,2013-05-03,ESG-GJR-GARCH,0.3857333945499763,5.904375066311415,all,2013-04-05
FBHS,FBHS.W^E14,2013-05-03,ESG-GJR-GARCH(E),0.3857333945499764,5.904375066311421,E,2013-04-05
FBHS,FBHS.W^E14,2013-05-03,ESG-GJR-GARCH(G),0.3857333945499767,5.904375066311428,G,2013-04-05
FBHS,FBHS.W^E14,2013-05-03,ESG-GJR-GARCH(S),0.3857333945499768,5.9043750663114345,S,2013-04-05
FBHS,FBHS.W^E14,2013-05-03,GARCH,0.3479716753781211,4.804932018470496,,2013-04-05
FBHS,FBHS.W^E14,2013-05-03,GJR-GARCH,0.3848397743706336,5.877049680065088,,2013-04-05
FBHS,FBHS.W^E14,2013-05-06,EGARCH,0.2624400329324626,2.733125828793336,,2013-04-05
FBHS,FBHS.W^E14,2013-05-06,ESG-EGARCH,0.2630497686735958,2.745840507906044,all,2013-04-05
FBHS,FBHS.W^E14,2013-05-06,ESG-EGARCH(E),0.2630497686735951,2.745840507906028,E,2013-04-05
FBHS,FBHS.W^E14,2013-05-06,ESG-EGARCH(G),0.263049768673595,2.745840507906026,G,2013-04-05
FBHS,FBHS.W^E14,2013-05-06,ESG-EGARCH(S),0.263049768673595,2.745840507906025,S,2013-04-05
FBHS,FBHS.W^E14,2013-05-06,ESG-GARCH,0.3504005264033269,4.87224321046542,all,2013-04-05
FBHS,FBHS.W^E14,2013-05-06,ESG-GARCH(E),0.3504005264033271,4.872243210465426,E,2013-04-05
FBHS,FBHS.W^E14,2013-05-06,ESG-GARCH(G),0.3504005264033271,4.872243210465425,G,2013-04-05
FBHS,FBHS.W^E14,2013-05-06,ESG-GARCH(S),0.3504005264033271,4.872243210465425,S,2013-04-05
FBHS,FBHS.W^E14,2013-05-06,ESG-GJR-GARCH,0.3857333945499763,5.904375066311415,all,2013-04-05
FBHS,FBHS.W^E14,2013-05-06,ESG-GJR-GARCH(E),0.3857333945499764,5.904375066311421,E,2013-04-05
FBHS,FBHS.W^E14,2013-05-06,ESG-GJR-GARCH(G),0.3857333945499767,5.904375066311428,G,2013-04-05
FBHS,FBHS.W^E14,2013-05-06,ESG-GJR-GARCH(S),0.3857333945499768,5.9043750663114345,S,2013-04-05
FBHS,FBHS.W^E14,2013-05-06,GARCH,0.3479716753781211,4.804932018470496,,2013-04-05
FBHS,FBHS.W^E14,2013-05-06,GJR-GARCH,0.3848397743706336,5.877049680065088,,2013-04-05
FBHS,FBHS.W^E14,2013-05-07,EGARCH,0.3104465924290843,3.82448756947738,,2013-05-07
FBHS,FBHS.W^E14,2013-05-07,ESG-EGARCH,0.3031830068024164,3.647616492609288,all,2013-05-07
FBHS,FBHS.W^E14,2013-05-07,ESG-EGARCH(E),0.3031830068024162,3.647616492609284,E,2013-05-07
FBHS,FBHS.W^E14,2013-05-07,ESG-EGARCH(G),0.3031830068024163,3.6476164926092856,G,2013-05-07
FBHS,FBHS.W^E14,2013-05-07,ESG-EGARCH(S),0.3031830068024163,3.6476164926092856,S,2013-05-07
FBHS,FBHS.W^E14,2013-05-07,ESG-GARCH,0.3678165484600065,5.368611639723506,all,2013-05-07
FBHS,FBHS.W^E14,2013-05-07,ESG-GARCH(E),0.3678165484600065,5.368611639723505,E,2013-05-07
FBHS,FBHS.W^E14,2013-05-07,ESG-GARCH(G),0.3678165484600065,5.368611639723505,G,2013-05-07
FBHS,FBHS.W^E14,2013-05-07,ESG-GARCH(S),0.3678165484600063,5.3686116397235,S,2013-05-07
FBHS,FBHS.W^E14,2013-05-07,ESG-GJR-GARCH,0.3286702818139547,4.286672783637478,all,2013-05-07
FBHS,FBHS.W^E14,2013-05-07,ESG-GJR-GARCH(E),0.3286702818139547,4.286672783637477,E,2013-05-07
FBHS,FBHS.W^E14,2013-05-07,ESG-GJR-GARCH(G),0.3286702818139548,4.286672783637479,G,2013-05-07
FBHS,FBHS.W^E14,2013-05-07,ESG-GJR-GARCH(S),0.3286702818139547,4.286672783637477,S,2013-05-07
FBHS,FBHS.W^E14,2013-05-07,GARCH,0.3638279031861792,5.252807267335388,,2013-05-07
FBHS,FBHS.W^E14,2013-05-07,GJR-GARCH,0.3237346981589524,4.158895031431271,,2013-05-07
FBHS,FBHS.W^E14,2013-05-08,EGARCH,0.3104465924290843,3.82448756947738,,2013-05-07
FBHS,FBHS.W^E14,2013-05-08,ESG-EGARCH,0.3031830068024164,3.647616492609288,all,2013-05-07
FBHS,FBHS.W^E14,2013-05-08,ESG-EGARCH(E),0.3031830068024162,3.647616492609284,E,2013-05-07
FBHS,FBHS.W^E14,2013-05-08,ESG-EGARCH(G),0.3031830068024163,3.6476164926092856,G,2013-05-07
FBHS,FBHS.W^E14,2013-05-08,ESG-EGARCH(S),0.3031830068024163,3.6476164926092856,S,2013-05-07
FBHS,FBHS.W^E14,2013-05-08,ESG-GARCH,0.3678165484600065,5.368611639723506,all,2013-05-07
FBHS,FBHS.W^E14,2013-05-08,ESG-GARCH(E),0.3678165484600065,5.368611639723505,E,2013-05-07
FBHS,FBHS.W^E14,2013-05-08,ESG-GARCH(G),0.3678165484600065,5.368611639723505,G,2013-05-07
FBHS,FBHS.W^E14,2013-05-08,ESG-GARCH(S),0.3678165484600063,5.3686116397235,S,2013-05-07
FBHS,FBHS.W^E14,2013-05-08,ESG-GJR-GARCH,0.3286702818139547,4.286672783637478,all,2013-05-07
FBHS,FBHS.W^E14,2013-05-08,ESG-GJR-GARCH(E),0.3286702818139547,4.286672783637477,E,2013-05-07
FBHS,FBHS.W^E14,2013-05-08,ESG-GJR-GARCH(G),0.3286702818139548,4.286672783637479,G,2013-05-07
FBHS,FBHS.W^E14,2013-05-08,ESG-GJR-GARCH(S),0.3286702818139547,4.286672783637477,S,2013-05-07
FBHS,FBHS.W^E14,2013-05-08,GARCH,0.3638279031861792,5.252807267335388,,2013-05-07
FBHS,FBHS.W^E14,2013-05-08,GJR-GARCH,0.3237346981589524,4.158895031431271,,2013-05-07
FBHS,FBHS.W^E14,2013-05-09,EGARCH,0.3104465924290843,3.82448756947738,,2013-05-07
FBHS,FBHS.W^E14,2013-05-09,ESG-EGARCH,0.3031830068024164,3.647616492609288,all,2013-05-07
FBHS,FBHS.W^E14,2013-05-09,ESG-EGARCH(E),0.3031830068024162,3.647616492609284,E,2013-05-07
FBHS,FBHS.W^E14,2013-05-09,ESG-EGARCH(G),0.3031830068024163,3.6476164926092856,G,2013-05-07
FBHS,FBHS.W^E14,2013-05-09,ESG-EGARCH(S),0.3031830068024163,3.6476164926092856,S,2013-05-07
FBHS,FBHS.W^E14,2013-05-09,ESG-GARCH,0.3678165484600065,5.368611639723506,all,2013-05-07
FBHS,FBHS.W^E14,2013-05-09,ESG-GARCH(E),0.3678165484600065,5.368611639723505,E,2013-05-07
FBHS,FBHS.W^E14,2013-05-09,ESG-GARCH(G),0.3678165484600065,5.368611639723505,G,2013-05-07
FBHS,FBHS.W^E14,2013-05-09,ESG-GARCH(S),0.3678165484600063,5.3686116397235,S,2013-05-07
FBHS,FBHS.W^E14,2013-05-09,ESG-GJR-GARCH,0.3286702818139547,4.286672783637478,all,2013-05-07
FBHS,FBHS.W^E14,2013-05-09,ESG-GJR-GARCH(E),0.3286702818139547,4.286672783637477,E,2013-05-07
FBHS,FBHS.W^E14,2013-05-09,ESG-GJR-GARCH(G),0.3286702818139548,4.286672783637479,G,2013-05-07
FBHS,FBHS.W^E14,2013-05-09,ESG-GJR-GARCH(S),0.3286702818139547,4.286672783637477,S,2013-05-07
FBHS,FBHS.W^E14,2013-05-09,GARCH,0.3638279031861792,5.252807267335388,,2013-05-07
FBHS,FBHS.W^E14,2013-05-09,GJR-GARCH,0.3237346981589524,4.158895031431271,,2013-05-07
FBHS,FBHS.W^E14,2013-05-10,EGARCH,0.3104465924290843,3.82448756947738,,2013-05-07
FBHS,FBHS.W^E14,2013-05-10,ESG-EGARCH,0.3031830068024164,3.647616492609288,all,2013-05-07
FBHS,FBHS.W^E14,2013-05-10,ESG-EGARCH(E),0.3031830068024162,3.647616492609284,E,2013-05-07
FBHS,FBHS.W^E14,2013-05-10,ESG-EGARCH(G),0.3031830068024163,3.6476164926092856,G,2013-05-07
FBHS,FBHS.W^E14,2013-05-10,ESG-EGARCH(S),0.3031830068024163,3.6476164926092856,S,2013-05-07
FBHS,FBHS.W^E14,2013-05-10,ESG-GARCH,0.3678165484600065,5.368611639723506,all,2013-05-07
FBHS,FBHS.W^E14,2013-05-10,ESG-GARCH(E),0.3678165484600065,5.368611639723505,E,2013-05-07
FBHS,FBHS.W^E14,2013-05-10,ESG-GARCH(G),0.3678165484600065,5.368611639723505,G,2013-05-07
FBHS,FBHS.W^E14,2013-05-10,ESG-GARCH(S),0.3678165484600063,5.3686116397235,S,2013-05-07
FBHS,FBHS.W^E14,2013-05-10,ESG-GJR-GARCH,0.3286702818139547,4.286672783637478,all,2013-05-07
FBHS,FBHS.W^E14,2013-05-10,ESG-GJR-GARCH(E),0.3286702818139547,4.286672783637477,E,2013-05-07
FBHS,FBHS.W^E14,2013-05-10,ESG-GJR-GARCH(G),0.3286702818139548,4.286672783637479,G,2013-05-07
FBHS,FBHS.W^E14,2013-05-10,ESG-GJR-GARCH(S),0.3286702818139547,4.286672783637477,S,2013-05-07
FBHS,FBHS.W^E14,2013-05-10,GARCH,0.3638279031861792,5.252807267335388,,2013-05-07
FBHS,FBHS.W^E14,2013-05-10,GJR-GARCH,0.3237346981589524,4.158895031431271,,2013-05-07
FBHS,FBHS.W^E14,2013-05-13,EGARCH,0.3104465924290843,3.82448756947738,,2013-05-07
FBHS,FBHS.W^E14,2013-05-13,ESG-EGARCH,0.3031830068024164,3.647616492609288,all,2013-05-07
FBHS,FBHS.W^E14,2013-05-13,ESG-EGARCH(E),0.3031830068024162,3.647616492609284,E,2013-05-07
FBHS,FBHS.W^E14,2013-05-13,ESG-EGARCH(G),0.3031830068024163,3.6476164926092856,G,2013-05-07
FBHS,FBHS.W^E14,2013-05-13,ESG-EGARCH(S),0.3031830068024163,3.6476164926092856,S,2013-05-07
FBHS,FBHS.W^E14,2013-05-13,ESG-GARCH,0.3678165484600065,5.368611639723506,all,2013-05-07
FBHS,FBHS.W^E14,2013-05-13,ESG-GARCH(E),0.3678165484600065,5.368611639723505,E,2013-05-07
FBHS,FBHS.W^E14,2013-05-13,ESG-GARCH(G),0.3678165484600065,5.368611639723505,G,2013-05-07
FBHS,FBHS.W^E14,2013-05-13,ESG-GARCH(S),0.3678165484600063,5.3686116397235,S,2013-05-07
FBHS,FBHS.W^E14,2013-05-13,ESG-GJR-GARCH,0.3286702818139547,4.286672783637478,all,2013-05-07
FBHS,FBHS.W^E14,2013-05-13,ESG-GJR-GARCH(E),0.3286702818139547,4.286672783637477,E,2013-05-07
FBHS,FBHS.W^E14,2013-05-13,ESG-GJR-GARCH(G),0.3286702818139548,4.286672783637479,G,2013-05-07
FBHS,FBHS.W^E14,2013-05-13,ESG-GJR-GARCH(S),0.3286702818139547,4.286672783637477,S,2013-05-07
FBHS,FBHS.W^E14,2013-05-13,GARCH,0.3638279031861792,5.252807267335388,,2013-05-07
FBHS,FBHS.W^E14,2013-05-13,GJR-GARCH,0.3237346981589524,4.158895031431271,,2013-05-07
FBHS,FBHS.W^E14,2013-05-14,EGARCH,0.3104465924290843,3.82448756947738,,2013-05-07
FBHS,FBHS.W^E14,2013-05-14,ESG-EGARCH,0.3031830068024164,3.647616492609288,all,2013-05-07
FBHS,FBHS.W^E14,2013-05-14,ESG-EGARCH(E),0.3031830068024162,3.647616492609284,E,2013-05-07
FBHS,FBHS.W^E14,2013-05-14,ESG-EGARCH(G),0.3031830068024163,3.6476164926092856,G,2013-05-07
FBHS,FBHS.W^E14,2013-05-14,ESG-EGARCH(S),0.3031830068024163,3.6476164926092856,S,2013-05-07
FBHS,FBHS.W^E14,2013-05-14,ESG-GARCH,0.3678165484600065,5.368611639723506,all,2013-05-07
FBHS,FBHS.W^E14,2013-05-14,ESG-GARCH(E),0.3678165484600065,5.368611639723505,E,2013-05-07
FBHS,FBHS.W^E14,2013-05-14,ESG-GARCH(G),0.3678165484600065,5.368611639723505,G,2013-05-07
FBHS,FBHS.W^E14,2013-05-14,ESG-GARCH(S),0.3678165484600063,5.3686116397235,S,2013-05-07
FBHS,FBHS.W^E14,2013-05-14,ESG-GJR-GARCH,0.3286702818139547,4.286672783637478,all,2013-05-07
FBHS,FBHS.W^E14,2013-05-14,ESG-GJR-GARCH(E),0.3286702818139547,4.286672783637477,E,2013-05-07
FBHS,FBHS.W^E14,2013-05-14,ESG-GJR-GARCH(G),0.3286702818139548,4.286672783637479,G,2013-05-07
FBHS,FBHS.W^E14,2013-05-14,ESG-GJR-GARCH(S),0.3286702818139547,4.286672783637477,S,2013-05-07
FBHS,FBHS.W^E14,2013-05-14,GARCH,0.3638279031861792,5.252807267335388,,2013-05-07
FBHS,FBHS.W^E14,2013-05-14,GJR-GARCH,0.3237346981589524,4.158895031431271,,2013-05-07
FBHS,FBHS.W^E14,2013-05-15,EGARCH,0.3104465924290843,3.82448756947738,,2013-05-07
FBHS,FBHS.W^E14,2013-05-15,ESG-EGARCH,0.3031830068024164,3.647616492609288,all,2013-05-07
FBHS,FBHS.W^E14,2013-05-15,ESG-EGARCH(E),0.3031830068024162,3.647616492609284,E,2013-05-07
FBHS,FBHS.W^E14,2013-05-15,ESG-EGARCH(G),0.3031830068024163,3.6476164926092856,G,2013-05-07
FBHS,FBHS.W^E14,2013-05-15,ESG-EGARCH(S),0.3031830068024163,3.6476164926092856,S,2013-05-07
FBHS,FBHS.W^E14,2013-05-15,ESG-GARCH,0.3678165484600065,5.368611639723506,all,2013-05-07
FBHS,FBHS.W^E14,2013-05-15,ESG-GARCH(E),0.3678165484600065,5.368611639723505,E,2013-05-07
FBHS,FBHS.W^E14,2013-05-15,ESG-GARCH(G),0.3678165484600065,5.368611639723505,G,2013-05-07
FBHS,FBHS.W^E14,2013-05-15,ESG-GARCH(S),0.3678165484600063,5.3686116397235,S,2013-05-07
FBHS,FBHS.W^E14,2013-05-15,ESG-GJR-GARCH,0.3286702818139547,4.286672783637478,all,2013-05-07
FBHS,FBHS.W^E14,2013-05-15,ESG-GJR-GARCH(E),0.3286702818139547,4.286672783637477,E,2013-05-07
FBHS,FBHS.W^E14,2013-05-15,ESG-GJR-GARCH(G),0.3286702818139548,4.286672783637479,G,2013-05-07
FBHS,FBHS.W^E14,2013-05-15,ESG-GJR-GARCH(S),0.3286702818139547,4.286672783637477,S,2013-05-07
FBHS,FBHS.W^E14,2013-05-15,GARCH,0.3638279031861792,5.252807267335388,,2013-05-07
FBHS,FBHS.W^E14,2013-05-15,GJR-GARCH,0.3237346981589524,4.158895031431271,,2013-05-07
FBHS,FBHS.W^E14,2013-05-16,EGARCH,0.3104465924290843,3.82448756947738,,2013-05-07
FBHS,FBHS.W^E14,2013-05-16,ESG-EGARCH,0.3031830068024164,3.647616492609288,all,2013-05-07
FBHS,FBHS.W^E14,2013-05-16,ESG-EGARCH(E),0.3031830068024162,3.647616492609284,E,2013-05-07
FBHS,FBHS.W^E14,2013-05-16,ESG-EGARCH(G),0.3031830068024163,3.6476164926092856,G,2013-05-07
FBHS,FBHS.W^E14,2013-05-16,ESG-EGARCH(S),0.3031830068024163,3.6476164926092856,S,2013-05-07
FBHS,FBHS.W^E14,2013-05-16,ESG-GARCH,0.3678165484600065,5.368611639723506,all,2013-05-07
FBHS,FBHS.W^E14,2013-05-16,ESG-GARCH(E),0.3678165484600065,5.368611639723505,E,2013-05-07
FBHS,FBHS.W^E14,2013-05-16,ESG-GARCH(G),0.3678165484600065,5.368611639723505,G,2013-05-07
FBHS,FBHS.W^E14,2013-05-16,ESG-GARCH(S),0.3678165484600063,5.3686116397235,S,2013-05-07
FBHS,FBHS.W^E14,2013-05-16,ESG-GJR-GARCH,0.3286702818139547,4.286672783637478,all,2013-05-07
FBHS,FBHS.W^E14,2013-05-16,ESG-GJR-GARCH(E),0.3286702818139547,4.286672783637477,E,2013-05-07
FBHS,FBHS.W^E14,2013-05-16,ESG-GJR-GARCH(G),0.3286702818139548,4.286672783637479,G,2013-05-07
FBHS,FBHS.W^E14,2013-05-16,ESG-GJR-GARCH(S),0.3286702818139547,4.286672783637477,S,2013-05-07
FBHS,FBHS.W^E14,2013-05-16,GARCH,0.3638279031861792,5.252807267335388,,2013-05-07
FBHS,FBHS.W^E14,2013-05-16,GJR-GARCH,0.3237346981589524,4.158895031431271,,2013-05-07
FBHS,FBHS.W^E14,2013-05-17,EGARCH,0.3104465924290843,3.82448756947738,,2013-05-07
FBHS,FBHS.W^E14,2013-05-17,ESG-EGARCH,0.3031830068024164,3.647616492609288,all,2013-05-07
FBHS,FBHS.W^E14,2013-05-17,ESG-EGARCH(E),0.3031830068024162,3.647616492609284,E,2013-05-07
FBHS,FBHS.W^E14,2013-05-17,ESG-EGARCH(G),0.3031830068024163,3.6476164926092856,G,2013-05-07
FBHS,FBHS.W^E14,2013-05-17,ESG-EGARCH(S),0.3031830068024163,3.6476164926092856,S,2013-05-07
FBHS,FBHS.W^E14,2013-05-17,ESG-GARCH,0.3678165484600065,5.368611639723506,all,2013-05-07
FBHS,FBHS.W^E14,2013-05-17,ESG-GARCH(E),0.3678165484600065,5.368611639723505,E,2013-05-07
FBHS,FBHS.W^E14,2013-05-17,ESG-GARCH(G),0.3678165484600065,5.368611639723505,G,2013-05-07
FBHS,FBHS.W^E14,2013-05-17,ESG-GARCH(S),0.3678165484600063,5.3686116397235,S,2013-05-07
FBHS,FBHS.W^E14,2013-05-17,ESG-GJR-GARCH,0.3286702818139547,4.286672783637478,all,2013-05-07
FBHS,FBHS.W^E14,2013-05-17,ESG-GJR-GARCH(E),0.3286702818139547,4.286672783637477,E,2013-05-07
FBHS,FBHS.W^E14,2013-05-17,ESG-GJR-GARCH(G),0.3286702818139548,4.286672783637479,G,2013-05-07
FBHS,FBHS.W^E14,2013-05-17,ESG-GJR-GARCH(S),0.3286702818139547,4.286672783637477,S,2013-05-07
FBHS,FBHS.W^E14,2013-05-17,GARCH,0.3638279031861792,5.252807267335388,,2013-05-07
FBHS,FBHS.W^E14,2013-05-17,GJR-GARCH,0.3237346981589524,4.158895031431271,,2013-05-07
FBHS,FBHS.W^E14,2013-05-20,EGARCH,0.3104465924290843,3.82448756947738,,2013-05-07
FBHS,FBHS.W^E14,2013-05-20,ESG-EGARCH,0.3031830068024164,3.647616492609288,all,2013-05-07
FBHS,FBHS.W^E14,2013-05-20,ESG-EGARCH(E),0.3031830068024162,3.647616492609284,E,2013-05-07
FBHS,FBHS.W^E14,2013-05-20,ESG-EGARCH(G),0.3031830068024163,3.6476164926092856,G,2013-05-07
FBHS,FBHS.W^E14,2013-05-20,ESG-EGARCH(S),0.3031830068024163,3.6476164926092856,S,2013-05-07
FBHS,FBHS.W^E14,2013-05-20,ESG-GARCH,0.3678165484600065,5.368611639723506,all,2013-05-07
FBHS,FBHS.W^E14,2013-05-20,ESG-GARCH(E),0.3678165484600065,5.368611639723505,E,2013-05-07
FBHS,FBHS.W^E14,2013-05-20,ESG-GARCH(G),0.3678165484600065,5.368611639723505,G,2013-05-07
FBHS,FBHS.W^E14,2013-05-20,ESG-GARCH(S),0.3678165484600063,5.3686116397235,S,2013-05-07
FBHS,FBHS.W^E14,2013-05-20,ESG-GJR-GARCH,0.3286702818139547,4.286672783637478,all,2013-05-07
FBHS,FBHS.W^E14,2013-05-20,ESG-GJR-GARCH(E),0.3286702818139547,4.286672783637477,E,2013-05-07
FBHS,FBHS.W^E14,2013-05-20,ESG-GJR-GARCH(G),0.3286702818139548,4.286672783637479,G,2013-05-07
FBHS,FBHS.W^E14,2013-05-20,ESG-GJR-GARCH(S),0.3286702818139547,4.286672783637477,S,2013-05-07
FBHS,FBHS.W^E14,2013-05-20,GARCH,0.3638279031861792,5.252807267335388,,2013-05-07
FBHS,FBHS.W^E14,2013-05-20,GJR-GARCH,0.3237346981589524,4.158895031431271,,2013-05-07
FBHS,FBHS.W^E14,2013-05-21,EGARCH,0.3104465924290843,3.82448756947738,,2013-05-07
FBHS,FBHS.W^E14,2013-05-21,ESG-EGARCH,0.3031830068024164,3.647616492609288,all,2013-05-07
FBHS,FBHS.W^E14,2013-05-21,ESG-EGARCH(E),0.3031830068024162,3.647616492609284,E,2013-05-07
FBHS,FBHS.W^E14,2013-05-21,ESG-EGARCH(G),0.3031830068024163,3.6476164926092856,G,2013-05-07
FBHS,FBHS.W^E14,2013-05-21,ESG-EGARCH(S),0.3031830068024163,3.6476164926092856,S,2013-05-07
FBHS,FBHS.W^E14,2013-05-21,ESG-GARCH,0.3678165484600065,5.368611639723506,all,2013-05-07
FBHS,FBHS.W^E14,2013-05-21,ESG-GARCH(E),0.3678165484600065,5.368611639723505,E,2013-05-07
FBHS,FBHS.W^E14,2013-05-21,ESG-GARCH(G),0.3678165484600065,5.368611639723505,G,2013-05-07
FBHS,FBHS.W^E14,2013-05-21,ESG-GARCH(S),0.3678165484600063,5.3686116397235,S,2013-05-07
FBHS,FBHS.W^E14,2013-05-21,ESG-GJR-GARCH,0.3286702818139547,4.286672783637478,all,2013-05-07
FBHS,FBHS.W^E14,2013-05-21,ESG-GJR-GARCH(E),0.3286702818139547,4.286672783637477,E,2013-05-07
FBHS,FBHS.W^E14,2013-05-21,ESG-GJR-GARCH(G),0.3286702818139548,4.286672783637479,G,2013-05-07
FBHS,FBHS.W^E14,2013-05-21,ESG-GJR-GARCH(S),0.3286702818139547,4.286672783637477,S,2013-05-07
FBHS,FBHS.W^E14,2013-05-21,GARCH,0.3638279031861792,5.252807267335388,,2013-05-07
FBHS,FBHS.W^E14,2013-05-21,GJR-GARCH,0.3237346981589524,4.158895031431271,,2013-05-07
FBHS,FBHS.W^E14,2013-05-22,EGARCH,0.3104465924290843,3.82448756947738,,2013-05-07
FBHS,FBHS.W^E14,2013-05-22,ESG-EGARCH,0.3031830068024164,3.647616492609288,all,2013-05-07
FBHS,FBHS.W^E14,2013-05-22,ESG-EGARCH(E),0.3031830068024162,3.647616492609284,E,2013-05-07
FBHS,FBHS.W^E14,2013-05-22,ESG-EGARCH(G),0.3031830068024163,3.6476164926092856,G,2013-05-07
FBHS,FBHS.W^E14,2013-05-22,ESG-EGARCH(S),0.3031830068024163,3.6476164926092856,S,2013-05-07
FBHS,FBHS.W^E14,2013-05-22,ESG-GARCH,0.3678165484600065,5.368611639723506,all,2013-05-07
FBHS,FBHS.W^E14,2013-05-22,ESG-GARCH(E),0.3678165484600065,5.368611639723505,E,2013-05-07
FBHS,FBHS.W^E14,2013-05-22,ESG-GARCH(G),0.3678165484600065,5.368611639723505,G,2013-05-07
FBHS,FBHS.W^E14,2013-05-22,ESG-GARCH(S),0.3678165484600063,5.3686116397235,S,2013-05-07
FBHS,FBHS.W^E14,2013-05-22,ESG-GJR-GARCH,0.3286702818139547,4.286672783637478,all,2013-05-07
FBHS,FBHS.W^E14,2013-05-22,ESG-GJR-GARCH(E),0.3286702818139547,4.286672783637477,E,2013-05-07
FBHS,FBHS.W^E14,2013-05-22,ESG-GJR-GARCH(G),0.3286702818139548,4.286672783637479,G,2013-05-07
FBHS,FBHS.W^E14,2013-05-22,ESG-GJR-GARCH(S),0.3286702818139547,4.286672783637477,S,2013-05-07
FBHS,FBHS.W^E14,2013-05-22,GARCH,0.3638279031861792,5.252807267335388,,2013-05-07
FBHS,FBHS.W^E14,2013-05-22,GJR-GARCH,0.3237346981589524,4.158895031431271,,2013-05-07
FBHS,FBHS.W^E14,2013-05-23,EGARCH,0.3104465924290843,3.82448756947738,,2013-05-07
FBHS,FBHS.W^E14,2013-05-23,ESG-EGARCH,0.3031830068024164,3.647616492609288,all,2013-05-07
FBHS,FBHS.W^E14,2013-05-23,ESG-EGARCH(E),0.3031830068024162,3.647616492609284,E,2013-05-07
FBHS,FBHS.W^E14,2013-05-23,ESG-EGARCH(G),0.3031830068024163,3.6476164926092856,G,2013-05-07
FBHS,FBHS.W^E14,2013-05-23,ESG-EGARCH(S),0.3031830068024163,3.6476164926092856,S,2013-05-07
FBHS,FBHS.W^E14,2013-05-23,ESG-GARCH,0.3678165484600065,5.368611639723506,all,2013-05-07
FBHS,FBHS.W^E14,2013-05-23,ESG-GARCH(E),0.3678165484600065,5.368611639723505,E,2013-05-07
FBHS,FBHS.W^E14,2013-05-23,ESG-GARCH(G),0.3678165484600065,5.368611639723505,G,2013-05-07
FBHS,FBHS.W^E14,2013-05-23,ESG-GARCH(S),0.3678165484600063,5.3686116397235,S,2013-05-07
FBHS,FBHS.W^E14,2013-05-23,ESG-GJR-GARCH,0.3286702818139547,4.286672783637478,all,2013-05-07
FBHS,FBHS.W^E14,2013-05-23,ESG-GJR-GARCH(E),0.3286702818139547,4.286672783637477,E,2013-05-07
FBHS,FBHS.W^E14,2013-05-23,ESG-GJR-GARCH(G),0.3286702818139548,4.286672783637479,G,2013-05-07
FBHS,FBHS.W^E14,2013-05-23,ESG-GJR-GARCH(S),0.3286702818139547,4.286672783637477,S,2013-05-07
FBHS,FBHS.W^E14,2013-05-23,GARCH,0.3638279031861792,5.252807267335388,,2013-05-07
FBHS,FBHS.W^E14,2013-05-23,GJR-GARCH,0.3237346981589524,4.158895031431271,,2013-05-07
FBHS,FBHS.W^E14,2013-05-24,EGARCH,0.3104465924290843,3.82448756947738,,2013-05-07
FBHS,FBHS.W^E14,2013-05-24,ESG-EGARCH,0.3031830068024164,3.647616492609288,all,2013-05-07
FBHS,FBHS.W^E14,2013-05-24,ESG-EGARCH(E),0.3031830068024162,3.647616492609284,E,2013-05-07
FBHS,FBHS.W^E14,2013-05-24,ESG-EGARCH(G),0.3031830068024163,3.6476164926092856,G,2013-05-07
FBHS,FBHS.W^E14,2013-05-24,ESG-EGARCH(S),0.3031830068024163,3.6476164926092856,S,2013-05-07
FBHS,FBHS.W^E14,2013-05-24,ESG-GARCH,0.3678165484600065,5.368611639723506,all,2013-05-07
FBHS,FBHS.W^E14,2013-05-24,ESG-GARCH(E),0.3678165484600065,5.368611639723505,E,2013-05-07
FBHS,FBHS.W^E14,2013-05-24,ESG-GARCH(G),0.3678165484600065,5.368611639723505,G,2013-05-07
FBHS,FBHS.W^E14,2013-05-24,ESG-GARCH(S),0.3678165484600063,5.3686116397235,S,2013-05-07
FBHS,FBHS.W^E14,2013-05-24,ESG-GJR-GARCH,0.3286702818139547,4.286672783637478,all,2013-05-07
FBHS,FBHS.W^E14,2013-05-24,ESG-GJR-GARCH(E),0.3286702818139547,4.286672783637477,E,2013-05-07
FBHS,FBHS.W^E14,2013-05-24,ESG-GJR-GARCH(G),0.3286702818139548,4.286672783637479,G,2013-05-07
FBHS,FBHS.W^E14,2013-05-24,ESG-GJR-GARCH(S),0.3286702818139547,4.286672783637477,S,2013-05-07
FBHS,FBHS.W^E14,2013-05-24,GARCH,0.3638279031861792,5.252807267335388,,2013-05-07
FBHS,FBHS.W^E14,2013-05-24,GJR-GARCH,0.3237346981589524,4.158895031431271,,2013-05-07
FBHS,FBHS.W^E14,2013-05-28,EGARCH,0.3104465924290843,3.82448756947738,,2013-05-07
FBHS,FBHS.W^E14,2013-05-28,ESG-EGARCH,0.3031830068024164,3.647616492609288,all,2013-05-07
FBHS,FBHS.W^E14,2013-05-28,ESG-EGARCH(E),0.3031830068024162,3.647616492609284,E,2013-05-07
FBHS,FBHS.W^E14,2013-05-28,ESG-EGARCH(G),0.3031830068024163,3.6476164926092856,G,2013-05-07
FBHS,FBHS.W^E14,2013-05-28,ESG-EGARCH(S),0.3031830068024163,3.6476164926092856,S,2013-05-07
FBHS,FBHS.W^E14,2013-05-28,ESG-GARCH,0.3678165484600065,5.368611639723506,all,2013-05-07
FBHS,FBHS.W^E14,2013-05-28,ESG-GARCH(E),0.3678165484600065,5.368611639723505,E,2013-05-07
FBHS,FBHS.W^E14,2013-05-28,ESG-GARCH(G),0.3678165484600065,5.368611639723505,G,2013-05-07
FBHS,FBHS.W^E14,2013-05-28,ESG-GARCH(S),0.3678165484600063,5.3686116397235,S,2013-05-07
FBHS,FBHS.W^E14,2013-05-28,ESG-GJR-GARCH,0.3286702818139547,4.286672783637478,all,2013-05-07
FBHS,FBHS.W^E14,2013-05-28,ESG-GJR-GARCH(E),0.3286702818139547,4.286672783637477,E,2013-05-07
FBHS,FBHS.W^E14,2013-05-28,ESG-GJR-GARCH(G),0.3286702818139548,4.286672783637479,G,2013-05-07
FBHS,FBHS.W^E14,2013-05-28,ESG-GJR-GARCH(S),0.3286702818139547,4.286672783637477,S,2013-05-07
FBHS,FBHS.W^E14,2013-05-28,GARCH,0.3638279031861792,5.252807267335388,,2013-05-07
FBHS,FBHS.W^E14,2013-05-28,GJR-GARCH,0.3237346981589524,4.158895031431271,,2013-05-07
FBHS,FBHS.W^E14,2013-05-29,EGARCH,0.3104465924290843,3.82448756947738,,2013-05-07
FBHS,FBHS.W^E14,2013-05-29,ESG-EGARCH,0.3031830068024164,3.647616492609288,all,2013-05-07
FBHS,FBHS.W^E14,2013-05-29,ESG-EGARCH(E),0.3031830068024162,3.647616492609284,E,2013-05-07
FBHS,FBHS.W^E14,2013-05-29,ESG-EGARCH(G),0.3031830068024163,3.6476164926092856,G,2013-05-07
FBHS,FBHS.W^E14,2013-05-29,ESG-EGARCH(S),0.3031830068024163,3.6476164926092856,S,2013-05-07
FBHS,FBHS.W^E14,2013-05-29,ESG-GARCH,0.3678165484600065,5.368611639723506,all,2013-05-07
FBHS,FBHS.W^E14,2013-05-29,ESG-GARCH(E),0.3678165484600065,5.368611639723505,E,2013-05-07
FBHS,FBHS.W^E14,2013-05-29,ESG-GARCH(G),0.3678165484600065,5.368611639723505,G,2013-05-07
FBHS,FBHS.W^E14,2013-05-29,ESG-GARCH(S),0.3678165484600063,5.3686116397235,S,2013-05-07
FBHS,FBHS.W^E14,2013-05-29,ESG-GJR-GARCH,0.3286702818139547,4.286672783637478,all,2013-05-07
FBHS,FBHS.W^E14,2013-05-29,ESG-GJR-GARCH(E),0.3286702818139547,4.286672783637477,E,2013-05-07
FBHS,FBHS.W^E14,2013-05-29,ESG-GJR-GARCH(G),0.3286702818139548,4.286672783637479,G,2013-05-07
FBHS,FBHS.W^E14,2013-05-29,ESG-GJR-GARCH(S),0.3286702818139547,4.286672783637477,S,2013-05-07
FBHS,FBHS.W^E14,2013-05-29,GARCH,0.3638279031861792,5.252807267335388,,2013-05-07
FBHS,FBHS.W^E14,2013-05-29,GJR-GARCH,0.3237346981589524,4.158895031431271,,2013-05-07
FBHS,FBHS.W^E14,2013-05-30,EGARCH,0.3104465924290843,3.82448756947738,,2013-05-07
FBHS,FBHS.W^E14,2013-05-30,ESG-EGARCH,0.3031830068024164,3.647616492609288,all,2013-05-07
FBHS,FBHS.W^E14,2013-05-30,ESG-EGARCH(E),0.3031830068024162,3.647616492609284,E,2013-05-07
FBHS,FBHS.W^E14,2013-05-30,ESG-EGARCH(G),0.3031830068024163,3.6476164926092856,G,2013-05-07
FBHS,FBHS.W^E14,2013-05-30,ESG-EGARCH(S),0.3031830068024163,3.6476164926092856,S,2013-05-07
FBHS,FBHS.W^E14,2013-05-30,ESG-GARCH,0.3678165484600065,5.368611639723506,all,2013-05-07
FBHS,FBHS.W^E14,2013-05-30,ESG-GARCH(E),0.3678165484600065,5.368611639723505,E,2013-05-07
FBHS,FBHS.W^E14,2013-05-30,ESG-GARCH(G),0.3678165484600065,5.368611639723505,G,2013-05-07
FBHS,FBHS.W^E14,2013-05-30,ESG-GARCH(S),0.3678165484600063,5.3686116397235,S,2013-05-07
FBHS,FBHS.W^E14,2013-05-30,ESG-GJR-GARCH,0.3286702818139547,4.286672783637478,all,2013-05-07
FBHS,FBHS.W^E14,2013-05-30,ESG-GJR-GARCH(E),0.3286702818139547,4.286672783637477,E,2013-05-07
FBHS,FBHS.W^E14,2013-05-30,ESG-GJR-GARCH(G),0.3286702818139548,4.286672783637479,G,2013-05-07
FBHS,FBHS.W^E14,2013-05-30,ESG-GJR-GARCH(S),0.3286702818139547,4.286672783637477,S,2013-05-07
FBHS,FBHS.W^E14,2013-05-30,GARCH,0.3638279031861792,5.252807267335388,,2013-05-07
FBHS,FBHS.W^E14,2013-05-30,GJR-GARCH,0.3237346981589524,4.158895031431271,,2013-05-07
FBHS,FBHS.W^E14,2013-05-31,EGARCH,0.3104465924290843,3.82448756947738,,2013-05-07
FBHS,FBHS.W^E14,2013-05-31,ESG-EGARCH,0.3031830068024164,3.647616492609288,all,2013-05-07
FBHS,FBHS.W^E14,2013-05-31,ESG-EGARCH(E),0.3031830068024162,3.647616492609284,E,2013-05-07
FBHS,FBHS.W^E14,2013-05-31,ESG-EGARCH(G),0.3031830068024163,3.6476164926092856,G,2013-05-07
FBHS,FBHS.W^E14,2013-05-31,ESG-EGARCH(S),0.3031830068024163,3.6476164926092856,S,2013-05-07
FBHS,FBHS.W^E14,2013-05-31,ESG-GARCH,0.3678165484600065,5.368611639723506,all,2013-05-07
FBHS,FBHS.W^E14,2013-05-31,ESG-GARCH(E),0.3678165484600065,5.368611639723505,E,2013-05-07
FBHS,FBHS.W^E14,2013-05-31,ESG-GARCH(G),0.3678165484600065,5.368611639723505,G,2013-05-07
FBHS,FBHS.W^E14,2013-05-31,ESG-GARCH(S),0.3678165484600063,5.3686116397235,S,2013-05-07
FBHS,FBHS.W^E14,2013-05-31,ESG-GJR-GARCH,0.3286702818139547,4.286672783637478,all,2013-05-07
FBHS,FBHS.W^E14,2013-05-31,ESG-GJR-GARCH(E),0.3286702818139547,4.286672783637477,E,2013-05-07
FBHS,FBHS.W^E14,2013-05-31,ESG-GJR-GARCH(G),0.3286702818139548,4.286672783637479,G,2013-05-07
FBHS,FBHS.W^E14,2013-05-31,ESG-GJR-GARCH(S),0.3286702818139547,4.286672783637477,S,2013-05-07
FBHS,FBHS.W^E14,2013-05-31,GARCH,0.3638279031861792,5.252807267335388,,2013-05-07
FBHS,FBHS.W^E14,2013-05-31,GJR-GARCH,0.3237346981589524,4.158895031431271,,2013-05-07
FBHS,FBHS.W^E14,2013-06-03,EGARCH,0.3104465924290843,3.82448756947738,,2013-05-07
FBHS,FBHS.W^E14,2013-06-03,ESG-EGARCH,0.3031830068024164,3.647616492609288,all,2013-05-07
FBHS,FBHS.W^E14,2013-06-03,ESG-EGARCH(E),0.3031830068024162,3.647616492609284,E,2013-05-07
FBHS,FBHS.W^E14,2013-06-03,ESG-EGARCH(G),0.3031830068024163,3.6476164926092856,G,2013-05-07
FBHS,FBHS.W^E14,2013-06-03,ESG-EGARCH(S),0.3031830068024163,3.6476164926092856,S,2013-05-07
FBHS,FBHS.W^E14,2013-06-03,ESG-GARCH,0.3678165484600065,5.368611639723506,all,2013-05-07
FBHS,FBHS.W^E14,2013-06-03,ESG-GARCH(E),0.3678165484600065,5.368611639723505,E,2013-05-07
FBHS,FBHS.W^E14,2013-06-03,ESG-GARCH(G),0.3678165484600065,5.368611639723505,G,2013-05-07
FBHS,FBHS.W^E14,2013-06-03,ESG-GARCH(S),0.3678165484600063,5.3686116397235,S,2013-05-07
FBHS,FBHS.W^E14,2013-06-03,ESG-GJR-GARCH,0.3286702818139547,4.286672783637478,all,2013-05-07
FBHS,FBHS.W^E14,2013-06-03,ESG-GJR-GARCH(E),0.3286702818139547,4.286672783637477,E,2013-05-07
FBHS,FBHS.W^E14,2013-06-03,ESG-GJR-GARCH(G),0.3286702818139548,4.286672783637479,G,2013-05-07
FBHS,FBHS.W^E14,2013-06-03,ESG-GJR-GARCH(S),0.3286702818139547,4.286672783637477,S,2013-05-07
FBHS,FBHS.W^E14,2013-06-03,GARCH,0.3638279031861792,5.252807267335388,,2013-05-07
FBHS,FBHS.W^E14,2013-06-03,GJR-GARCH,0.3237346981589524,4.158895031431271,,2013-05-07
FBHS,FBHS.W^E14,2013-06-04,EGARCH,0.3104465924290843,3.82448756947738,,2013-05-07
FBHS,FBHS.W^E14,2013-06-04,ESG-EGARCH,0.3031830068024164,3.647616492609288,all,2013-05-07
FBHS,FBHS.W^E14,2013-06-04,ESG-EGARCH(E),0.3031830068024162,3.647616492609284,E,2013-05-07
FBHS,FBHS.W^E14,2013-06-04,ESG-EGARCH(G),0.3031830068024163,3.6476164926092856,G,2013-05-07
FBHS,FBHS.W^E14,2013-06-04,ESG-EGARCH(S),0.3031830068024163,3.6476164926092856,S,2013-05-07
FBHS,FBHS.W^E14,2013-06-04,ESG-GARCH,0.3678165484600065,5.368611639723506,all,2013-05-07
FBHS,FBHS.W^E14,2013-06-04,ESG-GARCH(E),0.3678165484600065,5.368611639723505,E,2013-05-07
FBHS,FBHS.W^E14,2013-06-04,ESG-GARCH(G),0.3678165484600065,5.368611639723505,G,2013-05-07
FBHS,FBHS.W^E14,2013-06-04,ESG-GARCH(S),0.3678165484600063,5.3686116397235,S,2013-05-07
FBHS,FBHS.W^E14,2013-06-04,ESG-GJR-GARCH,0.3286702818139547,4.286672783637478,all,2013-05-07
FBHS,FBHS.W^E14,2013-06-04,ESG-GJR-GARCH(E),0.3286702818139547,4.286672783637477,E,2013-05-07
FBHS,FBHS.W^E14,2013-06-04,ESG-GJR-GARCH(G),0.3286702818139548,4.286672783637479,G,2013-05-07
FBHS,FBHS.W^E14,2013-06-04,ESG-GJR-GARCH(S),0.3286702818139547,4.286672783637477,S,2013-05-07
FBHS,FBHS.W^E14,2013-06-04,GARCH,0.3638279031861792,5.252807267335388,,2013-05-07
FBHS,FBHS.W^E14,2013-06-04,GJR-GARCH,0.3237346981589524,4.158895031431271,,2013-05-07
FBHS,FBHS.W^E14,2013-06-05,EGARCH,0.3104465924290843,3.82448756947738,,2013-05-07
FBHS,FBHS.W^E14,2013-06-05,ESG-EGARCH,0.3031830068024164,3.647616492609288,all,2013-05-07
FBHS,FBHS.W^E14,2013-06-05,ESG-EGARCH(E),0.3031830068024162,3.647616492609284,E,2013-05-07
FBHS,FBHS.W^E14,2013-06-05,ESG-EGARCH(G),0.3031830068024163,3.6476164926092856,G,2013-05-07
FBHS,FBHS.W^E14,2013-06-05,ESG-EGARCH(S),0.3031830068024163,3.6476164926092856,S,2013-05-07
FBHS,FBHS.W^E14,2013-06-05,ESG-GARCH,0.3678165484600065,5.368611639723506,all,2013-05-07
FBHS,FBHS.W^E14,2013-06-05,ESG-GARCH(E),0.3678165484600065,5.368611639723505,E,2013-05-07
FBHS,FBHS.W^E14,2013-06-05,ESG-GARCH(G),0.3678165484600065,5.368611639723505,G,2013-05-07
FBHS,FBHS.W^E14,2013-06-05,ESG-GARCH(S),0.3678165484600063,5.3686116397235,S,2013-05-07
FBHS,FBHS.W^E14,2013-06-05,ESG-GJR-GARCH,0.3286702818139547,4.286672783637478,all,2013-05-07
FBHS,FBHS.W^E14,2013-06-05,ESG-GJR-GARCH(E),0.3286702818139547,4.286672783637477,E,2013-05-07
FBHS,FBHS.W^E14,2013-06-05,ESG-GJR-GARCH(G),0.3286702818139548,4.286672783637479,G,2013-05-07
FBHS,FBHS.W^E14,2013-06-05,ESG-GJR-GARCH(S),0.3286702818139547,4.286672783637477,S,2013-05-07
FBHS,FBHS.W^E14,2013-06-05,GARCH,0.3638279031861792,5.252807267335388,,2013-05-07
FBHS,FBHS.W^E14,2013-06-05,GJR-GARCH,0.3237346981589524,4.158895031431271,,2013-05-07
FBHS,FBHS.W^E14,2013-06-06,EGARCH,0.3104465924290843,3.82448756947738,,2013-05-07
FBHS,FBHS.W^E14,2013-06-06,ESG-EGARCH,0.3031830068024164,3.647616492609288,all,2013-05-07
FBHS,FBHS.W^E14,2013-06-06,ESG-EGARCH(E),0.3031830068024162,3.647616492609284,E,2013-05-07
FBHS,FBHS.W^E14,2013-06-06,ESG-EGARCH(G),0.3031830068024163,3.6476164926092856,G,2013-05-07
FBHS,FBHS.W^E14,2013-06-06,ESG-EGARCH(S),0.3031830068024163,3.6476164926092856,S,2013-05-07
FBHS,FBHS.W^E14,2013-06-06,ESG-GARCH,0.3678165484600065,5.368611639723506,all,2013-05-07
FBHS,FBHS.W^E14,2013-06-06,ESG-GARCH(E),0.3678165484600065,5.368611639723505,E,2013-05-07
FBHS,FBHS.W^E14,2013-06-06,ESG-GARCH(G),0.3678165484600065,5.368611639723505,G,2013-05-07
FBHS,FBHS.W^E14,2013-06-06,ESG-GARCH(S),0.3678165484600063,5.3686116397235,S,2013-05-07
FBHS,FBHS.W^E14,2013-06-06,ESG-GJR-GARCH,0.3286702818139547,4.286672783637478,all,2013-05-07
FBHS,FBHS.W^E14,2013-06-06,ESG-GJR-GARCH(E),0.3286702818139547,4.286672783637477,E,2013-05-07
FBHS,FBHS.W^E14,2013-06-06,ESG-GJR-GARCH(G),0.3286702818139548,4.286672783637479,G,2013-05-07
FBHS,FBHS.W^E14,2013-06-06,ESG-GJR-GARCH(S),0.3286702818139547,4.286672783637477,S,2013-05-07
FBHS,FBHS.W^E14,2013-06-06,GARCH,0.3638279031861792,5.252807267335388,,2013-05-07
FBHS,FBHS.W^E14,2013-06-06,GJR-GARCH,0.3237346981589524,4.158895031431271,,2013-05-07
FBHS,FBHS.W^E14,2013-06-07,EGARCH,0.275132143845269,3.0038768482894374,,2013-06-07
FBHS,FBHS.W^E14,2013-06-07,ESG-EGARCH,0.2632559802510643,2.750147267378919,all,2013-06-07
FBHS,FBHS.W^E14,2013-06-07,ESG-EGARCH(E),0.2632559802510634,2.750147267378901,E,2013-06-07
FBHS,FBHS.W^E14,2013-06-07,ESG-EGARCH(G),0.2632559802510633,2.750147267378899,G,2013-06-07
FBHS,FBHS.W^E14,2013-06-07,ESG-EGARCH(S),0.2632559802510634,2.7501472673789,S,2013-06-07
FBHS,FBHS.W^E14,2013-06-07,ESG-GARCH,0.3524687926050133,4.929930546049043,all,2013-06-07
FBHS,FBHS.W^E14,2013-06-07,ESG-GARCH(E),0.3524687926050134,4.929930546049044,E,2013-06-07
FBHS,FBHS.W^E14,2013-06-07,ESG-GARCH(G),0.3524687926050133,4.929930546049042,G,2013-06-07
FBHS,FBHS.W^E14,2013-06-07,ESG-GARCH(S),0.352468792605013,4.929930546049036,S,2013-06-07
FBHS,FBHS.W^E14,2013-06-07,ESG-GJR-GARCH,0.3912932934769061,6.075811171428737,all,2013-06-07
FBHS,FBHS.W^E14,2013-06-07,ESG-GJR-GARCH(E),0.3912932934769056,6.075811171428722,E,2013-06-07
FBHS,FBHS.W^E14,2013-06-07,ESG-GJR-GARCH(G),0.3912932934769058,6.07581117142873,G,2013-06-07
FBHS,FBHS.W^E14,2013-06-07,ESG-GJR-GARCH(S),0.3912932934769058,6.075811171428727,S,2013-06-07
FBHS,FBHS.W^E14,2013-06-07,GARCH,0.3479531772363444,4.804421172574084,,2013-06-07
FBHS,FBHS.W^E14,2013-06-07,GJR-GARCH,0.3854381050896679,5.895338605361662,,2013-06-07
FBHS,FBHS.W^E14,2013-06-10,EGARCH,0.275132143845269,3.0038768482894374,,2013-06-07
FBHS,FBHS.W^E14,2013-06-10,ESG-EGARCH,0.2632559802510643,2.750147267378919,all,2013-06-07
FBHS,FBHS.W^E14,2013-06-10,ESG-EGARCH(E),0.2632559802510634,2.750147267378901,E,2013-06-07
FBHS,FBHS.W^E14,2013-06-10,ESG-EGARCH(G),0.2632559802510633,2.750147267378899,G,2013-06-07
FBHS,FBHS.W^E14,2013-06-10,ESG-EGARCH(S),0.2632559802510634,2.7501472673789,S,2013-06-07
FBHS,FBHS.W^E14,2013-06-10,ESG-GARCH,0.3524687926050133,4.929930546049043,all,2013-06-07
FBHS,FBHS.W^E14,2013-06-10,ESG-GARCH(E),0.3524687926050134,4.929930546049044,E,2013-06-07
FBHS,FBHS.W^E14,2013-06-10,ESG-GARCH(G),0.3524687926050133,4.929930546049042,G,2013-06-07
FBHS,FBHS.W^E14,2013-06-10,ESG-GARCH(S),0.352468792605013,4.929930546049036,S,2013-06-07
FBHS,FBHS.W^E14,2013-06-10,ESG-GJR-GARCH,0.3912932934769061,6.075811171428737,all,2013-06-07
FBHS,FBHS.W^E14,2013-06-10,ESG-GJR-GARCH(E),0.3912932934769056,6.075811171428722,E,2013-06-07
FBHS,FBHS.W^E14,2013-06-10,ESG-GJR-GARCH(G),0.3912932934769058,6.07581117142873,G,2013-06-07
FBHS,FBHS.W^E14,2013-06-10,ESG-GJR-GARCH(S),0.3912932934769058,6.075811171428727,S,2013-06-07
FBHS,FBHS.W^E14,2013-06-10,GARCH,0.3479531772363444,4.804421172574084,,2013-06-07
FBHS,FBHS.W^E14,2013-06-10,GJR-GARCH,0.3854381050896679,5.895338605361662,,2013-06-07
FBHS,FBHS.W^E14,2013-06-11,EGARCH,0.275132143845269,3.0038768482894374,,2013-06-07
FBHS,FBHS.W^E14,2013-06-11,ESG-EGARCH,0.2632559802510643,2.750147267378919,all,2013-06-07
FBHS,FBHS.W^E14,2013-06-11,ESG-EGARCH(E),0.2632559802510634,2.750147267378901,E,2013-06-07
FBHS,FBHS.W^E14,2013-06-11,ESG-EGARCH(G),0.2632559802510633,2.750147267378899,G,2013-06-07
FBHS,FBHS.W^E14,2013-06-11,ESG-EGARCH(S),0.2632559802510634,2.7501472673789,S,2013-06-07
FBHS,FBHS.W^E14,2013-06-11,ESG-GARCH,0.3524687926050133,4.929930546049043,all,2013-06-07
FBHS,FBHS.W^E14,2013-06-11,ESG-GARCH(E),0.3524687926050134,4.929930546049044,E,2013-06-07
FBHS,FBHS.W^E14,2013-06-11,ESG-GARCH(G),0.3524687926050133,4.929930546049042,G,2013-06-07
FBHS,FBHS.W^E14,2013-06-11,ESG-GARCH(S),0.352468792605013,4.929930546049036,S,2013-06-07
FBHS,FBHS.W^E14,2013-06-11,ESG-GJR-GARCH,0.3912932934769061,6.075811171428737,all,2013-06-07
FBHS,FBHS.W^E14,2013-06-11,ESG-GJR-GARCH(E),0.3912932934769056,6.075811171428722,E,2013-06-07
FBHS,FBHS.W^E14,2013-06-11,ESG-GJR-GARCH(G),0.3912932934769058,6.07581117142873,G,2013-06-07
FBHS,FBHS.W^E14,2013-06-11,ESG-GJR-GARCH(S),0.3912932934769058,6.075811171428727,S,2013-06-07
FBHS,FBHS.W^E14,2013-06-11,GARCH,0.3479531772363444,4.804421172574084,,2013-06-07
FBHS,FBHS.W^E14,2013-06-11,GJR-GARCH,0.3854381050896679,5.895338605361662,,2013-06-07
FBHS,FBHS.W^E14,2013-06-12,EGARCH,0.275132143845269,3.0038768482894374,,2013-06-07
FBHS,FBHS.W^E14,2013-06-12,ESG-EGARCH,0.2632559802510643,2.750147267378919,all,2013-06-07
FBHS,FBHS.W^E14,2013-06-12,ESG-EGARCH(E),0.2632559802510634,2.750147267378901,E,2013-06-07
FBHS,FBHS.W^E14,2013-06-12,ESG-EGARCH(G),0.2632559802510633,2.750147267378899,G,2013-06-07
FBHS,FBHS.W^E14,2013-06-12,ESG-EGARCH(S),0.2632559802510634,2.7501472673789,S,2013-06-07
FBHS,FBHS.W^E14,2013-06-12,ESG-GARCH,0.3524687926050133,4.929930546049043,all,2013-06-07
FBHS,FBHS.W^E14,2013-06-12,ESG-GARCH(E),0.3524687926050134,4.929930546049044,E,2013-06-07
FBHS,FBHS.W^E14,2013-06-12,ESG-GARCH(G),0.3524687926050133,4.929930546049042,G,2013-06-07
FBHS,FBHS.W^E14,2013-06-12,ESG-GARCH(S),0.352468792605013,4.929930546049036,S,2013-06-07
FBHS,FBHS.W^E14,2013-06-12,ESG-GJR-GARCH,0.3912932934769061,6.075811171428737,all,2013-06-07
FBHS,FBHS.W^E14,2013-06-12,ESG-GJR-GARCH(E),0.3912932934769056,6.075811171428722,E,2013-06-07
FBHS,FBHS.W^E14,2013-06-12,ESG-GJR-GARCH(G),0.3912932934769058,6.07581117142873,G,2013-06-07
FBHS,FBHS.W^E14,2013-06-12,ESG-GJR-GARCH(S),0.3912932934769058,6.075811171428727,S,2013-06-07
FBHS,FBHS.W^E14,2013-06-12,GARCH,0.3479531772363444,4.804421172574084,,2013-06-07
FBHS,FBHS.W^E14,2013-06-12,GJR-GARCH,0.3854381050896679,5.895338605361662,,2013-06-07
FBHS,FBHS.W^E14,2013-06-13,EGARCH,0.275132143845269,3.0038768482894374,,2013-06-07
FBHS,FBHS.W^E14,2013-06-13,ESG-EGARCH,0.2632559802510643,2.750147267378919,all,2013-06-07
FBHS,FBHS.W^E14,2013-06-13,ESG-EGARCH(E),0.2632559802510634,2.750147267378901,E,2013-06-07
FBHS,FBHS.W^E14,2013-06-13,ESG-EGARCH(G),0.2632559802510633,2.750147267378899,G,2013-06-07
FBHS,FBHS.W^E14,2013-06-13,ESG-EGARCH(S),0.2632559802510634,2.7501472673789,S,2013-06-07
FBHS,FBHS.W^E14,2013-06-13,ESG-GARCH,0.3524687926050133,4.929930546049043,all,2013-06-07
FBHS,FBHS.W^E14,2013-06-13,ESG-GARCH(E),0.3524687926050134,4.929930546049044,E,2013-06-07
FBHS,FBHS.W^E14,2013-06-13,ESG-GARCH(G),0.3524687926050133,4.929930546049042,G,2013-06-07
FBHS,FBHS.W^E14,2013-06-13,ESG-GARCH(S),0.352468792605013,4.929930546049036,S,2013-06-07
FBHS,FBHS.W^E14,2013-06-13,ESG-GJR-GARCH,0.3912932934769061,6.075811171428737,all,2013-06-07
FBHS,FBHS.W^E14,2013-06-13,ESG-GJR-GARCH(E),0.3912932934769056,6.075811171428722,E,2013-06-07
FBHS,FBHS.W^E14,2013-06-13,ESG-GJR-GARCH(G),0.3912932934769058,6.07581117142873,G,2013-06-07
FBHS,FBHS.W^E14,2013-06-13,ESG-GJR-GARCH(S),0.3912932934769058,6.075811171428727,S,2013-06-07
FBHS,FBHS.W^E14,2013-06-13,GARCH,0.3479531772363444,4.804421172574084,,2013-06-07
FBHS,FBHS.W^E14,2013-06-13,GJR-GARCH,0.3854381050896679,5.895338605361662,,2013-06-07
FBHS,FBHS.W^E14,2013-06-14,EGARCH,0.275132143845269,3.0038768482894374,,2013-06-07
FBHS,FBHS.W^E14,2013-06-14,ESG-EGARCH,0.2632559802510643,2.750147267378919,all,2013-06-07
FBHS,FBHS.W^E14,2013-06-14,ESG-EGARCH(E),0.2632559802510634,2.750147267378901,E,2013-06-07
FBHS,FBHS.W^E14,2013-06-14,ESG-EGARCH(G),0.2632559802510633,2.750147267378899,G,2013-06-07
FBHS,FBHS.W^E14,2013-06-14,ESG-EGARCH(S),0.2632559802510634,2.7501472673789,S,2013-06-07
FBHS,FBHS.W^E14,2013-06-14,ESG-GARCH,0.3524687926050133,4.929930546049043,all,2013-06-07
FBHS,FBHS.W^E14,2013-06-14,ESG-GARCH(E),0.3524687926050134,4.929930546049044,E,2013-06-07
FBHS,FBHS.W^E14,2013-06-14,ESG-GARCH(G),0.3524687926050133,4.929930546049042,G,2013-06-07
FBHS,FBHS.W^E14,2013-06-14,ESG-GARCH(S),0.352468792605013,4.929930546049036,S,2013-06-07
FBHS,FBHS.W^E14,2013-06-14,ESG-GJR-GARCH,0.3912932934769061,6.075811171428737,all,2013-06-07
FBHS,FBHS.W^E14,2013-06-14,ESG-GJR-GARCH(E),0.3912932934769056,6.075811171428722,E,2013-06-07
FBHS,FBHS.W^E14,2013-06-14,ESG-GJR-GARCH(G),0.3912932934769058,6.07581117142873,G,2013-06-07
FBHS,FBHS.W^E14,2013-06-14,ESG-GJR-GARCH(S),0.3912932934769058,6.075811171428727,S,2013-06-07
FBHS,FBHS.W^E14,2013-06-14,GARCH,0.3479531772363444,4.804421172574084,,2013-06-07
FBHS,FBHS.W^E14,2013-06-14,GJR-GARCH,0.3854381050896679,5.895338605361662,,2013-06-07
FBHS,FBHS.W^E14,2013-06-17,EGARCH,0.275132143845269,3.0038768482894374,,2013-06-07
FBHS,FBHS.W^E14,2013-06-17,ESG-EGARCH,0.2632559802510643,2.750147267378919,all,2013-06-07
FBHS,FBHS.W^E14,2013-06-17,ESG-EGARCH(E),0.2632559802510634,2.750147267378901,E,2013-06-07
FBHS,FBHS.W^E14,2013-06-17,ESG-EGARCH(G),0.2632559802510633,2.750147267378899,G,2013-06-07
FBHS,FBHS.W^E14,2013-06-17,ESG-EGARCH(S),0.2632559802510634,2.7501472673789,S,2013-06-07
FBHS,FBHS.W^E14,2013-06-17,ESG-GARCH,0.3524687926050133,4.929930546049043,all,2013-06-07
FBHS,FBHS.W^E14,2013-06-17,ESG-GARCH(E),0.3524687926050134,4.929930546049044,E,2013-06-07
FBHS,FBHS.W^E14,2013-06-17,ESG-GARCH(G),0.3524687926050133,4.929930546049042,G,2013-06-07
FBHS,FBHS.W^E14,2013-06-17,ESG-GARCH(S),0.352468792605013,4.929930546049036,S,2013-06-07
FBHS,FBHS.W^E14,2013-06-17,ESG-GJR-GARCH,0.3912932934769061,6.075811171428737,all,2013-06-07
FBHS,FBHS.W^E14,2013-06-17,ESG-GJR-GARCH(E),0.3912932934769056,6.075811171428722,E,2013-06-07
FBHS,FBHS.W^E14,2013-06-17,ESG-GJR-GARCH(G),0.3912932934769058,6.07581117142873,G,2013-06-07
FBHS,FBHS.W^E14,2013-06-17,ESG-GJR-GARCH(S),0.3912932934769058,6.075811171428727,S,2013-06-07
FBHS,FBHS.W^E14,2013-06-17,GARCH,0.3479531772363444,4.804421172574084,,2013-06-07
FBHS,FBHS.W^E14,2013-06-17,GJR-GARCH,0.3854381050896679,5.895338605361662,,2013-06-07
FBHS,FBHS.W^E14,2013-06-18,EGARCH,0.275132143845269,3.0038768482894374,,2013-06-07
FBHS,FBHS.W^E14,2013-06-18,ESG-EGARCH,0.2632559802510643,2.750147267378919,all,2013-06-07
FBHS,FBHS.W^E14,2013-06-18,ESG-EGARCH(E),0.2632559802510634,2.750147267378901,E,2013-06-07
FBHS,FBHS.W^E14,2013-06-18,ESG-EGARCH(G),0.2632559802510633,2.750147267378899,G,2013-06-07
FBHS,FBHS.W^E14,2013-06-18,ESG-EGARCH(S),0.2632559802510634,2.7501472673789,S,2013-06-07
FBHS,FBHS.W^E14,2013-06-18,ESG-GARCH,0.3524687926050133,4.929930546049043,all,2013-06-07
FBHS,FBHS.W^E14,2013-06-18,ESG-GARCH(E),0.3524687926050134,4.929930546049044,E,2013-06-07
FBHS,FBHS.W^E14,2013-06-18,ESG-GARCH(G),0.3524687926050133,4.929930546049042,G,2013-06-07
FBHS,FBHS.W^E14,2013-06-18,ESG-GARCH(S),0.352468792605013,4.929930546049036,S,2013-06-07
FBHS,FBHS.W^E14,2013-06-18,ESG-GJR-GARCH,0.3912932934769061,6.075811171428737,all,2013-06-07
FBHS,FBHS.W^E14,2013-06-18,ESG-GJR-GARCH(E),0.3912932934769056,6.075811171428722,E,2013-06-07
FBHS,FBHS.W^E14,2013-06-18,ESG-GJR-GARCH(G),0.3912932934769058,6.07581117142873,G,2013-06-07
FBHS,FBHS.W^E14,2013-06-18,ESG-GJR-GARCH(S),0.3912932934769058,6.075811171428727,S,2013-06-07
FBHS,FBHS.W^E14,2013-06-18,GARCH,0.3479531772363444,4.804421172574084,,2013-06-07
FBHS,FBHS.W^E14,2013-06-18,GJR-GARCH,0.3854381050896679,5.895338605361662,,2013-06-07
FBHS,FBHS.W^E14,2013-06-19,EGARCH,0.275132143845269,3.0038768482894374,,2013-06-07
FBHS,FBHS.W^E14,2013-06-19,ESG-EGARCH,0.2632559802510643,2.750147267378919,all,2013-06-07
FBHS,FBHS.W^E14,2013-06-19,ESG-EGARCH(E),0.2632559802510634,2.750147267378901,E,2013-06-07
FBHS,FBHS.W^E14,2013-06-19,ESG-EGARCH(G),0.2632559802510633,2.750147267378899,G,2013-06-07
FBHS,FBHS.W^E14,2013-06-19,ESG-EGARCH(S),0.2632559802510634,2.7501472673789,S,2013-06-07
FBHS,FBHS.W^E14,2013-06-19,ESG-GARCH,0.3524687926050133,4.929930546049043,all,2013-06-07
FBHS,FBHS.W^E14,2013-06-19,ESG-GARCH(E),0.3524687926050134,4.929930546049044,E,2013-06-07
FBHS,FBHS.W^E14,2013-06-19,ESG-GARCH(G),0.3524687926050133,4.929930546049042,G,2013-06-07
FBHS,FBHS.W^E14,2013-06-19,ESG-GARCH(S),0.352468792605013,4.929930546049036,S,2013-06-07
FBHS,FBHS.W^E14,2013-06-19,ESG-GJR-GARCH,0.3912932934769061,6.075811171428737,all,2013-06-07
FBHS,FBHS.W^E14,2013-06-19,ESG-GJR-GARCH(E),0.3912932934769056,6.075811171428722,E,2013-06-07
FBHS,FBHS.W^E14,2013-06-19,ESG-GJR-GARCH(G),0.3912932934769058,6.07581117142873,G,2013-06-07
FBHS,FBHS.W^E14,2013-06-19,ESG-GJR-GARCH(S),0.3912932934769058,6.075811171428727,S,2013-06-07
FBHS,FBHS.W^E14,2013-06-19,GARCH,0.3479531772363444,4.804421172574084,,2013-06-07
FBHS,FBHS.W^E14,2013-06-19,GJR-GARCH,0.3854381050896679,5.895338605361662,,2013-06-07
FBHS,FBHS.W^E14,2013-06-20,EGARCH,0.275132143845269,3.0038768482894374,,2013-06-07
FBHS,FBHS.W^E14,2013-06-20,ESG-EGARCH,0.2632559802510643,2.750147267378919,all,2013-06-07
FBHS,FBHS.W^E14,2013-06-20,ESG-EGARCH(E),0.2632559802510634,2.750147267378901,E,2013-06-07
FBHS,FBHS.W^E14,2013-06-20,ESG-EGARCH(G),0.2632559802510633,2.750147267378899,G,2013-06-07
FBHS,FBHS.W^E14,2013-06-20,ESG-EGARCH(S),0.2632559802510634,2.7501472673789,S,2013-06-07
FBHS,FBHS.W^E14,2013-06-20,ESG-GARCH,0.3524687926050133,4.929930546049043,all,2013-06-07
FBHS,FBHS.W^E14,2013-06-20,ESG-GARCH(E),0.3524687926050134,4.929930546049044,E,2013-06-07
FBHS,FBHS.W^E14,2013-06-20,ESG-GARCH(G),0.3524687926050133,4.929930546049042,G,2013-06-07
FBHS,FBHS.W^E14,2013-06-20,ESG-GARCH(S),0.352468792605013,4.929930546049036,S,2013-06-07
FBHS,FBHS.W^E14,2013-06-20,ESG-GJR-GARCH,0.3912932934769061,6.075811171428737,all,2013-06-07
FBHS,FBHS.W^E14,2013-06-20,ESG-GJR-GARCH(E),0.3912932934769056,6.075811171428722,E,2013-06-07
FBHS,FBHS.W^E14,2013-06-20,ESG-GJR-GARCH(G),0.3912932934769058,6.07581117142873,G,2013-06-07
FBHS,FBHS.W^E14,2013-06-20,ESG-GJR-GARCH(S),0.3912932934769058,6.075811171428727,S,2013-06-07
FBHS,FBHS.W^E14,2013-06-20,GARCH,0.3479531772363444,4.804421172574084,,2013-06-07
FBHS,FBHS.W^E14,2013-06-20,GJR-GARCH,0.3854381050896679,5.895338605361662,,2013-06-07
FBHS,FBHS.W^E14,2013-06-21,EGARCH,0.275132143845269,3.0038768482894374,,2013-06-07
FBHS,FBHS.W^E14,2013-06-21,ESG-EGARCH,0.2632559802510643,2.750147267378919,all,2013-06-07
FBHS,FBHS.W^E14,2013-06-21,ESG-EGARCH(E),0.2632559802510634,2.750147267378901,E,2013-06-07
FBHS,FBHS.W^E14,2013-06-21,ESG-EGARCH(G),0.2632559802510633,2.750147267378899,G,2013-06-07
FBHS,FBHS.W^E14,2013-06-21,ESG-EGARCH(S),0.2632559802510634,2.7501472673789,S,2013-06-07
FBHS,FBHS.W^E14,2013-06-21,ESG-GARCH,0.3524687926050133,4.929930546049043,all,2013-06-07
FBHS,FBHS.W^E14,2013-06-21,ESG-GARCH(E),0.3524687926050134,4.929930546049044,E,2013-06-07
FBHS,FBHS.W^E14,2013-06-21,ESG-GARCH(G),0.3524687926050133,4.929930546049042,G,2013-06-07
FBHS,FBHS.W^E14,2013-06-21,ESG-GARCH(S),0.352468792605013,4.929930546049036,S,2013-06-07
FBHS,FBHS.W^E14,2013-06-21,ESG-GJR-GARCH,0.3912932934769061,6.075811171428737,all,2013-06-07
FBHS,FBHS.W^E14,2013-06-21,ESG-GJR-GARCH(E),0.3912932934769056,6.075811171428722,E,2013-06-07
FBHS,FBHS.W^E14,2013-06-21,ESG-GJR-GARCH(G),0.3912932934769058,6.07581117142873,G,2013-06-07
FBHS,FBHS.W^E14,2013-06-21,ESG-GJR-GARCH(S),0.3912932934769058,6.075811171428727,S,2013-06-07
FBHS,FBHS.W^E14,2013-06-21,GARCH,0.3479531772363444,4.804421172574084,,2013-06-07
FBHS,FBHS.W^E14,2013-06-21,GJR-GARCH,0.3854381050896679,5.895338605361662,,2013-06-07
FBHS,FBHS.W^E14,2013-06-24,EGARCH,0.275132143845269,3.0038768482894374,,2013-06-07
FBHS,FBHS.W^E14,2013-06-24,ESG-EGARCH,0.2632559802510643,2.750147267378919,all,2013-06-07
FBHS,FBHS.W^E14,2013-06-24,ESG-EGARCH(E),0.2632559802510634,2.750147267378901,E,2013-06-07
FBHS,FBHS.W^E14,2013-06-24,ESG-EGARCH(G),0.2632559802510633,2.750147267378899,G,2013-06-07
FBHS,FBHS.W^E14,2013-06-24,ESG-EGARCH(S),0.2632559802510634,2.7501472673789,S,2013-06-07
FBHS,FBHS.W^E14,2013-06-24,ESG-GARCH,0.3524687926050133,4.929930546049043,all,2013-06-07
FBHS,FBHS.W^E14,2013-06-24,ESG-GARCH(E),0.3524687926050134,4.929930546049044,E,2013-06-07
FBHS,FBHS.W^E14,2013-06-24,ESG-GARCH(G),0.3524687926050133,4.929930546049042,G,2013-06-07
FBHS,FBHS.W^E14,2013-06-24,ESG-GARCH(S),0.352468792605013,4.929930546049036,S,2013-06-07
FBHS,FBHS.W^E14,2013-06-24,ESG-GJR-GARCH,0.3912932934769061,6.075811171428737,all,2013-06-07
FBHS,FBHS.W^E14,2013-06-24,ESG-GJR-GARCH(E),0.3912932934769056,6.075811171428722,E,2013-06-07
FBHS,FBHS.W^E14,2013-06-24,ESG-GJR-GARCH(G),0.3912932934769058,6.07581117142873,G,2013-06-07
FBHS,FBHS.W^E14,2013-06-24,ESG-GJR-GARCH(S),0.3912932934769058,6.075811171428727,S,2013-06-07
FBHS,FBHS.W^E14,2013-06-24,GARCH,0.3479531772363444,4.804421172574084,,2013-06-07
FBHS,FBHS.W^E14,2013-06-24,GJR-GARCH,0.3854381050896679,5.895338605361662,,2013-06-07
FBHS,FBHS.W^E14,2013-06-25,EGARCH,0.275132143845269,3.0038768482894374,,2013-06-07
FBHS,FBHS.W^E14,2013-06-25,ESG-EGARCH,0.2632559802510643,2.750147267378919,all,2013-06-07
FBHS,FBHS.W^E14,2013-06-25,ESG-EGARCH(E),0.2632559802510634,2.750147267378901,E,2013-06-07
FBHS,FBHS.W^E14,2013-06-25,ESG-EGARCH(G),0.2632559802510633,2.750147267378899,G,2013-06-07
FBHS,FBHS.W^E14,2013-06-25,ESG-EGARCH(S),0.2632559802510634,2.7501472673789,S,2013-06-07
FBHS,FBHS.W^E14,2013-06-25,ESG-GARCH,0.3524687926050133,4.929930546049043,all,2013-06-07
FBHS,FBHS.W^E14,2013-06-25,ESG-GARCH(E),0.3524687926050134,4.929930546049044,E,2013-06-07
FBHS,FBHS.W^E14,2013-06-25,ESG-GARCH(G),0.3524687926050133,4.929930546049042,G,2013-06-07
FBHS,FBHS.W^E14,2013-06-25,ESG-GARCH(S),0.352468792605013,4.929930546049036,S,2013-06-07
FBHS,FBHS.W^E14,2013-06-25,ESG-GJR-GARCH,0.3912932934769061,6.075811171428737,all,2013-06-07
FBHS,FBHS.W^E14,2013-06-25,ESG-GJR-GARCH(E),0.3912932934769056,6.075811171428722,E,2013-06-07
FBHS,FBHS.W^E14,2013-06-25,ESG-GJR-GARCH(G),0.3912932934769058,6.07581117142873,G,2013-06-07
FBHS,FBHS.W^E14,2013-06-25,ESG-GJR-GARCH(S),0.3912932934769058,6.075811171428727,S,2013-06-07
FBHS,FBHS.W^E14,2013-06-25,GARCH,0.3479531772363444,4.804421172574084,,2013-06-07
FBHS,FBHS.W^E14,2013-06-25,GJR-GARCH,0.3854381050896679,5.895338605361662,,2013-06-07
FBHS,FBHS.W^E14,2013-06-26,EGARCH,0.275132143845269,3.0038768482894374,,2013-06-07
FBHS,FBHS.W^E14,2013-06-26,ESG-EGARCH,0.2632559802510643,2.750147267378919,all,2013-06-07
FBHS,FBHS.W^E14,2013-06-26,ESG-EGARCH(E),0.2632559802510634,2.750147267378901,E,2013-06-07
FBHS,FBHS.W^E14,2013-06-26,ESG-EGARCH(G),0.2632559802510633,2.750147267378899,G,2013-06-07
FBHS,FBHS.W^E14,2013-06-26,ESG-EGARCH(S),0.2632559802510634,2.7501472673789,S,2013-06-07
FBHS,FBHS.W^E14,2013-06-26,ESG-GARCH,0.3524687926050133,4.929930546049043,all,2013-06-07
FBHS,FBHS.W^E14,2013-06-26,ESG-GARCH(E),0.3524687926050134,4.929930546049044,E,2013-06-07
FBHS,FBHS.W^E14,2013-06-26,ESG-GARCH(G),0.3524687926050133,4.929930546049042,G,2013-06-07
FBHS,FBHS.W^E14,2013-06-26,ESG-GARCH(S),0.352468792605013,4.929930546049036,S,2013-06-07
FBHS,FBHS.W^E14,2013-06-26,ESG-GJR-GARCH,0.3912932934769061,6.075811171428737,all,2013-06-07
FBHS,FBHS.W^E14,2013-06-26,ESG-GJR-GARCH(E),0.3912932934769056,6.075811171428722,E,2013-06-07
FBHS,FBHS.W^E14,2013-06-26,ESG-GJR-GARCH(G),0.3912932934769058,6.07581117142873,G,2013-06-07
FBHS,FBHS.W^E14,2013-06-26,ESG-GJR-GARCH(S),0.3912932934769058,6.075811171428727,S,2013-06-07
FBHS,FBHS.W^E14,2013-06-26,GARCH,0.3479531772363444,4.804421172574084,,2013-06-07
FBHS,FBHS.W^E14,2013-06-26,GJR-GARCH,0.3854381050896679,5.895338605361662,,2013-06-07
FBHS,FBHS.W^E14,2013-06-27,EGARCH,0.275132143845269,3.0038768482894374,,2013-06-07
FBHS,FBHS.W^E14,2013-06-27,ESG-EGARCH,0.2632559802510643,2.750147267378919,all,2013-06-07
FBHS,FBHS.W^E14,2013-06-27,ESG-EGARCH(E),0.2632559802510634,2.750147267378901,E,2013-06-07
FBHS,FBHS.W^E14,2013-06-27,ESG-EGARCH(G),0.2632559802510633,2.750147267378899,G,2013-06-07
FBHS,FBHS.W^E14,2013-06-27,ESG-EGARCH(S),0.2632559802510634,2.7501472673789,S,2013-06-07
FBHS,FBHS.W^E14,2013-06-27,ESG-GARCH,0.3524687926050133,4.929930546049043,all,2013-06-07
FBHS,FBHS.W^E14,2013-06-27,ESG-GARCH(E),0.3524687926050134,4.929930546049044,E,2013-06-07
FBHS,FBHS.W^E14,2013-06-27,ESG-GARCH(G),0.3524687926050133,4.929930546049042,G,2013-06-07
FBHS,FBHS.W^E14,2013-06-27,ESG-GARCH(S),0.352468792605013,4.929930546049036,S,2013-06-07
FBHS,FBHS.W^E14,2013-06-27,ESG-GJR-GARCH,0.3912932934769061,6.075811171428737,all,2013-06-07
FBHS,FBHS.W^E14,2013-06-27,ESG-GJR-GARCH(E),0.3912932934769056,6.075811171428722,E,2013-06-07
FBHS,FBHS.W^E14,2013-06-27,ESG-GJR-GARCH(G),0.3912932934769058,6.07581117142873,G,2013-06-07
FBHS,FBHS.W^E14,2013-06-27,ESG-GJR-GARCH(S),0.3912932934769058,6.075811171428727,S,2013-06-07
FBHS,FBHS.W^E14,2013-06-27,GARCH,0.3479531772363444,4.804421172574084,,2013-06-07
FBHS,FBHS.W^E14,2013-06-27,GJR-GARCH,0.3854381050896679,5.895338605361662,,2013-06-07
FBHS,FBHS.W^E14,2013-06-28,EGARCH,0.275132143845269,3.0038768482894374,,2013-06-07
FBHS,FBHS.W^E14,2013-06-28,ESG-EGARCH,0.2632559802510643,2.750147267378919,all,2013-06-07
FBHS,FBHS.W^E14,2013-06-28,ESG-EGARCH(E),0.2632559802510634,2.750147267378901,E,2013-06-07
FBHS,FBHS.W^E14,2013-06-28,ESG-EGARCH(G),0.2632559802510633,2.750147267378899,G,2013-06-07
FBHS,FBHS.W^E14,2013-06-28,ESG-EGARCH(S),0.2632559802510634,2.7501472673789,S,2013-06-07
FBHS,FBHS.W^E14,2013-06-28,ESG-GARCH,0.3524687926050133,4.929930546049043,all,2013-06-07
FBHS,FBHS.W^E14,2013-06-28,ESG-GARCH(E),0.3524687926050134,4.929930546049044,E,2013-06-07
FBHS,FBHS.W^E14,2013-06-28,ESG-GARCH(G),0.3524687926050133,4.929930546049042,G,2013-06-07
FBHS,FBHS.W^E14,2013-06-28,ESG-GARCH(S),0.352468792605013,4.929930546049036,S,2013-06-07
FBHS,FBHS.W^E14,2013-06-28,ESG-GJR-GARCH,0.3912932934769061,6.075811171428737,all,2013-06-07
FBHS,FBHS.W^E14,2013-06-28,ESG-GJR-GARCH(E),0.3912932934769056,6.075811171428722,E,2013-06-07
FBHS,FBHS.W^E14,2013-06-28,ESG-GJR-GARCH(G),0.3912932934769058,6.07581117142873,G,2013-06-07
FBHS,FBHS.W^E14,2013-06-28,ESG-GJR-GARCH(S),0.3912932934769058,6.075811171428727,S,2013-06-07
FBHS,FBHS.W^E14,2013-06-28,GARCH,0.3479531772363444,4.804421172574084,,2013-06-07
FBHS,FBHS.W^E14,2013-06-28,GJR-GARCH,0.3854381050896679,5.895338605361662,,2013-06-07
FBHS,FBHS.W^E14,2013-07-01,EGARCH,0.275132143845269,3.0038768482894374,,2013-06-07
FBHS,FBHS.W^E14,2013-07-01,ESG-EGARCH,0.2632559802510643,2.750147267378919,all,2013-06-07
FBHS,FBHS.W^E14,2013-07-01,ESG-EGARCH(E),0.2632559802510634,2.750147267378901,E,2013-06-07
FBHS,FBHS.W^E14,2013-07-01,ESG-EGARCH(G),0.2632559802510633,2.750147267378899,G,2013-06-07
FBHS,FBHS.W^E14,2013-07-01,ESG-EGARCH(S),0.2632559802510634,2.7501472673789,S,2013-06-07
FBHS,FBHS.W^E14,2013-07-01,ESG-GARCH,0.3524687926050133,4.929930546049043,all,2013-06-07
FBHS,FBHS.W^E14,2013-07-01,ESG-GARCH(E),0.3524687926050134,4.929930546049044,E,2013-06-07
FBHS,FBHS.W^E14,2013-07-01,ESG-GARCH(G),0.3524687926050133,4.929930546049042,G,2013-06-07
FBHS,FBHS.W^E14,2013-07-01,ESG-GARCH(S),0.352468792605013,4.929930546049036,S,2013-06-07
FBHS,FBHS.W^E14,2013-07-01,ESG-GJR-GARCH,0.3912932934769061,6.075811171428737,all,2013-06-07
FBHS,FBHS.W^E14,2013-07-01,ESG-GJR-GARCH(E),0.3912932934769056,6.075811171428722,E,2013-06-07
FBHS,FBHS.W^E14,2013-07-01,ESG-GJR-GARCH(G),0.3912932934769058,6.07581117142873,G,2013-06-07
FBHS,FBHS.W^E14,2013-07-01,ESG-GJR-GARCH(S),0.3912932934769058,6.075811171428727,S,2013-06-07
FBHS,FBHS.W^E14,2013-07-01,GARCH,0.3479531772363444,4.804421172574084,,2013-06-07
FBHS,FBHS.W^E14,2013-07-01,GJR-GARCH,0.3854381050896679,5.895338605361662,,2013-06-07
FBHS,FBHS.W^E14,2013-07-02,EGARCH,0.275132143845269,3.0038768482894374,,2013-06-07
FBHS,FBHS.W^E14,2013-07-02,ESG-EGARCH,0.2632559802510643,2.750147267378919,all,2013-06-07
FBHS,FBHS.W^E14,2013-07-02,ESG-EGARCH(E),0.2632559802510634,2.750147267378901,E,2013-06-07
FBHS,FBHS.W^E14,2013-07-02,ESG-EGARCH(G),0.2632559802510633,2.750147267378899,G,2013-06-07
FBHS,FBHS.W^E14,2013-07-02,ESG-EGARCH(S),0.2632559802510634,2.7501472673789,S,2013-06-07
FBHS,FBHS.W^E14,2013-07-02,ESG-GARCH,0.3524687926050133,4.929930546049043,all,2013-06-07
FBHS,FBHS.W^E14,2013-07-02,ESG-GARCH(E),0.3524687926050134,4.929930546049044,E,2013-06-07
FBHS,FBHS.W^E14,2013-07-02,ESG-GARCH(G),0.3524687926050133,4.929930546049042,G,2013-06-07
FBHS,FBHS.W^E14,2013-07-02,ESG-GARCH(S),0.352468792605013,4.929930546049036,S,2013-06-07
FBHS,FBHS.W^E14,2013-07-02,ESG-GJR-GARCH,0.3912932934769061,6.075811171428737,all,2013-06-07
FBHS,FBHS.W^E14,2013-07-02,ESG-GJR-GARCH(E),0.3912932934769056,6.075811171428722,E,2013-06-07
FBHS,FBHS.W^E14,2013-07-02,ESG-GJR-GARCH(G),0.3912932934769058,6.07581117142873,G,2013-06-07
FBHS,FBHS.W^E14,2013-07-02,ESG-GJR-GARCH(S),0.3912932934769058,6.075811171428727,S,2013-06-07
FBHS,FBHS.W^E14,2013-07-02,GARCH,0.3479531772363444,4.804421172574084,,2013-06-07
FBHS,FBHS.W^E14,2013-07-02,GJR-GARCH,0.3854381050896679,5.895338605361662,,2013-06-07
FBHS,FBHS.W^E14,2013-07-03,EGARCH,0.275132143845269,3.0038768482894374,,2013-06-07
FBHS,FBHS.W^E14,2013-07-03,ESG-EGARCH,0.2632559802510643,2.750147267378919,all,2013-06-07
FBHS,FBHS.W^E14,2013-07-03,ESG-EGARCH(E),0.2632559802510634,2.750147267378901,E,2013-06-07
FBHS,FBHS.W^E14,2013-07-03,ESG-EGARCH(G),0.2632559802510633,2.750147267378899,G,2013-06-07
FBHS,FBHS.W^E14,2013-07-03,ESG-EGARCH(S),0.2632559802510634,2.7501472673789,S,2013-06-07
FBHS,FBHS.W^E14,2013-07-03,ESG-GARCH,0.3524687926050133,4.929930546049043,all,2013-06-07
FBHS,FBHS.W^E14,2013-07-03,ESG-GARCH(E),0.3524687926050134,4.929930546049044,E,2013-06-07
FBHS,FBHS.W^E14,2013-07-03,ESG-GARCH(G),0.3524687926050133,4.929930546049042,G,2013-06-07
FBHS,FBHS.W^E14,2013-07-03,ESG-GARCH(S),0.352468792605013,4.929930546049036,S,2013-06-07
FBHS,FBHS.W^E14,2013-07-03,ESG-GJR-GARCH,0.3912932934769061,6.075811171428737,all,2013-06-07
FBHS,FBHS.W^E14,2013-07-03,ESG-GJR-GARCH(E),0.3912932934769056,6.075811171428722,E,2013-06-07
FBHS,FBHS.W^E14,2013-07-03,ESG-GJR-GARCH(G),0.3912932934769058,6.07581117142873,G,2013-06-07
FBHS,FBHS.W^E14,2013-07-03,ESG-GJR-GARCH(S),0.3912932934769058,6.075811171428727,S,2013-06-07
FBHS,FBHS.W^E14,2013-07-03,GARCH,0.3479531772363444,4.804421172574084,,2013-06-07
FBHS,FBHS.W^E14,2013-07-03,GJR-GARCH,0.3854381050896679,5.895338605361662,,2013-06-07
FBHS,FBHS.W^E14,2013-07-05,EGARCH,0.275132143845269,3.0038768482894374,,2013-06-07
FBHS,FBHS.W^E14,2013-07-05,ESG-EGARCH,0.2632559802510643,2.750147267378919,all,2013-06-07
FBHS,FBHS.W^E14,2013-07-05,ESG-EGARCH(E),0.2632559802510634,2.750147267378901,E,2013-06-07
FBHS,FBHS.W^E14,2013-07-05,ESG-EGARCH(G),0.2632559802510633,2.750147267378899,G,2013-06-07
FBHS,FBHS.W^E14,2013-07-05,ESG-EGARCH(S),0.2632559802510634,2.7501472673789,S,2013-06-07
FBHS,FBHS.W^E14,2013-07-05,ESG-GARCH,0.3524687926050133,4.929930546049043,all,2013-06-07
FBHS,FBHS.W^E14,2013-07-05,ESG-GARCH(E),0.3524687926050134,4.929930546049044,E,2013-06-07
FBHS,FBHS.W^E14,2013-07-05,ESG-GARCH(G),0.3524687926050133,4.929930546049042,G,2013-06-07
FBHS,FBHS.W^E14,2013-07-05,ESG-GARCH(S),0.352468792605013,4.929930546049036,S,2013-06-07
FBHS,FBHS.W^E14,2013-07-05,ESG-GJR-GARCH,0.3912932934769061,6.075811171428737,all,2013-06-07
FBHS,FBHS.W^E14,2013-07-05,ESG-GJR-GARCH(E),0.3912932934769056,6.075811171428722,E,2013-06-07
FBHS,FBHS.W^E14,2013-07-05,ESG-GJR-GARCH(G),0.3912932934769058,6.07581117142873,G,2013-06-07
FBHS,FBHS.W^E14,2013-07-05,ESG-GJR-GARCH(S),0.3912932934769058,6.075811171428727,S,2013-06-07
FBHS,FBHS.W^E14,2013-07-05,GARCH,0.3479531772363444,4.804421172574084,,2013-06-07
FBHS,FBHS.W^E14,2013-07-05,GJR-GARCH,0.3854381050896679,5.895338605361662,,2013-06-07
FBHS,FBHS.W^E14,2013-07-08,EGARCH,0.275132143845269,3.0038768482894374,,2013-06-07
FBHS,FBHS.W^E14,2013-07-08,ESG-EGARCH,0.2632559802510643,2.750147267378919,all,2013-06-07
FBHS,FBHS.W^E14,2013-07-08,ESG-EGARCH(E),0.2632559802510634,2.750147267378901,E,2013-06-07
FBHS,FBHS.W^E14,2013-07-08,ESG-EGARCH(G),0.2632559802510633,2.750147267378899,G,2013-06-07
FBHS,FBHS.W^E14,2013-07-08,ESG-EGARCH(S),0.2632559802510634,2.7501472673789,S,2013-06-07
FBHS,FBHS.W^E14,2013-07-08,ESG-GARCH,0.3524687926050133,4.929930546049043,all,2013-06-07
FBHS,FBHS.W^E14,2013-07-08,ESG-GARCH(E),0.3524687926050134,4.929930546049044,E,2013-06-07
FBHS,FBHS.W^E14,2013-07-08,ESG-GARCH(G),0.3524687926050133,4.929930546049042,G,2013-06-07
FBHS,FBHS.W^E14,2013-07-08,ESG-GARCH(S),0.352468792605013,4.929930546049036,S,2013-06-07
FBHS,FBHS.W^E14,2013-07-08,ESG-GJR-GARCH,0.3912932934769061,6.075811171428737,all,2013-06-07
FBHS,FBHS.W^E14,2013-07-08,ESG-GJR-GARCH(E),0.3912932934769056,6.075811171428722,E,2013-06-07
FBHS,FBHS.W^E14,2013-07-08,ESG-GJR-GARCH(G),0.3912932934769058,6.07581117142873,G,2013-06-07
FBHS,FBHS.W^E14,2013-07-08,ESG-GJR-GARCH(S),0.3912932934769058,6.075811171428727,S,2013-06-07
FBHS,FBHS.W^E14,2013-07-08,GARCH,0.3479531772363444,4.804421172574084,,2013-06-07
FBHS,FBHS.W^E14,2013-07-08,GJR-GARCH,0.3854381050896679,5.895338605361662,,2013-06-07
FBHS,FBHS.W^E14,2013-07-09,EGARCH,0.275132143845269,3.0038768482894374,,2013-06-07
FBHS,FBHS.W^E14,2013-07-09,ESG-EGARCH,0.2632559802510643,2.750147267378919,all,2013-06-07
FBHS,FBHS.W^E14,2013-07-09,ESG-EGARCH(E),0.2632559802510634,2.750147267378901,E,2013-06-07
FBHS,FBHS.W^E14,2013-07-09,ESG-EGARCH(G),0.2632559802510633,2.750147267378899,G,2013-06-07
FBHS,FBHS.W^E14,2013-07-09,ESG-EGARCH(S),0.2632559802510634,2.7501472673789,S,2013-06-07
FBHS,FBHS.W^E14,2013-07-09,ESG-GARCH,0.3524687926050133,4.929930546049043,all,2013-06-07
FBHS,FBHS.W^E14,2013-07-09,ESG-GARCH(E),0.3524687926050134,4.929930546049044,E,2013-06-07
FBHS,FBHS.W^E14,2013-07-09,ESG-GARCH(G),0.3524687926050133,4.929930546049042,G,2013-06-07
FBHS,FBHS.W^E14,2013-07-09,ESG-GARCH(S),0.352468792605013,4.929930546049036,S,2013-06-07
FBHS,FBHS.W^E14,2013-07-09,ESG-GJR-GARCH,0.3912932934769061,6.075811171428737,all,2013-06-07
FBHS,FBHS.W^E14,2013-07-09,ESG-GJR-GARCH(E),0.3912932934769056,6.075811171428722,E,2013-06-07
FBHS,FBHS.W^E14,2013-07-09,ESG-GJR-GARCH(G),0.3912932934769058,6.07581117142873,G,2013-06-07
FBHS,FBHS.W^E14,2013-07-09,ESG-GJR-GARCH(S),0.3912932934769058,6.075811171428727,S,2013-06-07
FBHS,FBHS.W^E14,2013-07-09,GARCH,0.3479531772363444,4.804421172574084,,2013-06-07
FBHS,FBHS.W^E14,2013-07-09,GJR-GARCH,0.3854381050896679,5.895338605361662,,2013-06-07
FBHS,FBHS.W^E14,2013-07-10,EGARCH,0.2917254408925865,3.377132256506905,,2013-07-10
FBHS,FBHS.W^E14,2013-07-10,ESG-EGARCH,0.2868483112092992,3.2651568906201187,all,2013-07-10
FBHS,FBHS.W^E14,2013-07-10,ESG-EGARCH(E),0.2868483112092992,3.265156890620118,E,2013-07-10
FBHS,FBHS.W^E14,2013-07-10,ESG-EGARCH(G),0.2868483112092992,3.2651568906201187,G,2013-07-10
FBHS,FBHS.W^E14,2013-07-10,ESG-EGARCH(S),0.2868483112092992,3.2651568906201187,S,2013-07-10
FBHS,FBHS.W^E14,2013-07-10,ESG-GARCH,0.3376402641240469,4.5238471411808,all,2013-07-10
FBHS,FBHS.W^E14,2013-07-10,ESG-GARCH(E),0.3376402641240471,4.523847141180806,E,2013-07-10
FBHS,FBHS.W^E14,2013-07-10,ESG-GARCH(G),0.3376402641240472,4.523847141180808,G,2013-07-10
FBHS,FBHS.W^E14,2013-07-10,ESG-GARCH(S),0.3376402641240471,4.523847141180805,S,2013-07-10
FBHS,FBHS.W^E14,2013-07-10,ESG-GJR-GARCH,0.3583302590493695,5.095260894856676,all,2013-07-10
FBHS,FBHS.W^E14,2013-07-10,ESG-GJR-GARCH(E),0.3583302590493694,5.095260894856676,E,2013-07-10
FBHS,FBHS.W^E14,2013-07-10,ESG-GJR-GARCH(G),0.3583302590493695,5.095260894856677,G,2013-07-10
FBHS,FBHS.W^E14,2013-07-10,ESG-GJR-GARCH(S),0.3583302590493693,5.095260894856672,S,2013-07-10
FBHS,FBHS.W^E14,2013-07-10,GARCH,0.3342697989313501,4.433980098317668,,2013-07-10
FBHS,FBHS.W^E14,2013-07-10,GJR-GARCH,0.3526417748200209,4.934770688421205,,2013-07-10
FBHS,FBHS.W^E14,2013-07-11,EGARCH,0.2917254408925865,3.377132256506905,,2013-07-10
FBHS,FBHS.W^E14,2013-07-11,ESG-EGARCH,0.2868483112092992,3.2651568906201187,all,2013-07-10
FBHS,FBHS.W^E14,2013-07-11,ESG-EGARCH(E),0.2868483112092992,3.265156890620118,E,2013-07-10
FBHS,FBHS.W^E14,2013-07-11,ESG-EGARCH(G),0.2868483112092992,3.2651568906201187,G,2013-07-10
FBHS,FBHS.W^E14,2013-07-11,ESG-EGARCH(S),0.2868483112092992,3.2651568906201187,S,2013-07-10
FBHS,FBHS.W^E14,2013-07-11,ESG-GARCH,0.3376402641240469,4.5238471411808,all,2013-07-10
FBHS,FBHS.W^E14,2013-07-11,ESG-GARCH(E),0.3376402641240471,4.523847141180806,E,2013-07-10
FBHS,FBHS.W^E14,2013-07-11,ESG-GARCH(G),0.3376402641240472,4.523847141180808,G,2013-07-10
FBHS,FBHS.W^E14,2013-07-11,ESG-GARCH(S),0.3376402641240471,4.523847141180805,S,2013-07-10
FBHS,FBHS.W^E14,2013-07-11,ESG-GJR-GARCH,0.3583302590493695,5.095260894856676,all,2013-07-10
FBHS,FBHS.W^E14,2013-07-11,ESG-GJR-GARCH(E),0.3583302590493694,5.095260894856676,E,2013-07-10
FBHS,FBHS.W^E14,2013-07-11,ESG-GJR-GARCH(G),0.3583302590493695,5.095260894856677,G,2013-07-10
FBHS,FBHS.W^E14,2013-07-11,ESG-GJR-GARCH(S),0.3583302590493693,5.095260894856672,S,2013-07-10
FBHS,FBHS.W^E14,2013-07-11,GARCH,0.3342697989313501,4.433980098317668,,2013-07-10
FBHS,FBHS.W^E14,2013-07-11,GJR-GARCH,0.3526417748200209,4.934770688421205,,2013-07-10
FBHS,FBHS.W^E14,2013-07-12,EGARCH,0.2917254408925865,3.377132256506905,,2013-07-10
FBHS,FBHS.W^E14,2013-07-12,ESG-EGARCH,0.2868483112092992,3.2651568906201187,all,2013-07-10
FBHS,FBHS.W^E14,2013-07-12,ESG-EGARCH(E),0.2868483112092992,3.265156890620118,E,2013-07-10
FBHS,FBHS.W^E14,2013-07-12,ESG-EGARCH(G),0.2868483112092992,3.2651568906201187,G,2013-07-10
FBHS,FBHS.W^E14,2013-07-12,ESG-EGARCH(S),0.2868483112092992,3.2651568906201187,S,2013-07-10
FBHS,FBHS.W^E14,2013-07-12,ESG-GARCH,0.3376402641240469,4.5238471411808,all,2013-07-10
FBHS,FBHS.W^E14,2013-07-12,ESG-GARCH(E),0.3376402641240471,4.523847141180806,E,2013-07-10
FBHS,FBHS.W^E14,2013-07-12,ESG-GARCH(G),0.3376402641240472,4.523847141180808,G,2013-07-10
FBHS,FBHS.W^E14,2013-07-12,ESG-GARCH(S),0.3376402641240471,4.523847141180805,S,2013-07-10
FBHS,FBHS.W^E14,2013-07-12,ESG-GJR-GARCH,0.3583302590493695,5.095260894856676,all,2013-07-10
FBHS,FBHS.W^E14,2013-07-12,ESG-GJR-GARCH(E),0.3583302590493694,5.095260894856676,E,2013-07-10
FBHS,FBHS.W^E14,2013-07-12,ESG-GJR-GARCH(G),0.3583302590493695,5.095260894856677,G,2013-07-10
FBHS,FBHS.W^E14,2013-07-12,ESG-GJR-GARCH(S),0.3583302590493693,5.095260894856672,S,2013-07-10
FBHS,FBHS.W^E14,2013-07-12,GARCH,0.3342697989313501,4.433980098317668,,2013-07-10
FBHS,FBHS.W^E14,2013-07-12,GJR-GARCH,0.3526417748200209,4.934770688421205,,2013-07-10
FBHS,FBHS.W^E14,2013-07-15,EGARCH,0.2917254408925865,3.377132256506905,,2013-07-10
FBHS,FBHS.W^E14,2013-07-15,ESG-EGARCH,0.2868483112092992,3.2651568906201187,all,2013-07-10
FBHS,FBHS.W^E14,2013-07-15,ESG-EGARCH(E),0.2868483112092992,3.265156890620118,E,2013-07-10
FBHS,FBHS.W^E14,2013-07-15,ESG-EGARCH(G),0.2868483112092992,3.2651568906201187,G,2013-07-10
FBHS,FBHS.W^E14,2013-07-15,ESG-EGARCH(S),0.2868483112092992,3.2651568906201187,S,2013-07-10
FBHS,FBHS.W^E14,2013-07-15,ESG-GARCH,0.3376402641240469,4.5238471411808,all,2013-07-10
FBHS,FBHS.W^E14,2013-07-15,ESG-GARCH(E),0.3376402641240471,4.523847141180806,E,2013-07-10
FBHS,FBHS.W^E14,2013-07-15,ESG-GARCH(G),0.3376402641240472,4.523847141180808,G,2013-07-10
FBHS,FBHS.W^E14,2013-07-15,ESG-GARCH(S),0.3376402641240471,4.523847141180805,S,2013-07-10
FBHS,FBHS.W^E14,2013-07-15,ESG-GJR-GARCH,0.3583302590493695,5.095260894856676,all,2013-07-10
FBHS,FBHS.W^E14,2013-07-15,ESG-GJR-GARCH(E),0.3583302590493694,5.095260894856676,E,2013-07-10
FBHS,FBHS.W^E14,2013-07-15,ESG-GJR-GARCH(G),0.3583302590493695,5.095260894856677,G,2013-07-10
FBHS,FBHS.W^E14,2013-07-15,ESG-GJR-GARCH(S),0.3583302590493693,5.095260894856672,S,2013-07-10
FBHS,FBHS.W^E14,2013-07-15,GARCH,0.3342697989313501,4.433980098317668,,2013-07-10
FBHS,FBHS.W^E14,2013-07-15,GJR-GARCH,0.3526417748200209,4.934770688421205,,2013-07-10
FBHS,FBHS.W^E14,2013-07-16,EGARCH,0.2917254408925865,3.377132256506905,,2013-07-10
FBHS,FBHS.W^E14,2013-07-16,ESG-EGARCH,0.2868483112092992,3.2651568906201187,all,2013-07-10
FBHS,FBHS.W^E14,2013-07-16,ESG-EGARCH(E),0.2868483112092992,3.265156890620118,E,2013-07-10
FBHS,FBHS.W^E14,2013-07-16,ESG-EGARCH(G),0.2868483112092992,3.2651568906201187,G,2013-07-10
FBHS,FBHS.W^E14,2013-07-16,ESG-EGARCH(S),0.2868483112092992,3.2651568906201187,S,2013-07-10
FBHS,FBHS.W^E14,2013-07-16,ESG-GARCH,0.3376402641240469,4.5238471411808,all,2013-07-10
FBHS,FBHS.W^E14,2013-07-16,ESG-GARCH(E),0.3376402641240471,4.523847141180806,E,2013-07-10
FBHS,FBHS.W^E14,2013-07-16,ESG-GARCH(G),0.3376402641240472,4.523847141180808,G,2013-07-10
FBHS,FBHS.W^E14,2013-07-16,ESG-GARCH(S),0.3376402641240471,4.523847141180805,S,2013-07-10
FBHS,FBHS.W^E14,2013-07-16,ESG-GJR-GARCH,0.3583302590493695,5.095260894856676,all,2013-07-10
FBHS,FBHS.W^E14,2013-07-16,ESG-GJR-GARCH(E),0.3583302590493694,5.095260894856676,E,2013-07-10
FBHS,FBHS.W^E14,2013-07-16,ESG-GJR-GARCH(G),0.3583302590493695,5.095260894856677,G,2013-07-10
FBHS,FBHS.W^E14,2013-07-16,ESG-GJR-GARCH(S),0.3583302590493693,5.095260894856672,S,2013-07-10
FBHS,FBHS.W^E14,2013-07-16,GARCH,0.3342697989313501,4.433980098317668,,2013-07-10
FBHS,FBHS.W^E14,2013-07-16,GJR-GARCH,0.3526417748200209,4.934770688421205,,2013-07-10
FBHS,FBHS.W^E14,2013-07-17,EGARCH,0.2917254408925865,3.377132256506905,,2013-07-10
FBHS,FBHS.W^E14,2013-07-17,ESG-EGARCH,0.2868483112092992,3.2651568906201187,all,2013-07-10
FBHS,FBHS.W^E14,2013-07-17,ESG-EGARCH(E),0.2868483112092992,3.265156890620118,E,2013-07-10
FBHS,FBHS.W^E14,2013-07-17,ESG-EGARCH(G),0.2868483112092992,3.2651568906201187,G,2013-07-10
FBHS,FBHS.W^E14,2013-07-17,ESG-EGARCH(S),0.2868483112092992,3.2651568906201187,S,2013-07-10
FBHS,FBHS.W^E14,2013-07-17,ESG-GARCH,0.3376402641240469,4.5238471411808,all,2013-07-10
FBHS,FBHS.W^E14,2013-07-17,ESG-GARCH(E),0.3376402641240471,4.523847141180806,E,2013-07-10
FBHS,FBHS.W^E14,2013-07-17,ESG-GARCH(G),0.3376402641240472,4.523847141180808,G,2013-07-10
FBHS,FBHS.W^E14,2013-07-17,ESG-GARCH(S),0.3376402641240471,4.523847141180805,S,2013-07-10
FBHS,FBHS.W^E14,2013-07-17,ESG-GJR-GARCH,0.3583302590493695,5.095260894856676,all,2013-07-10
FBHS,FBHS.W^E14,2013-07-17,ESG-GJR-GARCH(E),0.3583302590493694,5.095260894856676,E,2013-07-10
FBHS,FBHS.W^E14,2013-07-17,ESG-GJR-GARCH(G),0.3583302590493695,5.095260894856677,G,2013-07-10
FBHS,FBHS.W^E14,2013-07-17,ESG-GJR-GARCH(S),0.3583302590493693,5.095260894856672,S,2013-07-10
FBHS,FBHS.W^E14,2013-07-17,GARCH,0.3342697989313501,4.433980098317668,,2013-07-10
FBHS,FBHS.W^E14,2013-07-17,GJR-GARCH,0.3526417748200209,4.934770688421205,,2013-07-10
FBHS,FBHS.W^E14,2013-07-18,EGARCH,0.2917254408925865,3.377132256506905,,2013-07-10
FBHS,FBHS.W^E14,2013-07-18,ESG-EGARCH,0.2868483112092992,3.2651568906201187,all,2013-07-10
FBHS,FBHS.W^E14,2013-07-18,ESG-EGARCH(E),0.2868483112092992,3.265156890620118,E,2013-07-10
FBHS,FBHS.W^E14,2013-07-18,ESG-EGARCH(G),0.2868483112092992,3.2651568906201187,G,2013-07-10
FBHS,FBHS.W^E14,2013-07-18,ESG-EGARCH(S),0.2868483112092992,3.2651568906201187,S,2013-07-10
FBHS,FBHS.W^E14,2013-07-18,ESG-GARCH,0.3376402641240469,4.5238471411808,all,2013-07-10
FBHS,FBHS.W^E14,2013-07-18,ESG-GARCH(E),0.3376402641240471,4.523847141180806,E,2013-07-10
FBHS,FBHS.W^E14,2013-07-18,ESG-GARCH(G),0.3376402641240472,4.523847141180808,G,2013-07-10
FBHS,FBHS.W^E14,2013-07-18,ESG-GARCH(S),0.3376402641240471,4.523847141180805,S,2013-07-10
FBHS,FBHS.W^E14,2013-07-18,ESG-GJR-GARCH,0.3583302590493695,5.095260894856676,all,2013-07-10
FBHS,FBHS.W^E14,2013-07-18,ESG-GJR-GARCH(E),0.3583302590493694,5.095260894856676,E,2013-07-10
FBHS,FBHS.W^E14,2013-07-18,ESG-GJR-GARCH(G),0.3583302590493695,5.095260894856677,G,2013-07-10
FBHS,FBHS.W^E14,2013-07-18,ESG-GJR-GARCH(S),0.3583302590493693,5.095260894856672,S,2013-07-10
FBHS,FBHS.W^E14,2013-07-18,GARCH,0.3342697989313501,4.433980098317668,,2013-07-10
FBHS,FBHS.W^E14,2013-07-18,GJR-GARCH,0.3526417748200209,4.934770688421205,,2013-07-10
FBHS,FBHS.W^E14,2013-07-19,EGARCH,0.2917254408925865,3.377132256506905,,2013-07-10
FBHS,FBHS.W^E14,2013-07-19,ESG-EGARCH,0.2868483112092992,3.2651568906201187,all,2013-07-10
FBHS,FBHS.W^E14,2013-07-19,ESG-EGARCH(E),0.2868483112092992,3.265156890620118,E,2013-07-10
FBHS,FBHS.W^E14,2013-07-19,ESG-EGARCH(G),0.2868483112092992,3.2651568906201187,G,2013-07-10
FBHS,FBHS.W^E14,2013-07-19,ESG-EGARCH(S),0.2868483112092992,3.2651568906201187,S,2013-07-10
FBHS,FBHS.W^E14,2013-07-19,ESG-GARCH,0.3376402641240469,4.5238471411808,all,2013-07-10
FBHS,FBHS.W^E14,2013-07-19,ESG-GARCH(E),0.3376402641240471,4.523847141180806,E,2013-07-10
FBHS,FBHS.W^E14,2013-07-19,ESG-GARCH(G),0.3376402641240472,4.523847141180808,G,2013-07-10
FBHS,FBHS.W^E14,2013-07-19,ESG-GARCH(S),0.3376402641240471,4.523847141180805,S,2013-07-10
FBHS,FBHS.W^E14,2013-07-19,ESG-GJR-GARCH,0.3583302590493695,5.095260894856676,all,2013-07-10
FBHS,FBHS.W^E14,2013-07-19,ESG-GJR-GARCH(E),0.3583302590493694,5.095260894856676,E,2013-07-10
FBHS,FBHS.W^E14,2013-07-19,ESG-GJR-GARCH(G),0.3583302590493695,5.095260894856677,G,2013-07-10
FBHS,FBHS.W^E14,2013-07-19,ESG-GJR-GARCH(S),0.3583302590493693,5.095260894856672,S,2013-07-10
FBHS,FBHS.W^E14,2013-07-19,GARCH,0.3342697989313501,4.433980098317668,,2013-07-10
FBHS,FBHS.W^E14,2013-07-19,GJR-GARCH,0.3526417748200209,4.934770688421205,,2013-07-10
FBHS,FBHS.W^E14,2013-07-22,EGARCH,0.2917254408925865,3.377132256506905,,2013-07-10
FBHS,FBHS.W^E14,2013-07-22,ESG-EGARCH,0.2868483112092992,3.2651568906201187,all,2013-07-10
FBHS,FBHS.W^E14,2013-07-22,ESG-EGARCH(E),0.2868483112092992,3.265156890620118,E,2013-07-10
FBHS,FBHS.W^E14,2013-07-22,ESG-EGARCH(G),0.2868483112092992,3.2651568906201187,G,2013-07-10
FBHS,FBHS.W^E14,2013-07-22,ESG-EGARCH(S),0.2868483112092992,3.2651568906201187,S,2013-07-10
FBHS,FBHS.W^E14,2013-07-22,ESG-GARCH,0.3376402641240469,4.5238471411808,all,2013-07-10
FBHS,FBHS.W^E14,2013-07-22,ESG-GARCH(E),0.3376402641240471,4.523847141180806,E,2013-07-10
FBHS,FBHS.W^E14,2013-07-22,ESG-GARCH(G),0.3376402641240472,4.523847141180808,G,2013-07-10
FBHS,FBHS.W^E14,2013-07-22,ESG-GARCH(S),0.3376402641240471,4.523847141180805,S,2013-07-10
FBHS,FBHS.W^E14,2013-07-22,ESG-GJR-GARCH,0.3583302590493695,5.095260894856676,all,2013-07-10
FBHS,FBHS.W^E14,2013-07-22,ESG-GJR-GARCH(E),0.3583302590493694,5.095260894856676,E,2013-07-10
FBHS,FBHS.W^E14,2013-07-22,ESG-GJR-GARCH(G),0.3583302590493695,5.095260894856677,G,2013-07-10
FBHS,FBHS.W^E14,2013-07-22,ESG-GJR-GARCH(S),0.3583302590493693,5.095260894856672,S,2013-07-10
FBHS,FBHS.W^E14,2013-07-22,GARCH,0.3342697989313501,4.433980098317668,,2013-07-10
FBHS,FBHS.W^E14,2013-07-22,GJR-GARCH,0.3526417748200209,4.934770688421205,,2013-07-10
FBHS,FBHS.W^E14,2013-07-23,EGARCH,0.2917254408925865,3.377132256506905,,2013-07-10
FBHS,FBHS.W^E14,2013-07-23,ESG-EGARCH,0.2868483112092992,3.2651568906201187,all,2013-07-10
FBHS,FBHS.W^E14,2013-07-23,ESG-EGARCH(E),0.2868483112092992,3.265156890620118,E,2013-07-10
FBHS,FBHS.W^E14,2013-07-23,ESG-EGARCH(G),0.2868483112092992,3.2651568906201187,G,2013-07-10
FBHS,FBHS.W^E14,2013-07-23,ESG-EGARCH(S),0.2868483112092992,3.2651568906201187,S,2013-07-10
FBHS,FBHS.W^E14,2013-07-23,ESG-GARCH,0.3376402641240469,4.5238471411808,all,2013-07-10
FBHS,FBHS.W^E14,2013-07-23,ESG-GARCH(E),0.3376402641240471,4.523847141180806,E,2013-07-10
FBHS,FBHS.W^E14,2013-07-23,ESG-GARCH(G),0.3376402641240472,4.523847141180808,G,2013-07-10
FBHS,FBHS.W^E14,2013-07-23,ESG-GARCH(S),0.3376402641240471,4.523847141180805,S,2013-07-10
FBHS,FBHS.W^E14,2013-07-23,ESG-GJR-GARCH,0.3583302590493695,5.095260894856676,all,2013-07-10
FBHS,FBHS.W^E14,2013-07-23,ESG-GJR-GARCH(E),0.3583302590493694,5.095260894856676,E,2013-07-10
FBHS,FBHS.W^E14,2013-07-23,ESG-GJR-GARCH(G),0.3583302590493695,5.095260894856677,G,2013-07-10
FBHS,FBHS.W^E14,2013-07-23,ESG-GJR-GARCH(S),0.3583302590493693,5.095260894856672,S,2013-07-10
FBHS,FBHS.W^E14,2013-07-23,GARCH,0.3342697989313501,4.433980098317668,,2013-07-10
FBHS,FBHS.W^E14,2013-07-23,GJR-GARCH,0.3526417748200209,4.934770688421205,,2013-07-10
FBHS,FBHS.W^E14,2013-07-24,EGARCH,0.2917254408925865,3.377132256506905,,2013-07-10
FBHS,FBHS.W^E14,2013-07-24,ESG-EGARCH,0.2868483112092992,3.2651568906201187,all,2013-07-10
FBHS,FBHS.W^E14,2013-07-24,ESG-EGARCH(E),0.2868483112092992,3.265156890620118,E,2013-07-10
FBHS,FBHS.W^E14,2013-07-24,ESG-EGARCH(G),0.2868483112092992,3.2651568906201187,G,2013-07-10
FBHS,FBHS.W^E14,2013-07-24,ESG-EGARCH(S),0.2868483112092992,3.2651568906201187,S,2013-07-10
FBHS,FBHS.W^E14,2013-07-24,ESG-GARCH,0.3376402641240469,4.5238471411808,all,2013-07-10
FBHS,FBHS.W^E14,2013-07-24,ESG-GARCH(E),0.3376402641240471,4.523847141180806,E,2013-07-10
FBHS,FBHS.W^E14,2013-07-24,ESG-GARCH(G),0.3376402641240472,4.523847141180808,G,2013-07-10
FBHS,FBHS.W^E14,2013-07-24,ESG-GARCH(S),0.3376402641240471,4.523847141180805,S,2013-07-10
FBHS,FBHS.W^E14,2013-07-24,ESG-GJR-GARCH,0.3583302590493695,5.095260894856676,all,2013-07-10
FBHS,FBHS.W^E14,2013-07-24,ESG-GJR-GARCH(E),0.3583302590493694,5.095260894856676,E,2013-07-10
FBHS,FBHS.W^E14,2013-07-24,ESG-GJR-GARCH(G),0.3583302590493695,5.095260894856677,G,2013-07-10
FBHS,FBHS.W^E14,2013-07-24,ESG-GJR-GARCH(S),0.3583302590493693,5.095260894856672,S,2013-07-10
FBHS,FBHS.W^E14,2013-07-24,GARCH,0.3342697989313501,4.433980098317668,,2013-07-10
FBHS,FBHS.W^E14,2013-07-24,GJR-GARCH,0.3526417748200209,4.934770688421205,,2013-07-10
FBHS,FBHS.W^E14,2013-07-25,EGARCH,0.2917254408925865,3.377132256506905,,2013-07-10
FBHS,FBHS.W^E14,2013-07-25,ESG-EGARCH,0.2868483112092992,3.2651568906201187,all,2013-07-10
FBHS,FBHS.W^E14,2013-07-25,ESG-EGARCH(E),0.2868483112092992,3.265156890620118,E,2013-07-10
FBHS,FBHS.W^E14,2013-07-25,ESG-EGARCH(G),0.2868483112092992,3.2651568906201187,G,2013-07-10
FBHS,FBHS.W^E14,2013-07-25,ESG-EGARCH(S),0.2868483112092992,3.2651568906201187,S,2013-07-10
FBHS,FBHS.W^E14,2013-07-25,ESG-GARCH,0.3376402641240469,4.5238471411808,all,2013-07-10
FBHS,FBHS.W^E14,2013-07-25,ESG-GARCH(E),0.3376402641240471,4.523847141180806,E,2013-07-10
FBHS,FBHS.W^E14,2013-07-25,ESG-GARCH(G),0.3376402641240472,4.523847141180808,G,2013-07-10
FBHS,FBHS.W^E14,2013-07-25,ESG-GARCH(S),0.3376402641240471,4.523847141180805,S,2013-07-10
FBHS,FBHS.W^E14,2013-07-25,ESG-GJR-GARCH,0.3583302590493695,5.095260894856676,all,2013-07-10
FBHS,FBHS.W^E14,2013-07-25,ESG-GJR-GARCH(E),0.3583302590493694,5.095260894856676,E,2013-07-10
FBHS,FBHS.W^E14,2013-07-25,ESG-GJR-GARCH(G),0.3583302590493695,5.095260894856677,G,2013-07-10
FBHS,FBHS.W^E14,2013-07-25,ESG-GJR-GARCH(S),0.3583302590493693,5.095260894856672,S,2013-07-10
FBHS,FBHS.W^E14,2013-07-25,GARCH,0.3342697989313501,4.433980098317668,,2013-07-10
FBHS,FBHS.W^E14,2013-07-25,GJR-GARCH,0.3526417748200209,4.934770688421205,,2013-07-10
FBHS,FBHS.W^E14,2013-07-26,EGARCH,0.2917254408925865,3.377132256506905,,2013-07-10
FBHS,FBHS.W^E14,2013-07-26,ESG-EGARCH,0.2868483112092992,3.2651568906201187,all,2013-07-10
FBHS,FBHS.W^E14,2013-07-26,ESG-EGARCH(E),0.2868483112092992,3.265156890620118,E,2013-07-10
FBHS,FBHS.W^E14,2013-07-26,ESG-EGARCH(G),0.2868483112092992,3.2651568906201187,G,2013-07-10
FBHS,FBHS.W^E14,2013-07-26,ESG-EGARCH(S),0.2868483112092992,3.2651568906201187,S,2013-07-10
FBHS,FBHS.W^E14,2013-07-26,ESG-GARCH,0.3376402641240469,4.5238471411808,all,2013-07-10
FBHS,FBHS.W^E14,2013-07-26,ESG-GARCH(E),0.3376402641240471,4.523847141180806,E,2013-07-10
FBHS,FBHS.W^E14,2013-07-26,ESG-GARCH(G),0.3376402641240472,4.523847141180808,G,2013-07-10
FBHS,FBHS.W^E14,2013-07-26,ESG-GARCH(S),0.3376402641240471,4.523847141180805,S,2013-07-10
FBHS,FBHS.W^E14,2013-07-26,ESG-GJR-GARCH,0.3583302590493695,5.095260894856676,all,2013-07-10
FBHS,FBHS.W^E14,2013-07-26,ESG-GJR-GARCH(E),0.3583302590493694,5.095260894856676,E,2013-07-10
FBHS,FBHS.W^E14,2013-07-26,ESG-GJR-GARCH(G),0.3583302590493695,5.095260894856677,G,2013-07-10
FBHS,FBHS.W^E14,2013-07-26,ESG-GJR-GARCH(S),0.3583302590493693,5.095260894856672,S,2013-07-10
FBHS,FBHS.W^E14,2013-07-26,GARCH,0.3342697989313501,4.433980098317668,,2013-07-10
FBHS,FBHS.W^E14,2013-07-26,GJR-GARCH,0.3526417748200209,4.934770688421205,,2013-07-10
FBHS,FBHS.W^E14,2013-07-29,EGARCH,0.2917254408925865,3.377132256506905,,2013-07-10
FBHS,FBHS.W^E14,2013-07-29,ESG-EGARCH,0.2868483112092992,3.2651568906201187,all,2013-07-10
FBHS,FBHS.W^E14,2013-07-29,ESG-EGARCH(E),0.2868483112092992,3.265156890620118,E,2013-07-10
FBHS,FBHS.W^E14,2013-07-29,ESG-EGARCH(G),0.2868483112092992,3.2651568906201187,G,2013-07-10
FBHS,FBHS.W^E14,2013-07-29,ESG-EGARCH(S),0.2868483112092992,3.2651568906201187,S,2013-07-10
FBHS,FBHS.W^E14,2013-07-29,ESG-GARCH,0.3376402641240469,4.5238471411808,all,2013-07-10
FBHS,FBHS.W^E14,2013-07-29,ESG-GARCH(E),0.3376402641240471,4.523847141180806,E,2013-07-10
FBHS,FBHS.W^E14,2013-07-29,ESG-GARCH(G),0.3376402641240472,4.523847141180808,G,2013-07-10
FBHS,FBHS.W^E14,2013-07-29,ESG-GARCH(S),0.3376402641240471,4.523847141180805,S,2013-07-10
FBHS,FBHS.W^E14,2013-07-29,ESG-GJR-GARCH,0.3583302590493695,5.095260894856676,all,2013-07-10
FBHS,FBHS.W^E14,2013-07-29,ESG-GJR-GARCH(E),0.3583302590493694,5.095260894856676,E,2013-07-10
FBHS,FBHS.W^E14,2013-07-29,ESG-GJR-GARCH(G),0.3583302590493695,5.095260894856677,G,2013-07-10
FBHS,FBHS.W^E14,2013-07-29,ESG-GJR-GARCH(S),0.3583302590493693,5.095260894856672,S,2013-07-10
FBHS,FBHS.W^E14,2013-07-29,GARCH,0.3342697989313501,4.433980098317668,,2013-07-10
FBHS,FBHS.W^E14,2013-07-29,GJR-GARCH,0.3526417748200209,4.934770688421205,,2013-07-10
FBHS,FBHS.W^E14,2013-07-30,EGARCH,0.2917254408925865,3.377132256506905,,2013-07-10
FBHS,FBHS.W^E14,2013-07-30,ESG-EGARCH,0.2868483112092992,3.2651568906201187,all,2013-07-10
FBHS,FBHS.W^E14,2013-07-30,ESG-EGARCH(E),0.2868483112092992,3.265156890620118,E,2013-07-10
FBHS,FBHS.W^E14,2013-07-30,ESG-EGARCH(G),0.2868483112092992,3.2651568906201187,G,2013-07-10
FBHS,FBHS.W^E14,2013-07-30,ESG-EGARCH(S),0.2868483112092992,3.2651568906201187,S,2013-07-10
FBHS,FBHS.W^E14,2013-07-30,ESG-GARCH,0.3376402641240469,4.5238471411808,all,2013-07-10
FBHS,FBHS.W^E14,2013-07-30,ESG-GARCH(E),0.3376402641240471,4.523847141180806,E,2013-07-10
FBHS,FBHS.W^E14,2013-07-30,ESG-GARCH(G),0.3376402641240472,4.523847141180808,G,2013-07-10
FBHS,FBHS.W^E14,2013-07-30,ESG-GARCH(S),0.3376402641240471,4.523847141180805,S,2013-07-10
FBHS,FBHS.W^E14,2013-07-30,ESG-GJR-GARCH,0.3583302590493695,5.095260894856676,all,2013-07-10
FBHS,FBHS.W^E14,2013-07-30,ESG-GJR-GARCH(E),0.3583302590493694,5.095260894856676,E,2013-07-10
FBHS,FBHS.W^E14,2013-07-30,ESG-GJR-GARCH(G),0.3583302590493695,5.095260894856677,G,2013-07-10
FBHS,FBHS.W^E14,2013-07-30,ESG-GJR-GARCH(S),0.3583302590493693,5.095260894856672,S,2013-07-10
FBHS,FBHS.W^E14,2013-07-30,GARCH,0.3342697989313501,4.433980098317668,,2013-07-10
FBHS,FBHS.W^E14,2013-07-30,GJR-GARCH,0.3526417748200209,4.934770688421205,,2013-07-10
FBHS,FBHS.W^E14,2013-07-31,EGARCH,0.2917254408925865,3.377132256506905,,2013-07-10
FBHS,FBHS.W^E14,2013-07-31,ESG-EGARCH,0.2868483112092992,3.2651568906201187,all,2013-07-10
FBHS,FBHS.W^E14,2013-07-31,ESG-EGARCH(E),0.2868483112092992,3.265156890620118,E,2013-07-10
FBHS,FBHS.W^E14,2013-07-31,ESG-EGARCH(G),0.2868483112092992,3.2651568906201187,G,2013-07-10
FBHS,FBHS.W^E14,2013-07-31,ESG-EGARCH(S),0.2868483112092992,3.2651568906201187,S,2013-07-10
FBHS,FBHS.W^E14,2013-07-31,ESG-GARCH,0.3376402641240469,4.5238471411808,all,2013-07-10
FBHS,FBHS.W^E14,2013-07-31,ESG-GARCH(E),0.3376402641240471,4.523847141180806,E,2013-07-10
FBHS,FBHS.W^E14,2013-07-31,ESG-GARCH(G),0.3376402641240472,4.523847141180808,G,2013-07-10
FBHS,FBHS.W^E14,2013-07-31,ESG-GARCH(S),0.3376402641240471,4.523847141180805,S,2013-07-10
FBHS,FBHS.W^E14,2013-07-31,ESG-GJR-GARCH,0.3583302590493695,5.095260894856676,all,2013-07-10
FBHS,FBHS.W^E14,2013-07-31,ESG-GJR-GARCH(E),0.3583302590493694,5.095260894856676,E,2013-07-10
FBHS,FBHS.W^E14,2013-07-31,ESG-GJR-GARCH(G),0.3583302590493695,5.095260894856677,G,2013-07-10
FBHS,FBHS.W^E14,2013-07-31,ESG-GJR-GARCH(S),0.3583302590493693,5.095260894856672,S,2013-07-10
FBHS,FBHS.W^E14,2013-07-31,GARCH,0.3342697989313501,4.433980098317668,,2013-07-10
FBHS,FBHS.W^E14,2013-07-31,GJR-GARCH,0.3526417748200209,4.934770688421205,,2013-07-10
FBHS,FBHS.W^E14,2013-08-01,EGARCH,0.2917254408925865,3.377132256506905,,2013-07-10
FBHS,FBHS.W^E14,2013-08-01,ESG-EGARCH,0.2868483112092992,3.2651568906201187,all,2013-07-10
FBHS,FBHS.W^E14,2013-08-01,ESG-EGARCH(E),0.2868483112092992,3.265156890620118,E,2013-07-10
FBHS,FBHS.W^E14,2013-08-01,ESG-EGARCH(G),0.2868483112092992,3.2651568906201187,G,2013-07-10
FBHS,FBHS.W^E14,2013-08-01,ESG-EGARCH(S),0.2868483112092992,3.2651568906201187,S,2013-07-10
FBHS,FBHS.W^E14,2013-08-01,ESG-GARCH,0.3376402641240469,4.5238471411808,all,2013-07-10
FBHS,FBHS.W^E14,2013-08-01,ESG-GARCH(E),0.3376402641240471,4.523847141180806,E,2013-07-10
FBHS,FBHS.W^E14,2013-08-01,ESG-GARCH(G),0.3376402641240472,4.523847141180808,G,2013-07-10
FBHS,FBHS.W^E14,2013-08-01,ESG-GARCH(S),0.3376402641240471,4.523847141180805,S,2013-07-10
FBHS,FBHS.W^E14,2013-08-01,ESG-GJR-GARCH,0.3583302590493695,5.095260894856676,all,2013-07-10
FBHS,FBHS.W^E14,2013-08-01,ESG-GJR-GARCH(E),0.3583302590493694,5.095260894856676,E,2013-07-10
FBHS,FBHS.W^E14,2013-08-01,ESG-GJR-GARCH(G),0.3583302590493695,5.095260894856677,G,2013-07-10
FBHS,FBHS.W^E14,2013-08-01,ESG-GJR-GARCH(S),0.3583302590493693,5.095260894856672,S,2013-07-10
FBHS,FBHS.W^E14,2013-08-01,GARCH,0.3342697989313501,4.433980098317668,,2013-07-10
FBHS,FBHS.W^E14,2013-08-01,GJR-GARCH,0.3526417748200209,4.934770688421205,,2013-07-10
FBHS,FBHS.W^E14,2013-08-02,EGARCH,0.2917254408925865,3.377132256506905,,2013-07-10
FBHS,FBHS.W^E14,2013-08-02,ESG-EGARCH,0.2868483112092992,3.2651568906201187,all,2013-07-10
FBHS,FBHS.W^E14,2013-08-02,ESG-EGARCH(E),0.2868483112092992,3.265156890620118,E,2013-07-10
FBHS,FBHS.W^E14,2013-08-02,ESG-EGARCH(G),0.2868483112092992,3.2651568906201187,G,2013-07-10
FBHS,FBHS.W^E14,2013-08-02,ESG-EGARCH(S),0.2868483112092992,3.2651568906201187,S,2013-07-10
FBHS,FBHS.W^E14,2013-08-02,ESG-GARCH,0.3376402641240469,4.5238471411808,all,2013-07-10
FBHS,FBHS.W^E14,2013-08-02,ESG-GARCH(E),0.3376402641240471,4.523847141180806,E,2013-07-10
FBHS,FBHS.W^E14,2013-08-02,ESG-GARCH(G),0.3376402641240472,4.523847141180808,G,2013-07-10
FBHS,FBHS.W^E14,2013-08-02,ESG-GARCH(S),0.3376402641240471,4.523847141180805,S,2013-07-10
FBHS,FBHS.W^E14,2013-08-02,ESG-GJR-GARCH,0.3583302590493695,5.095260894856676,all,2013-07-10
FBHS,FBHS.W^E14,2013-08-02,ESG-GJR-GARCH(E),0.3583302590493694,5.095260894856676,E,2013-07-10
FBHS,FBHS.W^E14,2013-08-02,ESG-GJR-GARCH(G),0.3583302590493695,5.095260894856677,G,2013-07-10
FBHS,FBHS.W^E14,2013-08-02,ESG-GJR-GARCH(S),0.3583302590493693,5.095260894856672,S,2013-07-10
FBHS,FBHS.W^E14,2013-08-02,GARCH,0.3342697989313501,4.433980098317668,,2013-07-10
FBHS,FBHS.W^E14,2013-08-02,GJR-GARCH,0.3526417748200209,4.934770688421205,,2013-07-10
FBHS,FBHS.W^E14,2013-08-05,EGARCH,0.2917254408925865,3.377132256506905,,2013-07-10
FBHS,FBHS.W^E14,2013-08-05,ESG-EGARCH,0.2868483112092992,3.2651568906201187,all,2013-07-10
FBHS,FBHS.W^E14,2013-08-05,ESG-EGARCH(E),0.2868483112092992,3.265156890620118,E,2013-07-10
FBHS,FBHS.W^E14,2013-08-05,ESG-EGARCH(G),0.2868483112092992,3.2651568906201187,G,2013-07-10
FBHS,FBHS.W^E14,2013-08-05,ESG-EGARCH(S),0.2868483112092992,3.2651568906201187,S,2013-07-10
FBHS,FBHS.W^E14,2013-08-05,ESG-GARCH,0.3376402641240469,4.5238471411808,all,2013-07-10
FBHS,FBHS.W^E14,2013-08-05,ESG-GARCH(E),0.3376402641240471,4.523847141180806,E,2013-07-10
FBHS,FBHS.W^E14,2013-08-05,ESG-GARCH(G),0.3376402641240472,4.523847141180808,G,2013-07-10
FBHS,FBHS.W^E14,2013-08-05,ESG-GARCH(S),0.3376402641240471,4.523847141180805,S,2013-07-10
FBHS,FBHS.W^E14,2013-08-05,ESG-GJR-GARCH,0.3583302590493695,5.095260894856676,all,2013-07-10
FBHS,FBHS.W^E14,2013-08-05,ESG-GJR-GARCH(E),0.3583302590493694,5.095260894856676,E,2013-07-10
FBHS,FBHS.W^E14,2013-08-05,ESG-GJR-GARCH(G),0.3583302590493695,5.095260894856677,G,2013-07-10
FBHS,FBHS.W^E14,2013-08-05,ESG-GJR-GARCH(S),0.3583302590493693,5.095260894856672,S,2013-07-10
FBHS,FBHS.W^E14,2013-08-05,GARCH,0.3342697989313501,4.433980098317668,,2013-07-10
FBHS,FBHS.W^E14,2013-08-05,GJR-GARCH,0.3526417748200209,4.934770688421205,,2013-07-10
FBHS,FBHS.W^E14,2013-08-06,EGARCH,0.2917254408925865,3.377132256506905,,2013-07-10
FBHS,FBHS.W^E14,2013-08-06,ESG-EGARCH,0.2868483112092992,3.2651568906201187,all,2013-07-10
FBHS,FBHS.W^E14,2013-08-06,ESG-EGARCH(E),0.2868483112092992,3.265156890620118,E,2013-07-10
FBHS,FBHS.W^E14,2013-08-06,ESG-EGARCH(G),0.2868483112092992,3.2651568906201187,G,2013-07-10
FBHS,FBHS.W^E14,2013-08-06,ESG-EGARCH(S),0.2868483112092992,3.2651568906201187,S,2013-07-10
FBHS,FBHS.W^E14,2013-08-06,ESG-GARCH,0.3376402641240469,4.5238471411808,all,2013-07-10
FBHS,FBHS.W^E14,2013-08-06,ESG-GARCH(E),0.3376402641240471,4.523847141180806,E,2013-07-10
FBHS,FBHS.W^E14,2013-08-06,ESG-GARCH(G),0.3376402641240472,4.523847141180808,G,2013-07-10
FBHS,FBHS.W^E14,2013-08-06,ESG-GARCH(S),0.3376402641240471,4.523847141180805,S,2013-07-10
FBHS,FBHS.W^E14,2013-08-06,ESG-GJR-GARCH,0.3583302590493695,5.095260894856676,all,2013-07-10
FBHS,FBHS.W^E14,2013-08-06,ESG-GJR-GARCH(E),0.3583302590493694,5.095260894856676,E,2013-07-10
FBHS,FBHS.W^E14,2013-08-06,ESG-GJR-GARCH(G),0.3583302590493695,5.095260894856677,G,2013-07-10
FBHS,FBHS.W^E14,2013-08-06,ESG-GJR-GARCH(S),0.3583302590493693,5.095260894856672,S,2013-07-10
FBHS,FBHS.W^E14,2013-08-06,GARCH,0.3342697989313501,4.433980098317668,,2013-07-10
FBHS,FBHS.W^E14,2013-08-06,GJR-GARCH,0.3526417748200209,4.934770688421205,,2013-07-10
FBHS,FBHS.W^E14,2013-08-07,EGARCH,0.2917254408925865,3.377132256506905,,2013-07-10
FBHS,FBHS.W^E14,2013-08-07,ESG-EGARCH,0.2868483112092992,3.2651568906201187,all,2013-07-10
FBHS,FBHS.W^E14,2013-08-07,ESG-EGARCH(E),0.2868483112092992,3.265156890620118,E,2013-07-10
FBHS,FBHS.W^E14,2013-08-07,ESG-EGARCH(G),0.2868483112092992,3.2651568906201187,G,2013-07-10
FBHS,FBHS.W^E14,2013-08-07,ESG-EGARCH(S),0.2868483112092992,3.2651568906201187,S,2013-07-10
FBHS,FBHS.W^E14,2013-08-07,ESG-GARCH,0.3376402641240469,4.5238471411808,all,2013-07-10
FBHS,FBHS.W^E14,2013-08-07,ESG-GARCH(E),0.3376402641240471,4.523847141180806,E,2013-07-10
FBHS,FBHS.W^E14,2013-08-07,ESG-GARCH(G),0.3376402641240472,4.523847141180808,G,2013-07-10
FBHS,FBHS.W^E14,2013-08-07,ESG-GARCH(S),0.3376402641240471,4.523847141180805,S,2013-07-10
FBHS,FBHS.W^E14,2013-08-07,ESG-GJR-GARCH,0.3583302590493695,5.095260894856676,all,2013-07-10
FBHS,FBHS.W^E14,2013-08-07,ESG-GJR-GARCH(E),0.3583302590493694,5.095260894856676,E,2013-07-10
FBHS,FBHS.W^E14,2013-08-07,ESG-GJR-GARCH(G),0.3583302590493695,5.095260894856677,G,2013-07-10
FBHS,FBHS.W^E14,2013-08-07,ESG-GJR-GARCH(S),0.3583302590493693,5.095260894856672,S,2013-07-10
FBHS,FBHS.W^E14,2013-08-07,GARCH,0.3342697989313501,4.433980098317668,,2013-07-10
FBHS,FBHS.W^E14,2013-08-07,GJR-GARCH,0.3526417748200209,4.934770688421205,,2013-07-10
FBHS,FBHS.W^E14,2013-08-08,EGARCH,0.2917254408925865,3.377132256506905,,2013-07-10
FBHS,FBHS.W^E14,2013-08-08,ESG-EGARCH,0.2868483112092992,3.2651568906201187,all,2013-07-10
FBHS,FBHS.W^E14,2013-08-08,ESG-EGARCH(E),0.2868483112092992,3.265156890620118,E,2013-07-10
FBHS,FBHS.W^E14,2013-08-08,ESG-EGARCH(G),0.2868483112092992,3.2651568906201187,G,2013-07-10
FBHS,FBHS.W^E14,2013-08-08,ESG-EGARCH(S),0.2868483112092992,3.2651568906201187,S,2013-07-10
FBHS,FBHS.W^E14,2013-08-08,ESG-GARCH,0.3376402641240469,4.5238471411808,all,2013-07-10
FBHS,FBHS.W^E14,2013-08-08,ESG-GARCH(E),0.3376402641240471,4.523847141180806,E,2013-07-10
FBHS,FBHS.W^E14,2013-08-08,ESG-GARCH(G),0.3376402641240472,4.523847141180808,G,2013-07-10
FBHS,FBHS.W^E14,2013-08-08,ESG-GARCH(S),0.3376402641240471,4.523847141180805,S,2013-07-10
FBHS,FBHS.W^E14,2013-08-08,ESG-GJR-GARCH,0.3583302590493695,5.095260894856676,all,2013-07-10
FBHS,FBHS.W^E14,2013-08-08,ESG-GJR-GARCH(E),0.3583302590493694,5.095260894856676,E,2013-07-10
FBHS,FBHS.W^E14,2013-08-08,ESG-GJR-GARCH(G),0.3583302590493695,5.095260894856677,G,2013-07-10
FBHS,FBHS.W^E14,2013-08-08,ESG-GJR-GARCH(S),0.3583302590493693,5.095260894856672,S,2013-07-10
FBHS,FBHS.W^E14,2013-08-08,GARCH,0.3342697989313501,4.433980098317668,,2013-07-10
FBHS,FBHS.W^E14,2013-08-08,GJR-GARCH,0.3526417748200209,4.934770688421205,,2013-07-10
FBHS,FBHS.W^E14,2013-08-09,EGARCH,0.3505734269560092,4.877052686019059,,2013-08-09
FBHS,FBHS.W^E14,2013-08-09,ESG-EGARCH,0.3565284821516984,5.044149150214047,all,2013-08-09
FBHS,FBHS.W^E14,2013-08-09,ESG-EGARCH(E),0.3565284821516983,5.044149150214043,E,2013-08-09
FBHS,FBHS.W^E14,2013-08-09,ESG-EGARCH(G),0.3565284821516982,5.044149150214039,G,2013-08-09
FBHS,FBHS.W^E14,2013-08-09,ESG-EGARCH(S),0.3565284821516984,5.044149150214047,S,2013-08-09
FBHS,FBHS.W^E14,2013-08-09,ESG-GARCH,0.3510418309787806,4.890093932418047,all,2013-08-09
FBHS,FBHS.W^E14,2013-08-09,ESG-GARCH(E),0.3510418309787803,4.890093932418038,E,2013-08-09
FBHS,FBHS.W^E14,2013-08-09,ESG-GARCH(G),0.3510418309787802,4.890093932418036,G,2013-08-09
FBHS,FBHS.W^E14,2013-08-09,ESG-GARCH(S),0.3510418309787803,4.890093932418037,S,2013-08-09
FBHS,FBHS.W^E14,2013-08-09,ESG-GJR-GARCH,0.3858971433439758,5.909389096866706,all,2013-08-09
FBHS,FBHS.W^E14,2013-08-09,ESG-GJR-GARCH(E),0.3858971433439762,5.909389096866718,E,2013-08-09
FBHS,FBHS.W^E14,2013-08-09,ESG-GJR-GARCH(G),0.3858971433439759,5.909389096866712,G,2013-08-09
FBHS,FBHS.W^E14,2013-08-09,ESG-GJR-GARCH(S),0.3858971433439761,5.909389096866717,S,2013-08-09
FBHS,FBHS.W^E14,2013-08-09,GARCH,0.3474578634286087,4.790752653110067,,2013-08-09
FBHS,FBHS.W^E14,2013-08-09,GJR-GARCH,0.3813466403468631,5.770843654914277,,2013-08-09
FBHS,FBHS.W^E14,2013-08-12,EGARCH,0.3505734269560092,4.877052686019059,,2013-08-09
FBHS,FBHS.W^E14,2013-08-12,ESG-EGARCH,0.3565284821516984,5.044149150214047,all,2013-08-09
FBHS,FBHS.W^E14,2013-08-12,ESG-EGARCH(E),0.3565284821516983,5.044149150214043,E,2013-08-09
FBHS,FBHS.W^E14,2013-08-12,ESG-EGARCH(G),0.3565284821516982,5.044149150214039,G,2013-08-09
FBHS,FBHS.W^E14,2013-08-12,ESG-EGARCH(S),0.3565284821516984,5.044149150214047,S,2013-08-09
FBHS,FBHS.W^E14,2013-08-12,ESG-GARCH,0.3510418309787806,4.890093932418047,all,2013-08-09
FBHS,FBHS.W^E14,2013-08-12,ESG-GARCH(E),0.3510418309787803,4.890093932418038,E,2013-08-09
FBHS,FBHS.W^E14,2013-08-12,ESG-GARCH(G),0.3510418309787802,4.890093932418036,G,2013-08-09
FBHS,FBHS.W^E14,2013-08-12,ESG-GARCH(S),0.3510418309787803,4.890093932418037,S,2013-08-09
FBHS,FBHS.W^E14,2013-08-12,ESG-GJR-GARCH,0.3858971433439758,5.909389096866706,all,2013-08-09
FBHS,FBHS.W^E14,2013-08-12,ESG-GJR-GARCH(E),0.3858971433439762,5.909389096866718,E,2013-08-09
FBHS,FBHS.W^E14,2013-08-12,ESG-GJR-GARCH(G),0.3858971433439759,5.909389096866712,G,2013-08-09
FBHS,FBHS.W^E14,2013-08-12,ESG-GJR-GARCH(S),0.3858971433439761,5.909389096866717,S,2013-08-09
FBHS,FBHS.W^E14,2013-08-12,GARCH,0.3474578634286087,4.790752653110067,,2013-08-09
FBHS,FBHS.W^E14,2013-08-12,GJR-GARCH,0.3813466403468631,5.770843654914277,,2013-08-09
FBHS,FBHS.W^E14,2013-08-13,EGARCH,0.3505734269560092,4.877052686019059,,2013-08-09
FBHS,FBHS.W^E14,2013-08-13,ESG-EGARCH,0.3565284821516984,5.044149150214047,all,2013-08-09
FBHS,FBHS.W^E14,2013-08-13,ESG-EGARCH(E),0.3565284821516983,5.044149150214043,E,2013-08-09
FBHS,FBHS.W^E14,2013-08-13,ESG-EGARCH(G),0.3565284821516982,5.044149150214039,G,2013-08-09
FBHS,FBHS.W^E14,2013-08-13,ESG-EGARCH(S),0.3565284821516984,5.044149150214047,S,2013-08-09
FBHS,FBHS.W^E14,2013-08-13,ESG-GARCH,0.3510418309787806,4.890093932418047,all,2013-08-09
FBHS,FBHS.W^E14,2013-08-13,ESG-GARCH(E),0.3510418309787803,4.890093932418038,E,2013-08-09
FBHS,FBHS.W^E14,2013-08-13,ESG-GARCH(G),0.3510418309787802,4.890093932418036,G,2013-08-09
FBHS,FBHS.W^E14,2013-08-13,ESG-GARCH(S),0.3510418309787803,4.890093932418037,S,2013-08-09
FBHS,FBHS.W^E14,2013-08-13,ESG-GJR-GARCH,0.3858971433439758,5.909389096866706,all,2013-08-09
FBHS,FBHS.W^E14,2013-08-13,ESG-GJR-GARCH(E),0.3858971433439762,5.909389096866718,E,2013-08-09
FBHS,FBHS.W^E14,2013-08-13,ESG-GJR-GARCH(G),0.3858971433439759,5.909389096866712,G,2013-08-09
FBHS,FBHS.W^E14,2013-08-13,ESG-GJR-GARCH(S),0.3858971433439761,5.909389096866717,S,2013-08-09
FBHS,FBHS.W^E14,2013-08-13,GARCH,0.3474578634286087,4.790752653110067,,2013-08-09
FBHS,FBHS.W^E14,2013-08-13,GJR-GARCH,0.3813466403468631,5.770843654914277,,2013-08-09
FBHS,FBHS.W^E14,2013-08-14,EGARCH,0.3505734269560092,4.877052686019059,,2013-08-09
FBHS,FBHS.W^E14,2013-08-14,ESG-EGARCH,0.3565284821516984,5.044149150214047,all,2013-08-09
FBHS,FBHS.W^E14,2013-08-14,ESG-EGARCH(E),0.3565284821516983,5.044149150214043,E,2013-08-09
FBHS,FBHS.W^E14,2013-08-14,ESG-EGARCH(G),0.3565284821516982,5.044149150214039,G,2013-08-09
FBHS,FBHS.W^E14,2013-08-14,ESG-EGARCH(S),0.3565284821516984,5.044149150214047,S,2013-08-09
FBHS,FBHS.W^E14,2013-08-14,ESG-GARCH,0.3510418309787806,4.890093932418047,all,2013-08-09
FBHS,FBHS.W^E14,2013-08-14,ESG-GARCH(E),0.3510418309787803,4.890093932418038,E,2013-08-09
FBHS,FBHS.W^E14,2013-08-14,ESG-GARCH(G),0.3510418309787802,4.890093932418036,G,2013-08-09
FBHS,FBHS.W^E14,2013-08-14,ESG-GARCH(S),0.3510418309787803,4.890093932418037,S,2013-08-09
FBHS,FBHS.W^E14,2013-08-14,ESG-GJR-GARCH,0.3858971433439758,5.909389096866706,all,2013-08-09
FBHS,FBHS.W^E14,2013-08-14,ESG-GJR-GARCH(E),0.3858971433439762,5.909389096866718,E,2013-08-09
FBHS,FBHS.W^E14,2013-08-14,ESG-GJR-GARCH(G),0.3858971433439759,5.909389096866712,G,2013-08-09
FBHS,FBHS.W^E14,2013-08-14,ESG-GJR-GARCH(S),0.3858971433439761,5.909389096866717,S,2013-08-09
FBHS,FBHS.W^E14,2013-08-14,GARCH,0.3474578634286087,4.790752653110067,,2013-08-09
FBHS,FBHS.W^E14,2013-08-14,GJR-GARCH,0.3813466403468631,5.770843654914277,,2013-08-09
FBHS,FBHS.W^E14,2013-08-15,EGARCH,0.3505734269560092,4.877052686019059,,2013-08-09
FBHS,FBHS.W^E14,2013-08-15,ESG-EGARCH,0.3565284821516984,5.044149150214047,all,2013-08-09
FBHS,FBHS.W^E14,2013-08-15,ESG-EGARCH(E),0.3565284821516983,5.044149150214043,E,2013-08-09
FBHS,FBHS.W^E14,2013-08-15,ESG-EGARCH(G),0.3565284821516982,5.044149150214039,G,2013-08-09
FBHS,FBHS.W^E14,2013-08-15,ESG-EGARCH(S),0.3565284821516984,5.044149150214047,S,2013-08-09
FBHS,FBHS.W^E14,2013-08-15,ESG-GARCH,0.3510418309787806,4.890093932418047,all,2013-08-09
FBHS,FBHS.W^E14,2013-08-15,ESG-GARCH(E),0.3510418309787803,4.890093932418038,E,2013-08-09
FBHS,FBHS.W^E14,2013-08-15,ESG-GARCH(G),0.3510418309787802,4.890093932418036,G,2013-08-09
FBHS,FBHS.W^E14,2013-08-15,ESG-GARCH(S),0.3510418309787803,4.890093932418037,S,2013-08-09
FBHS,FBHS.W^E14,2013-08-15,ESG-GJR-GARCH,0.3858971433439758,5.909389096866706,all,2013-08-09
FBHS,FBHS.W^E14,2013-08-15,ESG-GJR-GARCH(E),0.3858971433439762,5.909389096866718,E,2013-08-09
FBHS,FBHS.W^E14,2013-08-15,ESG-GJR-GARCH(G),0.3858971433439759,5.909389096866712,G,2013-08-09
FBHS,FBHS.W^E14,2013-08-15,ESG-GJR-GARCH(S),0.3858971433439761,5.909389096866717,S,2013-08-09
FBHS,FBHS.W^E14,2013-08-15,GARCH,0.3474578634286087,4.790752653110067,,2013-08-09
FBHS,FBHS.W^E14,2013-08-15,GJR-GARCH,0.3813466403468631,5.770843654914277,,2013-08-09
FBHS,FBHS.W^E14,2013-08-16,EGARCH,0.3505734269560092,4.877052686019059,,2013-08-09
FBHS,FBHS.W^E14,2013-08-16,ESG-EGARCH,0.3565284821516984,5.044149150214047,all,2013-08-09
FBHS,FBHS.W^E14,2013-08-16,ESG-EGARCH(E),0.3565284821516983,5.044149150214043,E,2013-08-09
FBHS,FBHS.W^E14,2013-08-16,ESG-EGARCH(G),0.3565284821516982,5.044149150214039,G,2013-08-09
FBHS,FBHS.W^E14,2013-08-16,ESG-EGARCH(S),0.3565284821516984,5.044149150214047,S,2013-08-09
FBHS,FBHS.W^E14,2013-08-16,ESG-GARCH,0.3510418309787806,4.890093932418047,all,2013-08-09
FBHS,FBHS.W^E14,2013-08-16,ESG-GARCH(E),0.3510418309787803,4.890093932418038,E,2013-08-09
FBHS,FBHS.W^E14,2013-08-16,ESG-GARCH(G),0.3510418309787802,4.890093932418036,G,2013-08-09
FBHS,FBHS.W^E14,2013-08-16,ESG-GARCH(S),0.3510418309787803,4.890093932418037,S,2013-08-09
FBHS,FBHS.W^E14,2013-08-16,ESG-GJR-GARCH,0.3858971433439758,5.909389096866706,all,2013-08-09
FBHS,FBHS.W^E14,2013-08-16,ESG-GJR-GARCH(E),0.3858971433439762,5.909389096866718,E,2013-08-09
FBHS,FBHS.W^E14,2013-08-16,ESG-GJR-GARCH(G),0.3858971433439759,5.909389096866712,G,2013-08-09
FBHS,FBHS.W^E14,2013-08-16,ESG-GJR-GARCH(S),0.3858971433439761,5.909389096866717,S,2013-08-09
FBHS,FBHS.W^E14,2013-08-16,GARCH,0.3474578634286087,4.790752653110067,,2013-08-09
FBHS,FBHS.W^E14,2013-08-16,GJR-GARCH,0.3813466403468631,5.770843654914277,,2013-08-09
FBHS,FBHS.W^E14,2013-08-19,EGARCH,0.3505734269560092,4.877052686019059,,2013-08-09
FBHS,FBHS.W^E14,2013-08-19,ESG-EGARCH,0.3565284821516984,5.044149150214047,all,2013-08-09
FBHS,FBHS.W^E14,2013-08-19,ESG-EGARCH(E),0.3565284821516983,5.044149150214043,E,2013-08-09
FBHS,FBHS.W^E14,2013-08-19,ESG-EGARCH(G),0.3565284821516982,5.044149150214039,G,2013-08-09
FBHS,FBHS.W^E14,2013-08-19,ESG-EGARCH(S),0.3565284821516984,5.044149150214047,S,2013-08-09
FBHS,FBHS.W^E14,2013-08-19,ESG-GARCH,0.3510418309787806,4.890093932418047,all,2013-08-09
FBHS,FBHS.W^E14,2013-08-19,ESG-GARCH(E),0.3510418309787803,4.890093932418038,E,2013-08-09
FBHS,FBHS.W^E14,2013-08-19,ESG-GARCH(G),0.3510418309787802,4.890093932418036,G,2013-08-09
FBHS,FBHS.W^E14,2013-08-19,ESG-GARCH(S),0.3510418309787803,4.890093932418037,S,2013-08-09
FBHS,FBHS.W^E14,2013-08-19,ESG-GJR-GARCH,0.3858971433439758,5.909389096866706,all,2013-08-09
FBHS,FBHS.W^E14,2013-08-19,ESG-GJR-GARCH(E),0.3858971433439762,5.909389096866718,E,2013-08-09
FBHS,FBHS.W^E14,2013-08-19,ESG-GJR-GARCH(G),0.3858971433439759,5.909389096866712,G,2013-08-09
FBHS,FBHS.W^E14,2013-08-19,ESG-GJR-GARCH(S),0.3858971433439761,5.909389096866717,S,2013-08-09
FBHS,FBHS.W^E14,2013-08-19,GARCH,0.3474578634286087,4.790752653110067,,2013-08-09
FBHS,FBHS.W^E14,2013-08-19,GJR-GARCH,0.3813466403468631,5.770843654914277,,2013-08-09
FBHS,FBHS.W^E14,2013-08-20,EGARCH,0.3505734269560092,4.877052686019059,,2013-08-09
FBHS,FBHS.W^E14,2013-08-20,ESG-EGARCH,0.3565284821516984,5.044149150214047,all,2013-08-09
FBHS,FBHS.W^E14,2013-08-20,ESG-EGARCH(E),0.3565284821516983,5.044149150214043,E,2013-08-09
FBHS,FBHS.W^E14,2013-08-20,ESG-EGARCH(G),0.3565284821516982,5.044149150214039,G,2013-08-09
FBHS,FBHS.W^E14,2013-08-20,ESG-EGARCH(S),0.3565284821516984,5.044149150214047,S,2013-08-09
FBHS,FBHS.W^E14,2013-08-20,ESG-GARCH,0.3510418309787806,4.890093932418047,all,2013-08-09
FBHS,FBHS.W^E14,2013-08-20,ESG-GARCH(E),0.3510418309787803,4.890093932418038,E,2013-08-09
FBHS,FBHS.W^E14,2013-08-20,ESG-GARCH(G),0.3510418309787802,4.890093932418036,G,2013-08-09
FBHS,FBHS.W^E14,2013-08-20,ESG-GARCH(S),0.3510418309787803,4.890093932418037,S,2013-08-09
FBHS,FBHS.W^E14,2013-08-20,ESG-GJR-GARCH,0.3858971433439758,5.909389096866706,all,2013-08-09
FBHS,FBHS.W^E14,2013-08-20,ESG-GJR-GARCH(E),0.3858971433439762,5.909389096866718,E,2013-08-09
FBHS,FBHS.W^E14,2013-08-20,ESG-GJR-GARCH(G),0.3858971433439759,5.909389096866712,G,2013-08-09
FBHS,FBHS.W^E14,2013-08-20,ESG-GJR-GARCH(S),0.3858971433439761,5.909389096866717,S,2013-08-09
FBHS,FBHS.W^E14,2013-08-20,GARCH,0.3474578634286087,4.790752653110067,,2013-08-09
FBHS,FBHS.W^E14,2013-08-20,GJR-GARCH,0.3813466403468631,5.770843654914277,,2013-08-09
FBHS,FBHS.W^E14,2013-08-21,EGARCH,0.3505734269560092,4.877052686019059,,2013-08-09
FBHS,FBHS.W^E14,2013-08-21,ESG-EGARCH,0.3565284821516984,5.044149150214047,all,2013-08-09
FBHS,FBHS.W^E14,2013-08-21,ESG-EGARCH(E),0.3565284821516983,5.044149150214043,E,2013-08-09
FBHS,FBHS.W^E14,2013-08-21,ESG-EGARCH(G),0.3565284821516982,5.044149150214039,G,2013-08-09
FBHS,FBHS.W^E14,2013-08-21,ESG-EGARCH(S),0.3565284821516984,5.044149150214047,S,2013-08-09
FBHS,FBHS.W^E14,2013-08-21,ESG-GARCH,0.3510418309787806,4.890093932418047,all,2013-08-09
FBHS,FBHS.W^E14,2013-08-21,ESG-GARCH(E),0.3510418309787803,4.890093932418038,E,2013-08-09
FBHS,FBHS.W^E14,2013-08-21,ESG-GARCH(G),0.3510418309787802,4.890093932418036,G,2013-08-09
FBHS,FBHS.W^E14,2013-08-21,ESG-GARCH(S),0.3510418309787803,4.890093932418037,S,2013-08-09
FBHS,FBHS.W^E14,2013-08-21,ESG-GJR-GARCH,0.3858971433439758,5.909389096866706,all,2013-08-09
FBHS,FBHS.W^E14,2013-08-21,ESG-GJR-GARCH(E),0.3858971433439762,5.909389096866718,E,2013-08-09
FBHS,FBHS.W^E14,2013-08-21,ESG-GJR-GARCH(G),0.3858971433439759,5.909389096866712,G,2013-08-09
FBHS,FBHS.W^E14,2013-08-21,ESG-GJR-GARCH(S),0.3858971433439761,5.909389096866717,S,2013-08-09
FBHS,FBHS.W^E14,2013-08-21,GARCH,0.3474578634286087,4.790752653110067,,2013-08-09
FBHS,FBHS.W^E14,2013-08-21,GJR-GARCH,0.3813466403468631,5.770843654914277,,2013-08-09
FBHS,FBHS.W^E14,2013-08-22,EGARCH,0.3505734269560092,4.877052686019059,,2013-08-09
FBHS,FBHS.W^E14,2013-08-22,ESG-EGARCH,0.3565284821516984,5.044149150214047,all,2013-08-09
FBHS,FBHS.W^E14,2013-08-22,ESG-EGARCH(E),0.3565284821516983,5.044149150214043,E,2013-08-09
FBHS,FBHS.W^E14,2013-08-22,ESG-EGARCH(G),0.3565284821516982,5.044149150214039,G,2013-08-09
FBHS,FBHS.W^E14,2013-08-22,ESG-EGARCH(S),0.3565284821516984,5.044149150214047,S,2013-08-09
FBHS,FBHS.W^E14,2013-08-22,ESG-GARCH,0.3510418309787806,4.890093932418047,all,2013-08-09
FBHS,FBHS.W^E14,2013-08-22,ESG-GARCH(E),0.3510418309787803,4.890093932418038,E,2013-08-09
FBHS,FBHS.W^E14,2013-08-22,ESG-GARCH(G),0.3510418309787802,4.890093932418036,G,2013-08-09
FBHS,FBHS.W^E14,2013-08-22,ESG-GARCH(S),0.3510418309787803,4.890093932418037,S,2013-08-09
FBHS,FBHS.W^E14,2013-08-22,ESG-GJR-GARCH,0.3858971433439758,5.909389096866706,all,2013-08-09
FBHS,FBHS.W^E14,2013-08-22,ESG-GJR-GARCH(E),0.3858971433439762,5.909389096866718,E,2013-08-09
FBHS,FBHS.W^E14,2013-08-22,ESG-GJR-GARCH(G),0.3858971433439759,5.909389096866712,G,2013-08-09
FBHS,FBHS.W^E14,2013-08-22,ESG-GJR-GARCH(S),0.3858971433439761,5.909389096866717,S,2013-08-09
FBHS,FBHS.W^E14,2013-08-22,GARCH,0.3474578634286087,4.790752653110067,,2013-08-09
FBHS,FBHS.W^E14,2013-08-22,GJR-GARCH,0.3813466403468631,5.770843654914277,,2013-08-09
FBHS,FBHS.W^E14,2013-08-23,EGARCH,0.3505734269560092,4.877052686019059,,2013-08-09
FBHS,FBHS.W^E14,2013-08-23,ESG-EGARCH,0.3565284821516984,5.044149150214047,all,2013-08-09
FBHS,FBHS.W^E14,2013-08-23,ESG-EGARCH(E),0.3565284821516983,5.044149150214043,E,2013-08-09
FBHS,FBHS.W^E14,2013-08-23,ESG-EGARCH(G),0.3565284821516982,5.044149150214039,G,2013-08-09
FBHS,FBHS.W^E14,2013-08-23,ESG-EGARCH(S),0.3565284821516984,5.044149150214047,S,2013-08-09
FBHS,FBHS.W^E14,2013-08-23,ESG-GARCH,0.3510418309787806,4.890093932418047,all,2013-08-09
FBHS,FBHS.W^E14,2013-08-23,ESG-GARCH(E),0.3510418309787803,4.890093932418038,E,2013-08-09
FBHS,FBHS.W^E14,2013-08-23,ESG-GARCH(G),0.3510418309787802,4.890093932418036,G,2013-08-09
FBHS,FBHS.W^E14,2013-08-23,ESG-GARCH(S),0.3510418309787803,4.890093932418037,S,2013-08-09
FBHS,FBHS.W^E14,2013-08-23,ESG-GJR-GARCH,0.3858971433439758,5.909389096866706,all,2013-08-09
FBHS,FBHS.W^E14,2013-08-23,ESG-GJR-GARCH(E),0.3858971433439762,5.909389096866718,E,2013-08-09
FBHS,FBHS.W^E14,2013-08-23,ESG-GJR-GARCH(G),0.3858971433439759,5.909389096866712,G,2013-08-09
FBHS,FBHS.W^E14,2013-08-23,ESG-GJR-GARCH(S),0.3858971433439761,5.909389096866717,S,2013-08-09
FBHS,FBHS.W^E14,2013-08-23,GARCH,0.3474578634286087,4.790752653110067,,2013-08-09
FBHS,FBHS.W^E14,2013-08-23,GJR-GARCH,0.3813466403468631,5.770843654914277,,2013-08-09
FBHS,FBHS.W^E14,2013-08-26,EGARCH,0.3505734269560092,4.877052686019059,,2013-08-09
FBHS,FBHS.W^E14,2013-08-26,ESG-EGARCH,0.3565284821516984,5.044149150214047,all,2013-08-09
FBHS,FBHS.W^E14,2013-08-26,ESG-EGARCH(E),0.3565284821516983,5.044149150214043,E,2013-08-09
FBHS,FBHS.W^E14,2013-08-26,ESG-EGARCH(G),0.3565284821516982,5.044149150214039,G,2013-08-09
FBHS,FBHS.W^E14,2013-08-26,ESG-EGARCH(S),0.3565284821516984,5.044149150214047,S,2013-08-09
FBHS,FBHS.W^E14,2013-08-26,ESG-GARCH,0.3510418309787806,4.890093932418047,all,2013-08-09
FBHS,FBHS.W^E14,2013-08-26,ESG-GARCH(E),0.3510418309787803,4.890093932418038,E,2013-08-09
FBHS,FBHS.W^E14,2013-08-26,ESG-GARCH(G),0.3510418309787802,4.890093932418036,G,2013-08-09
FBHS,FBHS.W^E14,2013-08-26,ESG-GARCH(S),0.3510418309787803,4.890093932418037,S,2013-08-09
FBHS,FBHS.W^E14,2013-08-26,ESG-GJR-GARCH,0.3858971433439758,5.909389096866706,all,2013-08-09
FBHS,FBHS.W^E14,2013-08-26,ESG-GJR-GARCH(E),0.3858971433439762,5.909389096866718,E,2013-08-09
FBHS,FBHS.W^E14,2013-08-26,ESG-GJR-GARCH(G),0.3858971433439759,5.909389096866712,G,2013-08-09
FBHS,FBHS.W^E14,2013-08-26,ESG-GJR-GARCH(S),0.3858971433439761,5.909389096866717,S,2013-08-09
FBHS,FBHS.W^E14,2013-08-26,GARCH,0.3474578634286087,4.790752653110067,,2013-08-09
FBHS,FBHS.W^E14,2013-08-26,GJR-GARCH,0.3813466403468631,5.770843654914277,,2013-08-09
FBHS,FBHS.W^E14,2013-08-27,EGARCH,0.3505734269560092,4.877052686019059,,2013-08-09
FBHS,FBHS.W^E14,2013-08-27,ESG-EGARCH,0.3565284821516984,5.044149150214047,all,2013-08-09
FBHS,FBHS.W^E14,2013-08-27,ESG-EGARCH(E),0.3565284821516983,5.044149150214043,E,2013-08-09
FBHS,FBHS.W^E14,2013-08-27,ESG-EGARCH(G),0.3565284821516982,5.044149150214039,G,2013-08-09
FBHS,FBHS.W^E14,2013-08-27,ESG-EGARCH(S),0.3565284821516984,5.044149150214047,S,2013-08-09
FBHS,FBHS.W^E14,2013-08-27,ESG-GARCH,0.3510418309787806,4.890093932418047,all,2013-08-09
FBHS,FBHS.W^E14,2013-08-27,ESG-GARCH(E),0.3510418309787803,4.890093932418038,E,2013-08-09
FBHS,FBHS.W^E14,2013-08-27,ESG-GARCH(G),0.3510418309787802,4.890093932418036,G,2013-08-09
FBHS,FBHS.W^E14,2013-08-27,ESG-GARCH(S),0.3510418309787803,4.890093932418037,S,2013-08-09
FBHS,FBHS.W^E14,2013-08-27,ESG-GJR-GARCH,0.3858971433439758,5.909389096866706,all,2013-08-09
FBHS,FBHS.W^E14,2013-08-27,ESG-GJR-GARCH(E),0.3858971433439762,5.909389096866718,E,2013-08-09
FBHS,FBHS.W^E14,2013-08-27,ESG-GJR-GARCH(G),0.3858971433439759,5.909389096866712,G,2013-08-09
FBHS,FBHS.W^E14,2013-08-27,ESG-GJR-GARCH(S),0.3858971433439761,5.909389096866717,S,2013-08-09
FBHS,FBHS.W^E14,2013-08-27,GARCH,0.3474578634286087,4.790752653110067,,2013-08-09
FBHS,FBHS.W^E14,2013-08-27,GJR-GARCH,0.3813466403468631,5.770843654914277,,2013-08-09
FBHS,FBHS.W^E14,2013-08-28,EGARCH,0.3505734269560092,4.877052686019059,,2013-08-09
FBHS,FBHS.W^E14,2013-08-28,ESG-EGARCH,0.3565284821516984,5.044149150214047,all,2013-08-09
FBHS,FBHS.W^E14,2013-08-28,ESG-EGARCH(E),0.3565284821516983,5.044149150214043,E,2013-08-09
FBHS,FBHS.W^E14,2013-08-28,ESG-EGARCH(G),0.3565284821516982,5.044149150214039,G,2013-08-09
FBHS,FBHS.W^E14,2013-08-28,ESG-EGARCH(S),0.3565284821516984,5.044149150214047,S,2013-08-09
FBHS,FBHS.W^E14,2013-08-28,ESG-GARCH,0.3510418309787806,4.890093932418047,all,2013-08-09
FBHS,FBHS.W^E14,2013-08-28,ESG-GARCH(E),0.3510418309787803,4.890093932418038,E,2013-08-09
FBHS,FBHS.W^E14,2013-08-28,ESG-GARCH(G),0.3510418309787802,4.890093932418036,G,2013-08-09
FBHS,FBHS.W^E14,2013-08-28,ESG-GARCH(S),0.3510418309787803,4.890093932418037,S,2013-08-09
FBHS,FBHS.W^E14,2013-08-28,ESG-GJR-GARCH,0.3858971433439758,5.909389096866706,all,2013-08-09
FBHS,FBHS.W^E14,2013-08-28,ESG-GJR-GARCH(E),0.3858971433439762,5.909389096866718,E,2013-08-09
FBHS,FBHS.W^E14,2013-08-28,ESG-GJR-GARCH(G),0.3858971433439759,5.909389096866712,G,2013-08-09
FBHS,FBHS.W^E14,2013-08-28,ESG-GJR-GARCH(S),0.3858971433439761,5.909389096866717,S,2013-08-09
FBHS,FBHS.W^E14,2013-08-28,GARCH,0.3474578634286087,4.790752653110067,,2013-08-09
FBHS,FBHS.W^E14,2013-08-28,GJR-GARCH,0.3813466403468631,5.770843654914277,,2013-08-09
FBHS,FBHS.W^E14,2013-08-29,EGARCH,0.3505734269560092,4.877052686019059,,2013-08-09
FBHS,FBHS.W^E14,2013-08-29,ESG-EGARCH,0.3565284821516984,5.044149150214047,all,2013-08-09
FBHS,FBHS.W^E14,2013-08-29,ESG-EGARCH(E),0.3565284821516983,5.044149150214043,E,2013-08-09
FBHS,FBHS.W^E14,2013-08-29,ESG-EGARCH(G),0.3565284821516982,5.044149150214039,G,2013-08-09
FBHS,FBHS.W^E14,2013-08-29,ESG-EGARCH(S),0.3565284821516984,5.044149150214047,S,2013-08-09
FBHS,FBHS.W^E14,2013-08-29,ESG-GARCH,0.3510418309787806,4.890093932418047,all,2013-08-09
FBHS,FBHS.W^E14,2013-08-29,ESG-GARCH(E),0.3510418309787803,4.890093932418038,E,2013-08-09
FBHS,FBHS.W^E14,2013-08-29,ESG-GARCH(G),0.3510418309787802,4.890093932418036,G,2013-08-09
FBHS,FBHS.W^E14,2013-08-29,ESG-GARCH(S),0.3510418309787803,4.890093932418037,S,2013-08-09
FBHS,FBHS.W^E14,2013-08-29,ESG-GJR-GARCH,0.3858971433439758,5.909389096866706,all,2013-08-09
FBHS,FBHS.W^E14,2013-08-29,ESG-GJR-GARCH(E),0.3858971433439762,5.909389096866718,E,2013-08-09
FBHS,FBHS.W^E14,2013-08-29,ESG-GJR-GARCH(G),0.3858971433439759,5.909389096866712,G,2013-08-09
FBHS,FBHS.W^E14,2013-08-29,ESG-GJR-GARCH(S),0.3858971433439761,5.909389096866717,S,2013-08-09
FBHS,FBHS.W^E14,2013-08-29,GARCH,0.3474578634286087,4.790752653110067,,2013-08-09
FBHS,FBHS.W^E14,2013-08-29,GJR-GARCH,0.3813466403468631,5.770843654914277,,2013-08-09
FBHS,FBHS.W^E14,2013-08-30,EGARCH,0.3505734269560092,4.877052686019059,,2013-08-09
FBHS,FBHS.W^E14,2013-08-30,ESG-EGARCH,0.3565284821516984,5.044149150214047,all,2013-08-09
FBHS,FBHS.W^E14,2013-08-30,ESG-EGARCH(E),0.3565284821516983,5.044149150214043,E,2013-08-09
FBHS,FBHS.W^E14,2013-08-30,ESG-EGARCH(G),0.3565284821516982,5.044149150214039,G,2013-08-09
FBHS,FBHS.W^E14,2013-08-30,ESG-EGARCH(S),0.3565284821516984,5.044149150214047,S,2013-08-09
FBHS,FBHS.W^E14,2013-08-30,ESG-GARCH,0.3510418309787806,4.890093932418047,all,2013-08-09
FBHS,FBHS.W^E14,2013-08-30,ESG-GARCH(E),0.3510418309787803,4.890093932418038,E,2013-08-09
FBHS,FBHS.W^E14,2013-08-30,ESG-GARCH(G),0.3510418309787802,4.890093932418036,G,2013-08-09
FBHS,FBHS.W^E14,2013-08-30,ESG-GARCH(S),0.3510418309787803,4.890093932418037,S,2013-08-09
FBHS,FBHS.W^E14,2013-08-30,ESG-GJR-GARCH,0.3858971433439758,5.909389096866706,all,2013-08-09
FBHS,FBHS.W^E14,2013-08-30,ESG-GJR-GARCH(E),0.3858971433439762,5.909389096866718,E,2013-08-09
FBHS,FBHS.W^E14,2013-08-30,ESG-GJR-GARCH(G),0.3858971433439759,5.909389096866712,G,2013-08-09
FBHS,FBHS.W^E14,2013-08-30,ESG-GJR-GARCH(S),0.3858971433439761,5.909389096866717,S,2013-08-09
FBHS,FBHS.W^E14,2013-08-30,GARCH,0.3474578634286087,4.790752653110067,,2013-08-09
FBHS,FBHS.W^E14,2013-08-30,GJR-GARCH,0.3813466403468631,5.770843654914277,,2013-08-09
FBHS,FBHS.W^E14,2013-09-04,EGARCH,0.3505734269560092,4.877052686019059,,2013-08-09
FBHS,FBHS.W^E14,2013-09-04,ESG-EGARCH,0.3565284821516984,5.044149150214047,all,2013-08-09
FBHS,FBHS.W^E14,2013-09-04,ESG-EGARCH(E),0.3565284821516983,5.044149150214043,E,2013-08-09
FBHS,FBHS.W^E14,2013-09-04,ESG-EGARCH(G),0.3565284821516982,5.044149150214039,G,2013-08-09
FBHS,FBHS.W^E14,2013-09-04,ESG-EGARCH(S),0.3565284821516984,5.044149150214047,S,2013-08-09
FBHS,FBHS.W^E14,2013-09-04,ESG-GARCH,0.3510418309787806,4.890093932418047,all,2013-08-09
FBHS,FBHS.W^E14,2013-09-04,ESG-GARCH(E),0.3510418309787803,4.890093932418038,E,2013-08-09
FBHS,FBHS.W^E14,2013-09-04,ESG-GARCH(G),0.3510418309787802,4.890093932418036,G,2013-08-09
FBHS,FBHS.W^E14,2013-09-04,ESG-GARCH(S),0.3510418309787803,4.890093932418037,S,2013-08-09
FBHS,FBHS.W^E14,2013-09-04,ESG-GJR-GARCH,0.3858971433439758,5.909389096866706,all,2013-08-09
FBHS,FBHS.W^E14,2013-09-04,ESG-GJR-GARCH(E),0.3858971433439762,5.909389096866718,E,2013-08-09
FBHS,FBHS.W^E14,2013-09-04,ESG-GJR-GARCH(G),0.3858971433439759,5.909389096866712,G,2013-08-09
FBHS,FBHS.W^E14,2013-09-04,ESG-GJR-GARCH(S),0.3858971433439761,5.909389096866717,S,2013-08-09
FBHS,FBHS.W^E14,2013-09-04,GARCH,0.3474578634286087,4.790752653110067,,2013-08-09
FBHS,FBHS.W^E14,2013-09-04,GJR-GARCH,0.3813466403468631,5.770843654914277,,2013-08-09
FBHS,FBHS.W^E14,2013-09-05,EGARCH,0.3505734269560092,4.877052686019059,,2013-08-09
FBHS,FBHS.W^E14,2013-09-05,ESG-EGARCH,0.3565284821516984,5.044149150214047,all,2013-08-09
FBHS,FBHS.W^E14,2013-09-05,ESG-EGARCH(E),0.3565284821516983,5.044149150214043,E,2013-08-09
FBHS,FBHS.W^E14,2013-09-05,ESG-EGARCH(G),0.3565284821516982,5.044149150214039,G,2013-08-09
FBHS,FBHS.W^E14,2013-09-05,ESG-EGARCH(S),0.3565284821516984,5.044149150214047,S,2013-08-09
FBHS,FBHS.W^E14,2013-09-05,ESG-GARCH,0.3510418309787806,4.890093932418047,all,2013-08-09
FBHS,FBHS.W^E14,2013-09-05,ESG-GARCH(E),0.3510418309787803,4.890093932418038,E,2013-08-09
FBHS,FBHS.W^E14,2013-09-05,ESG-GARCH(G),0.3510418309787802,4.890093932418036,G,2013-08-09
FBHS,FBHS.W^E14,2013-09-05,ESG-GARCH(S),0.3510418309787803,4.890093932418037,S,2013-08-09
FBHS,FBHS.W^E14,2013-09-05,ESG-GJR-GARCH,0.3858971433439758,5.909389096866706,all,2013-08-09
FBHS,FBHS.W^E14,2013-09-05,ESG-GJR-GARCH(E),0.3858971433439762,5.909389096866718,E,2013-08-09
FBHS,FBHS.W^E14,2013-09-05,ESG-GJR-GARCH(G),0.3858971433439759,5.909389096866712,G,2013-08-09
FBHS,FBHS.W^E14,2013-09-05,ESG-GJR-GARCH(S),0.3858971433439761,5.909389096866717,S,2013-08-09
FBHS,FBHS.W^E14,2013-09-05,GARCH,0.3474578634286087,4.790752653110067,,2013-08-09
FBHS,FBHS.W^E14,2013-09-05,GJR-GARCH,0.3813466403468631,5.770843654914277,,2013-08-09
FBHS,FBHS.W^E14,2013-09-06,EGARCH,0.3505734269560092,4.877052686019059,,2013-08-09
FBHS,FBHS.W^E14,2013-09-06,ESG-EGARCH,0.3565284821516984,5.044149150214047,all,2013-08-09
FBHS,FBHS.W^E14,2013-09-06,ESG-EGARCH(E),0.3565284821516983,5.044149150214043,E,2013-08-09
FBHS,FBHS.W^E14,2013-09-06,ESG-EGARCH(G),0.3565284821516982,5.044149150214039,G,2013-08-09
FBHS,FBHS.W^E14,2013-09-06,ESG-EGARCH(S),0.3565284821516984,5.044149150214047,S,2013-08-09
FBHS,FBHS.W^E14,2013-09-06,ESG-GARCH,0.3510418309787806,4.890093932418047,all,2013-08-09
FBHS,FBHS.W^E14,2013-09-06,ESG-GARCH(E),0.3510418309787803,4.890093932418038,E,2013-08-09
FBHS,FBHS.W^E14,2013-09-06,ESG-GARCH(G),0.3510418309787802,4.890093932418036,G,2013-08-09
FBHS,FBHS.W^E14,2013-09-06,ESG-GARCH(S),0.3510418309787803,4.890093932418037,S,2013-08-09
FBHS,FBHS.W^E14,2013-09-06,ESG-GJR-GARCH,0.3858971433439758,5.909389096866706,all,2013-08-09
FBHS,FBHS.W^E14,2013-09-06,ESG-GJR-GARCH(E),0.3858971433439762,5.909389096866718,E,2013-08-09
FBHS,FBHS.W^E14,2013-09-06,ESG-GJR-GARCH(G),0.3858971433439759,5.909389096866712,G,2013-08-09
FBHS,FBHS.W^E14,2013-09-06,ESG-GJR-GARCH(S),0.3858971433439761,5.909389096866717,S,2013-08-09
FBHS,FBHS.W^E14,2013-09-06,GARCH,0.3474578634286087,4.790752653110067,,2013-08-09
FBHS,FBHS.W^E14,2013-09-06,GJR-GARCH,0.3813466403468631,5.770843654914277,,2013-08-09
FBHS,FBHS.W^E14,2013-09-09,EGARCH,0.3505734269560092,4.877052686019059,,2013-08-09
FBHS,FBHS.W^E14,2013-09-09,ESG-EGARCH,0.3565284821516984,5.044149150214047,all,2013-08-09
FBHS,FBHS.W^E14,2013-09-09,ESG-EGARCH(E),0.3565284821516983,5.044149150214043,E,2013-08-09
FBHS,FBHS.W^E14,2013-09-09,ESG-EGARCH(G),0.3565284821516982,5.044149150214039,G,2013-08-09
FBHS,FBHS.W^E14,2013-09-09,ESG-EGARCH(S),0.3565284821516984,5.044149150214047,S,2013-08-09
FBHS,FBHS.W^E14,2013-09-09,ESG-GARCH,0.3510418309787806,4.890093932418047,all,2013-08-09
FBHS,FBHS.W^E14,2013-09-09,ESG-GARCH(E),0.3510418309787803,4.890093932418038,E,2013-08-09
FBHS,FBHS.W^E14,2013-09-09,ESG-GARCH(G),0.3510418309787802,4.890093932418036,G,2013-08-09
FBHS,FBHS.W^E14,2013-09-09,ESG-GARCH(S),0.3510418309787803,4.890093932418037,S,2013-08-09
FBHS,FBHS.W^E14,2013-09-09,ESG-GJR-GARCH,0.3858971433439758,5.909389096866706,all,2013-08-09
FBHS,FBHS.W^E14,2013-09-09,ESG-GJR-GARCH(E),0.3858971433439762,5.909389096866718,E,2013-08-09
FBHS,FBHS.W^E14,2013-09-09,ESG-GJR-GARCH(G),0.3858971433439759,5.909389096866712,G,2013-08-09
FBHS,FBHS.W^E14,2013-09-09,ESG-GJR-GARCH(S),0.3858971433439761,5.909389096866717,S,2013-08-09
FBHS,FBHS.W^E14,2013-09-09,GARCH,0.3474578634286087,4.790752653110067,,2013-08-09
FBHS,FBHS.W^E14,2013-09-09,GJR-GARCH,0.3813466403468631,5.770843654914277,,2013-08-09
FBHS,FBHS.W^E14,2013-09-10,EGARCH,0.3505734269560092,4.877052686019059,,2013-08-09
FBHS,FBHS.W^E14,2013-09-10,ESG-EGARCH,0.3565284821516984,5.044149150214047,all,2013-08-09
FBHS,FBHS.W^E14,2013-09-10,ESG-EGARCH(E),0.3565284821516983,5.044149150214043,E,2013-08-09
FBHS,FBHS.W^E14,2013-09-10,ESG-EGARCH(G),0.3565284821516982,5.044149150214039,G,2013-08-09
FBHS,FBHS.W^E14,2013-09-10,ESG-EGARCH(S),0.3565284821516984,5.044149150214047,S,2013-08-09
FBHS,FBHS.W^E14,2013-09-10,ESG-GARCH,0.3510418309787806,4.890093932418047,all,2013-08-09
FBHS,FBHS.W^E14,2013-09-10,ESG-GARCH(E),0.3510418309787803,4.890093932418038,E,2013-08-09
FBHS,FBHS.W^E14,2013-09-10,ESG-GARCH(G),0.3510418309787802,4.890093932418036,G,2013-08-09
FBHS,FBHS.W^E14,2013-09-10,ESG-GARCH(S),0.3510418309787803,4.890093932418037,S,2013-08-09
FBHS,FBHS.W^E14,2013-09-10,ESG-GJR-GARCH,0.3858971433439758,5.909389096866706,all,2013-08-09
FBHS,FBHS.W^E14,2013-09-10,ESG-GJR-GARCH(E),0.3858971433439762,5.909389096866718,E,2013-08-09
FBHS,FBHS.W^E14,2013-09-10,ESG-GJR-GARCH(G),0.3858971433439759,5.909389096866712,G,2013-08-09
FBHS,FBHS.W^E14,2013-09-10,ESG-GJR-GARCH(S),0.3858971433439761,5.909389096866717,S,2013-08-09
FBHS,FBHS.W^E14,2013-09-10,GARCH,0.3474578634286087,4.790752653110067,,2013-08-09
FBHS,FBHS.W^E14,2013-09-10,GJR-GARCH,0.3813466403468631,5.770843654914277,,2013-08-09
FBHS,FBHS.W^E14,2013-09-11,EGARCH,0.3505734269560092,4.877052686019059,,2013-08-09
FBHS,FBHS.W^E14,2013-09-11,ESG-EGARCH,0.3565284821516984,5.044149150214047,all,2013-08-09
FBHS,FBHS.W^E14,2013-09-11,ESG-EGARCH(E),0.3565284821516983,5.044149150214043,E,2013-08-09
FBHS,FBHS.W^E14,2013-09-11,ESG-EGARCH(G),0.3565284821516982,5.044149150214039,G,2013-08-09
FBHS,FBHS.W^E14,2013-09-11,ESG-EGARCH(S),0.3565284821516984,5.044149150214047,S,2013-08-09
FBHS,FBHS.W^E14,2013-09-11,ESG-GARCH,0.3510418309787806,4.890093932418047,all,2013-08-09
FBHS,FBHS.W^E14,2013-09-11,ESG-GARCH(E),0.3510418309787803,4.890093932418038,E,2013-08-09
FBHS,FBHS.W^E14,2013-09-11,ESG-GARCH(G),0.3510418309787802,4.890093932418036,G,2013-08-09
FBHS,FBHS.W^E14,2013-09-11,ESG-GARCH(S),0.3510418309787803,4.890093932418037,S,2013-08-09
FBHS,FBHS.W^E14,2013-09-11,ESG-GJR-GARCH,0.3858971433439758,5.909389096866706,all,2013-08-09
FBHS,FBHS.W^E14,2013-09-11,ESG-GJR-GARCH(E),0.3858971433439762,5.909389096866718,E,2013-08-09
FBHS,FBHS.W^E14,2013-09-11,ESG-GJR-GARCH(G),0.3858971433439759,5.909389096866712,G,2013-08-09
FBHS,FBHS.W^E14,2013-09-11,ESG-GJR-GARCH(S),0.3858971433439761,5.909389096866717,S,2013-08-09
FBHS,FBHS.W^E14,2013-09-11,GARCH,0.3474578634286087,4.790752653110067,,2013-08-09
FBHS,FBHS.W^E14,2013-09-11,GJR-GARCH,0.3813466403468631,5.770843654914277,,2013-08-09
FBHS,FBHS.W^E14,2013-09-12,EGARCH,0.2508265559890658,2.496585761481585,,2013-09-12
FBHS,FBHS.W^E14,2013-09-12,ESG-EGARCH,0.2464937863131901,2.411078836944945,all,2013-09-12
FBHS,FBHS.W^E14,2013-09-12,ESG-EGARCH(E),0.2464937863131898,2.411078836944941,E,2013-09-12
FBHS,FBHS.W^E14,2013-09-12,ESG-EGARCH(G),0.2464937863131897,2.4110788369449394,G,2013-09-12
FBHS,FBHS.W^E14,2013-09-12,ESG-EGARCH(S),0.2464937863131899,2.4110788369449416,S,2013-09-12
FBHS,FBHS.W^E14,2013-09-12,ESG-GARCH,0.3494419354928691,4.84562167781756,all,2013-09-12
FBHS,FBHS.W^E14,2013-09-12,ESG-GARCH(E),0.3494419354928688,4.845621677817554,E,2013-09-12
FBHS,FBHS.W^E14,2013-09-12,ESG-GARCH(G),0.349441935492869,4.845621677817557,G,2013-09-12
FBHS,FBHS.W^E14,2013-09-12,ESG-GARCH(S),0.3494419354928688,4.845621677817554,S,2013-09-12
FBHS,FBHS.W^E14,2013-09-12,ESG-GJR-GARCH,0.322275275930679,4.121482280801401,all,2013-09-12
FBHS,FBHS.W^E14,2013-09-12,ESG-GJR-GARCH(E),0.3222752759306793,4.121482280801407,E,2013-09-12
FBHS,FBHS.W^E14,2013-09-12,ESG-GJR-GARCH(G),0.3222752759306793,4.121482280801407,G,2013-09-12
FBHS,FBHS.W^E14,2013-09-12,ESG-GJR-GARCH(S),0.3222752759306793,4.121482280801407,S,2013-09-12
FBHS,FBHS.W^E14,2013-09-12,GARCH,0.3461548577510818,4.75488831526475,,2013-09-12
FBHS,FBHS.W^E14,2013-09-12,GJR-GARCH,0.3186287084630731,4.028740232414526,,2013-09-12
FBHS,FBHS.W^E14,2013-09-13,EGARCH,0.2508265559890658,2.496585761481585,,2013-09-12
FBHS,FBHS.W^E14,2013-09-13,ESG-EGARCH,0.2464937863131901,2.411078836944945,all,2013-09-12
FBHS,FBHS.W^E14,2013-09-13,ESG-EGARCH(E),0.2464937863131898,2.411078836944941,E,2013-09-12
FBHS,FBHS.W^E14,2013-09-13,ESG-EGARCH(G),0.2464937863131897,2.4110788369449394,G,2013-09-12
FBHS,FBHS.W^E14,2013-09-13,ESG-EGARCH(S),0.2464937863131899,2.4110788369449416,S,2013-09-12
FBHS,FBHS.W^E14,2013-09-13,ESG-GARCH,0.3494419354928691,4.84562167781756,all,2013-09-12
FBHS,FBHS.W^E14,2013-09-13,ESG-GARCH(E),0.3494419354928688,4.845621677817554,E,2013-09-12
FBHS,FBHS.W^E14,2013-09-13,ESG-GARCH(G),0.349441935492869,4.845621677817557,G,2013-09-12
FBHS,FBHS.W^E14,2013-09-13,ESG-GARCH(S),0.3494419354928688,4.845621677817554,S,2013-09-12
FBHS,FBHS.W^E14,2013-09-13,ESG-GJR-GARCH,0.322275275930679,4.121482280801401,all,2013-09-12
FBHS,FBHS.W^E14,2013-09-13,ESG-GJR-GARCH(E),0.3222752759306793,4.121482280801407,E,2013-09-12
FBHS,FBHS.W^E14,2013-09-13,ESG-GJR-GARCH(G),0.3222752759306793,4.121482280801407,G,2013-09-12
FBHS,FBHS.W^E14,2013-09-13,ESG-GJR-GARCH(S),0.3222752759306793,4.121482280801407,S,2013-09-12
FBHS,FBHS.W^E14,2013-09-13,GARCH,0.3461548577510818,4.75488831526475,,2013-09-12
FBHS,FBHS.W^E14,2013-09-13,GJR-GARCH,0.3186287084630731,4.028740232414526,,2013-09-12
FBHS,FBHS.W^E14,2013-09-16,EGARCH,0.2508265559890658,2.496585761481585,,2013-09-12
FBHS,FBHS.W^E14,2013-09-16,ESG-EGARCH,0.2464937863131901,2.411078836944945,all,2013-09-12
FBHS,FBHS.W^E14,2013-09-16,ESG-EGARCH(E),0.2464937863131898,2.411078836944941,E,2013-09-12
FBHS,FBHS.W^E14,2013-09-16,ESG-EGARCH(G),0.2464937863131897,2.4110788369449394,G,2013-09-12
FBHS,FBHS.W^E14,2013-09-16,ESG-EGARCH(S),0.2464937863131899,2.4110788369449416,S,2013-09-12
FBHS,FBHS.W^E14,2013-09-16,ESG-GARCH,0.3494419354928691,4.84562167781756,all,2013-09-12
FBHS,FBHS.W^E14,2013-09-16,ESG-GARCH(E),0.3494419354928688,4.845621677817554,E,2013-09-12
FBHS,FBHS.W^E14,2013-09-16,ESG-GARCH(G),0.349441935492869,4.845621677817557,G,2013-09-12
FBHS,FBHS.W^E14,2013-09-16,ESG-GARCH(S),0.3494419354928688,4.845621677817554,S,2013-09-12
FBHS,FBHS.W^E14,2013-09-16,ESG-GJR-GARCH,0.322275275930679,4.121482280801401,all,2013-09-12
FBHS,FBHS.W^E14,2013-09-16,ESG-GJR-GARCH(E),0.3222752759306793,4.121482280801407,E,2013-09-12
FBHS,FBHS.W^E14,2013-09-16,ESG-GJR-GARCH(G),0.3222752759306793,4.121482280801407,G,2013-09-12
FBHS,FBHS.W^E14,2013-09-16,ESG-GJR-GARCH(S),0.3222752759306793,4.121482280801407,S,2013-09-12
FBHS,FBHS.W^E14,2013-09-16,GARCH,0.3461548577510818,4.75488831526475,,2013-09-12
FBHS,FBHS.W^E14,2013-09-16,GJR-GARCH,0.3186287084630731,4.028740232414526,,2013-09-12
FBHS,FBHS.W^E14,2013-09-17,EGARCH,0.2508265559890658,2.496585761481585,,2013-09-12
FBHS,FBHS.W^E14,2013-09-17,ESG-EGARCH,0.2464937863131901,2.411078836944945,all,2013-09-12
FBHS,FBHS.W^E14,2013-09-17,ESG-EGARCH(E),0.2464937863131898,2.411078836944941,E,2013-09-12
FBHS,FBHS.W^E14,2013-09-17,ESG-EGARCH(G),0.2464937863131897,2.4110788369449394,G,2013-09-12
FBHS,FBHS.W^E14,2013-09-17,ESG-EGARCH(S),0.2464937863131899,2.4110788369449416,S,2013-09-12
FBHS,FBHS.W^E14,2013-09-17,ESG-GARCH,0.3494419354928691,4.84562167781756,all,2013-09-12
FBHS,FBHS.W^E14,2013-09-17,ESG-GARCH(E),0.3494419354928688,4.845621677817554,E,2013-09-12
FBHS,FBHS.W^E14,2013-09-17,ESG-GARCH(G),0.349441935492869,4.845621677817557,G,2013-09-12
FBHS,FBHS.W^E14,2013-09-17,ESG-GARCH(S),0.3494419354928688,4.845621677817554,S,2013-09-12
FBHS,FBHS.W^E14,2013-09-17,ESG-GJR-GARCH,0.322275275930679,4.121482280801401,all,2013-09-12
FBHS,FBHS.W^E14,2013-09-17,ESG-GJR-GARCH(E),0.3222752759306793,4.121482280801407,E,2013-09-12
FBHS,FBHS.W^E14,2013-09-17,ESG-GJR-GARCH(G),0.3222752759306793,4.121482280801407,G,2013-09-12
FBHS,FBHS.W^E14,2013-09-17,ESG-GJR-GARCH(S),0.3222752759306793,4.121482280801407,S,2013-09-12
FBHS,FBHS.W^E14,2013-09-17,GARCH,0.3461548577510818,4.75488831526475,,2013-09-12
FBHS,FBHS.W^E14,2013-09-17,GJR-GARCH,0.3186287084630731,4.028740232414526,,2013-09-12
FBHS,FBHS.W^E14,2013-09-18,EGARCH,0.2508265559890658,2.496585761481585,,2013-09-12
FBHS,FBHS.W^E14,2013-09-18,ESG-EGARCH,0.2464937863131901,2.411078836944945,all,2013-09-12
FBHS,FBHS.W^E14,2013-09-18,ESG-EGARCH(E),0.2464937863131898,2.411078836944941,E,2013-09-12
FBHS,FBHS.W^E14,2013-09-18,ESG-EGARCH(G),0.2464937863131897,2.4110788369449394,G,2013-09-12
FBHS,FBHS.W^E14,2013-09-18,ESG-EGARCH(S),0.2464937863131899,2.4110788369449416,S,2013-09-12
FBHS,FBHS.W^E14,2013-09-18,ESG-GARCH,0.3494419354928691,4.84562167781756,all,2013-09-12
FBHS,FBHS.W^E14,2013-09-18,ESG-GARCH(E),0.3494419354928688,4.845621677817554,E,2013-09-12
FBHS,FBHS.W^E14,2013-09-18,ESG-GARCH(G),0.349441935492869,4.845621677817557,G,2013-09-12
FBHS,FBHS.W^E14,2013-09-18,ESG-GARCH(S),0.3494419354928688,4.845621677817554,S,2013-09-12
FBHS,FBHS.W^E14,2013-09-18,ESG-GJR-GARCH,0.322275275930679,4.121482280801401,all,2013-09-12
FBHS,FBHS.W^E14,2013-09-18,ESG-GJR-GARCH(E),0.3222752759306793,4.121482280801407,E,2013-09-12
FBHS,FBHS.W^E14,2013-09-18,ESG-GJR-GARCH(G),0.3222752759306793,4.121482280801407,G,2013-09-12
FBHS,FBHS.W^E14,2013-09-18,ESG-GJR-GARCH(S),0.3222752759306793,4.121482280801407,S,2013-09-12
FBHS,FBHS.W^E14,2013-09-18,GARCH,0.3461548577510818,4.75488831526475,,2013-09-12
FBHS,FBHS.W^E14,2013-09-18,GJR-GARCH,0.3186287084630731,4.028740232414526,,2013-09-12
FBHS,FBHS.W^E14,2013-09-19,EGARCH,0.2508265559890658,2.496585761481585,,2013-09-12
FBHS,FBHS.W^E14,2013-09-19,ESG-EGARCH,0.2464937863131901,2.411078836944945,all,2013-09-12
FBHS,FBHS.W^E14,2013-09-19,ESG-EGARCH(E),0.2464937863131898,2.411078836944941,E,2013-09-12
FBHS,FBHS.W^E14,2013-09-19,ESG-EGARCH(G),0.2464937863131897,2.4110788369449394,G,2013-09-12
FBHS,FBHS.W^E14,2013-09-19,ESG-EGARCH(S),0.2464937863131899,2.4110788369449416,S,2013-09-12
FBHS,FBHS.W^E14,2013-09-19,ESG-GARCH,0.3494419354928691,4.84562167781756,all,2013-09-12
FBHS,FBHS.W^E14,2013-09-19,ESG-GARCH(E),0.3494419354928688,4.845621677817554,E,2013-09-12
FBHS,FBHS.W^E14,2013-09-19,ESG-GARCH(G),0.349441935492869,4.845621677817557,G,2013-09-12
FBHS,FBHS.W^E14,2013-09-19,ESG-GARCH(S),0.3494419354928688,4.845621677817554,S,2013-09-12
FBHS,FBHS.W^E14,2013-09-19,ESG-GJR-GARCH,0.322275275930679,4.121482280801401,all,2013-09-12
FBHS,FBHS.W^E14,2013-09-19,ESG-GJR-GARCH(E),0.3222752759306793,4.121482280801407,E,2013-09-12
FBHS,FBHS.W^E14,2013-09-19,ESG-GJR-GARCH(G),0.3222752759306793,4.121482280801407,G,2013-09-12
FBHS,FBHS.W^E14,2013-09-19,ESG-GJR-GARCH(S),0.3222752759306793,4.121482280801407,S,2013-09-12
FBHS,FBHS.W^E14,2013-09-19,GARCH,0.3461548577510818,4.75488831526475,,2013-09-12
FBHS,FBHS.W^E14,2013-09-19,GJR-GARCH,0.3186287084630731,4.028740232414526,,2013-09-12
FBHS,FBHS.W^E14,2013-09-20,EGARCH,0.2508265559890658,2.496585761481585,,2013-09-12
FBHS,FBHS.W^E14,2013-09-20,ESG-EGARCH,0.2464937863131901,2.411078836944945,all,2013-09-12
FBHS,FBHS.W^E14,2013-09-20,ESG-EGARCH(E),0.2464937863131898,2.411078836944941,E,2013-09-12
FBHS,FBHS.W^E14,2013-09-20,ESG-EGARCH(G),0.2464937863131897,2.4110788369449394,G,2013-09-12
FBHS,FBHS.W^E14,2013-09-20,ESG-EGARCH(S),0.2464937863131899,2.4110788369449416,S,2013-09-12
FBHS,FBHS.W^E14,2013-09-20,ESG-GARCH,0.3494419354928691,4.84562167781756,all,2013-09-12
FBHS,FBHS.W^E14,2013-09-20,ESG-GARCH(E),0.3494419354928688,4.845621677817554,E,2013-09-12
FBHS,FBHS.W^E14,2013-09-20,ESG-GARCH(G),0.349441935492869,4.845621677817557,G,2013-09-12
FBHS,FBHS.W^E14,2013-09-20,ESG-GARCH(S),0.3494419354928688,4.845621677817554,S,2013-09-12
FBHS,FBHS.W^E14,2013-09-20,ESG-GJR-GARCH,0.322275275930679,4.121482280801401,all,2013-09-12
FBHS,FBHS.W^E14,2013-09-20,ESG-GJR-GARCH(E),0.3222752759306793,4.121482280801407,E,2013-09-12
FBHS,FBHS.W^E14,2013-09-20,ESG-GJR-GARCH(G),0.3222752759306793,4.121482280801407,G,2013-09-12
FBHS,FBHS.W^E14,2013-09-20,ESG-GJR-GARCH(S),0.3222752759306793,4.121482280801407,S,2013-09-12
FBHS,FBHS.W^E14,2013-09-20,GARCH,0.3461548577510818,4.75488831526475,,2013-09-12
FBHS,FBHS.W^E14,2013-09-20,GJR-GARCH,0.3186287084630731,4.028740232414526,,2013-09-12
FBHS,FBHS.W^E14,2013-09-23,EGARCH,0.2508265559890658,2.496585761481585,,2013-09-12
FBHS,FBHS.W^E14,2013-09-23,ESG-EGARCH,0.2464937863131901,2.411078836944945,all,2013-09-12
FBHS,FBHS.W^E14,2013-09-23,ESG-EGARCH(E),0.2464937863131898,2.411078836944941,E,2013-09-12
FBHS,FBHS.W^E14,2013-09-23,ESG-EGARCH(G),0.2464937863131897,2.4110788369449394,G,2013-09-12
FBHS,FBHS.W^E14,2013-09-23,ESG-EGARCH(S),0.2464937863131899,2.4110788369449416,S,2013-09-12
FBHS,FBHS.W^E14,2013-09-23,ESG-GARCH,0.3494419354928691,4.84562167781756,all,2013-09-12
FBHS,FBHS.W^E14,2013-09-23,ESG-GARCH(E),0.3494419354928688,4.845621677817554,E,2013-09-12
FBHS,FBHS.W^E14,2013-09-23,ESG-GARCH(G),0.349441935492869,4.845621677817557,G,2013-09-12
FBHS,FBHS.W^E14,2013-09-23,ESG-GARCH(S),0.3494419354928688,4.845621677817554,S,2013-09-12
FBHS,FBHS.W^E14,2013-09-23,ESG-GJR-GARCH,0.322275275930679,4.121482280801401,all,2013-09-12
FBHS,FBHS.W^E14,2013-09-23,ESG-GJR-GARCH(E),0.3222752759306793,4.121482280801407,E,2013-09-12
FBHS,FBHS.W^E14,2013-09-23,ESG-GJR-GARCH(G),0.3222752759306793,4.121482280801407,G,2013-09-12
FBHS,FBHS.W^E14,2013-09-23,ESG-GJR-GARCH(S),0.3222752759306793,4.121482280801407,S,2013-09-12
FBHS,FBHS.W^E14,2013-09-23,GARCH,0.3461548577510818,4.75488831526475,,2013-09-12
FBHS,FBHS.W^E14,2013-09-23,GJR-GARCH,0.3186287084630731,4.028740232414526,,2013-09-12
FBHS,FBHS.W^E14,2013-09-24,EGARCH,0.2508265559890658,2.496585761481585,,2013-09-12
FBHS,FBHS.W^E14,2013-09-24,ESG-EGARCH,0.2464937863131901,2.411078836944945,all,2013-09-12
FBHS,FBHS.W^E14,2013-09-24,ESG-EGARCH(E),0.2464937863131898,2.411078836944941,E,2013-09-12
FBHS,FBHS.W^E14,2013-09-24,ESG-EGARCH(G),0.2464937863131897,2.4110788369449394,G,2013-09-12
FBHS,FBHS.W^E14,2013-09-24,ESG-EGARCH(S),0.2464937863131899,2.4110788369449416,S,2013-09-12
FBHS,FBHS.W^E14,2013-09-24,ESG-GARCH,0.3494419354928691,4.84562167781756,all,2013-09-12
FBHS,FBHS.W^E14,2013-09-24,ESG-GARCH(E),0.3494419354928688,4.845621677817554,E,2013-09-12
FBHS,FBHS.W^E14,2013-09-24,ESG-GARCH(G),0.349441935492869,4.845621677817557,G,2013-09-12
FBHS,FBHS.W^E14,2013-09-24,ESG-GARCH(S),0.3494419354928688,4.845621677817554,S,2013-09-12
FBHS,FBHS.W^E14,2013-09-24,ESG-GJR-GARCH,0.322275275930679,4.121482280801401,all,2013-09-12
FBHS,FBHS.W^E14,2013-09-24,ESG-GJR-GARCH(E),0.3222752759306793,4.121482280801407,E,2013-09-12
FBHS,FBHS.W^E14,2013-09-24,ESG-GJR-GARCH(G),0.3222752759306793,4.121482280801407,G,2013-09-12
FBHS,FBHS.W^E14,2013-09-24,ESG-GJR-GARCH(S),0.3222752759306793,4.121482280801407,S,2013-09-12
FBHS,FBHS.W^E14,2013-09-24,GARCH,0.3461548577510818,4.75488831526475,,2013-09-12
FBHS,FBHS.W^E14,2013-09-24,GJR-GARCH,0.3186287084630731,4.028740232414526,,2013-09-12
FBHS,FBHS.W^E14,2013-09-25,EGARCH,0.2508265559890658,2.496585761481585,,2013-09-12
FBHS,FBHS.W^E14,2013-09-25,ESG-EGARCH,0.2464937863131901,2.411078836944945,all,2013-09-12
FBHS,FBHS.W^E14,2013-09-25,ESG-EGARCH(E),0.2464937863131898,2.411078836944941,E,2013-09-12
FBHS,FBHS.W^E14,2013-09-25,ESG-EGARCH(G),0.2464937863131897,2.4110788369449394,G,2013-09-12
FBHS,FBHS.W^E14,2013-09-25,ESG-EGARCH(S),0.2464937863131899,2.4110788369449416,S,2013-09-12
FBHS,FBHS.W^E14,2013-09-25,ESG-GARCH,0.3494419354928691,4.84562167781756,all,2013-09-12
FBHS,FBHS.W^E14,2013-09-25,ESG-GARCH(E),0.3494419354928688,4.845621677817554,E,2013-09-12
FBHS,FBHS.W^E14,2013-09-25,ESG-GARCH(G),0.349441935492869,4.845621677817557,G,2013-09-12
FBHS,FBHS.W^E14,2013-09-25,ESG-GARCH(S),0.3494419354928688,4.845621677817554,S,2013-09-12
FBHS,FBHS.W^E14,2013-09-25,ESG-GJR-GARCH,0.322275275930679,4.121482280801401,all,2013-09-12
FBHS,FBHS.W^E14,2013-09-25,ESG-GJR-GARCH(E),0.3222752759306793,4.121482280801407,E,2013-09-12
FBHS,FBHS.W^E14,2013-09-25,ESG-GJR-GARCH(G),0.3222752759306793,4.121482280801407,G,2013-09-12
FBHS,FBHS.W^E14,2013-09-25,ESG-GJR-GARCH(S),0.3222752759306793,4.121482280801407,S,2013-09-12
FBHS,FBHS.W^E14,2013-09-25,GARCH,0.3461548577510818,4.75488831526475,,2013-09-12
FBHS,FBHS.W^E14,2013-09-25,GJR-GARCH,0.3186287084630731,4.028740232414526,,2013-09-12
FBHS,FBHS.W^E14,2013-09-26,EGARCH,0.2508265559890658,2.496585761481585,,2013-09-12
FBHS,FBHS.W^E14,2013-09-26,ESG-EGARCH,0.2464937863131901,2.411078836944945,all,2013-09-12
FBHS,FBHS.W^E14,2013-09-26,ESG-EGARCH(E),0.2464937863131898,2.411078836944941,E,2013-09-12
FBHS,FBHS.W^E14,2013-09-26,ESG-EGARCH(G),0.2464937863131897,2.4110788369449394,G,2013-09-12
FBHS,FBHS.W^E14,2013-09-26,ESG-EGARCH(S),0.2464937863131899,2.4110788369449416,S,2013-09-12
FBHS,FBHS.W^E14,2013-09-26,ESG-GARCH,0.3494419354928691,4.84562167781756,all,2013-09-12
FBHS,FBHS.W^E14,2013-09-26,ESG-GARCH(E),0.3494419354928688,4.845621677817554,E,2013-09-12
FBHS,FBHS.W^E14,2013-09-26,ESG-GARCH(G),0.349441935492869,4.845621677817557,G,2013-09-12
FBHS,FBHS.W^E14,2013-09-26,ESG-GARCH(S),0.3494419354928688,4.845621677817554,S,2013-09-12
FBHS,FBHS.W^E14,2013-09-26,ESG-GJR-GARCH,0.322275275930679,4.121482280801401,all,2013-09-12
FBHS,FBHS.W^E14,2013-09-26,ESG-GJR-GARCH(E),0.3222752759306793,4.121482280801407,E,2013-09-12
FBHS,FBHS.W^E14,2013-09-26,ESG-GJR-GARCH(G),0.3222752759306793,4.121482280801407,G,2013-09-12
FBHS,FBHS.W^E14,2013-09-26,ESG-GJR-GARCH(S),0.3222752759306793,4.121482280801407,S,2013-09-12
FBHS,FBHS.W^E14,2013-09-26,GARCH,0.3461548577510818,4.75488831526475,,2013-09-12
FBHS,FBHS.W^E14,2013-09-26,GJR-GARCH,0.3186287084630731,4.028740232414526,,2013-09-12
FBHS,FBHS.W^E14,2013-09-27,EGARCH,0.2508265559890658,2.496585761481585,,2013-09-12
FBHS,FBHS.W^E14,2013-09-27,ESG-EGARCH,0.2464937863131901,2.411078836944945,all,2013-09-12
FBHS,FBHS.W^E14,2013-09-27,ESG-EGARCH(E),0.2464937863131898,2.411078836944941,E,2013-09-12
FBHS,FBHS.W^E14,2013-09-27,ESG-EGARCH(G),0.2464937863131897,2.4110788369449394,G,2013-09-12
FBHS,FBHS.W^E14,2013-09-27,ESG-EGARCH(S),0.2464937863131899,2.4110788369449416,S,2013-09-12
FBHS,FBHS.W^E14,2013-09-27,ESG-GARCH,0.3494419354928691,4.84562167781756,all,2013-09-12
FBHS,FBHS.W^E14,2013-09-27,ESG-GARCH(E),0.3494419354928688,4.845621677817554,E,2013-09-12
FBHS,FBHS.W^E14,2013-09-27,ESG-GARCH(G),0.349441935492869,4.845621677817557,G,2013-09-12
FBHS,FBHS.W^E14,2013-09-27,ESG-GARCH(S),0.3494419354928688,4.845621677817554,S,2013-09-12
FBHS,FBHS.W^E14,2013-09-27,ESG-GJR-GARCH,0.322275275930679,4.121482280801401,all,2013-09-12
FBHS,FBHS.W^E14,2013-09-27,ESG-GJR-GARCH(E),0.3222752759306793,4.121482280801407,E,2013-09-12
FBHS,FBHS.W^E14,2013-09-27,ESG-GJR-GARCH(G),0.3222752759306793,4.121482280801407,G,2013-09-12
FBHS,FBHS.W^E14,2013-09-27,ESG-GJR-GARCH(S),0.3222752759306793,4.121482280801407,S,2013-09-12
FBHS,FBHS.W^E14,2013-09-27,GARCH,0.3461548577510818,4.75488831526475,,2013-09-12
FBHS,FBHS.W^E14,2013-09-27,GJR-GARCH,0.3186287084630731,4.028740232414526,,2013-09-12
FBHS,FBHS.W^E14,2013-09-30,EGARCH,0.2508265559890658,2.496585761481585,,2013-09-12
FBHS,FBHS.W^E14,2013-09-30,ESG-EGARCH,0.2464937863131901,2.411078836944945,all,2013-09-12
FBHS,FBHS.W^E14,2013-09-30,ESG-EGARCH(E),0.2464937863131898,2.411078836944941,E,2013-09-12
FBHS,FBHS.W^E14,2013-09-30,ESG-EGARCH(G),0.2464937863131897,2.4110788369449394,G,2013-09-12
FBHS,FBHS.W^E14,2013-09-30,ESG-EGARCH(S),0.2464937863131899,2.4110788369449416,S,2013-09-12
FBHS,FBHS.W^E14,2013-09-30,ESG-GARCH,0.3494419354928691,4.84562167781756,all,2013-09-12
FBHS,FBHS.W^E14,2013-09-30,ESG-GARCH(E),0.3494419354928688,4.845621677817554,E,2013-09-12
FBHS,FBHS.W^E14,2013-09-30,ESG-GARCH(G),0.349441935492869,4.845621677817557,G,2013-09-12
FBHS,FBHS.W^E14,2013-09-30,ESG-GARCH(S),0.3494419354928688,4.845621677817554,S,2013-09-12
FBHS,FBHS.W^E14,2013-09-30,ESG-GJR-GARCH,0.322275275930679,4.121482280801401,all,2013-09-12
FBHS,FBHS.W^E14,2013-09-30,ESG-GJR-GARCH(E),0.3222752759306793,4.121482280801407,E,2013-09-12
FBHS,FBHS.W^E14,2013-09-30,ESG-GJR-GARCH(G),0.3222752759306793,4.121482280801407,G,2013-09-12
FBHS,FBHS.W^E14,2013-09-30,ESG-GJR-GARCH(S),0.3222752759306793,4.121482280801407,S,2013-09-12
FBHS,FBHS.W^E14,2013-09-30,GARCH,0.3461548577510818,4.75488831526475,,2013-09-12
FBHS,FBHS.W^E14,2013-09-30,GJR-GARCH,0.3186287084630731,4.028740232414526,,2013-09-12
FBHS,FBHS.W^E14,2013-10-01,EGARCH,0.2508265559890658,2.496585761481585,,2013-09-12
FBHS,FBHS.W^E14,2013-10-01,ESG-EGARCH,0.2464937863131901,2.411078836944945,all,2013-09-12
FBHS,FBHS.W^E14,2013-10-01,ESG-EGARCH(E),0.2464937863131898,2.411078836944941,E,2013-09-12
FBHS,FBHS.W^E14,2013-10-01,ESG-EGARCH(G),0.2464937863131897,2.4110788369449394,G,2013-09-12
FBHS,FBHS.W^E14,2013-10-01,ESG-EGARCH(S),0.2464937863131899,2.4110788369449416,S,2013-09-12
FBHS,FBHS.W^E14,2013-10-01,ESG-GARCH,0.3494419354928691,4.84562167781756,all,2013-09-12
FBHS,FBHS.W^E14,2013-10-01,ESG-GARCH(E),0.3494419354928688,4.845621677817554,E,2013-09-12
FBHS,FBHS.W^E14,2013-10-01,ESG-GARCH(G),0.349441935492869,4.845621677817557,G,2013-09-12
FBHS,FBHS.W^E14,2013-10-01,ESG-GARCH(S),0.3494419354928688,4.845621677817554,S,2013-09-12
FBHS,FBHS.W^E14,2013-10-01,ESG-GJR-GARCH,0.322275275930679,4.121482280801401,all,2013-09-12
FBHS,FBHS.W^E14,2013-10-01,ESG-GJR-GARCH(E),0.3222752759306793,4.121482280801407,E,2013-09-12
FBHS,FBHS.W^E14,2013-10-01,ESG-GJR-GARCH(G),0.3222752759306793,4.121482280801407,G,2013-09-12
FBHS,FBHS.W^E14,2013-10-01,ESG-GJR-GARCH(S),0.3222752759306793,4.121482280801407,S,2013-09-12
FBHS,FBHS.W^E14,2013-10-01,GARCH,0.3461548577510818,4.75488831526475,,2013-09-12
FBHS,FBHS.W^E14,2013-10-01,GJR-GARCH,0.3186287084630731,4.028740232414526,,2013-09-12
FBHS,FBHS.W^E14,2013-10-02,EGARCH,0.2508265559890658,2.496585761481585,,2013-09-12
FBHS,FBHS.W^E14,2013-10-02,ESG-EGARCH,0.2464937863131901,2.411078836944945,all,2013-09-12
FBHS,FBHS.W^E14,2013-10-02,ESG-EGARCH(E),0.2464937863131898,2.411078836944941,E,2013-09-12
FBHS,FBHS.W^E14,2013-10-02,ESG-EGARCH(G),0.2464937863131897,2.4110788369449394,G,2013-09-12
FBHS,FBHS.W^E14,2013-10-02,ESG-EGARCH(S),0.2464937863131899,2.4110788369449416,S,2013-09-12
FBHS,FBHS.W^E14,2013-10-02,ESG-GARCH,0.3494419354928691,4.84562167781756,all,2013-09-12
FBHS,FBHS.W^E14,2013-10-02,ESG-GARCH(E),0.3494419354928688,4.845621677817554,E,2013-09-12
FBHS,FBHS.W^E14,2013-10-02,ESG-GARCH(G),0.349441935492869,4.845621677817557,G,2013-09-12
FBHS,FBHS.W^E14,2013-10-02,ESG-GARCH(S),0.3494419354928688,4.845621677817554,S,2013-09-12
FBHS,FBHS.W^E14,2013-10-02,ESG-GJR-GARCH,0.322275275930679,4.121482280801401,all,2013-09-12
FBHS,FBHS.W^E14,2013-10-02,ESG-GJR-GARCH(E),0.3222752759306793,4.121482280801407,E,2013-09-12
FBHS,FBHS.W^E14,2013-10-02,ESG-GJR-GARCH(G),0.3222752759306793,4.121482280801407,G,2013-09-12
FBHS,FBHS.W^E14,2013-10-02,ESG-GJR-GARCH(S),0.3222752759306793,4.121482280801407,S,2013-09-12
FBHS,FBHS.W^E14,2013-10-02,GARCH,0.3461548577510818,4.75488831526475,,2013-09-12
FBHS,FBHS.W^E14,2013-10-02,GJR-GARCH,0.3186287084630731,4.028740232414526,,2013-09-12
FBHS,FBHS.W^E14,2013-10-03,EGARCH,0.2508265559890658,2.496585761481585,,2013-09-12
FBHS,FBHS.W^E14,2013-10-03,ESG-EGARCH,0.2464937863131901,2.411078836944945,all,2013-09-12
FBHS,FBHS.W^E14,2013-10-03,ESG-EGARCH(E),0.2464937863131898,2.411078836944941,E,2013-09-12
FBHS,FBHS.W^E14,2013-10-03,ESG-EGARCH(G),0.2464937863131897,2.4110788369449394,G,2013-09-12
FBHS,FBHS.W^E14,2013-10-03,ESG-EGARCH(S),0.2464937863131899,2.4110788369449416,S,2013-09-12
FBHS,FBHS.W^E14,2013-10-03,ESG-GARCH,0.3494419354928691,4.84562167781756,all,2013-09-12
FBHS,FBHS.W^E14,2013-10-03,ESG-GARCH(E),0.3494419354928688,4.845621677817554,E,2013-09-12
FBHS,FBHS.W^E14,2013-10-03,ESG-GARCH(G),0.349441935492869,4.845621677817557,G,2013-09-12
FBHS,FBHS.W^E14,2013-10-03,ESG-GARCH(S),0.3494419354928688,4.845621677817554,S,2013-09-12
FBHS,FBHS.W^E14,2013-10-03,ESG-GJR-GARCH,0.322275275930679,4.121482280801401,all,2013-09-12
FBHS,FBHS.W^E14,2013-10-03,ESG-GJR-GARCH(E),0.3222752759306793,4.121482280801407,E,2013-09-12
FBHS,FBHS.W^E14,2013-10-03,ESG-GJR-GARCH(G),0.3222752759306793,4.121482280801407,G,2013-09-12
FBHS,FBHS.W^E14,2013-10-03,ESG-GJR-GARCH(S),0.3222752759306793,4.121482280801407,S,2013-09-12
FBHS,FBHS.W^E14,2013-10-03,GARCH,0.3461548577510818,4.75488831526475,,2013-09-12
FBHS,FBHS.W^E14,2013-10-03,GJR-GARCH,0.3186287084630731,4.028740232414526,,2013-09-12
FBHS,FBHS.W^E14,2013-10-04,EGARCH,0.2508265559890658,2.496585761481585,,2013-09-12
FBHS,FBHS.W^E14,2013-10-04,ESG-EGARCH,0.2464937863131901,2.411078836944945,all,2013-09-12
FBHS,FBHS.W^E14,2013-10-04,ESG-EGARCH(E),0.2464937863131898,2.411078836944941,E,2013-09-12
FBHS,FBHS.W^E14,2013-10-04,ESG-EGARCH(G),0.2464937863131897,2.4110788369449394,G,2013-09-12
FBHS,FBHS.W^E14,2013-10-04,ESG-EGARCH(S),0.2464937863131899,2.4110788369449416,S,2013-09-12
FBHS,FBHS.W^E14,2013-10-04,ESG-GARCH,0.3494419354928691,4.84562167781756,all,2013-09-12
FBHS,FBHS.W^E14,2013-10-04,ESG-GARCH(E),0.3494419354928688,4.845621677817554,E,2013-09-12
FBHS,FBHS.W^E14,2013-10-04,ESG-GARCH(G),0.349441935492869,4.845621677817557,G,2013-09-12
FBHS,FBHS.W^E14,2013-10-04,ESG-GARCH(S),0.3494419354928688,4.845621677817554,S,2013-09-12
FBHS,FBHS.W^E14,2013-10-04,ESG-GJR-GARCH,0.322275275930679,4.121482280801401,all,2013-09-12
FBHS,FBHS.W^E14,2013-10-04,ESG-GJR-GARCH(E),0.3222752759306793,4.121482280801407,E,2013-09-12
FBHS,FBHS.W^E14,2013-10-04,ESG-GJR-GARCH(G),0.3222752759306793,4.121482280801407,G,2013-09-12
FBHS,FBHS.W^E14,2013-10-04,ESG-GJR-GARCH(S),0.3222752759306793,4.121482280801407,S,2013-09-12
FBHS,FBHS.W^E14,2013-10-04,GARCH,0.3461548577510818,4.75488831526475,,2013-09-12
FBHS,FBHS.W^E14,2013-10-04,GJR-GARCH,0.3186287084630731,4.028740232414526,,2013-09-12
FBHS,FBHS.W^E14,2013-10-07,EGARCH,0.2508265559890658,2.496585761481585,,2013-09-12
FBHS,FBHS.W^E14,2013-10-07,ESG-EGARCH,0.2464937863131901,2.411078836944945,all,2013-09-12
FBHS,FBHS.W^E14,2013-10-07,ESG-EGARCH(E),0.2464937863131898,2.411078836944941,E,2013-09-12
FBHS,FBHS.W^E14,2013-10-07,ESG-EGARCH(G),0.2464937863131897,2.4110788369449394,G,2013-09-12
FBHS,FBHS.W^E14,2013-10-07,ESG-EGARCH(S),0.2464937863131899,2.4110788369449416,S,2013-09-12
FBHS,FBHS.W^E14,2013-10-07,ESG-GARCH,0.3494419354928691,4.84562167781756,all,2013-09-12
FBHS,FBHS.W^E14,2013-10-07,ESG-GARCH(E),0.3494419354928688,4.845621677817554,E,2013-09-12
FBHS,FBHS.W^E14,2013-10-07,ESG-GARCH(G),0.349441935492869,4.845621677817557,G,2013-09-12
FBHS,FBHS.W^E14,2013-10-07,ESG-GARCH(S),0.3494419354928688,4.845621677817554,S,2013-09-12
FBHS,FBHS.W^E14,2013-10-07,ESG-GJR-GARCH,0.322275275930679,4.121482280801401,all,2013-09-12
FBHS,FBHS.W^E14,2013-10-07,ESG-GJR-GARCH(E),0.3222752759306793,4.121482280801407,E,2013-09-12
FBHS,FBHS.W^E14,2013-10-07,ESG-GJR-GARCH(G),0.3222752759306793,4.121482280801407,G,2013-09-12
FBHS,FBHS.W^E14,2013-10-07,ESG-GJR-GARCH(S),0.3222752759306793,4.121482280801407,S,2013-09-12
FBHS,FBHS.W^E14,2013-10-07,GARCH,0.3461548577510818,4.75488831526475,,2013-09-12
FBHS,FBHS.W^E14,2013-10-07,GJR-GARCH,0.3186287084630731,4.028740232414526,,2013-09-12
FBHS,FBHS.W^E14,2013-10-08,EGARCH,0.2508265559890658,2.496585761481585,,2013-09-12
FBHS,FBHS.W^E14,2013-10-08,ESG-EGARCH,0.2464937863131901,2.411078836944945,all,2013-09-12
FBHS,FBHS.W^E14,2013-10-08,ESG-EGARCH(E),0.2464937863131898,2.411078836944941,E,2013-09-12
FBHS,FBHS.W^E14,2013-10-08,ESG-EGARCH(G),0.2464937863131897,2.4110788369449394,G,2013-09-12
FBHS,FBHS.W^E14,2013-10-08,ESG-EGARCH(S),0.2464937863131899,2.4110788369449416,S,2013-09-12
FBHS,FBHS.W^E14,2013-10-08,ESG-GARCH,0.3494419354928691,4.84562167781756,all,2013-09-12
FBHS,FBHS.W^E14,2013-10-08,ESG-GARCH(E),0.3494419354928688,4.845621677817554,E,2013-09-12
FBHS,FBHS.W^E14,2013-10-08,ESG-GARCH(G),0.349441935492869,4.845621677817557,G,2013-09-12
FBHS,FBHS.W^E14,2013-10-08,ESG-GARCH(S),0.3494419354928688,4.845621677817554,S,2013-09-12
FBHS,FBHS.W^E14,2013-10-08,ESG-GJR-GARCH,0.322275275930679,4.121482280801401,all,2013-09-12
FBHS,FBHS.W^E14,2013-10-08,ESG-GJR-GARCH(E),0.3222752759306793,4.121482280801407,E,2013-09-12
FBHS,FBHS.W^E14,2013-10-08,ESG-GJR-GARCH(G),0.3222752759306793,4.121482280801407,G,2013-09-12
FBHS,FBHS.W^E14,2013-10-08,ESG-GJR-GARCH(S),0.3222752759306793,4.121482280801407,S,2013-09-12
FBHS,FBHS.W^E14,2013-10-08,GARCH,0.3461548577510818,4.75488831526475,,2013-09-12
FBHS,FBHS.W^E14,2013-10-08,GJR-GARCH,0.3186287084630731,4.028740232414526,,2013-09-12
FBHS,FBHS.W^E14,2013-10-09,EGARCH,0.2508265559890658,2.496585761481585,,2013-09-12
FBHS,FBHS.W^E14,2013-10-09,ESG-EGARCH,0.2464937863131901,2.411078836944945,all,2013-09-12
FBHS,FBHS.W^E14,2013-10-09,ESG-EGARCH(E),0.2464937863131898,2.411078836944941,E,2013-09-12
FBHS,FBHS.W^E14,2013-10-09,ESG-EGARCH(G),0.2464937863131897,2.4110788369449394,G,2013-09-12
FBHS,FBHS.W^E14,2013-10-09,ESG-EGARCH(S),0.2464937863131899,2.4110788369449416,S,2013-09-12
FBHS,FBHS.W^E14,2013-10-09,ESG-GARCH,0.3494419354928691,4.84562167781756,all,2013-09-12
FBHS,FBHS.W^E14,2013-10-09,ESG-GARCH(E),0.3494419354928688,4.845621677817554,E,2013-09-12
FBHS,FBHS.W^E14,2013-10-09,ESG-GARCH(G),0.349441935492869,4.845621677817557,G,2013-09-12
FBHS,FBHS.W^E14,2013-10-09,ESG-GARCH(S),0.3494419354928688,4.845621677817554,S,2013-09-12
FBHS,FBHS.W^E14,2013-10-09,ESG-GJR-GARCH,0.322275275930679,4.121482280801401,all,2013-09-12
FBHS,FBHS.W^E14,2013-10-09,ESG-GJR-GARCH(E),0.3222752759306793,4.121482280801407,E,2013-09-12
FBHS,FBHS.W^E14,2013-10-09,ESG-GJR-GARCH(G),0.3222752759306793,4.121482280801407,G,2013-09-12
FBHS,FBHS.W^E14,2013-10-09,ESG-GJR-GARCH(S),0.3222752759306793,4.121482280801407,S,2013-09-12
FBHS,FBHS.W^E14,2013-10-09,GARCH,0.3461548577510818,4.75488831526475,,2013-09-12
FBHS,FBHS.W^E14,2013-10-09,GJR-GARCH,0.3186287084630731,4.028740232414526,,2013-09-12
FBHS,FBHS.W^E14,2013-10-10,EGARCH,0.2508265559890658,2.496585761481585,,2013-09-12
FBHS,FBHS.W^E14,2013-10-10,ESG-EGARCH,0.2464937863131901,2.411078836944945,all,2013-09-12
FBHS,FBHS.W^E14,2013-10-10,ESG-EGARCH(E),0.2464937863131898,2.411078836944941,E,2013-09-12
FBHS,FBHS.W^E14,2013-10-10,ESG-EGARCH(G),0.2464937863131897,2.4110788369449394,G,2013-09-12
FBHS,FBHS.W^E14,2013-10-10,ESG-EGARCH(S),0.2464937863131899,2.4110788369449416,S,2013-09-12
FBHS,FBHS.W^E14,2013-10-10,ESG-GARCH,0.3494419354928691,4.84562167781756,all,2013-09-12
FBHS,FBHS.W^E14,2013-10-10,ESG-GARCH(E),0.3494419354928688,4.845621677817554,E,2013-09-12
FBHS,FBHS.W^E14,2013-10-10,ESG-GARCH(G),0.349441935492869,4.845621677817557,G,2013-09-12
FBHS,FBHS.W^E14,2013-10-10,ESG-GARCH(S),0.3494419354928688,4.845621677817554,S,2013-09-12
FBHS,FBHS.W^E14,2013-10-10,ESG-GJR-GARCH,0.322275275930679,4.121482280801401,all,2013-09-12
FBHS,FBHS.W^E14,2013-10-10,ESG-GJR-GARCH(E),0.3222752759306793,4.121482280801407,E,2013-09-12
FBHS,FBHS.W^E14,2013-10-10,ESG-GJR-GARCH(G),0.3222752759306793,4.121482280801407,G,2013-09-12
FBHS,FBHS.W^E14,2013-10-10,ESG-GJR-GARCH(S),0.3222752759306793,4.121482280801407,S,2013-09-12
FBHS,FBHS.W^E14,2013-10-10,GARCH,0.3461548577510818,4.75488831526475,,2013-09-12
FBHS,FBHS.W^E14,2013-10-10,GJR-GARCH,0.3186287084630731,4.028740232414526,,2013-09-12
FBHS,FBHS.W^E14,2013-10-11,EGARCH,0.2508265559890658,2.496585761481585,,2013-09-12
FBHS,FBHS.W^E14,2013-10-11,ESG-EGARCH,0.2464937863131901,2.411078836944945,all,2013-09-12
FBHS,FBHS.W^E14,2013-10-11,ESG-EGARCH(E),0.2464937863131898,2.411078836944941,E,2013-09-12
FBHS,FBHS.W^E14,2013-10-11,ESG-EGARCH(G),0.2464937863131897,2.4110788369449394,G,2013-09-12
FBHS,FBHS.W^E14,2013-10-11,ESG-EGARCH(S),0.2464937863131899,2.4110788369449416,S,2013-09-12
FBHS,FBHS.W^E14,2013-10-11,ESG-GARCH,0.3494419354928691,4.84562167781756,all,2013-09-12
FBHS,FBHS.W^E14,2013-10-11,ESG-GARCH(E),0.3494419354928688,4.845621677817554,E,2013-09-12
FBHS,FBHS.W^E14,2013-10-11,ESG-GARCH(G),0.349441935492869,4.845621677817557,G,2013-09-12
FBHS,FBHS.W^E14,2013-10-11,ESG-GARCH(S),0.3494419354928688,4.845621677817554,S,2013-09-12
FBHS,FBHS.W^E14,2013-10-11,ESG-GJR-GARCH,0.322275275930679,4.121482280801401,all,2013-09-12
FBHS,FBHS.W^E14,2013-10-11,ESG-GJR-GARCH(E),0.3222752759306793,4.121482280801407,E,2013-09-12
FBHS,FBHS.W^E14,2013-10-11,ESG-GJR-GARCH(G),0.3222752759306793,4.121482280801407,G,2013-09-12
FBHS,FBHS.W^E14,2013-10-11,ESG-GJR-GARCH(S),0.3222752759306793,4.121482280801407,S,2013-09-12
FBHS,FBHS.W^E14,2013-10-11,GARCH,0.3461548577510818,4.75488831526475,,2013-09-12
FBHS,FBHS.W^E14,2013-10-11,GJR-GARCH,0.3186287084630731,4.028740232414526,,2013-09-12
FBHS,FBHS.W^E14,2013-10-14,EGARCH,0.2794383133386406,3.098641704823188,,2013-10-14
FBHS,FBHS.W^E14,2013-10-14,ESG-EGARCH,0.2807398505133084,3.127573955009316,all,2013-10-14
FBHS,FBHS.W^E14,2013-10-14,ESG-EGARCH(E),0.2807398505133088,3.1275739550093253,E,2013-10-14
FBHS,FBHS.W^E14,2013-10-14,ESG-EGARCH(G),0.2807398505133088,3.1275739550093253,G,2013-10-14
FBHS,FBHS.W^E14,2013-10-14,ESG-EGARCH(S),0.2807398505133089,3.127573955009328,S,2013-10-14
FBHS,FBHS.W^E14,2013-10-14,ESG-GARCH,0.3386293724223209,4.5503909471085295,all,2013-10-14
FBHS,FBHS.W^E14,2013-10-14,ESG-GARCH(E),0.3386293724223208,4.550390947108526,E,2013-10-14
FBHS,FBHS.W^E14,2013-10-14,ESG-GARCH(G),0.338629372422321,4.55039094710853,G,2013-10-14
FBHS,FBHS.W^E14,2013-10-14,ESG-GARCH(S),0.3386293724223208,4.550390947108528,S,2013-10-14
FBHS,FBHS.W^E14,2013-10-14,ESG-GJR-GARCH,0.3535207257418311,4.959400933691705,all,2013-10-14
FBHS,FBHS.W^E14,2013-10-14,ESG-GJR-GARCH(E),0.3535207257418312,4.959400933691709,E,2013-10-14
FBHS,FBHS.W^E14,2013-10-14,ESG-GJR-GARCH(G),0.3535207257418314,4.959400933691715,G,2013-10-14
FBHS,FBHS.W^E14,2013-10-14,ESG-GJR-GARCH(S),0.3535207257418314,4.959400933691714,S,2013-10-14
FBHS,FBHS.W^E14,2013-10-14,GARCH,0.3375211543726902,4.520655938455295,,2013-10-14
FBHS,FBHS.W^E14,2013-10-14,GJR-GARCH,0.3485008918287937,4.819558397042242,,2013-10-14
FBHS,FBHS.W^E14,2013-10-15,EGARCH,0.2794383133386406,3.098641704823188,,2013-10-14
FBHS,FBHS.W^E14,2013-10-15,ESG-EGARCH,0.2807398505133084,3.127573955009316,all,2013-10-14
FBHS,FBHS.W^E14,2013-10-15,ESG-EGARCH(E),0.2807398505133088,3.1275739550093253,E,2013-10-14
FBHS,FBHS.W^E14,2013-10-15,ESG-EGARCH(G),0.2807398505133088,3.1275739550093253,G,2013-10-14
FBHS,FBHS.W^E14,2013-10-15,ESG-EGARCH(S),0.2807398505133089,3.127573955009328,S,2013-10-14
FBHS,FBHS.W^E14,2013-10-15,ESG-GARCH,0.3386293724223209,4.5503909471085295,all,2013-10-14
FBHS,FBHS.W^E14,2013-10-15,ESG-GARCH(E),0.3386293724223208,4.550390947108526,E,2013-10-14
FBHS,FBHS.W^E14,2013-10-15,ESG-GARCH(G),0.338629372422321,4.55039094710853,G,2013-10-14
FBHS,FBHS.W^E14,2013-10-15,ESG-GARCH(S),0.3386293724223208,4.550390947108528,S,2013-10-14
FBHS,FBHS.W^E14,2013-10-15,ESG-GJR-GARCH,0.3535207257418311,4.959400933691705,all,2013-10-14
FBHS,FBHS.W^E14,2013-10-15,ESG-GJR-GARCH(E),0.3535207257418312,4.959400933691709,E,2013-10-14
FBHS,FBHS.W^E14,2013-10-15,ESG-GJR-GARCH(G),0.3535207257418314,4.959400933691715,G,2013-10-14
FBHS,FBHS.W^E14,2013-10-15,ESG-GJR-GARCH(S),0.3535207257418314,4.959400933691714,S,2013-10-14
FBHS,FBHS.W^E14,2013-10-15,GARCH,0.3375211543726902,4.520655938455295,,2013-10-14
FBHS,FBHS.W^E14,2013-10-15,GJR-GARCH,0.3485008918287937,4.819558397042242,,2013-10-14
FBHS,FBHS.W^E14,2013-10-16,EGARCH,0.2794383133386406,3.098641704823188,,2013-10-14
FBHS,FBHS.W^E14,2013-10-16,ESG-EGARCH,0.2807398505133084,3.127573955009316,all,2013-10-14
FBHS,FBHS.W^E14,2013-10-16,ESG-EGARCH(E),0.2807398505133088,3.1275739550093253,E,2013-10-14
FBHS,FBHS.W^E14,2013-10-16,ESG-EGARCH(G),0.2807398505133088,3.1275739550093253,G,2013-10-14
FBHS,FBHS.W^E14,2013-10-16,ESG-EGARCH(S),0.2807398505133089,3.127573955009328,S,2013-10-14
FBHS,FBHS.W^E14,2013-10-16,ESG-GARCH,0.3386293724223209,4.5503909471085295,all,2013-10-14
FBHS,FBHS.W^E14,2013-10-16,ESG-GARCH(E),0.3386293724223208,4.550390947108526,E,2013-10-14
FBHS,FBHS.W^E14,2013-10-16,ESG-GARCH(G),0.338629372422321,4.55039094710853,G,2013-10-14
FBHS,FBHS.W^E14,2013-10-16,ESG-GARCH(S),0.3386293724223208,4.550390947108528,S,2013-10-14
FBHS,FBHS.W^E14,2013-10-16,ESG-GJR-GARCH,0.3535207257418311,4.959400933691705,all,2013-10-14
FBHS,FBHS.W^E14,2013-10-16,ESG-GJR-GARCH(E),0.3535207257418312,4.959400933691709,E,2013-10-14
FBHS,FBHS.W^E14,2013-10-16,ESG-GJR-GARCH(G),0.3535207257418314,4.959400933691715,G,2013-10-14
FBHS,FBHS.W^E14,2013-10-16,ESG-GJR-GARCH(S),0.3535207257418314,4.959400933691714,S,2013-10-14
FBHS,FBHS.W^E14,2013-10-16,GARCH,0.3375211543726902,4.520655938455295,,2013-10-14
FBHS,FBHS.W^E14,2013-10-16,GJR-GARCH,0.3485008918287937,4.819558397042242,,2013-10-14
FBHS,FBHS.W^E14,2013-10-17,EGARCH,0.2794383133386406,3.098641704823188,,2013-10-14
FBHS,FBHS.W^E14,2013-10-17,ESG-EGARCH,0.2807398505133084,3.127573955009316,all,2013-10-14
FBHS,FBHS.W^E14,2013-10-17,ESG-EGARCH(E),0.2807398505133088,3.1275739550093253,E,2013-10-14
FBHS,FBHS.W^E14,2013-10-17,ESG-EGARCH(G),0.2807398505133088,3.1275739550093253,G,2013-10-14
FBHS,FBHS.W^E14,2013-10-17,ESG-EGARCH(S),0.2807398505133089,3.127573955009328,S,2013-10-14
FBHS,FBHS.W^E14,2013-10-17,ESG-GARCH,0.3386293724223209,4.5503909471085295,all,2013-10-14
FBHS,FBHS.W^E14,2013-10-17,ESG-GARCH(E),0.3386293724223208,4.550390947108526,E,2013-10-14
FBHS,FBHS.W^E14,2013-10-17,ESG-GARCH(G),0.338629372422321,4.55039094710853,G,2013-10-14
FBHS,FBHS.W^E14,2013-10-17,ESG-GARCH(S),0.3386293724223208,4.550390947108528,S,2013-10-14
FBHS,FBHS.W^E14,2013-10-17,ESG-GJR-GARCH,0.3535207257418311,4.959400933691705,all,2013-10-14
FBHS,FBHS.W^E14,2013-10-17,ESG-GJR-GARCH(E),0.3535207257418312,4.959400933691709,E,2013-10-14
FBHS,FBHS.W^E14,2013-10-17,ESG-GJR-GARCH(G),0.3535207257418314,4.959400933691715,G,2013-10-14
FBHS,FBHS.W^E14,2013-10-17,ESG-GJR-GARCH(S),0.3535207257418314,4.959400933691714,S,2013-10-14
FBHS,FBHS.W^E14,2013-10-17,GARCH,0.3375211543726902,4.520655938455295,,2013-10-14
FBHS,FBHS.W^E14,2013-10-17,GJR-GARCH,0.3485008918287937,4.819558397042242,,2013-10-14
FBHS,FBHS.W^E14,2013-10-18,EGARCH,0.2794383133386406,3.098641704823188,,2013-10-14
FBHS,FBHS.W^E14,2013-10-18,ESG-EGARCH,0.2807398505133084,3.127573955009316,all,2013-10-14
FBHS,FBHS.W^E14,2013-10-18,ESG-EGARCH(E),0.2807398505133088,3.1275739550093253,E,2013-10-14
FBHS,FBHS.W^E14,2013-10-18,ESG-EGARCH(G),0.2807398505133088,3.1275739550093253,G,2013-10-14
FBHS,FBHS.W^E14,2013-10-18,ESG-EGARCH(S),0.2807398505133089,3.127573955009328,S,2013-10-14
FBHS,FBHS.W^E14,2013-10-18,ESG-GARCH,0.3386293724223209,4.5503909471085295,all,2013-10-14
FBHS,FBHS.W^E14,2013-10-18,ESG-GARCH(E),0.3386293724223208,4.550390947108526,E,2013-10-14
FBHS,FBHS.W^E14,2013-10-18,ESG-GARCH(G),0.338629372422321,4.55039094710853,G,2013-10-14
FBHS,FBHS.W^E14,2013-10-18,ESG-GARCH(S),0.3386293724223208,4.550390947108528,S,2013-10-14
FBHS,FBHS.W^E14,2013-10-18,ESG-GJR-GARCH,0.3535207257418311,4.959400933691705,all,2013-10-14
FBHS,FBHS.W^E14,2013-10-18,ESG-GJR-GARCH(E),0.3535207257418312,4.959400933691709,E,2013-10-14
FBHS,FBHS.W^E14,2013-10-18,ESG-GJR-GARCH(G),0.3535207257418314,4.959400933691715,G,2013-10-14
FBHS,FBHS.W^E14,2013-10-18,ESG-GJR-GARCH(S),0.3535207257418314,4.959400933691714,S,2013-10-14
FBHS,FBHS.W^E14,2013-10-18,GARCH,0.3375211543726902,4.520655938455295,,2013-10-14
FBHS,FBHS.W^E14,2013-10-18,GJR-GARCH,0.3485008918287937,4.819558397042242,,2013-10-14
FBHS,FBHS.W^E14,2013-10-21,EGARCH,0.2794383133386406,3.098641704823188,,2013-10-14
FBHS,FBHS.W^E14,2013-10-21,ESG-EGARCH,0.2807398505133084,3.127573955009316,all,2013-10-14
FBHS,FBHS.W^E14,2013-10-21,ESG-EGARCH(E),0.2807398505133088,3.1275739550093253,E,2013-10-14
FBHS,FBHS.W^E14,2013-10-21,ESG-EGARCH(G),0.2807398505133088,3.1275739550093253,G,2013-10-14
FBHS,FBHS.W^E14,2013-10-21,ESG-EGARCH(S),0.2807398505133089,3.127573955009328,S,2013-10-14
FBHS,FBHS.W^E14,2013-10-21,ESG-GARCH,0.3386293724223209,4.5503909471085295,all,2013-10-14
FBHS,FBHS.W^E14,2013-10-21,ESG-GARCH(E),0.3386293724223208,4.550390947108526,E,2013-10-14
FBHS,FBHS.W^E14,2013-10-21,ESG-GARCH(G),0.338629372422321,4.55039094710853,G,2013-10-14
FBHS,FBHS.W^E14,2013-10-21,ESG-GARCH(S),0.3386293724223208,4.550390947108528,S,2013-10-14
FBHS,FBHS.W^E14,2013-10-21,ESG-GJR-GARCH,0.3535207257418311,4.959400933691705,all,2013-10-14
FBHS,FBHS.W^E14,2013-10-21,ESG-GJR-GARCH(E),0.3535207257418312,4.959400933691709,E,2013-10-14
FBHS,FBHS.W^E14,2013-10-21,ESG-GJR-GARCH(G),0.3535207257418314,4.959400933691715,G,2013-10-14
FBHS,FBHS.W^E14,2013-10-21,ESG-GJR-GARCH(S),0.3535207257418314,4.959400933691714,S,2013-10-14
FBHS,FBHS.W^E14,2013-10-21,GARCH,0.3375211543726902,4.520655938455295,,2013-10-14
FBHS,FBHS.W^E14,2013-10-21,GJR-GARCH,0.3485008918287937,4.819558397042242,,2013-10-14
FBHS,FBHS.W^E14,2013-10-22,EGARCH,0.2794383133386406,3.098641704823188,,2013-10-14
FBHS,FBHS.W^E14,2013-10-22,ESG-EGARCH,0.2807398505133084,3.127573955009316,all,2013-10-14
FBHS,FBHS.W^E14,2013-10-22,ESG-EGARCH(E),0.2807398505133088,3.1275739550093253,E,2013-10-14
FBHS,FBHS.W^E14,2013-10-22,ESG-EGARCH(G),0.2807398505133088,3.1275739550093253,G,2013-10-14
FBHS,FBHS.W^E14,2013-10-22,ESG-EGARCH(S),0.2807398505133089,3.127573955009328,S,2013-10-14
FBHS,FBHS.W^E14,2013-10-22,ESG-GARCH,0.3386293724223209,4.5503909471085295,all,2013-10-14
FBHS,FBHS.W^E14,2013-10-22,ESG-GARCH(E),0.3386293724223208,4.550390947108526,E,2013-10-14
FBHS,FBHS.W^E14,2013-10-22,ESG-GARCH(G),0.338629372422321,4.55039094710853,G,2013-10-14
FBHS,FBHS.W^E14,2013-10-22,ESG-GARCH(S),0.3386293724223208,4.550390947108528,S,2013-10-14
FBHS,FBHS.W^E14,2013-10-22,ESG-GJR-GARCH,0.3535207257418311,4.959400933691705,all,2013-10-14
FBHS,FBHS.W^E14,2013-10-22,ESG-GJR-GARCH(E),0.3535207257418312,4.959400933691709,E,2013-10-14
FBHS,FBHS.W^E14,2013-10-22,ESG-GJR-GARCH(G),0.3535207257418314,4.959400933691715,G,2013-10-14
FBHS,FBHS.W^E14,2013-10-22,ESG-GJR-GARCH(S),0.3535207257418314,4.959400933691714,S,2013-10-14
FBHS,FBHS.W^E14,2013-10-22,GARCH,0.3375211543726902,4.520655938455295,,2013-10-14
FBHS,FBHS.W^E14,2013-10-22,GJR-GARCH,0.3485008918287937,4.819558397042242,,2013-10-14
FBHS,FBHS.W^E14,2013-10-23,EGARCH,0.2794383133386406,3.098641704823188,,2013-10-14
FBHS,FBHS.W^E14,2013-10-23,ESG-EGARCH,0.2807398505133084,3.127573955009316,all,2013-10-14
FBHS,FBHS.W^E14,2013-10-23,ESG-EGARCH(E),0.2807398505133088,3.1275739550093253,E,2013-10-14
FBHS,FBHS.W^E14,2013-10-23,ESG-EGARCH(G),0.2807398505133088,3.1275739550093253,G,2013-10-14
FBHS,FBHS.W^E14,2013-10-23,ESG-EGARCH(S),0.2807398505133089,3.127573955009328,S,2013-10-14
FBHS,FBHS.W^E14,2013-10-23,ESG-GARCH,0.3386293724223209,4.5503909471085295,all,2013-10-14
FBHS,FBHS.W^E14,2013-10-23,ESG-GARCH(E),0.3386293724223208,4.550390947108526,E,2013-10-14
FBHS,FBHS.W^E14,2013-10-23,ESG-GARCH(G),0.338629372422321,4.55039094710853,G,2013-10-14
FBHS,FBHS.W^E14,2013-10-23,ESG-GARCH(S),0.3386293724223208,4.550390947108528,S,2013-10-14
FBHS,FBHS.W^E14,2013-10-23,ESG-GJR-GARCH,0.3535207257418311,4.959400933691705,all,2013-10-14
FBHS,FBHS.W^E14,2013-10-23,ESG-GJR-GARCH(E),0.3535207257418312,4.959400933691709,E,2013-10-14
FBHS,FBHS.W^E14,2013-10-23,ESG-GJR-GARCH(G),0.3535207257418314,4.959400933691715,G,2013-10-14
FBHS,FBHS.W^E14,2013-10-23,ESG-GJR-GARCH(S),0.3535207257418314,4.959400933691714,S,2013-10-14
FBHS,FBHS.W^E14,2013-10-23,GARCH,0.3375211543726902,4.520655938455295,,2013-10-14
FBHS,FBHS.W^E14,2013-10-23,GJR-GARCH,0.3485008918287937,4.819558397042242,,2013-10-14
FBHS,FBHS.W^E14,2013-10-24,EGARCH,0.2794383133386406,3.098641704823188,,2013-10-14
FBHS,FBHS.W^E14,2013-10-24,ESG-EGARCH,0.2807398505133084,3.127573955009316,all,2013-10-14
FBHS,FBHS.W^E14,2013-10-24,ESG-EGARCH(E),0.2807398505133088,3.1275739550093253,E,2013-10-14
FBHS,FBHS.W^E14,2013-10-24,ESG-EGARCH(G),0.2807398505133088,3.1275739550093253,G,2013-10-14
FBHS,FBHS.W^E14,2013-10-24,ESG-EGARCH(S),0.2807398505133089,3.127573955009328,S,2013-10-14
FBHS,FBHS.W^E14,2013-10-24,ESG-GARCH,0.3386293724223209,4.5503909471085295,all,2013-10-14
FBHS,FBHS.W^E14,2013-10-24,ESG-GARCH(E),0.3386293724223208,4.550390947108526,E,2013-10-14
FBHS,FBHS.W^E14,2013-10-24,ESG-GARCH(G),0.338629372422321,4.55039094710853,G,2013-10-14
FBHS,FBHS.W^E14,2013-10-24,ESG-GARCH(S),0.3386293724223208,4.550390947108528,S,2013-10-14
FBHS,FBHS.W^E14,2013-10-24,ESG-GJR-GARCH,0.3535207257418311,4.959400933691705,all,2013-10-14
FBHS,FBHS.W^E14,2013-10-24,ESG-GJR-GARCH(E),0.3535207257418312,4.959400933691709,E,2013-10-14
FBHS,FBHS.W^E14,2013-10-24,ESG-GJR-GARCH(G),0.3535207257418314,4.959400933691715,G,2013-10-14
FBHS,FBHS.W^E14,2013-10-24,ESG-GJR-GARCH(S),0.3535207257418314,4.959400933691714,S,2013-10-14
FBHS,FBHS.W^E14,2013-10-24,GARCH,0.3375211543726902,4.520655938455295,,2013-10-14
FBHS,FBHS.W^E14,2013-10-24,GJR-GARCH,0.3485008918287937,4.819558397042242,,2013-10-14
FBHS,FBHS.W^E14,2013-10-25,EGARCH,0.2794383133386406,3.098641704823188,,2013-10-14
FBHS,FBHS.W^E14,2013-10-25,ESG-EGARCH,0.2807398505133084,3.127573955009316,all,2013-10-14
FBHS,FBHS.W^E14,2013-10-25,ESG-EGARCH(E),0.2807398505133088,3.1275739550093253,E,2013-10-14
FBHS,FBHS.W^E14,2013-10-25,ESG-EGARCH(G),0.2807398505133088,3.1275739550093253,G,2013-10-14
FBHS,FBHS.W^E14,2013-10-25,ESG-EGARCH(S),0.2807398505133089,3.127573955009328,S,2013-10-14
FBHS,FBHS.W^E14,2013-10-25,ESG-GARCH,0.3386293724223209,4.5503909471085295,all,2013-10-14
FBHS,FBHS.W^E14,2013-10-25,ESG-GARCH(E),0.3386293724223208,4.550390947108526,E,2013-10-14
FBHS,FBHS.W^E14,2013-10-25,ESG-GARCH(G),0.338629372422321,4.55039094710853,G,2013-10-14
FBHS,FBHS.W^E14,2013-10-25,ESG-GARCH(S),0.3386293724223208,4.550390947108528,S,2013-10-14
FBHS,FBHS.W^E14,2013-10-25,ESG-GJR-GARCH,0.3535207257418311,4.959400933691705,all,2013-10-14
FBHS,FBHS.W^E14,2013-10-25,ESG-GJR-GARCH(E),0.3535207257418312,4.959400933691709,E,2013-10-14
FBHS,FBHS.W^E14,2013-10-25,ESG-GJR-GARCH(G),0.3535207257418314,4.959400933691715,G,2013-10-14
FBHS,FBHS.W^E14,2013-10-25,ESG-GJR-GARCH(S),0.3535207257418314,4.959400933691714,S,2013-10-14
FBHS,FBHS.W^E14,2013-10-25,GARCH,0.3375211543726902,4.520655938455295,,2013-10-14
FBHS,FBHS.W^E14,2013-10-25,GJR-GARCH,0.3485008918287937,4.819558397042242,,2013-10-14
FBHS,FBHS.W^E14,2013-10-28,EGARCH,0.2794383133386406,3.098641704823188,,2013-10-14
FBHS,FBHS.W^E14,2013-10-28,ESG-EGARCH,0.2807398505133084,3.127573955009316,all,2013-10-14
FBHS,FBHS.W^E14,2013-10-28,ESG-EGARCH(E),0.2807398505133088,3.1275739550093253,E,2013-10-14
FBHS,FBHS.W^E14,2013-10-28,ESG-EGARCH(G),0.2807398505133088,3.1275739550093253,G,2013-10-14
FBHS,FBHS.W^E14,2013-10-28,ESG-EGARCH(S),0.2807398505133089,3.127573955009328,S,2013-10-14
FBHS,FBHS.W^E14,2013-10-28,ESG-GARCH,0.3386293724223209,4.5503909471085295,all,2013-10-14
FBHS,FBHS.W^E14,2013-10-28,ESG-GARCH(E),0.3386293724223208,4.550390947108526,E,2013-10-14
FBHS,FBHS.W^E14,2013-10-28,ESG-GARCH(G),0.338629372422321,4.55039094710853,G,2013-10-14
FBHS,FBHS.W^E14,2013-10-28,ESG-GARCH(S),0.3386293724223208,4.550390947108528,S,2013-10-14
FBHS,FBHS.W^E14,2013-10-28,ESG-GJR-GARCH,0.3535207257418311,4.959400933691705,all,2013-10-14
FBHS,FBHS.W^E14,2013-10-28,ESG-GJR-GARCH(E),0.3535207257418312,4.959400933691709,E,2013-10-14
FBHS,FBHS.W^E14,2013-10-28,ESG-GJR-GARCH(G),0.3535207257418314,4.959400933691715,G,2013-10-14
FBHS,FBHS.W^E14,2013-10-28,ESG-GJR-GARCH(S),0.3535207257418314,4.959400933691714,S,2013-10-14
FBHS,FBHS.W^E14,2013-10-28,GARCH,0.3375211543726902,4.520655938455295,,2013-10-14
FBHS,FBHS.W^E14,2013-10-28,GJR-GARCH,0.3485008918287937,4.819558397042242,,2013-10-14
FBHS,FBHS.W^E14,2013-10-29,EGARCH,0.2794383133386406,3.098641704823188,,2013-10-14
FBHS,FBHS.W^E14,2013-10-29,ESG-EGARCH,0.2807398505133084,3.127573955009316,all,2013-10-14
FBHS,FBHS.W^E14,2013-10-29,ESG-EGARCH(E),0.2807398505133088,3.1275739550093253,E,2013-10-14
FBHS,FBHS.W^E14,2013-10-29,ESG-EGARCH(G),0.2807398505133088,3.1275739550093253,G,2013-10-14
FBHS,FBHS.W^E14,2013-10-29,ESG-EGARCH(S),0.2807398505133089,3.127573955009328,S,2013-10-14
FBHS,FBHS.W^E14,2013-10-29,ESG-GARCH,0.3386293724223209,4.5503909471085295,all,2013-10-14
FBHS,FBHS.W^E14,2013-10-29,ESG-GARCH(E),0.3386293724223208,4.550390947108526,E,2013-10-14
FBHS,FBHS.W^E14,2013-10-29,ESG-GARCH(G),0.338629372422321,4.55039094710853,G,2013-10-14
FBHS,FBHS.W^E14,2013-10-29,ESG-GARCH(S),0.3386293724223208,4.550390947108528,S,2013-10-14
FBHS,FBHS.W^E14,2013-10-29,ESG-GJR-GARCH,0.3535207257418311,4.959400933691705,all,2013-10-14
FBHS,FBHS.W^E14,2013-10-29,ESG-GJR-GARCH(E),0.3535207257418312,4.959400933691709,E,2013-10-14
FBHS,FBHS.W^E14,2013-10-29,ESG-GJR-GARCH(G),0.3535207257418314,4.959400933691715,G,2013-10-14
FBHS,FBHS.W^E14,2013-10-29,ESG-GJR-GARCH(S),0.3535207257418314,4.959400933691714,S,2013-10-14
FBHS,FBHS.W^E14,2013-10-29,GARCH,0.3375211543726902,4.520655938455295,,2013-10-14
FBHS,FBHS.W^E14,2013-10-29,GJR-GARCH,0.3485008918287937,4.819558397042242,,2013-10-14
FBHS,FBHS.W^E14,2013-10-30,EGARCH,0.2794383133386406,3.098641704823188,,2013-10-14
FBHS,FBHS.W^E14,2013-10-30,ESG-EGARCH,0.2807398505133084,3.127573955009316,all,2013-10-14
FBHS,FBHS.W^E14,2013-10-30,ESG-EGARCH(E),0.2807398505133088,3.1275739550093253,E,2013-10-14
FBHS,FBHS.W^E14,2013-10-30,ESG-EGARCH(G),0.2807398505133088,3.1275739550093253,G,2013-10-14
FBHS,FBHS.W^E14,2013-10-30,ESG-EGARCH(S),0.2807398505133089,3.127573955009328,S,2013-10-14
FBHS,FBHS.W^E14,2013-10-30,ESG-GARCH,0.3386293724223209,4.5503909471085295,all,2013-10-14
FBHS,FBHS.W^E14,2013-10-30,ESG-GARCH(E),0.3386293724223208,4.550390947108526,E,2013-10-14
FBHS,FBHS.W^E14,2013-10-30,ESG-GARCH(G),0.338629372422321,4.55039094710853,G,2013-10-14
FBHS,FBHS.W^E14,2013-10-30,ESG-GARCH(S),0.3386293724223208,4.550390947108528,S,2013-10-14
FBHS,FBHS.W^E14,2013-10-30,ESG-GJR-GARCH,0.3535207257418311,4.959400933691705,all,2013-10-14
FBHS,FBHS.W^E14,2013-10-30,ESG-GJR-GARCH(E),0.3535207257418312,4.959400933691709,E,2013-10-14
FBHS,FBHS.W^E14,2013-10-30,ESG-GJR-GARCH(G),0.3535207257418314,4.959400933691715,G,2013-10-14
FBHS,FBHS.W^E14,2013-10-30,ESG-GJR-GARCH(S),0.3535207257418314,4.959400933691714,S,2013-10-14
FBHS,FBHS.W^E14,2013-10-30,GARCH,0.3375211543726902,4.520655938455295,,2013-10-14
FBHS,FBHS.W^E14,2013-10-30,GJR-GARCH,0.3485008918287937,4.819558397042242,,2013-10-14
FBHS,FBHS.W^E14,2013-10-31,EGARCH,0.2794383133386406,3.098641704823188,,2013-10-14
FBHS,FBHS.W^E14,2013-10-31,ESG-EGARCH,0.2807398505133084,3.127573955009316,all,2013-10-14
FBHS,FBHS.W^E14,2013-10-31,ESG-EGARCH(E),0.2807398505133088,3.1275739550093253,E,2013-10-14
FBHS,FBHS.W^E14,2013-10-31,ESG-EGARCH(G),0.2807398505133088,3.1275739550093253,G,2013-10-14
FBHS,FBHS.W^E14,2013-10-31,ESG-EGARCH(S),0.2807398505133089,3.127573955009328,S,2013-10-14
FBHS,FBHS.W^E14,2013-10-31,ESG-GARCH,0.3386293724223209,4.5503909471085295,all,2013-10-14
FBHS,FBHS.W^E14,2013-10-31,ESG-GARCH(E),0.3386293724223208,4.550390947108526,E,2013-10-14
FBHS,FBHS.W^E14,2013-10-31,ESG-GARCH(G),0.338629372422321,4.55039094710853,G,2013-10-14
FBHS,FBHS.W^E14,2013-10-31,ESG-GARCH(S),0.3386293724223208,4.550390947108528,S,2013-10-14
FBHS,FBHS.W^E14,2013-10-31,ESG-GJR-GARCH,0.3535207257418311,4.959400933691705,all,2013-10-14
FBHS,FBHS.W^E14,2013-10-31,ESG-GJR-GARCH(E),0.3535207257418312,4.959400933691709,E,2013-10-14
FBHS,FBHS.W^E14,2013-10-31,ESG-GJR-GARCH(G),0.3535207257418314,4.959400933691715,G,2013-10-14
FBHS,FBHS.W^E14,2013-10-31,ESG-GJR-GARCH(S),0.3535207257418314,4.959400933691714,S,2013-10-14
FBHS,FBHS.W^E14,2013-10-31,GARCH,0.3375211543726902,4.520655938455295,,2013-10-14
FBHS,FBHS.W^E14,2013-10-31,GJR-GARCH,0.3485008918287937,4.819558397042242,,2013-10-14
FBHS,FBHS.W^E14,2013-11-01,EGARCH,0.2794383133386406,3.098641704823188,,2013-10-14
FBHS,FBHS.W^E14,2013-11-01,ESG-EGARCH,0.2807398505133084,3.127573955009316,all,2013-10-14
FBHS,FBHS.W^E14,2013-11-01,ESG-EGARCH(E),0.2807398505133088,3.1275739550093253,E,2013-10-14
FBHS,FBHS.W^E14,2013-11-01,ESG-EGARCH(G),0.2807398505133088,3.1275739550093253,G,2013-10-14
FBHS,FBHS.W^E14,2013-11-01,ESG-EGARCH(S),0.2807398505133089,3.127573955009328,S,2013-10-14
FBHS,FBHS.W^E14,2013-11-01,ESG-GARCH,0.3386293724223209,4.5503909471085295,all,2013-10-14
FBHS,FBHS.W^E14,2013-11-01,ESG-GARCH(E),0.3386293724223208,4.550390947108526,E,2013-10-14
FBHS,FBHS.W^E14,2013-11-01,ESG-GARCH(G),0.338629372422321,4.55039094710853,G,2013-10-14
FBHS,FBHS.W^E14,2013-11-01,ESG-GARCH(S),0.3386293724223208,4.550390947108528,S,2013-10-14
FBHS,FBHS.W^E14,2013-11-01,ESG-GJR-GARCH,0.3535207257418311,4.959400933691705,all,2013-10-14
FBHS,FBHS.W^E14,2013-11-01,ESG-GJR-GARCH(E),0.3535207257418312,4.959400933691709,E,2013-10-14
FBHS,FBHS.W^E14,2013-11-01,ESG-GJR-GARCH(G),0.3535207257418314,4.959400933691715,G,2013-10-14
FBHS,FBHS.W^E14,2013-11-01,ESG-GJR-GARCH(S),0.3535207257418314,4.959400933691714,S,2013-10-14
FBHS,FBHS.W^E14,2013-11-01,GARCH,0.3375211543726902,4.520655938455295,,2013-10-14
FBHS,FBHS.W^E14,2013-11-01,GJR-GARCH,0.3485008918287937,4.819558397042242,,2013-10-14
FBHS,FBHS.W^E14,2013-11-04,EGARCH,0.2794383133386406,3.098641704823188,,2013-10-14
FBHS,FBHS.W^E14,2013-11-04,ESG-EGARCH,0.2807398505133084,3.127573955009316,all,2013-10-14
FBHS,FBHS.W^E14,2013-11-04,ESG-EGARCH(E),0.2807398505133088,3.1275739550093253,E,2013-10-14
FBHS,FBHS.W^E14,2013-11-04,ESG-EGARCH(G),0.2807398505133088,3.1275739550093253,G,2013-10-14
FBHS,FBHS.W^E14,2013-11-04,ESG-EGARCH(S),0.2807398505133089,3.127573955009328,S,2013-10-14
FBHS,FBHS.W^E14,2013-11-04,ESG-GARCH,0.3386293724223209,4.5503909471085295,all,2013-10-14
FBHS,FBHS.W^E14,2013-11-04,ESG-GARCH(E),0.3386293724223208,4.550390947108526,E,2013-10-14
FBHS,FBHS.W^E14,2013-11-04,ESG-GARCH(G),0.338629372422321,4.55039094710853,G,2013-10-14
FBHS,FBHS.W^E14,2013-11-04,ESG-GARCH(S),0.3386293724223208,4.550390947108528,S,2013-10-14
FBHS,FBHS.W^E14,2013-11-04,ESG-GJR-GARCH,0.3535207257418311,4.959400933691705,all,2013-10-14
FBHS,FBHS.W^E14,2013-11-04,ESG-GJR-GARCH(E),0.3535207257418312,4.959400933691709,E,2013-10-14
FBHS,FBHS.W^E14,2013-11-04,ESG-GJR-GARCH(G),0.3535207257418314,4.959400933691715,G,2013-10-14
FBHS,FBHS.W^E14,2013-11-04,ESG-GJR-GARCH(S),0.3535207257418314,4.959400933691714,S,2013-10-14
FBHS,FBHS.W^E14,2013-11-04,GARCH,0.3375211543726902,4.520655938455295,,2013-10-14
FBHS,FBHS.W^E14,2013-11-04,GJR-GARCH,0.3485008918287937,4.819558397042242,,2013-10-14
FBHS,FBHS.W^E14,2013-11-05,EGARCH,0.2794383133386406,3.098641704823188,,2013-10-14
FBHS,FBHS.W^E14,2013-11-05,ESG-EGARCH,0.2807398505133084,3.127573955009316,all,2013-10-14
FBHS,FBHS.W^E14,2013-11-05,ESG-EGARCH(E),0.2807398505133088,3.1275739550093253,E,2013-10-14
FBHS,FBHS.W^E14,2013-11-05,ESG-EGARCH(G),0.2807398505133088,3.1275739550093253,G,2013-10-14
FBHS,FBHS.W^E14,2013-11-05,ESG-EGARCH(S),0.2807398505133089,3.127573955009328,S,2013-10-14
FBHS,FBHS.W^E14,2013-11-05,ESG-GARCH,0.3386293724223209,4.5503909471085295,all,2013-10-14
FBHS,FBHS.W^E14,2013-11-05,ESG-GARCH(E),0.3386293724223208,4.550390947108526,E,2013-10-14
FBHS,FBHS.W^E14,2013-11-05,ESG-GARCH(G),0.338629372422321,4.55039094710853,G,2013-10-14
FBHS,FBHS.W^E14,2013-11-05,ESG-GARCH(S),0.3386293724223208,4.550390947108528,S,2013-10-14
FBHS,FBHS.W^E14,2013-11-05,ESG-GJR-GARCH,0.3535207257418311,4.959400933691705,all,2013-10-14
FBHS,FBHS.W^E14,2013-11-05,ESG-GJR-GARCH(E),0.3535207257418312,4.959400933691709,E,2013-10-14
FBHS,FBHS.W^E14,2013-11-05,ESG-GJR-GARCH(G),0.3535207257418314,4.959400933691715,G,2013-10-14
FBHS,FBHS.W^E14,2013-11-05,ESG-GJR-GARCH(S),0.3535207257418314,4.959400933691714,S,2013-10-14
FBHS,FBHS.W^E14,2013-11-05,GARCH,0.3375211543726902,4.520655938455295,,2013-10-14
FBHS,FBHS.W^E14,2013-11-05,GJR-GARCH,0.3485008918287937,4.819558397042242,,2013-10-14
FBHS,FBHS.W^E14,2013-11-06,EGARCH,0.2794383133386406,3.098641704823188,,2013-10-14
FBHS,FBHS.W^E14,2013-11-06,ESG-EGARCH,0.2807398505133084,3.127573955009316,all,2013-10-14
FBHS,FBHS.W^E14,2013-11-06,ESG-EGARCH(E),0.2807398505133088,3.1275739550093253,E,2013-10-14
FBHS,FBHS.W^E14,2013-11-06,ESG-EGARCH(G),0.2807398505133088,3.1275739550093253,G,2013-10-14
FBHS,FBHS.W^E14,2013-11-06,ESG-EGARCH(S),0.2807398505133089,3.127573955009328,S,2013-10-14
FBHS,FBHS.W^E14,2013-11-06,ESG-GARCH,0.3386293724223209,4.5503909471085295,all,2013-10-14
FBHS,FBHS.W^E14,2013-11-06,ESG-GARCH(E),0.3386293724223208,4.550390947108526,E,2013-10-14
FBHS,FBHS.W^E14,2013-11-06,ESG-GARCH(G),0.338629372422321,4.55039094710853,G,2013-10-14
FBHS,FBHS.W^E14,2013-11-06,ESG-GARCH(S),0.3386293724223208,4.550390947108528,S,2013-10-14
FBHS,FBHS.W^E14,2013-11-06,ESG-GJR-GARCH,0.3535207257418311,4.959400933691705,all,2013-10-14
FBHS,FBHS.W^E14,2013-11-06,ESG-GJR-GARCH(E),0.3535207257418312,4.959400933691709,E,2013-10-14
FBHS,FBHS.W^E14,2013-11-06,ESG-GJR-GARCH(G),0.3535207257418314,4.959400933691715,G,2013-10-14
FBHS,FBHS.W^E14,2013-11-06,ESG-GJR-GARCH(S),0.3535207257418314,4.959400933691714,S,2013-10-14
FBHS,FBHS.W^E14,2013-11-06,GARCH,0.3375211543726902,4.520655938455295,,2013-10-14
FBHS,FBHS.W^E14,2013-11-06,GJR-GARCH,0.3485008918287937,4.819558397042242,,2013-10-14
FBHS,FBHS.W^E14,2013-11-07,EGARCH,0.2794383133386406,3.098641704823188,,2013-10-14
FBHS,FBHS.W^E14,2013-11-07,ESG-EGARCH,0.2807398505133084,3.127573955009316,all,2013-10-14
FBHS,FBHS.W^E14,2013-11-07,ESG-EGARCH(E),0.2807398505133088,3.1275739550093253,E,2013-10-14
FBHS,FBHS.W^E14,2013-11-07,ESG-EGARCH(G),0.2807398505133088,3.1275739550093253,G,2013-10-14
FBHS,FBHS.W^E14,2013-11-07,ESG-EGARCH(S),0.2807398505133089,3.127573955009328,S,2013-10-14
FBHS,FBHS.W^E14,2013-11-07,ESG-GARCH,0.3386293724223209,4.5503909471085295,all,2013-10-14
FBHS,FBHS.W^E14,2013-11-07,ESG-GARCH(E),0.3386293724223208,4.550390947108526,E,2013-10-14
FBHS,FBHS.W^E14,2013-11-07,ESG-GARCH(G),0.338629372422321,4.55039094710853,G,2013-10-14
FBHS,FBHS.W^E14,2013-11-07,ESG-GARCH(S),0.3386293724223208,4.550390947108528,S,2013-10-14
FBHS,FBHS.W^E14,2013-11-07,ESG-GJR-GARCH,0.3535207257418311,4.959400933691705,all,2013-10-14
FBHS,FBHS.W^E14,2013-11-07,ESG-GJR-GARCH(E),0.3535207257418312,4.959400933691709,E,2013-10-14
FBHS,FBHS.W^E14,2013-11-07,ESG-GJR-GARCH(G),0.3535207257418314,4.959400933691715,G,2013-10-14
FBHS,FBHS.W^E14,2013-11-07,ESG-GJR-GARCH(S),0.3535207257418314,4.959400933691714,S,2013-10-14
FBHS,FBHS.W^E14,2013-11-07,GARCH,0.3375211543726902,4.520655938455295,,2013-10-14
FBHS,FBHS.W^E14,2013-11-07,GJR-GARCH,0.3485008918287937,4.819558397042242,,2013-10-14
FBHS,FBHS.W^E14,2013-11-08,EGARCH,0.2794383133386406,3.098641704823188,,2013-10-14
FBHS,FBHS.W^E14,2013-11-08,ESG-EGARCH,0.2807398505133084,3.127573955009316,all,2013-10-14
FBHS,FBHS.W^E14,2013-11-08,ESG-EGARCH(E),0.2807398505133088,3.1275739550093253,E,2013-10-14
FBHS,FBHS.W^E14,2013-11-08,ESG-EGARCH(G),0.2807398505133088,3.1275739550093253,G,2013-10-14
FBHS,FBHS.W^E14,2013-11-08,ESG-EGARCH(S),0.2807398505133089,3.127573955009328,S,2013-10-14
FBHS,FBHS.W^E14,2013-11-08,ESG-GARCH,0.3386293724223209,4.5503909471085295,all,2013-10-14
FBHS,FBHS.W^E14,2013-11-08,ESG-GARCH(E),0.3386293724223208,4.550390947108526,E,2013-10-14
FBHS,FBHS.W^E14,2013-11-08,ESG-GARCH(G),0.338629372422321,4.55039094710853,G,2013-10-14
FBHS,FBHS.W^E14,2013-11-08,ESG-GARCH(S),0.3386293724223208,4.550390947108528,S,2013-10-14
FBHS,FBHS.W^E14,2013-11-08,ESG-GJR-GARCH,0.3535207257418311,4.959400933691705,all,2013-10-14
FBHS,FBHS.W^E14,2013-11-08,ESG-GJR-GARCH(E),0.3535207257418312,4.959400933691709,E,2013-10-14
FBHS,FBHS.W^E14,2013-11-08,ESG-GJR-GARCH(G),0.3535207257418314,4.959400933691715,G,2013-10-14
FBHS,FBHS.W^E14,2013-11-08,ESG-GJR-GARCH(S),0.3535207257418314,4.959400933691714,S,2013-10-14
FBHS,FBHS.W^E14,2013-11-08,GARCH,0.3375211543726902,4.520655938455295,,2013-10-14
FBHS,FBHS.W^E14,2013-11-08,GJR-GARCH,0.3485008918287937,4.819558397042242,,2013-10-14
FBHS,FBHS.W^E14,2013-11-11,EGARCH,0.2794383133386406,3.098641704823188,,2013-10-14
FBHS,FBHS.W^E14,2013-11-11,ESG-EGARCH,0.2807398505133084,3.127573955009316,all,2013-10-14
FBHS,FBHS.W^E14,2013-11-11,ESG-EGARCH(E),0.2807398505133088,3.1275739550093253,E,2013-10-14
FBHS,FBHS.W^E14,2013-11-11,ESG-EGARCH(G),0.2807398505133088,3.1275739550093253,G,2013-10-14
FBHS,FBHS.W^E14,2013-11-11,ESG-EGARCH(S),0.2807398505133089,3.127573955009328,S,2013-10-14
FBHS,FBHS.W^E14,2013-11-11,ESG-GARCH,0.3386293724223209,4.5503909471085295,all,2013-10-14
FBHS,FBHS.W^E14,2013-11-11,ESG-GARCH(E),0.3386293724223208,4.550390947108526,E,2013-10-14
FBHS,FBHS.W^E14,2013-11-11,ESG-GARCH(G),0.338629372422321,4.55039094710853,G,2013-10-14
FBHS,FBHS.W^E14,2013-11-11,ESG-GARCH(S),0.3386293724223208,4.550390947108528,S,2013-10-14
FBHS,FBHS.W^E14,2013-11-11,ESG-GJR-GARCH,0.3535207257418311,4.959400933691705,all,2013-10-14
FBHS,FBHS.W^E14,2013-11-11,ESG-GJR-GARCH(E),0.3535207257418312,4.959400933691709,E,2013-10-14
FBHS,FBHS.W^E14,2013-11-11,ESG-GJR-GARCH(G),0.3535207257418314,4.959400933691715,G,2013-10-14
FBHS,FBHS.W^E14,2013-11-11,ESG-GJR-GARCH(S),0.3535207257418314,4.959400933691714,S,2013-10-14
FBHS,FBHS.W^E14,2013-11-11,GARCH,0.3375211543726902,4.520655938455295,,2013-10-14
FBHS,FBHS.W^E14,2013-11-11,GJR-GARCH,0.3485008918287937,4.819558397042242,,2013-10-14
FBHS,FBHS.W^E14,2013-11-12,EGARCH,0.2794383133386406,3.098641704823188,,2013-10-14
FBHS,FBHS.W^E14,2013-11-12,ESG-EGARCH,0.2807398505133084,3.127573955009316,all,2013-10-14
FBHS,FBHS.W^E14,2013-11-12,ESG-EGARCH(E),0.2807398505133088,3.1275739550093253,E,2013-10-14
FBHS,FBHS.W^E14,2013-11-12,ESG-EGARCH(G),0.2807398505133088,3.1275739550093253,G,2013-10-14
FBHS,FBHS.W^E14,2013-11-12,ESG-EGARCH(S),0.2807398505133089,3.127573955009328,S,2013-10-14
FBHS,FBHS.W^E14,2013-11-12,ESG-GARCH,0.3386293724223209,4.5503909471085295,all,2013-10-14
FBHS,FBHS.W^E14,2013-11-12,ESG-GARCH(E),0.3386293724223208,4.550390947108526,E,2013-10-14
FBHS,FBHS.W^E14,2013-11-12,ESG-GARCH(G),0.338629372422321,4.55039094710853,G,2013-10-14
FBHS,FBHS.W^E14,2013-11-12,ESG-GARCH(S),0.3386293724223208,4.550390947108528,S,2013-10-14
FBHS,FBHS.W^E14,2013-11-12,ESG-GJR-GARCH,0.3535207257418311,4.959400933691705,all,2013-10-14
FBHS,FBHS.W^E14,2013-11-12,ESG-GJR-GARCH(E),0.3535207257418312,4.959400933691709,E,2013-10-14
FBHS,FBHS.W^E14,2013-11-12,ESG-GJR-GARCH(G),0.3535207257418314,4.959400933691715,G,2013-10-14
FBHS,FBHS.W^E14,2013-11-12,ESG-GJR-GARCH(S),0.3535207257418314,4.959400933691714,S,2013-10-14
FBHS,FBHS.W^E14,2013-11-12,GARCH,0.3375211543726902,4.520655938455295,,2013-10-14
FBHS,FBHS.W^E14,2013-11-12,GJR-GARCH,0.3485008918287937,4.819558397042242,,2013-10-14
FBHS,FBHS.W^E14,2013-11-13,EGARCH,0.3177144977800918,4.005654845224444,,2013-11-13
FBHS,FBHS.W^E14,2013-11-13,ESG-EGARCH,0.3261634341021179,4.221531180368518,all,2013-11-13
FBHS,FBHS.W^E14,2013-11-13,ESG-EGARCH(E),0.3261634341021179,4.221531180368515,E,2013-11-13
FBHS,FBHS.W^E14,2013-11-13,ESG-EGARCH(G),0.3261634341021179,4.221531180368515,G,2013-11-13
FBHS,FBHS.W^E14,2013-11-13,ESG-EGARCH(S),0.3261634341021177,4.221531180368511,S,2013-11-13
FBHS,FBHS.W^E14,2013-11-13,ESG-GARCH,0.3276953722057207,4.261280038295468,all,2013-11-13
FBHS,FBHS.W^E14,2013-11-13,ESG-GARCH(E),0.3276953722057203,4.261280038295459,E,2013-11-13
FBHS,FBHS.W^E14,2013-11-13,ESG-GARCH(G),0.3276953722057207,4.261280038295468,G,2013-11-13
FBHS,FBHS.W^E14,2013-11-13,ESG-GARCH(S),0.3276953722057205,4.261280038295463,S,2013-11-13
FBHS,FBHS.W^E14,2013-11-13,ESG-GJR-GARCH,0.3200194604590074,4.063986312399771,all,2013-11-13
FBHS,FBHS.W^E14,2013-11-13,ESG-GJR-GARCH(E),0.3200194604590078,4.06398631239978,E,2013-11-13
FBHS,FBHS.W^E14,2013-11-13,ESG-GJR-GARCH(G),0.3200194604590076,4.063986312399776,G,2013-11-13
FBHS,FBHS.W^E14,2013-11-13,ESG-GJR-GARCH(S),0.3200194604590078,4.06398631239978,S,2013-11-13
FBHS,FBHS.W^E14,2013-11-13,GARCH,0.3243446897143729,4.174582450234638,,2013-11-13
FBHS,FBHS.W^E14,2013-11-13,GJR-GARCH,0.3150562626325865,3.9389066914291018,,2013-11-13
FBHS,FBHS.W^E14,2013-11-14,EGARCH,0.3177144977800918,4.005654845224444,,2013-11-13
FBHS,FBHS.W^E14,2013-11-14,ESG-EGARCH,0.3261634341021179,4.221531180368518,all,2013-11-13
FBHS,FBHS.W^E14,2013-11-14,ESG-EGARCH(E),0.3261634341021179,4.221531180368515,E,2013-11-13
FBHS,FBHS.W^E14,2013-11-14,ESG-EGARCH(G),0.3261634341021179,4.221531180368515,G,2013-11-13
FBHS,FBHS.W^E14,2013-11-14,ESG-EGARCH(S),0.3261634341021177,4.221531180368511,S,2013-11-13
FBHS,FBHS.W^E14,2013-11-14,ESG-GARCH,0.3276953722057207,4.261280038295468,all,2013-11-13
FBHS,FBHS.W^E14,2013-11-14,ESG-GARCH(E),0.3276953722057203,4.261280038295459,E,2013-11-13
FBHS,FBHS.W^E14,2013-11-14,ESG-GARCH(G),0.3276953722057207,4.261280038295468,G,2013-11-13
FBHS,FBHS.W^E14,2013-11-14,ESG-GARCH(S),0.3276953722057205,4.261280038295463,S,2013-11-13
FBHS,FBHS.W^E14,2013-11-14,ESG-GJR-GARCH,0.3200194604590074,4.063986312399771,all,2013-11-13
FBHS,FBHS.W^E14,2013-11-14,ESG-GJR-GARCH(E),0.3200194604590078,4.06398631239978,E,2013-11-13
FBHS,FBHS.W^E14,2013-11-14,ESG-GJR-GARCH(G),0.3200194604590076,4.063986312399776,G,2013-11-13
FBHS,FBHS.W^E14,2013-11-14,ESG-GJR-GARCH(S),0.3200194604590078,4.06398631239978,S,2013-11-13
FBHS,FBHS.W^E14,2013-11-14,GARCH,0.3243446897143729,4.174582450234638,,2013-11-13
FBHS,FBHS.W^E14,2013-11-14,GJR-GARCH,0.3150562626325865,3.9389066914291018,,2013-11-13
FBHS,FBHS.W^E14,2013-11-15,EGARCH,0.3177144977800918,4.005654845224444,,2013-11-13
FBHS,FBHS.W^E14,2013-11-15,ESG-EGARCH,0.3261634341021179,4.221531180368518,all,2013-11-13
FBHS,FBHS.W^E14,2013-11-15,ESG-EGARCH(E),0.3261634341021179,4.221531180368515,E,2013-11-13
FBHS,FBHS.W^E14,2013-11-15,ESG-EGARCH(G),0.3261634341021179,4.221531180368515,G,2013-11-13
FBHS,FBHS.W^E14,2013-11-15,ESG-EGARCH(S),0.3261634341021177,4.221531180368511,S,2013-11-13
FBHS,FBHS.W^E14,2013-11-15,ESG-GARCH,0.3276953722057207,4.261280038295468,all,2013-11-13
FBHS,FBHS.W^E14,2013-11-15,ESG-GARCH(E),0.3276953722057203,4.261280038295459,E,2013-11-13
FBHS,FBHS.W^E14,2013-11-15,ESG-GARCH(G),0.3276953722057207,4.261280038295468,G,2013-11-13
FBHS,FBHS.W^E14,2013-11-15,ESG-GARCH(S),0.3276953722057205,4.261280038295463,S,2013-11-13
FBHS,FBHS.W^E14,2013-11-15,ESG-GJR-GARCH,0.3200194604590074,4.063986312399771,all,2013-11-13
FBHS,FBHS.W^E14,2013-11-15,ESG-GJR-GARCH(E),0.3200194604590078,4.06398631239978,E,2013-11-13
FBHS,FBHS.W^E14,2013-11-15,ESG-GJR-GARCH(G),0.3200194604590076,4.063986312399776,G,2013-11-13
FBHS,FBHS.W^E14,2013-11-15,ESG-GJR-GARCH(S),0.3200194604590078,4.06398631239978,S,2013-11-13
FBHS,FBHS.W^E14,2013-11-15,GARCH,0.3243446897143729,4.174582450234638,,2013-11-13
FBHS,FBHS.W^E14,2013-11-15,GJR-GARCH,0.3150562626325865,3.9389066914291018,,2013-11-13
FBHS,FBHS.W^E14,2013-11-18,EGARCH,0.3177144977800918,4.005654845224444,,2013-11-13
FBHS,FBHS.W^E14,2013-11-18,ESG-EGARCH,0.3261634341021179,4.221531180368518,all,2013-11-13
FBHS,FBHS.W^E14,2013-11-18,ESG-EGARCH(E),0.3261634341021179,4.221531180368515,E,2013-11-13
FBHS,FBHS.W^E14,2013-11-18,ESG-EGARCH(G),0.3261634341021179,4.221531180368515,G,2013-11-13
FBHS,FBHS.W^E14,2013-11-18,ESG-EGARCH(S),0.3261634341021177,4.221531180368511,S,2013-11-13
FBHS,FBHS.W^E14,2013-11-18,ESG-GARCH,0.3276953722057207,4.261280038295468,all,2013-11-13
FBHS,FBHS.W^E14,2013-11-18,ESG-GARCH(E),0.3276953722057203,4.261280038295459,E,2013-11-13
FBHS,FBHS.W^E14,2013-11-18,ESG-GARCH(G),0.3276953722057207,4.261280038295468,G,2013-11-13
FBHS,FBHS.W^E14,2013-11-18,ESG-GARCH(S),0.3276953722057205,4.261280038295463,S,2013-11-13
FBHS,FBHS.W^E14,2013-11-18,ESG-GJR-GARCH,0.3200194604590074,4.063986312399771,all,2013-11-13
FBHS,FBHS.W^E14,2013-11-18,ESG-GJR-GARCH(E),0.3200194604590078,4.06398631239978,E,2013-11-13
FBHS,FBHS.W^E14,2013-11-18,ESG-GJR-GARCH(G),0.3200194604590076,4.063986312399776,G,2013-11-13
FBHS,FBHS.W^E14,2013-11-18,ESG-GJR-GARCH(S),0.3200194604590078,4.06398631239978,S,2013-11-13
FBHS,FBHS.W^E14,2013-11-18,GARCH,0.3243446897143729,4.174582450234638,,2013-11-13
FBHS,FBHS.W^E14,2013-11-18,GJR-GARCH,0.3150562626325865,3.9389066914291018,,2013-11-13
FBHS,FBHS.W^E14,2013-11-19,EGARCH,0.3177144977800918,4.005654845224444,,2013-11-13
FBHS,FBHS.W^E14,2013-11-19,ESG-EGARCH,0.3261634341021179,4.221531180368518,all,2013-11-13
FBHS,FBHS.W^E14,2013-11-19,ESG-EGARCH(E),0.3261634341021179,4.221531180368515,E,2013-11-13
FBHS,FBHS.W^E14,2013-11-19,ESG-EGARCH(G),0.3261634341021179,4.221531180368515,G,2013-11-13
FBHS,FBHS.W^E14,2013-11-19,ESG-EGARCH(S),0.3261634341021177,4.221531180368511,S,2013-11-13
FBHS,FBHS.W^E14,2013-11-19,ESG-GARCH,0.3276953722057207,4.261280038295468,all,2013-11-13
FBHS,FBHS.W^E14,2013-11-19,ESG-GARCH(E),0.3276953722057203,4.261280038295459,E,2013-11-13
FBHS,FBHS.W^E14,2013-11-19,ESG-GARCH(G),0.3276953722057207,4.261280038295468,G,2013-11-13
FBHS,FBHS.W^E14,2013-11-19,ESG-GARCH(S),0.3276953722057205,4.261280038295463,S,2013-11-13
FBHS,FBHS.W^E14,2013-11-19,ESG-GJR-GARCH,0.3200194604590074,4.063986312399771,all,2013-11-13
FBHS,FBHS.W^E14,2013-11-19,ESG-GJR-GARCH(E),0.3200194604590078,4.06398631239978,E,2013-11-13
FBHS,FBHS.W^E14,2013-11-19,ESG-GJR-GARCH(G),0.3200194604590076,4.063986312399776,G,2013-11-13
FBHS,FBHS.W^E14,2013-11-19,ESG-GJR-GARCH(S),0.3200194604590078,4.06398631239978,S,2013-11-13
FBHS,FBHS.W^E14,2013-11-19,GARCH,0.3243446897143729,4.174582450234638,,2013-11-13
FBHS,FBHS.W^E14,2013-11-19,GJR-GARCH,0.3150562626325865,3.9389066914291018,,2013-11-13
FBHS,FBHS.W^E14,2013-11-20,EGARCH,0.3177144977800918,4.005654845224444,,2013-11-13
FBHS,FBHS.W^E14,2013-11-20,ESG-EGARCH,0.3261634341021179,4.221531180368518,all,2013-11-13
FBHS,FBHS.W^E14,2013-11-20,ESG-EGARCH(E),0.3261634341021179,4.221531180368515,E,2013-11-13
FBHS,FBHS.W^E14,2013-11-20,ESG-EGARCH(G),0.3261634341021179,4.221531180368515,G,2013-11-13
FBHS,FBHS.W^E14,2013-11-20,ESG-EGARCH(S),0.3261634341021177,4.221531180368511,S,2013-11-13
FBHS,FBHS.W^E14,2013-11-20,ESG-GARCH,0.3276953722057207,4.261280038295468,all,2013-11-13
FBHS,FBHS.W^E14,2013-11-20,ESG-GARCH(E),0.3276953722057203,4.261280038295459,E,2013-11-13
FBHS,FBHS.W^E14,2013-11-20,ESG-GARCH(G),0.3276953722057207,4.261280038295468,G,2013-11-13
FBHS,FBHS.W^E14,2013-11-20,ESG-GARCH(S),0.3276953722057205,4.261280038295463,S,2013-11-13
FBHS,FBHS.W^E14,2013-11-20,ESG-GJR-GARCH,0.3200194604590074,4.063986312399771,all,2013-11-13
FBHS,FBHS.W^E14,2013-11-20,ESG-GJR-GARCH(E),0.3200194604590078,4.06398631239978,E,2013-11-13
FBHS,FBHS.W^E14,2013-11-20,ESG-GJR-GARCH(G),0.3200194604590076,4.063986312399776,G,2013-11-13
FBHS,FBHS.W^E14,2013-11-20,ESG-GJR-GARCH(S),0.3200194604590078,4.06398631239978,S,2013-11-13
FBHS,FBHS.W^E14,2013-11-20,GARCH,0.3243446897143729,4.174582450234638,,2013-11-13
FBHS,FBHS.W^E14,2013-11-20,GJR-GARCH,0.3150562626325865,3.9389066914291018,,2013-11-13
FBHS,FBHS.W^E14,2013-11-21,EGARCH,0.3177144977800918,4.005654845224444,,2013-11-13
FBHS,FBHS.W^E14,2013-11-21,ESG-EGARCH,0.3261634341021179,4.221531180368518,all,2013-11-13
FBHS,FBHS.W^E14,2013-11-21,ESG-EGARCH(E),0.3261634341021179,4.221531180368515,E,2013-11-13
FBHS,FBHS.W^E14,2013-11-21,ESG-EGARCH(G),0.3261634341021179,4.221531180368515,G,2013-11-13
FBHS,FBHS.W^E14,2013-11-21,ESG-EGARCH(S),0.3261634341021177,4.221531180368511,S,2013-11-13
FBHS,FBHS.W^E14,2013-11-21,ESG-GARCH,0.3276953722057207,4.261280038295468,all,2013-11-13
FBHS,FBHS.W^E14,2013-11-21,ESG-GARCH(E),0.3276953722057203,4.261280038295459,E,2013-11-13
FBHS,FBHS.W^E14,2013-11-21,ESG-GARCH(G),0.3276953722057207,4.261280038295468,G,2013-11-13
FBHS,FBHS.W^E14,2013-11-21,ESG-GARCH(S),0.3276953722057205,4.261280038295463,S,2013-11-13
FBHS,FBHS.W^E14,2013-11-21,ESG-GJR-GARCH,0.3200194604590074,4.063986312399771,all,2013-11-13
FBHS,FBHS.W^E14,2013-11-21,ESG-GJR-GARCH(E),0.3200194604590078,4.06398631239978,E,2013-11-13
FBHS,FBHS.W^E14,2013-11-21,ESG-GJR-GARCH(G),0.3200194604590076,4.063986312399776,G,2013-11-13
FBHS,FBHS.W^E14,2013-11-21,ESG-GJR-GARCH(S),0.3200194604590078,4.06398631239978,S,2013-11-13
FBHS,FBHS.W^E14,2013-11-21,GARCH,0.3243446897143729,4.174582450234638,,2013-11-13
FBHS,FBHS.W^E14,2013-11-21,GJR-GARCH,0.3150562626325865,3.9389066914291018,,2013-11-13
FBHS,FBHS.W^E14,2013-11-22,EGARCH,0.3177144977800918,4.005654845224444,,2013-11-13
FBHS,FBHS.W^E14,2013-11-22,ESG-EGARCH,0.3261634341021179,4.221531180368518,all,2013-11-13
FBHS,FBHS.W^E14,2013-11-22,ESG-EGARCH(E),0.3261634341021179,4.221531180368515,E,2013-11-13
FBHS,FBHS.W^E14,2013-11-22,ESG-EGARCH(G),0.3261634341021179,4.221531180368515,G,2013-11-13
FBHS,FBHS.W^E14,2013-11-22,ESG-EGARCH(S),0.3261634341021177,4.221531180368511,S,2013-11-13
FBHS,FBHS.W^E14,2013-11-22,ESG-GARCH,0.3276953722057207,4.261280038295468,all,2013-11-13
FBHS,FBHS.W^E14,2013-11-22,ESG-GARCH(E),0.3276953722057203,4.261280038295459,E,2013-11-13
FBHS,FBHS.W^E14,2013-11-22,ESG-GARCH(G),0.3276953722057207,4.261280038295468,G,2013-11-13
FBHS,FBHS.W^E14,2013-11-22,ESG-GARCH(S),0.3276953722057205,4.261280038295463,S,2013-11-13
FBHS,FBHS.W^E14,2013-11-22,ESG-GJR-GARCH,0.3200194604590074,4.063986312399771,all,2013-11-13
FBHS,FBHS.W^E14,2013-11-22,ESG-GJR-GARCH(E),0.3200194604590078,4.06398631239978,E,2013-11-13
FBHS,FBHS.W^E14,2013-11-22,ESG-GJR-GARCH(G),0.3200194604590076,4.063986312399776,G,2013-11-13
FBHS,FBHS.W^E14,2013-11-22,ESG-GJR-GARCH(S),0.3200194604590078,4.06398631239978,S,2013-11-13
FBHS,FBHS.W^E14,2013-11-22,GARCH,0.3243446897143729,4.174582450234638,,2013-11-13
FBHS,FBHS.W^E14,2013-11-22,GJR-GARCH,0.3150562626325865,3.9389066914291018,,2013-11-13
FBHS,FBHS.W^E14,2013-11-25,EGARCH,0.3177144977800918,4.005654845224444,,2013-11-13
FBHS,FBHS.W^E14,2013-11-25,ESG-EGARCH,0.3261634341021179,4.221531180368518,all,2013-11-13
FBHS,FBHS.W^E14,2013-11-25,ESG-EGARCH(E),0.3261634341021179,4.221531180368515,E,2013-11-13
FBHS,FBHS.W^E14,2013-11-25,ESG-EGARCH(G),0.3261634341021179,4.221531180368515,G,2013-11-13
FBHS,FBHS.W^E14,2013-11-25,ESG-EGARCH(S),0.3261634341021177,4.221531180368511,S,2013-11-13
FBHS,FBHS.W^E14,2013-11-25,ESG-GARCH,0.3276953722057207,4.261280038295468,all,2013-11-13
FBHS,FBHS.W^E14,2013-11-25,ESG-GARCH(E),0.3276953722057203,4.261280038295459,E,2013-11-13
FBHS,FBHS.W^E14,2013-11-25,ESG-GARCH(G),0.3276953722057207,4.261280038295468,G,2013-11-13
FBHS,FBHS.W^E14,2013-11-25,ESG-GARCH(S),0.3276953722057205,4.261280038295463,S,2013-11-13
FBHS,FBHS.W^E14,2013-11-25,ESG-GJR-GARCH,0.3200194604590074,4.063986312399771,all,2013-11-13
FBHS,FBHS.W^E14,2013-11-25,ESG-GJR-GARCH(E),0.3200194604590078,4.06398631239978,E,2013-11-13
FBHS,FBHS.W^E14,2013-11-25,ESG-GJR-GARCH(G),0.3200194604590076,4.063986312399776,G,2013-11-13
FBHS,FBHS.W^E14,2013-11-25,ESG-GJR-GARCH(S),0.3200194604590078,4.06398631239978,S,2013-11-13
FBHS,FBHS.W^E14,2013-11-25,GARCH,0.3243446897143729,4.174582450234638,,2013-11-13
FBHS,FBHS.W^E14,2013-11-25,GJR-GARCH,0.3150562626325865,3.9389066914291018,,2013-11-13
FBHS,FBHS.W^E14,2013-11-26,EGARCH,0.3177144977800918,4.005654845224444,,2013-11-13
FBHS,FBHS.W^E14,2013-11-26,ESG-EGARCH,0.3261634341021179,4.221531180368518,all,2013-11-13
FBHS,FBHS.W^E14,2013-11-26,ESG-EGARCH(E),0.3261634341021179,4.221531180368515,E,2013-11-13
FBHS,FBHS.W^E14,2013-11-26,ESG-EGARCH(G),0.3261634341021179,4.221531180368515,G,2013-11-13
FBHS,FBHS.W^E14,2013-11-26,ESG-EGARCH(S),0.3261634341021177,4.221531180368511,S,2013-11-13
FBHS,FBHS.W^E14,2013-11-26,ESG-GARCH,0.3276953722057207,4.261280038295468,all,2013-11-13
FBHS,FBHS.W^E14,2013-11-26,ESG-GARCH(E),0.3276953722057203,4.261280038295459,E,2013-11-13
FBHS,FBHS.W^E14,2013-11-26,ESG-GARCH(G),0.3276953722057207,4.261280038295468,G,2013-11-13
FBHS,FBHS.W^E14,2013-11-26,ESG-GARCH(S),0.3276953722057205,4.261280038295463,S,2013-11-13
FBHS,FBHS.W^E14,2013-11-26,ESG-GJR-GARCH,0.3200194604590074,4.063986312399771,all,2013-11-13
FBHS,FBHS.W^E14,2013-11-26,ESG-GJR-GARCH(E),0.3200194604590078,4.06398631239978,E,2013-11-13
FBHS,FBHS.W^E14,2013-11-26,ESG-GJR-GARCH(G),0.3200194604590076,4.063986312399776,G,2013-11-13
FBHS,FBHS.W^E14,2013-11-26,ESG-GJR-GARCH(S),0.3200194604590078,4.06398631239978,S,2013-11-13
FBHS,FBHS.W^E14,2013-11-26,GARCH,0.3243446897143729,4.174582450234638,,2013-11-13
FBHS,FBHS.W^E14,2013-11-26,GJR-GARCH,0.3150562626325865,3.9389066914291018,,2013-11-13
FBHS,FBHS.W^E14,2013-11-27,EGARCH,0.3177144977800918,4.005654845224444,,2013-11-13
FBHS,FBHS.W^E14,2013-11-27,ESG-EGARCH,0.3261634341021179,4.221531180368518,all,2013-11-13
FBHS,FBHS.W^E14,2013-11-27,ESG-EGARCH(E),0.3261634341021179,4.221531180368515,E,2013-11-13
FBHS,FBHS.W^E14,2013-11-27,ESG-EGARCH(G),0.3261634341021179,4.221531180368515,G,2013-11-13
FBHS,FBHS.W^E14,2013-11-27,ESG-EGARCH(S),0.3261634341021177,4.221531180368511,S,2013-11-13
FBHS,FBHS.W^E14,2013-11-27,ESG-GARCH,0.3276953722057207,4.261280038295468,all,2013-11-13
FBHS,FBHS.W^E14,2013-11-27,ESG-GARCH(E),0.3276953722057203,4.261280038295459,E,2013-11-13
FBHS,FBHS.W^E14,2013-11-27,ESG-GARCH(G),0.3276953722057207,4.261280038295468,G,2013-11-13
FBHS,FBHS.W^E14,2013-11-27,ESG-GARCH(S),0.3276953722057205,4.261280038295463,S,2013-11-13
FBHS,FBHS.W^E14,2013-11-27,ESG-GJR-GARCH,0.3200194604590074,4.063986312399771,all,2013-11-13
FBHS,FBHS.W^E14,2013-11-27,ESG-GJR-GARCH(E),0.3200194604590078,4.06398631239978,E,2013-11-13
FBHS,FBHS.W^E14,2013-11-27,ESG-GJR-GARCH(G),0.3200194604590076,4.063986312399776,G,2013-11-13
FBHS,FBHS.W^E14,2013-11-27,ESG-GJR-GARCH(S),0.3200194604590078,4.06398631239978,S,2013-11-13
FBHS,FBHS.W^E14,2013-11-27,GARCH,0.3243446897143729,4.174582450234638,,2013-11-13
FBHS,FBHS.W^E14,2013-11-27,GJR-GARCH,0.3150562626325865,3.9389066914291018,,2013-11-13
FBHS,FBHS.W^E14,2013-12-02,EGARCH,0.3177144977800918,4.005654845224444,,2013-11-13
FBHS,FBHS.W^E14,2013-12-02,ESG-EGARCH,0.3261634341021179,4.221531180368518,all,2013-11-13
FBHS,FBHS.W^E14,2013-12-02,ESG-EGARCH(E),0.3261634341021179,4.221531180368515,E,2013-11-13
FBHS,FBHS.W^E14,2013-12-02,ESG-EGARCH(G),0.3261634341021179,4.221531180368515,G,2013-11-13
FBHS,FBHS.W^E14,2013-12-02,ESG-EGARCH(S),0.3261634341021177,4.221531180368511,S,2013-11-13
FBHS,FBHS.W^E14,2013-12-02,ESG-GARCH,0.3276953722057207,4.261280038295468,all,2013-11-13
FBHS,FBHS.W^E14,2013-12-02,ESG-GARCH(E),0.3276953722057203,4.261280038295459,E,2013-11-13
FBHS,FBHS.W^E14,2013-12-02,ESG-GARCH(G),0.3276953722057207,4.261280038295468,G,2013-11-13
FBHS,FBHS.W^E14,2013-12-02,ESG-GARCH(S),0.3276953722057205,4.261280038295463,S,2013-11-13
FBHS,FBHS.W^E14,2013-12-02,ESG-GJR-GARCH,0.3200194604590074,4.063986312399771,all,2013-11-13
FBHS,FBHS.W^E14,2013-12-02,ESG-GJR-GARCH(E),0.3200194604590078,4.06398631239978,E,2013-11-13
FBHS,FBHS.W^E14,2013-12-02,ESG-GJR-GARCH(G),0.3200194604590076,4.063986312399776,G,2013-11-13
FBHS,FBHS.W^E14,2013-12-02,ESG-GJR-GARCH(S),0.3200194604590078,4.06398631239978,S,2013-11-13
FBHS,FBHS.W^E14,2013-12-02,GARCH,0.3243446897143729,4.174582450234638,,2013-11-13
FBHS,FBHS.W^E14,2013-12-02,GJR-GARCH,0.3150562626325865,3.9389066914291018,,2013-11-13
FBHS,FBHS.W^E14,2013-12-03,EGARCH,0.3177144977800918,4.005654845224444,,2013-11-13
FBHS,FBHS.W^E14,2013-12-03,ESG-EGARCH,0.3261634341021179,4.221531180368518,all,2013-11-13
FBHS,FBHS.W^E14,2013-12-03,ESG-EGARCH(E),0.3261634341021179,4.221531180368515,E,2013-11-13
FBHS,FBHS.W^E14,2013-12-03,ESG-EGARCH(G),0.3261634341021179,4.221531180368515,G,2013-11-13
FBHS,FBHS.W^E14,2013-12-03,ESG-EGARCH(S),0.3261634341021177,4.221531180368511,S,2013-11-13
FBHS,FBHS.W^E14,2013-12-03,ESG-GARCH,0.3276953722057207,4.261280038295468,all,2013-11-13
FBHS,FBHS.W^E14,2013-12-03,ESG-GARCH(E),0.3276953722057203,4.261280038295459,E,2013-11-13
FBHS,FBHS.W^E14,2013-12-03,ESG-GARCH(G),0.3276953722057207,4.261280038295468,G,2013-11-13
FBHS,FBHS.W^E14,2013-12-03,ESG-GARCH(S),0.3276953722057205,4.261280038295463,S,2013-11-13
FBHS,FBHS.W^E14,2013-12-03,ESG-GJR-GARCH,0.3200194604590074,4.063986312399771,all,2013-11-13
FBHS,FBHS.W^E14,2013-12-03,ESG-GJR-GARCH(E),0.3200194604590078,4.06398631239978,E,2013-11-13
FBHS,FBHS.W^E14,2013-12-03,ESG-GJR-GARCH(G),0.3200194604590076,4.063986312399776,G,2013-11-13
FBHS,FBHS.W^E14,2013-12-03,ESG-GJR-GARCH(S),0.3200194604590078,4.06398631239978,S,2013-11-13
FBHS,FBHS.W^E14,2013-12-03,GARCH,0.3243446897143729,4.174582450234638,,2013-11-13
FBHS,FBHS.W^E14,2013-12-03,GJR-GARCH,0.3150562626325865,3.9389066914291018,,2013-11-13
FBHS,FBHS.W^E14,2013-12-04,EGARCH,0.3177144977800918,4.005654845224444,,2013-11-13
FBHS,FBHS.W^E14,2013-12-04,ESG-EGARCH,0.3261634341021179,4.221531180368518,all,2013-11-13
FBHS,FBHS.W^E14,2013-12-04,ESG-EGARCH(E),0.3261634341021179,4.221531180368515,E,2013-11-13
FBHS,FBHS.W^E14,2013-12-04,ESG-EGARCH(G),0.3261634341021179,4.221531180368515,G,2013-11-13
FBHS,FBHS.W^E14,2013-12-04,ESG-EGARCH(S),0.3261634341021177,4.221531180368511,S,2013-11-13
FBHS,FBHS.W^E14,2013-12-04,ESG-GARCH,0.3276953722057207,4.261280038295468,all,2013-11-13
FBHS,FBHS.W^E14,2013-12-04,ESG-GARCH(E),0.3276953722057203,4.261280038295459,E,2013-11-13
FBHS,FBHS.W^E14,2013-12-04,ESG-GARCH(G),0.3276953722057207,4.261280038295468,G,2013-11-13
FBHS,FBHS.W^E14,2013-12-04,ESG-GARCH(S),0.3276953722057205,4.261280038295463,S,2013-11-13
FBHS,FBHS.W^E14,2013-12-04,ESG-GJR-GARCH,0.3200194604590074,4.063986312399771,all,2013-11-13
FBHS,FBHS.W^E14,2013-12-04,ESG-GJR-GARCH(E),0.3200194604590078,4.06398631239978,E,2013-11-13
FBHS,FBHS.W^E14,2013-12-04,ESG-GJR-GARCH(G),0.3200194604590076,4.063986312399776,G,2013-11-13
FBHS,FBHS.W^E14,2013-12-04,ESG-GJR-GARCH(S),0.3200194604590078,4.06398631239978,S,2013-11-13
FBHS,FBHS.W^E14,2013-12-04,GARCH,0.3243446897143729,4.174582450234638,,2013-11-13
FBHS,FBHS.W^E14,2013-12-04,GJR-GARCH,0.3150562626325865,3.9389066914291018,,2013-11-13
FBHS,FBHS.W^E14,2013-12-05,EGARCH,0.3177144977800918,4.005654845224444,,2013-11-13
FBHS,FBHS.W^E14,2013-12-05,ESG-EGARCH,0.3261634341021179,4.221531180368518,all,2013-11-13
FBHS,FBHS.W^E14,2013-12-05,ESG-EGARCH(E),0.3261634341021179,4.221531180368515,E,2013-11-13
FBHS,FBHS.W^E14,2013-12-05,ESG-EGARCH(G),0.3261634341021179,4.221531180368515,G,2013-11-13
FBHS,FBHS.W^E14,2013-12-05,ESG-EGARCH(S),0.3261634341021177,4.221531180368511,S,2013-11-13
FBHS,FBHS.W^E14,2013-12-05,ESG-GARCH,0.3276953722057207,4.261280038295468,all,2013-11-13
FBHS,FBHS.W^E14,2013-12-05,ESG-GARCH(E),0.3276953722057203,4.261280038295459,E,2013-11-13
FBHS,FBHS.W^E14,2013-12-05,ESG-GARCH(G),0.3276953722057207,4.261280038295468,G,2013-11-13
FBHS,FBHS.W^E14,2013-12-05,ESG-GARCH(S),0.3276953722057205,4.261280038295463,S,2013-11-13
FBHS,FBHS.W^E14,2013-12-05,ESG-GJR-GARCH,0.3200194604590074,4.063986312399771,all,2013-11-13
FBHS,FBHS.W^E14,2013-12-05,ESG-GJR-GARCH(E),0.3200194604590078,4.06398631239978,E,2013-11-13
FBHS,FBHS.W^E14,2013-12-05,ESG-GJR-GARCH(G),0.3200194604590076,4.063986312399776,G,2013-11-13
FBHS,FBHS.W^E14,2013-12-05,ESG-GJR-GARCH(S),0.3200194604590078,4.06398631239978,S,2013-11-13
FBHS,FBHS.W^E14,2013-12-05,GARCH,0.3243446897143729,4.174582450234638,,2013-11-13
FBHS,FBHS.W^E14,2013-12-05,GJR-GARCH,0.3150562626325865,3.9389066914291018,,2013-11-13
FBHS,FBHS.W^E14,2013-12-06,EGARCH,0.3177144977800918,4.005654845224444,,2013-11-13
FBHS,FBHS.W^E14,2013-12-06,ESG-EGARCH,0.3261634341021179,4.221531180368518,all,2013-11-13
FBHS,FBHS.W^E14,2013-12-06,ESG-EGARCH(E),0.3261634341021179,4.221531180368515,E,2013-11-13
FBHS,FBHS.W^E14,2013-12-06,ESG-EGARCH(G),0.3261634341021179,4.221531180368515,G,2013-11-13
FBHS,FBHS.W^E14,2013-12-06,ESG-EGARCH(S),0.3261634341021177,4.221531180368511,S,2013-11-13
FBHS,FBHS.W^E14,2013-12-06,ESG-GARCH,0.3276953722057207,4.261280038295468,all,2013-11-13
FBHS,FBHS.W^E14,2013-12-06,ESG-GARCH(E),0.3276953722057203,4.261280038295459,E,2013-11-13
FBHS,FBHS.W^E14,2013-12-06,ESG-GARCH(G),0.3276953722057207,4.261280038295468,G,2013-11-13
FBHS,FBHS.W^E14,2013-12-06,ESG-GARCH(S),0.3276953722057205,4.261280038295463,S,2013-11-13
FBHS,FBHS.W^E14,2013-12-06,ESG-GJR-GARCH,0.3200194604590074,4.063986312399771,all,2013-11-13
FBHS,FBHS.W^E14,2013-12-06,ESG-GJR-GARCH(E),0.3200194604590078,4.06398631239978,E,2013-11-13
FBHS,FBHS.W^E14,2013-12-06,ESG-GJR-GARCH(G),0.3200194604590076,4.063986312399776,G,2013-11-13
FBHS,FBHS.W^E14,2013-12-06,ESG-GJR-GARCH(S),0.3200194604590078,4.06398631239978,S,2013-11-13
FBHS,FBHS.W^E14,2013-12-06,GARCH,0.3243446897143729,4.174582450234638,,2013-11-13
FBHS,FBHS.W^E14,2013-12-06,GJR-GARCH,0.3150562626325865,3.9389066914291018,,2013-11-13
FBHS,FBHS.W^E14,2013-12-09,EGARCH,0.3177144977800918,4.005654845224444,,2013-11-13
FBHS,FBHS.W^E14,2013-12-09,ESG-EGARCH,0.3261634341021179,4.221531180368518,all,2013-11-13
FBHS,FBHS.W^E14,2013-12-09,ESG-EGARCH(E),0.3261634341021179,4.221531180368515,E,2013-11-13
FBHS,FBHS.W^E14,2013-12-09,ESG-EGARCH(G),0.3261634341021179,4.221531180368515,G,2013-11-13
FBHS,FBHS.W^E14,2013-12-09,ESG-EGARCH(S),0.3261634341021177,4.221531180368511,S,2013-11-13
FBHS,FBHS.W^E14,2013-12-09,ESG-GARCH,0.3276953722057207,4.261280038295468,all,2013-11-13
FBHS,FBHS.W^E14,2013-12-09,ESG-GARCH(E),0.3276953722057203,4.261280038295459,E,2013-11-13
FBHS,FBHS.W^E14,2013-12-09,ESG-GARCH(G),0.3276953722057207,4.261280038295468,G,2013-11-13
FBHS,FBHS.W^E14,2013-12-09,ESG-GARCH(S),0.3276953722057205,4.261280038295463,S,2013-11-13
FBHS,FBHS.W^E14,2013-12-09,ESG-GJR-GARCH,0.3200194604590074,4.063986312399771,all,2013-11-13
FBHS,FBHS.W^E14,2013-12-09,ESG-GJR-GARCH(E),0.3200194604590078,4.06398631239978,E,2013-11-13
FBHS,FBHS.W^E14,2013-12-09,ESG-GJR-GARCH(G),0.3200194604590076,4.063986312399776,G,2013-11-13
FBHS,FBHS.W^E14,2013-12-09,ESG-GJR-GARCH(S),0.3200194604590078,4.06398631239978,S,2013-11-13
FBHS,FBHS.W^E14,2013-12-09,GARCH,0.3243446897143729,4.174582450234638,,2013-11-13
FBHS,FBHS.W^E14,2013-12-09,GJR-GARCH,0.3150562626325865,3.9389066914291018,,2013-11-13
FBHS,FBHS.W^E14,2013-12-10,EGARCH,0.3177144977800918,4.005654845224444,,2013-11-13
FBHS,FBHS.W^E14,2013-12-10,ESG-EGARCH,0.3261634341021179,4.221531180368518,all,2013-11-13
FBHS,FBHS.W^E14,2013-12-10,ESG-EGARCH(E),0.3261634341021179,4.221531180368515,E,2013-11-13
FBHS,FBHS.W^E14,2013-12-10,ESG-EGARCH(G),0.3261634341021179,4.221531180368515,G,2013-11-13
FBHS,FBHS.W^E14,2013-12-10,ESG-EGARCH(S),0.3261634341021177,4.221531180368511,S,2013-11-13
FBHS,FBHS.W^E14,2013-12-10,ESG-GARCH,0.3276953722057207,4.261280038295468,all,2013-11-13
FBHS,FBHS.W^E14,2013-12-10,ESG-GARCH(E),0.3276953722057203,4.261280038295459,E,2013-11-13
FBHS,FBHS.W^E14,2013-12-10,ESG-GARCH(G),0.3276953722057207,4.261280038295468,G,2013-11-13
FBHS,FBHS.W^E14,2013-12-10,ESG-GARCH(S),0.3276953722057205,4.261280038295463,S,2013-11-13
FBHS,FBHS.W^E14,2013-12-10,ESG-GJR-GARCH,0.3200194604590074,4.063986312399771,all,2013-11-13
FBHS,FBHS.W^E14,2013-12-10,ESG-GJR-GARCH(E),0.3200194604590078,4.06398631239978,E,2013-11-13
FBHS,FBHS.W^E14,2013-12-10,ESG-GJR-GARCH(G),0.3200194604590076,4.063986312399776,G,2013-11-13
FBHS,FBHS.W^E14,2013-12-10,ESG-GJR-GARCH(S),0.3200194604590078,4.06398631239978,S,2013-11-13
FBHS,FBHS.W^E14,2013-12-10,GARCH,0.3243446897143729,4.174582450234638,,2013-11-13
FBHS,FBHS.W^E14,2013-12-10,GJR-GARCH,0.3150562626325865,3.9389066914291018,,2013-11-13
FBHS,FBHS.W^E14,2013-12-11,EGARCH,0.3177144977800918,4.005654845224444,,2013-11-13
FBHS,FBHS.W^E14,2013-12-11,ESG-EGARCH,0.3261634341021179,4.221531180368518,all,2013-11-13
FBHS,FBHS.W^E14,2013-12-11,ESG-EGARCH(E),0.3261634341021179,4.221531180368515,E,2013-11-13
FBHS,FBHS.W^E14,2013-12-11,ESG-EGARCH(G),0.3261634341021179,4.221531180368515,G,2013-11-13
FBHS,FBHS.W^E14,2013-12-11,ESG-EGARCH(S),0.3261634341021177,4.221531180368511,S,2013-11-13
FBHS,FBHS.W^E14,2013-12-11,ESG-GARCH,0.3276953722057207,4.261280038295468,all,2013-11-13
FBHS,FBHS.W^E14,2013-12-11,ESG-GARCH(E),0.3276953722057203,4.261280038295459,E,2013-11-13
FBHS,FBHS.W^E14,2013-12-11,ESG-GARCH(G),0.3276953722057207,4.261280038295468,G,2013-11-13
FBHS,FBHS.W^E14,2013-12-11,ESG-GARCH(S),0.3276953722057205,4.261280038295463,S,2013-11-13
FBHS,FBHS.W^E14,2013-12-11,ESG-GJR-GARCH,0.3200194604590074,4.063986312399771,all,2013-11-13
FBHS,FBHS.W^E14,2013-12-11,ESG-GJR-GARCH(E),0.3200194604590078,4.06398631239978,E,2013-11-13
FBHS,FBHS.W^E14,2013-12-11,ESG-GJR-GARCH(G),0.3200194604590076,4.063986312399776,G,2013-11-13
FBHS,FBHS.W^E14,2013-12-11,ESG-GJR-GARCH(S),0.3200194604590078,4.06398631239978,S,2013-11-13
FBHS,FBHS.W^E14,2013-12-11,GARCH,0.3243446897143729,4.174582450234638,,2013-11-13
FBHS,FBHS.W^E14,2013-12-11,GJR-GARCH,0.3150562626325865,3.9389066914291018,,2013-11-13
FBHS,FBHS.W^E14,2013-12-12,EGARCH,0.3177144977800918,4.005654845224444,,2013-11-13
FBHS,FBHS.W^E14,2013-12-12,ESG-EGARCH,0.3261634341021179,4.221531180368518,all,2013-11-13
FBHS,FBHS.W^E14,2013-12-12,ESG-EGARCH(E),0.3261634341021179,4.221531180368515,E,2013-11-13
FBHS,FBHS.W^E14,2013-12-12,ESG-EGARCH(G),0.3261634341021179,4.221531180368515,G,2013-11-13
FBHS,FBHS.W^E14,2013-12-12,ESG-EGARCH(S),0.3261634341021177,4.221531180368511,S,2013-11-13
FBHS,FBHS.W^E14,2013-12-12,ESG-GARCH,0.3276953722057207,4.261280038295468,all,2013-11-13
FBHS,FBHS.W^E14,2013-12-12,ESG-GARCH(E),0.3276953722057203,4.261280038295459,E,2013-11-13
FBHS,FBHS.W^E14,2013-12-12,ESG-GARCH(G),0.3276953722057207,4.261280038295468,G,2013-11-13
FBHS,FBHS.W^E14,2013-12-12,ESG-GARCH(S),0.3276953722057205,4.261280038295463,S,2013-11-13
FBHS,FBHS.W^E14,2013-12-12,ESG-GJR-GARCH,0.3200194604590074,4.063986312399771,all,2013-11-13
FBHS,FBHS.W^E14,2013-12-12,ESG-GJR-GARCH(E),0.3200194604590078,4.06398631239978,E,2013-11-13
FBHS,FBHS.W^E14,2013-12-12,ESG-GJR-GARCH(G),0.3200194604590076,4.063986312399776,G,2013-11-13
FBHS,FBHS.W^E14,2013-12-12,ESG-GJR-GARCH(S),0.3200194604590078,4.06398631239978,S,2013-11-13
FBHS,FBHS.W^E14,2013-12-12,GARCH,0.3243446897143729,4.174582450234638,,2013-11-13
FBHS,FBHS.W^E14,2013-12-12,GJR-GARCH,0.3150562626325865,3.9389066914291018,,2013-11-13
FBHS,FBHS.W^E14,2013-12-13,EGARCH,0.3177144977800918,4.005654845224444,,2013-11-13
FBHS,FBHS.W^E14,2013-12-13,ESG-EGARCH,0.3261634341021179,4.221531180368518,all,2013-11-13
FBHS,FBHS.W^E14,2013-12-13,ESG-EGARCH(E),0.3261634341021179,4.221531180368515,E,2013-11-13
FBHS,FBHS.W^E14,2013-12-13,ESG-EGARCH(G),0.3261634341021179,4.221531180368515,G,2013-11-13
FBHS,FBHS.W^E14,2013-12-13,ESG-EGARCH(S),0.3261634341021177,4.221531180368511,S,2013-11-13
FBHS,FBHS.W^E14,2013-12-13,ESG-GARCH,0.3276953722057207,4.261280038295468,all,2013-11-13
FBHS,FBHS.W^E14,2013-12-13,ESG-GARCH(E),0.3276953722057203,4.261280038295459,E,2013-11-13
FBHS,FBHS.W^E14,2013-12-13,ESG-GARCH(G),0.3276953722057207,4.261280038295468,G,2013-11-13
FBHS,FBHS.W^E14,2013-12-13,ESG-GARCH(S),0.3276953722057205,4.261280038295463,S,2013-11-13
FBHS,FBHS.W^E14,2013-12-13,ESG-GJR-GARCH,0.3200194604590074,4.063986312399771,all,2013-11-13
FBHS,FBHS.W^E14,2013-12-13,ESG-GJR-GARCH(E),0.3200194604590078,4.06398631239978,E,2013-11-13
FBHS,FBHS.W^E14,2013-12-13,ESG-GJR-GARCH(G),0.3200194604590076,4.063986312399776,G,2013-11-13
FBHS,FBHS.W^E14,2013-12-13,ESG-GJR-GARCH(S),0.3200194604590078,4.06398631239978,S,2013-11-13
FBHS,FBHS.W^E14,2013-12-13,GARCH,0.3243446897143729,4.174582450234638,,2013-11-13
FBHS,FBHS.W^E14,2013-12-13,GJR-GARCH,0.3150562626325865,3.9389066914291018,,2013-11-13
FBHS,FBHS.W^E14,2013-12-16,EGARCH,0.3177144977800918,4.005654845224444,,2013-11-13
FBHS,FBHS.W^E14,2013-12-16,ESG-EGARCH,0.3261634341021179,4.221531180368518,all,2013-11-13
FBHS,FBHS.W^E14,2013-12-16,ESG-EGARCH(E),0.3261634341021179,4.221531180368515,E,2013-11-13
FBHS,FBHS.W^E14,2013-12-16,ESG-EGARCH(G),0.3261634341021179,4.221531180368515,G,2013-11-13
FBHS,FBHS.W^E14,2013-12-16,ESG-EGARCH(S),0.3261634341021177,4.221531180368511,S,2013-11-13
FBHS,FBHS.W^E14,2013-12-16,ESG-GARCH,0.3276953722057207,4.261280038295468,all,2013-11-13
FBHS,FBHS.W^E14,2013-12-16,ESG-GARCH(E),0.3276953722057203,4.261280038295459,E,2013-11-13
FBHS,FBHS.W^E14,2013-12-16,ESG-GARCH(G),0.3276953722057207,4.261280038295468,G,2013-11-13
FBHS,FBHS.W^E14,2013-12-16,ESG-GARCH(S),0.3276953722057205,4.261280038295463,S,2013-11-13
FBHS,FBHS.W^E14,2013-12-16,ESG-GJR-GARCH,0.3200194604590074,4.063986312399771,all,2013-11-13
FBHS,FBHS.W^E14,2013-12-16,ESG-GJR-GARCH(E),0.3200194604590078,4.06398631239978,E,2013-11-13
FBHS,FBHS.W^E14,2013-12-16,ESG-GJR-GARCH(G),0.3200194604590076,4.063986312399776,G,2013-11-13
FBHS,FBHS.W^E14,2013-12-16,ESG-GJR-GARCH(S),0.3200194604590078,4.06398631239978,S,2013-11-13
FBHS,FBHS.W^E14,2013-12-16,GARCH,0.3243446897143729,4.174582450234638,,2013-11-13
FBHS,FBHS.W^E14,2013-12-16,GJR-GARCH,0.3150562626325865,3.9389066914291018,,2013-11-13
FBHS,FBHS.W^E14,2013-12-17,EGARCH,0.2906059539439188,3.35126271697044,,2013-12-17
FBHS,FBHS.W^E14,2013-12-17,ESG-EGARCH,0.2981440136430703,3.5273751139364813,all,2013-12-17
FBHS,FBHS.W^E14,2013-12-17,ESG-EGARCH(E),0.2981440136430702,3.5273751139364773,E,2013-12-17
FBHS,FBHS.W^E14,2013-12-17,ESG-EGARCH(G),0.2981440136430701,3.527375113936476,G,2013-12-17
FBHS,FBHS.W^E14,2013-12-17,ESG-EGARCH(S),0.2981440136430701,3.5273751139364737,S,2013-12-17
FBHS,FBHS.W^E14,2013-12-17,ESG-GARCH,0.3108552892716862,3.834563923340625,all,2013-12-17
FBHS,FBHS.W^E14,2013-12-17,ESG-GARCH(E),0.3108552892716862,3.834563923340624,E,2013-12-17
FBHS,FBHS.W^E14,2013-12-17,ESG-GARCH(G),0.3108552892716865,3.834563923340631,G,2013-12-17
FBHS,FBHS.W^E14,2013-12-17,ESG-GARCH(S),0.3108552892716865,3.834563923340631,S,2013-12-17
FBHS,FBHS.W^E14,2013-12-17,ESG-GJR-GARCH,0.2940739569614155,3.431725879481922,all,2013-12-17
FBHS,FBHS.W^E14,2013-12-17,ESG-GJR-GARCH(E),0.2940739569614157,3.4317258794819288,E,2013-12-17
FBHS,FBHS.W^E14,2013-12-17,ESG-GJR-GARCH(G),0.2940739569614158,3.4317258794819296,G,2013-12-17
FBHS,FBHS.W^E14,2013-12-17,ESG-GJR-GARCH(S),0.2940739569614157,3.4317258794819274,S,2013-12-17
FBHS,FBHS.W^E14,2013-12-17,GARCH,0.3070831668248369,3.742066323300421,,2013-12-17
FBHS,FBHS.W^E14,2013-12-17,GJR-GARCH,0.2893626387887867,3.322648282809915,,2013-12-17
FBHS,FBHS.W^E14,2013-12-18,EGARCH,0.2906059539439188,3.35126271697044,,2013-12-17
FBHS,FBHS.W^E14,2013-12-18,ESG-EGARCH,0.2981440136430703,3.5273751139364813,all,2013-12-17
FBHS,FBHS.W^E14,2013-12-18,ESG-EGARCH(E),0.2981440136430702,3.5273751139364773,E,2013-12-17
FBHS,FBHS.W^E14,2013-12-18,ESG-EGARCH(G),0.2981440136430701,3.527375113936476,G,2013-12-17
FBHS,FBHS.W^E14,2013-12-18,ESG-EGARCH(S),0.2981440136430701,3.5273751139364737,S,2013-12-17
FBHS,FBHS.W^E14,2013-12-18,ESG-GARCH,0.3108552892716862,3.834563923340625,all,2013-12-17
FBHS,FBHS.W^E14,2013-12-18,ESG-GARCH(E),0.3108552892716862,3.834563923340624,E,2013-12-17
FBHS,FBHS.W^E14,2013-12-18,ESG-GARCH(G),0.3108552892716865,3.834563923340631,G,2013-12-17
FBHS,FBHS.W^E14,2013-12-18,ESG-GARCH(S),0.3108552892716865,3.834563923340631,S,2013-12-17
FBHS,FBHS.W^E14,2013-12-18,ESG-GJR-GARCH,0.2940739569614155,3.431725879481922,all,2013-12-17
FBHS,FBHS.W^E14,2013-12-18,ESG-GJR-GARCH(E),0.2940739569614157,3.4317258794819288,E,2013-12-17
FBHS,FBHS.W^E14,2013-12-18,ESG-GJR-GARCH(G),0.2940739569614158,3.4317258794819296,G,2013-12-17
FBHS,FBHS.W^E14,2013-12-18,ESG-GJR-GARCH(S),0.2940739569614157,3.4317258794819274,S,2013-12-17
FBHS,FBHS.W^E14,2013-12-18,GARCH,0.3070831668248369,3.742066323300421,,2013-12-17
FBHS,FBHS.W^E14,2013-12-18,GJR-GARCH,0.2893626387887867,3.322648282809915,,2013-12-17
FBHS,FBHS.W^E14,2013-12-23,EGARCH,0.2906059539439188,3.35126271697044,,2013-12-17
FBHS,FBHS.W^E14,2013-12-23,ESG-EGARCH,0.2981440136430703,3.5273751139364813,all,2013-12-17
FBHS,FBHS.W^E14,2013-12-23,ESG-EGARCH(E),0.2981440136430702,3.5273751139364773,E,2013-12-17
FBHS,FBHS.W^E14,2013-12-23,ESG-EGARCH(G),0.2981440136430701,3.527375113936476,G,2013-12-17
FBHS,FBHS.W^E14,2013-12-23,ESG-EGARCH(S),0.2981440136430701,3.5273751139364737,S,2013-12-17
FBHS,FBHS.W^E14,2013-12-23,ESG-GARCH,0.3108552892716862,3.834563923340625,all,2013-12-17
FBHS,FBHS.W^E14,2013-12-23,ESG-GARCH(E),0.3108552892716862,3.834563923340624,E,2013-12-17
FBHS,FBHS.W^E14,2013-12-23,ESG-GARCH(G),0.3108552892716865,3.834563923340631,G,2013-12-17
FBHS,FBHS.W^E14,2013-12-23,ESG-GARCH(S),0.3108552892716865,3.834563923340631,S,2013-12-17
FBHS,FBHS.W^E14,2013-12-23,ESG-GJR-GARCH,0.2940739569614155,3.431725879481922,all,2013-12-17
FBHS,FBHS.W^E14,2013-12-23,ESG-GJR-GARCH(E),0.2940739569614157,3.4317258794819288,E,2013-12-17
FBHS,FBHS.W^E14,2013-12-23,ESG-GJR-GARCH(G),0.2940739569614158,3.4317258794819296,G,2013-12-17
FBHS,FBHS.W^E14,2013-12-23,ESG-GJR-GARCH(S),0.2940739569614157,3.4317258794819274,S,2013-12-17
FBHS,FBHS.W^E14,2013-12-23,GARCH,0.3070831668248369,3.742066323300421,,2013-12-17
FBHS,FBHS.W^E14,2013-12-23,GJR-GARCH,0.2893626387887867,3.322648282809915,,2013-12-17
FBHS,FBHS.W^E14,2013-12-24,EGARCH,0.2906059539439188,3.35126271697044,,2013-12-17
FBHS,FBHS.W^E14,2013-12-24,ESG-EGARCH,0.2981440136430703,3.5273751139364813,all,2013-12-17
FBHS,FBHS.W^E14,2013-12-24,ESG-EGARCH(E),0.2981440136430702,3.5273751139364773,E,2013-12-17
FBHS,FBHS.W^E14,2013-12-24,ESG-EGARCH(G),0.2981440136430701,3.527375113936476,G,2013-12-17
FBHS,FBHS.W^E14,2013-12-24,ESG-EGARCH(S),0.2981440136430701,3.5273751139364737,S,2013-12-17
FBHS,FBHS.W^E14,2013-12-24,ESG-GARCH,0.3108552892716862,3.834563923340625,all,2013-12-17
FBHS,FBHS.W^E14,2013-12-24,ESG-GARCH(E),0.3108552892716862,3.834563923340624,E,2013-12-17
FBHS,FBHS.W^E14,2013-12-24,ESG-GARCH(G),0.3108552892716865,3.834563923340631,G,2013-12-17
FBHS,FBHS.W^E14,2013-12-24,ESG-GARCH(S),0.3108552892716865,3.834563923340631,S,2013-12-17
FBHS,FBHS.W^E14,2013-12-24,ESG-GJR-GARCH,0.2940739569614155,3.431725879481922,all,2013-12-17
FBHS,FBHS.W^E14,2013-12-24,ESG-GJR-GARCH(E),0.2940739569614157,3.4317258794819288,E,2013-12-17
FBHS,FBHS.W^E14,2013-12-24,ESG-GJR-GARCH(G),0.2940739569614158,3.4317258794819296,G,2013-12-17
FBHS,FBHS.W^E14,2013-12-24,ESG-GJR-GARCH(S),0.2940739569614157,3.4317258794819274,S,2013-12-17
FBHS,FBHS.W^E14,2013-12-24,GARCH,0.3070831668248369,3.742066323300421,,2013-12-17
FBHS,FBHS.W^E14,2013-12-24,GJR-GARCH,0.2893626387887867,3.322648282809915,,2013-12-17
FBHS,FBHS.W^E14,2013-12-26,EGARCH,0.2906059539439188,3.35126271697044,,2013-12-17
FBHS,FBHS.W^E14,2013-12-26,ESG-EGARCH,0.2981440136430703,3.5273751139364813,all,2013-12-17
FBHS,FBHS.W^E14,2013-12-26,ESG-EGARCH(E),0.2981440136430702,3.5273751139364773,E,2013-12-17
FBHS,FBHS.W^E14,2013-12-26,ESG-EGARCH(G),0.2981440136430701,3.527375113936476,G,2013-12-17
FBHS,FBHS.W^E14,2013-12-26,ESG-EGARCH(S),0.2981440136430701,3.5273751139364737,S,2013-12-17
FBHS,FBHS.W^E14,2013-12-26,ESG-GARCH,0.3108552892716862,3.834563923340625,all,2013-12-17
FBHS,FBHS.W^E14,2013-12-26,ESG-GARCH(E),0.3108552892716862,3.834563923340624,E,2013-12-17
FBHS,FBHS.W^E14,2013-12-26,ESG-GARCH(G),0.3108552892716865,3.834563923340631,G,2013-12-17
FBHS,FBHS.W^E14,2013-12-26,ESG-GARCH(S),0.3108552892716865,3.834563923340631,S,2013-12-17
FBHS,FBHS.W^E14,2013-12-26,ESG-GJR-GARCH,0.2940739569614155,3.431725879481922,all,2013-12-17
FBHS,FBHS.W^E14,2013-12-26,ESG-GJR-GARCH(E),0.2940739569614157,3.4317258794819288,E,2013-12-17
FBHS,FBHS.W^E14,2013-12-26,ESG-GJR-GARCH(G),0.2940739569614158,3.4317258794819296,G,2013-12-17
FBHS,FBHS.W^E14,2013-12-26,ESG-GJR-GARCH(S),0.2940739569614157,3.4317258794819274,S,2013-12-17
FBHS,FBHS.W^E14,2013-12-26,GARCH,0.3070831668248369,3.742066323300421,,2013-12-17
FBHS,FBHS.W^E14,2013-12-26,GJR-GARCH,0.2893626387887867,3.322648282809915,,2013-12-17
FBHS,FBHS.W^E14,2013-12-27,EGARCH,0.2906059539439188,3.35126271697044,,2013-12-17
FBHS,FBHS.W^E14,2013-12-27,ESG-EGARCH,0.2981440136430703,3.5273751139364813,all,2013-12-17
FBHS,FBHS.W^E14,2013-12-27,ESG-EGARCH(E),0.2981440136430702,3.5273751139364773,E,2013-12-17
FBHS,FBHS.W^E14,2013-12-27,ESG-EGARCH(G),0.2981440136430701,3.527375113936476,G,2013-12-17
FBHS,FBHS.W^E14,2013-12-27,ESG-EGARCH(S),0.2981440136430701,3.5273751139364737,S,2013-12-17
FBHS,FBHS.W^E14,2013-12-27,ESG-GARCH,0.3108552892716862,3.834563923340625,all,2013-12-17
FBHS,FBHS.W^E14,2013-12-27,ESG-GARCH(E),0.3108552892716862,3.834563923340624,E,2013-12-17
FBHS,FBHS.W^E14,2013-12-27,ESG-GARCH(G),0.3108552892716865,3.834563923340631,G,2013-12-17
FBHS,FBHS.W^E14,2013-12-27,ESG-GARCH(S),0.3108552892716865,3.834563923340631,S,2013-12-17
FBHS,FBHS.W^E14,2013-12-27,ESG-GJR-GARCH,0.2940739569614155,3.431725879481922,all,2013-12-17
FBHS,FBHS.W^E14,2013-12-27,ESG-GJR-GARCH(E),0.2940739569614157,3.4317258794819288,E,2013-12-17
FBHS,FBHS.W^E14,2013-12-27,ESG-GJR-GARCH(G),0.2940739569614158,3.4317258794819296,G,2013-12-17
FBHS,FBHS.W^E14,2013-12-27,ESG-GJR-GARCH(S),0.2940739569614157,3.4317258794819274,S,2013-12-17
FBHS,FBHS.W^E14,2013-12-27,GARCH,0.3070831668248369,3.742066323300421,,2013-12-17
FBHS,FBHS.W^E14,2013-12-27,GJR-GARCH,0.2893626387887867,3.322648282809915,,2013-12-17
FBHS,FBHS.W^E14,2013-12-30,EGARCH,0.2906059539439188,3.35126271697044,,2013-12-17
FBHS,FBHS.W^E14,2013-12-30,ESG-EGARCH,0.2981440136430703,3.5273751139364813,all,2013-12-17
FBHS,FBHS.W^E14,2013-12-30,ESG-EGARCH(E),0.2981440136430702,3.5273751139364773,E,2013-12-17
FBHS,FBHS.W^E14,2013-12-30,ESG-EGARCH(G),0.2981440136430701,3.527375113936476,G,2013-12-17
FBHS,FBHS.W^E14,2013-12-30,ESG-EGARCH(S),0.2981440136430701,3.5273751139364737,S,2013-12-17
FBHS,FBHS.W^E14,2013-12-30,ESG-GARCH,0.3108552892716862,3.834563923340625,all,2013-12-17
FBHS,FBHS.W^E14,2013-12-30,ESG-GARCH(E),0.3108552892716862,3.834563923340624,E,2013-12-17
FBHS,FBHS.W^E14,2013-12-30,ESG-GARCH(G),0.3108552892716865,3.834563923340631,G,2013-12-17
FBHS,FBHS.W^E14,2013-12-30,ESG-GARCH(S),0.3108552892716865,3.834563923340631,S,2013-12-17
FBHS,FBHS.W^E14,2013-12-30,ESG-GJR-GARCH,0.2940739569614155,3.431725879481922,all,2013-12-17
FBHS,FBHS.W^E14,2013-12-30,ESG-GJR-GARCH(E),0.2940739569614157,3.4317258794819288,E,2013-12-17
FBHS,FBHS.W^E14,2013-12-30,ESG-GJR-GARCH(G),0.2940739569614158,3.4317258794819296,G,2013-12-17
FBHS,FBHS.W^E14,2013-12-30,ESG-GJR-GARCH(S),0.2940739569614157,3.4317258794819274,S,2013-12-17
FBHS,FBHS.W^E14,2013-12-30,GARCH,0.3070831668248369,3.742066323300421,,2013-12-17
FBHS,FBHS.W^E14,2013-12-30,GJR-GARCH,0.2893626387887867,3.322648282809915,,2013-12-17
FBHS,FBHS.W^E14,2013-12-31,EGARCH,0.2906059539439188,3.35126271697044,,2013-12-17
FBHS,FBHS.W^E14,2013-12-31,ESG-EGARCH,0.2981440136430703,3.5273751139364813,all,2013-12-17
FBHS,FBHS.W^E14,2013-12-31,ESG-EGARCH(E),0.2981440136430702,3.5273751139364773,E,2013-12-17
FBHS,FBHS.W^E14,2013-12-31,ESG-EGARCH(G),0.2981440136430701,3.527375113936476,G,2013-12-17
FBHS,FBHS.W^E14,2013-12-31,ESG-EGARCH(S),0.2981440136430701,3.5273751139364737,S,2013-12-17
FBHS,FBHS.W^E14,2013-12-31,ESG-GARCH,0.3108552892716862,3.834563923340625,all,2013-12-17
FBHS,FBHS.W^E14,2013-12-31,ESG-GARCH(E),0.3108552892716862,3.834563923340624,E,2013-12-17
FBHS,FBHS.W^E14,2013-12-31,ESG-GARCH(G),0.3108552892716865,3.834563923340631,G,2013-12-17
FBHS,FBHS.W^E14,2013-12-31,ESG-GARCH(S),0.3108552892716865,3.834563923340631,S,2013-12-17
FBHS,FBHS.W^E14,2013-12-31,ESG-GJR-GARCH,0.2940739569614155,3.431725879481922,all,2013-12-17
FBHS,FBHS.W^E14,2013-12-31,ESG-GJR-GARCH(E),0.2940739569614157,3.4317258794819288,E,2013-12-17
FBHS,FBHS.W^E14,2013-12-31,ESG-GJR-GARCH(G),0.2940739569614158,3.4317258794819296,G,2013-12-17
FBHS,FBHS.W^E14,2013-12-31,ESG-GJR-GARCH(S),0.2940739569614157,3.4317258794819274,S,2013-12-17
FBHS,FBHS.W^E14,2013-12-31,GARCH,0.3070831668248369,3.742066323300421,,2013-12-17
FBHS,FBHS.W^E14,2013-12-31,GJR-GARCH,0.2893626387887867,3.322648282809915,,2013-12-17
FBHS,FBHS.W^E14,2014-01-02,EGARCH,0.2906059539439188,3.35126271697044,,2013-12-17
FBHS,FBHS.W^E14,2014-01-02,ESG-EGARCH,0.2945251579001864,3.442264628417848,all,2013-12-17
FBHS,FBHS.W^E14,2014-01-02,ESG-EGARCH(E),0.2960552669240066,3.478123852120824,E,2013-12-17
FBHS,FBHS.W^E14,2014-01-02,ESG-EGARCH(G),0.2893122982433619,3.321492298208572,G,2013-12-17
FBHS,FBHS.W^E14,2014-01-02,ESG-EGARCH(S),0.2982823153098928,3.530648397882156,S,2013-12-17
FBHS,FBHS.W^E14,2014-01-02,ESG-GARCH,0.3071318071797736,3.74325186434578,all,2013-12-17
FBHS,FBHS.W^E14,2014-01-02,ESG-GARCH(E),0.3087062273617433,3.7817275719016017,E,2013-12-17
FBHS,FBHS.W^E14,2014-01-02,ESG-GARCH(G),0.3017671692842222,3.613627954675096,G,2013-12-17
FBHS,FBHS.W^E14,2014-01-02,ESG-GARCH(S),0.3109975775206285,3.8380751279245775,S,2013-12-17
FBHS,FBHS.W^E14,2014-01-02,ESG-GJR-GARCH,0.2911811734364226,3.36454268904016,all,2013-12-17
FBHS,FBHS.W^E14,2014-01-02,ESG-GJR-GARCH(E),0.2924051092703787,3.3928868225167523,E,2013-12-17
FBHS,FBHS.W^E14,2014-01-02,ESG-GJR-GARCH(G),0.2870022577297954,3.268662537380949,G,2013-12-17
FBHS,FBHS.W^E14,2014-01-02,ESG-GJR-GARCH(S),0.2941843771819553,3.4343034832513863,S,2013-12-17
FBHS,FBHS.W^E14,2014-01-02,GARCH,0.3070831668248369,3.742066323300421,,2013-12-17
FBHS,FBHS.W^E14,2014-01-02,GJR-GARCH,0.2893626387887867,3.322648282809915,,2013-12-17
FBHS,FBHS.W^E14,2014-01-03,EGARCH,0.2906059539439188,3.35126271697044,,2013-12-17
FBHS,FBHS.W^E14,2014-01-03,ESG-EGARCH,0.2945251579001864,3.442264628417848,all,2013-12-17
FBHS,FBHS.W^E14,2014-01-03,ESG-EGARCH(E),0.2960552669240066,3.478123852120824,E,2013-12-17
FBHS,FBHS.W^E14,2014-01-03,ESG-EGARCH(G),0.2893122982433619,3.321492298208572,G,2013-12-17
FBHS,FBHS.W^E14,2014-01-03,ESG-EGARCH(S),0.2982823153098928,3.530648397882156,S,2013-12-17
FBHS,FBHS.W^E14,2014-01-03,ESG-GARCH,0.3071318071797736,3.74325186434578,all,2013-12-17
FBHS,FBHS.W^E14,2014-01-03,ESG-GARCH(E),0.3087062273617433,3.7817275719016017,E,2013-12-17
FBHS,FBHS.W^E14,2014-01-03,ESG-GARCH(G),0.3017671692842222,3.613627954675096,G,2013-12-17
FBHS,FBHS.W^E14,2014-01-03,ESG-GARCH(S),0.3109975775206285,3.8380751279245775,S,2013-12-17
FBHS,FBHS.W^E14,2014-01-03,ESG-GJR-GARCH,0.2911811734364226,3.36454268904016,all,2013-12-17
FBHS,FBHS.W^E14,2014-01-03,ESG-GJR-GARCH(E),0.2924051092703787,3.3928868225167523,E,2013-12-17
FBHS,FBHS.W^E14,2014-01-03,ESG-GJR-GARCH(G),0.2870022577297954,3.268662537380949,G,2013-12-17
FBHS,FBHS.W^E14,2014-01-03,ESG-GJR-GARCH(S),0.2941843771819553,3.4343034832513863,S,2013-12-17
FBHS,FBHS.W^E14,2014-01-03,GARCH,0.3070831668248369,3.742066323300421,,2013-12-17
FBHS,FBHS.W^E14,2014-01-03,GJR-GARCH,0.2893626387887867,3.322648282809915,,2013-12-17
FBHS,FBHS.W^E14,2014-01-06,EGARCH,0.2906059539439188,3.35126271697044,,2013-12-17
FBHS,FBHS.W^E14,2014-01-06,ESG-EGARCH,0.2945251579001864,3.442264628417848,all,2013-12-17
FBHS,FBHS.W^E14,2014-01-06,ESG-EGARCH(E),0.2960552669240066,3.478123852120824,E,2013-12-17
FBHS,FBHS.W^E14,2014-01-06,ESG-EGARCH(G),0.2893122982433619,3.321492298208572,G,2013-12-17
FBHS,FBHS.W^E14,2014-01-06,ESG-EGARCH(S),0.2982823153098928,3.530648397882156,S,2013-12-17
FBHS,FBHS.W^E14,2014-01-06,ESG-GARCH,0.3071318071797736,3.74325186434578,all,2013-12-17
FBHS,FBHS.W^E14,2014-01-06,ESG-GARCH(E),0.3087062273617433,3.7817275719016017,E,2013-12-17
FBHS,FBHS.W^E14,2014-01-06,ESG-GARCH(G),0.3017671692842222,3.613627954675096,G,2013-12-17
FBHS,FBHS.W^E14,2014-01-06,ESG-GARCH(S),0.3109975775206285,3.8380751279245775,S,2013-12-17
FBHS,FBHS.W^E14,2014-01-06,ESG-GJR-GARCH,0.2911811734364226,3.36454268904016,all,2013-12-17
FBHS,FBHS.W^E14,2014-01-06,ESG-GJR-GARCH(E),0.2924051092703787,3.3928868225167523,E,2013-12-17
FBHS,FBHS.W^E14,2014-01-06,ESG-GJR-GARCH(G),0.2870022577297954,3.268662537380949,G,2013-12-17
FBHS,FBHS.W^E14,2014-01-06,ESG-GJR-GARCH(S),0.2941843771819553,3.4343034832513863,S,2013-12-17
FBHS,FBHS.W^E14,2014-01-06,GARCH,0.3070831668248369,3.742066323300421,,2013-12-17
FBHS,FBHS.W^E14,2014-01-06,GJR-GARCH,0.2893626387887867,3.322648282809915,,2013-12-17
FBHS,FBHS.W^E14,2014-01-07,EGARCH,0.2906059539439188,3.35126271697044,,2013-12-17
FBHS,FBHS.W^E14,2014-01-07,ESG-EGARCH,0.2945251579001864,3.442264628417848,all,2013-12-17
FBHS,FBHS.W^E14,2014-01-07,ESG-EGARCH(E),0.2960552669240066,3.478123852120824,E,2013-12-17
FBHS,FBHS.W^E14,2014-01-07,ESG-EGARCH(G),0.2893122982433619,3.321492298208572,G,2013-12-17
FBHS,FBHS.W^E14,2014-01-07,ESG-EGARCH(S),0.2982823153098928,3.530648397882156,S,2013-12-17
FBHS,FBHS.W^E14,2014-01-07,ESG-GARCH,0.3071318071797736,3.74325186434578,all,2013-12-17
FBHS,FBHS.W^E14,2014-01-07,ESG-GARCH(E),0.3087062273617433,3.7817275719016017,E,2013-12-17
FBHS,FBHS.W^E14,2014-01-07,ESG-GARCH(G),0.3017671692842222,3.613627954675096,G,2013-12-17
FBHS,FBHS.W^E14,2014-01-07,ESG-GARCH(S),0.3109975775206285,3.8380751279245775,S,2013-12-17
FBHS,FBHS.W^E14,2014-01-07,ESG-GJR-GARCH,0.2911811734364226,3.36454268904016,all,2013-12-17
FBHS,FBHS.W^E14,2014-01-07,ESG-GJR-GARCH(E),0.2924051092703787,3.3928868225167523,E,2013-12-17
FBHS,FBHS.W^E14,2014-01-07,ESG-GJR-GARCH(G),0.2870022577297954,3.268662537380949,G,2013-12-17
FBHS,FBHS.W^E14,2014-01-07,ESG-GJR-GARCH(S),0.2941843771819553,3.4343034832513863,S,2013-12-17
FBHS,FBHS.W^E14,2014-01-07,GARCH,0.3070831668248369,3.742066323300421,,2013-12-17
FBHS,FBHS.W^E14,2014-01-07,GJR-GARCH,0.2893626387887867,3.322648282809915,,2013-12-17
FBHS,FBHS.W^E14,2014-01-08,EGARCH,0.2906059539439188,3.35126271697044,,2013-12-17
FBHS,FBHS.W^E14,2014-01-08,ESG-EGARCH,0.2945251579001864,3.442264628417848,all,2013-12-17
FBHS,FBHS.W^E14,2014-01-08,ESG-EGARCH(E),0.2960552669240066,3.478123852120824,E,2013-12-17
FBHS,FBHS.W^E14,2014-01-08,ESG-EGARCH(G),0.2893122982433619,3.321492298208572,G,2013-12-17
FBHS,FBHS.W^E14,2014-01-08,ESG-EGARCH(S),0.2982823153098928,3.530648397882156,S,2013-12-17
FBHS,FBHS.W^E14,2014-01-08,ESG-GARCH,0.3071318071797736,3.74325186434578,all,2013-12-17
FBHS,FBHS.W^E14,2014-01-08,ESG-GARCH(E),0.3087062273617433,3.7817275719016017,E,2013-12-17
FBHS,FBHS.W^E14,2014-01-08,ESG-GARCH(G),0.3017671692842222,3.613627954675096,G,2013-12-17
FBHS,FBHS.W^E14,2014-01-08,ESG-GARCH(S),0.3109975775206285,3.8380751279245775,S,2013-12-17
FBHS,FBHS.W^E14,2014-01-08,ESG-GJR-GARCH,0.2911811734364226,3.36454268904016,all,2013-12-17
FBHS,FBHS.W^E14,2014-01-08,ESG-GJR-GARCH(E),0.2924051092703787,3.3928868225167523,E,2013-12-17
FBHS,FBHS.W^E14,2014-01-08,ESG-GJR-GARCH(G),0.2870022577297954,3.268662537380949,G,2013-12-17
FBHS,FBHS.W^E14,2014-01-08,ESG-GJR-GARCH(S),0.2941843771819553,3.4343034832513863,S,2013-12-17
FBHS,FBHS.W^E14,2014-01-08,GARCH,0.3070831668248369,3.742066323300421,,2013-12-17
FBHS,FBHS.W^E14,2014-01-08,GJR-GARCH,0.2893626387887867,3.322648282809915,,2013-12-17
FBHS,FBHS.W^E14,2014-01-09,EGARCH,0.2906059539439188,3.35126271697044,,2013-12-17
FBHS,FBHS.W^E14,2014-01-09,ESG-EGARCH,0.2945251579001864,3.442264628417848,all,2013-12-17
FBHS,FBHS.W^E14,2014-01-09,ESG-EGARCH(E),0.2960552669240066,3.478123852120824,E,2013-12-17
FBHS,FBHS.W^E14,2014-01-09,ESG-EGARCH(G),0.2893122982433619,3.321492298208572,G,2013-12-17
FBHS,FBHS.W^E14,2014-01-09,ESG-EGARCH(S),0.2982823153098928,3.530648397882156,S,2013-12-17
FBHS,FBHS.W^E14,2014-01-09,ESG-GARCH,0.3071318071797736,3.74325186434578,all,2013-12-17
FBHS,FBHS.W^E14,2014-01-09,ESG-GARCH(E),0.3087062273617433,3.7817275719016017,E,2013-12-17
FBHS,FBHS.W^E14,2014-01-09,ESG-GARCH(G),0.3017671692842222,3.613627954675096,G,2013-12-17
FBHS,FBHS.W^E14,2014-01-09,ESG-GARCH(S),0.3109975775206285,3.8380751279245775,S,2013-12-17
FBHS,FBHS.W^E14,2014-01-09,ESG-GJR-GARCH,0.2911811734364226,3.36454268904016,all,2013-12-17
FBHS,FBHS.W^E14,2014-01-09,ESG-GJR-GARCH(E),0.2924051092703787,3.3928868225167523,E,2013-12-17
FBHS,FBHS.W^E14,2014-01-09,ESG-GJR-GARCH(G),0.2870022577297954,3.268662537380949,G,2013-12-17
FBHS,FBHS.W^E14,2014-01-09,ESG-GJR-GARCH(S),0.2941843771819553,3.4343034832513863,S,2013-12-17
FBHS,FBHS.W^E14,2014-01-09,GARCH,0.3070831668248369,3.742066323300421,,2013-12-17
FBHS,FBHS.W^E14,2014-01-09,GJR-GARCH,0.2893626387887867,3.322648282809915,,2013-12-17
FBHS,FBHS.W^E14,2014-01-10,EGARCH,0.2906059539439188,3.35126271697044,,2013-12-17
FBHS,FBHS.W^E14,2014-01-10,ESG-EGARCH,0.2945251579001864,3.442264628417848,all,2013-12-17
FBHS,FBHS.W^E14,2014-01-10,ESG-EGARCH(E),0.2960552669240066,3.478123852120824,E,2013-12-17
FBHS,FBHS.W^E14,2014-01-10,ESG-EGARCH(G),0.2893122982433619,3.321492298208572,G,2013-12-17
FBHS,FBHS.W^E14,2014-01-10,ESG-EGARCH(S),0.2982823153098928,3.530648397882156,S,2013-12-17
FBHS,FBHS.W^E14,2014-01-10,ESG-GARCH,0.3071318071797736,3.74325186434578,all,2013-12-17
FBHS,FBHS.W^E14,2014-01-10,ESG-GARCH(E),0.3087062273617433,3.7817275719016017,E,2013-12-17
FBHS,FBHS.W^E14,2014-01-10,ESG-GARCH(G),0.3017671692842222,3.613627954675096,G,2013-12-17
FBHS,FBHS.W^E14,2014-01-10,ESG-GARCH(S),0.3109975775206285,3.8380751279245775,S,2013-12-17
FBHS,FBHS.W^E14,2014-01-10,ESG-GJR-GARCH,0.2911811734364226,3.36454268904016,all,2013-12-17
FBHS,FBHS.W^E14,2014-01-10,ESG-GJR-GARCH(E),0.2924051092703787,3.3928868225167523,E,2013-12-17
FBHS,FBHS.W^E14,2014-01-10,ESG-GJR-GARCH(G),0.2870022577297954,3.268662537380949,G,2013-12-17
FBHS,FBHS.W^E14,2014-01-10,ESG-GJR-GARCH(S),0.2941843771819553,3.4343034832513863,S,2013-12-17
FBHS,FBHS.W^E14,2014-01-10,GARCH,0.3070831668248369,3.742066323300421,,2013-12-17
FBHS,FBHS.W^E14,2014-01-10,GJR-GARCH,0.2893626387887867,3.322648282809915,,2013-12-17
FBHS,FBHS.W^E14,2014-01-13,EGARCH,0.2906059539439188,3.35126271697044,,2013-12-17
FBHS,FBHS.W^E14,2014-01-13,ESG-EGARCH,0.2945251579001864,3.442264628417848,all,2013-12-17
FBHS,FBHS.W^E14,2014-01-13,ESG-EGARCH(E),0.2960552669240066,3.478123852120824,E,2013-12-17
FBHS,FBHS.W^E14,2014-01-13,ESG-EGARCH(G),0.2893122982433619,3.321492298208572,G,2013-12-17
FBHS,FBHS.W^E14,2014-01-13,ESG-EGARCH(S),0.2982823153098928,3.530648397882156,S,2013-12-17
FBHS,FBHS.W^E14,2014-01-13,ESG-GARCH,0.3071318071797736,3.74325186434578,all,2013-12-17
FBHS,FBHS.W^E14,2014-01-13,ESG-GARCH(E),0.3087062273617433,3.7817275719016017,E,2013-12-17
FBHS,FBHS.W^E14,2014-01-13,ESG-GARCH(G),0.3017671692842222,3.613627954675096,G,2013-12-17
FBHS,FBHS.W^E14,2014-01-13,ESG-GARCH(S),0.3109975775206285,3.8380751279245775,S,2013-12-17
FBHS,FBHS.W^E14,2014-01-13,ESG-GJR-GARCH,0.2911811734364226,3.36454268904016,all,2013-12-17
FBHS,FBHS.W^E14,2014-01-13,ESG-GJR-GARCH(E),0.2924051092703787,3.3928868225167523,E,2013-12-17
FBHS,FBHS.W^E14,2014-01-13,ESG-GJR-GARCH(G),0.2870022577297954,3.268662537380949,G,2013-12-17
FBHS,FBHS.W^E14,2014-01-13,ESG-GJR-GARCH(S),0.2941843771819553,3.4343034832513863,S,2013-12-17
FBHS,FBHS.W^E14,2014-01-13,GARCH,0.3070831668248369,3.742066323300421,,2013-12-17
FBHS,FBHS.W^E14,2014-01-13,GJR-GARCH,0.2893626387887867,3.322648282809915,,2013-12-17
FBHS,FBHS.W^E14,2014-01-14,EGARCH,0.2906059539439188,3.35126271697044,,2013-12-17
FBHS,FBHS.W^E14,2014-01-14,ESG-EGARCH,0.2945251579001864,3.442264628417848,all,2013-12-17
FBHS,FBHS.W^E14,2014-01-14,ESG-EGARCH(E),0.2960552669240066,3.478123852120824,E,2013-12-17
FBHS,FBHS.W^E14,2014-01-14,ESG-EGARCH(G),0.2893122982433619,3.321492298208572,G,2013-12-17
FBHS,FBHS.W^E14,2014-01-14,ESG-EGARCH(S),0.2982823153098928,3.530648397882156,S,2013-12-17
FBHS,FBHS.W^E14,2014-01-14,ESG-GARCH,0.3071318071797736,3.74325186434578,all,2013-12-17
FBHS,FBHS.W^E14,2014-01-14,ESG-GARCH(E),0.3087062273617433,3.7817275719016017,E,2013-12-17
FBHS,FBHS.W^E14,2014-01-14,ESG-GARCH(G),0.3017671692842222,3.613627954675096,G,2013-12-17
FBHS,FBHS.W^E14,2014-01-14,ESG-GARCH(S),0.3109975775206285,3.8380751279245775,S,2013-12-17
FBHS,FBHS.W^E14,2014-01-14,ESG-GJR-GARCH,0.2911811734364226,3.36454268904016,all,2013-12-17
FBHS,FBHS.W^E14,2014-01-14,ESG-GJR-GARCH(E),0.2924051092703787,3.3928868225167523,E,2013-12-17
FBHS,FBHS.W^E14,2014-01-14,ESG-GJR-GARCH(G),0.2870022577297954,3.268662537380949,G,2013-12-17
FBHS,FBHS.W^E14,2014-01-14,ESG-GJR-GARCH(S),0.2941843771819553,3.4343034832513863,S,2013-12-17
FBHS,FBHS.W^E14,2014-01-14,GARCH,0.3070831668248369,3.742066323300421,,2013-12-17
FBHS,FBHS.W^E14,2014-01-14,GJR-GARCH,0.2893626387887867,3.322648282809915,,2013-12-17
FBHS,FBHS.W^E14,2014-01-15,EGARCH,0.2906059539439188,3.35126271697044,,2013-12-17
FBHS,FBHS.W^E14,2014-01-15,ESG-EGARCH,0.2945251579001864,3.442264628417848,all,2013-12-17
FBHS,FBHS.W^E14,2014-01-15,ESG-EGARCH(E),0.2960552669240066,3.478123852120824,E,2013-12-17
FBHS,FBHS.W^E14,2014-01-15,ESG-EGARCH(G),0.2893122982433619,3.321492298208572,G,2013-12-17
FBHS,FBHS.W^E14,2014-01-15,ESG-EGARCH(S),0.2982823153098928,3.530648397882156,S,2013-12-17
FBHS,FBHS.W^E14,2014-01-15,ESG-GARCH,0.3071318071797736,3.74325186434578,all,2013-12-17
FBHS,FBHS.W^E14,2014-01-15,ESG-GARCH(E),0.3087062273617433,3.7817275719016017,E,2013-12-17
FBHS,FBHS.W^E14,2014-01-15,ESG-GARCH(G),0.3017671692842222,3.613627954675096,G,2013-12-17
FBHS,FBHS.W^E14,2014-01-15,ESG-GARCH(S),0.3109975775206285,3.8380751279245775,S,2013-12-17
FBHS,FBHS.W^E14,2014-01-15,ESG-GJR-GARCH,0.2911811734364226,3.36454268904016,all,2013-12-17
FBHS,FBHS.W^E14,2014-01-15,ESG-GJR-GARCH(E),0.2924051092703787,3.3928868225167523,E,2013-12-17
FBHS,FBHS.W^E14,2014-01-15,ESG-GJR-GARCH(G),0.2870022577297954,3.268662537380949,G,2013-12-17
FBHS,FBHS.W^E14,2014-01-15,ESG-GJR-GARCH(S),0.2941843771819553,3.4343034832513863,S,2013-12-17
FBHS,FBHS.W^E14,2014-01-15,GARCH,0.3070831668248369,3.742066323300421,,2013-12-17
FBHS,FBHS.W^E14,2014-01-15,GJR-GARCH,0.2893626387887867,3.322648282809915,,2013-12-17
FBHS,FBHS.W^E14,2014-01-16,EGARCH,0.2906059539439188,3.35126271697044,,2013-12-17
FBHS,FBHS.W^E14,2014-01-16,ESG-EGARCH,0.2945251579001864,3.442264628417848,all,2013-12-17
FBHS,FBHS.W^E14,2014-01-16,ESG-EGARCH(E),0.2960552669240066,3.478123852120824,E,2013-12-17
FBHS,FBHS.W^E14,2014-01-16,ESG-EGARCH(G),0.2893122982433619,3.321492298208572,G,2013-12-17
FBHS,FBHS.W^E14,2014-01-16,ESG-EGARCH(S),0.2982823153098928,3.530648397882156,S,2013-12-17
FBHS,FBHS.W^E14,2014-01-16,ESG-GARCH,0.3071318071797736,3.74325186434578,all,2013-12-17
FBHS,FBHS.W^E14,2014-01-16,ESG-GARCH(E),0.3087062273617433,3.7817275719016017,E,2013-12-17
FBHS,FBHS.W^E14,2014-01-16,ESG-GARCH(G),0.3017671692842222,3.613627954675096,G,2013-12-17
FBHS,FBHS.W^E14,2014-01-16,ESG-GARCH(S),0.3109975775206285,3.8380751279245775,S,2013-12-17
FBHS,FBHS.W^E14,2014-01-16,ESG-GJR-GARCH,0.2911811734364226,3.36454268904016,all,2013-12-17
FBHS,FBHS.W^E14,2014-01-16,ESG-GJR-GARCH(E),0.2924051092703787,3.3928868225167523,E,2013-12-17
FBHS,FBHS.W^E14,2014-01-16,ESG-GJR-GARCH(G),0.2870022577297954,3.268662537380949,G,2013-12-17
FBHS,FBHS.W^E14,2014-01-16,ESG-GJR-GARCH(S),0.2941843771819553,3.4343034832513863,S,2013-12-17
FBHS,FBHS.W^E14,2014-01-16,GARCH,0.3070831668248369,3.742066323300421,,2013-12-17
FBHS,FBHS.W^E14,2014-01-16,GJR-GARCH,0.2893626387887867,3.322648282809915,,2013-12-17
FBHS,FBHS.W^E14,2014-01-17,EGARCH,0.2906059539439188,3.35126271697044,,2013-12-17
FBHS,FBHS.W^E14,2014-01-17,ESG-EGARCH,0.2945251579001864,3.442264628417848,all,2013-12-17
FBHS,FBHS.W^E14,2014-01-17,ESG-EGARCH(E),0.2960552669240066,3.478123852120824,E,2013-12-17
FBHS,FBHS.W^E14,2014-01-17,ESG-EGARCH(G),0.2893122982433619,3.321492298208572,G,2013-12-17
FBHS,FBHS.W^E14,2014-01-17,ESG-EGARCH(S),0.2982823153098928,3.530648397882156,S,2013-12-17
FBHS,FBHS.W^E14,2014-01-17,ESG-GARCH,0.3071318071797736,3.74325186434578,all,2013-12-17
FBHS,FBHS.W^E14,2014-01-17,ESG-GARCH(E),0.3087062273617433,3.7817275719016017,E,2013-12-17
FBHS,FBHS.W^E14,2014-01-17,ESG-GARCH(G),0.3017671692842222,3.613627954675096,G,2013-12-17
FBHS,FBHS.W^E14,2014-01-17,ESG-GARCH(S),0.3109975775206285,3.8380751279245775,S,2013-12-17
FBHS,FBHS.W^E14,2014-01-17,ESG-GJR-GARCH,0.2911811734364226,3.36454268904016,all,2013-12-17
FBHS,FBHS.W^E14,2014-01-17,ESG-GJR-GARCH(E),0.2924051092703787,3.3928868225167523,E,2013-12-17
FBHS,FBHS.W^E14,2014-01-17,ESG-GJR-GARCH(G),0.2870022577297954,3.268662537380949,G,2013-12-17
FBHS,FBHS.W^E14,2014-01-17,ESG-GJR-GARCH(S),0.2941843771819553,3.4343034832513863,S,2013-12-17
FBHS,FBHS.W^E14,2014-01-17,GARCH,0.3070831668248369,3.742066323300421,,2013-12-17
FBHS,FBHS.W^E14,2014-01-17,GJR-GARCH,0.2893626387887867,3.322648282809915,,2013-12-17
FBHS,FBHS.W^E14,2014-01-22,EGARCH,0.2906059539439188,3.35126271697044,,2013-12-17
FBHS,FBHS.W^E14,2014-01-22,ESG-EGARCH,0.2945251579001864,3.442264628417848,all,2013-12-17
FBHS,FBHS.W^E14,2014-01-22,ESG-EGARCH(E),0.2960552669240066,3.478123852120824,E,2013-12-17
FBHS,FBHS.W^E14,2014-01-22,ESG-EGARCH(G),0.2893122982433619,3.321492298208572,G,2013-12-17
FBHS,FBHS.W^E14,2014-01-22,ESG-EGARCH(S),0.2982823153098928,3.530648397882156,S,2013-12-17
FBHS,FBHS.W^E14,2014-01-22,ESG-GARCH,0.3071318071797736,3.74325186434578,all,2013-12-17
FBHS,FBHS.W^E14,2014-01-22,ESG-GARCH(E),0.3087062273617433,3.7817275719016017,E,2013-12-17
FBHS,FBHS.W^E14,2014-01-22,ESG-GARCH(G),0.3017671692842222,3.613627954675096,G,2013-12-17
FBHS,FBHS.W^E14,2014-01-22,ESG-GARCH(S),0.3109975775206285,3.8380751279245775,S,2013-12-17
FBHS,FBHS.W^E14,2014-01-22,ESG-GJR-GARCH,0.2911811734364226,3.36454268904016,all,2013-12-17
FBHS,FBHS.W^E14,2014-01-22,ESG-GJR-GARCH(E),0.2924051092703787,3.3928868225167523,E,2013-12-17
FBHS,FBHS.W^E14,2014-01-22,ESG-GJR-GARCH(G),0.2870022577297954,3.268662537380949,G,2013-12-17
FBHS,FBHS.W^E14,2014-01-22,ESG-GJR-GARCH(S),0.2941843771819553,3.4343034832513863,S,2013-12-17
FBHS,FBHS.W^E14,2014-01-22,GARCH,0.3070831668248369,3.742066323300421,,2013-12-17
FBHS,FBHS.W^E14,2014-01-22,GJR-GARCH,0.2893626387887867,3.322648282809915,,2013-12-17
FBHS,FBHS.W^E14,2014-01-23,EGARCH,0.2906059539439188,3.35126271697044,,2013-12-17
FBHS,FBHS.W^E14,2014-01-23,ESG-EGARCH,0.2945251579001864,3.442264628417848,all,2013-12-17
FBHS,FBHS.W^E14,2014-01-23,ESG-EGARCH(E),0.2960552669240066,3.478123852120824,E,2013-12-17
FBHS,FBHS.W^E14,2014-01-23,ESG-EGARCH(G),0.2893122982433619,3.321492298208572,G,2013-12-17
FBHS,FBHS.W^E14,2014-01-23,ESG-EGARCH(S),0.2982823153098928,3.530648397882156,S,2013-12-17
FBHS,FBHS.W^E14,2014-01-23,ESG-GARCH,0.3071318071797736,3.74325186434578,all,2013-12-17
FBHS,FBHS.W^E14,2014-01-23,ESG-GARCH(E),0.3087062273617433,3.7817275719016017,E,2013-12-17
FBHS,FBHS.W^E14,2014-01-23,ESG-GARCH(G),0.3017671692842222,3.613627954675096,G,2013-12-17
FBHS,FBHS.W^E14,2014-01-23,ESG-GARCH(S),0.3109975775206285,3.8380751279245775,S,2013-12-17
FBHS,FBHS.W^E14,2014-01-23,ESG-GJR-GARCH,0.2911811734364226,3.36454268904016,all,2013-12-17
FBHS,FBHS.W^E14,2014-01-23,ESG-GJR-GARCH(E),0.2924051092703787,3.3928868225167523,E,2013-12-17
FBHS,FBHS.W^E14,2014-01-23,ESG-GJR-GARCH(G),0.2870022577297954,3.268662537380949,G,2013-12-17
FBHS,FBHS.W^E14,2014-01-23,ESG-GJR-GARCH(S),0.2941843771819553,3.4343034832513863,S,2013-12-17
FBHS,FBHS.W^E14,2014-01-23,GARCH,0.3070831668248369,3.742066323300421,,2013-12-17
FBHS,FBHS.W^E14,2014-01-23,GJR-GARCH,0.2893626387887867,3.322648282809915,,2013-12-17
FBHS,FBHS.W^E14,2014-01-24,EGARCH,0.2922906536174733,3.3902311981003894,,2014-01-24
FBHS,FBHS.W^E14,2014-01-24,ESG-EGARCH,0.2958706605021075,3.473787608966404,all,2014-01-24
FBHS,FBHS.W^E14,2014-01-24,ESG-EGARCH(E),0.2960755769872132,3.478601082869492,E,2014-01-24
FBHS,FBHS.W^E14,2014-01-24,ESG-EGARCH(G),0.2946749875948885,3.445767790239988,G,2014-01-24
FBHS,FBHS.W^E14,2014-01-24,ESG-EGARCH(S),0.2984952803513802,3.535691761589249,S,2014-01-24
FBHS,FBHS.W^E14,2014-01-24,ESG-GARCH,0.3013325521338996,3.6032264672829095,all,2014-01-24
FBHS,FBHS.W^E14,2014-01-24,ESG-GARCH(E),0.3012472245900876,3.6011861239377256,E,2014-01-24
FBHS,FBHS.W^E14,2014-01-24,ESG-GARCH(G),0.2999742109613635,3.570814573090977,G,2014-01-24
FBHS,FBHS.W^E14,2014-01-24,ESG-GARCH(S),0.3036958546578432,3.6599671482681697,S,2014-01-24
FBHS,FBHS.W^E14,2014-01-24,ESG-GJR-GARCH,0.2759997098782173,3.0228507878119104,all,2014-01-24
FBHS,FBHS.W^E14,2014-01-24,ESG-GJR-GARCH(E),0.2765066919884152,3.033966298189537,E,2014-01-24
FBHS,FBHS.W^E14,2014-01-24,ESG-GJR-GARCH(G),0.2750525640441439,3.002139404256266,G,2014-01-24
FBHS,FBHS.W^E14,2014-01-24,ESG-GJR-GARCH(S),0.2784648031497097,3.077089150524072,S,2014-01-24
FBHS,FBHS.W^E14,2014-01-24,GARCH,0.29956791592221,3.5611482638879486,,2014-01-24
FBHS,FBHS.W^E14,2014-01-24,GJR-GARCH,0.2744160640393038,2.988260960429497,,2014-01-24
FBHS,FBHS.W^E14,2014-01-27,EGARCH,0.2922906536174733,3.3902311981003894,,2014-01-24
FBHS,FBHS.W^E14,2014-01-27,ESG-EGARCH,0.2958706605021075,3.473787608966404,all,2014-01-24
FBHS,FBHS.W^E14,2014-01-27,ESG-EGARCH(E),0.2960755769872132,3.478601082869492,E,2014-01-24
FBHS,FBHS.W^E14,2014-01-27,ESG-EGARCH(G),0.2946749875948885,3.445767790239988,G,2014-01-24
FBHS,FBHS.W^E14,2014-01-27,ESG-EGARCH(S),0.2984952803513802,3.535691761589249,S,2014-01-24
FBHS,FBHS.W^E14,2014-01-27,ESG-GARCH,0.3013325521338996,3.6032264672829095,all,2014-01-24
FBHS,FBHS.W^E14,2014-01-27,ESG-GARCH(E),0.3012472245900876,3.6011861239377256,E,2014-01-24
FBHS,FBHS.W^E14,2014-01-27,ESG-GARCH(G),0.2999742109613635,3.570814573090977,G,2014-01-24
FBHS,FBHS.W^E14,2014-01-27,ESG-GARCH(S),0.3036958546578432,3.6599671482681697,S,2014-01-24
FBHS,FBHS.W^E14,2014-01-27,ESG-GJR-GARCH,0.2759997098782173,3.0228507878119104,all,2014-01-24
FBHS,FBHS.W^E14,2014-01-27,ESG-GJR-GARCH(E),0.2765066919884152,3.033966298189537,E,2014-01-24
FBHS,FBHS.W^E14,2014-01-27,ESG-GJR-GARCH(G),0.2750525640441439,3.002139404256266,G,2014-01-24
FBHS,FBHS.W^E14,2014-01-27,ESG-GJR-GARCH(S),0.2784648031497097,3.077089150524072,S,2014-01-24
FBHS,FBHS.W^E14,2014-01-27,GARCH,0.29956791592221,3.5611482638879486,,2014-01-24
FBHS,FBHS.W^E14,2014-01-27,GJR-GARCH,0.2744160640393038,2.988260960429497,,2014-01-24
FBHS,FBHS.W^E14,2014-01-28,EGARCH,0.2922906536174733,3.3902311981003894,,2014-01-24
FBHS,FBHS.W^E14,2014-01-28,ESG-EGARCH,0.2958706605021075,3.473787608966404,all,2014-01-24
FBHS,FBHS.W^E14,2014-01-28,ESG-EGARCH(E),0.2960755769872132,3.478601082869492,E,2014-01-24
FBHS,FBHS.W^E14,2014-01-28,ESG-EGARCH(G),0.2946749875948885,3.445767790239988,G,2014-01-24
FBHS,FBHS.W^E14,2014-01-28,ESG-EGARCH(S),0.2984952803513802,3.535691761589249,S,2014-01-24
FBHS,FBHS.W^E14,2014-01-28,ESG-GARCH,0.3013325521338996,3.6032264672829095,all,2014-01-24
FBHS,FBHS.W^E14,2014-01-28,ESG-GARCH(E),0.3012472245900876,3.6011861239377256,E,2014-01-24
FBHS,FBHS.W^E14,2014-01-28,ESG-GARCH(G),0.2999742109613635,3.570814573090977,G,2014-01-24
FBHS,FBHS.W^E14,2014-01-28,ESG-GARCH(S),0.3036958546578432,3.6599671482681697,S,2014-01-24
FBHS,FBHS.W^E14,2014-01-28,ESG-GJR-GARCH,0.2759997098782173,3.0228507878119104,all,2014-01-24
FBHS,FBHS.W^E14,2014-01-28,ESG-GJR-GARCH(E),0.2765066919884152,3.033966298189537,E,2014-01-24
FBHS,FBHS.W^E14,2014-01-28,ESG-GJR-GARCH(G),0.2750525640441439,3.002139404256266,G,2014-01-24
FBHS,FBHS.W^E14,2014-01-28,ESG-GJR-GARCH(S),0.2784648031497097,3.077089150524072,S,2014-01-24
FBHS,FBHS.W^E14,2014-01-28,GARCH,0.29956791592221,3.5611482638879486,,2014-01-24
FBHS,FBHS.W^E14,2014-01-28,GJR-GARCH,0.2744160640393038,2.988260960429497,,2014-01-24
FBHS,FBHS.W^E14,2014-01-29,EGARCH,0.2922906536174733,3.3902311981003894,,2014-01-24
FBHS,FBHS.W^E14,2014-01-29,ESG-EGARCH,0.2958706605021075,3.473787608966404,all,2014-01-24
FBHS,FBHS.W^E14,2014-01-29,ESG-EGARCH(E),0.2960755769872132,3.478601082869492,E,2014-01-24
FBHS,FBHS.W^E14,2014-01-29,ESG-EGARCH(G),0.2946749875948885,3.445767790239988,G,2014-01-24
FBHS,FBHS.W^E14,2014-01-29,ESG-EGARCH(S),0.2984952803513802,3.535691761589249,S,2014-01-24
FBHS,FBHS.W^E14,2014-01-29,ESG-GARCH,0.3013325521338996,3.6032264672829095,all,2014-01-24
FBHS,FBHS.W^E14,2014-01-29,ESG-GARCH(E),0.3012472245900876,3.6011861239377256,E,2014-01-24
FBHS,FBHS.W^E14,2014-01-29,ESG-GARCH(G),0.2999742109613635,3.570814573090977,G,2014-01-24
FBHS,FBHS.W^E14,2014-01-29,ESG-GARCH(S),0.3036958546578432,3.6599671482681697,S,2014-01-24
FBHS,FBHS.W^E14,2014-01-29,ESG-GJR-GARCH,0.2759997098782173,3.0228507878119104,all,2014-01-24
FBHS,FBHS.W^E14,2014-01-29,ESG-GJR-GARCH(E),0.2765066919884152,3.033966298189537,E,2014-01-24
FBHS,FBHS.W^E14,2014-01-29,ESG-GJR-GARCH(G),0.2750525640441439,3.002139404256266,G,2014-01-24
FBHS,FBHS.W^E14,2014-01-29,ESG-GJR-GARCH(S),0.2784648031497097,3.077089150524072,S,2014-01-24
FBHS,FBHS.W^E14,2014-01-29,GARCH,0.29956791592221,3.5611482638879486,,2014-01-24
FBHS,FBHS.W^E14,2014-01-29,GJR-GARCH,0.2744160640393038,2.988260960429497,,2014-01-24
FBHS,FBHS.W^E14,2014-01-30,EGARCH,0.2922906536174733,3.3902311981003894,,2014-01-24
FBHS,FBHS.W^E14,2014-01-30,ESG-EGARCH,0.2958706605021075,3.473787608966404,all,2014-01-24
FBHS,FBHS.W^E14,2014-01-30,ESG-EGARCH(E),0.2960755769872132,3.478601082869492,E,2014-01-24
FBHS,FBHS.W^E14,2014-01-30,ESG-EGARCH(G),0.2946749875948885,3.445767790239988,G,2014-01-24
FBHS,FBHS.W^E14,2014-01-30,ESG-EGARCH(S),0.2984952803513802,3.535691761589249,S,2014-01-24
FBHS,FBHS.W^E14,2014-01-30,ESG-GARCH,0.3013325521338996,3.6032264672829095,all,2014-01-24
FBHS,FBHS.W^E14,2014-01-30,ESG-GARCH(E),0.3012472245900876,3.6011861239377256,E,2014-01-24
FBHS,FBHS.W^E14,2014-01-30,ESG-GARCH(G),0.2999742109613635,3.570814573090977,G,2014-01-24
FBHS,FBHS.W^E14,2014-01-30,ESG-GARCH(S),0.3036958546578432,3.6599671482681697,S,2014-01-24
FBHS,FBHS.W^E14,2014-01-30,ESG-GJR-GARCH,0.2759997098782173,3.0228507878119104,all,2014-01-24
FBHS,FBHS.W^E14,2014-01-30,ESG-GJR-GARCH(E),0.2765066919884152,3.033966298189537,E,2014-01-24
FBHS,FBHS.W^E14,2014-01-30,ESG-GJR-GARCH(G),0.2750525640441439,3.002139404256266,G,2014-01-24
FBHS,FBHS.W^E14,2014-01-30,ESG-GJR-GARCH(S),0.2784648031497097,3.077089150524072,S,2014-01-24
FBHS,FBHS.W^E14,2014-01-30,GARCH,0.29956791592221,3.5611482638879486,,2014-01-24
FBHS,FBHS.W^E14,2014-01-30,GJR-GARCH,0.2744160640393038,2.988260960429497,,2014-01-24
FBHS,FBHS.W^E14,2014-02-04,EGARCH,0.2922906536174733,3.3902311981003894,,2014-01-24
FBHS,FBHS.W^E14,2014-02-04,ESG-EGARCH,0.2958706605021075,3.473787608966404,all,2014-01-24
FBHS,FBHS.W^E14,2014-02-04,ESG-EGARCH(E),0.2960755769872132,3.478601082869492,E,2014-01-24
FBHS,FBHS.W^E14,2014-02-04,ESG-EGARCH(G),0.2946749875948885,3.445767790239988,G,2014-01-24
FBHS,FBHS.W^E14,2014-02-04,ESG-EGARCH(S),0.2984952803513802,3.535691761589249,S,2014-01-24
FBHS,FBHS.W^E14,2014-02-04,ESG-GARCH,0.3013325521338996,3.6032264672829095,all,2014-01-24
FBHS,FBHS.W^E14,2014-02-04,ESG-GARCH(E),0.3012472245900876,3.6011861239377256,E,2014-01-24
FBHS,FBHS.W^E14,2014-02-04,ESG-GARCH(G),0.2999742109613635,3.570814573090977,G,2014-01-24
FBHS,FBHS.W^E14,2014-02-04,ESG-GARCH(S),0.3036958546578432,3.6599671482681697,S,2014-01-24
FBHS,FBHS.W^E14,2014-02-04,ESG-GJR-GARCH,0.2759997098782173,3.0228507878119104,all,2014-01-24
FBHS,FBHS.W^E14,2014-02-04,ESG-GJR-GARCH(E),0.2765066919884152,3.033966298189537,E,2014-01-24
FBHS,FBHS.W^E14,2014-02-04,ESG-GJR-GARCH(G),0.2750525640441439,3.002139404256266,G,2014-01-24
FBHS,FBHS.W^E14,2014-02-04,ESG-GJR-GARCH(S),0.2784648031497097,3.077089150524072,S,2014-01-24
FBHS,FBHS.W^E14,2014-02-04,GARCH,0.29956791592221,3.5611482638879486,,2014-01-24
FBHS,FBHS.W^E14,2014-02-04,GJR-GARCH,0.2744160640393038,2.988260960429497,,2014-01-24
FBHS,FBHS.W^E14,2014-02-05,EGARCH,0.2922906536174733,3.3902311981003894,,2014-01-24
FBHS,FBHS.W^E14,2014-02-05,ESG-EGARCH,0.2958706605021075,3.473787608966404,all,2014-01-24
FBHS,FBHS.W^E14,2014-02-05,ESG-EGARCH(E),0.2960755769872132,3.478601082869492,E,2014-01-24
FBHS,FBHS.W^E14,2014-02-05,ESG-EGARCH(G),0.2946749875948885,3.445767790239988,G,2014-01-24
FBHS,FBHS.W^E14,2014-02-05,ESG-EGARCH(S),0.2984952803513802,3.535691761589249,S,2014-01-24
FBHS,FBHS.W^E14,2014-02-05,ESG-GARCH,0.3013325521338996,3.6032264672829095,all,2014-01-24
FBHS,FBHS.W^E14,2014-02-05,ESG-GARCH(E),0.3012472245900876,3.6011861239377256,E,2014-01-24
FBHS,FBHS.W^E14,2014-02-05,ESG-GARCH(G),0.2999742109613635,3.570814573090977,G,2014-01-24
FBHS,FBHS.W^E14,2014-02-05,ESG-GARCH(S),0.3036958546578432,3.6599671482681697,S,2014-01-24
FBHS,FBHS.W^E14,2014-02-05,ESG-GJR-GARCH,0.2759997098782173,3.0228507878119104,all,2014-01-24
FBHS,FBHS.W^E14,2014-02-05,ESG-GJR-GARCH(E),0.2765066919884152,3.033966298189537,E,2014-01-24
FBHS,FBHS.W^E14,2014-02-05,ESG-GJR-GARCH(G),0.2750525640441439,3.002139404256266,G,2014-01-24
FBHS,FBHS.W^E14,2014-02-05,ESG-GJR-GARCH(S),0.2784648031497097,3.077089150524072,S,2014-01-24
FBHS,FBHS.W^E14,2014-02-05,GARCH,0.29956791592221,3.5611482638879486,,2014-01-24
FBHS,FBHS.W^E14,2014-02-05,GJR-GARCH,0.2744160640393038,2.988260960429497,,2014-01-24
FBHS,FBHS.W^E14,2014-02-06,EGARCH,0.2922906536174733,3.3902311981003894,,2014-01-24
FBHS,FBHS.W^E14,2014-02-06,ESG-EGARCH,0.2958706605021075,3.473787608966404,all,2014-01-24
FBHS,FBHS.W^E14,2014-02-06,ESG-EGARCH(E),0.2960755769872132,3.478601082869492,E,2014-01-24
FBHS,FBHS.W^E14,2014-02-06,ESG-EGARCH(G),0.2946749875948885,3.445767790239988,G,2014-01-24
FBHS,FBHS.W^E14,2014-02-06,ESG-EGARCH(S),0.2984952803513802,3.535691761589249,S,2014-01-24
FBHS,FBHS.W^E14,2014-02-06,ESG-GARCH,0.3013325521338996,3.6032264672829095,all,2014-01-24
FBHS,FBHS.W^E14,2014-02-06,ESG-GARCH(E),0.3012472245900876,3.6011861239377256,E,2014-01-24
FBHS,FBHS.W^E14,2014-02-06,ESG-GARCH(G),0.2999742109613635,3.570814573090977,G,2014-01-24
FBHS,FBHS.W^E14,2014-02-06,ESG-GARCH(S),0.3036958546578432,3.6599671482681697,S,2014-01-24
FBHS,FBHS.W^E14,2014-02-06,ESG-GJR-GARCH,0.2759997098782173,3.0228507878119104,all,2014-01-24
FBHS,FBHS.W^E14,2014-02-06,ESG-GJR-GARCH(E),0.2765066919884152,3.033966298189537,E,2014-01-24
FBHS,FBHS.W^E14,2014-02-06,ESG-GJR-GARCH(G),0.2750525640441439,3.002139404256266,G,2014-01-24
FBHS,FBHS.W^E14,2014-02-06,ESG-GJR-GARCH(S),0.2784648031497097,3.077089150524072,S,2014-01-24
FBHS,FBHS.W^E14,2014-02-06,GARCH,0.29956791592221,3.5611482638879486,,2014-01-24
FBHS,FBHS.W^E14,2014-02-06,GJR-GARCH,0.2744160640393038,2.988260960429497,,2014-01-24
FBHS,FBHS.W^E14,2014-02-07,EGARCH,0.2922906536174733,3.3902311981003894,,2014-01-24
FBHS,FBHS.W^E14,2014-02-07,ESG-EGARCH,0.2958706605021075,3.473787608966404,all,2014-01-24
FBHS,FBHS.W^E14,2014-02-07,ESG-EGARCH(E),0.2960755769872132,3.478601082869492,E,2014-01-24
FBHS,FBHS.W^E14,2014-02-07,ESG-EGARCH(G),0.2946749875948885,3.445767790239988,G,2014-01-24
FBHS,FBHS.W^E14,2014-02-07,ESG-EGARCH(S),0.2984952803513802,3.535691761589249,S,2014-01-24
FBHS,FBHS.W^E14,2014-02-07,ESG-GARCH,0.3013325521338996,3.6032264672829095,all,2014-01-24
FBHS,FBHS.W^E14,2014-02-07,ESG-GARCH(E),0.3012472245900876,3.6011861239377256,E,2014-01-24
FBHS,FBHS.W^E14,2014-02-07,ESG-GARCH(G),0.2999742109613635,3.570814573090977,G,2014-01-24
FBHS,FBHS.W^E14,2014-02-07,ESG-GARCH(S),0.3036958546578432,3.6599671482681697,S,2014-01-24
FBHS,FBHS.W^E14,2014-02-07,ESG-GJR-GARCH,0.2759997098782173,3.0228507878119104,all,2014-01-24
FBHS,FBHS.W^E14,2014-02-07,ESG-GJR-GARCH(E),0.2765066919884152,3.033966298189537,E,2014-01-24
FBHS,FBHS.W^E14,2014-02-07,ESG-GJR-GARCH(G),0.2750525640441439,3.002139404256266,G,2014-01-24
FBHS,FBHS.W^E14,2014-02-07,ESG-GJR-GARCH(S),0.2784648031497097,3.077089150524072,S,2014-01-24
FBHS,FBHS.W^E14,2014-02-07,GARCH,0.29956791592221,3.5611482638879486,,2014-01-24
FBHS,FBHS.W^E14,2014-02-07,GJR-GARCH,0.2744160640393038,2.988260960429497,,2014-01-24
FBHS,FBHS.W^E14,2014-02-10,EGARCH,0.2922906536174733,3.3902311981003894,,2014-01-24
FBHS,FBHS.W^E14,2014-02-10,ESG-EGARCH,0.2958706605021075,3.473787608966404,all,2014-01-24
FBHS,FBHS.W^E14,2014-02-10,ESG-EGARCH(E),0.2960755769872132,3.478601082869492,E,2014-01-24
FBHS,FBHS.W^E14,2014-02-10,ESG-EGARCH(G),0.2946749875948885,3.445767790239988,G,2014-01-24
FBHS,FBHS.W^E14,2014-02-10,ESG-EGARCH(S),0.2984952803513802,3.535691761589249,S,2014-01-24
FBHS,FBHS.W^E14,2014-02-10,ESG-GARCH,0.3013325521338996,3.6032264672829095,all,2014-01-24
FBHS,FBHS.W^E14,2014-02-10,ESG-GARCH(E),0.3012472245900876,3.6011861239377256,E,2014-01-24
FBHS,FBHS.W^E14,2014-02-10,ESG-GARCH(G),0.2999742109613635,3.570814573090977,G,2014-01-24
FBHS,FBHS.W^E14,2014-02-10,ESG-GARCH(S),0.3036958546578432,3.6599671482681697,S,2014-01-24
FBHS,FBHS.W^E14,2014-02-10,ESG-GJR-GARCH,0.2759997098782173,3.0228507878119104,all,2014-01-24
FBHS,FBHS.W^E14,2014-02-10,ESG-GJR-GARCH(E),0.2765066919884152,3.033966298189537,E,2014-01-24
FBHS,FBHS.W^E14,2014-02-10,ESG-GJR-GARCH(G),0.2750525640441439,3.002139404256266,G,2014-01-24
FBHS,FBHS.W^E14,2014-02-10,ESG-GJR-GARCH(S),0.2784648031497097,3.077089150524072,S,2014-01-24
FBHS,FBHS.W^E14,2014-02-10,GARCH,0.29956791592221,3.5611482638879486,,2014-01-24
FBHS,FBHS.W^E14,2014-02-10,GJR-GARCH,0.2744160640393038,2.988260960429497,,2014-01-24
FBHS,FBHS.W^E14,2014-02-11,EGARCH,0.2922906536174733,3.3902311981003894,,2014-01-24
FBHS,FBHS.W^E14,2014-02-11,ESG-EGARCH,0.2958706605021075,3.473787608966404,all,2014-01-24
FBHS,FBHS.W^E14,2014-02-11,ESG-EGARCH(E),0.2960755769872132,3.478601082869492,E,2014-01-24
FBHS,FBHS.W^E14,2014-02-11,ESG-EGARCH(G),0.2946749875948885,3.445767790239988,G,2014-01-24
FBHS,FBHS.W^E14,2014-02-11,ESG-EGARCH(S),0.2984952803513802,3.535691761589249,S,2014-01-24
FBHS,FBHS.W^E14,2014-02-11,ESG-GARCH,0.3013325521338996,3.6032264672829095,all,2014-01-24
FBHS,FBHS.W^E14,2014-02-11,ESG-GARCH(E),0.3012472245900876,3.6011861239377256,E,2014-01-24
FBHS,FBHS.W^E14,2014-02-11,ESG-GARCH(G),0.2999742109613635,3.570814573090977,G,2014-01-24
FBHS,FBHS.W^E14,2014-02-11,ESG-GARCH(S),0.3036958546578432,3.6599671482681697,S,2014-01-24
FBHS,FBHS.W^E14,2014-02-11,ESG-GJR-GARCH,0.2759997098782173,3.0228507878119104,all,2014-01-24
FBHS,FBHS.W^E14,2014-02-11,ESG-GJR-GARCH(E),0.2765066919884152,3.033966298189537,E,2014-01-24
FBHS,FBHS.W^E14,2014-02-11,ESG-GJR-GARCH(G),0.2750525640441439,3.002139404256266,G,2014-01-24
FBHS,FBHS.W^E14,2014-02-11,ESG-GJR-GARCH(S),0.2784648031497097,3.077089150524072,S,2014-01-24
FBHS,FBHS.W^E14,2014-02-11,GARCH,0.29956791592221,3.5611482638879486,,2014-01-24
FBHS,FBHS.W^E14,2014-02-11,GJR-GARCH,0.2744160640393038,2.988260960429497,,2014-01-24
FBHS,FBHS.W^E14,2014-02-12,EGARCH,0.2922906536174733,3.3902311981003894,,2014-01-24
FBHS,FBHS.W^E14,2014-02-12,ESG-EGARCH,0.2958706605021075,3.473787608966404,all,2014-01-24
FBHS,FBHS.W^E14,2014-02-12,ESG-EGARCH(E),0.2960755769872132,3.478601082869492,E,2014-01-24
FBHS,FBHS.W^E14,2014-02-12,ESG-EGARCH(G),0.2946749875948885,3.445767790239988,G,2014-01-24
FBHS,FBHS.W^E14,2014-02-12,ESG-EGARCH(S),0.2984952803513802,3.535691761589249,S,2014-01-24
FBHS,FBHS.W^E14,2014-02-12,ESG-GARCH,0.3013325521338996,3.6032264672829095,all,2014-01-24
FBHS,FBHS.W^E14,2014-02-12,ESG-GARCH(E),0.3012472245900876,3.6011861239377256,E,2014-01-24
FBHS,FBHS.W^E14,2014-02-12,ESG-GARCH(G),0.2999742109613635,3.570814573090977,G,2014-01-24
FBHS,FBHS.W^E14,2014-02-12,ESG-GARCH(S),0.3036958546578432,3.6599671482681697,S,2014-01-24
FBHS,FBHS.W^E14,2014-02-12,ESG-GJR-GARCH,0.2759997098782173,3.0228507878119104,all,2014-01-24
FBHS,FBHS.W^E14,2014-02-12,ESG-GJR-GARCH(E),0.2765066919884152,3.033966298189537,E,2014-01-24
FBHS,FBHS.W^E14,2014-02-12,ESG-GJR-GARCH(G),0.2750525640441439,3.002139404256266,G,2014-01-24
FBHS,FBHS.W^E14,2014-02-12,ESG-GJR-GARCH(S),0.2784648031497097,3.077089150524072,S,2014-01-24
FBHS,FBHS.W^E14,2014-02-12,GARCH,0.29956791592221,3.5611482638879486,,2014-01-24
FBHS,FBHS.W^E14,2014-02-12,GJR-GARCH,0.2744160640393038,2.988260960429497,,2014-01-24
FBHS,FBHS.W^E14,2014-02-13,EGARCH,0.2922906536174733,3.3902311981003894,,2014-01-24
FBHS,FBHS.W^E14,2014-02-13,ESG-EGARCH,0.2958706605021075,3.473787608966404,all,2014-01-24
FBHS,FBHS.W^E14,2014-02-13,ESG-EGARCH(E),0.2960755769872132,3.478601082869492,E,2014-01-24
FBHS,FBHS.W^E14,2014-02-13,ESG-EGARCH(G),0.2946749875948885,3.445767790239988,G,2014-01-24
FBHS,FBHS.W^E14,2014-02-13,ESG-EGARCH(S),0.2984952803513802,3.535691761589249,S,2014-01-24
FBHS,FBHS.W^E14,2014-02-13,ESG-GARCH,0.3013325521338996,3.6032264672829095,all,2014-01-24
FBHS,FBHS.W^E14,2014-02-13,ESG-GARCH(E),0.3012472245900876,3.6011861239377256,E,2014-01-24
FBHS,FBHS.W^E14,2014-02-13,ESG-GARCH(G),0.2999742109613635,3.570814573090977,G,2014-01-24
FBHS,FBHS.W^E14,2014-02-13,ESG-GARCH(S),0.3036958546578432,3.6599671482681697,S,2014-01-24
FBHS,FBHS.W^E14,2014-02-13,ESG-GJR-GARCH,0.2759997098782173,3.0228507878119104,all,2014-01-24
FBHS,FBHS.W^E14,2014-02-13,ESG-GJR-GARCH(E),0.2765066919884152,3.033966298189537,E,2014-01-24
FBHS,FBHS.W^E14,2014-02-13,ESG-GJR-GARCH(G),0.2750525640441439,3.002139404256266,G,2014-01-24
FBHS,FBHS.W^E14,2014-02-13,ESG-GJR-GARCH(S),0.2784648031497097,3.077089150524072,S,2014-01-24
FBHS,FBHS.W^E14,2014-02-13,GARCH,0.29956791592221,3.5611482638879486,,2014-01-24
FBHS,FBHS.W^E14,2014-02-13,GJR-GARCH,0.2744160640393038,2.988260960429497,,2014-01-24
FBHS,FBHS.W^E14,2014-02-14,EGARCH,0.2922906536174733,3.3902311981003894,,2014-01-24
FBHS,FBHS.W^E14,2014-02-14,ESG-EGARCH,0.2958706605021075,3.473787608966404,all,2014-01-24
FBHS,FBHS.W^E14,2014-02-14,ESG-EGARCH(E),0.2960755769872132,3.478601082869492,E,2014-01-24
FBHS,FBHS.W^E14,2014-02-14,ESG-EGARCH(G),0.2946749875948885,3.445767790239988,G,2014-01-24
FBHS,FBHS.W^E14,2014-02-14,ESG-EGARCH(S),0.2984952803513802,3.535691761589249,S,2014-01-24
FBHS,FBHS.W^E14,2014-02-14,ESG-GARCH,0.3013325521338996,3.6032264672829095,all,2014-01-24
FBHS,FBHS.W^E14,2014-02-14,ESG-GARCH(E),0.3012472245900876,3.6011861239377256,E,2014-01-24
FBHS,FBHS.W^E14,2014-02-14,ESG-GARCH(G),0.2999742109613635,3.570814573090977,G,2014-01-24
FBHS,FBHS.W^E14,2014-02-14,ESG-GARCH(S),0.3036958546578432,3.6599671482681697,S,2014-01-24
FBHS,FBHS.W^E14,2014-02-14,ESG-GJR-GARCH,0.2759997098782173,3.0228507878119104,all,2014-01-24
FBHS,FBHS.W^E14,2014-02-14,ESG-GJR-GARCH(E),0.2765066919884152,3.033966298189537,E,2014-01-24
FBHS,FBHS.W^E14,2014-02-14,ESG-GJR-GARCH(G),0.2750525640441439,3.002139404256266,G,2014-01-24
FBHS,FBHS.W^E14,2014-02-14,ESG-GJR-GARCH(S),0.2784648031497097,3.077089150524072,S,2014-01-24
FBHS,FBHS.W^E14,2014-02-14,GARCH,0.29956791592221,3.5611482638879486,,2014-01-24
FBHS,FBHS.W^E14,2014-02-14,GJR-GARCH,0.2744160640393038,2.988260960429497,,2014-01-24
FBHS,FBHS.W^E14,2014-02-19,EGARCH,0.2922906536174733,3.3902311981003894,,2014-01-24
FBHS,FBHS.W^E14,2014-02-19,ESG-EGARCH,0.2958706605021075,3.473787608966404,all,2014-01-24
FBHS,FBHS.W^E14,2014-02-19,ESG-EGARCH(E),0.2960755769872132,3.478601082869492,E,2014-01-24
FBHS,FBHS.W^E14,2014-02-19,ESG-EGARCH(G),0.2946749875948885,3.445767790239988,G,2014-01-24
FBHS,FBHS.W^E14,2014-02-19,ESG-EGARCH(S),0.2984952803513802,3.535691761589249,S,2014-01-24
FBHS,FBHS.W^E14,2014-02-19,ESG-GARCH,0.3013325521338996,3.6032264672829095,all,2014-01-24
FBHS,FBHS.W^E14,2014-02-19,ESG-GARCH(E),0.3012472245900876,3.6011861239377256,E,2014-01-24
FBHS,FBHS.W^E14,2014-02-19,ESG-GARCH(G),0.2999742109613635,3.570814573090977,G,2014-01-24
FBHS,FBHS.W^E14,2014-02-19,ESG-GARCH(S),0.3036958546578432,3.6599671482681697,S,2014-01-24
FBHS,FBHS.W^E14,2014-02-19,ESG-GJR-GARCH,0.2759997098782173,3.0228507878119104,all,2014-01-24
FBHS,FBHS.W^E14,2014-02-19,ESG-GJR-GARCH(E),0.2765066919884152,3.033966298189537,E,2014-01-24
FBHS,FBHS.W^E14,2014-02-19,ESG-GJR-GARCH(G),0.2750525640441439,3.002139404256266,G,2014-01-24
FBHS,FBHS.W^E14,2014-02-19,ESG-GJR-GARCH(S),0.2784648031497097,3.077089150524072,S,2014-01-24
FBHS,FBHS.W^E14,2014-02-19,GARCH,0.29956791592221,3.5611482638879486,,2014-01-24
FBHS,FBHS.W^E14,2014-02-19,GJR-GARCH,0.2744160640393038,2.988260960429497,,2014-01-24
FBHS,FBHS.W^E14,2014-02-20,EGARCH,0.2922906536174733,3.3902311981003894,,2014-01-24
FBHS,FBHS.W^E14,2014-02-20,ESG-EGARCH,0.2958706605021075,3.473787608966404,all,2014-01-24
FBHS,FBHS.W^E14,2014-02-20,ESG-EGARCH(E),0.2960755769872132,3.478601082869492,E,2014-01-24
FBHS,FBHS.W^E14,2014-02-20,ESG-EGARCH(G),0.2946749875948885,3.445767790239988,G,2014-01-24
FBHS,FBHS.W^E14,2014-02-20,ESG-EGARCH(S),0.2984952803513802,3.535691761589249,S,2014-01-24
FBHS,FBHS.W^E14,2014-02-20,ESG-GARCH,0.3013325521338996,3.6032264672829095,all,2014-01-24
FBHS,FBHS.W^E14,2014-02-20,ESG-GARCH(E),0.3012472245900876,3.6011861239377256,E,2014-01-24
FBHS,FBHS.W^E14,2014-02-20,ESG-GARCH(G),0.2999742109613635,3.570814573090977,G,2014-01-24
FBHS,FBHS.W^E14,2014-02-20,ESG-GARCH(S),0.3036958546578432,3.6599671482681697,S,2014-01-24
FBHS,FBHS.W^E14,2014-02-20,ESG-GJR-GARCH,0.2759997098782173,3.0228507878119104,all,2014-01-24
FBHS,FBHS.W^E14,2014-02-20,ESG-GJR-GARCH(E),0.2765066919884152,3.033966298189537,E,2014-01-24
FBHS,FBHS.W^E14,2014-02-20,ESG-GJR-GARCH(G),0.2750525640441439,3.002139404256266,G,2014-01-24
FBHS,FBHS.W^E14,2014-02-20,ESG-GJR-GARCH(S),0.2784648031497097,3.077089150524072,S,2014-01-24
FBHS,FBHS.W^E14,2014-02-20,GARCH,0.29956791592221,3.5611482638879486,,2014-01-24
FBHS,FBHS.W^E14,2014-02-20,GJR-GARCH,0.2744160640393038,2.988260960429497,,2014-01-24
FBHS,FBHS.W^E14,2014-02-21,EGARCH,0.2922906536174733,3.3902311981003894,,2014-01-24
FBHS,FBHS.W^E14,2014-02-21,ESG-EGARCH,0.2958706605021075,3.473787608966404,all,2014-01-24
FBHS,FBHS.W^E14,2014-02-21,ESG-EGARCH(E),0.2960755769872132,3.478601082869492,E,2014-01-24
FBHS,FBHS.W^E14,2014-02-21,ESG-EGARCH(G),0.2946749875948885,3.445767790239988,G,2014-01-24
FBHS,FBHS.W^E14,2014-02-21,ESG-EGARCH(S),0.2984952803513802,3.535691761589249,S,2014-01-24
FBHS,FBHS.W^E14,2014-02-21,ESG-GARCH,0.3013325521338996,3.6032264672829095,all,2014-01-24
FBHS,FBHS.W^E14,2014-02-21,ESG-GARCH(E),0.3012472245900876,3.6011861239377256,E,2014-01-24
FBHS,FBHS.W^E14,2014-02-21,ESG-GARCH(G),0.2999742109613635,3.570814573090977,G,2014-01-24
FBHS,FBHS.W^E14,2014-02-21,ESG-GARCH(S),0.3036958546578432,3.6599671482681697,S,2014-01-24
FBHS,FBHS.W^E14,2014-02-21,ESG-GJR-GARCH,0.2759997098782173,3.0228507878119104,all,2014-01-24
FBHS,FBHS.W^E14,2014-02-21,ESG-GJR-GARCH(E),0.2765066919884152,3.033966298189537,E,2014-01-24
FBHS,FBHS.W^E14,2014-02-21,ESG-GJR-GARCH(G),0.2750525640441439,3.002139404256266,G,2014-01-24
FBHS,FBHS.W^E14,2014-02-21,ESG-GJR-GARCH(S),0.2784648031497097,3.077089150524072,S,2014-01-24
FBHS,FBHS.W^E14,2014-02-21,GARCH,0.29956791592221,3.5611482638879486,,2014-01-24
FBHS,FBHS.W^E14,2014-02-21,GJR-GARCH,0.2744160640393038,2.988260960429497,,2014-01-24
FBHS,FBHS.W^E14,2014-02-24,EGARCH,0.2922906536174733,3.3902311981003894,,2014-01-24
FBHS,FBHS.W^E14,2014-02-24,ESG-EGARCH,0.2958706605021075,3.473787608966404,all,2014-01-24
FBHS,FBHS.W^E14,2014-02-24,ESG-EGARCH(E),0.2960755769872132,3.478601082869492,E,2014-01-24
FBHS,FBHS.W^E14,2014-02-24,ESG-EGARCH(G),0.2946749875948885,3.445767790239988,G,2014-01-24
FBHS,FBHS.W^E14,2014-02-24,ESG-EGARCH(S),0.2984952803513802,3.535691761589249,S,2014-01-24
FBHS,FBHS.W^E14,2014-02-24,ESG-GARCH,0.3013325521338996,3.6032264672829095,all,2014-01-24
FBHS,FBHS.W^E14,2014-02-24,ESG-GARCH(E),0.3012472245900876,3.6011861239377256,E,2014-01-24
FBHS,FBHS.W^E14,2014-02-24,ESG-GARCH(G),0.2999742109613635,3.570814573090977,G,2014-01-24
FBHS,FBHS.W^E14,2014-02-24,ESG-GARCH(S),0.3036958546578432,3.6599671482681697,S,2014-01-24
FBHS,FBHS.W^E14,2014-02-24,ESG-GJR-GARCH,0.2759997098782173,3.0228507878119104,all,2014-01-24
FBHS,FBHS.W^E14,2014-02-24,ESG-GJR-GARCH(E),0.2765066919884152,3.033966298189537,E,2014-01-24
FBHS,FBHS.W^E14,2014-02-24,ESG-GJR-GARCH(G),0.2750525640441439,3.002139404256266,G,2014-01-24
FBHS,FBHS.W^E14,2014-02-24,ESG-GJR-GARCH(S),0.2784648031497097,3.077089150524072,S,2014-01-24
FBHS,FBHS.W^E14,2014-02-24,GARCH,0.29956791592221,3.5611482638879486,,2014-01-24
FBHS,FBHS.W^E14,2014-02-24,GJR-GARCH,0.2744160640393038,2.988260960429497,,2014-01-24
FBHS,FBHS.W^E14,2014-02-25,EGARCH,0.2922906536174733,3.3902311981003894,,2014-01-24
FBHS,FBHS.W^E14,2014-02-25,ESG-EGARCH,0.2958706605021075,3.473787608966404,all,2014-01-24
FBHS,FBHS.W^E14,2014-02-25,ESG-EGARCH(E),0.2960755769872132,3.478601082869492,E,2014-01-24
FBHS,FBHS.W^E14,2014-02-25,ESG-EGARCH(G),0.2946749875948885,3.445767790239988,G,2014-01-24
FBHS,FBHS.W^E14,2014-02-25,ESG-EGARCH(S),0.2984952803513802,3.535691761589249,S,2014-01-24
FBHS,FBHS.W^E14,2014-02-25,ESG-GARCH,0.3013325521338996,3.6032264672829095,all,2014-01-24
FBHS,FBHS.W^E14,2014-02-25,ESG-GARCH(E),0.3012472245900876,3.6011861239377256,E,2014-01-24
FBHS,FBHS.W^E14,2014-02-25,ESG-GARCH(G),0.2999742109613635,3.570814573090977,G,2014-01-24
FBHS,FBHS.W^E14,2014-02-25,ESG-GARCH(S),0.3036958546578432,3.6599671482681697,S,2014-01-24
FBHS,FBHS.W^E14,2014-02-25,ESG-GJR-GARCH,0.2759997098782173,3.0228507878119104,all,2014-01-24
FBHS,FBHS.W^E14,2014-02-25,ESG-GJR-GARCH(E),0.2765066919884152,3.033966298189537,E,2014-01-24
FBHS,FBHS.W^E14,2014-02-25,ESG-GJR-GARCH(G),0.2750525640441439,3.002139404256266,G,2014-01-24
FBHS,FBHS.W^E14,2014-02-25,ESG-GJR-GARCH(S),0.2784648031497097,3.077089150524072,S,2014-01-24
FBHS,FBHS.W^E14,2014-02-25,GARCH,0.29956791592221,3.5611482638879486,,2014-01-24
FBHS,FBHS.W^E14,2014-02-25,GJR-GARCH,0.2744160640393038,2.988260960429497,,2014-01-24
FBHS,FBHS.W^E14,2014-02-26,EGARCH,0.2922906536174733,3.3902311981003894,,2014-01-24
FBHS,FBHS.W^E14,2014-02-26,ESG-EGARCH,0.2958706605021075,3.473787608966404,all,2014-01-24
FBHS,FBHS.W^E14,2014-02-26,ESG-EGARCH(E),0.2960755769872132,3.478601082869492,E,2014-01-24
FBHS,FBHS.W^E14,2014-02-26,ESG-EGARCH(G),0.2946749875948885,3.445767790239988,G,2014-01-24
FBHS,FBHS.W^E14,2014-02-26,ESG-EGARCH(S),0.2984952803513802,3.535691761589249,S,2014-01-24
FBHS,FBHS.W^E14,2014-02-26,ESG-GARCH,0.3013325521338996,3.6032264672829095,all,2014-01-24
FBHS,FBHS.W^E14,2014-02-26,ESG-GARCH(E),0.3012472245900876,3.6011861239377256,E,2014-01-24
FBHS,FBHS.W^E14,2014-02-26,ESG-GARCH(G),0.2999742109613635,3.570814573090977,G,2014-01-24
FBHS,FBHS.W^E14,2014-02-26,ESG-GARCH(S),0.3036958546578432,3.6599671482681697,S,2014-01-24
FBHS,FBHS.W^E14,2014-02-26,ESG-GJR-GARCH,0.2759997098782173,3.0228507878119104,all,2014-01-24
FBHS,FBHS.W^E14,2014-02-26,ESG-GJR-GARCH(E),0.2765066919884152,3.033966298189537,E,2014-01-24
FBHS,FBHS.W^E14,2014-02-26,ESG-GJR-GARCH(G),0.2750525640441439,3.002139404256266,G,2014-01-24
FBHS,FBHS.W^E14,2014-02-26,ESG-GJR-GARCH(S),0.2784648031497097,3.077089150524072,S,2014-01-24
FBHS,FBHS.W^E14,2014-02-26,GARCH,0.29956791592221,3.5611482638879486,,2014-01-24
FBHS,FBHS.W^E14,2014-02-26,GJR-GARCH,0.2744160640393038,2.988260960429497,,2014-01-24
FBHS,FBHS.W^E14,2014-02-27,EGARCH,0.2922906536174733,3.3902311981003894,,2014-01-24
FBHS,FBHS.W^E14,2014-02-27,ESG-EGARCH,0.2958706605021075,3.473787608966404,all,2014-01-24
FBHS,FBHS.W^E14,2014-02-27,ESG-EGARCH(E),0.2960755769872132,3.478601082869492,E,2014-01-24
FBHS,FBHS.W^E14,2014-02-27,ESG-EGARCH(G),0.2946749875948885,3.445767790239988,G,2014-01-24
FBHS,FBHS.W^E14,2014-02-27,ESG-EGARCH(S),0.2984952803513802,3.535691761589249,S,2014-01-24
FBHS,FBHS.W^E14,2014-02-27,ESG-GARCH,0.3013325521338996,3.6032264672829095,all,2014-01-24
FBHS,FBHS.W^E14,2014-02-27,ESG-GARCH(E),0.3012472245900876,3.6011861239377256,E,2014-01-24
FBHS,FBHS.W^E14,2014-02-27,ESG-GARCH(G),0.2999742109613635,3.570814573090977,G,2014-01-24
FBHS,FBHS.W^E14,2014-02-27,ESG-GARCH(S),0.3036958546578432,3.6599671482681697,S,2014-01-24
FBHS,FBHS.W^E14,2014-02-27,ESG-GJR-GARCH,0.2759997098782173,3.0228507878119104,all,2014-01-24
FBHS,FBHS.W^E14,2014-02-27,ESG-GJR-GARCH(E),0.2765066919884152,3.033966298189537,E,2014-01-24
FBHS,FBHS.W^E14,2014-02-27,ESG-GJR-GARCH(G),0.2750525640441439,3.002139404256266,G,2014-01-24
FBHS,FBHS.W^E14,2014-02-27,ESG-GJR-GARCH(S),0.2784648031497097,3.077089150524072,S,2014-01-24
FBHS,FBHS.W^E14,2014-02-27,GARCH,0.29956791592221,3.5611482638879486,,2014-01-24
FBHS,FBHS.W^E14,2014-02-27,GJR-GARCH,0.2744160640393038,2.988260960429497,,2014-01-24
FBHS,FBHS.W^E14,2014-02-28,EGARCH,0.2922906536174733,3.3902311981003894,,2014-01-24
FBHS,FBHS.W^E14,2014-02-28,ESG-EGARCH,0.2958706605021075,3.473787608966404,all,2014-01-24
FBHS,FBHS.W^E14,2014-02-28,ESG-EGARCH(E),0.2960755769872132,3.478601082869492,E,2014-01-24
FBHS,FBHS.W^E14,2014-02-28,ESG-EGARCH(G),0.2946749875948885,3.445767790239988,G,2014-01-24
FBHS,FBHS.W^E14,2014-02-28,ESG-EGARCH(S),0.2984952803513802,3.535691761589249,S,2014-01-24
FBHS,FBHS.W^E14,2014-02-28,ESG-GARCH,0.3013325521338996,3.6032264672829095,all,2014-01-24
FBHS,FBHS.W^E14,2014-02-28,ESG-GARCH(E),0.3012472245900876,3.6011861239377256,E,2014-01-24
FBHS,FBHS.W^E14,2014-02-28,ESG-GARCH(G),0.2999742109613635,3.570814573090977,G,2014-01-24
FBHS,FBHS.W^E14,2014-02-28,ESG-GARCH(S),0.3036958546578432,3.6599671482681697,S,2014-01-24
FBHS,FBHS.W^E14,2014-02-28,ESG-GJR-GARCH,0.2759997098782173,3.0228507878119104,all,2014-01-24
FBHS,FBHS.W^E14,2014-02-28,ESG-GJR-GARCH(E),0.2765066919884152,3.033966298189537,E,2014-01-24
FBHS,FBHS.W^E14,2014-02-28,ESG-GJR-GARCH(G),0.2750525640441439,3.002139404256266,G,2014-01-24
FBHS,FBHS.W^E14,2014-02-28,ESG-GJR-GARCH(S),0.2784648031497097,3.077089150524072,S,2014-01-24
FBHS,FBHS.W^E14,2014-02-28,GARCH,0.29956791592221,3.5611482638879486,,2014-01-24
FBHS,FBHS.W^E14,2014-02-28,GJR-GARCH,0.2744160640393038,2.988260960429497,,2014-01-24
FBHS,FBHS.W^E14,2014-03-03,EGARCH,0.3255448546740805,4.20553382558604,,2014-03-03
FBHS,FBHS.W^E14,2014-03-03,ESG-EGARCH,0.3202740050264714,4.070453900622868,all,2014-03-03
FBHS,FBHS.W^E14,2014-03-03,ESG-EGARCH(E),0.3204773934460238,4.075625385315776,E,2014-03-03
FBHS,FBHS.W^E14,2014-03-03,ESG-EGARCH(G),0.3204641045083679,4.075287391998023,G,2014-03-03
FBHS,FBHS.W^E14,2014-03-03,ESG-EGARCH(S),0.3199682126858762,4.062684806721989,S,2014-03-03
FBHS,FBHS.W^E14,2014-03-03,ESG-GARCH,0.3231095705941768,4.142848992442592,all,2014-03-03
FBHS,FBHS.W^E14,2014-03-03,ESG-GARCH(E),0.3217337969746257,4.107644290305939,E,2014-03-03
FBHS,FBHS.W^E14,2014-03-03,ESG-GARCH(G),0.3222917946016221,4.121904796330723,G,2014-03-03
FBHS,FBHS.W^E14,2014-03-03,ESG-GARCH(S),0.3229176832340121,4.137929767667531,S,2014-03-03
FBHS,FBHS.W^E14,2014-03-03,ESG-GJR-GARCH,0.3202434560352065,4.06967742592751,all,2014-03-03
FBHS,FBHS.W^E14,2014-03-03,ESG-GJR-GARCH(E),0.3182735970700421,4.019765182218396,E,2014-03-03
FBHS,FBHS.W^E14,2014-03-03,ESG-GJR-GARCH(G),0.3193766015577814,4.047675143753883,G,2014-03-03
FBHS,FBHS.W^E14,2014-03-03,ESG-GJR-GARCH(S),0.3185062548591358,4.025644221602887,S,2014-03-03
FBHS,FBHS.W^E14,2014-03-03,GARCH,0.3185704555006555,4.0272672665831415,,2014-03-03
FBHS,FBHS.W^E14,2014-03-03,GJR-GARCH,0.3138290933930622,3.908281740472675,,2014-03-03
FBHS,FBHS.W^E14,2014-03-25,EGARCH,0.3255448546740805,4.20553382558604,,2014-03-03
FBHS,FBHS.W^E14,2014-03-25,ESG-EGARCH,0.3202740050264714,4.070453900622868,all,2014-03-03
FBHS,FBHS.W^E14,2014-03-25,ESG-EGARCH(E),0.3204773934460238,4.075625385315776,E,2014-03-03
FBHS,FBHS.W^E14,2014-03-25,ESG-EGARCH(G),0.3204641045083679,4.075287391998023,G,2014-03-03
FBHS,FBHS.W^E14,2014-03-25,ESG-EGARCH(S),0.3199682126858762,4.062684806721989,S,2014-03-03
FBHS,FBHS.W^E14,2014-03-25,ESG-GARCH,0.3231095705941768,4.142848992442592,all,2014-03-03
FBHS,FBHS.W^E14,2014-03-25,ESG-GARCH(E),0.3217337969746257,4.107644290305939,E,2014-03-03
FBHS,FBHS.W^E14,2014-03-25,ESG-GARCH(G),0.3222917946016221,4.121904796330723,G,2014-03-03
FBHS,FBHS.W^E14,2014-03-25,ESG-GARCH(S),0.3229176832340121,4.137929767667531,S,2014-03-03
FBHS,FBHS.W^E14,2014-03-25,ESG-GJR-GARCH,0.3202434560352065,4.06967742592751,all,2014-03-03
FBHS,FBHS.W^E14,2014-03-25,ESG-GJR-GARCH(E),0.3182735970700421,4.019765182218396,E,2014-03-03
FBHS,FBHS.W^E14,2014-03-25,ESG-GJR-GARCH(G),0.3193766015577814,4.047675143753883,G,2014-03-03
FBHS,FBHS.W^E14,2014-03-25,ESG-GJR-GARCH(S),0.3185062548591358,4.025644221602887,S,2014-03-03
FBHS,FBHS.W^E14,2014-03-25,GARCH,0.3185704555006555,4.0272672665831415,,2014-03-03
FBHS,FBHS.W^E14,2014-03-25,GJR-GARCH,0.3138290933930622,3.908281740472675,,2014-03-03
FBHS,FBHS.W^E14,2014-03-26,EGARCH,0.3255448546740805,4.20553382558604,,2014-03-03
FBHS,FBHS.W^E14,2014-03-26,ESG-EGARCH,0.3202740050264714,4.070453900622868,all,2014-03-03
FBHS,FBHS.W^E14,2014-03-26,ESG-EGARCH(E),0.3204773934460238,4.075625385315776,E,2014-03-03
FBHS,FBHS.W^E14,2014-03-26,ESG-EGARCH(G),0.3204641045083679,4.075287391998023,G,2014-03-03
FBHS,FBHS.W^E14,2014-03-26,ESG-EGARCH(S),0.3199682126858762,4.062684806721989,S,2014-03-03
FBHS,FBHS.W^E14,2014-03-26,ESG-GARCH,0.3231095705941768,4.142848992442592,all,2014-03-03
FBHS,FBHS.W^E14,2014-03-26,ESG-GARCH(E),0.3217337969746257,4.107644290305939,E,2014-03-03
FBHS,FBHS.W^E14,2014-03-26,ESG-GARCH(G),0.3222917946016221,4.121904796330723,G,2014-03-03
FBHS,FBHS.W^E14,2014-03-26,ESG-GARCH(S),0.3229176832340121,4.137929767667531,S,2014-03-03
FBHS,FBHS.W^E14,2014-03-26,ESG-GJR-GARCH,0.3202434560352065,4.06967742592751,all,2014-03-03
FBHS,FBHS.W^E14,2014-03-26,ESG-GJR-GARCH(E),0.3182735970700421,4.019765182218396,E,2014-03-03
FBHS,FBHS.W^E14,2014-03-26,ESG-GJR-GARCH(G),0.3193766015577814,4.047675143753883,G,2014-03-03
FBHS,FBHS.W^E14,2014-03-26,ESG-GJR-GARCH(S),0.3185062548591358,4.025644221602887,S,2014-03-03
FBHS,FBHS.W^E14,2014-03-26,GARCH,0.3185704555006555,4.0272672665831415,,2014-03-03
FBHS,FBHS.W^E14,2014-03-26,GJR-GARCH,0.3138290933930622,3.908281740472675,,2014-03-03
FBHS,FBHS.W^E14,2014-04-07,EGARCH,0.3255448546740805,4.20553382558604,,2014-03-03
FBHS,FBHS.W^E14,2014-04-07,ESG-EGARCH,0.3202740050264714,4.070453900622868,all,2014-03-03
FBHS,FBHS.W^E14,2014-04-07,ESG-EGARCH(E),0.3204773934460238,4.075625385315776,E,2014-03-03
FBHS,FBHS.W^E14,2014-04-07,ESG-EGARCH(G),0.3204641045083679,4.075287391998023,G,2014-03-03
FBHS,FBHS.W^E14,2014-04-07,ESG-EGARCH(S),0.3199682126858762,4.062684806721989,S,2014-03-03
FBHS,FBHS.W^E14,2014-04-07,ESG-GARCH,0.3231095705941768,4.142848992442592,all,2014-03-03
FBHS,FBHS.W^E14,2014-04-07,ESG-GARCH(E),0.3217337969746257,4.107644290305939,E,2014-03-03
FBHS,FBHS.W^E14,2014-04-07,ESG-GARCH(G),0.3222917946016221,4.121904796330723,G,2014-03-03
FBHS,FBHS.W^E14,2014-04-07,ESG-GARCH(S),0.3229176832340121,4.137929767667531,S,2014-03-03
FBHS,FBHS.W^E14,2014-04-07,ESG-GJR-GARCH,0.3202434560352065,4.06967742592751,all,2014-03-03
FBHS,FBHS.W^E14,2014-04-07,ESG-GJR-GARCH(E),0.3182735970700421,4.019765182218396,E,2014-03-03
FBHS,FBHS.W^E14,2014-04-07,ESG-GJR-GARCH(G),0.3193766015577814,4.047675143753883,G,2014-03-03
FBHS,FBHS.W^E14,2014-04-07,ESG-GJR-GARCH(S),0.3185062548591358,4.025644221602887,S,2014-03-03
FBHS,FBHS.W^E14,2014-04-07,GARCH,0.3185704555006555,4.0272672665831415,,2014-03-03
FBHS,FBHS.W^E14,2014-04-07,GJR-GARCH,0.3138290933930622,3.908281740472675,,2014-03-03
FBHS,FBHS.W^E14,2014-04-08,EGARCH,0.3255448546740805,4.20553382558604,,2014-03-03
FBHS,FBHS.W^E14,2014-04-08,ESG-EGARCH,0.3202740050264714,4.070453900622868,all,2014-03-03
FBHS,FBHS.W^E14,2014-04-08,ESG-EGARCH(E),0.3204773934460238,4.075625385315776,E,2014-03-03
FBHS,FBHS.W^E14,2014-04-08,ESG-EGARCH(G),0.3204641045083679,4.075287391998023,G,2014-03-03
FBHS,FBHS.W^E14,2014-04-08,ESG-EGARCH(S),0.3199682126858762,4.062684806721989,S,2014-03-03
FBHS,FBHS.W^E14,2014-04-08,ESG-GARCH,0.3231095705941768,4.142848992442592,all,2014-03-03
FBHS,FBHS.W^E14,2014-04-08,ESG-GARCH(E),0.3217337969746257,4.107644290305939,E,2014-03-03
FBHS,FBHS.W^E14,2014-04-08,ESG-GARCH(G),0.3222917946016221,4.121904796330723,G,2014-03-03
FBHS,FBHS.W^E14,2014-04-08,ESG-GARCH(S),0.3229176832340121,4.137929767667531,S,2014-03-03
FBHS,FBHS.W^E14,2014-04-08,ESG-GJR-GARCH,0.3202434560352065,4.06967742592751,all,2014-03-03
FBHS,FBHS.W^E14,2014-04-08,ESG-GJR-GARCH(E),0.3182735970700421,4.019765182218396,E,2014-03-03
FBHS,FBHS.W^E14,2014-04-08,ESG-GJR-GARCH(G),0.3193766015577814,4.047675143753883,G,2014-03-03
FBHS,FBHS.W^E14,2014-04-08,ESG-GJR-GARCH(S),0.3185062548591358,4.025644221602887,S,2014-03-03
FBHS,FBHS.W^E14,2014-04-08,GARCH,0.3185704555006555,4.0272672665831415,,2014-03-03
FBHS,FBHS.W^E14,2014-04-08,GJR-GARCH,0.3138290933930622,3.908281740472675,,2014-03-03
FBHS,FBHS.W^E14,2014-04-28,EGARCH,0.3255448546740805,4.20553382558604,,2014-03-03
FBHS,FBHS.W^E14,2014-04-28,ESG-EGARCH,0.3202740050264714,4.070453900622868,all,2014-03-03
FBHS,FBHS.W^E14,2014-04-28,ESG-EGARCH(E),0.3204773934460238,4.075625385315776,E,2014-03-03
FBHS,FBHS.W^E14,2014-04-28,ESG-EGARCH(G),0.3204641045083679,4.075287391998023,G,2014-03-03
FBHS,FBHS.W^E14,2014-04-28,ESG-EGARCH(S),0.3199682126858762,4.062684806721989,S,2014-03-03
FBHS,FBHS.W^E14,2014-04-28,ESG-GARCH,0.3231095705941768,4.142848992442592,all,2014-03-03
FBHS,FBHS.W^E14,2014-04-28,ESG-GARCH(E),0.3217337969746257,4.107644290305939,E,2014-03-03
FBHS,FBHS.W^E14,2014-04-28,ESG-GARCH(G),0.3222917946016221,4.121904796330723,G,2014-03-03
FBHS,FBHS.W^E14,2014-04-28,ESG-GARCH(S),0.3229176832340121,4.137929767667531,S,2014-03-03
FBHS,FBHS.W^E14,2014-04-28,ESG-GJR-GARCH,0.3202434560352065,4.06967742592751,all,2014-03-03
FBHS,FBHS.W^E14,2014-04-28,ESG-GJR-GARCH(E),0.3182735970700421,4.019765182218396,E,2014-03-03
FBHS,FBHS.W^E14,2014-04-28,ESG-GJR-GARCH(G),0.3193766015577814,4.047675143753883,G,2014-03-03
FBHS,FBHS.W^E14,2014-04-28,ESG-GJR-GARCH(S),0.3185062548591358,4.025644221602887,S,2014-03-03
FBHS,FBHS.W^E14,2014-04-28,GARCH,0.3185704555006555,4.0272672665831415,,2014-03-03
FBHS,FBHS.W^E14,2014-04-28,GJR-GARCH,0.3138290933930622,3.908281740472675,,2014-03-03
