ticker,RIC,Date,model,forecast_vol,forecast_var_pct2,esg_spec,refit_date
JNPR,JNPR.W^E14,2010-02-03,EGARCH,0.2671579064945387,2.832275674704156,,2010-02-03
JNPR,JNPR.W^E14,2010-02-03,GARCH,0.2677318460382155,2.8444579913901094,,2010-02-03
JNPR,JNPR.W^E14,2010-02-03,GJR-GARCH,0.2829538425236084,3.1770982936061505,,2010-02-03
JNPR,JNPR.W^E14,2010-02-04,EGARCH,0.2671579064945387,2.832275674704156,,2010-02-03
JNPR,JNPR.W^E14,2010-02-04,GARCH,0.2677318460382155,2.8444579913901094,,2010-02-03
JNPR,JNPR.W^E14,2010-02-04,GJR-GARCH,0.2829538425236084,3.1770982936061505,,2010-02-03
JNPR,JNPR.W^E14,2010-02-10,EGARCH,0.2671579064945387,2.832275674704156,,2010-02-03
JNPR,JNPR.W^E14,2010-02-10,GARCH,0.2677318460382155,2.8444579913901094,,2010-02-03
JNPR,JNPR.W^E14,2010-02-10,GJR-GARCH,0.2829538425236084,3.1770982936061505,,2010-02-03
JNPR,JNPR.W^E14,2010-02-11,EGARCH,0.2671579064945387,2.832275674704156,,2010-02-03
JNPR,JNPR.W^E14,2010-02-11,GARCH,0.2677318460382155,2.8444579913901094,,2010-02-03
JNPR,JNPR.W^E14,2010-02-11,GJR-GARCH,0.2829538425236084,3.1770982936061505,,2010-02-03
JNPR,JNPR.W^E14,2010-02-12,EGARCH,0.2671579064945387,2.832275674704156,,2010-02-03
JNPR,JNPR.W^E14,2010-02-12,GARCH,0.2677318460382155,2.8444579913901094,,2010-02-03
JNPR,JNPR.W^E14,2010-02-12,GJR-GARCH,0.2829538425236084,3.1770982936061505,,2010-02-03
JNPR,JNPR.W^E14,2010-02-17,EGARCH,0.2671579064945387,2.832275674704156,,2010-02-03
JNPR,JNPR.W^E14,2010-02-17,GARCH,0.2677318460382155,2.8444579913901094,,2010-02-03
JNPR,JNPR.W^E14,2010-02-17,GJR-GARCH,0.2829538425236084,3.1770982936061505,,2010-02-03
JNPR,JNPR.W^E14,2010-02-18,EGARCH,0.2671579064945387,2.832275674704156,,2010-02-03
JNPR,JNPR.W^E14,2010-02-18,GARCH,0.2677318460382155,2.8444579913901094,,2010-02-03
JNPR,JNPR.W^E14,2010-02-18,GJR-GARCH,0.2829538425236084,3.1770982936061505,,2010-02-03
JNPR,JNPR.W^E14,2010-02-19,EGARCH,0.2671579064945387,2.832275674704156,,2010-02-03
JNPR,JNPR.W^E14,2010-02-19,GARCH,0.2677318460382155,2.8444579913901094,,2010-02-03
JNPR,JNPR.W^E14,2010-02-19,GJR-GARCH,0.2829538425236084,3.1770982936061505,,2010-02-03
JNPR,JNPR.W^E14,2010-02-22,EGARCH,0.2671579064945387,2.832275674704156,,2010-02-03
JNPR,JNPR.W^E14,2010-02-22,GARCH,0.2677318460382155,2.8444579913901094,,2010-02-03
JNPR,JNPR.W^E14,2010-02-22,GJR-GARCH,0.2829538425236084,3.1770982936061505,,2010-02-03
JNPR,JNPR.W^E14,2010-02-23,EGARCH,0.2671579064945387,2.832275674704156,,2010-02-03
JNPR,JNPR.W^E14,2010-02-23,GARCH,0.2677318460382155,2.8444579913901094,,2010-02-03
JNPR,JNPR.W^E14,2010-02-23,GJR-GARCH,0.2829538425236084,3.1770982936061505,,2010-02-03
JNPR,JNPR.W^E14,2010-02-24,EGARCH,0.2671579064945387,2.832275674704156,,2010-02-03
JNPR,JNPR.W^E14,2010-02-24,GARCH,0.2677318460382155,2.8444579913901094,,2010-02-03
JNPR,JNPR.W^E14,2010-02-24,GJR-GARCH,0.2829538425236084,3.1770982936061505,,2010-02-03
JNPR,JNPR.W^E14,2010-02-25,EGARCH,0.2671579064945387,2.832275674704156,,2010-02-03
JNPR,JNPR.W^E14,2010-02-25,GARCH,0.2677318460382155,2.8444579913901094,,2010-02-03
JNPR,JNPR.W^E14,2010-02-25,GJR-GARCH,0.2829538425236084,3.1770982936061505,,2010-02-03
JNPR,JNPR.W^E14,2010-02-26,EGARCH,0.2671579064945387,2.832275674704156,,2010-02-03
JNPR,JNPR.W^E14,2010-02-26,GARCH,0.2677318460382155,2.8444579913901094,,2010-02-03
JNPR,JNPR.W^E14,2010-02-26,GJR-GARCH,0.2829538425236084,3.1770982936061505,,2010-02-03
JNPR,JNPR.W^E14,2010-03-01,EGARCH,0.2671579064945387,2.832275674704156,,2010-02-03
JNPR,JNPR.W^E14,2010-03-01,GARCH,0.2677318460382155,2.8444579913901094,,2010-02-03
JNPR,JNPR.W^E14,2010-03-01,GJR-GARCH,0.2829538425236084,3.1770982936061505,,2010-02-03
JNPR,JNPR.W^E14,2010-03-02,EGARCH,0.2671579064945387,2.832275674704156,,2010-02-03
JNPR,JNPR.W^E14,2010-03-02,GARCH,0.2677318460382155,2.8444579913901094,,2010-02-03
JNPR,JNPR.W^E14,2010-03-02,GJR-GARCH,0.2829538425236084,3.1770982936061505,,2010-02-03
JNPR,JNPR.W^E14,2010-03-03,EGARCH,0.2671579064945387,2.832275674704156,,2010-02-03
JNPR,JNPR.W^E14,2010-03-03,GARCH,0.2677318460382155,2.8444579913901094,,2010-02-03
JNPR,JNPR.W^E14,2010-03-03,GJR-GARCH,0.2829538425236084,3.1770982936061505,,2010-02-03
JNPR,JNPR.W^E14,2010-03-04,EGARCH,0.2671579064945387,2.832275674704156,,2010-02-03
JNPR,JNPR.W^E14,2010-03-04,GARCH,0.2677318460382155,2.8444579913901094,,2010-02-03
JNPR,JNPR.W^E14,2010-03-04,GJR-GARCH,0.2829538425236084,3.1770982936061505,,2010-02-03
JNPR,JNPR.W^E14,2010-03-05,EGARCH,0.2671579064945387,2.832275674704156,,2010-02-03
JNPR,JNPR.W^E14,2010-03-05,GARCH,0.2677318460382155,2.8444579913901094,,2010-02-03
JNPR,JNPR.W^E14,2010-03-05,GJR-GARCH,0.2829538425236084,3.1770982936061505,,2010-02-03
JNPR,JNPR.W^E14,2010-03-08,EGARCH,0.2671579064945387,2.832275674704156,,2010-02-03
JNPR,JNPR.W^E14,2010-03-08,GARCH,0.2677318460382155,2.8444579913901094,,2010-02-03
JNPR,JNPR.W^E14,2010-03-08,GJR-GARCH,0.2829538425236084,3.1770982936061505,,2010-02-03
JNPR,JNPR.W^E14,2010-03-09,EGARCH,0.2671579064945387,2.832275674704156,,2010-02-03
JNPR,JNPR.W^E14,2010-03-09,GARCH,0.2677318460382155,2.8444579913901094,,2010-02-03
JNPR,JNPR.W^E14,2010-03-09,GJR-GARCH,0.2829538425236084,3.1770982936061505,,2010-02-03
JNPR,JNPR.W^E14,2010-03-10,EGARCH,0.2671579064945387,2.832275674704156,,2010-02-03
JNPR,JNPR.W^E14,2010-03-10,GARCH,0.2677318460382155,2.8444579913901094,,2010-02-03
JNPR,JNPR.W^E14,2010-03-10,GJR-GARCH,0.2829538425236084,3.1770982936061505,,2010-02-03
JNPR,JNPR.W^E14,2010-03-15,EGARCH,0.2671579064945387,2.832275674704156,,2010-02-03
JNPR,JNPR.W^E14,2010-03-15,GARCH,0.2677318460382155,2.8444579913901094,,2010-02-03
JNPR,JNPR.W^E14,2010-03-15,GJR-GARCH,0.2829538425236084,3.1770982936061505,,2010-02-03
JNPR,JNPR.W^E14,2010-03-16,EGARCH,0.2808160041822849,3.129270960512106,,2010-03-16
JNPR,JNPR.W^E14,2010-03-16,GARCH,0.2490687829179172,2.4617166120719283,,2010-03-16
JNPR,JNPR.W^E14,2010-03-16,GJR-GARCH,0.2456087053253111,2.3937950845863307,,2010-03-16
JNPR,JNPR.W^E14,2010-03-17,EGARCH,0.2808160041822849,3.129270960512106,,2010-03-16
JNPR,JNPR.W^E14,2010-03-17,GARCH,0.2490687829179172,2.4617166120719283,,2010-03-16
JNPR,JNPR.W^E14,2010-03-17,GJR-GARCH,0.2456087053253111,2.3937950845863307,,2010-03-16
JNPR,JNPR.W^E14,2010-03-18,EGARCH,0.2808160041822849,3.129270960512106,,2010-03-16
JNPR,JNPR.W^E14,2010-03-18,GARCH,0.2490687829179172,2.4617166120719283,,2010-03-16
JNPR,JNPR.W^E14,2010-03-18,GJR-GARCH,0.2456087053253111,2.3937950845863307,,2010-03-16
JNPR,JNPR.W^E14,2010-03-19,EGARCH,0.2808160041822849,3.129270960512106,,2010-03-16
JNPR,JNPR.W^E14,2010-03-19,GARCH,0.2490687829179172,2.4617166120719283,,2010-03-16
JNPR,JNPR.W^E14,2010-03-19,GJR-GARCH,0.2456087053253111,2.3937950845863307,,2010-03-16
JNPR,JNPR.W^E14,2010-03-22,EGARCH,0.2808160041822849,3.129270960512106,,2010-03-16
JNPR,JNPR.W^E14,2010-03-22,GARCH,0.2490687829179172,2.4617166120719283,,2010-03-16
JNPR,JNPR.W^E14,2010-03-22,GJR-GARCH,0.2456087053253111,2.3937950845863307,,2010-03-16
JNPR,JNPR.W^E14,2010-03-23,EGARCH,0.2808160041822849,3.129270960512106,,2010-03-16
JNPR,JNPR.W^E14,2010-03-23,GARCH,0.2490687829179172,2.4617166120719283,,2010-03-16
JNPR,JNPR.W^E14,2010-03-23,GJR-GARCH,0.2456087053253111,2.3937950845863307,,2010-03-16
JNPR,JNPR.W^E14,2010-03-24,EGARCH,0.2808160041822849,3.129270960512106,,2010-03-16
JNPR,JNPR.W^E14,2010-03-24,GARCH,0.2490687829179172,2.4617166120719283,,2010-03-16
JNPR,JNPR.W^E14,2010-03-24,GJR-GARCH,0.2456087053253111,2.3937950845863307,,2010-03-16
JNPR,JNPR.W^E14,2010-03-25,EGARCH,0.2808160041822849,3.129270960512106,,2010-03-16
JNPR,JNPR.W^E14,2010-03-25,GARCH,0.2490687829179172,2.4617166120719283,,2010-03-16
JNPR,JNPR.W^E14,2010-03-25,GJR-GARCH,0.2456087053253111,2.3937950845863307,,2010-03-16
JNPR,JNPR.W^E14,2010-03-31,EGARCH,0.2808160041822849,3.129270960512106,,2010-03-16
JNPR,JNPR.W^E14,2010-03-31,GARCH,0.2490687829179172,2.4617166120719283,,2010-03-16
JNPR,JNPR.W^E14,2010-03-31,GJR-GARCH,0.2456087053253111,2.3937950845863307,,2010-03-16
JNPR,JNPR.W^E14,2010-04-07,EGARCH,0.2808160041822849,3.129270960512106,,2010-03-16
JNPR,JNPR.W^E14,2010-04-07,GARCH,0.2490687829179172,2.4617166120719283,,2010-03-16
JNPR,JNPR.W^E14,2010-04-07,GJR-GARCH,0.2456087053253111,2.3937950845863307,,2010-03-16
JNPR,JNPR.W^E14,2010-04-08,EGARCH,0.2808160041822849,3.129270960512106,,2010-03-16
JNPR,JNPR.W^E14,2010-04-08,GARCH,0.2490687829179172,2.4617166120719283,,2010-03-16
JNPR,JNPR.W^E14,2010-04-08,GJR-GARCH,0.2456087053253111,2.3937950845863307,,2010-03-16
JNPR,JNPR.W^E14,2010-04-09,EGARCH,0.2808160041822849,3.129270960512106,,2010-03-16
JNPR,JNPR.W^E14,2010-04-09,GARCH,0.2490687829179172,2.4617166120719283,,2010-03-16
JNPR,JNPR.W^E14,2010-04-09,GJR-GARCH,0.2456087053253111,2.3937950845863307,,2010-03-16
JNPR,JNPR.W^E14,2010-04-12,EGARCH,0.2808160041822849,3.129270960512106,,2010-03-16
JNPR,JNPR.W^E14,2010-04-12,GARCH,0.2490687829179172,2.4617166120719283,,2010-03-16
JNPR,JNPR.W^E14,2010-04-12,GJR-GARCH,0.2456087053253111,2.3937950845863307,,2010-03-16
JNPR,JNPR.W^E14,2010-04-13,EGARCH,0.2808160041822849,3.129270960512106,,2010-03-16
JNPR,JNPR.W^E14,2010-04-13,GARCH,0.2490687829179172,2.4617166120719283,,2010-03-16
JNPR,JNPR.W^E14,2010-04-13,GJR-GARCH,0.2456087053253111,2.3937950845863307,,2010-03-16
JNPR,JNPR.W^E14,2010-04-14,EGARCH,0.2808160041822849,3.129270960512106,,2010-03-16
JNPR,JNPR.W^E14,2010-04-14,GARCH,0.2490687829179172,2.4617166120719283,,2010-03-16
JNPR,JNPR.W^E14,2010-04-14,GJR-GARCH,0.2456087053253111,2.3937950845863307,,2010-03-16
JNPR,JNPR.W^E14,2010-04-15,EGARCH,0.2808160041822849,3.129270960512106,,2010-03-16
JNPR,JNPR.W^E14,2010-04-15,GARCH,0.2490687829179172,2.4617166120719283,,2010-03-16
JNPR,JNPR.W^E14,2010-04-15,GJR-GARCH,0.2456087053253111,2.3937950845863307,,2010-03-16
JNPR,JNPR.W^E14,2010-04-16,EGARCH,0.2808160041822849,3.129270960512106,,2010-03-16
JNPR,JNPR.W^E14,2010-04-16,GARCH,0.2490687829179172,2.4617166120719283,,2010-03-16
JNPR,JNPR.W^E14,2010-04-16,GJR-GARCH,0.2456087053253111,2.3937950845863307,,2010-03-16
JNPR,JNPR.W^E14,2010-04-19,EGARCH,0.2808160041822849,3.129270960512106,,2010-03-16
JNPR,JNPR.W^E14,2010-04-19,GARCH,0.2490687829179172,2.4617166120719283,,2010-03-16
JNPR,JNPR.W^E14,2010-04-19,GJR-GARCH,0.2456087053253111,2.3937950845863307,,2010-03-16
JNPR,JNPR.W^E14,2010-04-20,EGARCH,0.2808160041822849,3.129270960512106,,2010-03-16
JNPR,JNPR.W^E14,2010-04-20,GARCH,0.2490687829179172,2.4617166120719283,,2010-03-16
JNPR,JNPR.W^E14,2010-04-20,GJR-GARCH,0.2456087053253111,2.3937950845863307,,2010-03-16
JNPR,JNPR.W^E14,2010-04-21,EGARCH,0.2808160041822849,3.129270960512106,,2010-03-16
JNPR,JNPR.W^E14,2010-04-21,GARCH,0.2490687829179172,2.4617166120719283,,2010-03-16
JNPR,JNPR.W^E14,2010-04-21,GJR-GARCH,0.2456087053253111,2.3937950845863307,,2010-03-16
JNPR,JNPR.W^E14,2010-04-22,EGARCH,0.2808160041822849,3.129270960512106,,2010-03-16
JNPR,JNPR.W^E14,2010-04-22,GARCH,0.2490687829179172,2.4617166120719283,,2010-03-16
JNPR,JNPR.W^E14,2010-04-22,GJR-GARCH,0.2456087053253111,2.3937950845863307,,2010-03-16
JNPR,JNPR.W^E14,2010-04-23,EGARCH,0.2808160041822849,3.129270960512106,,2010-03-16
JNPR,JNPR.W^E14,2010-04-23,GARCH,0.2490687829179172,2.4617166120719283,,2010-03-16
JNPR,JNPR.W^E14,2010-04-23,GJR-GARCH,0.2456087053253111,2.3937950845863307,,2010-03-16
JNPR,JNPR.W^E14,2010-04-26,EGARCH,0.3267726095001573,4.237315012680252,,2010-04-26
JNPR,JNPR.W^E14,2010-04-26,GARCH,0.2709160653030965,2.9125204142583985,,2010-04-26
JNPR,JNPR.W^E14,2010-04-26,GJR-GARCH,0.2931248684158351,3.4096106541190734,,2010-04-26
JNPR,JNPR.W^E14,2010-04-27,EGARCH,0.3267726095001573,4.237315012680252,,2010-04-26
JNPR,JNPR.W^E14,2010-04-27,GARCH,0.2709160653030965,2.9125204142583985,,2010-04-26
JNPR,JNPR.W^E14,2010-04-27,GJR-GARCH,0.2931248684158351,3.4096106541190734,,2010-04-26
JNPR,JNPR.W^E14,2010-04-30,EGARCH,0.3267726095001573,4.237315012680252,,2010-04-26
JNPR,JNPR.W^E14,2010-04-30,GARCH,0.2709160653030965,2.9125204142583985,,2010-04-26
JNPR,JNPR.W^E14,2010-04-30,GJR-GARCH,0.2931248684158351,3.4096106541190734,,2010-04-26
JNPR,JNPR.W^E14,2010-05-03,EGARCH,0.3267726095001573,4.237315012680252,,2010-04-26
JNPR,JNPR.W^E14,2010-05-03,GARCH,0.2709160653030965,2.9125204142583985,,2010-04-26
JNPR,JNPR.W^E14,2010-05-03,GJR-GARCH,0.2931248684158351,3.4096106541190734,,2010-04-26
JNPR,JNPR.W^E14,2010-05-04,EGARCH,0.3267726095001573,4.237315012680252,,2010-04-26
JNPR,JNPR.W^E14,2010-05-04,GARCH,0.2709160653030965,2.9125204142583985,,2010-04-26
JNPR,JNPR.W^E14,2010-05-04,GJR-GARCH,0.2931248684158351,3.4096106541190734,,2010-04-26
JNPR,JNPR.W^E14,2010-05-07,EGARCH,0.3267726095001573,4.237315012680252,,2010-04-26
JNPR,JNPR.W^E14,2010-05-07,GARCH,0.2709160653030965,2.9125204142583985,,2010-04-26
JNPR,JNPR.W^E14,2010-05-07,GJR-GARCH,0.2931248684158351,3.4096106541190734,,2010-04-26
JNPR,JNPR.W^E14,2010-05-10,EGARCH,0.3267726095001573,4.237315012680252,,2010-04-26
JNPR,JNPR.W^E14,2010-05-10,GARCH,0.2709160653030965,2.9125204142583985,,2010-04-26
JNPR,JNPR.W^E14,2010-05-10,GJR-GARCH,0.2931248684158351,3.4096106541190734,,2010-04-26
JNPR,JNPR.W^E14,2010-05-11,EGARCH,0.3267726095001573,4.237315012680252,,2010-04-26
JNPR,JNPR.W^E14,2010-05-11,GARCH,0.2709160653030965,2.9125204142583985,,2010-04-26
JNPR,JNPR.W^E14,2010-05-11,GJR-GARCH,0.2931248684158351,3.4096106541190734,,2010-04-26
JNPR,JNPR.W^E14,2010-05-12,EGARCH,0.3267726095001573,4.237315012680252,,2010-04-26
JNPR,JNPR.W^E14,2010-05-12,GARCH,0.2709160653030965,2.9125204142583985,,2010-04-26
JNPR,JNPR.W^E14,2010-05-12,GJR-GARCH,0.2931248684158351,3.4096106541190734,,2010-04-26
JNPR,JNPR.W^E14,2010-05-13,EGARCH,0.3267726095001573,4.237315012680252,,2010-04-26
JNPR,JNPR.W^E14,2010-05-13,GARCH,0.2709160653030965,2.9125204142583985,,2010-04-26
JNPR,JNPR.W^E14,2010-05-13,GJR-GARCH,0.2931248684158351,3.4096106541190734,,2010-04-26
JNPR,JNPR.W^E14,2010-05-14,EGARCH,0.3267726095001573,4.237315012680252,,2010-04-26
JNPR,JNPR.W^E14,2010-05-14,GARCH,0.2709160653030965,2.9125204142583985,,2010-04-26
JNPR,JNPR.W^E14,2010-05-14,GJR-GARCH,0.2931248684158351,3.4096106541190734,,2010-04-26
JNPR,JNPR.W^E14,2010-05-17,EGARCH,0.3267726095001573,4.237315012680252,,2010-04-26
JNPR,JNPR.W^E14,2010-05-17,GARCH,0.2709160653030965,2.9125204142583985,,2010-04-26
JNPR,JNPR.W^E14,2010-05-17,GJR-GARCH,0.2931248684158351,3.4096106541190734,,2010-04-26
JNPR,JNPR.W^E14,2010-05-18,EGARCH,0.3267726095001573,4.237315012680252,,2010-04-26
JNPR,JNPR.W^E14,2010-05-18,GARCH,0.2709160653030965,2.9125204142583985,,2010-04-26
JNPR,JNPR.W^E14,2010-05-18,GJR-GARCH,0.2931248684158351,3.4096106541190734,,2010-04-26
JNPR,JNPR.W^E14,2010-05-19,EGARCH,0.3267726095001573,4.237315012680252,,2010-04-26
JNPR,JNPR.W^E14,2010-05-19,GARCH,0.2709160653030965,2.9125204142583985,,2010-04-26
JNPR,JNPR.W^E14,2010-05-19,GJR-GARCH,0.2931248684158351,3.4096106541190734,,2010-04-26
JNPR,JNPR.W^E14,2010-05-20,EGARCH,0.3267726095001573,4.237315012680252,,2010-04-26
JNPR,JNPR.W^E14,2010-05-20,GARCH,0.2709160653030965,2.9125204142583985,,2010-04-26
JNPR,JNPR.W^E14,2010-05-20,GJR-GARCH,0.2931248684158351,3.4096106541190734,,2010-04-26
JNPR,JNPR.W^E14,2010-05-21,EGARCH,0.3267726095001573,4.237315012680252,,2010-04-26
JNPR,JNPR.W^E14,2010-05-21,GARCH,0.2709160653030965,2.9125204142583985,,2010-04-26
JNPR,JNPR.W^E14,2010-05-21,GJR-GARCH,0.2931248684158351,3.4096106541190734,,2010-04-26
JNPR,JNPR.W^E14,2010-05-24,EGARCH,0.3267726095001573,4.237315012680252,,2010-04-26
JNPR,JNPR.W^E14,2010-05-24,GARCH,0.2709160653030965,2.9125204142583985,,2010-04-26
JNPR,JNPR.W^E14,2010-05-24,GJR-GARCH,0.2931248684158351,3.4096106541190734,,2010-04-26
JNPR,JNPR.W^E14,2010-05-25,EGARCH,0.3267726095001573,4.237315012680252,,2010-04-26
JNPR,JNPR.W^E14,2010-05-25,GARCH,0.2709160653030965,2.9125204142583985,,2010-04-26
JNPR,JNPR.W^E14,2010-05-25,GJR-GARCH,0.2931248684158351,3.4096106541190734,,2010-04-26
JNPR,JNPR.W^E14,2010-05-26,EGARCH,0.3267726095001573,4.237315012680252,,2010-04-26
JNPR,JNPR.W^E14,2010-05-26,GARCH,0.2709160653030965,2.9125204142583985,,2010-04-26
JNPR,JNPR.W^E14,2010-05-26,GJR-GARCH,0.2931248684158351,3.4096106541190734,,2010-04-26
JNPR,JNPR.W^E14,2010-05-27,EGARCH,0.3267726095001573,4.237315012680252,,2010-04-26
JNPR,JNPR.W^E14,2010-05-27,GARCH,0.2709160653030965,2.9125204142583985,,2010-04-26
JNPR,JNPR.W^E14,2010-05-27,GJR-GARCH,0.2931248684158351,3.4096106541190734,,2010-04-26
JNPR,JNPR.W^E14,2010-05-28,EGARCH,0.3267726095001573,4.237315012680252,,2010-04-26
JNPR,JNPR.W^E14,2010-05-28,GARCH,0.2709160653030965,2.9125204142583985,,2010-04-26
JNPR,JNPR.W^E14,2010-05-28,GJR-GARCH,0.2931248684158351,3.4096106541190734,,2010-04-26
JNPR,JNPR.W^E14,2010-06-01,EGARCH,0.3267726095001573,4.237315012680252,,2010-04-26
JNPR,JNPR.W^E14,2010-06-01,GARCH,0.2709160653030965,2.9125204142583985,,2010-04-26
JNPR,JNPR.W^E14,2010-06-01,GJR-GARCH,0.2931248684158351,3.4096106541190734,,2010-04-26
JNPR,JNPR.W^E14,2010-06-02,EGARCH,0.4452038792225351,7.865337066460065,,2010-06-02
JNPR,JNPR.W^E14,2010-06-02,GARCH,0.3832805268616076,5.829522312353632,,2010-06-02
JNPR,JNPR.W^E14,2010-06-02,GJR-GARCH,0.474346195239306,8.928742576904991,,2010-06-02
JNPR,JNPR.W^E14,2010-06-03,EGARCH,0.4452038792225351,7.865337066460065,,2010-06-02
JNPR,JNPR.W^E14,2010-06-03,GARCH,0.3832805268616076,5.829522312353632,,2010-06-02
JNPR,JNPR.W^E14,2010-06-03,GJR-GARCH,0.474346195239306,8.928742576904991,,2010-06-02
JNPR,JNPR.W^E14,2010-06-04,EGARCH,0.4452038792225351,7.865337066460065,,2010-06-02
JNPR,JNPR.W^E14,2010-06-04,GARCH,0.3832805268616076,5.829522312353632,,2010-06-02
JNPR,JNPR.W^E14,2010-06-04,GJR-GARCH,0.474346195239306,8.928742576904991,,2010-06-02
JNPR,JNPR.W^E14,2010-06-07,EGARCH,0.4452038792225351,7.865337066460065,,2010-06-02
JNPR,JNPR.W^E14,2010-06-07,GARCH,0.3832805268616076,5.829522312353632,,2010-06-02
JNPR,JNPR.W^E14,2010-06-07,GJR-GARCH,0.474346195239306,8.928742576904991,,2010-06-02
JNPR,JNPR.W^E14,2010-06-08,EGARCH,0.4452038792225351,7.865337066460065,,2010-06-02
JNPR,JNPR.W^E14,2010-06-08,GARCH,0.3832805268616076,5.829522312353632,,2010-06-02
JNPR,JNPR.W^E14,2010-06-08,GJR-GARCH,0.474346195239306,8.928742576904991,,2010-06-02
JNPR,JNPR.W^E14,2010-06-09,EGARCH,0.4452038792225351,7.865337066460065,,2010-06-02
JNPR,JNPR.W^E14,2010-06-09,GARCH,0.3832805268616076,5.829522312353632,,2010-06-02
JNPR,JNPR.W^E14,2010-06-09,GJR-GARCH,0.474346195239306,8.928742576904991,,2010-06-02
JNPR,JNPR.W^E14,2010-06-10,EGARCH,0.4452038792225351,7.865337066460065,,2010-06-02
JNPR,JNPR.W^E14,2010-06-10,GARCH,0.3832805268616076,5.829522312353632,,2010-06-02
JNPR,JNPR.W^E14,2010-06-10,GJR-GARCH,0.474346195239306,8.928742576904991,,2010-06-02
JNPR,JNPR.W^E14,2010-06-11,EGARCH,0.4452038792225351,7.865337066460065,,2010-06-02
JNPR,JNPR.W^E14,2010-06-11,GARCH,0.3832805268616076,5.829522312353632,,2010-06-02
JNPR,JNPR.W^E14,2010-06-11,GJR-GARCH,0.474346195239306,8.928742576904991,,2010-06-02
JNPR,JNPR.W^E14,2010-06-14,EGARCH,0.4452038792225351,7.865337066460065,,2010-06-02
JNPR,JNPR.W^E14,2010-06-14,GARCH,0.3832805268616076,5.829522312353632,,2010-06-02
JNPR,JNPR.W^E14,2010-06-14,GJR-GARCH,0.474346195239306,8.928742576904991,,2010-06-02
JNPR,JNPR.W^E14,2010-06-15,EGARCH,0.4452038792225351,7.865337066460065,,2010-06-02
JNPR,JNPR.W^E14,2010-06-15,GARCH,0.3832805268616076,5.829522312353632,,2010-06-02
JNPR,JNPR.W^E14,2010-06-15,GJR-GARCH,0.474346195239306,8.928742576904991,,2010-06-02
JNPR,JNPR.W^E14,2010-06-16,EGARCH,0.4452038792225351,7.865337066460065,,2010-06-02
JNPR,JNPR.W^E14,2010-06-16,GARCH,0.3832805268616076,5.829522312353632,,2010-06-02
JNPR,JNPR.W^E14,2010-06-16,GJR-GARCH,0.474346195239306,8.928742576904991,,2010-06-02
JNPR,JNPR.W^E14,2010-06-17,EGARCH,0.4452038792225351,7.865337066460065,,2010-06-02
JNPR,JNPR.W^E14,2010-06-17,GARCH,0.3832805268616076,5.829522312353632,,2010-06-02
JNPR,JNPR.W^E14,2010-06-17,GJR-GARCH,0.474346195239306,8.928742576904991,,2010-06-02
JNPR,JNPR.W^E14,2010-06-18,EGARCH,0.4452038792225351,7.865337066460065,,2010-06-02
JNPR,JNPR.W^E14,2010-06-18,GARCH,0.3832805268616076,5.829522312353632,,2010-06-02
JNPR,JNPR.W^E14,2010-06-18,GJR-GARCH,0.474346195239306,8.928742576904991,,2010-06-02
JNPR,JNPR.W^E14,2010-06-21,EGARCH,0.4452038792225351,7.865337066460065,,2010-06-02
JNPR,JNPR.W^E14,2010-06-21,GARCH,0.3832805268616076,5.829522312353632,,2010-06-02
JNPR,JNPR.W^E14,2010-06-21,GJR-GARCH,0.474346195239306,8.928742576904991,,2010-06-02
JNPR,JNPR.W^E14,2010-06-22,EGARCH,0.4452038792225351,7.865337066460065,,2010-06-02
JNPR,JNPR.W^E14,2010-06-22,GARCH,0.3832805268616076,5.829522312353632,,2010-06-02
JNPR,JNPR.W^E14,2010-06-22,GJR-GARCH,0.474346195239306,8.928742576904991,,2010-06-02
JNPR,JNPR.W^E14,2010-06-23,EGARCH,0.4452038792225351,7.865337066460065,,2010-06-02
JNPR,JNPR.W^E14,2010-06-23,GARCH,0.3832805268616076,5.829522312353632,,2010-06-02
JNPR,JNPR.W^E14,2010-06-23,GJR-GARCH,0.474346195239306,8.928742576904991,,2010-06-02
JNPR,JNPR.W^E14,2010-06-24,EGARCH,0.4452038792225351,7.865337066460065,,2010-06-02
JNPR,JNPR.W^E14,2010-06-24,GARCH,0.3832805268616076,5.829522312353632,,2010-06-02
JNPR,JNPR.W^E14,2010-06-24,GJR-GARCH,0.474346195239306,8.928742576904991,,2010-06-02
JNPR,JNPR.W^E14,2010-06-25,EGARCH,0.4452038792225351,7.865337066460065,,2010-06-02
JNPR,JNPR.W^E14,2010-06-25,GARCH,0.3832805268616076,5.829522312353632,,2010-06-02
JNPR,JNPR.W^E14,2010-06-25,GJR-GARCH,0.474346195239306,8.928742576904991,,2010-06-02
JNPR,JNPR.W^E14,2010-06-28,EGARCH,0.4452038792225351,7.865337066460065,,2010-06-02
JNPR,JNPR.W^E14,2010-06-28,GARCH,0.3832805268616076,5.829522312353632,,2010-06-02
JNPR,JNPR.W^E14,2010-06-28,GJR-GARCH,0.474346195239306,8.928742576904991,,2010-06-02
JNPR,JNPR.W^E14,2010-06-29,EGARCH,0.4452038792225351,7.865337066460065,,2010-06-02
JNPR,JNPR.W^E14,2010-06-29,GARCH,0.3832805268616076,5.829522312353632,,2010-06-02
JNPR,JNPR.W^E14,2010-06-29,GJR-GARCH,0.474346195239306,8.928742576904991,,2010-06-02
JNPR,JNPR.W^E14,2010-06-30,EGARCH,0.4452038792225351,7.865337066460065,,2010-06-02
JNPR,JNPR.W^E14,2010-06-30,GARCH,0.3832805268616076,5.829522312353632,,2010-06-02
JNPR,JNPR.W^E14,2010-06-30,GJR-GARCH,0.474346195239306,8.928742576904991,,2010-06-02
JNPR,JNPR.W^E14,2010-07-01,EGARCH,0.4452038792225351,7.865337066460065,,2010-06-02
JNPR,JNPR.W^E14,2010-07-01,GARCH,0.3832805268616076,5.829522312353632,,2010-06-02
JNPR,JNPR.W^E14,2010-07-01,GJR-GARCH,0.474346195239306,8.928742576904991,,2010-06-02
JNPR,JNPR.W^E14,2010-07-02,EGARCH,0.3856422026558613,5.901583669415255,,2010-07-02
JNPR,JNPR.W^E14,2010-07-02,ESG-EGARCH,0.3948495941330908,6.186754047105815,all,2010-07-02
JNPR,JNPR.W^E14,2010-07-02,ESG-EGARCH(E),0.394849594133091,6.186754047105821,E,2010-07-02
JNPR,JNPR.W^E14,2010-07-02,ESG-EGARCH(G),0.3948495941330912,6.186754047105826,G,2010-07-02
JNPR,JNPR.W^E14,2010-07-02,ESG-EGARCH(S),0.3948495941330912,6.186754047105826,S,2010-07-02
JNPR,JNPR.W^E14,2010-07-02,ESG-GARCH,0.3496887017864645,4.852467784012021,all,2010-07-02
JNPR,JNPR.W^E14,2010-07-02,ESG-GARCH(E),0.3496887017864645,4.8524677840120205,E,2010-07-02
JNPR,JNPR.W^E14,2010-07-02,ESG-GARCH(G),0.3496887017864641,4.85246778401201,G,2010-07-02
JNPR,JNPR.W^E14,2010-07-02,ESG-GARCH(S),0.3496887017864641,4.85246778401201,S,2010-07-02
JNPR,JNPR.W^E14,2010-07-02,ESG-GJR-GARCH,0.4106916029013209,6.693158440224454,all,2010-07-02
JNPR,JNPR.W^E14,2010-07-02,ESG-GJR-GARCH(E),0.4106916029013208,6.693158440224452,E,2010-07-02
JNPR,JNPR.W^E14,2010-07-02,ESG-GJR-GARCH(G),0.4106916029013209,6.693158440224456,G,2010-07-02
JNPR,JNPR.W^E14,2010-07-02,ESG-GJR-GARCH(S),0.4106916029013209,6.693158440224456,S,2010-07-02
JNPR,JNPR.W^E14,2010-07-02,GARCH,0.3478693297526213,4.80210597549754,,2010-07-02
JNPR,JNPR.W^E14,2010-07-02,GJR-GARCH,0.406095398951532,6.544185438476349,,2010-07-02
JNPR,JNPR.W^E14,2010-07-06,EGARCH,0.3856422026558613,5.901583669415255,,2010-07-02
JNPR,JNPR.W^E14,2010-07-06,ESG-EGARCH,0.3948495941330908,6.186754047105815,all,2010-07-02
JNPR,JNPR.W^E14,2010-07-06,ESG-EGARCH(E),0.394849594133091,6.186754047105821,E,2010-07-02
JNPR,JNPR.W^E14,2010-07-06,ESG-EGARCH(G),0.3948495941330912,6.186754047105826,G,2010-07-02
JNPR,JNPR.W^E14,2010-07-06,ESG-EGARCH(S),0.3948495941330912,6.186754047105826,S,2010-07-02
JNPR,JNPR.W^E14,2010-07-06,ESG-GARCH,0.3496887017864645,4.852467784012021,all,2010-07-02
JNPR,JNPR.W^E14,2010-07-06,ESG-GARCH(E),0.3496887017864645,4.8524677840120205,E,2010-07-02
JNPR,JNPR.W^E14,2010-07-06,ESG-GARCH(G),0.3496887017864641,4.85246778401201,G,2010-07-02
JNPR,JNPR.W^E14,2010-07-06,ESG-GARCH(S),0.3496887017864641,4.85246778401201,S,2010-07-02
JNPR,JNPR.W^E14,2010-07-06,ESG-GJR-GARCH,0.4106916029013209,6.693158440224454,all,2010-07-02
JNPR,JNPR.W^E14,2010-07-06,ESG-GJR-GARCH(E),0.4106916029013208,6.693158440224452,E,2010-07-02
JNPR,JNPR.W^E14,2010-07-06,ESG-GJR-GARCH(G),0.4106916029013209,6.693158440224456,G,2010-07-02
JNPR,JNPR.W^E14,2010-07-06,ESG-GJR-GARCH(S),0.4106916029013209,6.693158440224456,S,2010-07-02
JNPR,JNPR.W^E14,2010-07-06,GARCH,0.3478693297526213,4.80210597549754,,2010-07-02
JNPR,JNPR.W^E14,2010-07-06,GJR-GARCH,0.406095398951532,6.544185438476349,,2010-07-02
JNPR,JNPR.W^E14,2010-07-07,EGARCH,0.3856422026558613,5.901583669415255,,2010-07-02
JNPR,JNPR.W^E14,2010-07-07,ESG-EGARCH,0.3948495941330908,6.186754047105815,all,2010-07-02
JNPR,JNPR.W^E14,2010-07-07,ESG-EGARCH(E),0.394849594133091,6.186754047105821,E,2010-07-02
JNPR,JNPR.W^E14,2010-07-07,ESG-EGARCH(G),0.3948495941330912,6.186754047105826,G,2010-07-02
JNPR,JNPR.W^E14,2010-07-07,ESG-EGARCH(S),0.3948495941330912,6.186754047105826,S,2010-07-02
JNPR,JNPR.W^E14,2010-07-07,ESG-GARCH,0.3496887017864645,4.852467784012021,all,2010-07-02
JNPR,JNPR.W^E14,2010-07-07,ESG-GARCH(E),0.3496887017864645,4.8524677840120205,E,2010-07-02
JNPR,JNPR.W^E14,2010-07-07,ESG-GARCH(G),0.3496887017864641,4.85246778401201,G,2010-07-02
JNPR,JNPR.W^E14,2010-07-07,ESG-GARCH(S),0.3496887017864641,4.85246778401201,S,2010-07-02
JNPR,JNPR.W^E14,2010-07-07,ESG-GJR-GARCH,0.4106916029013209,6.693158440224454,all,2010-07-02
JNPR,JNPR.W^E14,2010-07-07,ESG-GJR-GARCH(E),0.4106916029013208,6.693158440224452,E,2010-07-02
JNPR,JNPR.W^E14,2010-07-07,ESG-GJR-GARCH(G),0.4106916029013209,6.693158440224456,G,2010-07-02
JNPR,JNPR.W^E14,2010-07-07,ESG-GJR-GARCH(S),0.4106916029013209,6.693158440224456,S,2010-07-02
JNPR,JNPR.W^E14,2010-07-07,GARCH,0.3478693297526213,4.80210597549754,,2010-07-02
JNPR,JNPR.W^E14,2010-07-07,GJR-GARCH,0.406095398951532,6.544185438476349,,2010-07-02
JNPR,JNPR.W^E14,2010-07-08,EGARCH,0.3856422026558613,5.901583669415255,,2010-07-02
JNPR,JNPR.W^E14,2010-07-08,ESG-EGARCH,0.3948495941330908,6.186754047105815,all,2010-07-02
JNPR,JNPR.W^E14,2010-07-08,ESG-EGARCH(E),0.394849594133091,6.186754047105821,E,2010-07-02
JNPR,JNPR.W^E14,2010-07-08,ESG-EGARCH(G),0.3948495941330912,6.186754047105826,G,2010-07-02
JNPR,JNPR.W^E14,2010-07-08,ESG-EGARCH(S),0.3948495941330912,6.186754047105826,S,2010-07-02
JNPR,JNPR.W^E14,2010-07-08,ESG-GARCH,0.3496887017864645,4.852467784012021,all,2010-07-02
JNPR,JNPR.W^E14,2010-07-08,ESG-GARCH(E),0.3496887017864645,4.8524677840120205,E,2010-07-02
JNPR,JNPR.W^E14,2010-07-08,ESG-GARCH(G),0.3496887017864641,4.85246778401201,G,2010-07-02
JNPR,JNPR.W^E14,2010-07-08,ESG-GARCH(S),0.3496887017864641,4.85246778401201,S,2010-07-02
JNPR,JNPR.W^E14,2010-07-08,ESG-GJR-GARCH,0.4106916029013209,6.693158440224454,all,2010-07-02
JNPR,JNPR.W^E14,2010-07-08,ESG-GJR-GARCH(E),0.4106916029013208,6.693158440224452,E,2010-07-02
JNPR,JNPR.W^E14,2010-07-08,ESG-GJR-GARCH(G),0.4106916029013209,6.693158440224456,G,2010-07-02
JNPR,JNPR.W^E14,2010-07-08,ESG-GJR-GARCH(S),0.4106916029013209,6.693158440224456,S,2010-07-02
JNPR,JNPR.W^E14,2010-07-08,GARCH,0.3478693297526213,4.80210597549754,,2010-07-02
JNPR,JNPR.W^E14,2010-07-08,GJR-GARCH,0.406095398951532,6.544185438476349,,2010-07-02
JNPR,JNPR.W^E14,2010-07-09,EGARCH,0.3856422026558613,5.901583669415255,,2010-07-02
JNPR,JNPR.W^E14,2010-07-09,ESG-EGARCH,0.3948495941330908,6.186754047105815,all,2010-07-02
JNPR,JNPR.W^E14,2010-07-09,ESG-EGARCH(E),0.394849594133091,6.186754047105821,E,2010-07-02
JNPR,JNPR.W^E14,2010-07-09,ESG-EGARCH(G),0.3948495941330912,6.186754047105826,G,2010-07-02
JNPR,JNPR.W^E14,2010-07-09,ESG-EGARCH(S),0.3948495941330912,6.186754047105826,S,2010-07-02
JNPR,JNPR.W^E14,2010-07-09,ESG-GARCH,0.3496887017864645,4.852467784012021,all,2010-07-02
JNPR,JNPR.W^E14,2010-07-09,ESG-GARCH(E),0.3496887017864645,4.8524677840120205,E,2010-07-02
JNPR,JNPR.W^E14,2010-07-09,ESG-GARCH(G),0.3496887017864641,4.85246778401201,G,2010-07-02
JNPR,JNPR.W^E14,2010-07-09,ESG-GARCH(S),0.3496887017864641,4.85246778401201,S,2010-07-02
JNPR,JNPR.W^E14,2010-07-09,ESG-GJR-GARCH,0.4106916029013209,6.693158440224454,all,2010-07-02
JNPR,JNPR.W^E14,2010-07-09,ESG-GJR-GARCH(E),0.4106916029013208,6.693158440224452,E,2010-07-02
JNPR,JNPR.W^E14,2010-07-09,ESG-GJR-GARCH(G),0.4106916029013209,6.693158440224456,G,2010-07-02
JNPR,JNPR.W^E14,2010-07-09,ESG-GJR-GARCH(S),0.4106916029013209,6.693158440224456,S,2010-07-02
JNPR,JNPR.W^E14,2010-07-09,GARCH,0.3478693297526213,4.80210597549754,,2010-07-02
JNPR,JNPR.W^E14,2010-07-09,GJR-GARCH,0.406095398951532,6.544185438476349,,2010-07-02
JNPR,JNPR.W^E14,2010-07-12,EGARCH,0.3856422026558613,5.901583669415255,,2010-07-02
JNPR,JNPR.W^E14,2010-07-12,ESG-EGARCH,0.3948495941330908,6.186754047105815,all,2010-07-02
JNPR,JNPR.W^E14,2010-07-12,ESG-EGARCH(E),0.394849594133091,6.186754047105821,E,2010-07-02
JNPR,JNPR.W^E14,2010-07-12,ESG-EGARCH(G),0.3948495941330912,6.186754047105826,G,2010-07-02
JNPR,JNPR.W^E14,2010-07-12,ESG-EGARCH(S),0.3948495941330912,6.186754047105826,S,2010-07-02
JNPR,JNPR.W^E14,2010-07-12,ESG-GARCH,0.3496887017864645,4.852467784012021,all,2010-07-02
JNPR,JNPR.W^E14,2010-07-12,ESG-GARCH(E),0.3496887017864645,4.8524677840120205,E,2010-07-02
JNPR,JNPR.W^E14,2010-07-12,ESG-GARCH(G),0.3496887017864641,4.85246778401201,G,2010-07-02
JNPR,JNPR.W^E14,2010-07-12,ESG-GARCH(S),0.3496887017864641,4.85246778401201,S,2010-07-02
JNPR,JNPR.W^E14,2010-07-12,ESG-GJR-GARCH,0.4106916029013209,6.693158440224454,all,2010-07-02
JNPR,JNPR.W^E14,2010-07-12,ESG-GJR-GARCH(E),0.4106916029013208,6.693158440224452,E,2010-07-02
JNPR,JNPR.W^E14,2010-07-12,ESG-GJR-GARCH(G),0.4106916029013209,6.693158440224456,G,2010-07-02
JNPR,JNPR.W^E14,2010-07-12,ESG-GJR-GARCH(S),0.4106916029013209,6.693158440224456,S,2010-07-02
JNPR,JNPR.W^E14,2010-07-12,GARCH,0.3478693297526213,4.80210597549754,,2010-07-02
JNPR,JNPR.W^E14,2010-07-12,GJR-GARCH,0.406095398951532,6.544185438476349,,2010-07-02
JNPR,JNPR.W^E14,2010-07-13,EGARCH,0.3856422026558613,5.901583669415255,,2010-07-02
JNPR,JNPR.W^E14,2010-07-13,ESG-EGARCH,0.3948495941330908,6.186754047105815,all,2010-07-02
JNPR,JNPR.W^E14,2010-07-13,ESG-EGARCH(E),0.394849594133091,6.186754047105821,E,2010-07-02
JNPR,JNPR.W^E14,2010-07-13,ESG-EGARCH(G),0.3948495941330912,6.186754047105826,G,2010-07-02
JNPR,JNPR.W^E14,2010-07-13,ESG-EGARCH(S),0.3948495941330912,6.186754047105826,S,2010-07-02
JNPR,JNPR.W^E14,2010-07-13,ESG-GARCH,0.3496887017864645,4.852467784012021,all,2010-07-02
JNPR,JNPR.W^E14,2010-07-13,ESG-GARCH(E),0.3496887017864645,4.8524677840120205,E,2010-07-02
JNPR,JNPR.W^E14,2010-07-13,ESG-GARCH(G),0.3496887017864641,4.85246778401201,G,2010-07-02
JNPR,JNPR.W^E14,2010-07-13,ESG-GARCH(S),0.3496887017864641,4.85246778401201,S,2010-07-02
JNPR,JNPR.W^E14,2010-07-13,ESG-GJR-GARCH,0.4106916029013209,6.693158440224454,all,2010-07-02
JNPR,JNPR.W^E14,2010-07-13,ESG-GJR-GARCH(E),0.4106916029013208,6.693158440224452,E,2010-07-02
JNPR,JNPR.W^E14,2010-07-13,ESG-GJR-GARCH(G),0.4106916029013209,6.693158440224456,G,2010-07-02
JNPR,JNPR.W^E14,2010-07-13,ESG-GJR-GARCH(S),0.4106916029013209,6.693158440224456,S,2010-07-02
JNPR,JNPR.W^E14,2010-07-13,GARCH,0.3478693297526213,4.80210597549754,,2010-07-02
JNPR,JNPR.W^E14,2010-07-13,GJR-GARCH,0.406095398951532,6.544185438476349,,2010-07-02
JNPR,JNPR.W^E14,2010-07-14,EGARCH,0.3856422026558613,5.901583669415255,,2010-07-02
JNPR,JNPR.W^E14,2010-07-14,ESG-EGARCH,0.3948495941330908,6.186754047105815,all,2010-07-02
JNPR,JNPR.W^E14,2010-07-14,ESG-EGARCH(E),0.394849594133091,6.186754047105821,E,2010-07-02
JNPR,JNPR.W^E14,2010-07-14,ESG-EGARCH(G),0.3948495941330912,6.186754047105826,G,2010-07-02
JNPR,JNPR.W^E14,2010-07-14,ESG-EGARCH(S),0.3948495941330912,6.186754047105826,S,2010-07-02
JNPR,JNPR.W^E14,2010-07-14,ESG-GARCH,0.3496887017864645,4.852467784012021,all,2010-07-02
JNPR,JNPR.W^E14,2010-07-14,ESG-GARCH(E),0.3496887017864645,4.8524677840120205,E,2010-07-02
JNPR,JNPR.W^E14,2010-07-14,ESG-GARCH(G),0.3496887017864641,4.85246778401201,G,2010-07-02
JNPR,JNPR.W^E14,2010-07-14,ESG-GARCH(S),0.3496887017864641,4.85246778401201,S,2010-07-02
JNPR,JNPR.W^E14,2010-07-14,ESG-GJR-GARCH,0.4106916029013209,6.693158440224454,all,2010-07-02
JNPR,JNPR.W^E14,2010-07-14,ESG-GJR-GARCH(E),0.4106916029013208,6.693158440224452,E,2010-07-02
JNPR,JNPR.W^E14,2010-07-14,ESG-GJR-GARCH(G),0.4106916029013209,6.693158440224456,G,2010-07-02
JNPR,JNPR.W^E14,2010-07-14,ESG-GJR-GARCH(S),0.4106916029013209,6.693158440224456,S,2010-07-02
JNPR,JNPR.W^E14,2010-07-14,GARCH,0.3478693297526213,4.80210597549754,,2010-07-02
JNPR,JNPR.W^E14,2010-07-14,GJR-GARCH,0.406095398951532,6.544185438476349,,2010-07-02
JNPR,JNPR.W^E14,2010-07-15,EGARCH,0.3856422026558613,5.901583669415255,,2010-07-02
JNPR,JNPR.W^E14,2010-07-15,ESG-EGARCH,0.3948495941330908,6.186754047105815,all,2010-07-02
JNPR,JNPR.W^E14,2010-07-15,ESG-EGARCH(E),0.394849594133091,6.186754047105821,E,2010-07-02
JNPR,JNPR.W^E14,2010-07-15,ESG-EGARCH(G),0.3948495941330912,6.186754047105826,G,2010-07-02
JNPR,JNPR.W^E14,2010-07-15,ESG-EGARCH(S),0.3948495941330912,6.186754047105826,S,2010-07-02
JNPR,JNPR.W^E14,2010-07-15,ESG-GARCH,0.3496887017864645,4.852467784012021,all,2010-07-02
JNPR,JNPR.W^E14,2010-07-15,ESG-GARCH(E),0.3496887017864645,4.8524677840120205,E,2010-07-02
JNPR,JNPR.W^E14,2010-07-15,ESG-GARCH(G),0.3496887017864641,4.85246778401201,G,2010-07-02
JNPR,JNPR.W^E14,2010-07-15,ESG-GARCH(S),0.3496887017864641,4.85246778401201,S,2010-07-02
JNPR,JNPR.W^E14,2010-07-15,ESG-GJR-GARCH,0.4106916029013209,6.693158440224454,all,2010-07-02
JNPR,JNPR.W^E14,2010-07-15,ESG-GJR-GARCH(E),0.4106916029013208,6.693158440224452,E,2010-07-02
JNPR,JNPR.W^E14,2010-07-15,ESG-GJR-GARCH(G),0.4106916029013209,6.693158440224456,G,2010-07-02
JNPR,JNPR.W^E14,2010-07-15,ESG-GJR-GARCH(S),0.4106916029013209,6.693158440224456,S,2010-07-02
JNPR,JNPR.W^E14,2010-07-15,GARCH,0.3478693297526213,4.80210597549754,,2010-07-02
JNPR,JNPR.W^E14,2010-07-15,GJR-GARCH,0.406095398951532,6.544185438476349,,2010-07-02
JNPR,JNPR.W^E14,2010-07-16,EGARCH,0.3856422026558613,5.901583669415255,,2010-07-02
JNPR,JNPR.W^E14,2010-07-16,ESG-EGARCH,0.3948495941330908,6.186754047105815,all,2010-07-02
JNPR,JNPR.W^E14,2010-07-16,ESG-EGARCH(E),0.394849594133091,6.186754047105821,E,2010-07-02
JNPR,JNPR.W^E14,2010-07-16,ESG-EGARCH(G),0.3948495941330912,6.186754047105826,G,2010-07-02
JNPR,JNPR.W^E14,2010-07-16,ESG-EGARCH(S),0.3948495941330912,6.186754047105826,S,2010-07-02
JNPR,JNPR.W^E14,2010-07-16,ESG-GARCH,0.3496887017864645,4.852467784012021,all,2010-07-02
JNPR,JNPR.W^E14,2010-07-16,ESG-GARCH(E),0.3496887017864645,4.8524677840120205,E,2010-07-02
JNPR,JNPR.W^E14,2010-07-16,ESG-GARCH(G),0.3496887017864641,4.85246778401201,G,2010-07-02
JNPR,JNPR.W^E14,2010-07-16,ESG-GARCH(S),0.3496887017864641,4.85246778401201,S,2010-07-02
JNPR,JNPR.W^E14,2010-07-16,ESG-GJR-GARCH,0.4106916029013209,6.693158440224454,all,2010-07-02
JNPR,JNPR.W^E14,2010-07-16,ESG-GJR-GARCH(E),0.4106916029013208,6.693158440224452,E,2010-07-02
JNPR,JNPR.W^E14,2010-07-16,ESG-GJR-GARCH(G),0.4106916029013209,6.693158440224456,G,2010-07-02
JNPR,JNPR.W^E14,2010-07-16,ESG-GJR-GARCH(S),0.4106916029013209,6.693158440224456,S,2010-07-02
JNPR,JNPR.W^E14,2010-07-16,GARCH,0.3478693297526213,4.80210597549754,,2010-07-02
JNPR,JNPR.W^E14,2010-07-16,GJR-GARCH,0.406095398951532,6.544185438476349,,2010-07-02
JNPR,JNPR.W^E14,2010-07-19,EGARCH,0.3856422026558613,5.901583669415255,,2010-07-02
JNPR,JNPR.W^E14,2010-07-19,ESG-EGARCH,0.3948495941330908,6.186754047105815,all,2010-07-02
JNPR,JNPR.W^E14,2010-07-19,ESG-EGARCH(E),0.394849594133091,6.186754047105821,E,2010-07-02
JNPR,JNPR.W^E14,2010-07-19,ESG-EGARCH(G),0.3948495941330912,6.186754047105826,G,2010-07-02
JNPR,JNPR.W^E14,2010-07-19,ESG-EGARCH(S),0.3948495941330912,6.186754047105826,S,2010-07-02
JNPR,JNPR.W^E14,2010-07-19,ESG-GARCH,0.3496887017864645,4.852467784012021,all,2010-07-02
JNPR,JNPR.W^E14,2010-07-19,ESG-GARCH(E),0.3496887017864645,4.8524677840120205,E,2010-07-02
JNPR,JNPR.W^E14,2010-07-19,ESG-GARCH(G),0.3496887017864641,4.85246778401201,G,2010-07-02
JNPR,JNPR.W^E14,2010-07-19,ESG-GARCH(S),0.3496887017864641,4.85246778401201,S,2010-07-02
JNPR,JNPR.W^E14,2010-07-19,ESG-GJR-GARCH,0.4106916029013209,6.693158440224454,all,2010-07-02
JNPR,JNPR.W^E14,2010-07-19,ESG-GJR-GARCH(E),0.4106916029013208,6.693158440224452,E,2010-07-02
JNPR,JNPR.W^E14,2010-07-19,ESG-GJR-GARCH(G),0.4106916029013209,6.693158440224456,G,2010-07-02
JNPR,JNPR.W^E14,2010-07-19,ESG-GJR-GARCH(S),0.4106916029013209,6.693158440224456,S,2010-07-02
JNPR,JNPR.W^E14,2010-07-19,GARCH,0.3478693297526213,4.80210597549754,,2010-07-02
JNPR,JNPR.W^E14,2010-07-19,GJR-GARCH,0.406095398951532,6.544185438476349,,2010-07-02
JNPR,JNPR.W^E14,2010-07-20,EGARCH,0.3856422026558613,5.901583669415255,,2010-07-02
JNPR,JNPR.W^E14,2010-07-20,ESG-EGARCH,0.3948495941330908,6.186754047105815,all,2010-07-02
JNPR,JNPR.W^E14,2010-07-20,ESG-EGARCH(E),0.394849594133091,6.186754047105821,E,2010-07-02
JNPR,JNPR.W^E14,2010-07-20,ESG-EGARCH(G),0.3948495941330912,6.186754047105826,G,2010-07-02
JNPR,JNPR.W^E14,2010-07-20,ESG-EGARCH(S),0.3948495941330912,6.186754047105826,S,2010-07-02
JNPR,JNPR.W^E14,2010-07-20,ESG-GARCH,0.3496887017864645,4.852467784012021,all,2010-07-02
JNPR,JNPR.W^E14,2010-07-20,ESG-GARCH(E),0.3496887017864645,4.8524677840120205,E,2010-07-02
JNPR,JNPR.W^E14,2010-07-20,ESG-GARCH(G),0.3496887017864641,4.85246778401201,G,2010-07-02
JNPR,JNPR.W^E14,2010-07-20,ESG-GARCH(S),0.3496887017864641,4.85246778401201,S,2010-07-02
JNPR,JNPR.W^E14,2010-07-20,ESG-GJR-GARCH,0.4106916029013209,6.693158440224454,all,2010-07-02
JNPR,JNPR.W^E14,2010-07-20,ESG-GJR-GARCH(E),0.4106916029013208,6.693158440224452,E,2010-07-02
JNPR,JNPR.W^E14,2010-07-20,ESG-GJR-GARCH(G),0.4106916029013209,6.693158440224456,G,2010-07-02
JNPR,JNPR.W^E14,2010-07-20,ESG-GJR-GARCH(S),0.4106916029013209,6.693158440224456,S,2010-07-02
JNPR,JNPR.W^E14,2010-07-20,GARCH,0.3478693297526213,4.80210597549754,,2010-07-02
JNPR,JNPR.W^E14,2010-07-20,GJR-GARCH,0.406095398951532,6.544185438476349,,2010-07-02
JNPR,JNPR.W^E14,2010-07-21,EGARCH,0.3856422026558613,5.901583669415255,,2010-07-02
JNPR,JNPR.W^E14,2010-07-21,ESG-EGARCH,0.3948495941330908,6.186754047105815,all,2010-07-02
JNPR,JNPR.W^E14,2010-07-21,ESG-EGARCH(E),0.394849594133091,6.186754047105821,E,2010-07-02
JNPR,JNPR.W^E14,2010-07-21,ESG-EGARCH(G),0.3948495941330912,6.186754047105826,G,2010-07-02
JNPR,JNPR.W^E14,2010-07-21,ESG-EGARCH(S),0.3948495941330912,6.186754047105826,S,2010-07-02
JNPR,JNPR.W^E14,2010-07-21,ESG-GARCH,0.3496887017864645,4.852467784012021,all,2010-07-02
JNPR,JNPR.W^E14,2010-07-21,ESG-GARCH(E),0.3496887017864645,4.8524677840120205,E,2010-07-02
JNPR,JNPR.W^E14,2010-07-21,ESG-GARCH(G),0.3496887017864641,4.85246778401201,G,2010-07-02
JNPR,JNPR.W^E14,2010-07-21,ESG-GARCH(S),0.3496887017864641,4.85246778401201,S,2010-07-02
JNPR,JNPR.W^E14,2010-07-21,ESG-GJR-GARCH,0.4106916029013209,6.693158440224454,all,2010-07-02
JNPR,JNPR.W^E14,2010-07-21,ESG-GJR-GARCH(E),0.4106916029013208,6.693158440224452,E,2010-07-02
JNPR,JNPR.W^E14,2010-07-21,ESG-GJR-GARCH(G),0.4106916029013209,6.693158440224456,G,2010-07-02
JNPR,JNPR.W^E14,2010-07-21,ESG-GJR-GARCH(S),0.4106916029013209,6.693158440224456,S,2010-07-02
JNPR,JNPR.W^E14,2010-07-21,GARCH,0.3478693297526213,4.80210597549754,,2010-07-02
JNPR,JNPR.W^E14,2010-07-21,GJR-GARCH,0.406095398951532,6.544185438476349,,2010-07-02
JNPR,JNPR.W^E14,2010-07-22,EGARCH,0.3856422026558613,5.901583669415255,,2010-07-02
JNPR,JNPR.W^E14,2010-07-22,ESG-EGARCH,0.3948495941330908,6.186754047105815,all,2010-07-02
JNPR,JNPR.W^E14,2010-07-22,ESG-EGARCH(E),0.394849594133091,6.186754047105821,E,2010-07-02
JNPR,JNPR.W^E14,2010-07-22,ESG-EGARCH(G),0.3948495941330912,6.186754047105826,G,2010-07-02
JNPR,JNPR.W^E14,2010-07-22,ESG-EGARCH(S),0.3948495941330912,6.186754047105826,S,2010-07-02
JNPR,JNPR.W^E14,2010-07-22,ESG-GARCH,0.3496887017864645,4.852467784012021,all,2010-07-02
JNPR,JNPR.W^E14,2010-07-22,ESG-GARCH(E),0.3496887017864645,4.8524677840120205,E,2010-07-02
JNPR,JNPR.W^E14,2010-07-22,ESG-GARCH(G),0.3496887017864641,4.85246778401201,G,2010-07-02
JNPR,JNPR.W^E14,2010-07-22,ESG-GARCH(S),0.3496887017864641,4.85246778401201,S,2010-07-02
JNPR,JNPR.W^E14,2010-07-22,ESG-GJR-GARCH,0.4106916029013209,6.693158440224454,all,2010-07-02
JNPR,JNPR.W^E14,2010-07-22,ESG-GJR-GARCH(E),0.4106916029013208,6.693158440224452,E,2010-07-02
JNPR,JNPR.W^E14,2010-07-22,ESG-GJR-GARCH(G),0.4106916029013209,6.693158440224456,G,2010-07-02
JNPR,JNPR.W^E14,2010-07-22,ESG-GJR-GARCH(S),0.4106916029013209,6.693158440224456,S,2010-07-02
JNPR,JNPR.W^E14,2010-07-22,GARCH,0.3478693297526213,4.80210597549754,,2010-07-02
JNPR,JNPR.W^E14,2010-07-22,GJR-GARCH,0.406095398951532,6.544185438476349,,2010-07-02
JNPR,JNPR.W^E14,2010-07-23,EGARCH,0.3856422026558613,5.901583669415255,,2010-07-02
JNPR,JNPR.W^E14,2010-07-23,ESG-EGARCH,0.3948495941330908,6.186754047105815,all,2010-07-02
JNPR,JNPR.W^E14,2010-07-23,ESG-EGARCH(E),0.394849594133091,6.186754047105821,E,2010-07-02
JNPR,JNPR.W^E14,2010-07-23,ESG-EGARCH(G),0.3948495941330912,6.186754047105826,G,2010-07-02
JNPR,JNPR.W^E14,2010-07-23,ESG-EGARCH(S),0.3948495941330912,6.186754047105826,S,2010-07-02
JNPR,JNPR.W^E14,2010-07-23,ESG-GARCH,0.3496887017864645,4.852467784012021,all,2010-07-02
JNPR,JNPR.W^E14,2010-07-23,ESG-GARCH(E),0.3496887017864645,4.8524677840120205,E,2010-07-02
JNPR,JNPR.W^E14,2010-07-23,ESG-GARCH(G),0.3496887017864641,4.85246778401201,G,2010-07-02
JNPR,JNPR.W^E14,2010-07-23,ESG-GARCH(S),0.3496887017864641,4.85246778401201,S,2010-07-02
JNPR,JNPR.W^E14,2010-07-23,ESG-GJR-GARCH,0.4106916029013209,6.693158440224454,all,2010-07-02
JNPR,JNPR.W^E14,2010-07-23,ESG-GJR-GARCH(E),0.4106916029013208,6.693158440224452,E,2010-07-02
JNPR,JNPR.W^E14,2010-07-23,ESG-GJR-GARCH(G),0.4106916029013209,6.693158440224456,G,2010-07-02
JNPR,JNPR.W^E14,2010-07-23,ESG-GJR-GARCH(S),0.4106916029013209,6.693158440224456,S,2010-07-02
JNPR,JNPR.W^E14,2010-07-23,GARCH,0.3478693297526213,4.80210597549754,,2010-07-02
JNPR,JNPR.W^E14,2010-07-23,GJR-GARCH,0.406095398951532,6.544185438476349,,2010-07-02
JNPR,JNPR.W^E14,2010-07-26,EGARCH,0.3856422026558613,5.901583669415255,,2010-07-02
JNPR,JNPR.W^E14,2010-07-26,ESG-EGARCH,0.3948495941330908,6.186754047105815,all,2010-07-02
JNPR,JNPR.W^E14,2010-07-26,ESG-EGARCH(E),0.394849594133091,6.186754047105821,E,2010-07-02
JNPR,JNPR.W^E14,2010-07-26,ESG-EGARCH(G),0.3948495941330912,6.186754047105826,G,2010-07-02
JNPR,JNPR.W^E14,2010-07-26,ESG-EGARCH(S),0.3948495941330912,6.186754047105826,S,2010-07-02
JNPR,JNPR.W^E14,2010-07-26,ESG-GARCH,0.3496887017864645,4.852467784012021,all,2010-07-02
JNPR,JNPR.W^E14,2010-07-26,ESG-GARCH(E),0.3496887017864645,4.8524677840120205,E,2010-07-02
JNPR,JNPR.W^E14,2010-07-26,ESG-GARCH(G),0.3496887017864641,4.85246778401201,G,2010-07-02
JNPR,JNPR.W^E14,2010-07-26,ESG-GARCH(S),0.3496887017864641,4.85246778401201,S,2010-07-02
JNPR,JNPR.W^E14,2010-07-26,ESG-GJR-GARCH,0.4106916029013209,6.693158440224454,all,2010-07-02
JNPR,JNPR.W^E14,2010-07-26,ESG-GJR-GARCH(E),0.4106916029013208,6.693158440224452,E,2010-07-02
JNPR,JNPR.W^E14,2010-07-26,ESG-GJR-GARCH(G),0.4106916029013209,6.693158440224456,G,2010-07-02
JNPR,JNPR.W^E14,2010-07-26,ESG-GJR-GARCH(S),0.4106916029013209,6.693158440224456,S,2010-07-02
JNPR,JNPR.W^E14,2010-07-26,GARCH,0.3478693297526213,4.80210597549754,,2010-07-02
JNPR,JNPR.W^E14,2010-07-26,GJR-GARCH,0.406095398951532,6.544185438476349,,2010-07-02
JNPR,JNPR.W^E14,2010-07-27,EGARCH,0.3856422026558613,5.901583669415255,,2010-07-02
JNPR,JNPR.W^E14,2010-07-27,ESG-EGARCH,0.3948495941330908,6.186754047105815,all,2010-07-02
JNPR,JNPR.W^E14,2010-07-27,ESG-EGARCH(E),0.394849594133091,6.186754047105821,E,2010-07-02
JNPR,JNPR.W^E14,2010-07-27,ESG-EGARCH(G),0.3948495941330912,6.186754047105826,G,2010-07-02
JNPR,JNPR.W^E14,2010-07-27,ESG-EGARCH(S),0.3948495941330912,6.186754047105826,S,2010-07-02
JNPR,JNPR.W^E14,2010-07-27,ESG-GARCH,0.3496887017864645,4.852467784012021,all,2010-07-02
JNPR,JNPR.W^E14,2010-07-27,ESG-GARCH(E),0.3496887017864645,4.8524677840120205,E,2010-07-02
JNPR,JNPR.W^E14,2010-07-27,ESG-GARCH(G),0.3496887017864641,4.85246778401201,G,2010-07-02
JNPR,JNPR.W^E14,2010-07-27,ESG-GARCH(S),0.3496887017864641,4.85246778401201,S,2010-07-02
JNPR,JNPR.W^E14,2010-07-27,ESG-GJR-GARCH,0.4106916029013209,6.693158440224454,all,2010-07-02
JNPR,JNPR.W^E14,2010-07-27,ESG-GJR-GARCH(E),0.4106916029013208,6.693158440224452,E,2010-07-02
JNPR,JNPR.W^E14,2010-07-27,ESG-GJR-GARCH(G),0.4106916029013209,6.693158440224456,G,2010-07-02
JNPR,JNPR.W^E14,2010-07-27,ESG-GJR-GARCH(S),0.4106916029013209,6.693158440224456,S,2010-07-02
JNPR,JNPR.W^E14,2010-07-27,GARCH,0.3478693297526213,4.80210597549754,,2010-07-02
JNPR,JNPR.W^E14,2010-07-27,GJR-GARCH,0.406095398951532,6.544185438476349,,2010-07-02
JNPR,JNPR.W^E14,2010-07-28,EGARCH,0.3856422026558613,5.901583669415255,,2010-07-02
JNPR,JNPR.W^E14,2010-07-28,ESG-EGARCH,0.3948495941330908,6.186754047105815,all,2010-07-02
JNPR,JNPR.W^E14,2010-07-28,ESG-EGARCH(E),0.394849594133091,6.186754047105821,E,2010-07-02
JNPR,JNPR.W^E14,2010-07-28,ESG-EGARCH(G),0.3948495941330912,6.186754047105826,G,2010-07-02
JNPR,JNPR.W^E14,2010-07-28,ESG-EGARCH(S),0.3948495941330912,6.186754047105826,S,2010-07-02
JNPR,JNPR.W^E14,2010-07-28,ESG-GARCH,0.3496887017864645,4.852467784012021,all,2010-07-02
JNPR,JNPR.W^E14,2010-07-28,ESG-GARCH(E),0.3496887017864645,4.8524677840120205,E,2010-07-02
JNPR,JNPR.W^E14,2010-07-28,ESG-GARCH(G),0.3496887017864641,4.85246778401201,G,2010-07-02
JNPR,JNPR.W^E14,2010-07-28,ESG-GARCH(S),0.3496887017864641,4.85246778401201,S,2010-07-02
JNPR,JNPR.W^E14,2010-07-28,ESG-GJR-GARCH,0.4106916029013209,6.693158440224454,all,2010-07-02
JNPR,JNPR.W^E14,2010-07-28,ESG-GJR-GARCH(E),0.4106916029013208,6.693158440224452,E,2010-07-02
JNPR,JNPR.W^E14,2010-07-28,ESG-GJR-GARCH(G),0.4106916029013209,6.693158440224456,G,2010-07-02
JNPR,JNPR.W^E14,2010-07-28,ESG-GJR-GARCH(S),0.4106916029013209,6.693158440224456,S,2010-07-02
JNPR,JNPR.W^E14,2010-07-28,GARCH,0.3478693297526213,4.80210597549754,,2010-07-02
JNPR,JNPR.W^E14,2010-07-28,GJR-GARCH,0.406095398951532,6.544185438476349,,2010-07-02
JNPR,JNPR.W^E14,2010-07-29,EGARCH,0.3856422026558613,5.901583669415255,,2010-07-02
JNPR,JNPR.W^E14,2010-07-29,ESG-EGARCH,0.3948495941330908,6.186754047105815,all,2010-07-02
JNPR,JNPR.W^E14,2010-07-29,ESG-EGARCH(E),0.394849594133091,6.186754047105821,E,2010-07-02
JNPR,JNPR.W^E14,2010-07-29,ESG-EGARCH(G),0.3948495941330912,6.186754047105826,G,2010-07-02
JNPR,JNPR.W^E14,2010-07-29,ESG-EGARCH(S),0.3948495941330912,6.186754047105826,S,2010-07-02
JNPR,JNPR.W^E14,2010-07-29,ESG-GARCH,0.3496887017864645,4.852467784012021,all,2010-07-02
JNPR,JNPR.W^E14,2010-07-29,ESG-GARCH(E),0.3496887017864645,4.8524677840120205,E,2010-07-02
JNPR,JNPR.W^E14,2010-07-29,ESG-GARCH(G),0.3496887017864641,4.85246778401201,G,2010-07-02
JNPR,JNPR.W^E14,2010-07-29,ESG-GARCH(S),0.3496887017864641,4.85246778401201,S,2010-07-02
JNPR,JNPR.W^E14,2010-07-29,ESG-GJR-GARCH,0.4106916029013209,6.693158440224454,all,2010-07-02
JNPR,JNPR.W^E14,2010-07-29,ESG-GJR-GARCH(E),0.4106916029013208,6.693158440224452,E,2010-07-02
JNPR,JNPR.W^E14,2010-07-29,ESG-GJR-GARCH(G),0.4106916029013209,6.693158440224456,G,2010-07-02
JNPR,JNPR.W^E14,2010-07-29,ESG-GJR-GARCH(S),0.4106916029013209,6.693158440224456,S,2010-07-02
JNPR,JNPR.W^E14,2010-07-29,GARCH,0.3478693297526213,4.80210597549754,,2010-07-02
JNPR,JNPR.W^E14,2010-07-29,GJR-GARCH,0.406095398951532,6.544185438476349,,2010-07-02
JNPR,JNPR.W^E14,2010-07-30,EGARCH,0.3856422026558613,5.901583669415255,,2010-07-02
JNPR,JNPR.W^E14,2010-07-30,ESG-EGARCH,0.3948495941330908,6.186754047105815,all,2010-07-02
JNPR,JNPR.W^E14,2010-07-30,ESG-EGARCH(E),0.394849594133091,6.186754047105821,E,2010-07-02
JNPR,JNPR.W^E14,2010-07-30,ESG-EGARCH(G),0.3948495941330912,6.186754047105826,G,2010-07-02
JNPR,JNPR.W^E14,2010-07-30,ESG-EGARCH(S),0.3948495941330912,6.186754047105826,S,2010-07-02
JNPR,JNPR.W^E14,2010-07-30,ESG-GARCH,0.3496887017864645,4.852467784012021,all,2010-07-02
JNPR,JNPR.W^E14,2010-07-30,ESG-GARCH(E),0.3496887017864645,4.8524677840120205,E,2010-07-02
JNPR,JNPR.W^E14,2010-07-30,ESG-GARCH(G),0.3496887017864641,4.85246778401201,G,2010-07-02
JNPR,JNPR.W^E14,2010-07-30,ESG-GARCH(S),0.3496887017864641,4.85246778401201,S,2010-07-02
JNPR,JNPR.W^E14,2010-07-30,ESG-GJR-GARCH,0.4106916029013209,6.693158440224454,all,2010-07-02
JNPR,JNPR.W^E14,2010-07-30,ESG-GJR-GARCH(E),0.4106916029013208,6.693158440224452,E,2010-07-02
JNPR,JNPR.W^E14,2010-07-30,ESG-GJR-GARCH(G),0.4106916029013209,6.693158440224456,G,2010-07-02
JNPR,JNPR.W^E14,2010-07-30,ESG-GJR-GARCH(S),0.4106916029013209,6.693158440224456,S,2010-07-02
JNPR,JNPR.W^E14,2010-07-30,GARCH,0.3478693297526213,4.80210597549754,,2010-07-02
JNPR,JNPR.W^E14,2010-07-30,GJR-GARCH,0.406095398951532,6.544185438476349,,2010-07-02
JNPR,JNPR.W^E14,2010-08-02,EGARCH,0.3856422026558613,5.901583669415255,,2010-07-02
JNPR,JNPR.W^E14,2010-08-02,ESG-EGARCH,0.3948495941330908,6.186754047105815,all,2010-07-02
JNPR,JNPR.W^E14,2010-08-02,ESG-EGARCH(E),0.394849594133091,6.186754047105821,E,2010-07-02
JNPR,JNPR.W^E14,2010-08-02,ESG-EGARCH(G),0.3948495941330912,6.186754047105826,G,2010-07-02
JNPR,JNPR.W^E14,2010-08-02,ESG-EGARCH(S),0.3948495941330912,6.186754047105826,S,2010-07-02
JNPR,JNPR.W^E14,2010-08-02,ESG-GARCH,0.3496887017864645,4.852467784012021,all,2010-07-02
JNPR,JNPR.W^E14,2010-08-02,ESG-GARCH(E),0.3496887017864645,4.8524677840120205,E,2010-07-02
JNPR,JNPR.W^E14,2010-08-02,ESG-GARCH(G),0.3496887017864641,4.85246778401201,G,2010-07-02
JNPR,JNPR.W^E14,2010-08-02,ESG-GARCH(S),0.3496887017864641,4.85246778401201,S,2010-07-02
JNPR,JNPR.W^E14,2010-08-02,ESG-GJR-GARCH,0.4106916029013209,6.693158440224454,all,2010-07-02
JNPR,JNPR.W^E14,2010-08-02,ESG-GJR-GARCH(E),0.4106916029013208,6.693158440224452,E,2010-07-02
JNPR,JNPR.W^E14,2010-08-02,ESG-GJR-GARCH(G),0.4106916029013209,6.693158440224456,G,2010-07-02
JNPR,JNPR.W^E14,2010-08-02,ESG-GJR-GARCH(S),0.4106916029013209,6.693158440224456,S,2010-07-02
JNPR,JNPR.W^E14,2010-08-02,GARCH,0.3478693297526213,4.80210597549754,,2010-07-02
JNPR,JNPR.W^E14,2010-08-02,GJR-GARCH,0.406095398951532,6.544185438476349,,2010-07-02
JNPR,JNPR.W^E14,2010-08-03,EGARCH,0.3856422026558613,5.901583669415255,,2010-07-02
JNPR,JNPR.W^E14,2010-08-03,ESG-EGARCH,0.3948495941330908,6.186754047105815,all,2010-07-02
JNPR,JNPR.W^E14,2010-08-03,ESG-EGARCH(E),0.394849594133091,6.186754047105821,E,2010-07-02
JNPR,JNPR.W^E14,2010-08-03,ESG-EGARCH(G),0.3948495941330912,6.186754047105826,G,2010-07-02
JNPR,JNPR.W^E14,2010-08-03,ESG-EGARCH(S),0.3948495941330912,6.186754047105826,S,2010-07-02
JNPR,JNPR.W^E14,2010-08-03,ESG-GARCH,0.3496887017864645,4.852467784012021,all,2010-07-02
JNPR,JNPR.W^E14,2010-08-03,ESG-GARCH(E),0.3496887017864645,4.8524677840120205,E,2010-07-02
JNPR,JNPR.W^E14,2010-08-03,ESG-GARCH(G),0.3496887017864641,4.85246778401201,G,2010-07-02
JNPR,JNPR.W^E14,2010-08-03,ESG-GARCH(S),0.3496887017864641,4.85246778401201,S,2010-07-02
JNPR,JNPR.W^E14,2010-08-03,ESG-GJR-GARCH,0.4106916029013209,6.693158440224454,all,2010-07-02
JNPR,JNPR.W^E14,2010-08-03,ESG-GJR-GARCH(E),0.4106916029013208,6.693158440224452,E,2010-07-02
JNPR,JNPR.W^E14,2010-08-03,ESG-GJR-GARCH(G),0.4106916029013209,6.693158440224456,G,2010-07-02
JNPR,JNPR.W^E14,2010-08-03,ESG-GJR-GARCH(S),0.4106916029013209,6.693158440224456,S,2010-07-02
JNPR,JNPR.W^E14,2010-08-03,GARCH,0.3478693297526213,4.80210597549754,,2010-07-02
JNPR,JNPR.W^E14,2010-08-03,GJR-GARCH,0.406095398951532,6.544185438476349,,2010-07-02
JNPR,JNPR.W^E14,2010-08-04,EGARCH,0.3642946193487856,5.266292447876054,,2010-08-04
JNPR,JNPR.W^E14,2010-08-04,ESG-EGARCH,0.3730045512220238,5.521126794934262,all,2010-08-04
JNPR,JNPR.W^E14,2010-08-04,ESG-EGARCH(E),0.3730045512220241,5.521126794934271,E,2010-08-04
JNPR,JNPR.W^E14,2010-08-04,ESG-EGARCH(G),0.3730045512220241,5.521126794934271,G,2010-08-04
JNPR,JNPR.W^E14,2010-08-04,ESG-EGARCH(S),0.3730045512220241,5.521126794934271,S,2010-08-04
JNPR,JNPR.W^E14,2010-08-04,ESG-GARCH,0.348040999603699,4.80684672242627,all,2010-08-04
JNPR,JNPR.W^E14,2010-08-04,ESG-GARCH(E),0.348040999603699,4.806846722426271,E,2010-08-04
JNPR,JNPR.W^E14,2010-08-04,ESG-GARCH(G),0.348040999603699,4.806846722426271,G,2010-08-04
JNPR,JNPR.W^E14,2010-08-04,ESG-GARCH(S),0.348040999603699,4.806846722426271,S,2010-08-04
JNPR,JNPR.W^E14,2010-08-04,ESG-GJR-GARCH,0.3536729657963765,4.963673283143053,all,2010-08-04
JNPR,JNPR.W^E14,2010-08-04,ESG-GJR-GARCH(E),0.3536729657963764,4.963673283143049,E,2010-08-04
JNPR,JNPR.W^E14,2010-08-04,ESG-GJR-GARCH(G),0.3536729657963764,4.963673283143049,G,2010-08-04
JNPR,JNPR.W^E14,2010-08-04,ESG-GJR-GARCH(S),0.3536729657963764,4.963673283143049,S,2010-08-04
JNPR,JNPR.W^E14,2010-08-04,GARCH,0.3459082908296281,4.748116891455342,,2010-08-04
JNPR,JNPR.W^E14,2010-08-04,GJR-GARCH,0.3502888256139613,4.869137355159056,,2010-08-04
JNPR,JNPR.W^E14,2010-08-05,EGARCH,0.3642946193487856,5.266292447876054,,2010-08-04
JNPR,JNPR.W^E14,2010-08-05,ESG-EGARCH,0.3730045512220238,5.521126794934262,all,2010-08-04
JNPR,JNPR.W^E14,2010-08-05,ESG-EGARCH(E),0.3730045512220241,5.521126794934271,E,2010-08-04
JNPR,JNPR.W^E14,2010-08-05,ESG-EGARCH(G),0.3730045512220241,5.521126794934271,G,2010-08-04
JNPR,JNPR.W^E14,2010-08-05,ESG-EGARCH(S),0.3730045512220241,5.521126794934271,S,2010-08-04
JNPR,JNPR.W^E14,2010-08-05,ESG-GARCH,0.348040999603699,4.80684672242627,all,2010-08-04
JNPR,JNPR.W^E14,2010-08-05,ESG-GARCH(E),0.348040999603699,4.806846722426271,E,2010-08-04
JNPR,JNPR.W^E14,2010-08-05,ESG-GARCH(G),0.348040999603699,4.806846722426271,G,2010-08-04
JNPR,JNPR.W^E14,2010-08-05,ESG-GARCH(S),0.348040999603699,4.806846722426271,S,2010-08-04
JNPR,JNPR.W^E14,2010-08-05,ESG-GJR-GARCH,0.3536729657963765,4.963673283143053,all,2010-08-04
JNPR,JNPR.W^E14,2010-08-05,ESG-GJR-GARCH(E),0.3536729657963764,4.963673283143049,E,2010-08-04
JNPR,JNPR.W^E14,2010-08-05,ESG-GJR-GARCH(G),0.3536729657963764,4.963673283143049,G,2010-08-04
JNPR,JNPR.W^E14,2010-08-05,ESG-GJR-GARCH(S),0.3536729657963764,4.963673283143049,S,2010-08-04
JNPR,JNPR.W^E14,2010-08-05,GARCH,0.3459082908296281,4.748116891455342,,2010-08-04
JNPR,JNPR.W^E14,2010-08-05,GJR-GARCH,0.3502888256139613,4.869137355159056,,2010-08-04
JNPR,JNPR.W^E14,2010-08-06,EGARCH,0.3642946193487856,5.266292447876054,,2010-08-04
JNPR,JNPR.W^E14,2010-08-06,ESG-EGARCH,0.3730045512220238,5.521126794934262,all,2010-08-04
JNPR,JNPR.W^E14,2010-08-06,ESG-EGARCH(E),0.3730045512220241,5.521126794934271,E,2010-08-04
JNPR,JNPR.W^E14,2010-08-06,ESG-EGARCH(G),0.3730045512220241,5.521126794934271,G,2010-08-04
JNPR,JNPR.W^E14,2010-08-06,ESG-EGARCH(S),0.3730045512220241,5.521126794934271,S,2010-08-04
JNPR,JNPR.W^E14,2010-08-06,ESG-GARCH,0.348040999603699,4.80684672242627,all,2010-08-04
JNPR,JNPR.W^E14,2010-08-06,ESG-GARCH(E),0.348040999603699,4.806846722426271,E,2010-08-04
JNPR,JNPR.W^E14,2010-08-06,ESG-GARCH(G),0.348040999603699,4.806846722426271,G,2010-08-04
JNPR,JNPR.W^E14,2010-08-06,ESG-GARCH(S),0.348040999603699,4.806846722426271,S,2010-08-04
JNPR,JNPR.W^E14,2010-08-06,ESG-GJR-GARCH,0.3536729657963765,4.963673283143053,all,2010-08-04
JNPR,JNPR.W^E14,2010-08-06,ESG-GJR-GARCH(E),0.3536729657963764,4.963673283143049,E,2010-08-04
JNPR,JNPR.W^E14,2010-08-06,ESG-GJR-GARCH(G),0.3536729657963764,4.963673283143049,G,2010-08-04
JNPR,JNPR.W^E14,2010-08-06,ESG-GJR-GARCH(S),0.3536729657963764,4.963673283143049,S,2010-08-04
JNPR,JNPR.W^E14,2010-08-06,GARCH,0.3459082908296281,4.748116891455342,,2010-08-04
JNPR,JNPR.W^E14,2010-08-06,GJR-GARCH,0.3502888256139613,4.869137355159056,,2010-08-04
JNPR,JNPR.W^E14,2010-08-09,EGARCH,0.3642946193487856,5.266292447876054,,2010-08-04
JNPR,JNPR.W^E14,2010-08-09,ESG-EGARCH,0.3730045512220238,5.521126794934262,all,2010-08-04
JNPR,JNPR.W^E14,2010-08-09,ESG-EGARCH(E),0.3730045512220241,5.521126794934271,E,2010-08-04
JNPR,JNPR.W^E14,2010-08-09,ESG-EGARCH(G),0.3730045512220241,5.521126794934271,G,2010-08-04
JNPR,JNPR.W^E14,2010-08-09,ESG-EGARCH(S),0.3730045512220241,5.521126794934271,S,2010-08-04
JNPR,JNPR.W^E14,2010-08-09,ESG-GARCH,0.348040999603699,4.80684672242627,all,2010-08-04
JNPR,JNPR.W^E14,2010-08-09,ESG-GARCH(E),0.348040999603699,4.806846722426271,E,2010-08-04
JNPR,JNPR.W^E14,2010-08-09,ESG-GARCH(G),0.348040999603699,4.806846722426271,G,2010-08-04
JNPR,JNPR.W^E14,2010-08-09,ESG-GARCH(S),0.348040999603699,4.806846722426271,S,2010-08-04
JNPR,JNPR.W^E14,2010-08-09,ESG-GJR-GARCH,0.3536729657963765,4.963673283143053,all,2010-08-04
JNPR,JNPR.W^E14,2010-08-09,ESG-GJR-GARCH(E),0.3536729657963764,4.963673283143049,E,2010-08-04
JNPR,JNPR.W^E14,2010-08-09,ESG-GJR-GARCH(G),0.3536729657963764,4.963673283143049,G,2010-08-04
JNPR,JNPR.W^E14,2010-08-09,ESG-GJR-GARCH(S),0.3536729657963764,4.963673283143049,S,2010-08-04
JNPR,JNPR.W^E14,2010-08-09,GARCH,0.3459082908296281,4.748116891455342,,2010-08-04
JNPR,JNPR.W^E14,2010-08-09,GJR-GARCH,0.3502888256139613,4.869137355159056,,2010-08-04
JNPR,JNPR.W^E14,2010-08-10,EGARCH,0.3642946193487856,5.266292447876054,,2010-08-04
JNPR,JNPR.W^E14,2010-08-10,ESG-EGARCH,0.3730045512220238,5.521126794934262,all,2010-08-04
JNPR,JNPR.W^E14,2010-08-10,ESG-EGARCH(E),0.3730045512220241,5.521126794934271,E,2010-08-04
JNPR,JNPR.W^E14,2010-08-10,ESG-EGARCH(G),0.3730045512220241,5.521126794934271,G,2010-08-04
JNPR,JNPR.W^E14,2010-08-10,ESG-EGARCH(S),0.3730045512220241,5.521126794934271,S,2010-08-04
JNPR,JNPR.W^E14,2010-08-10,ESG-GARCH,0.348040999603699,4.80684672242627,all,2010-08-04
JNPR,JNPR.W^E14,2010-08-10,ESG-GARCH(E),0.348040999603699,4.806846722426271,E,2010-08-04
JNPR,JNPR.W^E14,2010-08-10,ESG-GARCH(G),0.348040999603699,4.806846722426271,G,2010-08-04
JNPR,JNPR.W^E14,2010-08-10,ESG-GARCH(S),0.348040999603699,4.806846722426271,S,2010-08-04
JNPR,JNPR.W^E14,2010-08-10,ESG-GJR-GARCH,0.3536729657963765,4.963673283143053,all,2010-08-04
JNPR,JNPR.W^E14,2010-08-10,ESG-GJR-GARCH(E),0.3536729657963764,4.963673283143049,E,2010-08-04
JNPR,JNPR.W^E14,2010-08-10,ESG-GJR-GARCH(G),0.3536729657963764,4.963673283143049,G,2010-08-04
JNPR,JNPR.W^E14,2010-08-10,ESG-GJR-GARCH(S),0.3536729657963764,4.963673283143049,S,2010-08-04
JNPR,JNPR.W^E14,2010-08-10,GARCH,0.3459082908296281,4.748116891455342,,2010-08-04
JNPR,JNPR.W^E14,2010-08-10,GJR-GARCH,0.3502888256139613,4.869137355159056,,2010-08-04
JNPR,JNPR.W^E14,2010-08-11,EGARCH,0.3642946193487856,5.266292447876054,,2010-08-04
JNPR,JNPR.W^E14,2010-08-11,ESG-EGARCH,0.3730045512220238,5.521126794934262,all,2010-08-04
JNPR,JNPR.W^E14,2010-08-11,ESG-EGARCH(E),0.3730045512220241,5.521126794934271,E,2010-08-04
JNPR,JNPR.W^E14,2010-08-11,ESG-EGARCH(G),0.3730045512220241,5.521126794934271,G,2010-08-04
JNPR,JNPR.W^E14,2010-08-11,ESG-EGARCH(S),0.3730045512220241,5.521126794934271,S,2010-08-04
JNPR,JNPR.W^E14,2010-08-11,ESG-GARCH,0.348040999603699,4.80684672242627,all,2010-08-04
JNPR,JNPR.W^E14,2010-08-11,ESG-GARCH(E),0.348040999603699,4.806846722426271,E,2010-08-04
JNPR,JNPR.W^E14,2010-08-11,ESG-GARCH(G),0.348040999603699,4.806846722426271,G,2010-08-04
JNPR,JNPR.W^E14,2010-08-11,ESG-GARCH(S),0.348040999603699,4.806846722426271,S,2010-08-04
JNPR,JNPR.W^E14,2010-08-11,ESG-GJR-GARCH,0.3536729657963765,4.963673283143053,all,2010-08-04
JNPR,JNPR.W^E14,2010-08-11,ESG-GJR-GARCH(E),0.3536729657963764,4.963673283143049,E,2010-08-04
JNPR,JNPR.W^E14,2010-08-11,ESG-GJR-GARCH(G),0.3536729657963764,4.963673283143049,G,2010-08-04
JNPR,JNPR.W^E14,2010-08-11,ESG-GJR-GARCH(S),0.3536729657963764,4.963673283143049,S,2010-08-04
JNPR,JNPR.W^E14,2010-08-11,GARCH,0.3459082908296281,4.748116891455342,,2010-08-04
JNPR,JNPR.W^E14,2010-08-11,GJR-GARCH,0.3502888256139613,4.869137355159056,,2010-08-04
JNPR,JNPR.W^E14,2010-08-12,EGARCH,0.3642946193487856,5.266292447876054,,2010-08-04
JNPR,JNPR.W^E14,2010-08-12,ESG-EGARCH,0.3730045512220238,5.521126794934262,all,2010-08-04
JNPR,JNPR.W^E14,2010-08-12,ESG-EGARCH(E),0.3730045512220241,5.521126794934271,E,2010-08-04
JNPR,JNPR.W^E14,2010-08-12,ESG-EGARCH(G),0.3730045512220241,5.521126794934271,G,2010-08-04
JNPR,JNPR.W^E14,2010-08-12,ESG-EGARCH(S),0.3730045512220241,5.521126794934271,S,2010-08-04
JNPR,JNPR.W^E14,2010-08-12,ESG-GARCH,0.348040999603699,4.80684672242627,all,2010-08-04
JNPR,JNPR.W^E14,2010-08-12,ESG-GARCH(E),0.348040999603699,4.806846722426271,E,2010-08-04
JNPR,JNPR.W^E14,2010-08-12,ESG-GARCH(G),0.348040999603699,4.806846722426271,G,2010-08-04
JNPR,JNPR.W^E14,2010-08-12,ESG-GARCH(S),0.348040999603699,4.806846722426271,S,2010-08-04
JNPR,JNPR.W^E14,2010-08-12,ESG-GJR-GARCH,0.3536729657963765,4.963673283143053,all,2010-08-04
JNPR,JNPR.W^E14,2010-08-12,ESG-GJR-GARCH(E),0.3536729657963764,4.963673283143049,E,2010-08-04
JNPR,JNPR.W^E14,2010-08-12,ESG-GJR-GARCH(G),0.3536729657963764,4.963673283143049,G,2010-08-04
JNPR,JNPR.W^E14,2010-08-12,ESG-GJR-GARCH(S),0.3536729657963764,4.963673283143049,S,2010-08-04
JNPR,JNPR.W^E14,2010-08-12,GARCH,0.3459082908296281,4.748116891455342,,2010-08-04
JNPR,JNPR.W^E14,2010-08-12,GJR-GARCH,0.3502888256139613,4.869137355159056,,2010-08-04
JNPR,JNPR.W^E14,2010-08-13,EGARCH,0.3642946193487856,5.266292447876054,,2010-08-04
JNPR,JNPR.W^E14,2010-08-13,ESG-EGARCH,0.3730045512220238,5.521126794934262,all,2010-08-04
JNPR,JNPR.W^E14,2010-08-13,ESG-EGARCH(E),0.3730045512220241,5.521126794934271,E,2010-08-04
JNPR,JNPR.W^E14,2010-08-13,ESG-EGARCH(G),0.3730045512220241,5.521126794934271,G,2010-08-04
JNPR,JNPR.W^E14,2010-08-13,ESG-EGARCH(S),0.3730045512220241,5.521126794934271,S,2010-08-04
JNPR,JNPR.W^E14,2010-08-13,ESG-GARCH,0.348040999603699,4.80684672242627,all,2010-08-04
JNPR,JNPR.W^E14,2010-08-13,ESG-GARCH(E),0.348040999603699,4.806846722426271,E,2010-08-04
JNPR,JNPR.W^E14,2010-08-13,ESG-GARCH(G),0.348040999603699,4.806846722426271,G,2010-08-04
JNPR,JNPR.W^E14,2010-08-13,ESG-GARCH(S),0.348040999603699,4.806846722426271,S,2010-08-04
JNPR,JNPR.W^E14,2010-08-13,ESG-GJR-GARCH,0.3536729657963765,4.963673283143053,all,2010-08-04
JNPR,JNPR.W^E14,2010-08-13,ESG-GJR-GARCH(E),0.3536729657963764,4.963673283143049,E,2010-08-04
JNPR,JNPR.W^E14,2010-08-13,ESG-GJR-GARCH(G),0.3536729657963764,4.963673283143049,G,2010-08-04
JNPR,JNPR.W^E14,2010-08-13,ESG-GJR-GARCH(S),0.3536729657963764,4.963673283143049,S,2010-08-04
JNPR,JNPR.W^E14,2010-08-13,GARCH,0.3459082908296281,4.748116891455342,,2010-08-04
JNPR,JNPR.W^E14,2010-08-13,GJR-GARCH,0.3502888256139613,4.869137355159056,,2010-08-04
JNPR,JNPR.W^E14,2010-08-16,EGARCH,0.3642946193487856,5.266292447876054,,2010-08-04
JNPR,JNPR.W^E14,2010-08-16,ESG-EGARCH,0.3730045512220238,5.521126794934262,all,2010-08-04
JNPR,JNPR.W^E14,2010-08-16,ESG-EGARCH(E),0.3730045512220241,5.521126794934271,E,2010-08-04
JNPR,JNPR.W^E14,2010-08-16,ESG-EGARCH(G),0.3730045512220241,5.521126794934271,G,2010-08-04
JNPR,JNPR.W^E14,2010-08-16,ESG-EGARCH(S),0.3730045512220241,5.521126794934271,S,2010-08-04
JNPR,JNPR.W^E14,2010-08-16,ESG-GARCH,0.348040999603699,4.80684672242627,all,2010-08-04
JNPR,JNPR.W^E14,2010-08-16,ESG-GARCH(E),0.348040999603699,4.806846722426271,E,2010-08-04
JNPR,JNPR.W^E14,2010-08-16,ESG-GARCH(G),0.348040999603699,4.806846722426271,G,2010-08-04
JNPR,JNPR.W^E14,2010-08-16,ESG-GARCH(S),0.348040999603699,4.806846722426271,S,2010-08-04
JNPR,JNPR.W^E14,2010-08-16,ESG-GJR-GARCH,0.3536729657963765,4.963673283143053,all,2010-08-04
JNPR,JNPR.W^E14,2010-08-16,ESG-GJR-GARCH(E),0.3536729657963764,4.963673283143049,E,2010-08-04
JNPR,JNPR.W^E14,2010-08-16,ESG-GJR-GARCH(G),0.3536729657963764,4.963673283143049,G,2010-08-04
JNPR,JNPR.W^E14,2010-08-16,ESG-GJR-GARCH(S),0.3536729657963764,4.963673283143049,S,2010-08-04
JNPR,JNPR.W^E14,2010-08-16,GARCH,0.3459082908296281,4.748116891455342,,2010-08-04
JNPR,JNPR.W^E14,2010-08-16,GJR-GARCH,0.3502888256139613,4.869137355159056,,2010-08-04
JNPR,JNPR.W^E14,2010-08-17,EGARCH,0.3642946193487856,5.266292447876054,,2010-08-04
JNPR,JNPR.W^E14,2010-08-17,ESG-EGARCH,0.3730045512220238,5.521126794934262,all,2010-08-04
JNPR,JNPR.W^E14,2010-08-17,ESG-EGARCH(E),0.3730045512220241,5.521126794934271,E,2010-08-04
JNPR,JNPR.W^E14,2010-08-17,ESG-EGARCH(G),0.3730045512220241,5.521126794934271,G,2010-08-04
JNPR,JNPR.W^E14,2010-08-17,ESG-EGARCH(S),0.3730045512220241,5.521126794934271,S,2010-08-04
JNPR,JNPR.W^E14,2010-08-17,ESG-GARCH,0.348040999603699,4.80684672242627,all,2010-08-04
JNPR,JNPR.W^E14,2010-08-17,ESG-GARCH(E),0.348040999603699,4.806846722426271,E,2010-08-04
JNPR,JNPR.W^E14,2010-08-17,ESG-GARCH(G),0.348040999603699,4.806846722426271,G,2010-08-04
JNPR,JNPR.W^E14,2010-08-17,ESG-GARCH(S),0.348040999603699,4.806846722426271,S,2010-08-04
JNPR,JNPR.W^E14,2010-08-17,ESG-GJR-GARCH,0.3536729657963765,4.963673283143053,all,2010-08-04
JNPR,JNPR.W^E14,2010-08-17,ESG-GJR-GARCH(E),0.3536729657963764,4.963673283143049,E,2010-08-04
JNPR,JNPR.W^E14,2010-08-17,ESG-GJR-GARCH(G),0.3536729657963764,4.963673283143049,G,2010-08-04
JNPR,JNPR.W^E14,2010-08-17,ESG-GJR-GARCH(S),0.3536729657963764,4.963673283143049,S,2010-08-04
JNPR,JNPR.W^E14,2010-08-17,GARCH,0.3459082908296281,4.748116891455342,,2010-08-04
JNPR,JNPR.W^E14,2010-08-17,GJR-GARCH,0.3502888256139613,4.869137355159056,,2010-08-04
JNPR,JNPR.W^E14,2010-08-18,EGARCH,0.3642946193487856,5.266292447876054,,2010-08-04
JNPR,JNPR.W^E14,2010-08-18,ESG-EGARCH,0.3730045512220238,5.521126794934262,all,2010-08-04
JNPR,JNPR.W^E14,2010-08-18,ESG-EGARCH(E),0.3730045512220241,5.521126794934271,E,2010-08-04
JNPR,JNPR.W^E14,2010-08-18,ESG-EGARCH(G),0.3730045512220241,5.521126794934271,G,2010-08-04
JNPR,JNPR.W^E14,2010-08-18,ESG-EGARCH(S),0.3730045512220241,5.521126794934271,S,2010-08-04
JNPR,JNPR.W^E14,2010-08-18,ESG-GARCH,0.348040999603699,4.80684672242627,all,2010-08-04
JNPR,JNPR.W^E14,2010-08-18,ESG-GARCH(E),0.348040999603699,4.806846722426271,E,2010-08-04
JNPR,JNPR.W^E14,2010-08-18,ESG-GARCH(G),0.348040999603699,4.806846722426271,G,2010-08-04
JNPR,JNPR.W^E14,2010-08-18,ESG-GARCH(S),0.348040999603699,4.806846722426271,S,2010-08-04
JNPR,JNPR.W^E14,2010-08-18,ESG-GJR-GARCH,0.3536729657963765,4.963673283143053,all,2010-08-04
JNPR,JNPR.W^E14,2010-08-18,ESG-GJR-GARCH(E),0.3536729657963764,4.963673283143049,E,2010-08-04
JNPR,JNPR.W^E14,2010-08-18,ESG-GJR-GARCH(G),0.3536729657963764,4.963673283143049,G,2010-08-04
JNPR,JNPR.W^E14,2010-08-18,ESG-GJR-GARCH(S),0.3536729657963764,4.963673283143049,S,2010-08-04
JNPR,JNPR.W^E14,2010-08-18,GARCH,0.3459082908296281,4.748116891455342,,2010-08-04
JNPR,JNPR.W^E14,2010-08-18,GJR-GARCH,0.3502888256139613,4.869137355159056,,2010-08-04
JNPR,JNPR.W^E14,2010-08-19,EGARCH,0.3642946193487856,5.266292447876054,,2010-08-04
JNPR,JNPR.W^E14,2010-08-19,ESG-EGARCH,0.3730045512220238,5.521126794934262,all,2010-08-04
JNPR,JNPR.W^E14,2010-08-19,ESG-EGARCH(E),0.3730045512220241,5.521126794934271,E,2010-08-04
JNPR,JNPR.W^E14,2010-08-19,ESG-EGARCH(G),0.3730045512220241,5.521126794934271,G,2010-08-04
JNPR,JNPR.W^E14,2010-08-19,ESG-EGARCH(S),0.3730045512220241,5.521126794934271,S,2010-08-04
JNPR,JNPR.W^E14,2010-08-19,ESG-GARCH,0.348040999603699,4.80684672242627,all,2010-08-04
JNPR,JNPR.W^E14,2010-08-19,ESG-GARCH(E),0.348040999603699,4.806846722426271,E,2010-08-04
JNPR,JNPR.W^E14,2010-08-19,ESG-GARCH(G),0.348040999603699,4.806846722426271,G,2010-08-04
JNPR,JNPR.W^E14,2010-08-19,ESG-GARCH(S),0.348040999603699,4.806846722426271,S,2010-08-04
JNPR,JNPR.W^E14,2010-08-19,ESG-GJR-GARCH,0.3536729657963765,4.963673283143053,all,2010-08-04
JNPR,JNPR.W^E14,2010-08-19,ESG-GJR-GARCH(E),0.3536729657963764,4.963673283143049,E,2010-08-04
JNPR,JNPR.W^E14,2010-08-19,ESG-GJR-GARCH(G),0.3536729657963764,4.963673283143049,G,2010-08-04
JNPR,JNPR.W^E14,2010-08-19,ESG-GJR-GARCH(S),0.3536729657963764,4.963673283143049,S,2010-08-04
JNPR,JNPR.W^E14,2010-08-19,GARCH,0.3459082908296281,4.748116891455342,,2010-08-04
JNPR,JNPR.W^E14,2010-08-19,GJR-GARCH,0.3502888256139613,4.869137355159056,,2010-08-04
JNPR,JNPR.W^E14,2010-08-20,EGARCH,0.3642946193487856,5.266292447876054,,2010-08-04
JNPR,JNPR.W^E14,2010-08-20,ESG-EGARCH,0.3730045512220238,5.521126794934262,all,2010-08-04
JNPR,JNPR.W^E14,2010-08-20,ESG-EGARCH(E),0.3730045512220241,5.521126794934271,E,2010-08-04
JNPR,JNPR.W^E14,2010-08-20,ESG-EGARCH(G),0.3730045512220241,5.521126794934271,G,2010-08-04
JNPR,JNPR.W^E14,2010-08-20,ESG-EGARCH(S),0.3730045512220241,5.521126794934271,S,2010-08-04
JNPR,JNPR.W^E14,2010-08-20,ESG-GARCH,0.348040999603699,4.80684672242627,all,2010-08-04
JNPR,JNPR.W^E14,2010-08-20,ESG-GARCH(E),0.348040999603699,4.806846722426271,E,2010-08-04
JNPR,JNPR.W^E14,2010-08-20,ESG-GARCH(G),0.348040999603699,4.806846722426271,G,2010-08-04
JNPR,JNPR.W^E14,2010-08-20,ESG-GARCH(S),0.348040999603699,4.806846722426271,S,2010-08-04
JNPR,JNPR.W^E14,2010-08-20,ESG-GJR-GARCH,0.3536729657963765,4.963673283143053,all,2010-08-04
JNPR,JNPR.W^E14,2010-08-20,ESG-GJR-GARCH(E),0.3536729657963764,4.963673283143049,E,2010-08-04
JNPR,JNPR.W^E14,2010-08-20,ESG-GJR-GARCH(G),0.3536729657963764,4.963673283143049,G,2010-08-04
JNPR,JNPR.W^E14,2010-08-20,ESG-GJR-GARCH(S),0.3536729657963764,4.963673283143049,S,2010-08-04
JNPR,JNPR.W^E14,2010-08-20,GARCH,0.3459082908296281,4.748116891455342,,2010-08-04
JNPR,JNPR.W^E14,2010-08-20,GJR-GARCH,0.3502888256139613,4.869137355159056,,2010-08-04
JNPR,JNPR.W^E14,2010-08-23,EGARCH,0.3642946193487856,5.266292447876054,,2010-08-04
JNPR,JNPR.W^E14,2010-08-23,ESG-EGARCH,0.3730045512220238,5.521126794934262,all,2010-08-04
JNPR,JNPR.W^E14,2010-08-23,ESG-EGARCH(E),0.3730045512220241,5.521126794934271,E,2010-08-04
JNPR,JNPR.W^E14,2010-08-23,ESG-EGARCH(G),0.3730045512220241,5.521126794934271,G,2010-08-04
JNPR,JNPR.W^E14,2010-08-23,ESG-EGARCH(S),0.3730045512220241,5.521126794934271,S,2010-08-04
JNPR,JNPR.W^E14,2010-08-23,ESG-GARCH,0.348040999603699,4.80684672242627,all,2010-08-04
JNPR,JNPR.W^E14,2010-08-23,ESG-GARCH(E),0.348040999603699,4.806846722426271,E,2010-08-04
JNPR,JNPR.W^E14,2010-08-23,ESG-GARCH(G),0.348040999603699,4.806846722426271,G,2010-08-04
JNPR,JNPR.W^E14,2010-08-23,ESG-GARCH(S),0.348040999603699,4.806846722426271,S,2010-08-04
JNPR,JNPR.W^E14,2010-08-23,ESG-GJR-GARCH,0.3536729657963765,4.963673283143053,all,2010-08-04
JNPR,JNPR.W^E14,2010-08-23,ESG-GJR-GARCH(E),0.3536729657963764,4.963673283143049,E,2010-08-04
JNPR,JNPR.W^E14,2010-08-23,ESG-GJR-GARCH(G),0.3536729657963764,4.963673283143049,G,2010-08-04
JNPR,JNPR.W^E14,2010-08-23,ESG-GJR-GARCH(S),0.3536729657963764,4.963673283143049,S,2010-08-04
JNPR,JNPR.W^E14,2010-08-23,GARCH,0.3459082908296281,4.748116891455342,,2010-08-04
JNPR,JNPR.W^E14,2010-08-23,GJR-GARCH,0.3502888256139613,4.869137355159056,,2010-08-04
JNPR,JNPR.W^E14,2010-08-24,EGARCH,0.3642946193487856,5.266292447876054,,2010-08-04
JNPR,JNPR.W^E14,2010-08-24,ESG-EGARCH,0.3730045512220238,5.521126794934262,all,2010-08-04
JNPR,JNPR.W^E14,2010-08-24,ESG-EGARCH(E),0.3730045512220241,5.521126794934271,E,2010-08-04
JNPR,JNPR.W^E14,2010-08-24,ESG-EGARCH(G),0.3730045512220241,5.521126794934271,G,2010-08-04
JNPR,JNPR.W^E14,2010-08-24,ESG-EGARCH(S),0.3730045512220241,5.521126794934271,S,2010-08-04
JNPR,JNPR.W^E14,2010-08-24,ESG-GARCH,0.348040999603699,4.80684672242627,all,2010-08-04
JNPR,JNPR.W^E14,2010-08-24,ESG-GARCH(E),0.348040999603699,4.806846722426271,E,2010-08-04
JNPR,JNPR.W^E14,2010-08-24,ESG-GARCH(G),0.348040999603699,4.806846722426271,G,2010-08-04
JNPR,JNPR.W^E14,2010-08-24,ESG-GARCH(S),0.348040999603699,4.806846722426271,S,2010-08-04
JNPR,JNPR.W^E14,2010-08-24,ESG-GJR-GARCH,0.3536729657963765,4.963673283143053,all,2010-08-04
JNPR,JNPR.W^E14,2010-08-24,ESG-GJR-GARCH(E),0.3536729657963764,4.963673283143049,E,2010-08-04
JNPR,JNPR.W^E14,2010-08-24,ESG-GJR-GARCH(G),0.3536729657963764,4.963673283143049,G,2010-08-04
JNPR,JNPR.W^E14,2010-08-24,ESG-GJR-GARCH(S),0.3536729657963764,4.963673283143049,S,2010-08-04
JNPR,JNPR.W^E14,2010-08-24,GARCH,0.3459082908296281,4.748116891455342,,2010-08-04
JNPR,JNPR.W^E14,2010-08-24,GJR-GARCH,0.3502888256139613,4.869137355159056,,2010-08-04
JNPR,JNPR.W^E14,2010-08-25,EGARCH,0.3642946193487856,5.266292447876054,,2010-08-04
JNPR,JNPR.W^E14,2010-08-25,ESG-EGARCH,0.3730045512220238,5.521126794934262,all,2010-08-04
JNPR,JNPR.W^E14,2010-08-25,ESG-EGARCH(E),0.3730045512220241,5.521126794934271,E,2010-08-04
JNPR,JNPR.W^E14,2010-08-25,ESG-EGARCH(G),0.3730045512220241,5.521126794934271,G,2010-08-04
JNPR,JNPR.W^E14,2010-08-25,ESG-EGARCH(S),0.3730045512220241,5.521126794934271,S,2010-08-04
JNPR,JNPR.W^E14,2010-08-25,ESG-GARCH,0.348040999603699,4.80684672242627,all,2010-08-04
JNPR,JNPR.W^E14,2010-08-25,ESG-GARCH(E),0.348040999603699,4.806846722426271,E,2010-08-04
JNPR,JNPR.W^E14,2010-08-25,ESG-GARCH(G),0.348040999603699,4.806846722426271,G,2010-08-04
JNPR,JNPR.W^E14,2010-08-25,ESG-GARCH(S),0.348040999603699,4.806846722426271,S,2010-08-04
JNPR,JNPR.W^E14,2010-08-25,ESG-GJR-GARCH,0.3536729657963765,4.963673283143053,all,2010-08-04
JNPR,JNPR.W^E14,2010-08-25,ESG-GJR-GARCH(E),0.3536729657963764,4.963673283143049,E,2010-08-04
JNPR,JNPR.W^E14,2010-08-25,ESG-GJR-GARCH(G),0.3536729657963764,4.963673283143049,G,2010-08-04
JNPR,JNPR.W^E14,2010-08-25,ESG-GJR-GARCH(S),0.3536729657963764,4.963673283143049,S,2010-08-04
JNPR,JNPR.W^E14,2010-08-25,GARCH,0.3459082908296281,4.748116891455342,,2010-08-04
JNPR,JNPR.W^E14,2010-08-25,GJR-GARCH,0.3502888256139613,4.869137355159056,,2010-08-04
JNPR,JNPR.W^E14,2010-08-26,EGARCH,0.3642946193487856,5.266292447876054,,2010-08-04
JNPR,JNPR.W^E14,2010-08-26,ESG-EGARCH,0.3730045512220238,5.521126794934262,all,2010-08-04
JNPR,JNPR.W^E14,2010-08-26,ESG-EGARCH(E),0.3730045512220241,5.521126794934271,E,2010-08-04
JNPR,JNPR.W^E14,2010-08-26,ESG-EGARCH(G),0.3730045512220241,5.521126794934271,G,2010-08-04
JNPR,JNPR.W^E14,2010-08-26,ESG-EGARCH(S),0.3730045512220241,5.521126794934271,S,2010-08-04
JNPR,JNPR.W^E14,2010-08-26,ESG-GARCH,0.348040999603699,4.80684672242627,all,2010-08-04
JNPR,JNPR.W^E14,2010-08-26,ESG-GARCH(E),0.348040999603699,4.806846722426271,E,2010-08-04
JNPR,JNPR.W^E14,2010-08-26,ESG-GARCH(G),0.348040999603699,4.806846722426271,G,2010-08-04
JNPR,JNPR.W^E14,2010-08-26,ESG-GARCH(S),0.348040999603699,4.806846722426271,S,2010-08-04
JNPR,JNPR.W^E14,2010-08-26,ESG-GJR-GARCH,0.3536729657963765,4.963673283143053,all,2010-08-04
JNPR,JNPR.W^E14,2010-08-26,ESG-GJR-GARCH(E),0.3536729657963764,4.963673283143049,E,2010-08-04
JNPR,JNPR.W^E14,2010-08-26,ESG-GJR-GARCH(G),0.3536729657963764,4.963673283143049,G,2010-08-04
JNPR,JNPR.W^E14,2010-08-26,ESG-GJR-GARCH(S),0.3536729657963764,4.963673283143049,S,2010-08-04
JNPR,JNPR.W^E14,2010-08-26,GARCH,0.3459082908296281,4.748116891455342,,2010-08-04
JNPR,JNPR.W^E14,2010-08-26,GJR-GARCH,0.3502888256139613,4.869137355159056,,2010-08-04
JNPR,JNPR.W^E14,2010-08-27,EGARCH,0.3642946193487856,5.266292447876054,,2010-08-04
JNPR,JNPR.W^E14,2010-08-27,ESG-EGARCH,0.3730045512220238,5.521126794934262,all,2010-08-04
JNPR,JNPR.W^E14,2010-08-27,ESG-EGARCH(E),0.3730045512220241,5.521126794934271,E,2010-08-04
JNPR,JNPR.W^E14,2010-08-27,ESG-EGARCH(G),0.3730045512220241,5.521126794934271,G,2010-08-04
JNPR,JNPR.W^E14,2010-08-27,ESG-EGARCH(S),0.3730045512220241,5.521126794934271,S,2010-08-04
JNPR,JNPR.W^E14,2010-08-27,ESG-GARCH,0.348040999603699,4.80684672242627,all,2010-08-04
JNPR,JNPR.W^E14,2010-08-27,ESG-GARCH(E),0.348040999603699,4.806846722426271,E,2010-08-04
JNPR,JNPR.W^E14,2010-08-27,ESG-GARCH(G),0.348040999603699,4.806846722426271,G,2010-08-04
JNPR,JNPR.W^E14,2010-08-27,ESG-GARCH(S),0.348040999603699,4.806846722426271,S,2010-08-04
JNPR,JNPR.W^E14,2010-08-27,ESG-GJR-GARCH,0.3536729657963765,4.963673283143053,all,2010-08-04
JNPR,JNPR.W^E14,2010-08-27,ESG-GJR-GARCH(E),0.3536729657963764,4.963673283143049,E,2010-08-04
JNPR,JNPR.W^E14,2010-08-27,ESG-GJR-GARCH(G),0.3536729657963764,4.963673283143049,G,2010-08-04
JNPR,JNPR.W^E14,2010-08-27,ESG-GJR-GARCH(S),0.3536729657963764,4.963673283143049,S,2010-08-04
JNPR,JNPR.W^E14,2010-08-27,GARCH,0.3459082908296281,4.748116891455342,,2010-08-04
JNPR,JNPR.W^E14,2010-08-27,GJR-GARCH,0.3502888256139613,4.869137355159056,,2010-08-04
JNPR,JNPR.W^E14,2010-08-30,EGARCH,0.3642946193487856,5.266292447876054,,2010-08-04
JNPR,JNPR.W^E14,2010-08-30,ESG-EGARCH,0.3730045512220238,5.521126794934262,all,2010-08-04
JNPR,JNPR.W^E14,2010-08-30,ESG-EGARCH(E),0.3730045512220241,5.521126794934271,E,2010-08-04
JNPR,JNPR.W^E14,2010-08-30,ESG-EGARCH(G),0.3730045512220241,5.521126794934271,G,2010-08-04
JNPR,JNPR.W^E14,2010-08-30,ESG-EGARCH(S),0.3730045512220241,5.521126794934271,S,2010-08-04
JNPR,JNPR.W^E14,2010-08-30,ESG-GARCH,0.348040999603699,4.80684672242627,all,2010-08-04
JNPR,JNPR.W^E14,2010-08-30,ESG-GARCH(E),0.348040999603699,4.806846722426271,E,2010-08-04
JNPR,JNPR.W^E14,2010-08-30,ESG-GARCH(G),0.348040999603699,4.806846722426271,G,2010-08-04
JNPR,JNPR.W^E14,2010-08-30,ESG-GARCH(S),0.348040999603699,4.806846722426271,S,2010-08-04
JNPR,JNPR.W^E14,2010-08-30,ESG-GJR-GARCH,0.3536729657963765,4.963673283143053,all,2010-08-04
JNPR,JNPR.W^E14,2010-08-30,ESG-GJR-GARCH(E),0.3536729657963764,4.963673283143049,E,2010-08-04
JNPR,JNPR.W^E14,2010-08-30,ESG-GJR-GARCH(G),0.3536729657963764,4.963673283143049,G,2010-08-04
JNPR,JNPR.W^E14,2010-08-30,ESG-GJR-GARCH(S),0.3536729657963764,4.963673283143049,S,2010-08-04
JNPR,JNPR.W^E14,2010-08-30,GARCH,0.3459082908296281,4.748116891455342,,2010-08-04
JNPR,JNPR.W^E14,2010-08-30,GJR-GARCH,0.3502888256139613,4.869137355159056,,2010-08-04
JNPR,JNPR.W^E14,2010-08-31,EGARCH,0.3642946193487856,5.266292447876054,,2010-08-04
JNPR,JNPR.W^E14,2010-08-31,ESG-EGARCH,0.3730045512220238,5.521126794934262,all,2010-08-04
JNPR,JNPR.W^E14,2010-08-31,ESG-EGARCH(E),0.3730045512220241,5.521126794934271,E,2010-08-04
JNPR,JNPR.W^E14,2010-08-31,ESG-EGARCH(G),0.3730045512220241,5.521126794934271,G,2010-08-04
JNPR,JNPR.W^E14,2010-08-31,ESG-EGARCH(S),0.3730045512220241,5.521126794934271,S,2010-08-04
JNPR,JNPR.W^E14,2010-08-31,ESG-GARCH,0.348040999603699,4.80684672242627,all,2010-08-04
JNPR,JNPR.W^E14,2010-08-31,ESG-GARCH(E),0.348040999603699,4.806846722426271,E,2010-08-04
JNPR,JNPR.W^E14,2010-08-31,ESG-GARCH(G),0.348040999603699,4.806846722426271,G,2010-08-04
JNPR,JNPR.W^E14,2010-08-31,ESG-GARCH(S),0.348040999603699,4.806846722426271,S,2010-08-04
JNPR,JNPR.W^E14,2010-08-31,ESG-GJR-GARCH,0.3536729657963765,4.963673283143053,all,2010-08-04
JNPR,JNPR.W^E14,2010-08-31,ESG-GJR-GARCH(E),0.3536729657963764,4.963673283143049,E,2010-08-04
JNPR,JNPR.W^E14,2010-08-31,ESG-GJR-GARCH(G),0.3536729657963764,4.963673283143049,G,2010-08-04
JNPR,JNPR.W^E14,2010-08-31,ESG-GJR-GARCH(S),0.3536729657963764,4.963673283143049,S,2010-08-04
JNPR,JNPR.W^E14,2010-08-31,GARCH,0.3459082908296281,4.748116891455342,,2010-08-04
JNPR,JNPR.W^E14,2010-08-31,GJR-GARCH,0.3502888256139613,4.869137355159056,,2010-08-04
JNPR,JNPR.W^E14,2010-09-01,EGARCH,0.3642946193487856,5.266292447876054,,2010-08-04
JNPR,JNPR.W^E14,2010-09-01,ESG-EGARCH,0.3730045512220238,5.521126794934262,all,2010-08-04
JNPR,JNPR.W^E14,2010-09-01,ESG-EGARCH(E),0.3730045512220241,5.521126794934271,E,2010-08-04
JNPR,JNPR.W^E14,2010-09-01,ESG-EGARCH(G),0.3730045512220241,5.521126794934271,G,2010-08-04
JNPR,JNPR.W^E14,2010-09-01,ESG-EGARCH(S),0.3730045512220241,5.521126794934271,S,2010-08-04
JNPR,JNPR.W^E14,2010-09-01,ESG-GARCH,0.348040999603699,4.80684672242627,all,2010-08-04
JNPR,JNPR.W^E14,2010-09-01,ESG-GARCH(E),0.348040999603699,4.806846722426271,E,2010-08-04
JNPR,JNPR.W^E14,2010-09-01,ESG-GARCH(G),0.348040999603699,4.806846722426271,G,2010-08-04
JNPR,JNPR.W^E14,2010-09-01,ESG-GARCH(S),0.348040999603699,4.806846722426271,S,2010-08-04
JNPR,JNPR.W^E14,2010-09-01,ESG-GJR-GARCH,0.3536729657963765,4.963673283143053,all,2010-08-04
JNPR,JNPR.W^E14,2010-09-01,ESG-GJR-GARCH(E),0.3536729657963764,4.963673283143049,E,2010-08-04
JNPR,JNPR.W^E14,2010-09-01,ESG-GJR-GARCH(G),0.3536729657963764,4.963673283143049,G,2010-08-04
JNPR,JNPR.W^E14,2010-09-01,ESG-GJR-GARCH(S),0.3536729657963764,4.963673283143049,S,2010-08-04
JNPR,JNPR.W^E14,2010-09-01,GARCH,0.3459082908296281,4.748116891455342,,2010-08-04
JNPR,JNPR.W^E14,2010-09-01,GJR-GARCH,0.3502888256139613,4.869137355159056,,2010-08-04
JNPR,JNPR.W^E14,2010-09-02,EGARCH,0.3642946193487856,5.266292447876054,,2010-08-04
JNPR,JNPR.W^E14,2010-09-02,ESG-EGARCH,0.3730045512220238,5.521126794934262,all,2010-08-04
JNPR,JNPR.W^E14,2010-09-02,ESG-EGARCH(E),0.3730045512220241,5.521126794934271,E,2010-08-04
JNPR,JNPR.W^E14,2010-09-02,ESG-EGARCH(G),0.3730045512220241,5.521126794934271,G,2010-08-04
JNPR,JNPR.W^E14,2010-09-02,ESG-EGARCH(S),0.3730045512220241,5.521126794934271,S,2010-08-04
JNPR,JNPR.W^E14,2010-09-02,ESG-GARCH,0.348040999603699,4.80684672242627,all,2010-08-04
JNPR,JNPR.W^E14,2010-09-02,ESG-GARCH(E),0.348040999603699,4.806846722426271,E,2010-08-04
JNPR,JNPR.W^E14,2010-09-02,ESG-GARCH(G),0.348040999603699,4.806846722426271,G,2010-08-04
JNPR,JNPR.W^E14,2010-09-02,ESG-GARCH(S),0.348040999603699,4.806846722426271,S,2010-08-04
JNPR,JNPR.W^E14,2010-09-02,ESG-GJR-GARCH,0.3536729657963765,4.963673283143053,all,2010-08-04
JNPR,JNPR.W^E14,2010-09-02,ESG-GJR-GARCH(E),0.3536729657963764,4.963673283143049,E,2010-08-04
JNPR,JNPR.W^E14,2010-09-02,ESG-GJR-GARCH(G),0.3536729657963764,4.963673283143049,G,2010-08-04
JNPR,JNPR.W^E14,2010-09-02,ESG-GJR-GARCH(S),0.3536729657963764,4.963673283143049,S,2010-08-04
JNPR,JNPR.W^E14,2010-09-02,GARCH,0.3459082908296281,4.748116891455342,,2010-08-04
JNPR,JNPR.W^E14,2010-09-02,GJR-GARCH,0.3502888256139613,4.869137355159056,,2010-08-04
JNPR,JNPR.W^E14,2010-09-03,EGARCH,0.3390465818476164,4.561610502482238,,2010-09-03
JNPR,JNPR.W^E14,2010-09-03,ESG-EGARCH,0.3348481586081992,4.449336877908799,all,2010-09-03
JNPR,JNPR.W^E14,2010-09-03,ESG-EGARCH(E),0.3348481586081991,4.449336877908798,E,2010-09-03
JNPR,JNPR.W^E14,2010-09-03,ESG-EGARCH(G),0.334848158608199,4.449336877908793,G,2010-09-03
JNPR,JNPR.W^E14,2010-09-03,ESG-EGARCH(S),0.334848158608199,4.449336877908793,S,2010-09-03
JNPR,JNPR.W^E14,2010-09-03,ESG-GARCH,0.331271019938656,4.354781295682438,all,2010-09-03
JNPR,JNPR.W^E14,2010-09-03,ESG-GARCH(E),0.3312710199386567,4.354781295682457,E,2010-09-03
JNPR,JNPR.W^E14,2010-09-03,ESG-GARCH(G),0.3312710199386523,4.354781295682341,G,2010-09-03
JNPR,JNPR.W^E14,2010-09-03,ESG-GARCH(S),0.3312710199386523,4.354781295682341,S,2010-09-03
JNPR,JNPR.W^E14,2010-09-03,ESG-GJR-GARCH,0.3650826229188869,5.289100061798976,all,2010-09-03
JNPR,JNPR.W^E14,2010-09-03,ESG-GJR-GARCH(E),0.365082622918887,5.28910006179898,E,2010-09-03
JNPR,JNPR.W^E14,2010-09-03,ESG-GJR-GARCH(G),0.3650826229188871,5.2891000617989805,G,2010-09-03
JNPR,JNPR.W^E14,2010-09-03,ESG-GJR-GARCH(S),0.3650826229188871,5.2891000617989805,S,2010-09-03
JNPR,JNPR.W^E14,2010-09-03,GARCH,0.3312676456638433,4.354692581891496,,2010-09-03
JNPR,JNPR.W^E14,2010-09-03,GJR-GARCH,0.3626265346061826,5.218174746051149,,2010-09-03
JNPR,JNPR.W^E14,2010-09-08,EGARCH,0.3390465818476164,4.561610502482238,,2010-09-03
JNPR,JNPR.W^E14,2010-09-08,ESG-EGARCH,0.3348481586081992,4.449336877908799,all,2010-09-03
JNPR,JNPR.W^E14,2010-09-08,ESG-EGARCH(E),0.3348481586081991,4.449336877908798,E,2010-09-03
JNPR,JNPR.W^E14,2010-09-08,ESG-EGARCH(G),0.334848158608199,4.449336877908793,G,2010-09-03
JNPR,JNPR.W^E14,2010-09-08,ESG-EGARCH(S),0.334848158608199,4.449336877908793,S,2010-09-03
JNPR,JNPR.W^E14,2010-09-08,ESG-GARCH,0.331271019938656,4.354781295682438,all,2010-09-03
JNPR,JNPR.W^E14,2010-09-08,ESG-GARCH(E),0.3312710199386567,4.354781295682457,E,2010-09-03
JNPR,JNPR.W^E14,2010-09-08,ESG-GARCH(G),0.3312710199386523,4.354781295682341,G,2010-09-03
JNPR,JNPR.W^E14,2010-09-08,ESG-GARCH(S),0.3312710199386523,4.354781295682341,S,2010-09-03
JNPR,JNPR.W^E14,2010-09-08,ESG-GJR-GARCH,0.3650826229188869,5.289100061798976,all,2010-09-03
JNPR,JNPR.W^E14,2010-09-08,ESG-GJR-GARCH(E),0.365082622918887,5.28910006179898,E,2010-09-03
JNPR,JNPR.W^E14,2010-09-08,ESG-GJR-GARCH(G),0.3650826229188871,5.2891000617989805,G,2010-09-03
JNPR,JNPR.W^E14,2010-09-08,ESG-GJR-GARCH(S),0.3650826229188871,5.2891000617989805,S,2010-09-03
JNPR,JNPR.W^E14,2010-09-08,GARCH,0.3312676456638433,4.354692581891496,,2010-09-03
JNPR,JNPR.W^E14,2010-09-08,GJR-GARCH,0.3626265346061826,5.218174746051149,,2010-09-03
JNPR,JNPR.W^E14,2010-09-09,EGARCH,0.3390465818476164,4.561610502482238,,2010-09-03
JNPR,JNPR.W^E14,2010-09-09,ESG-EGARCH,0.3348481586081992,4.449336877908799,all,2010-09-03
JNPR,JNPR.W^E14,2010-09-09,ESG-EGARCH(E),0.3348481586081991,4.449336877908798,E,2010-09-03
JNPR,JNPR.W^E14,2010-09-09,ESG-EGARCH(G),0.334848158608199,4.449336877908793,G,2010-09-03
JNPR,JNPR.W^E14,2010-09-09,ESG-EGARCH(S),0.334848158608199,4.449336877908793,S,2010-09-03
JNPR,JNPR.W^E14,2010-09-09,ESG-GARCH,0.331271019938656,4.354781295682438,all,2010-09-03
JNPR,JNPR.W^E14,2010-09-09,ESG-GARCH(E),0.3312710199386567,4.354781295682457,E,2010-09-03
JNPR,JNPR.W^E14,2010-09-09,ESG-GARCH(G),0.3312710199386523,4.354781295682341,G,2010-09-03
JNPR,JNPR.W^E14,2010-09-09,ESG-GARCH(S),0.3312710199386523,4.354781295682341,S,2010-09-03
JNPR,JNPR.W^E14,2010-09-09,ESG-GJR-GARCH,0.3650826229188869,5.289100061798976,all,2010-09-03
JNPR,JNPR.W^E14,2010-09-09,ESG-GJR-GARCH(E),0.365082622918887,5.28910006179898,E,2010-09-03
JNPR,JNPR.W^E14,2010-09-09,ESG-GJR-GARCH(G),0.3650826229188871,5.2891000617989805,G,2010-09-03
JNPR,JNPR.W^E14,2010-09-09,ESG-GJR-GARCH(S),0.3650826229188871,5.2891000617989805,S,2010-09-03
JNPR,JNPR.W^E14,2010-09-09,GARCH,0.3312676456638433,4.354692581891496,,2010-09-03
JNPR,JNPR.W^E14,2010-09-09,GJR-GARCH,0.3626265346061826,5.218174746051149,,2010-09-03
JNPR,JNPR.W^E14,2010-09-10,EGARCH,0.3390465818476164,4.561610502482238,,2010-09-03
JNPR,JNPR.W^E14,2010-09-10,ESG-EGARCH,0.3348481586081992,4.449336877908799,all,2010-09-03
JNPR,JNPR.W^E14,2010-09-10,ESG-EGARCH(E),0.3348481586081991,4.449336877908798,E,2010-09-03
JNPR,JNPR.W^E14,2010-09-10,ESG-EGARCH(G),0.334848158608199,4.449336877908793,G,2010-09-03
JNPR,JNPR.W^E14,2010-09-10,ESG-EGARCH(S),0.334848158608199,4.449336877908793,S,2010-09-03
JNPR,JNPR.W^E14,2010-09-10,ESG-GARCH,0.331271019938656,4.354781295682438,all,2010-09-03
JNPR,JNPR.W^E14,2010-09-10,ESG-GARCH(E),0.3312710199386567,4.354781295682457,E,2010-09-03
JNPR,JNPR.W^E14,2010-09-10,ESG-GARCH(G),0.3312710199386523,4.354781295682341,G,2010-09-03
JNPR,JNPR.W^E14,2010-09-10,ESG-GARCH(S),0.3312710199386523,4.354781295682341,S,2010-09-03
JNPR,JNPR.W^E14,2010-09-10,ESG-GJR-GARCH,0.3650826229188869,5.289100061798976,all,2010-09-03
JNPR,JNPR.W^E14,2010-09-10,ESG-GJR-GARCH(E),0.365082622918887,5.28910006179898,E,2010-09-03
JNPR,JNPR.W^E14,2010-09-10,ESG-GJR-GARCH(G),0.3650826229188871,5.2891000617989805,G,2010-09-03
JNPR,JNPR.W^E14,2010-09-10,ESG-GJR-GARCH(S),0.3650826229188871,5.2891000617989805,S,2010-09-03
JNPR,JNPR.W^E14,2010-09-10,GARCH,0.3312676456638433,4.354692581891496,,2010-09-03
JNPR,JNPR.W^E14,2010-09-10,GJR-GARCH,0.3626265346061826,5.218174746051149,,2010-09-03
JNPR,JNPR.W^E14,2010-09-13,EGARCH,0.3390465818476164,4.561610502482238,,2010-09-03
JNPR,JNPR.W^E14,2010-09-13,ESG-EGARCH,0.3348481586081992,4.449336877908799,all,2010-09-03
JNPR,JNPR.W^E14,2010-09-13,ESG-EGARCH(E),0.3348481586081991,4.449336877908798,E,2010-09-03
JNPR,JNPR.W^E14,2010-09-13,ESG-EGARCH(G),0.334848158608199,4.449336877908793,G,2010-09-03
JNPR,JNPR.W^E14,2010-09-13,ESG-EGARCH(S),0.334848158608199,4.449336877908793,S,2010-09-03
JNPR,JNPR.W^E14,2010-09-13,ESG-GARCH,0.331271019938656,4.354781295682438,all,2010-09-03
JNPR,JNPR.W^E14,2010-09-13,ESG-GARCH(E),0.3312710199386567,4.354781295682457,E,2010-09-03
JNPR,JNPR.W^E14,2010-09-13,ESG-GARCH(G),0.3312710199386523,4.354781295682341,G,2010-09-03
JNPR,JNPR.W^E14,2010-09-13,ESG-GARCH(S),0.3312710199386523,4.354781295682341,S,2010-09-03
JNPR,JNPR.W^E14,2010-09-13,ESG-GJR-GARCH,0.3650826229188869,5.289100061798976,all,2010-09-03
JNPR,JNPR.W^E14,2010-09-13,ESG-GJR-GARCH(E),0.365082622918887,5.28910006179898,E,2010-09-03
JNPR,JNPR.W^E14,2010-09-13,ESG-GJR-GARCH(G),0.3650826229188871,5.2891000617989805,G,2010-09-03
JNPR,JNPR.W^E14,2010-09-13,ESG-GJR-GARCH(S),0.3650826229188871,5.2891000617989805,S,2010-09-03
JNPR,JNPR.W^E14,2010-09-13,GARCH,0.3312676456638433,4.354692581891496,,2010-09-03
JNPR,JNPR.W^E14,2010-09-13,GJR-GARCH,0.3626265346061826,5.218174746051149,,2010-09-03
JNPR,JNPR.W^E14,2010-09-14,EGARCH,0.3390465818476164,4.561610502482238,,2010-09-03
JNPR,JNPR.W^E14,2010-09-14,ESG-EGARCH,0.3348481586081992,4.449336877908799,all,2010-09-03
JNPR,JNPR.W^E14,2010-09-14,ESG-EGARCH(E),0.3348481586081991,4.449336877908798,E,2010-09-03
JNPR,JNPR.W^E14,2010-09-14,ESG-EGARCH(G),0.334848158608199,4.449336877908793,G,2010-09-03
JNPR,JNPR.W^E14,2010-09-14,ESG-EGARCH(S),0.334848158608199,4.449336877908793,S,2010-09-03
JNPR,JNPR.W^E14,2010-09-14,ESG-GARCH,0.331271019938656,4.354781295682438,all,2010-09-03
JNPR,JNPR.W^E14,2010-09-14,ESG-GARCH(E),0.3312710199386567,4.354781295682457,E,2010-09-03
JNPR,JNPR.W^E14,2010-09-14,ESG-GARCH(G),0.3312710199386523,4.354781295682341,G,2010-09-03
JNPR,JNPR.W^E14,2010-09-14,ESG-GARCH(S),0.3312710199386523,4.354781295682341,S,2010-09-03
JNPR,JNPR.W^E14,2010-09-14,ESG-GJR-GARCH,0.3650826229188869,5.289100061798976,all,2010-09-03
JNPR,JNPR.W^E14,2010-09-14,ESG-GJR-GARCH(E),0.365082622918887,5.28910006179898,E,2010-09-03
JNPR,JNPR.W^E14,2010-09-14,ESG-GJR-GARCH(G),0.3650826229188871,5.2891000617989805,G,2010-09-03
JNPR,JNPR.W^E14,2010-09-14,ESG-GJR-GARCH(S),0.3650826229188871,5.2891000617989805,S,2010-09-03
JNPR,JNPR.W^E14,2010-09-14,GARCH,0.3312676456638433,4.354692581891496,,2010-09-03
JNPR,JNPR.W^E14,2010-09-14,GJR-GARCH,0.3626265346061826,5.218174746051149,,2010-09-03
JNPR,JNPR.W^E14,2010-09-15,EGARCH,0.3390465818476164,4.561610502482238,,2010-09-03
JNPR,JNPR.W^E14,2010-09-15,ESG-EGARCH,0.3348481586081992,4.449336877908799,all,2010-09-03
JNPR,JNPR.W^E14,2010-09-15,ESG-EGARCH(E),0.3348481586081991,4.449336877908798,E,2010-09-03
JNPR,JNPR.W^E14,2010-09-15,ESG-EGARCH(G),0.334848158608199,4.449336877908793,G,2010-09-03
JNPR,JNPR.W^E14,2010-09-15,ESG-EGARCH(S),0.334848158608199,4.449336877908793,S,2010-09-03
JNPR,JNPR.W^E14,2010-09-15,ESG-GARCH,0.331271019938656,4.354781295682438,all,2010-09-03
JNPR,JNPR.W^E14,2010-09-15,ESG-GARCH(E),0.3312710199386567,4.354781295682457,E,2010-09-03
JNPR,JNPR.W^E14,2010-09-15,ESG-GARCH(G),0.3312710199386523,4.354781295682341,G,2010-09-03
JNPR,JNPR.W^E14,2010-09-15,ESG-GARCH(S),0.3312710199386523,4.354781295682341,S,2010-09-03
JNPR,JNPR.W^E14,2010-09-15,ESG-GJR-GARCH,0.3650826229188869,5.289100061798976,all,2010-09-03
JNPR,JNPR.W^E14,2010-09-15,ESG-GJR-GARCH(E),0.365082622918887,5.28910006179898,E,2010-09-03
JNPR,JNPR.W^E14,2010-09-15,ESG-GJR-GARCH(G),0.3650826229188871,5.2891000617989805,G,2010-09-03
JNPR,JNPR.W^E14,2010-09-15,ESG-GJR-GARCH(S),0.3650826229188871,5.2891000617989805,S,2010-09-03
JNPR,JNPR.W^E14,2010-09-15,GARCH,0.3312676456638433,4.354692581891496,,2010-09-03
JNPR,JNPR.W^E14,2010-09-15,GJR-GARCH,0.3626265346061826,5.218174746051149,,2010-09-03
JNPR,JNPR.W^E14,2010-09-16,EGARCH,0.3390465818476164,4.561610502482238,,2010-09-03
JNPR,JNPR.W^E14,2010-09-16,ESG-EGARCH,0.3348481586081992,4.449336877908799,all,2010-09-03
JNPR,JNPR.W^E14,2010-09-16,ESG-EGARCH(E),0.3348481586081991,4.449336877908798,E,2010-09-03
JNPR,JNPR.W^E14,2010-09-16,ESG-EGARCH(G),0.334848158608199,4.449336877908793,G,2010-09-03
JNPR,JNPR.W^E14,2010-09-16,ESG-EGARCH(S),0.334848158608199,4.449336877908793,S,2010-09-03
JNPR,JNPR.W^E14,2010-09-16,ESG-GARCH,0.331271019938656,4.354781295682438,all,2010-09-03
JNPR,JNPR.W^E14,2010-09-16,ESG-GARCH(E),0.3312710199386567,4.354781295682457,E,2010-09-03
JNPR,JNPR.W^E14,2010-09-16,ESG-GARCH(G),0.3312710199386523,4.354781295682341,G,2010-09-03
JNPR,JNPR.W^E14,2010-09-16,ESG-GARCH(S),0.3312710199386523,4.354781295682341,S,2010-09-03
JNPR,JNPR.W^E14,2010-09-16,ESG-GJR-GARCH,0.3650826229188869,5.289100061798976,all,2010-09-03
JNPR,JNPR.W^E14,2010-09-16,ESG-GJR-GARCH(E),0.365082622918887,5.28910006179898,E,2010-09-03
JNPR,JNPR.W^E14,2010-09-16,ESG-GJR-GARCH(G),0.3650826229188871,5.2891000617989805,G,2010-09-03
JNPR,JNPR.W^E14,2010-09-16,ESG-GJR-GARCH(S),0.3650826229188871,5.2891000617989805,S,2010-09-03
JNPR,JNPR.W^E14,2010-09-16,GARCH,0.3312676456638433,4.354692581891496,,2010-09-03
JNPR,JNPR.W^E14,2010-09-16,GJR-GARCH,0.3626265346061826,5.218174746051149,,2010-09-03
JNPR,JNPR.W^E14,2010-09-17,EGARCH,0.3390465818476164,4.561610502482238,,2010-09-03
JNPR,JNPR.W^E14,2010-09-17,ESG-EGARCH,0.3348481586081992,4.449336877908799,all,2010-09-03
JNPR,JNPR.W^E14,2010-09-17,ESG-EGARCH(E),0.3348481586081991,4.449336877908798,E,2010-09-03
JNPR,JNPR.W^E14,2010-09-17,ESG-EGARCH(G),0.334848158608199,4.449336877908793,G,2010-09-03
JNPR,JNPR.W^E14,2010-09-17,ESG-EGARCH(S),0.334848158608199,4.449336877908793,S,2010-09-03
JNPR,JNPR.W^E14,2010-09-17,ESG-GARCH,0.331271019938656,4.354781295682438,all,2010-09-03
JNPR,JNPR.W^E14,2010-09-17,ESG-GARCH(E),0.3312710199386567,4.354781295682457,E,2010-09-03
JNPR,JNPR.W^E14,2010-09-17,ESG-GARCH(G),0.3312710199386523,4.354781295682341,G,2010-09-03
JNPR,JNPR.W^E14,2010-09-17,ESG-GARCH(S),0.3312710199386523,4.354781295682341,S,2010-09-03
JNPR,JNPR.W^E14,2010-09-17,ESG-GJR-GARCH,0.3650826229188869,5.289100061798976,all,2010-09-03
JNPR,JNPR.W^E14,2010-09-17,ESG-GJR-GARCH(E),0.365082622918887,5.28910006179898,E,2010-09-03
JNPR,JNPR.W^E14,2010-09-17,ESG-GJR-GARCH(G),0.3650826229188871,5.2891000617989805,G,2010-09-03
JNPR,JNPR.W^E14,2010-09-17,ESG-GJR-GARCH(S),0.3650826229188871,5.2891000617989805,S,2010-09-03
JNPR,JNPR.W^E14,2010-09-17,GARCH,0.3312676456638433,4.354692581891496,,2010-09-03
JNPR,JNPR.W^E14,2010-09-17,GJR-GARCH,0.3626265346061826,5.218174746051149,,2010-09-03
JNPR,JNPR.W^E14,2010-09-20,EGARCH,0.3390465818476164,4.561610502482238,,2010-09-03
JNPR,JNPR.W^E14,2010-09-20,ESG-EGARCH,0.3348481586081992,4.449336877908799,all,2010-09-03
JNPR,JNPR.W^E14,2010-09-20,ESG-EGARCH(E),0.3348481586081991,4.449336877908798,E,2010-09-03
JNPR,JNPR.W^E14,2010-09-20,ESG-EGARCH(G),0.334848158608199,4.449336877908793,G,2010-09-03
JNPR,JNPR.W^E14,2010-09-20,ESG-EGARCH(S),0.334848158608199,4.449336877908793,S,2010-09-03
JNPR,JNPR.W^E14,2010-09-20,ESG-GARCH,0.331271019938656,4.354781295682438,all,2010-09-03
JNPR,JNPR.W^E14,2010-09-20,ESG-GARCH(E),0.3312710199386567,4.354781295682457,E,2010-09-03
JNPR,JNPR.W^E14,2010-09-20,ESG-GARCH(G),0.3312710199386523,4.354781295682341,G,2010-09-03
JNPR,JNPR.W^E14,2010-09-20,ESG-GARCH(S),0.3312710199386523,4.354781295682341,S,2010-09-03
JNPR,JNPR.W^E14,2010-09-20,ESG-GJR-GARCH,0.3650826229188869,5.289100061798976,all,2010-09-03
JNPR,JNPR.W^E14,2010-09-20,ESG-GJR-GARCH(E),0.365082622918887,5.28910006179898,E,2010-09-03
JNPR,JNPR.W^E14,2010-09-20,ESG-GJR-GARCH(G),0.3650826229188871,5.2891000617989805,G,2010-09-03
JNPR,JNPR.W^E14,2010-09-20,ESG-GJR-GARCH(S),0.3650826229188871,5.2891000617989805,S,2010-09-03
JNPR,JNPR.W^E14,2010-09-20,GARCH,0.3312676456638433,4.354692581891496,,2010-09-03
JNPR,JNPR.W^E14,2010-09-20,GJR-GARCH,0.3626265346061826,5.218174746051149,,2010-09-03
JNPR,JNPR.W^E14,2010-10-01,EGARCH,0.3390465818476164,4.561610502482238,,2010-09-03
JNPR,JNPR.W^E14,2010-10-01,ESG-EGARCH,0.3348481586081992,4.449336877908799,all,2010-09-03
JNPR,JNPR.W^E14,2010-10-01,ESG-EGARCH(E),0.3348481586081991,4.449336877908798,E,2010-09-03
JNPR,JNPR.W^E14,2010-10-01,ESG-EGARCH(G),0.334848158608199,4.449336877908793,G,2010-09-03
JNPR,JNPR.W^E14,2010-10-01,ESG-EGARCH(S),0.334848158608199,4.449336877908793,S,2010-09-03
JNPR,JNPR.W^E14,2010-10-01,ESG-GARCH,0.331271019938656,4.354781295682438,all,2010-09-03
JNPR,JNPR.W^E14,2010-10-01,ESG-GARCH(E),0.3312710199386567,4.354781295682457,E,2010-09-03
JNPR,JNPR.W^E14,2010-10-01,ESG-GARCH(G),0.3312710199386523,4.354781295682341,G,2010-09-03
JNPR,JNPR.W^E14,2010-10-01,ESG-GARCH(S),0.3312710199386523,4.354781295682341,S,2010-09-03
JNPR,JNPR.W^E14,2010-10-01,ESG-GJR-GARCH,0.3650826229188869,5.289100061798976,all,2010-09-03
JNPR,JNPR.W^E14,2010-10-01,ESG-GJR-GARCH(E),0.365082622918887,5.28910006179898,E,2010-09-03
JNPR,JNPR.W^E14,2010-10-01,ESG-GJR-GARCH(G),0.3650826229188871,5.2891000617989805,G,2010-09-03
JNPR,JNPR.W^E14,2010-10-01,ESG-GJR-GARCH(S),0.3650826229188871,5.2891000617989805,S,2010-09-03
JNPR,JNPR.W^E14,2010-10-01,GARCH,0.3312676456638433,4.354692581891496,,2010-09-03
JNPR,JNPR.W^E14,2010-10-01,GJR-GARCH,0.3626265346061826,5.218174746051149,,2010-09-03
JNPR,JNPR.W^E14,2010-10-14,EGARCH,0.3390465818476164,4.561610502482238,,2010-09-03
JNPR,JNPR.W^E14,2010-10-14,ESG-EGARCH,0.3348481586081992,4.449336877908799,all,2010-09-03
JNPR,JNPR.W^E14,2010-10-14,ESG-EGARCH(E),0.3348481586081991,4.449336877908798,E,2010-09-03
JNPR,JNPR.W^E14,2010-10-14,ESG-EGARCH(G),0.334848158608199,4.449336877908793,G,2010-09-03
JNPR,JNPR.W^E14,2010-10-14,ESG-EGARCH(S),0.334848158608199,4.449336877908793,S,2010-09-03
JNPR,JNPR.W^E14,2010-10-14,ESG-GARCH,0.331271019938656,4.354781295682438,all,2010-09-03
JNPR,JNPR.W^E14,2010-10-14,ESG-GARCH(E),0.3312710199386567,4.354781295682457,E,2010-09-03
JNPR,JNPR.W^E14,2010-10-14,ESG-GARCH(G),0.3312710199386523,4.354781295682341,G,2010-09-03
JNPR,JNPR.W^E14,2010-10-14,ESG-GARCH(S),0.3312710199386523,4.354781295682341,S,2010-09-03
JNPR,JNPR.W^E14,2010-10-14,ESG-GJR-GARCH,0.3650826229188869,5.289100061798976,all,2010-09-03
JNPR,JNPR.W^E14,2010-10-14,ESG-GJR-GARCH(E),0.365082622918887,5.28910006179898,E,2010-09-03
JNPR,JNPR.W^E14,2010-10-14,ESG-GJR-GARCH(G),0.3650826229188871,5.2891000617989805,G,2010-09-03
JNPR,JNPR.W^E14,2010-10-14,ESG-GJR-GARCH(S),0.3650826229188871,5.2891000617989805,S,2010-09-03
JNPR,JNPR.W^E14,2010-10-14,GARCH,0.3312676456638433,4.354692581891496,,2010-09-03
JNPR,JNPR.W^E14,2010-10-14,GJR-GARCH,0.3626265346061826,5.218174746051149,,2010-09-03
JNPR,JNPR.W^E14,2010-10-15,EGARCH,0.3390465818476164,4.561610502482238,,2010-09-03
JNPR,JNPR.W^E14,2010-10-15,ESG-EGARCH,0.3348481586081992,4.449336877908799,all,2010-09-03
JNPR,JNPR.W^E14,2010-10-15,ESG-EGARCH(E),0.3348481586081991,4.449336877908798,E,2010-09-03
JNPR,JNPR.W^E14,2010-10-15,ESG-EGARCH(G),0.334848158608199,4.449336877908793,G,2010-09-03
JNPR,JNPR.W^E14,2010-10-15,ESG-EGARCH(S),0.334848158608199,4.449336877908793,S,2010-09-03
JNPR,JNPR.W^E14,2010-10-15,ESG-GARCH,0.331271019938656,4.354781295682438,all,2010-09-03
JNPR,JNPR.W^E14,2010-10-15,ESG-GARCH(E),0.3312710199386567,4.354781295682457,E,2010-09-03
JNPR,JNPR.W^E14,2010-10-15,ESG-GARCH(G),0.3312710199386523,4.354781295682341,G,2010-09-03
JNPR,JNPR.W^E14,2010-10-15,ESG-GARCH(S),0.3312710199386523,4.354781295682341,S,2010-09-03
JNPR,JNPR.W^E14,2010-10-15,ESG-GJR-GARCH,0.3650826229188869,5.289100061798976,all,2010-09-03
JNPR,JNPR.W^E14,2010-10-15,ESG-GJR-GARCH(E),0.365082622918887,5.28910006179898,E,2010-09-03
JNPR,JNPR.W^E14,2010-10-15,ESG-GJR-GARCH(G),0.3650826229188871,5.2891000617989805,G,2010-09-03
JNPR,JNPR.W^E14,2010-10-15,ESG-GJR-GARCH(S),0.3650826229188871,5.2891000617989805,S,2010-09-03
JNPR,JNPR.W^E14,2010-10-15,GARCH,0.3312676456638433,4.354692581891496,,2010-09-03
JNPR,JNPR.W^E14,2010-10-15,GJR-GARCH,0.3626265346061826,5.218174746051149,,2010-09-03
JNPR,JNPR.W^E14,2010-10-18,EGARCH,0.3390465818476164,4.561610502482238,,2010-09-03
JNPR,JNPR.W^E14,2010-10-18,ESG-EGARCH,0.3348481586081992,4.449336877908799,all,2010-09-03
JNPR,JNPR.W^E14,2010-10-18,ESG-EGARCH(E),0.3348481586081991,4.449336877908798,E,2010-09-03
JNPR,JNPR.W^E14,2010-10-18,ESG-EGARCH(G),0.334848158608199,4.449336877908793,G,2010-09-03
JNPR,JNPR.W^E14,2010-10-18,ESG-EGARCH(S),0.334848158608199,4.449336877908793,S,2010-09-03
JNPR,JNPR.W^E14,2010-10-18,ESG-GARCH,0.331271019938656,4.354781295682438,all,2010-09-03
JNPR,JNPR.W^E14,2010-10-18,ESG-GARCH(E),0.3312710199386567,4.354781295682457,E,2010-09-03
JNPR,JNPR.W^E14,2010-10-18,ESG-GARCH(G),0.3312710199386523,4.354781295682341,G,2010-09-03
JNPR,JNPR.W^E14,2010-10-18,ESG-GARCH(S),0.3312710199386523,4.354781295682341,S,2010-09-03
JNPR,JNPR.W^E14,2010-10-18,ESG-GJR-GARCH,0.3650826229188869,5.289100061798976,all,2010-09-03
JNPR,JNPR.W^E14,2010-10-18,ESG-GJR-GARCH(E),0.365082622918887,5.28910006179898,E,2010-09-03
JNPR,JNPR.W^E14,2010-10-18,ESG-GJR-GARCH(G),0.3650826229188871,5.2891000617989805,G,2010-09-03
JNPR,JNPR.W^E14,2010-10-18,ESG-GJR-GARCH(S),0.3650826229188871,5.2891000617989805,S,2010-09-03
JNPR,JNPR.W^E14,2010-10-18,GARCH,0.3312676456638433,4.354692581891496,,2010-09-03
JNPR,JNPR.W^E14,2010-10-18,GJR-GARCH,0.3626265346061826,5.218174746051149,,2010-09-03
JNPR,JNPR.W^E14,2010-10-19,EGARCH,0.3390465818476164,4.561610502482238,,2010-09-03
JNPR,JNPR.W^E14,2010-10-19,ESG-EGARCH,0.3348481586081992,4.449336877908799,all,2010-09-03
JNPR,JNPR.W^E14,2010-10-19,ESG-EGARCH(E),0.3348481586081991,4.449336877908798,E,2010-09-03
JNPR,JNPR.W^E14,2010-10-19,ESG-EGARCH(G),0.334848158608199,4.449336877908793,G,2010-09-03
JNPR,JNPR.W^E14,2010-10-19,ESG-EGARCH(S),0.334848158608199,4.449336877908793,S,2010-09-03
JNPR,JNPR.W^E14,2010-10-19,ESG-GARCH,0.331271019938656,4.354781295682438,all,2010-09-03
JNPR,JNPR.W^E14,2010-10-19,ESG-GARCH(E),0.3312710199386567,4.354781295682457,E,2010-09-03
JNPR,JNPR.W^E14,2010-10-19,ESG-GARCH(G),0.3312710199386523,4.354781295682341,G,2010-09-03
JNPR,JNPR.W^E14,2010-10-19,ESG-GARCH(S),0.3312710199386523,4.354781295682341,S,2010-09-03
JNPR,JNPR.W^E14,2010-10-19,ESG-GJR-GARCH,0.3650826229188869,5.289100061798976,all,2010-09-03
JNPR,JNPR.W^E14,2010-10-19,ESG-GJR-GARCH(E),0.365082622918887,5.28910006179898,E,2010-09-03
JNPR,JNPR.W^E14,2010-10-19,ESG-GJR-GARCH(G),0.3650826229188871,5.2891000617989805,G,2010-09-03
JNPR,JNPR.W^E14,2010-10-19,ESG-GJR-GARCH(S),0.3650826229188871,5.2891000617989805,S,2010-09-03
JNPR,JNPR.W^E14,2010-10-19,GARCH,0.3312676456638433,4.354692581891496,,2010-09-03
JNPR,JNPR.W^E14,2010-10-19,GJR-GARCH,0.3626265346061826,5.218174746051149,,2010-09-03
JNPR,JNPR.W^E14,2010-10-20,EGARCH,0.3390465818476164,4.561610502482238,,2010-09-03
JNPR,JNPR.W^E14,2010-10-20,ESG-EGARCH,0.3348481586081992,4.449336877908799,all,2010-09-03
JNPR,JNPR.W^E14,2010-10-20,ESG-EGARCH(E),0.3348481586081991,4.449336877908798,E,2010-09-03
JNPR,JNPR.W^E14,2010-10-20,ESG-EGARCH(G),0.334848158608199,4.449336877908793,G,2010-09-03
JNPR,JNPR.W^E14,2010-10-20,ESG-EGARCH(S),0.334848158608199,4.449336877908793,S,2010-09-03
JNPR,JNPR.W^E14,2010-10-20,ESG-GARCH,0.331271019938656,4.354781295682438,all,2010-09-03
JNPR,JNPR.W^E14,2010-10-20,ESG-GARCH(E),0.3312710199386567,4.354781295682457,E,2010-09-03
JNPR,JNPR.W^E14,2010-10-20,ESG-GARCH(G),0.3312710199386523,4.354781295682341,G,2010-09-03
JNPR,JNPR.W^E14,2010-10-20,ESG-GARCH(S),0.3312710199386523,4.354781295682341,S,2010-09-03
JNPR,JNPR.W^E14,2010-10-20,ESG-GJR-GARCH,0.3650826229188869,5.289100061798976,all,2010-09-03
JNPR,JNPR.W^E14,2010-10-20,ESG-GJR-GARCH(E),0.365082622918887,5.28910006179898,E,2010-09-03
JNPR,JNPR.W^E14,2010-10-20,ESG-GJR-GARCH(G),0.3650826229188871,5.2891000617989805,G,2010-09-03
JNPR,JNPR.W^E14,2010-10-20,ESG-GJR-GARCH(S),0.3650826229188871,5.2891000617989805,S,2010-09-03
JNPR,JNPR.W^E14,2010-10-20,GARCH,0.3312676456638433,4.354692581891496,,2010-09-03
JNPR,JNPR.W^E14,2010-10-20,GJR-GARCH,0.3626265346061826,5.218174746051149,,2010-09-03
JNPR,JNPR.W^E14,2010-10-21,EGARCH,0.3390465818476164,4.561610502482238,,2010-09-03
JNPR,JNPR.W^E14,2010-10-21,ESG-EGARCH,0.3348481586081992,4.449336877908799,all,2010-09-03
JNPR,JNPR.W^E14,2010-10-21,ESG-EGARCH(E),0.3348481586081991,4.449336877908798,E,2010-09-03
JNPR,JNPR.W^E14,2010-10-21,ESG-EGARCH(G),0.334848158608199,4.449336877908793,G,2010-09-03
JNPR,JNPR.W^E14,2010-10-21,ESG-EGARCH(S),0.334848158608199,4.449336877908793,S,2010-09-03
JNPR,JNPR.W^E14,2010-10-21,ESG-GARCH,0.331271019938656,4.354781295682438,all,2010-09-03
JNPR,JNPR.W^E14,2010-10-21,ESG-GARCH(E),0.3312710199386567,4.354781295682457,E,2010-09-03
JNPR,JNPR.W^E14,2010-10-21,ESG-GARCH(G),0.3312710199386523,4.354781295682341,G,2010-09-03
JNPR,JNPR.W^E14,2010-10-21,ESG-GARCH(S),0.3312710199386523,4.354781295682341,S,2010-09-03
JNPR,JNPR.W^E14,2010-10-21,ESG-GJR-GARCH,0.3650826229188869,5.289100061798976,all,2010-09-03
JNPR,JNPR.W^E14,2010-10-21,ESG-GJR-GARCH(E),0.365082622918887,5.28910006179898,E,2010-09-03
JNPR,JNPR.W^E14,2010-10-21,ESG-GJR-GARCH(G),0.3650826229188871,5.2891000617989805,G,2010-09-03
JNPR,JNPR.W^E14,2010-10-21,ESG-GJR-GARCH(S),0.3650826229188871,5.2891000617989805,S,2010-09-03
JNPR,JNPR.W^E14,2010-10-21,GARCH,0.3312676456638433,4.354692581891496,,2010-09-03
JNPR,JNPR.W^E14,2010-10-21,GJR-GARCH,0.3626265346061826,5.218174746051149,,2010-09-03
JNPR,JNPR.W^E14,2010-10-22,EGARCH,0.3390465818476164,4.561610502482238,,2010-09-03
JNPR,JNPR.W^E14,2010-10-22,ESG-EGARCH,0.3348481586081992,4.449336877908799,all,2010-09-03
JNPR,JNPR.W^E14,2010-10-22,ESG-EGARCH(E),0.3348481586081991,4.449336877908798,E,2010-09-03
JNPR,JNPR.W^E14,2010-10-22,ESG-EGARCH(G),0.334848158608199,4.449336877908793,G,2010-09-03
JNPR,JNPR.W^E14,2010-10-22,ESG-EGARCH(S),0.334848158608199,4.449336877908793,S,2010-09-03
JNPR,JNPR.W^E14,2010-10-22,ESG-GARCH,0.331271019938656,4.354781295682438,all,2010-09-03
JNPR,JNPR.W^E14,2010-10-22,ESG-GARCH(E),0.3312710199386567,4.354781295682457,E,2010-09-03
JNPR,JNPR.W^E14,2010-10-22,ESG-GARCH(G),0.3312710199386523,4.354781295682341,G,2010-09-03
JNPR,JNPR.W^E14,2010-10-22,ESG-GARCH(S),0.3312710199386523,4.354781295682341,S,2010-09-03
JNPR,JNPR.W^E14,2010-10-22,ESG-GJR-GARCH,0.3650826229188869,5.289100061798976,all,2010-09-03
JNPR,JNPR.W^E14,2010-10-22,ESG-GJR-GARCH(E),0.365082622918887,5.28910006179898,E,2010-09-03
JNPR,JNPR.W^E14,2010-10-22,ESG-GJR-GARCH(G),0.3650826229188871,5.2891000617989805,G,2010-09-03
JNPR,JNPR.W^E14,2010-10-22,ESG-GJR-GARCH(S),0.3650826229188871,5.2891000617989805,S,2010-09-03
JNPR,JNPR.W^E14,2010-10-22,GARCH,0.3312676456638433,4.354692581891496,,2010-09-03
JNPR,JNPR.W^E14,2010-10-22,GJR-GARCH,0.3626265346061826,5.218174746051149,,2010-09-03
JNPR,JNPR.W^E14,2010-10-25,EGARCH,0.3390465818476164,4.561610502482238,,2010-09-03
JNPR,JNPR.W^E14,2010-10-25,ESG-EGARCH,0.3348481586081992,4.449336877908799,all,2010-09-03
JNPR,JNPR.W^E14,2010-10-25,ESG-EGARCH(E),0.3348481586081991,4.449336877908798,E,2010-09-03
JNPR,JNPR.W^E14,2010-10-25,ESG-EGARCH(G),0.334848158608199,4.449336877908793,G,2010-09-03
JNPR,JNPR.W^E14,2010-10-25,ESG-EGARCH(S),0.334848158608199,4.449336877908793,S,2010-09-03
JNPR,JNPR.W^E14,2010-10-25,ESG-GARCH,0.331271019938656,4.354781295682438,all,2010-09-03
JNPR,JNPR.W^E14,2010-10-25,ESG-GARCH(E),0.3312710199386567,4.354781295682457,E,2010-09-03
JNPR,JNPR.W^E14,2010-10-25,ESG-GARCH(G),0.3312710199386523,4.354781295682341,G,2010-09-03
JNPR,JNPR.W^E14,2010-10-25,ESG-GARCH(S),0.3312710199386523,4.354781295682341,S,2010-09-03
JNPR,JNPR.W^E14,2010-10-25,ESG-GJR-GARCH,0.3650826229188869,5.289100061798976,all,2010-09-03
JNPR,JNPR.W^E14,2010-10-25,ESG-GJR-GARCH(E),0.365082622918887,5.28910006179898,E,2010-09-03
JNPR,JNPR.W^E14,2010-10-25,ESG-GJR-GARCH(G),0.3650826229188871,5.2891000617989805,G,2010-09-03
JNPR,JNPR.W^E14,2010-10-25,ESG-GJR-GARCH(S),0.3650826229188871,5.2891000617989805,S,2010-09-03
JNPR,JNPR.W^E14,2010-10-25,GARCH,0.3312676456638433,4.354692581891496,,2010-09-03
JNPR,JNPR.W^E14,2010-10-25,GJR-GARCH,0.3626265346061826,5.218174746051149,,2010-09-03
JNPR,JNPR.W^E14,2010-11-01,EGARCH,0.3390465818476164,4.561610502482238,,2010-09-03
JNPR,JNPR.W^E14,2010-11-01,ESG-EGARCH,0.3348481586081992,4.449336877908799,all,2010-09-03
JNPR,JNPR.W^E14,2010-11-01,ESG-EGARCH(E),0.3348481586081991,4.449336877908798,E,2010-09-03
JNPR,JNPR.W^E14,2010-11-01,ESG-EGARCH(G),0.334848158608199,4.449336877908793,G,2010-09-03
JNPR,JNPR.W^E14,2010-11-01,ESG-EGARCH(S),0.334848158608199,4.449336877908793,S,2010-09-03
JNPR,JNPR.W^E14,2010-11-01,ESG-GARCH,0.331271019938656,4.354781295682438,all,2010-09-03
JNPR,JNPR.W^E14,2010-11-01,ESG-GARCH(E),0.3312710199386567,4.354781295682457,E,2010-09-03
JNPR,JNPR.W^E14,2010-11-01,ESG-GARCH(G),0.3312710199386523,4.354781295682341,G,2010-09-03
JNPR,JNPR.W^E14,2010-11-01,ESG-GARCH(S),0.3312710199386523,4.354781295682341,S,2010-09-03
JNPR,JNPR.W^E14,2010-11-01,ESG-GJR-GARCH,0.3650826229188869,5.289100061798976,all,2010-09-03
JNPR,JNPR.W^E14,2010-11-01,ESG-GJR-GARCH(E),0.365082622918887,5.28910006179898,E,2010-09-03
JNPR,JNPR.W^E14,2010-11-01,ESG-GJR-GARCH(G),0.3650826229188871,5.2891000617989805,G,2010-09-03
JNPR,JNPR.W^E14,2010-11-01,ESG-GJR-GARCH(S),0.3650826229188871,5.2891000617989805,S,2010-09-03
JNPR,JNPR.W^E14,2010-11-01,GARCH,0.3312676456638433,4.354692581891496,,2010-09-03
JNPR,JNPR.W^E14,2010-11-01,GJR-GARCH,0.3626265346061826,5.218174746051149,,2010-09-03
JNPR,JNPR.W^E14,2010-11-09,EGARCH,0.3390465818476164,4.561610502482238,,2010-09-03
JNPR,JNPR.W^E14,2010-11-09,ESG-EGARCH,0.3348481586081992,4.449336877908799,all,2010-09-03
JNPR,JNPR.W^E14,2010-11-09,ESG-EGARCH(E),0.3348481586081991,4.449336877908798,E,2010-09-03
JNPR,JNPR.W^E14,2010-11-09,ESG-EGARCH(G),0.334848158608199,4.449336877908793,G,2010-09-03
JNPR,JNPR.W^E14,2010-11-09,ESG-EGARCH(S),0.334848158608199,4.449336877908793,S,2010-09-03
JNPR,JNPR.W^E14,2010-11-09,ESG-GARCH,0.331271019938656,4.354781295682438,all,2010-09-03
JNPR,JNPR.W^E14,2010-11-09,ESG-GARCH(E),0.3312710199386567,4.354781295682457,E,2010-09-03
JNPR,JNPR.W^E14,2010-11-09,ESG-GARCH(G),0.3312710199386523,4.354781295682341,G,2010-09-03
JNPR,JNPR.W^E14,2010-11-09,ESG-GARCH(S),0.3312710199386523,4.354781295682341,S,2010-09-03
JNPR,JNPR.W^E14,2010-11-09,ESG-GJR-GARCH,0.3650826229188869,5.289100061798976,all,2010-09-03
JNPR,JNPR.W^E14,2010-11-09,ESG-GJR-GARCH(E),0.365082622918887,5.28910006179898,E,2010-09-03
JNPR,JNPR.W^E14,2010-11-09,ESG-GJR-GARCH(G),0.3650826229188871,5.2891000617989805,G,2010-09-03
JNPR,JNPR.W^E14,2010-11-09,ESG-GJR-GARCH(S),0.3650826229188871,5.2891000617989805,S,2010-09-03
JNPR,JNPR.W^E14,2010-11-09,GARCH,0.3312676456638433,4.354692581891496,,2010-09-03
JNPR,JNPR.W^E14,2010-11-09,GJR-GARCH,0.3626265346061826,5.218174746051149,,2010-09-03
JNPR,JNPR.W^E14,2010-11-12,EGARCH,0.3390465818476164,4.561610502482238,,2010-09-03
JNPR,JNPR.W^E14,2010-11-12,ESG-EGARCH,0.3348481586081992,4.449336877908799,all,2010-09-03
JNPR,JNPR.W^E14,2010-11-12,ESG-EGARCH(E),0.3348481586081991,4.449336877908798,E,2010-09-03
JNPR,JNPR.W^E14,2010-11-12,ESG-EGARCH(G),0.334848158608199,4.449336877908793,G,2010-09-03
JNPR,JNPR.W^E14,2010-11-12,ESG-EGARCH(S),0.334848158608199,4.449336877908793,S,2010-09-03
JNPR,JNPR.W^E14,2010-11-12,ESG-GARCH,0.331271019938656,4.354781295682438,all,2010-09-03
JNPR,JNPR.W^E14,2010-11-12,ESG-GARCH(E),0.3312710199386567,4.354781295682457,E,2010-09-03
JNPR,JNPR.W^E14,2010-11-12,ESG-GARCH(G),0.3312710199386523,4.354781295682341,G,2010-09-03
JNPR,JNPR.W^E14,2010-11-12,ESG-GARCH(S),0.3312710199386523,4.354781295682341,S,2010-09-03
JNPR,JNPR.W^E14,2010-11-12,ESG-GJR-GARCH,0.3650826229188869,5.289100061798976,all,2010-09-03
JNPR,JNPR.W^E14,2010-11-12,ESG-GJR-GARCH(E),0.365082622918887,5.28910006179898,E,2010-09-03
JNPR,JNPR.W^E14,2010-11-12,ESG-GJR-GARCH(G),0.3650826229188871,5.2891000617989805,G,2010-09-03
JNPR,JNPR.W^E14,2010-11-12,ESG-GJR-GARCH(S),0.3650826229188871,5.2891000617989805,S,2010-09-03
JNPR,JNPR.W^E14,2010-11-12,GARCH,0.3312676456638433,4.354692581891496,,2010-09-03
JNPR,JNPR.W^E14,2010-11-12,GJR-GARCH,0.3626265346061826,5.218174746051149,,2010-09-03
JNPR,JNPR.W^E14,2010-11-15,EGARCH,0.3116652691508699,3.854573015670007,,2010-11-15
JNPR,JNPR.W^E14,2010-11-15,ESG-EGARCH,0.3019061665244347,3.616957674026973,all,2010-11-15
JNPR,JNPR.W^E14,2010-11-15,ESG-EGARCH(E),0.3019061665244343,3.616957674026964,E,2010-11-15
JNPR,JNPR.W^E14,2010-11-15,ESG-EGARCH(G),0.3019061665244345,3.616957674026968,G,2010-11-15
JNPR,JNPR.W^E14,2010-11-15,ESG-EGARCH(S),0.3019061665244345,3.616957674026968,S,2010-11-15
JNPR,JNPR.W^E14,2010-11-15,ESG-GARCH,0.3230937963669039,4.142444494078507,all,2010-11-15
JNPR,JNPR.W^E14,2010-11-15,ESG-GARCH(E),0.3230937963669042,4.142444494078515,E,2010-11-15
JNPR,JNPR.W^E14,2010-11-15,ESG-GARCH(G),0.3230937963669048,4.1424444940785285,G,2010-11-15
JNPR,JNPR.W^E14,2010-11-15,ESG-GARCH(S),0.3230937963669048,4.1424444940785285,S,2010-11-15
JNPR,JNPR.W^E14,2010-11-15,ESG-GJR-GARCH,0.3285978315606052,4.284783131203645,all,2010-11-15
JNPR,JNPR.W^E14,2010-11-15,ESG-GJR-GARCH(E),0.3285978315606048,4.284783131203636,E,2010-11-15
JNPR,JNPR.W^E14,2010-11-15,ESG-GJR-GARCH(G),0.328597831560605,4.284783131203644,G,2010-11-15
JNPR,JNPR.W^E14,2010-11-15,ESG-GJR-GARCH(S),0.328597831560605,4.284783131203644,S,2010-11-15
JNPR,JNPR.W^E14,2010-11-15,GARCH,0.3230925603884022,4.142412800727513,,2010-11-15
JNPR,JNPR.W^E14,2010-11-15,GJR-GARCH,0.3262060177947877,4.222633573235451,,2010-11-15
JNPR,JNPR.W^E14,2010-11-23,EGARCH,0.3116652691508699,3.854573015670007,,2010-11-15
JNPR,JNPR.W^E14,2010-11-23,ESG-EGARCH,0.3019061665244347,3.616957674026973,all,2010-11-15
JNPR,JNPR.W^E14,2010-11-23,ESG-EGARCH(E),0.3019061665244343,3.616957674026964,E,2010-11-15
JNPR,JNPR.W^E14,2010-11-23,ESG-EGARCH(G),0.3019061665244345,3.616957674026968,G,2010-11-15
JNPR,JNPR.W^E14,2010-11-23,ESG-EGARCH(S),0.3019061665244345,3.616957674026968,S,2010-11-15
JNPR,JNPR.W^E14,2010-11-23,ESG-GARCH,0.3230937963669039,4.142444494078507,all,2010-11-15
JNPR,JNPR.W^E14,2010-11-23,ESG-GARCH(E),0.3230937963669042,4.142444494078515,E,2010-11-15
JNPR,JNPR.W^E14,2010-11-23,ESG-GARCH(G),0.3230937963669048,4.1424444940785285,G,2010-11-15
JNPR,JNPR.W^E14,2010-11-23,ESG-GARCH(S),0.3230937963669048,4.1424444940785285,S,2010-11-15
JNPR,JNPR.W^E14,2010-11-23,ESG-GJR-GARCH,0.3285978315606052,4.284783131203645,all,2010-11-15
JNPR,JNPR.W^E14,2010-11-23,ESG-GJR-GARCH(E),0.3285978315606048,4.284783131203636,E,2010-11-15
JNPR,JNPR.W^E14,2010-11-23,ESG-GJR-GARCH(G),0.328597831560605,4.284783131203644,G,2010-11-15
JNPR,JNPR.W^E14,2010-11-23,ESG-GJR-GARCH(S),0.328597831560605,4.284783131203644,S,2010-11-15
JNPR,JNPR.W^E14,2010-11-23,GARCH,0.3230925603884022,4.142412800727513,,2010-11-15
JNPR,JNPR.W^E14,2010-11-23,GJR-GARCH,0.3262060177947877,4.222633573235451,,2010-11-15
JNPR,JNPR.W^E14,2010-11-24,EGARCH,0.3116652691508699,3.854573015670007,,2010-11-15
JNPR,JNPR.W^E14,2010-11-24,ESG-EGARCH,0.3019061665244347,3.616957674026973,all,2010-11-15
JNPR,JNPR.W^E14,2010-11-24,ESG-EGARCH(E),0.3019061665244343,3.616957674026964,E,2010-11-15
JNPR,JNPR.W^E14,2010-11-24,ESG-EGARCH(G),0.3019061665244345,3.616957674026968,G,2010-11-15
JNPR,JNPR.W^E14,2010-11-24,ESG-EGARCH(S),0.3019061665244345,3.616957674026968,S,2010-11-15
JNPR,JNPR.W^E14,2010-11-24,ESG-GARCH,0.3230937963669039,4.142444494078507,all,2010-11-15
JNPR,JNPR.W^E14,2010-11-24,ESG-GARCH(E),0.3230937963669042,4.142444494078515,E,2010-11-15
JNPR,JNPR.W^E14,2010-11-24,ESG-GARCH(G),0.3230937963669048,4.1424444940785285,G,2010-11-15
JNPR,JNPR.W^E14,2010-11-24,ESG-GARCH(S),0.3230937963669048,4.1424444940785285,S,2010-11-15
JNPR,JNPR.W^E14,2010-11-24,ESG-GJR-GARCH,0.3285978315606052,4.284783131203645,all,2010-11-15
JNPR,JNPR.W^E14,2010-11-24,ESG-GJR-GARCH(E),0.3285978315606048,4.284783131203636,E,2010-11-15
JNPR,JNPR.W^E14,2010-11-24,ESG-GJR-GARCH(G),0.328597831560605,4.284783131203644,G,2010-11-15
JNPR,JNPR.W^E14,2010-11-24,ESG-GJR-GARCH(S),0.328597831560605,4.284783131203644,S,2010-11-15
JNPR,JNPR.W^E14,2010-11-24,GARCH,0.3230925603884022,4.142412800727513,,2010-11-15
JNPR,JNPR.W^E14,2010-11-24,GJR-GARCH,0.3262060177947877,4.222633573235451,,2010-11-15
JNPR,JNPR.W^E14,2010-11-26,EGARCH,0.3116652691508699,3.854573015670007,,2010-11-15
JNPR,JNPR.W^E14,2010-11-26,ESG-EGARCH,0.3019061665244347,3.616957674026973,all,2010-11-15
JNPR,JNPR.W^E14,2010-11-26,ESG-EGARCH(E),0.3019061665244343,3.616957674026964,E,2010-11-15
JNPR,JNPR.W^E14,2010-11-26,ESG-EGARCH(G),0.3019061665244345,3.616957674026968,G,2010-11-15
JNPR,JNPR.W^E14,2010-11-26,ESG-EGARCH(S),0.3019061665244345,3.616957674026968,S,2010-11-15
JNPR,JNPR.W^E14,2010-11-26,ESG-GARCH,0.3230937963669039,4.142444494078507,all,2010-11-15
JNPR,JNPR.W^E14,2010-11-26,ESG-GARCH(E),0.3230937963669042,4.142444494078515,E,2010-11-15
JNPR,JNPR.W^E14,2010-11-26,ESG-GARCH(G),0.3230937963669048,4.1424444940785285,G,2010-11-15
JNPR,JNPR.W^E14,2010-11-26,ESG-GARCH(S),0.3230937963669048,4.1424444940785285,S,2010-11-15
JNPR,JNPR.W^E14,2010-11-26,ESG-GJR-GARCH,0.3285978315606052,4.284783131203645,all,2010-11-15
JNPR,JNPR.W^E14,2010-11-26,ESG-GJR-GARCH(E),0.3285978315606048,4.284783131203636,E,2010-11-15
JNPR,JNPR.W^E14,2010-11-26,ESG-GJR-GARCH(G),0.328597831560605,4.284783131203644,G,2010-11-15
JNPR,JNPR.W^E14,2010-11-26,ESG-GJR-GARCH(S),0.328597831560605,4.284783131203644,S,2010-11-15
JNPR,JNPR.W^E14,2010-11-26,GARCH,0.3230925603884022,4.142412800727513,,2010-11-15
JNPR,JNPR.W^E14,2010-11-26,GJR-GARCH,0.3262060177947877,4.222633573235451,,2010-11-15
JNPR,JNPR.W^E14,2010-12-03,EGARCH,0.3116652691508699,3.854573015670007,,2010-11-15
JNPR,JNPR.W^E14,2010-12-03,ESG-EGARCH,0.3019061665244347,3.616957674026973,all,2010-11-15
JNPR,JNPR.W^E14,2010-12-03,ESG-EGARCH(E),0.3019061665244343,3.616957674026964,E,2010-11-15
JNPR,JNPR.W^E14,2010-12-03,ESG-EGARCH(G),0.3019061665244345,3.616957674026968,G,2010-11-15
JNPR,JNPR.W^E14,2010-12-03,ESG-EGARCH(S),0.3019061665244345,3.616957674026968,S,2010-11-15
JNPR,JNPR.W^E14,2010-12-03,ESG-GARCH,0.3230937963669039,4.142444494078507,all,2010-11-15
JNPR,JNPR.W^E14,2010-12-03,ESG-GARCH(E),0.3230937963669042,4.142444494078515,E,2010-11-15
JNPR,JNPR.W^E14,2010-12-03,ESG-GARCH(G),0.3230937963669048,4.1424444940785285,G,2010-11-15
JNPR,JNPR.W^E14,2010-12-03,ESG-GARCH(S),0.3230937963669048,4.1424444940785285,S,2010-11-15
JNPR,JNPR.W^E14,2010-12-03,ESG-GJR-GARCH,0.3285978315606052,4.284783131203645,all,2010-11-15
JNPR,JNPR.W^E14,2010-12-03,ESG-GJR-GARCH(E),0.3285978315606048,4.284783131203636,E,2010-11-15
JNPR,JNPR.W^E14,2010-12-03,ESG-GJR-GARCH(G),0.328597831560605,4.284783131203644,G,2010-11-15
JNPR,JNPR.W^E14,2010-12-03,ESG-GJR-GARCH(S),0.328597831560605,4.284783131203644,S,2010-11-15
JNPR,JNPR.W^E14,2010-12-03,GARCH,0.3230925603884022,4.142412800727513,,2010-11-15
JNPR,JNPR.W^E14,2010-12-03,GJR-GARCH,0.3262060177947877,4.222633573235451,,2010-11-15
JNPR,JNPR.W^E14,2010-12-06,EGARCH,0.3116652691508699,3.854573015670007,,2010-11-15
JNPR,JNPR.W^E14,2010-12-06,ESG-EGARCH,0.3019061665244347,3.616957674026973,all,2010-11-15
JNPR,JNPR.W^E14,2010-12-06,ESG-EGARCH(E),0.3019061665244343,3.616957674026964,E,2010-11-15
JNPR,JNPR.W^E14,2010-12-06,ESG-EGARCH(G),0.3019061665244345,3.616957674026968,G,2010-11-15
JNPR,JNPR.W^E14,2010-12-06,ESG-EGARCH(S),0.3019061665244345,3.616957674026968,S,2010-11-15
JNPR,JNPR.W^E14,2010-12-06,ESG-GARCH,0.3230937963669039,4.142444494078507,all,2010-11-15
JNPR,JNPR.W^E14,2010-12-06,ESG-GARCH(E),0.3230937963669042,4.142444494078515,E,2010-11-15
JNPR,JNPR.W^E14,2010-12-06,ESG-GARCH(G),0.3230937963669048,4.1424444940785285,G,2010-11-15
JNPR,JNPR.W^E14,2010-12-06,ESG-GARCH(S),0.3230937963669048,4.1424444940785285,S,2010-11-15
JNPR,JNPR.W^E14,2010-12-06,ESG-GJR-GARCH,0.3285978315606052,4.284783131203645,all,2010-11-15
JNPR,JNPR.W^E14,2010-12-06,ESG-GJR-GARCH(E),0.3285978315606048,4.284783131203636,E,2010-11-15
JNPR,JNPR.W^E14,2010-12-06,ESG-GJR-GARCH(G),0.328597831560605,4.284783131203644,G,2010-11-15
JNPR,JNPR.W^E14,2010-12-06,ESG-GJR-GARCH(S),0.328597831560605,4.284783131203644,S,2010-11-15
JNPR,JNPR.W^E14,2010-12-06,GARCH,0.3230925603884022,4.142412800727513,,2010-11-15
JNPR,JNPR.W^E14,2010-12-06,GJR-GARCH,0.3262060177947877,4.222633573235451,,2010-11-15
JNPR,JNPR.W^E14,2010-12-07,EGARCH,0.3116652691508699,3.854573015670007,,2010-11-15
JNPR,JNPR.W^E14,2010-12-07,ESG-EGARCH,0.3019061665244347,3.616957674026973,all,2010-11-15
JNPR,JNPR.W^E14,2010-12-07,ESG-EGARCH(E),0.3019061665244343,3.616957674026964,E,2010-11-15
JNPR,JNPR.W^E14,2010-12-07,ESG-EGARCH(G),0.3019061665244345,3.616957674026968,G,2010-11-15
JNPR,JNPR.W^E14,2010-12-07,ESG-EGARCH(S),0.3019061665244345,3.616957674026968,S,2010-11-15
JNPR,JNPR.W^E14,2010-12-07,ESG-GARCH,0.3230937963669039,4.142444494078507,all,2010-11-15
JNPR,JNPR.W^E14,2010-12-07,ESG-GARCH(E),0.3230937963669042,4.142444494078515,E,2010-11-15
JNPR,JNPR.W^E14,2010-12-07,ESG-GARCH(G),0.3230937963669048,4.1424444940785285,G,2010-11-15
JNPR,JNPR.W^E14,2010-12-07,ESG-GARCH(S),0.3230937963669048,4.1424444940785285,S,2010-11-15
JNPR,JNPR.W^E14,2010-12-07,ESG-GJR-GARCH,0.3285978315606052,4.284783131203645,all,2010-11-15
JNPR,JNPR.W^E14,2010-12-07,ESG-GJR-GARCH(E),0.3285978315606048,4.284783131203636,E,2010-11-15
JNPR,JNPR.W^E14,2010-12-07,ESG-GJR-GARCH(G),0.328597831560605,4.284783131203644,G,2010-11-15
JNPR,JNPR.W^E14,2010-12-07,ESG-GJR-GARCH(S),0.328597831560605,4.284783131203644,S,2010-11-15
JNPR,JNPR.W^E14,2010-12-07,GARCH,0.3230925603884022,4.142412800727513,,2010-11-15
JNPR,JNPR.W^E14,2010-12-07,GJR-GARCH,0.3262060177947877,4.222633573235451,,2010-11-15
JNPR,JNPR.W^E14,2010-12-08,EGARCH,0.3116652691508699,3.854573015670007,,2010-11-15
JNPR,JNPR.W^E14,2010-12-08,ESG-EGARCH,0.3019061665244347,3.616957674026973,all,2010-11-15
JNPR,JNPR.W^E14,2010-12-08,ESG-EGARCH(E),0.3019061665244343,3.616957674026964,E,2010-11-15
JNPR,JNPR.W^E14,2010-12-08,ESG-EGARCH(G),0.3019061665244345,3.616957674026968,G,2010-11-15
JNPR,JNPR.W^E14,2010-12-08,ESG-EGARCH(S),0.3019061665244345,3.616957674026968,S,2010-11-15
JNPR,JNPR.W^E14,2010-12-08,ESG-GARCH,0.3230937963669039,4.142444494078507,all,2010-11-15
JNPR,JNPR.W^E14,2010-12-08,ESG-GARCH(E),0.3230937963669042,4.142444494078515,E,2010-11-15
JNPR,JNPR.W^E14,2010-12-08,ESG-GARCH(G),0.3230937963669048,4.1424444940785285,G,2010-11-15
JNPR,JNPR.W^E14,2010-12-08,ESG-GARCH(S),0.3230937963669048,4.1424444940785285,S,2010-11-15
JNPR,JNPR.W^E14,2010-12-08,ESG-GJR-GARCH,0.3285978315606052,4.284783131203645,all,2010-11-15
JNPR,JNPR.W^E14,2010-12-08,ESG-GJR-GARCH(E),0.3285978315606048,4.284783131203636,E,2010-11-15
JNPR,JNPR.W^E14,2010-12-08,ESG-GJR-GARCH(G),0.328597831560605,4.284783131203644,G,2010-11-15
JNPR,JNPR.W^E14,2010-12-08,ESG-GJR-GARCH(S),0.328597831560605,4.284783131203644,S,2010-11-15
JNPR,JNPR.W^E14,2010-12-08,GARCH,0.3230925603884022,4.142412800727513,,2010-11-15
JNPR,JNPR.W^E14,2010-12-08,GJR-GARCH,0.3262060177947877,4.222633573235451,,2010-11-15
JNPR,JNPR.W^E14,2010-12-09,EGARCH,0.3116652691508699,3.854573015670007,,2010-11-15
JNPR,JNPR.W^E14,2010-12-09,ESG-EGARCH,0.3019061665244347,3.616957674026973,all,2010-11-15
JNPR,JNPR.W^E14,2010-12-09,ESG-EGARCH(E),0.3019061665244343,3.616957674026964,E,2010-11-15
JNPR,JNPR.W^E14,2010-12-09,ESG-EGARCH(G),0.3019061665244345,3.616957674026968,G,2010-11-15
JNPR,JNPR.W^E14,2010-12-09,ESG-EGARCH(S),0.3019061665244345,3.616957674026968,S,2010-11-15
JNPR,JNPR.W^E14,2010-12-09,ESG-GARCH,0.3230937963669039,4.142444494078507,all,2010-11-15
JNPR,JNPR.W^E14,2010-12-09,ESG-GARCH(E),0.3230937963669042,4.142444494078515,E,2010-11-15
JNPR,JNPR.W^E14,2010-12-09,ESG-GARCH(G),0.3230937963669048,4.1424444940785285,G,2010-11-15
JNPR,JNPR.W^E14,2010-12-09,ESG-GARCH(S),0.3230937963669048,4.1424444940785285,S,2010-11-15
JNPR,JNPR.W^E14,2010-12-09,ESG-GJR-GARCH,0.3285978315606052,4.284783131203645,all,2010-11-15
JNPR,JNPR.W^E14,2010-12-09,ESG-GJR-GARCH(E),0.3285978315606048,4.284783131203636,E,2010-11-15
JNPR,JNPR.W^E14,2010-12-09,ESG-GJR-GARCH(G),0.328597831560605,4.284783131203644,G,2010-11-15
JNPR,JNPR.W^E14,2010-12-09,ESG-GJR-GARCH(S),0.328597831560605,4.284783131203644,S,2010-11-15
JNPR,JNPR.W^E14,2010-12-09,GARCH,0.3230925603884022,4.142412800727513,,2010-11-15
JNPR,JNPR.W^E14,2010-12-09,GJR-GARCH,0.3262060177947877,4.222633573235451,,2010-11-15
JNPR,JNPR.W^E14,2010-12-17,EGARCH,0.3116652691508699,3.854573015670007,,2010-11-15
JNPR,JNPR.W^E14,2010-12-17,ESG-EGARCH,0.3019061665244347,3.616957674026973,all,2010-11-15
JNPR,JNPR.W^E14,2010-12-17,ESG-EGARCH(E),0.3019061665244343,3.616957674026964,E,2010-11-15
JNPR,JNPR.W^E14,2010-12-17,ESG-EGARCH(G),0.3019061665244345,3.616957674026968,G,2010-11-15
JNPR,JNPR.W^E14,2010-12-17,ESG-EGARCH(S),0.3019061665244345,3.616957674026968,S,2010-11-15
JNPR,JNPR.W^E14,2010-12-17,ESG-GARCH,0.3230937963669039,4.142444494078507,all,2010-11-15
JNPR,JNPR.W^E14,2010-12-17,ESG-GARCH(E),0.3230937963669042,4.142444494078515,E,2010-11-15
JNPR,JNPR.W^E14,2010-12-17,ESG-GARCH(G),0.3230937963669048,4.1424444940785285,G,2010-11-15
JNPR,JNPR.W^E14,2010-12-17,ESG-GARCH(S),0.3230937963669048,4.1424444940785285,S,2010-11-15
JNPR,JNPR.W^E14,2010-12-17,ESG-GJR-GARCH,0.3285978315606052,4.284783131203645,all,2010-11-15
JNPR,JNPR.W^E14,2010-12-17,ESG-GJR-GARCH(E),0.3285978315606048,4.284783131203636,E,2010-11-15
JNPR,JNPR.W^E14,2010-12-17,ESG-GJR-GARCH(G),0.328597831560605,4.284783131203644,G,2010-11-15
JNPR,JNPR.W^E14,2010-12-17,ESG-GJR-GARCH(S),0.328597831560605,4.284783131203644,S,2010-11-15
JNPR,JNPR.W^E14,2010-12-17,GARCH,0.3230925603884022,4.142412800727513,,2010-11-15
JNPR,JNPR.W^E14,2010-12-17,GJR-GARCH,0.3262060177947877,4.222633573235451,,2010-11-15
JNPR,JNPR.W^E14,2010-12-20,EGARCH,0.3116652691508699,3.854573015670007,,2010-11-15
JNPR,JNPR.W^E14,2010-12-20,ESG-EGARCH,0.3019061665244347,3.616957674026973,all,2010-11-15
JNPR,JNPR.W^E14,2010-12-20,ESG-EGARCH(E),0.3019061665244343,3.616957674026964,E,2010-11-15
JNPR,JNPR.W^E14,2010-12-20,ESG-EGARCH(G),0.3019061665244345,3.616957674026968,G,2010-11-15
JNPR,JNPR.W^E14,2010-12-20,ESG-EGARCH(S),0.3019061665244345,3.616957674026968,S,2010-11-15
JNPR,JNPR.W^E14,2010-12-20,ESG-GARCH,0.3230937963669039,4.142444494078507,all,2010-11-15
JNPR,JNPR.W^E14,2010-12-20,ESG-GARCH(E),0.3230937963669042,4.142444494078515,E,2010-11-15
JNPR,JNPR.W^E14,2010-12-20,ESG-GARCH(G),0.3230937963669048,4.1424444940785285,G,2010-11-15
JNPR,JNPR.W^E14,2010-12-20,ESG-GARCH(S),0.3230937963669048,4.1424444940785285,S,2010-11-15
JNPR,JNPR.W^E14,2010-12-20,ESG-GJR-GARCH,0.3285978315606052,4.284783131203645,all,2010-11-15
JNPR,JNPR.W^E14,2010-12-20,ESG-GJR-GARCH(E),0.3285978315606048,4.284783131203636,E,2010-11-15
JNPR,JNPR.W^E14,2010-12-20,ESG-GJR-GARCH(G),0.328597831560605,4.284783131203644,G,2010-11-15
JNPR,JNPR.W^E14,2010-12-20,ESG-GJR-GARCH(S),0.328597831560605,4.284783131203644,S,2010-11-15
JNPR,JNPR.W^E14,2010-12-20,GARCH,0.3230925603884022,4.142412800727513,,2010-11-15
JNPR,JNPR.W^E14,2010-12-20,GJR-GARCH,0.3262060177947877,4.222633573235451,,2010-11-15
JNPR,JNPR.W^E14,2010-12-21,EGARCH,0.3116652691508699,3.854573015670007,,2010-11-15
JNPR,JNPR.W^E14,2010-12-21,ESG-EGARCH,0.3019061665244347,3.616957674026973,all,2010-11-15
JNPR,JNPR.W^E14,2010-12-21,ESG-EGARCH(E),0.3019061665244343,3.616957674026964,E,2010-11-15
JNPR,JNPR.W^E14,2010-12-21,ESG-EGARCH(G),0.3019061665244345,3.616957674026968,G,2010-11-15
JNPR,JNPR.W^E14,2010-12-21,ESG-EGARCH(S),0.3019061665244345,3.616957674026968,S,2010-11-15
JNPR,JNPR.W^E14,2010-12-21,ESG-GARCH,0.3230937963669039,4.142444494078507,all,2010-11-15
JNPR,JNPR.W^E14,2010-12-21,ESG-GARCH(E),0.3230937963669042,4.142444494078515,E,2010-11-15
JNPR,JNPR.W^E14,2010-12-21,ESG-GARCH(G),0.3230937963669048,4.1424444940785285,G,2010-11-15
JNPR,JNPR.W^E14,2010-12-21,ESG-GARCH(S),0.3230937963669048,4.1424444940785285,S,2010-11-15
JNPR,JNPR.W^E14,2010-12-21,ESG-GJR-GARCH,0.3285978315606052,4.284783131203645,all,2010-11-15
JNPR,JNPR.W^E14,2010-12-21,ESG-GJR-GARCH(E),0.3285978315606048,4.284783131203636,E,2010-11-15
JNPR,JNPR.W^E14,2010-12-21,ESG-GJR-GARCH(G),0.328597831560605,4.284783131203644,G,2010-11-15
JNPR,JNPR.W^E14,2010-12-21,ESG-GJR-GARCH(S),0.328597831560605,4.284783131203644,S,2010-11-15
JNPR,JNPR.W^E14,2010-12-21,GARCH,0.3230925603884022,4.142412800727513,,2010-11-15
JNPR,JNPR.W^E14,2010-12-21,GJR-GARCH,0.3262060177947877,4.222633573235451,,2010-11-15
JNPR,JNPR.W^E14,2010-12-28,EGARCH,0.3116652691508699,3.854573015670007,,2010-11-15
JNPR,JNPR.W^E14,2010-12-28,ESG-EGARCH,0.3019061665244347,3.616957674026973,all,2010-11-15
JNPR,JNPR.W^E14,2010-12-28,ESG-EGARCH(E),0.3019061665244343,3.616957674026964,E,2010-11-15
JNPR,JNPR.W^E14,2010-12-28,ESG-EGARCH(G),0.3019061665244345,3.616957674026968,G,2010-11-15
JNPR,JNPR.W^E14,2010-12-28,ESG-EGARCH(S),0.3019061665244345,3.616957674026968,S,2010-11-15
JNPR,JNPR.W^E14,2010-12-28,ESG-GARCH,0.3230937963669039,4.142444494078507,all,2010-11-15
JNPR,JNPR.W^E14,2010-12-28,ESG-GARCH(E),0.3230937963669042,4.142444494078515,E,2010-11-15
JNPR,JNPR.W^E14,2010-12-28,ESG-GARCH(G),0.3230937963669048,4.1424444940785285,G,2010-11-15
JNPR,JNPR.W^E14,2010-12-28,ESG-GARCH(S),0.3230937963669048,4.1424444940785285,S,2010-11-15
JNPR,JNPR.W^E14,2010-12-28,ESG-GJR-GARCH,0.3285978315606052,4.284783131203645,all,2010-11-15
JNPR,JNPR.W^E14,2010-12-28,ESG-GJR-GARCH(E),0.3285978315606048,4.284783131203636,E,2010-11-15
JNPR,JNPR.W^E14,2010-12-28,ESG-GJR-GARCH(G),0.328597831560605,4.284783131203644,G,2010-11-15
JNPR,JNPR.W^E14,2010-12-28,ESG-GJR-GARCH(S),0.328597831560605,4.284783131203644,S,2010-11-15
JNPR,JNPR.W^E14,2010-12-28,GARCH,0.3230925603884022,4.142412800727513,,2010-11-15
JNPR,JNPR.W^E14,2010-12-28,GJR-GARCH,0.3262060177947877,4.222633573235451,,2010-11-15
JNPR,JNPR.W^E14,2010-12-31,EGARCH,0.3116652691508699,3.854573015670007,,2010-11-15
JNPR,JNPR.W^E14,2010-12-31,ESG-EGARCH,0.3019061665244347,3.616957674026973,all,2010-11-15
JNPR,JNPR.W^E14,2010-12-31,ESG-EGARCH(E),0.3019061665244343,3.616957674026964,E,2010-11-15
JNPR,JNPR.W^E14,2010-12-31,ESG-EGARCH(G),0.3019061665244345,3.616957674026968,G,2010-11-15
JNPR,JNPR.W^E14,2010-12-31,ESG-EGARCH(S),0.3019061665244345,3.616957674026968,S,2010-11-15
JNPR,JNPR.W^E14,2010-12-31,ESG-GARCH,0.3230937963669039,4.142444494078507,all,2010-11-15
JNPR,JNPR.W^E14,2010-12-31,ESG-GARCH(E),0.3230937963669042,4.142444494078515,E,2010-11-15
JNPR,JNPR.W^E14,2010-12-31,ESG-GARCH(G),0.3230937963669048,4.1424444940785285,G,2010-11-15
JNPR,JNPR.W^E14,2010-12-31,ESG-GARCH(S),0.3230937963669048,4.1424444940785285,S,2010-11-15
JNPR,JNPR.W^E14,2010-12-31,ESG-GJR-GARCH,0.3285978315606052,4.284783131203645,all,2010-11-15
JNPR,JNPR.W^E14,2010-12-31,ESG-GJR-GARCH(E),0.3285978315606048,4.284783131203636,E,2010-11-15
JNPR,JNPR.W^E14,2010-12-31,ESG-GJR-GARCH(G),0.328597831560605,4.284783131203644,G,2010-11-15
JNPR,JNPR.W^E14,2010-12-31,ESG-GJR-GARCH(S),0.328597831560605,4.284783131203644,S,2010-11-15
JNPR,JNPR.W^E14,2010-12-31,GARCH,0.3230925603884022,4.142412800727513,,2010-11-15
JNPR,JNPR.W^E14,2010-12-31,GJR-GARCH,0.3262060177947877,4.222633573235451,,2010-11-15
JNPR,JNPR.W^E14,2011-01-10,EGARCH,0.3116652691508699,3.854573015670007,,2010-11-15
JNPR,JNPR.W^E14,2011-01-10,ESG-EGARCH,1.93391096211406,148.4131591025766,all,2010-11-15
JNPR,JNPR.W^E14,2011-01-10,ESG-EGARCH(E),0.3019061665244343,3.616957674026964,E,2010-11-15
JNPR,JNPR.W^E14,2011-01-10,ESG-EGARCH(G),1.93391096211406,148.4131591025766,G,2010-11-15
JNPR,JNPR.W^E14,2011-01-10,ESG-EGARCH(S),1.93391096211406,148.4131591025766,S,2010-11-15
JNPR,JNPR.W^E14,2011-01-10,ESG-GARCH,1.93391096211406,148.4131591025766,all,2010-11-15
JNPR,JNPR.W^E14,2011-01-10,ESG-GARCH(E),0.3230937963669042,4.142444494078515,E,2010-11-15
JNPR,JNPR.W^E14,2011-01-10,ESG-GARCH(G),1.93391096211406,148.4131591025766,G,2010-11-15
JNPR,JNPR.W^E14,2011-01-10,ESG-GARCH(S),1.93391096211406,148.4131591025766,S,2010-11-15
JNPR,JNPR.W^E14,2011-01-10,ESG-GJR-GARCH,1.93391096211406,148.4131591025766,all,2010-11-15
JNPR,JNPR.W^E14,2011-01-10,ESG-GJR-GARCH(E),0.3285978315606048,4.284783131203636,E,2010-11-15
JNPR,JNPR.W^E14,2011-01-10,ESG-GJR-GARCH(G),1.93391096211406,148.4131591025766,G,2010-11-15
JNPR,JNPR.W^E14,2011-01-10,ESG-GJR-GARCH(S),1.93391096211406,148.4131591025766,S,2010-11-15
JNPR,JNPR.W^E14,2011-01-10,GARCH,0.3230925603884022,4.142412800727513,,2010-11-15
JNPR,JNPR.W^E14,2011-01-10,GJR-GARCH,0.3262060177947877,4.222633573235451,,2010-11-15
JNPR,JNPR.W^E14,2011-01-20,EGARCH,0.3116652691508699,3.854573015670007,,2010-11-15
JNPR,JNPR.W^E14,2011-01-20,ESG-EGARCH,1.93391096211406,148.4131591025766,all,2010-11-15
JNPR,JNPR.W^E14,2011-01-20,ESG-EGARCH(E),0.3019061665244343,3.616957674026964,E,2010-11-15
JNPR,JNPR.W^E14,2011-01-20,ESG-EGARCH(G),1.93391096211406,148.4131591025766,G,2010-11-15
JNPR,JNPR.W^E14,2011-01-20,ESG-EGARCH(S),1.93391096211406,148.4131591025766,S,2010-11-15
JNPR,JNPR.W^E14,2011-01-20,ESG-GARCH,1.93391096211406,148.4131591025766,all,2010-11-15
JNPR,JNPR.W^E14,2011-01-20,ESG-GARCH(E),0.3230937963669042,4.142444494078515,E,2010-11-15
JNPR,JNPR.W^E14,2011-01-20,ESG-GARCH(G),1.93391096211406,148.4131591025766,G,2010-11-15
JNPR,JNPR.W^E14,2011-01-20,ESG-GARCH(S),1.93391096211406,148.4131591025766,S,2010-11-15
JNPR,JNPR.W^E14,2011-01-20,ESG-GJR-GARCH,1.93391096211406,148.4131591025766,all,2010-11-15
JNPR,JNPR.W^E14,2011-01-20,ESG-GJR-GARCH(E),0.3285978315606048,4.284783131203636,E,2010-11-15
JNPR,JNPR.W^E14,2011-01-20,ESG-GJR-GARCH(G),1.93391096211406,148.4131591025766,G,2010-11-15
JNPR,JNPR.W^E14,2011-01-20,ESG-GJR-GARCH(S),1.93391096211406,148.4131591025766,S,2010-11-15
JNPR,JNPR.W^E14,2011-01-20,GARCH,0.3230925603884022,4.142412800727513,,2010-11-15
JNPR,JNPR.W^E14,2011-01-20,GJR-GARCH,0.3262060177947877,4.222633573235451,,2010-11-15
JNPR,JNPR.W^E14,2011-01-25,EGARCH,0.3116652691508699,3.854573015670007,,2010-11-15
JNPR,JNPR.W^E14,2011-01-25,ESG-EGARCH,1.93391096211406,148.4131591025766,all,2010-11-15
JNPR,JNPR.W^E14,2011-01-25,ESG-EGARCH(E),0.3019061665244343,3.616957674026964,E,2010-11-15
JNPR,JNPR.W^E14,2011-01-25,ESG-EGARCH(G),1.93391096211406,148.4131591025766,G,2010-11-15
JNPR,JNPR.W^E14,2011-01-25,ESG-EGARCH(S),1.93391096211406,148.4131591025766,S,2010-11-15
JNPR,JNPR.W^E14,2011-01-25,ESG-GARCH,1.93391096211406,148.4131591025766,all,2010-11-15
JNPR,JNPR.W^E14,2011-01-25,ESG-GARCH(E),0.3230937963669042,4.142444494078515,E,2010-11-15
JNPR,JNPR.W^E14,2011-01-25,ESG-GARCH(G),1.93391096211406,148.4131591025766,G,2010-11-15
JNPR,JNPR.W^E14,2011-01-25,ESG-GARCH(S),1.93391096211406,148.4131591025766,S,2010-11-15
JNPR,JNPR.W^E14,2011-01-25,ESG-GJR-GARCH,1.93391096211406,148.4131591025766,all,2010-11-15
JNPR,JNPR.W^E14,2011-01-25,ESG-GJR-GARCH(E),0.3285978315606048,4.284783131203636,E,2010-11-15
JNPR,JNPR.W^E14,2011-01-25,ESG-GJR-GARCH(G),1.93391096211406,148.4131591025766,G,2010-11-15
JNPR,JNPR.W^E14,2011-01-25,ESG-GJR-GARCH(S),1.93391096211406,148.4131591025766,S,2010-11-15
JNPR,JNPR.W^E14,2011-01-25,GARCH,0.3230925603884022,4.142412800727513,,2010-11-15
JNPR,JNPR.W^E14,2011-01-25,GJR-GARCH,0.3262060177947877,4.222633573235451,,2010-11-15
JNPR,JNPR.W^E14,2011-01-26,EGARCH,0.3116652691508699,3.854573015670007,,2010-11-15
JNPR,JNPR.W^E14,2011-01-26,ESG-EGARCH,1.93391096211406,148.4131591025766,all,2010-11-15
JNPR,JNPR.W^E14,2011-01-26,ESG-EGARCH(E),0.3019061665244343,3.616957674026964,E,2010-11-15
JNPR,JNPR.W^E14,2011-01-26,ESG-EGARCH(G),1.93391096211406,148.4131591025766,G,2010-11-15
JNPR,JNPR.W^E14,2011-01-26,ESG-EGARCH(S),1.93391096211406,148.4131591025766,S,2010-11-15
JNPR,JNPR.W^E14,2011-01-26,ESG-GARCH,1.93391096211406,148.4131591025766,all,2010-11-15
JNPR,JNPR.W^E14,2011-01-26,ESG-GARCH(E),0.3230937963669042,4.142444494078515,E,2010-11-15
JNPR,JNPR.W^E14,2011-01-26,ESG-GARCH(G),1.93391096211406,148.4131591025766,G,2010-11-15
JNPR,JNPR.W^E14,2011-01-26,ESG-GARCH(S),1.93391096211406,148.4131591025766,S,2010-11-15
JNPR,JNPR.W^E14,2011-01-26,ESG-GJR-GARCH,1.93391096211406,148.4131591025766,all,2010-11-15
JNPR,JNPR.W^E14,2011-01-26,ESG-GJR-GARCH(E),0.3285978315606048,4.284783131203636,E,2010-11-15
JNPR,JNPR.W^E14,2011-01-26,ESG-GJR-GARCH(G),1.93391096211406,148.4131591025766,G,2010-11-15
JNPR,JNPR.W^E14,2011-01-26,ESG-GJR-GARCH(S),1.93391096211406,148.4131591025766,S,2010-11-15
JNPR,JNPR.W^E14,2011-01-26,GARCH,0.3230925603884022,4.142412800727513,,2010-11-15
JNPR,JNPR.W^E14,2011-01-26,GJR-GARCH,0.3262060177947877,4.222633573235451,,2010-11-15
JNPR,JNPR.W^E14,2011-01-27,EGARCH,0.3116652691508699,3.854573015670007,,2010-11-15
JNPR,JNPR.W^E14,2011-01-27,ESG-EGARCH,1.93391096211406,148.4131591025766,all,2010-11-15
JNPR,JNPR.W^E14,2011-01-27,ESG-EGARCH(E),0.3019061665244343,3.616957674026964,E,2010-11-15
JNPR,JNPR.W^E14,2011-01-27,ESG-EGARCH(G),1.93391096211406,148.4131591025766,G,2010-11-15
JNPR,JNPR.W^E14,2011-01-27,ESG-EGARCH(S),1.93391096211406,148.4131591025766,S,2010-11-15
JNPR,JNPR.W^E14,2011-01-27,ESG-GARCH,1.93391096211406,148.4131591025766,all,2010-11-15
JNPR,JNPR.W^E14,2011-01-27,ESG-GARCH(E),0.3230937963669042,4.142444494078515,E,2010-11-15
JNPR,JNPR.W^E14,2011-01-27,ESG-GARCH(G),1.93391096211406,148.4131591025766,G,2010-11-15
JNPR,JNPR.W^E14,2011-01-27,ESG-GARCH(S),1.93391096211406,148.4131591025766,S,2010-11-15
JNPR,JNPR.W^E14,2011-01-27,ESG-GJR-GARCH,1.93391096211406,148.4131591025766,all,2010-11-15
JNPR,JNPR.W^E14,2011-01-27,ESG-GJR-GARCH(E),0.3285978315606048,4.284783131203636,E,2010-11-15
JNPR,JNPR.W^E14,2011-01-27,ESG-GJR-GARCH(G),1.93391096211406,148.4131591025766,G,2010-11-15
JNPR,JNPR.W^E14,2011-01-27,ESG-GJR-GARCH(S),1.93391096211406,148.4131591025766,S,2010-11-15
JNPR,JNPR.W^E14,2011-01-27,GARCH,0.3230925603884022,4.142412800727513,,2010-11-15
JNPR,JNPR.W^E14,2011-01-27,GJR-GARCH,0.3262060177947877,4.222633573235451,,2010-11-15
JNPR,JNPR.W^E14,2011-01-28,EGARCH,0.3116652691508699,3.854573015670007,,2010-11-15
JNPR,JNPR.W^E14,2011-01-28,ESG-EGARCH,1.93391096211406,148.4131591025766,all,2010-11-15
JNPR,JNPR.W^E14,2011-01-28,ESG-EGARCH(E),0.3019061665244343,3.616957674026964,E,2010-11-15
JNPR,JNPR.W^E14,2011-01-28,ESG-EGARCH(G),1.93391096211406,148.4131591025766,G,2010-11-15
JNPR,JNPR.W^E14,2011-01-28,ESG-EGARCH(S),1.93391096211406,148.4131591025766,S,2010-11-15
JNPR,JNPR.W^E14,2011-01-28,ESG-GARCH,1.93391096211406,148.4131591025766,all,2010-11-15
JNPR,JNPR.W^E14,2011-01-28,ESG-GARCH(E),0.3230937963669042,4.142444494078515,E,2010-11-15
JNPR,JNPR.W^E14,2011-01-28,ESG-GARCH(G),1.93391096211406,148.4131591025766,G,2010-11-15
JNPR,JNPR.W^E14,2011-01-28,ESG-GARCH(S),1.93391096211406,148.4131591025766,S,2010-11-15
JNPR,JNPR.W^E14,2011-01-28,ESG-GJR-GARCH,1.93391096211406,148.4131591025766,all,2010-11-15
JNPR,JNPR.W^E14,2011-01-28,ESG-GJR-GARCH(E),0.3285978315606048,4.284783131203636,E,2010-11-15
JNPR,JNPR.W^E14,2011-01-28,ESG-GJR-GARCH(G),1.93391096211406,148.4131591025766,G,2010-11-15
JNPR,JNPR.W^E14,2011-01-28,ESG-GJR-GARCH(S),1.93391096211406,148.4131591025766,S,2010-11-15
JNPR,JNPR.W^E14,2011-01-28,GARCH,0.3230925603884022,4.142412800727513,,2010-11-15
JNPR,JNPR.W^E14,2011-01-28,GJR-GARCH,0.3262060177947877,4.222633573235451,,2010-11-15
JNPR,JNPR.W^E14,2011-01-31,EGARCH,0.3116652691508699,3.854573015670007,,2010-11-15
JNPR,JNPR.W^E14,2011-01-31,ESG-EGARCH,1.93391096211406,148.4131591025766,all,2010-11-15
JNPR,JNPR.W^E14,2011-01-31,ESG-EGARCH(E),0.3019061665244343,3.616957674026964,E,2010-11-15
JNPR,JNPR.W^E14,2011-01-31,ESG-EGARCH(G),1.93391096211406,148.4131591025766,G,2010-11-15
JNPR,JNPR.W^E14,2011-01-31,ESG-EGARCH(S),1.93391096211406,148.4131591025766,S,2010-11-15
JNPR,JNPR.W^E14,2011-01-31,ESG-GARCH,1.93391096211406,148.4131591025766,all,2010-11-15
JNPR,JNPR.W^E14,2011-01-31,ESG-GARCH(E),0.3230937963669042,4.142444494078515,E,2010-11-15
JNPR,JNPR.W^E14,2011-01-31,ESG-GARCH(G),1.93391096211406,148.4131591025766,G,2010-11-15
JNPR,JNPR.W^E14,2011-01-31,ESG-GARCH(S),1.93391096211406,148.4131591025766,S,2010-11-15
JNPR,JNPR.W^E14,2011-01-31,ESG-GJR-GARCH,1.93391096211406,148.4131591025766,all,2010-11-15
JNPR,JNPR.W^E14,2011-01-31,ESG-GJR-GARCH(E),0.3285978315606048,4.284783131203636,E,2010-11-15
JNPR,JNPR.W^E14,2011-01-31,ESG-GJR-GARCH(G),1.93391096211406,148.4131591025766,G,2010-11-15
JNPR,JNPR.W^E14,2011-01-31,ESG-GJR-GARCH(S),1.93391096211406,148.4131591025766,S,2010-11-15
JNPR,JNPR.W^E14,2011-01-31,GARCH,0.3230925603884022,4.142412800727513,,2010-11-15
JNPR,JNPR.W^E14,2011-01-31,GJR-GARCH,0.3262060177947877,4.222633573235451,,2010-11-15
JNPR,JNPR.W^E14,2011-02-07,EGARCH,0.3116652691508699,3.854573015670007,,2010-11-15
JNPR,JNPR.W^E14,2011-02-07,ESG-EGARCH,1.93391096211406,148.4131591025766,all,2010-11-15
JNPR,JNPR.W^E14,2011-02-07,ESG-EGARCH(E),0.3019061665244343,3.616957674026964,E,2010-11-15
JNPR,JNPR.W^E14,2011-02-07,ESG-EGARCH(G),1.93391096211406,148.4131591025766,G,2010-11-15
JNPR,JNPR.W^E14,2011-02-07,ESG-EGARCH(S),1.93391096211406,148.4131591025766,S,2010-11-15
JNPR,JNPR.W^E14,2011-02-07,ESG-GARCH,1.93391096211406,148.4131591025766,all,2010-11-15
JNPR,JNPR.W^E14,2011-02-07,ESG-GARCH(E),0.3230937963669042,4.142444494078515,E,2010-11-15
JNPR,JNPR.W^E14,2011-02-07,ESG-GARCH(G),1.93391096211406,148.4131591025766,G,2010-11-15
JNPR,JNPR.W^E14,2011-02-07,ESG-GARCH(S),1.93391096211406,148.4131591025766,S,2010-11-15
JNPR,JNPR.W^E14,2011-02-07,ESG-GJR-GARCH,1.93391096211406,148.4131591025766,all,2010-11-15
JNPR,JNPR.W^E14,2011-02-07,ESG-GJR-GARCH(E),0.3285978315606048,4.284783131203636,E,2010-11-15
JNPR,JNPR.W^E14,2011-02-07,ESG-GJR-GARCH(G),1.93391096211406,148.4131591025766,G,2010-11-15
JNPR,JNPR.W^E14,2011-02-07,ESG-GJR-GARCH(S),1.93391096211406,148.4131591025766,S,2010-11-15
JNPR,JNPR.W^E14,2011-02-07,GARCH,0.3230925603884022,4.142412800727513,,2010-11-15
JNPR,JNPR.W^E14,2011-02-07,GJR-GARCH,0.3262060177947877,4.222633573235451,,2010-11-15
JNPR,JNPR.W^E14,2011-02-10,EGARCH,0.3330214933382098,4.400925199413146,,2011-02-10
JNPR,JNPR.W^E14,2011-02-10,ESG-EGARCH,0.3389085384106169,4.557896722524628,all,2011-02-10
JNPR,JNPR.W^E14,2011-02-10,ESG-EGARCH(E),0.3389085384106167,4.557896722524622,E,2011-02-10
JNPR,JNPR.W^E14,2011-02-10,ESG-EGARCH(G),0.3389085384106167,4.557896722524624,G,2011-02-10
JNPR,JNPR.W^E14,2011-02-10,ESG-EGARCH(S),0.3389085384106167,4.557896722524622,S,2011-02-10
JNPR,JNPR.W^E14,2011-02-10,ESG-GARCH,0.329027818812203,4.296004188583964,all,2011-02-10
JNPR,JNPR.W^E14,2011-02-10,ESG-GARCH(E),0.329027818812202,4.296004188583938,E,2011-02-10
JNPR,JNPR.W^E14,2011-02-10,ESG-GARCH(G),0.3290278188122023,4.296004188583947,G,2011-02-10
JNPR,JNPR.W^E14,2011-02-10,ESG-GARCH(S),0.3290278188122019,4.296004188583936,S,2011-02-10
JNPR,JNPR.W^E14,2011-02-10,ESG-GJR-GARCH,0.3399138971937148,4.584978472437275,all,2011-02-10
JNPR,JNPR.W^E14,2011-02-10,ESG-GJR-GARCH(E),0.3399138971937148,4.584978472437275,E,2011-02-10
JNPR,JNPR.W^E14,2011-02-10,ESG-GJR-GARCH(G),0.3399138971937148,4.584978472437273,G,2011-02-10
JNPR,JNPR.W^E14,2011-02-10,ESG-GJR-GARCH(S),0.3399138971937147,4.584978472437272,S,2011-02-10
JNPR,JNPR.W^E14,2011-02-10,GARCH,0.32902611306018,4.295959645852792,,2011-02-10
JNPR,JNPR.W^E14,2011-02-10,GJR-GARCH,0.3358528928849886,4.476078002349828,,2011-02-10
JNPR,JNPR.W^E14,2011-02-11,EGARCH,0.3330214933382098,4.400925199413146,,2011-02-10
JNPR,JNPR.W^E14,2011-02-11,ESG-EGARCH,0.3389085384106169,4.557896722524628,all,2011-02-10
JNPR,JNPR.W^E14,2011-02-11,ESG-EGARCH(E),0.3389085384106167,4.557896722524622,E,2011-02-10
JNPR,JNPR.W^E14,2011-02-11,ESG-EGARCH(G),0.3389085384106167,4.557896722524624,G,2011-02-10
JNPR,JNPR.W^E14,2011-02-11,ESG-EGARCH(S),0.3389085384106167,4.557896722524622,S,2011-02-10
JNPR,JNPR.W^E14,2011-02-11,ESG-GARCH,0.329027818812203,4.296004188583964,all,2011-02-10
JNPR,JNPR.W^E14,2011-02-11,ESG-GARCH(E),0.329027818812202,4.296004188583938,E,2011-02-10
JNPR,JNPR.W^E14,2011-02-11,ESG-GARCH(G),0.3290278188122023,4.296004188583947,G,2011-02-10
JNPR,JNPR.W^E14,2011-02-11,ESG-GARCH(S),0.3290278188122019,4.296004188583936,S,2011-02-10
JNPR,JNPR.W^E14,2011-02-11,ESG-GJR-GARCH,0.3399138971937148,4.584978472437275,all,2011-02-10
JNPR,JNPR.W^E14,2011-02-11,ESG-GJR-GARCH(E),0.3399138971937148,4.584978472437275,E,2011-02-10
JNPR,JNPR.W^E14,2011-02-11,ESG-GJR-GARCH(G),0.3399138971937148,4.584978472437273,G,2011-02-10
JNPR,JNPR.W^E14,2011-02-11,ESG-GJR-GARCH(S),0.3399138971937147,4.584978472437272,S,2011-02-10
JNPR,JNPR.W^E14,2011-02-11,GARCH,0.32902611306018,4.295959645852792,,2011-02-10
JNPR,JNPR.W^E14,2011-02-11,GJR-GARCH,0.3358528928849886,4.476078002349828,,2011-02-10
JNPR,JNPR.W^E14,2011-02-14,EGARCH,0.3330214933382098,4.400925199413146,,2011-02-10
JNPR,JNPR.W^E14,2011-02-14,ESG-EGARCH,0.3389085384106169,4.557896722524628,all,2011-02-10
JNPR,JNPR.W^E14,2011-02-14,ESG-EGARCH(E),0.3389085384106167,4.557896722524622,E,2011-02-10
JNPR,JNPR.W^E14,2011-02-14,ESG-EGARCH(G),0.3389085384106167,4.557896722524624,G,2011-02-10
JNPR,JNPR.W^E14,2011-02-14,ESG-EGARCH(S),0.3389085384106167,4.557896722524622,S,2011-02-10
JNPR,JNPR.W^E14,2011-02-14,ESG-GARCH,0.329027818812203,4.296004188583964,all,2011-02-10
JNPR,JNPR.W^E14,2011-02-14,ESG-GARCH(E),0.329027818812202,4.296004188583938,E,2011-02-10
JNPR,JNPR.W^E14,2011-02-14,ESG-GARCH(G),0.3290278188122023,4.296004188583947,G,2011-02-10
JNPR,JNPR.W^E14,2011-02-14,ESG-GARCH(S),0.3290278188122019,4.296004188583936,S,2011-02-10
JNPR,JNPR.W^E14,2011-02-14,ESG-GJR-GARCH,0.3399138971937148,4.584978472437275,all,2011-02-10
JNPR,JNPR.W^E14,2011-02-14,ESG-GJR-GARCH(E),0.3399138971937148,4.584978472437275,E,2011-02-10
JNPR,JNPR.W^E14,2011-02-14,ESG-GJR-GARCH(G),0.3399138971937148,4.584978472437273,G,2011-02-10
JNPR,JNPR.W^E14,2011-02-14,ESG-GJR-GARCH(S),0.3399138971937147,4.584978472437272,S,2011-02-10
JNPR,JNPR.W^E14,2011-02-14,GARCH,0.32902611306018,4.295959645852792,,2011-02-10
JNPR,JNPR.W^E14,2011-02-14,GJR-GARCH,0.3358528928849886,4.476078002349828,,2011-02-10
JNPR,JNPR.W^E14,2011-02-15,EGARCH,0.3330214933382098,4.400925199413146,,2011-02-10
JNPR,JNPR.W^E14,2011-02-15,ESG-EGARCH,0.3389085384106169,4.557896722524628,all,2011-02-10
JNPR,JNPR.W^E14,2011-02-15,ESG-EGARCH(E),0.3389085384106167,4.557896722524622,E,2011-02-10
JNPR,JNPR.W^E14,2011-02-15,ESG-EGARCH(G),0.3389085384106167,4.557896722524624,G,2011-02-10
JNPR,JNPR.W^E14,2011-02-15,ESG-EGARCH(S),0.3389085384106167,4.557896722524622,S,2011-02-10
JNPR,JNPR.W^E14,2011-02-15,ESG-GARCH,0.329027818812203,4.296004188583964,all,2011-02-10
JNPR,JNPR.W^E14,2011-02-15,ESG-GARCH(E),0.329027818812202,4.296004188583938,E,2011-02-10
JNPR,JNPR.W^E14,2011-02-15,ESG-GARCH(G),0.3290278188122023,4.296004188583947,G,2011-02-10
JNPR,JNPR.W^E14,2011-02-15,ESG-GARCH(S),0.3290278188122019,4.296004188583936,S,2011-02-10
JNPR,JNPR.W^E14,2011-02-15,ESG-GJR-GARCH,0.3399138971937148,4.584978472437275,all,2011-02-10
JNPR,JNPR.W^E14,2011-02-15,ESG-GJR-GARCH(E),0.3399138971937148,4.584978472437275,E,2011-02-10
JNPR,JNPR.W^E14,2011-02-15,ESG-GJR-GARCH(G),0.3399138971937148,4.584978472437273,G,2011-02-10
JNPR,JNPR.W^E14,2011-02-15,ESG-GJR-GARCH(S),0.3399138971937147,4.584978472437272,S,2011-02-10
JNPR,JNPR.W^E14,2011-02-15,GARCH,0.32902611306018,4.295959645852792,,2011-02-10
JNPR,JNPR.W^E14,2011-02-15,GJR-GARCH,0.3358528928849886,4.476078002349828,,2011-02-10
JNPR,JNPR.W^E14,2011-02-16,EGARCH,0.3330214933382098,4.400925199413146,,2011-02-10
JNPR,JNPR.W^E14,2011-02-16,ESG-EGARCH,0.3389085384106169,4.557896722524628,all,2011-02-10
JNPR,JNPR.W^E14,2011-02-16,ESG-EGARCH(E),0.3389085384106167,4.557896722524622,E,2011-02-10
JNPR,JNPR.W^E14,2011-02-16,ESG-EGARCH(G),0.3389085384106167,4.557896722524624,G,2011-02-10
JNPR,JNPR.W^E14,2011-02-16,ESG-EGARCH(S),0.3389085384106167,4.557896722524622,S,2011-02-10
JNPR,JNPR.W^E14,2011-02-16,ESG-GARCH,0.329027818812203,4.296004188583964,all,2011-02-10
JNPR,JNPR.W^E14,2011-02-16,ESG-GARCH(E),0.329027818812202,4.296004188583938,E,2011-02-10
JNPR,JNPR.W^E14,2011-02-16,ESG-GARCH(G),0.3290278188122023,4.296004188583947,G,2011-02-10
JNPR,JNPR.W^E14,2011-02-16,ESG-GARCH(S),0.3290278188122019,4.296004188583936,S,2011-02-10
JNPR,JNPR.W^E14,2011-02-16,ESG-GJR-GARCH,0.3399138971937148,4.584978472437275,all,2011-02-10
JNPR,JNPR.W^E14,2011-02-16,ESG-GJR-GARCH(E),0.3399138971937148,4.584978472437275,E,2011-02-10
JNPR,JNPR.W^E14,2011-02-16,ESG-GJR-GARCH(G),0.3399138971937148,4.584978472437273,G,2011-02-10
JNPR,JNPR.W^E14,2011-02-16,ESG-GJR-GARCH(S),0.3399138971937147,4.584978472437272,S,2011-02-10
JNPR,JNPR.W^E14,2011-02-16,GARCH,0.32902611306018,4.295959645852792,,2011-02-10
JNPR,JNPR.W^E14,2011-02-16,GJR-GARCH,0.3358528928849886,4.476078002349828,,2011-02-10
JNPR,JNPR.W^E14,2011-02-17,EGARCH,0.3330214933382098,4.400925199413146,,2011-02-10
JNPR,JNPR.W^E14,2011-02-17,ESG-EGARCH,0.3389085384106169,4.557896722524628,all,2011-02-10
JNPR,JNPR.W^E14,2011-02-17,ESG-EGARCH(E),0.3389085384106167,4.557896722524622,E,2011-02-10
JNPR,JNPR.W^E14,2011-02-17,ESG-EGARCH(G),0.3389085384106167,4.557896722524624,G,2011-02-10
JNPR,JNPR.W^E14,2011-02-17,ESG-EGARCH(S),0.3389085384106167,4.557896722524622,S,2011-02-10
JNPR,JNPR.W^E14,2011-02-17,ESG-GARCH,0.329027818812203,4.296004188583964,all,2011-02-10
JNPR,JNPR.W^E14,2011-02-17,ESG-GARCH(E),0.329027818812202,4.296004188583938,E,2011-02-10
JNPR,JNPR.W^E14,2011-02-17,ESG-GARCH(G),0.3290278188122023,4.296004188583947,G,2011-02-10
JNPR,JNPR.W^E14,2011-02-17,ESG-GARCH(S),0.3290278188122019,4.296004188583936,S,2011-02-10
JNPR,JNPR.W^E14,2011-02-17,ESG-GJR-GARCH,0.3399138971937148,4.584978472437275,all,2011-02-10
JNPR,JNPR.W^E14,2011-02-17,ESG-GJR-GARCH(E),0.3399138971937148,4.584978472437275,E,2011-02-10
JNPR,JNPR.W^E14,2011-02-17,ESG-GJR-GARCH(G),0.3399138971937148,4.584978472437273,G,2011-02-10
JNPR,JNPR.W^E14,2011-02-17,ESG-GJR-GARCH(S),0.3399138971937147,4.584978472437272,S,2011-02-10
JNPR,JNPR.W^E14,2011-02-17,GARCH,0.32902611306018,4.295959645852792,,2011-02-10
JNPR,JNPR.W^E14,2011-02-17,GJR-GARCH,0.3358528928849886,4.476078002349828,,2011-02-10
JNPR,JNPR.W^E14,2011-02-18,EGARCH,0.3330214933382098,4.400925199413146,,2011-02-10
JNPR,JNPR.W^E14,2011-02-18,ESG-EGARCH,0.3389085384106169,4.557896722524628,all,2011-02-10
JNPR,JNPR.W^E14,2011-02-18,ESG-EGARCH(E),0.3389085384106167,4.557896722524622,E,2011-02-10
JNPR,JNPR.W^E14,2011-02-18,ESG-EGARCH(G),0.3389085384106167,4.557896722524624,G,2011-02-10
JNPR,JNPR.W^E14,2011-02-18,ESG-EGARCH(S),0.3389085384106167,4.557896722524622,S,2011-02-10
JNPR,JNPR.W^E14,2011-02-18,ESG-GARCH,0.329027818812203,4.296004188583964,all,2011-02-10
JNPR,JNPR.W^E14,2011-02-18,ESG-GARCH(E),0.329027818812202,4.296004188583938,E,2011-02-10
JNPR,JNPR.W^E14,2011-02-18,ESG-GARCH(G),0.3290278188122023,4.296004188583947,G,2011-02-10
JNPR,JNPR.W^E14,2011-02-18,ESG-GARCH(S),0.3290278188122019,4.296004188583936,S,2011-02-10
JNPR,JNPR.W^E14,2011-02-18,ESG-GJR-GARCH,0.3399138971937148,4.584978472437275,all,2011-02-10
JNPR,JNPR.W^E14,2011-02-18,ESG-GJR-GARCH(E),0.3399138971937148,4.584978472437275,E,2011-02-10
JNPR,JNPR.W^E14,2011-02-18,ESG-GJR-GARCH(G),0.3399138971937148,4.584978472437273,G,2011-02-10
JNPR,JNPR.W^E14,2011-02-18,ESG-GJR-GARCH(S),0.3399138971937147,4.584978472437272,S,2011-02-10
JNPR,JNPR.W^E14,2011-02-18,GARCH,0.32902611306018,4.295959645852792,,2011-02-10
JNPR,JNPR.W^E14,2011-02-18,GJR-GARCH,0.3358528928849886,4.476078002349828,,2011-02-10
JNPR,JNPR.W^E14,2011-02-22,EGARCH,0.3330214933382098,4.400925199413146,,2011-02-10
JNPR,JNPR.W^E14,2011-02-22,ESG-EGARCH,0.3389085384106169,4.557896722524628,all,2011-02-10
JNPR,JNPR.W^E14,2011-02-22,ESG-EGARCH(E),0.3389085384106167,4.557896722524622,E,2011-02-10
JNPR,JNPR.W^E14,2011-02-22,ESG-EGARCH(G),0.3389085384106167,4.557896722524624,G,2011-02-10
JNPR,JNPR.W^E14,2011-02-22,ESG-EGARCH(S),0.3389085384106167,4.557896722524622,S,2011-02-10
JNPR,JNPR.W^E14,2011-02-22,ESG-GARCH,0.329027818812203,4.296004188583964,all,2011-02-10
JNPR,JNPR.W^E14,2011-02-22,ESG-GARCH(E),0.329027818812202,4.296004188583938,E,2011-02-10
JNPR,JNPR.W^E14,2011-02-22,ESG-GARCH(G),0.3290278188122023,4.296004188583947,G,2011-02-10
JNPR,JNPR.W^E14,2011-02-22,ESG-GARCH(S),0.3290278188122019,4.296004188583936,S,2011-02-10
JNPR,JNPR.W^E14,2011-02-22,ESG-GJR-GARCH,0.3399138971937148,4.584978472437275,all,2011-02-10
JNPR,JNPR.W^E14,2011-02-22,ESG-GJR-GARCH(E),0.3399138971937148,4.584978472437275,E,2011-02-10
JNPR,JNPR.W^E14,2011-02-22,ESG-GJR-GARCH(G),0.3399138971937148,4.584978472437273,G,2011-02-10
JNPR,JNPR.W^E14,2011-02-22,ESG-GJR-GARCH(S),0.3399138971937147,4.584978472437272,S,2011-02-10
JNPR,JNPR.W^E14,2011-02-22,GARCH,0.32902611306018,4.295959645852792,,2011-02-10
JNPR,JNPR.W^E14,2011-02-22,GJR-GARCH,0.3358528928849886,4.476078002349828,,2011-02-10
JNPR,JNPR.W^E14,2011-02-23,EGARCH,0.3330214933382098,4.400925199413146,,2011-02-10
JNPR,JNPR.W^E14,2011-02-23,ESG-EGARCH,0.3389085384106169,4.557896722524628,all,2011-02-10
JNPR,JNPR.W^E14,2011-02-23,ESG-EGARCH(E),0.3389085384106167,4.557896722524622,E,2011-02-10
JNPR,JNPR.W^E14,2011-02-23,ESG-EGARCH(G),0.3389085384106167,4.557896722524624,G,2011-02-10
JNPR,JNPR.W^E14,2011-02-23,ESG-EGARCH(S),0.3389085384106167,4.557896722524622,S,2011-02-10
JNPR,JNPR.W^E14,2011-02-23,ESG-GARCH,0.329027818812203,4.296004188583964,all,2011-02-10
JNPR,JNPR.W^E14,2011-02-23,ESG-GARCH(E),0.329027818812202,4.296004188583938,E,2011-02-10
JNPR,JNPR.W^E14,2011-02-23,ESG-GARCH(G),0.3290278188122023,4.296004188583947,G,2011-02-10
JNPR,JNPR.W^E14,2011-02-23,ESG-GARCH(S),0.3290278188122019,4.296004188583936,S,2011-02-10
JNPR,JNPR.W^E14,2011-02-23,ESG-GJR-GARCH,0.3399138971937148,4.584978472437275,all,2011-02-10
JNPR,JNPR.W^E14,2011-02-23,ESG-GJR-GARCH(E),0.3399138971937148,4.584978472437275,E,2011-02-10
JNPR,JNPR.W^E14,2011-02-23,ESG-GJR-GARCH(G),0.3399138971937148,4.584978472437273,G,2011-02-10
JNPR,JNPR.W^E14,2011-02-23,ESG-GJR-GARCH(S),0.3399138971937147,4.584978472437272,S,2011-02-10
JNPR,JNPR.W^E14,2011-02-23,GARCH,0.32902611306018,4.295959645852792,,2011-02-10
JNPR,JNPR.W^E14,2011-02-23,GJR-GARCH,0.3358528928849886,4.476078002349828,,2011-02-10
JNPR,JNPR.W^E14,2011-02-24,EGARCH,0.3330214933382098,4.400925199413146,,2011-02-10
JNPR,JNPR.W^E14,2011-02-24,ESG-EGARCH,0.3389085384106169,4.557896722524628,all,2011-02-10
JNPR,JNPR.W^E14,2011-02-24,ESG-EGARCH(E),0.3389085384106167,4.557896722524622,E,2011-02-10
JNPR,JNPR.W^E14,2011-02-24,ESG-EGARCH(G),0.3389085384106167,4.557896722524624,G,2011-02-10
JNPR,JNPR.W^E14,2011-02-24,ESG-EGARCH(S),0.3389085384106167,4.557896722524622,S,2011-02-10
JNPR,JNPR.W^E14,2011-02-24,ESG-GARCH,0.329027818812203,4.296004188583964,all,2011-02-10
JNPR,JNPR.W^E14,2011-02-24,ESG-GARCH(E),0.329027818812202,4.296004188583938,E,2011-02-10
JNPR,JNPR.W^E14,2011-02-24,ESG-GARCH(G),0.3290278188122023,4.296004188583947,G,2011-02-10
JNPR,JNPR.W^E14,2011-02-24,ESG-GARCH(S),0.3290278188122019,4.296004188583936,S,2011-02-10
JNPR,JNPR.W^E14,2011-02-24,ESG-GJR-GARCH,0.3399138971937148,4.584978472437275,all,2011-02-10
JNPR,JNPR.W^E14,2011-02-24,ESG-GJR-GARCH(E),0.3399138971937148,4.584978472437275,E,2011-02-10
JNPR,JNPR.W^E14,2011-02-24,ESG-GJR-GARCH(G),0.3399138971937148,4.584978472437273,G,2011-02-10
JNPR,JNPR.W^E14,2011-02-24,ESG-GJR-GARCH(S),0.3399138971937147,4.584978472437272,S,2011-02-10
JNPR,JNPR.W^E14,2011-02-24,GARCH,0.32902611306018,4.295959645852792,,2011-02-10
JNPR,JNPR.W^E14,2011-02-24,GJR-GARCH,0.3358528928849886,4.476078002349828,,2011-02-10
JNPR,JNPR.W^E14,2011-02-25,EGARCH,0.3330214933382098,4.400925199413146,,2011-02-10
JNPR,JNPR.W^E14,2011-02-25,ESG-EGARCH,0.3389085384106169,4.557896722524628,all,2011-02-10
JNPR,JNPR.W^E14,2011-02-25,ESG-EGARCH(E),0.3389085384106167,4.557896722524622,E,2011-02-10
JNPR,JNPR.W^E14,2011-02-25,ESG-EGARCH(G),0.3389085384106167,4.557896722524624,G,2011-02-10
JNPR,JNPR.W^E14,2011-02-25,ESG-EGARCH(S),0.3389085384106167,4.557896722524622,S,2011-02-10
JNPR,JNPR.W^E14,2011-02-25,ESG-GARCH,0.329027818812203,4.296004188583964,all,2011-02-10
JNPR,JNPR.W^E14,2011-02-25,ESG-GARCH(E),0.329027818812202,4.296004188583938,E,2011-02-10
JNPR,JNPR.W^E14,2011-02-25,ESG-GARCH(G),0.3290278188122023,4.296004188583947,G,2011-02-10
JNPR,JNPR.W^E14,2011-02-25,ESG-GARCH(S),0.3290278188122019,4.296004188583936,S,2011-02-10
JNPR,JNPR.W^E14,2011-02-25,ESG-GJR-GARCH,0.3399138971937148,4.584978472437275,all,2011-02-10
JNPR,JNPR.W^E14,2011-02-25,ESG-GJR-GARCH(E),0.3399138971937148,4.584978472437275,E,2011-02-10
JNPR,JNPR.W^E14,2011-02-25,ESG-GJR-GARCH(G),0.3399138971937148,4.584978472437273,G,2011-02-10
JNPR,JNPR.W^E14,2011-02-25,ESG-GJR-GARCH(S),0.3399138971937147,4.584978472437272,S,2011-02-10
JNPR,JNPR.W^E14,2011-02-25,GARCH,0.32902611306018,4.295959645852792,,2011-02-10
JNPR,JNPR.W^E14,2011-02-25,GJR-GARCH,0.3358528928849886,4.476078002349828,,2011-02-10
JNPR,JNPR.W^E14,2011-02-28,EGARCH,0.3330214933382098,4.400925199413146,,2011-02-10
JNPR,JNPR.W^E14,2011-02-28,ESG-EGARCH,0.3389085384106169,4.557896722524628,all,2011-02-10
JNPR,JNPR.W^E14,2011-02-28,ESG-EGARCH(E),0.3389085384106167,4.557896722524622,E,2011-02-10
JNPR,JNPR.W^E14,2011-02-28,ESG-EGARCH(G),0.3389085384106167,4.557896722524624,G,2011-02-10
JNPR,JNPR.W^E14,2011-02-28,ESG-EGARCH(S),0.3389085384106167,4.557896722524622,S,2011-02-10
JNPR,JNPR.W^E14,2011-02-28,ESG-GARCH,0.329027818812203,4.296004188583964,all,2011-02-10
JNPR,JNPR.W^E14,2011-02-28,ESG-GARCH(E),0.329027818812202,4.296004188583938,E,2011-02-10
JNPR,JNPR.W^E14,2011-02-28,ESG-GARCH(G),0.3290278188122023,4.296004188583947,G,2011-02-10
JNPR,JNPR.W^E14,2011-02-28,ESG-GARCH(S),0.3290278188122019,4.296004188583936,S,2011-02-10
JNPR,JNPR.W^E14,2011-02-28,ESG-GJR-GARCH,0.3399138971937148,4.584978472437275,all,2011-02-10
JNPR,JNPR.W^E14,2011-02-28,ESG-GJR-GARCH(E),0.3399138971937148,4.584978472437275,E,2011-02-10
JNPR,JNPR.W^E14,2011-02-28,ESG-GJR-GARCH(G),0.3399138971937148,4.584978472437273,G,2011-02-10
JNPR,JNPR.W^E14,2011-02-28,ESG-GJR-GARCH(S),0.3399138971937147,4.584978472437272,S,2011-02-10
JNPR,JNPR.W^E14,2011-02-28,GARCH,0.32902611306018,4.295959645852792,,2011-02-10
JNPR,JNPR.W^E14,2011-02-28,GJR-GARCH,0.3358528928849886,4.476078002349828,,2011-02-10
JNPR,JNPR.W^E14,2011-03-01,EGARCH,0.3330214933382098,4.400925199413146,,2011-02-10
JNPR,JNPR.W^E14,2011-03-01,ESG-EGARCH,0.3389085384106169,4.557896722524628,all,2011-02-10
JNPR,JNPR.W^E14,2011-03-01,ESG-EGARCH(E),0.3389085384106167,4.557896722524622,E,2011-02-10
JNPR,JNPR.W^E14,2011-03-01,ESG-EGARCH(G),0.3389085384106167,4.557896722524624,G,2011-02-10
JNPR,JNPR.W^E14,2011-03-01,ESG-EGARCH(S),0.3389085384106167,4.557896722524622,S,2011-02-10
JNPR,JNPR.W^E14,2011-03-01,ESG-GARCH,0.329027818812203,4.296004188583964,all,2011-02-10
JNPR,JNPR.W^E14,2011-03-01,ESG-GARCH(E),0.329027818812202,4.296004188583938,E,2011-02-10
JNPR,JNPR.W^E14,2011-03-01,ESG-GARCH(G),0.3290278188122023,4.296004188583947,G,2011-02-10
JNPR,JNPR.W^E14,2011-03-01,ESG-GARCH(S),0.3290278188122019,4.296004188583936,S,2011-02-10
JNPR,JNPR.W^E14,2011-03-01,ESG-GJR-GARCH,0.3399138971937148,4.584978472437275,all,2011-02-10
JNPR,JNPR.W^E14,2011-03-01,ESG-GJR-GARCH(E),0.3399138971937148,4.584978472437275,E,2011-02-10
JNPR,JNPR.W^E14,2011-03-01,ESG-GJR-GARCH(G),0.3399138971937148,4.584978472437273,G,2011-02-10
JNPR,JNPR.W^E14,2011-03-01,ESG-GJR-GARCH(S),0.3399138971937147,4.584978472437272,S,2011-02-10
JNPR,JNPR.W^E14,2011-03-01,GARCH,0.32902611306018,4.295959645852792,,2011-02-10
JNPR,JNPR.W^E14,2011-03-01,GJR-GARCH,0.3358528928849886,4.476078002349828,,2011-02-10
JNPR,JNPR.W^E14,2011-03-02,EGARCH,0.3330214933382098,4.400925199413146,,2011-02-10
JNPR,JNPR.W^E14,2011-03-02,ESG-EGARCH,0.3389085384106169,4.557896722524628,all,2011-02-10
JNPR,JNPR.W^E14,2011-03-02,ESG-EGARCH(E),0.3389085384106167,4.557896722524622,E,2011-02-10
JNPR,JNPR.W^E14,2011-03-02,ESG-EGARCH(G),0.3389085384106167,4.557896722524624,G,2011-02-10
JNPR,JNPR.W^E14,2011-03-02,ESG-EGARCH(S),0.3389085384106167,4.557896722524622,S,2011-02-10
JNPR,JNPR.W^E14,2011-03-02,ESG-GARCH,0.329027818812203,4.296004188583964,all,2011-02-10
JNPR,JNPR.W^E14,2011-03-02,ESG-GARCH(E),0.329027818812202,4.296004188583938,E,2011-02-10
JNPR,JNPR.W^E14,2011-03-02,ESG-GARCH(G),0.3290278188122023,4.296004188583947,G,2011-02-10
JNPR,JNPR.W^E14,2011-03-02,ESG-GARCH(S),0.3290278188122019,4.296004188583936,S,2011-02-10
JNPR,JNPR.W^E14,2011-03-02,ESG-GJR-GARCH,0.3399138971937148,4.584978472437275,all,2011-02-10
JNPR,JNPR.W^E14,2011-03-02,ESG-GJR-GARCH(E),0.3399138971937148,4.584978472437275,E,2011-02-10
JNPR,JNPR.W^E14,2011-03-02,ESG-GJR-GARCH(G),0.3399138971937148,4.584978472437273,G,2011-02-10
JNPR,JNPR.W^E14,2011-03-02,ESG-GJR-GARCH(S),0.3399138971937147,4.584978472437272,S,2011-02-10
JNPR,JNPR.W^E14,2011-03-02,GARCH,0.32902611306018,4.295959645852792,,2011-02-10
JNPR,JNPR.W^E14,2011-03-02,GJR-GARCH,0.3358528928849886,4.476078002349828,,2011-02-10
JNPR,JNPR.W^E14,2011-03-03,EGARCH,0.3330214933382098,4.400925199413146,,2011-02-10
JNPR,JNPR.W^E14,2011-03-03,ESG-EGARCH,0.3389085384106169,4.557896722524628,all,2011-02-10
JNPR,JNPR.W^E14,2011-03-03,ESG-EGARCH(E),0.3389085384106167,4.557896722524622,E,2011-02-10
JNPR,JNPR.W^E14,2011-03-03,ESG-EGARCH(G),0.3389085384106167,4.557896722524624,G,2011-02-10
JNPR,JNPR.W^E14,2011-03-03,ESG-EGARCH(S),0.3389085384106167,4.557896722524622,S,2011-02-10
JNPR,JNPR.W^E14,2011-03-03,ESG-GARCH,0.329027818812203,4.296004188583964,all,2011-02-10
JNPR,JNPR.W^E14,2011-03-03,ESG-GARCH(E),0.329027818812202,4.296004188583938,E,2011-02-10
JNPR,JNPR.W^E14,2011-03-03,ESG-GARCH(G),0.3290278188122023,4.296004188583947,G,2011-02-10
JNPR,JNPR.W^E14,2011-03-03,ESG-GARCH(S),0.3290278188122019,4.296004188583936,S,2011-02-10
JNPR,JNPR.W^E14,2011-03-03,ESG-GJR-GARCH,0.3399138971937148,4.584978472437275,all,2011-02-10
JNPR,JNPR.W^E14,2011-03-03,ESG-GJR-GARCH(E),0.3399138971937148,4.584978472437275,E,2011-02-10
JNPR,JNPR.W^E14,2011-03-03,ESG-GJR-GARCH(G),0.3399138971937148,4.584978472437273,G,2011-02-10
JNPR,JNPR.W^E14,2011-03-03,ESG-GJR-GARCH(S),0.3399138971937147,4.584978472437272,S,2011-02-10
JNPR,JNPR.W^E14,2011-03-03,GARCH,0.32902611306018,4.295959645852792,,2011-02-10
JNPR,JNPR.W^E14,2011-03-03,GJR-GARCH,0.3358528928849886,4.476078002349828,,2011-02-10
JNPR,JNPR.W^E14,2011-03-04,EGARCH,0.3330214933382098,4.400925199413146,,2011-02-10
JNPR,JNPR.W^E14,2011-03-04,ESG-EGARCH,0.3389085384106169,4.557896722524628,all,2011-02-10
JNPR,JNPR.W^E14,2011-03-04,ESG-EGARCH(E),0.3389085384106167,4.557896722524622,E,2011-02-10
JNPR,JNPR.W^E14,2011-03-04,ESG-EGARCH(G),0.3389085384106167,4.557896722524624,G,2011-02-10
JNPR,JNPR.W^E14,2011-03-04,ESG-EGARCH(S),0.3389085384106167,4.557896722524622,S,2011-02-10
JNPR,JNPR.W^E14,2011-03-04,ESG-GARCH,0.329027818812203,4.296004188583964,all,2011-02-10
JNPR,JNPR.W^E14,2011-03-04,ESG-GARCH(E),0.329027818812202,4.296004188583938,E,2011-02-10
JNPR,JNPR.W^E14,2011-03-04,ESG-GARCH(G),0.3290278188122023,4.296004188583947,G,2011-02-10
JNPR,JNPR.W^E14,2011-03-04,ESG-GARCH(S),0.3290278188122019,4.296004188583936,S,2011-02-10
JNPR,JNPR.W^E14,2011-03-04,ESG-GJR-GARCH,0.3399138971937148,4.584978472437275,all,2011-02-10
JNPR,JNPR.W^E14,2011-03-04,ESG-GJR-GARCH(E),0.3399138971937148,4.584978472437275,E,2011-02-10
JNPR,JNPR.W^E14,2011-03-04,ESG-GJR-GARCH(G),0.3399138971937148,4.584978472437273,G,2011-02-10
JNPR,JNPR.W^E14,2011-03-04,ESG-GJR-GARCH(S),0.3399138971937147,4.584978472437272,S,2011-02-10
JNPR,JNPR.W^E14,2011-03-04,GARCH,0.32902611306018,4.295959645852792,,2011-02-10
JNPR,JNPR.W^E14,2011-03-04,GJR-GARCH,0.3358528928849886,4.476078002349828,,2011-02-10
JNPR,JNPR.W^E14,2011-03-07,EGARCH,0.3330214933382098,4.400925199413146,,2011-02-10
JNPR,JNPR.W^E14,2011-03-07,ESG-EGARCH,0.3389085384106169,4.557896722524628,all,2011-02-10
JNPR,JNPR.W^E14,2011-03-07,ESG-EGARCH(E),0.3389085384106167,4.557896722524622,E,2011-02-10
JNPR,JNPR.W^E14,2011-03-07,ESG-EGARCH(G),0.3389085384106167,4.557896722524624,G,2011-02-10
JNPR,JNPR.W^E14,2011-03-07,ESG-EGARCH(S),0.3389085384106167,4.557896722524622,S,2011-02-10
JNPR,JNPR.W^E14,2011-03-07,ESG-GARCH,0.329027818812203,4.296004188583964,all,2011-02-10
JNPR,JNPR.W^E14,2011-03-07,ESG-GARCH(E),0.329027818812202,4.296004188583938,E,2011-02-10
JNPR,JNPR.W^E14,2011-03-07,ESG-GARCH(G),0.3290278188122023,4.296004188583947,G,2011-02-10
JNPR,JNPR.W^E14,2011-03-07,ESG-GARCH(S),0.3290278188122019,4.296004188583936,S,2011-02-10
JNPR,JNPR.W^E14,2011-03-07,ESG-GJR-GARCH,0.3399138971937148,4.584978472437275,all,2011-02-10
JNPR,JNPR.W^E14,2011-03-07,ESG-GJR-GARCH(E),0.3399138971937148,4.584978472437275,E,2011-02-10
JNPR,JNPR.W^E14,2011-03-07,ESG-GJR-GARCH(G),0.3399138971937148,4.584978472437273,G,2011-02-10
JNPR,JNPR.W^E14,2011-03-07,ESG-GJR-GARCH(S),0.3399138971937147,4.584978472437272,S,2011-02-10
JNPR,JNPR.W^E14,2011-03-07,GARCH,0.32902611306018,4.295959645852792,,2011-02-10
JNPR,JNPR.W^E14,2011-03-07,GJR-GARCH,0.3358528928849886,4.476078002349828,,2011-02-10
JNPR,JNPR.W^E14,2011-03-08,EGARCH,0.3330214933382098,4.400925199413146,,2011-02-10
JNPR,JNPR.W^E14,2011-03-08,ESG-EGARCH,0.3389085384106169,4.557896722524628,all,2011-02-10
JNPR,JNPR.W^E14,2011-03-08,ESG-EGARCH(E),0.3389085384106167,4.557896722524622,E,2011-02-10
JNPR,JNPR.W^E14,2011-03-08,ESG-EGARCH(G),0.3389085384106167,4.557896722524624,G,2011-02-10
JNPR,JNPR.W^E14,2011-03-08,ESG-EGARCH(S),0.3389085384106167,4.557896722524622,S,2011-02-10
JNPR,JNPR.W^E14,2011-03-08,ESG-GARCH,0.329027818812203,4.296004188583964,all,2011-02-10
JNPR,JNPR.W^E14,2011-03-08,ESG-GARCH(E),0.329027818812202,4.296004188583938,E,2011-02-10
JNPR,JNPR.W^E14,2011-03-08,ESG-GARCH(G),0.3290278188122023,4.296004188583947,G,2011-02-10
JNPR,JNPR.W^E14,2011-03-08,ESG-GARCH(S),0.3290278188122019,4.296004188583936,S,2011-02-10
JNPR,JNPR.W^E14,2011-03-08,ESG-GJR-GARCH,0.3399138971937148,4.584978472437275,all,2011-02-10
JNPR,JNPR.W^E14,2011-03-08,ESG-GJR-GARCH(E),0.3399138971937148,4.584978472437275,E,2011-02-10
JNPR,JNPR.W^E14,2011-03-08,ESG-GJR-GARCH(G),0.3399138971937148,4.584978472437273,G,2011-02-10
JNPR,JNPR.W^E14,2011-03-08,ESG-GJR-GARCH(S),0.3399138971937147,4.584978472437272,S,2011-02-10
JNPR,JNPR.W^E14,2011-03-08,GARCH,0.32902611306018,4.295959645852792,,2011-02-10
JNPR,JNPR.W^E14,2011-03-08,GJR-GARCH,0.3358528928849886,4.476078002349828,,2011-02-10
JNPR,JNPR.W^E14,2011-03-09,EGARCH,0.3330214933382098,4.400925199413146,,2011-02-10
JNPR,JNPR.W^E14,2011-03-09,ESG-EGARCH,0.3389085384106169,4.557896722524628,all,2011-02-10
JNPR,JNPR.W^E14,2011-03-09,ESG-EGARCH(E),0.3389085384106167,4.557896722524622,E,2011-02-10
JNPR,JNPR.W^E14,2011-03-09,ESG-EGARCH(G),0.3389085384106167,4.557896722524624,G,2011-02-10
JNPR,JNPR.W^E14,2011-03-09,ESG-EGARCH(S),0.3389085384106167,4.557896722524622,S,2011-02-10
JNPR,JNPR.W^E14,2011-03-09,ESG-GARCH,0.329027818812203,4.296004188583964,all,2011-02-10
JNPR,JNPR.W^E14,2011-03-09,ESG-GARCH(E),0.329027818812202,4.296004188583938,E,2011-02-10
JNPR,JNPR.W^E14,2011-03-09,ESG-GARCH(G),0.3290278188122023,4.296004188583947,G,2011-02-10
JNPR,JNPR.W^E14,2011-03-09,ESG-GARCH(S),0.3290278188122019,4.296004188583936,S,2011-02-10
JNPR,JNPR.W^E14,2011-03-09,ESG-GJR-GARCH,0.3399138971937148,4.584978472437275,all,2011-02-10
JNPR,JNPR.W^E14,2011-03-09,ESG-GJR-GARCH(E),0.3399138971937148,4.584978472437275,E,2011-02-10
JNPR,JNPR.W^E14,2011-03-09,ESG-GJR-GARCH(G),0.3399138971937148,4.584978472437273,G,2011-02-10
JNPR,JNPR.W^E14,2011-03-09,ESG-GJR-GARCH(S),0.3399138971937147,4.584978472437272,S,2011-02-10
JNPR,JNPR.W^E14,2011-03-09,GARCH,0.32902611306018,4.295959645852792,,2011-02-10
JNPR,JNPR.W^E14,2011-03-09,GJR-GARCH,0.3358528928849886,4.476078002349828,,2011-02-10
JNPR,JNPR.W^E14,2011-03-17,EGARCH,0.3330214933382098,4.400925199413146,,2011-02-10
JNPR,JNPR.W^E14,2011-03-17,ESG-EGARCH,0.3389085384106169,4.557896722524628,all,2011-02-10
JNPR,JNPR.W^E14,2011-03-17,ESG-EGARCH(E),0.3389085384106167,4.557896722524622,E,2011-02-10
JNPR,JNPR.W^E14,2011-03-17,ESG-EGARCH(G),0.3389085384106167,4.557896722524624,G,2011-02-10
JNPR,JNPR.W^E14,2011-03-17,ESG-EGARCH(S),0.3389085384106167,4.557896722524622,S,2011-02-10
JNPR,JNPR.W^E14,2011-03-17,ESG-GARCH,0.329027818812203,4.296004188583964,all,2011-02-10
JNPR,JNPR.W^E14,2011-03-17,ESG-GARCH(E),0.329027818812202,4.296004188583938,E,2011-02-10
JNPR,JNPR.W^E14,2011-03-17,ESG-GARCH(G),0.3290278188122023,4.296004188583947,G,2011-02-10
JNPR,JNPR.W^E14,2011-03-17,ESG-GARCH(S),0.3290278188122019,4.296004188583936,S,2011-02-10
JNPR,JNPR.W^E14,2011-03-17,ESG-GJR-GARCH,0.3399138971937148,4.584978472437275,all,2011-02-10
JNPR,JNPR.W^E14,2011-03-17,ESG-GJR-GARCH(E),0.3399138971937148,4.584978472437275,E,2011-02-10
JNPR,JNPR.W^E14,2011-03-17,ESG-GJR-GARCH(G),0.3399138971937148,4.584978472437273,G,2011-02-10
JNPR,JNPR.W^E14,2011-03-17,ESG-GJR-GARCH(S),0.3399138971937147,4.584978472437272,S,2011-02-10
JNPR,JNPR.W^E14,2011-03-17,GARCH,0.32902611306018,4.295959645852792,,2011-02-10
JNPR,JNPR.W^E14,2011-03-17,GJR-GARCH,0.3358528928849886,4.476078002349828,,2011-02-10
JNPR,JNPR.W^E14,2011-03-18,EGARCH,0.3330214933382098,4.400925199413146,,2011-02-10
JNPR,JNPR.W^E14,2011-03-18,ESG-EGARCH,0.3389085384106169,4.557896722524628,all,2011-02-10
JNPR,JNPR.W^E14,2011-03-18,ESG-EGARCH(E),0.3389085384106167,4.557896722524622,E,2011-02-10
JNPR,JNPR.W^E14,2011-03-18,ESG-EGARCH(G),0.3389085384106167,4.557896722524624,G,2011-02-10
JNPR,JNPR.W^E14,2011-03-18,ESG-EGARCH(S),0.3389085384106167,4.557896722524622,S,2011-02-10
JNPR,JNPR.W^E14,2011-03-18,ESG-GARCH,0.329027818812203,4.296004188583964,all,2011-02-10
JNPR,JNPR.W^E14,2011-03-18,ESG-GARCH(E),0.329027818812202,4.296004188583938,E,2011-02-10
JNPR,JNPR.W^E14,2011-03-18,ESG-GARCH(G),0.3290278188122023,4.296004188583947,G,2011-02-10
JNPR,JNPR.W^E14,2011-03-18,ESG-GARCH(S),0.3290278188122019,4.296004188583936,S,2011-02-10
JNPR,JNPR.W^E14,2011-03-18,ESG-GJR-GARCH,0.3399138971937148,4.584978472437275,all,2011-02-10
JNPR,JNPR.W^E14,2011-03-18,ESG-GJR-GARCH(E),0.3399138971937148,4.584978472437275,E,2011-02-10
JNPR,JNPR.W^E14,2011-03-18,ESG-GJR-GARCH(G),0.3399138971937148,4.584978472437273,G,2011-02-10
JNPR,JNPR.W^E14,2011-03-18,ESG-GJR-GARCH(S),0.3399138971937147,4.584978472437272,S,2011-02-10
JNPR,JNPR.W^E14,2011-03-18,GARCH,0.32902611306018,4.295959645852792,,2011-02-10
JNPR,JNPR.W^E14,2011-03-18,GJR-GARCH,0.3358528928849886,4.476078002349828,,2011-02-10
JNPR,JNPR.W^E14,2011-03-23,EGARCH,0.3330214933382098,4.400925199413146,,2011-02-10
JNPR,JNPR.W^E14,2011-03-23,ESG-EGARCH,0.3389085384106169,4.557896722524628,all,2011-02-10
JNPR,JNPR.W^E14,2011-03-23,ESG-EGARCH(E),0.3389085384106167,4.557896722524622,E,2011-02-10
JNPR,JNPR.W^E14,2011-03-23,ESG-EGARCH(G),0.3389085384106167,4.557896722524624,G,2011-02-10
JNPR,JNPR.W^E14,2011-03-23,ESG-EGARCH(S),0.3389085384106167,4.557896722524622,S,2011-02-10
JNPR,JNPR.W^E14,2011-03-23,ESG-GARCH,0.329027818812203,4.296004188583964,all,2011-02-10
JNPR,JNPR.W^E14,2011-03-23,ESG-GARCH(E),0.329027818812202,4.296004188583938,E,2011-02-10
JNPR,JNPR.W^E14,2011-03-23,ESG-GARCH(G),0.3290278188122023,4.296004188583947,G,2011-02-10
JNPR,JNPR.W^E14,2011-03-23,ESG-GARCH(S),0.3290278188122019,4.296004188583936,S,2011-02-10
JNPR,JNPR.W^E14,2011-03-23,ESG-GJR-GARCH,0.3399138971937148,4.584978472437275,all,2011-02-10
JNPR,JNPR.W^E14,2011-03-23,ESG-GJR-GARCH(E),0.3399138971937148,4.584978472437275,E,2011-02-10
JNPR,JNPR.W^E14,2011-03-23,ESG-GJR-GARCH(G),0.3399138971937148,4.584978472437273,G,2011-02-10
JNPR,JNPR.W^E14,2011-03-23,ESG-GJR-GARCH(S),0.3399138971937147,4.584978472437272,S,2011-02-10
JNPR,JNPR.W^E14,2011-03-23,GARCH,0.32902611306018,4.295959645852792,,2011-02-10
JNPR,JNPR.W^E14,2011-03-23,GJR-GARCH,0.3358528928849886,4.476078002349828,,2011-02-10
JNPR,JNPR.W^E14,2011-03-31,EGARCH,0.3489281329194563,4.831382616772134,,2011-03-31
JNPR,JNPR.W^E14,2011-03-31,ESG-EGARCH,0.3455141676384309,4.737303176145943,all,2011-03-31
JNPR,JNPR.W^E14,2011-03-31,ESG-EGARCH(E),0.3455141676384315,4.73730317614596,E,2011-03-31
JNPR,JNPR.W^E14,2011-03-31,ESG-EGARCH(G),0.3455141676384315,4.737303176145959,G,2011-03-31
JNPR,JNPR.W^E14,2011-03-31,ESG-EGARCH(S),0.3455141676384314,4.737303176145956,S,2011-03-31
JNPR,JNPR.W^E14,2011-03-31,ESG-GARCH,0.3329842331239351,4.399940456711713,all,2011-03-31
JNPR,JNPR.W^E14,2011-03-31,ESG-GARCH(E),0.3329842331239349,4.399940456711707,E,2011-03-31
JNPR,JNPR.W^E14,2011-03-31,ESG-GARCH(G),0.3329842331239346,4.3999404567117,G,2011-03-31
JNPR,JNPR.W^E14,2011-03-31,ESG-GARCH(S),0.3329842331239344,4.399940456711693,S,2011-03-31
JNPR,JNPR.W^E14,2011-03-31,ESG-GJR-GARCH,0.3320306930244055,4.374777028185199,all,2011-03-31
JNPR,JNPR.W^E14,2011-03-31,ESG-GJR-GARCH(E),0.3320306930244054,4.374777028185198,E,2011-03-31
JNPR,JNPR.W^E14,2011-03-31,ESG-GJR-GARCH(G),0.3320306930244051,4.374777028185188,G,2011-03-31
JNPR,JNPR.W^E14,2011-03-31,ESG-GJR-GARCH(S),0.3320306930244051,4.374777028185188,S,2011-03-31
JNPR,JNPR.W^E14,2011-03-31,GARCH,0.3329836848418651,4.399925967097879,,2011-03-31
JNPR,JNPR.W^E14,2011-03-31,GJR-GARCH,0.3296395147444424,4.311992447656805,,2011-03-31
JNPR,JNPR.W^E14,2011-04-01,EGARCH,0.3489281329194563,4.831382616772134,,2011-03-31
JNPR,JNPR.W^E14,2011-04-01,ESG-EGARCH,0.3455141676384309,4.737303176145943,all,2011-03-31
JNPR,JNPR.W^E14,2011-04-01,ESG-EGARCH(E),0.3455141676384315,4.73730317614596,E,2011-03-31
JNPR,JNPR.W^E14,2011-04-01,ESG-EGARCH(G),0.3455141676384315,4.737303176145959,G,2011-03-31
JNPR,JNPR.W^E14,2011-04-01,ESG-EGARCH(S),0.3455141676384314,4.737303176145956,S,2011-03-31
JNPR,JNPR.W^E14,2011-04-01,ESG-GARCH,0.3329842331239351,4.399940456711713,all,2011-03-31
JNPR,JNPR.W^E14,2011-04-01,ESG-GARCH(E),0.3329842331239349,4.399940456711707,E,2011-03-31
JNPR,JNPR.W^E14,2011-04-01,ESG-GARCH(G),0.3329842331239346,4.3999404567117,G,2011-03-31
JNPR,JNPR.W^E14,2011-04-01,ESG-GARCH(S),0.3329842331239344,4.399940456711693,S,2011-03-31
JNPR,JNPR.W^E14,2011-04-01,ESG-GJR-GARCH,0.3320306930244055,4.374777028185199,all,2011-03-31
JNPR,JNPR.W^E14,2011-04-01,ESG-GJR-GARCH(E),0.3320306930244054,4.374777028185198,E,2011-03-31
JNPR,JNPR.W^E14,2011-04-01,ESG-GJR-GARCH(G),0.3320306930244051,4.374777028185188,G,2011-03-31
JNPR,JNPR.W^E14,2011-04-01,ESG-GJR-GARCH(S),0.3320306930244051,4.374777028185188,S,2011-03-31
JNPR,JNPR.W^E14,2011-04-01,GARCH,0.3329836848418651,4.399925967097879,,2011-03-31
JNPR,JNPR.W^E14,2011-04-01,GJR-GARCH,0.3296395147444424,4.311992447656805,,2011-03-31
JNPR,JNPR.W^E14,2011-04-07,EGARCH,0.3489281329194563,4.831382616772134,,2011-03-31
JNPR,JNPR.W^E14,2011-04-07,ESG-EGARCH,0.3455141676384309,4.737303176145943,all,2011-03-31
JNPR,JNPR.W^E14,2011-04-07,ESG-EGARCH(E),0.3455141676384315,4.73730317614596,E,2011-03-31
JNPR,JNPR.W^E14,2011-04-07,ESG-EGARCH(G),0.3455141676384315,4.737303176145959,G,2011-03-31
JNPR,JNPR.W^E14,2011-04-07,ESG-EGARCH(S),0.3455141676384314,4.737303176145956,S,2011-03-31
JNPR,JNPR.W^E14,2011-04-07,ESG-GARCH,0.3329842331239351,4.399940456711713,all,2011-03-31
JNPR,JNPR.W^E14,2011-04-07,ESG-GARCH(E),0.3329842331239349,4.399940456711707,E,2011-03-31
JNPR,JNPR.W^E14,2011-04-07,ESG-GARCH(G),0.3329842331239346,4.3999404567117,G,2011-03-31
JNPR,JNPR.W^E14,2011-04-07,ESG-GARCH(S),0.3329842331239344,4.399940456711693,S,2011-03-31
JNPR,JNPR.W^E14,2011-04-07,ESG-GJR-GARCH,0.3320306930244055,4.374777028185199,all,2011-03-31
JNPR,JNPR.W^E14,2011-04-07,ESG-GJR-GARCH(E),0.3320306930244054,4.374777028185198,E,2011-03-31
JNPR,JNPR.W^E14,2011-04-07,ESG-GJR-GARCH(G),0.3320306930244051,4.374777028185188,G,2011-03-31
JNPR,JNPR.W^E14,2011-04-07,ESG-GJR-GARCH(S),0.3320306930244051,4.374777028185188,S,2011-03-31
JNPR,JNPR.W^E14,2011-04-07,GARCH,0.3329836848418651,4.399925967097879,,2011-03-31
JNPR,JNPR.W^E14,2011-04-07,GJR-GARCH,0.3296395147444424,4.311992447656805,,2011-03-31
JNPR,JNPR.W^E14,2011-04-08,EGARCH,0.3489281329194563,4.831382616772134,,2011-03-31
JNPR,JNPR.W^E14,2011-04-08,ESG-EGARCH,0.3455141676384309,4.737303176145943,all,2011-03-31
JNPR,JNPR.W^E14,2011-04-08,ESG-EGARCH(E),0.3455141676384315,4.73730317614596,E,2011-03-31
JNPR,JNPR.W^E14,2011-04-08,ESG-EGARCH(G),0.3455141676384315,4.737303176145959,G,2011-03-31
JNPR,JNPR.W^E14,2011-04-08,ESG-EGARCH(S),0.3455141676384314,4.737303176145956,S,2011-03-31
JNPR,JNPR.W^E14,2011-04-08,ESG-GARCH,0.3329842331239351,4.399940456711713,all,2011-03-31
JNPR,JNPR.W^E14,2011-04-08,ESG-GARCH(E),0.3329842331239349,4.399940456711707,E,2011-03-31
JNPR,JNPR.W^E14,2011-04-08,ESG-GARCH(G),0.3329842331239346,4.3999404567117,G,2011-03-31
JNPR,JNPR.W^E14,2011-04-08,ESG-GARCH(S),0.3329842331239344,4.399940456711693,S,2011-03-31
JNPR,JNPR.W^E14,2011-04-08,ESG-GJR-GARCH,0.3320306930244055,4.374777028185199,all,2011-03-31
JNPR,JNPR.W^E14,2011-04-08,ESG-GJR-GARCH(E),0.3320306930244054,4.374777028185198,E,2011-03-31
JNPR,JNPR.W^E14,2011-04-08,ESG-GJR-GARCH(G),0.3320306930244051,4.374777028185188,G,2011-03-31
JNPR,JNPR.W^E14,2011-04-08,ESG-GJR-GARCH(S),0.3320306930244051,4.374777028185188,S,2011-03-31
JNPR,JNPR.W^E14,2011-04-08,GARCH,0.3329836848418651,4.399925967097879,,2011-03-31
JNPR,JNPR.W^E14,2011-04-08,GJR-GARCH,0.3296395147444424,4.311992447656805,,2011-03-31
JNPR,JNPR.W^E14,2011-04-13,EGARCH,0.3489281329194563,4.831382616772134,,2011-03-31
JNPR,JNPR.W^E14,2011-04-13,ESG-EGARCH,0.3455141676384309,4.737303176145943,all,2011-03-31
JNPR,JNPR.W^E14,2011-04-13,ESG-EGARCH(E),0.3455141676384315,4.73730317614596,E,2011-03-31
JNPR,JNPR.W^E14,2011-04-13,ESG-EGARCH(G),0.3455141676384315,4.737303176145959,G,2011-03-31
JNPR,JNPR.W^E14,2011-04-13,ESG-EGARCH(S),0.3455141676384314,4.737303176145956,S,2011-03-31
JNPR,JNPR.W^E14,2011-04-13,ESG-GARCH,0.3329842331239351,4.399940456711713,all,2011-03-31
JNPR,JNPR.W^E14,2011-04-13,ESG-GARCH(E),0.3329842331239349,4.399940456711707,E,2011-03-31
JNPR,JNPR.W^E14,2011-04-13,ESG-GARCH(G),0.3329842331239346,4.3999404567117,G,2011-03-31
JNPR,JNPR.W^E14,2011-04-13,ESG-GARCH(S),0.3329842331239344,4.399940456711693,S,2011-03-31
JNPR,JNPR.W^E14,2011-04-13,ESG-GJR-GARCH,0.3320306930244055,4.374777028185199,all,2011-03-31
JNPR,JNPR.W^E14,2011-04-13,ESG-GJR-GARCH(E),0.3320306930244054,4.374777028185198,E,2011-03-31
JNPR,JNPR.W^E14,2011-04-13,ESG-GJR-GARCH(G),0.3320306930244051,4.374777028185188,G,2011-03-31
JNPR,JNPR.W^E14,2011-04-13,ESG-GJR-GARCH(S),0.3320306930244051,4.374777028185188,S,2011-03-31
JNPR,JNPR.W^E14,2011-04-13,GARCH,0.3329836848418651,4.399925967097879,,2011-03-31
JNPR,JNPR.W^E14,2011-04-13,GJR-GARCH,0.3296395147444424,4.311992447656805,,2011-03-31
JNPR,JNPR.W^E14,2011-04-14,EGARCH,0.3489281329194563,4.831382616772134,,2011-03-31
JNPR,JNPR.W^E14,2011-04-14,ESG-EGARCH,0.3455141676384309,4.737303176145943,all,2011-03-31
JNPR,JNPR.W^E14,2011-04-14,ESG-EGARCH(E),0.3455141676384315,4.73730317614596,E,2011-03-31
JNPR,JNPR.W^E14,2011-04-14,ESG-EGARCH(G),0.3455141676384315,4.737303176145959,G,2011-03-31
JNPR,JNPR.W^E14,2011-04-14,ESG-EGARCH(S),0.3455141676384314,4.737303176145956,S,2011-03-31
JNPR,JNPR.W^E14,2011-04-14,ESG-GARCH,0.3329842331239351,4.399940456711713,all,2011-03-31
JNPR,JNPR.W^E14,2011-04-14,ESG-GARCH(E),0.3329842331239349,4.399940456711707,E,2011-03-31
JNPR,JNPR.W^E14,2011-04-14,ESG-GARCH(G),0.3329842331239346,4.3999404567117,G,2011-03-31
JNPR,JNPR.W^E14,2011-04-14,ESG-GARCH(S),0.3329842331239344,4.399940456711693,S,2011-03-31
JNPR,JNPR.W^E14,2011-04-14,ESG-GJR-GARCH,0.3320306930244055,4.374777028185199,all,2011-03-31
JNPR,JNPR.W^E14,2011-04-14,ESG-GJR-GARCH(E),0.3320306930244054,4.374777028185198,E,2011-03-31
JNPR,JNPR.W^E14,2011-04-14,ESG-GJR-GARCH(G),0.3320306930244051,4.374777028185188,G,2011-03-31
JNPR,JNPR.W^E14,2011-04-14,ESG-GJR-GARCH(S),0.3320306930244051,4.374777028185188,S,2011-03-31
JNPR,JNPR.W^E14,2011-04-14,GARCH,0.3329836848418651,4.399925967097879,,2011-03-31
JNPR,JNPR.W^E14,2011-04-14,GJR-GARCH,0.3296395147444424,4.311992447656805,,2011-03-31
JNPR,JNPR.W^E14,2011-04-27,EGARCH,0.3489281329194563,4.831382616772134,,2011-03-31
JNPR,JNPR.W^E14,2011-04-27,ESG-EGARCH,0.3455141676384309,4.737303176145943,all,2011-03-31
JNPR,JNPR.W^E14,2011-04-27,ESG-EGARCH(E),0.3455141676384315,4.73730317614596,E,2011-03-31
JNPR,JNPR.W^E14,2011-04-27,ESG-EGARCH(G),0.3455141676384315,4.737303176145959,G,2011-03-31
JNPR,JNPR.W^E14,2011-04-27,ESG-EGARCH(S),0.3455141676384314,4.737303176145956,S,2011-03-31
JNPR,JNPR.W^E14,2011-04-27,ESG-GARCH,0.3329842331239351,4.399940456711713,all,2011-03-31
JNPR,JNPR.W^E14,2011-04-27,ESG-GARCH(E),0.3329842331239349,4.399940456711707,E,2011-03-31
JNPR,JNPR.W^E14,2011-04-27,ESG-GARCH(G),0.3329842331239346,4.3999404567117,G,2011-03-31
JNPR,JNPR.W^E14,2011-04-27,ESG-GARCH(S),0.3329842331239344,4.399940456711693,S,2011-03-31
JNPR,JNPR.W^E14,2011-04-27,ESG-GJR-GARCH,0.3320306930244055,4.374777028185199,all,2011-03-31
JNPR,JNPR.W^E14,2011-04-27,ESG-GJR-GARCH(E),0.3320306930244054,4.374777028185198,E,2011-03-31
JNPR,JNPR.W^E14,2011-04-27,ESG-GJR-GARCH(G),0.3320306930244051,4.374777028185188,G,2011-03-31
JNPR,JNPR.W^E14,2011-04-27,ESG-GJR-GARCH(S),0.3320306930244051,4.374777028185188,S,2011-03-31
JNPR,JNPR.W^E14,2011-04-27,GARCH,0.3329836848418651,4.399925967097879,,2011-03-31
JNPR,JNPR.W^E14,2011-04-27,GJR-GARCH,0.3296395147444424,4.311992447656805,,2011-03-31
JNPR,JNPR.W^E14,2011-05-17,EGARCH,0.3489281329194563,4.831382616772134,,2011-03-31
JNPR,JNPR.W^E14,2011-05-17,ESG-EGARCH,0.3455141676384309,4.737303176145943,all,2011-03-31
JNPR,JNPR.W^E14,2011-05-17,ESG-EGARCH(E),0.3455141676384315,4.73730317614596,E,2011-03-31
JNPR,JNPR.W^E14,2011-05-17,ESG-EGARCH(G),0.3455141676384315,4.737303176145959,G,2011-03-31
JNPR,JNPR.W^E14,2011-05-17,ESG-EGARCH(S),0.3455141676384314,4.737303176145956,S,2011-03-31
JNPR,JNPR.W^E14,2011-05-17,ESG-GARCH,0.3329842331239351,4.399940456711713,all,2011-03-31
JNPR,JNPR.W^E14,2011-05-17,ESG-GARCH(E),0.3329842331239349,4.399940456711707,E,2011-03-31
JNPR,JNPR.W^E14,2011-05-17,ESG-GARCH(G),0.3329842331239346,4.3999404567117,G,2011-03-31
JNPR,JNPR.W^E14,2011-05-17,ESG-GARCH(S),0.3329842331239344,4.399940456711693,S,2011-03-31
JNPR,JNPR.W^E14,2011-05-17,ESG-GJR-GARCH,0.3320306930244055,4.374777028185199,all,2011-03-31
JNPR,JNPR.W^E14,2011-05-17,ESG-GJR-GARCH(E),0.3320306930244054,4.374777028185198,E,2011-03-31
JNPR,JNPR.W^E14,2011-05-17,ESG-GJR-GARCH(G),0.3320306930244051,4.374777028185188,G,2011-03-31
JNPR,JNPR.W^E14,2011-05-17,ESG-GJR-GARCH(S),0.3320306930244051,4.374777028185188,S,2011-03-31
JNPR,JNPR.W^E14,2011-05-17,GARCH,0.3329836848418651,4.399925967097879,,2011-03-31
JNPR,JNPR.W^E14,2011-05-17,GJR-GARCH,0.3296395147444424,4.311992447656805,,2011-03-31
JNPR,JNPR.W^E14,2011-05-25,EGARCH,0.3489281329194563,4.831382616772134,,2011-03-31
JNPR,JNPR.W^E14,2011-05-25,ESG-EGARCH,0.3455141676384309,4.737303176145943,all,2011-03-31
JNPR,JNPR.W^E14,2011-05-25,ESG-EGARCH(E),0.3455141676384315,4.73730317614596,E,2011-03-31
JNPR,JNPR.W^E14,2011-05-25,ESG-EGARCH(G),0.3455141676384315,4.737303176145959,G,2011-03-31
JNPR,JNPR.W^E14,2011-05-25,ESG-EGARCH(S),0.3455141676384314,4.737303176145956,S,2011-03-31
JNPR,JNPR.W^E14,2011-05-25,ESG-GARCH,0.3329842331239351,4.399940456711713,all,2011-03-31
JNPR,JNPR.W^E14,2011-05-25,ESG-GARCH(E),0.3329842331239349,4.399940456711707,E,2011-03-31
JNPR,JNPR.W^E14,2011-05-25,ESG-GARCH(G),0.3329842331239346,4.3999404567117,G,2011-03-31
JNPR,JNPR.W^E14,2011-05-25,ESG-GARCH(S),0.3329842331239344,4.399940456711693,S,2011-03-31
JNPR,JNPR.W^E14,2011-05-25,ESG-GJR-GARCH,0.3320306930244055,4.374777028185199,all,2011-03-31
JNPR,JNPR.W^E14,2011-05-25,ESG-GJR-GARCH(E),0.3320306930244054,4.374777028185198,E,2011-03-31
JNPR,JNPR.W^E14,2011-05-25,ESG-GJR-GARCH(G),0.3320306930244051,4.374777028185188,G,2011-03-31
JNPR,JNPR.W^E14,2011-05-25,ESG-GJR-GARCH(S),0.3320306930244051,4.374777028185188,S,2011-03-31
JNPR,JNPR.W^E14,2011-05-25,GARCH,0.3329836848418651,4.399925967097879,,2011-03-31
JNPR,JNPR.W^E14,2011-05-25,GJR-GARCH,0.3296395147444424,4.311992447656805,,2011-03-31
JNPR,JNPR.W^E14,2011-05-31,EGARCH,0.3489281329194563,4.831382616772134,,2011-03-31
JNPR,JNPR.W^E14,2011-05-31,ESG-EGARCH,0.3455141676384309,4.737303176145943,all,2011-03-31
JNPR,JNPR.W^E14,2011-05-31,ESG-EGARCH(E),0.3455141676384315,4.73730317614596,E,2011-03-31
JNPR,JNPR.W^E14,2011-05-31,ESG-EGARCH(G),0.3455141676384315,4.737303176145959,G,2011-03-31
JNPR,JNPR.W^E14,2011-05-31,ESG-EGARCH(S),0.3455141676384314,4.737303176145956,S,2011-03-31
JNPR,JNPR.W^E14,2011-05-31,ESG-GARCH,0.3329842331239351,4.399940456711713,all,2011-03-31
JNPR,JNPR.W^E14,2011-05-31,ESG-GARCH(E),0.3329842331239349,4.399940456711707,E,2011-03-31
JNPR,JNPR.W^E14,2011-05-31,ESG-GARCH(G),0.3329842331239346,4.3999404567117,G,2011-03-31
JNPR,JNPR.W^E14,2011-05-31,ESG-GARCH(S),0.3329842331239344,4.399940456711693,S,2011-03-31
JNPR,JNPR.W^E14,2011-05-31,ESG-GJR-GARCH,0.3320306930244055,4.374777028185199,all,2011-03-31
JNPR,JNPR.W^E14,2011-05-31,ESG-GJR-GARCH(E),0.3320306930244054,4.374777028185198,E,2011-03-31
JNPR,JNPR.W^E14,2011-05-31,ESG-GJR-GARCH(G),0.3320306930244051,4.374777028185188,G,2011-03-31
JNPR,JNPR.W^E14,2011-05-31,ESG-GJR-GARCH(S),0.3320306930244051,4.374777028185188,S,2011-03-31
JNPR,JNPR.W^E14,2011-05-31,GARCH,0.3329836848418651,4.399925967097879,,2011-03-31
JNPR,JNPR.W^E14,2011-05-31,GJR-GARCH,0.3296395147444424,4.311992447656805,,2011-03-31
JNPR,JNPR.W^E14,2011-06-01,EGARCH,0.3489281329194563,4.831382616772134,,2011-03-31
JNPR,JNPR.W^E14,2011-06-01,ESG-EGARCH,0.3455141676384309,4.737303176145943,all,2011-03-31
JNPR,JNPR.W^E14,2011-06-01,ESG-EGARCH(E),0.3455141676384315,4.73730317614596,E,2011-03-31
JNPR,JNPR.W^E14,2011-06-01,ESG-EGARCH(G),0.3455141676384315,4.737303176145959,G,2011-03-31
JNPR,JNPR.W^E14,2011-06-01,ESG-EGARCH(S),0.3455141676384314,4.737303176145956,S,2011-03-31
JNPR,JNPR.W^E14,2011-06-01,ESG-GARCH,0.3329842331239351,4.399940456711713,all,2011-03-31
JNPR,JNPR.W^E14,2011-06-01,ESG-GARCH(E),0.3329842331239349,4.399940456711707,E,2011-03-31
JNPR,JNPR.W^E14,2011-06-01,ESG-GARCH(G),0.3329842331239346,4.3999404567117,G,2011-03-31
JNPR,JNPR.W^E14,2011-06-01,ESG-GARCH(S),0.3329842331239344,4.399940456711693,S,2011-03-31
JNPR,JNPR.W^E14,2011-06-01,ESG-GJR-GARCH,0.3320306930244055,4.374777028185199,all,2011-03-31
JNPR,JNPR.W^E14,2011-06-01,ESG-GJR-GARCH(E),0.3320306930244054,4.374777028185198,E,2011-03-31
JNPR,JNPR.W^E14,2011-06-01,ESG-GJR-GARCH(G),0.3320306930244051,4.374777028185188,G,2011-03-31
JNPR,JNPR.W^E14,2011-06-01,ESG-GJR-GARCH(S),0.3320306930244051,4.374777028185188,S,2011-03-31
JNPR,JNPR.W^E14,2011-06-01,GARCH,0.3329836848418651,4.399925967097879,,2011-03-31
JNPR,JNPR.W^E14,2011-06-01,GJR-GARCH,0.3296395147444424,4.311992447656805,,2011-03-31
JNPR,JNPR.W^E14,2011-06-02,EGARCH,0.3489281329194563,4.831382616772134,,2011-03-31
JNPR,JNPR.W^E14,2011-06-02,ESG-EGARCH,0.3455141676384309,4.737303176145943,all,2011-03-31
JNPR,JNPR.W^E14,2011-06-02,ESG-EGARCH(E),0.3455141676384315,4.73730317614596,E,2011-03-31
JNPR,JNPR.W^E14,2011-06-02,ESG-EGARCH(G),0.3455141676384315,4.737303176145959,G,2011-03-31
JNPR,JNPR.W^E14,2011-06-02,ESG-EGARCH(S),0.3455141676384314,4.737303176145956,S,2011-03-31
JNPR,JNPR.W^E14,2011-06-02,ESG-GARCH,0.3329842331239351,4.399940456711713,all,2011-03-31
JNPR,JNPR.W^E14,2011-06-02,ESG-GARCH(E),0.3329842331239349,4.399940456711707,E,2011-03-31
JNPR,JNPR.W^E14,2011-06-02,ESG-GARCH(G),0.3329842331239346,4.3999404567117,G,2011-03-31
JNPR,JNPR.W^E14,2011-06-02,ESG-GARCH(S),0.3329842331239344,4.399940456711693,S,2011-03-31
JNPR,JNPR.W^E14,2011-06-02,ESG-GJR-GARCH,0.3320306930244055,4.374777028185199,all,2011-03-31
JNPR,JNPR.W^E14,2011-06-02,ESG-GJR-GARCH(E),0.3320306930244054,4.374777028185198,E,2011-03-31
JNPR,JNPR.W^E14,2011-06-02,ESG-GJR-GARCH(G),0.3320306930244051,4.374777028185188,G,2011-03-31
JNPR,JNPR.W^E14,2011-06-02,ESG-GJR-GARCH(S),0.3320306930244051,4.374777028185188,S,2011-03-31
JNPR,JNPR.W^E14,2011-06-02,GARCH,0.3329836848418651,4.399925967097879,,2011-03-31
JNPR,JNPR.W^E14,2011-06-02,GJR-GARCH,0.3296395147444424,4.311992447656805,,2011-03-31
JNPR,JNPR.W^E14,2011-06-14,EGARCH,0.3489281329194563,4.831382616772134,,2011-03-31
JNPR,JNPR.W^E14,2011-06-14,ESG-EGARCH,0.3455141676384309,4.737303176145943,all,2011-03-31
JNPR,JNPR.W^E14,2011-06-14,ESG-EGARCH(E),0.3455141676384315,4.73730317614596,E,2011-03-31
JNPR,JNPR.W^E14,2011-06-14,ESG-EGARCH(G),0.3455141676384315,4.737303176145959,G,2011-03-31
JNPR,JNPR.W^E14,2011-06-14,ESG-EGARCH(S),0.3455141676384314,4.737303176145956,S,2011-03-31
JNPR,JNPR.W^E14,2011-06-14,ESG-GARCH,0.3329842331239351,4.399940456711713,all,2011-03-31
JNPR,JNPR.W^E14,2011-06-14,ESG-GARCH(E),0.3329842331239349,4.399940456711707,E,2011-03-31
JNPR,JNPR.W^E14,2011-06-14,ESG-GARCH(G),0.3329842331239346,4.3999404567117,G,2011-03-31
JNPR,JNPR.W^E14,2011-06-14,ESG-GARCH(S),0.3329842331239344,4.399940456711693,S,2011-03-31
JNPR,JNPR.W^E14,2011-06-14,ESG-GJR-GARCH,0.3320306930244055,4.374777028185199,all,2011-03-31
JNPR,JNPR.W^E14,2011-06-14,ESG-GJR-GARCH(E),0.3320306930244054,4.374777028185198,E,2011-03-31
JNPR,JNPR.W^E14,2011-06-14,ESG-GJR-GARCH(G),0.3320306930244051,4.374777028185188,G,2011-03-31
JNPR,JNPR.W^E14,2011-06-14,ESG-GJR-GARCH(S),0.3320306930244051,4.374777028185188,S,2011-03-31
JNPR,JNPR.W^E14,2011-06-14,GARCH,0.3329836848418651,4.399925967097879,,2011-03-31
JNPR,JNPR.W^E14,2011-06-14,GJR-GARCH,0.3296395147444424,4.311992447656805,,2011-03-31
JNPR,JNPR.W^E14,2011-07-27,EGARCH,0.3489281329194563,4.831382616772134,,2011-03-31
JNPR,JNPR.W^E14,2011-07-27,ESG-EGARCH,0.3455141676384309,4.737303176145943,all,2011-03-31
JNPR,JNPR.W^E14,2011-07-27,ESG-EGARCH(E),0.3455141676384315,4.73730317614596,E,2011-03-31
JNPR,JNPR.W^E14,2011-07-27,ESG-EGARCH(G),0.3455141676384315,4.737303176145959,G,2011-03-31
JNPR,JNPR.W^E14,2011-07-27,ESG-EGARCH(S),0.3455141676384314,4.737303176145956,S,2011-03-31
JNPR,JNPR.W^E14,2011-07-27,ESG-GARCH,0.3329842331239351,4.399940456711713,all,2011-03-31
JNPR,JNPR.W^E14,2011-07-27,ESG-GARCH(E),0.3329842331239349,4.399940456711707,E,2011-03-31
JNPR,JNPR.W^E14,2011-07-27,ESG-GARCH(G),0.3329842331239346,4.3999404567117,G,2011-03-31
JNPR,JNPR.W^E14,2011-07-27,ESG-GARCH(S),0.3329842331239344,4.399940456711693,S,2011-03-31
JNPR,JNPR.W^E14,2011-07-27,ESG-GJR-GARCH,0.3320306930244055,4.374777028185199,all,2011-03-31
JNPR,JNPR.W^E14,2011-07-27,ESG-GJR-GARCH(E),0.3320306930244054,4.374777028185198,E,2011-03-31
JNPR,JNPR.W^E14,2011-07-27,ESG-GJR-GARCH(G),0.3320306930244051,4.374777028185188,G,2011-03-31
JNPR,JNPR.W^E14,2011-07-27,ESG-GJR-GARCH(S),0.3320306930244051,4.374777028185188,S,2011-03-31
JNPR,JNPR.W^E14,2011-07-27,GARCH,0.3329836848418651,4.399925967097879,,2011-03-31
JNPR,JNPR.W^E14,2011-07-27,GJR-GARCH,0.3296395147444424,4.311992447656805,,2011-03-31
JNPR,JNPR.W^E14,2011-07-28,EGARCH,0.3489281329194563,4.831382616772134,,2011-03-31
JNPR,JNPR.W^E14,2011-07-28,ESG-EGARCH,0.3455141676384309,4.737303176145943,all,2011-03-31
JNPR,JNPR.W^E14,2011-07-28,ESG-EGARCH(E),0.3455141676384315,4.73730317614596,E,2011-03-31
JNPR,JNPR.W^E14,2011-07-28,ESG-EGARCH(G),0.3455141676384315,4.737303176145959,G,2011-03-31
JNPR,JNPR.W^E14,2011-07-28,ESG-EGARCH(S),0.3455141676384314,4.737303176145956,S,2011-03-31
JNPR,JNPR.W^E14,2011-07-28,ESG-GARCH,0.3329842331239351,4.399940456711713,all,2011-03-31
JNPR,JNPR.W^E14,2011-07-28,ESG-GARCH(E),0.3329842331239349,4.399940456711707,E,2011-03-31
JNPR,JNPR.W^E14,2011-07-28,ESG-GARCH(G),0.3329842331239346,4.3999404567117,G,2011-03-31
JNPR,JNPR.W^E14,2011-07-28,ESG-GARCH(S),0.3329842331239344,4.399940456711693,S,2011-03-31
JNPR,JNPR.W^E14,2011-07-28,ESG-GJR-GARCH,0.3320306930244055,4.374777028185199,all,2011-03-31
JNPR,JNPR.W^E14,2011-07-28,ESG-GJR-GARCH(E),0.3320306930244054,4.374777028185198,E,2011-03-31
JNPR,JNPR.W^E14,2011-07-28,ESG-GJR-GARCH(G),0.3320306930244051,4.374777028185188,G,2011-03-31
JNPR,JNPR.W^E14,2011-07-28,ESG-GJR-GARCH(S),0.3320306930244051,4.374777028185188,S,2011-03-31
JNPR,JNPR.W^E14,2011-07-28,GARCH,0.3329836848418651,4.399925967097879,,2011-03-31
JNPR,JNPR.W^E14,2011-07-28,GJR-GARCH,0.3296395147444424,4.311992447656805,,2011-03-31
JNPR,JNPR.W^E14,2011-07-29,EGARCH,0.3489281329194563,4.831382616772134,,2011-03-31
JNPR,JNPR.W^E14,2011-07-29,ESG-EGARCH,0.3455141676384309,4.737303176145943,all,2011-03-31
JNPR,JNPR.W^E14,2011-07-29,ESG-EGARCH(E),0.3455141676384315,4.73730317614596,E,2011-03-31
JNPR,JNPR.W^E14,2011-07-29,ESG-EGARCH(G),0.3455141676384315,4.737303176145959,G,2011-03-31
JNPR,JNPR.W^E14,2011-07-29,ESG-EGARCH(S),0.3455141676384314,4.737303176145956,S,2011-03-31
JNPR,JNPR.W^E14,2011-07-29,ESG-GARCH,0.3329842331239351,4.399940456711713,all,2011-03-31
JNPR,JNPR.W^E14,2011-07-29,ESG-GARCH(E),0.3329842331239349,4.399940456711707,E,2011-03-31
JNPR,JNPR.W^E14,2011-07-29,ESG-GARCH(G),0.3329842331239346,4.3999404567117,G,2011-03-31
JNPR,JNPR.W^E14,2011-07-29,ESG-GARCH(S),0.3329842331239344,4.399940456711693,S,2011-03-31
JNPR,JNPR.W^E14,2011-07-29,ESG-GJR-GARCH,0.3320306930244055,4.374777028185199,all,2011-03-31
JNPR,JNPR.W^E14,2011-07-29,ESG-GJR-GARCH(E),0.3320306930244054,4.374777028185198,E,2011-03-31
JNPR,JNPR.W^E14,2011-07-29,ESG-GJR-GARCH(G),0.3320306930244051,4.374777028185188,G,2011-03-31
JNPR,JNPR.W^E14,2011-07-29,ESG-GJR-GARCH(S),0.3320306930244051,4.374777028185188,S,2011-03-31
JNPR,JNPR.W^E14,2011-07-29,GARCH,0.3329836848418651,4.399925967097879,,2011-03-31
JNPR,JNPR.W^E14,2011-07-29,GJR-GARCH,0.3296395147444424,4.311992447656805,,2011-03-31
JNPR,JNPR.W^E14,2011-08-03,EGARCH,0.3489281329194563,4.831382616772134,,2011-03-31
JNPR,JNPR.W^E14,2011-08-03,ESG-EGARCH,0.3455141676384309,4.737303176145943,all,2011-03-31
JNPR,JNPR.W^E14,2011-08-03,ESG-EGARCH(E),0.3455141676384315,4.73730317614596,E,2011-03-31
JNPR,JNPR.W^E14,2011-08-03,ESG-EGARCH(G),0.3455141676384315,4.737303176145959,G,2011-03-31
JNPR,JNPR.W^E14,2011-08-03,ESG-EGARCH(S),0.3455141676384314,4.737303176145956,S,2011-03-31
JNPR,JNPR.W^E14,2011-08-03,ESG-GARCH,0.3329842331239351,4.399940456711713,all,2011-03-31
JNPR,JNPR.W^E14,2011-08-03,ESG-GARCH(E),0.3329842331239349,4.399940456711707,E,2011-03-31
JNPR,JNPR.W^E14,2011-08-03,ESG-GARCH(G),0.3329842331239346,4.3999404567117,G,2011-03-31
JNPR,JNPR.W^E14,2011-08-03,ESG-GARCH(S),0.3329842331239344,4.399940456711693,S,2011-03-31
JNPR,JNPR.W^E14,2011-08-03,ESG-GJR-GARCH,0.3320306930244055,4.374777028185199,all,2011-03-31
JNPR,JNPR.W^E14,2011-08-03,ESG-GJR-GARCH(E),0.3320306930244054,4.374777028185198,E,2011-03-31
JNPR,JNPR.W^E14,2011-08-03,ESG-GJR-GARCH(G),0.3320306930244051,4.374777028185188,G,2011-03-31
JNPR,JNPR.W^E14,2011-08-03,ESG-GJR-GARCH(S),0.3320306930244051,4.374777028185188,S,2011-03-31
JNPR,JNPR.W^E14,2011-08-03,GARCH,0.3329836848418651,4.399925967097879,,2011-03-31
JNPR,JNPR.W^E14,2011-08-03,GJR-GARCH,0.3296395147444424,4.311992447656805,,2011-03-31
JNPR,JNPR.W^E14,2011-08-11,EGARCH,0.3489281329194563,4.831382616772134,,2011-03-31
JNPR,JNPR.W^E14,2011-08-11,ESG-EGARCH,0.3455141676384309,4.737303176145943,all,2011-03-31
JNPR,JNPR.W^E14,2011-08-11,ESG-EGARCH(E),0.3455141676384315,4.73730317614596,E,2011-03-31
JNPR,JNPR.W^E14,2011-08-11,ESG-EGARCH(G),0.3455141676384315,4.737303176145959,G,2011-03-31
JNPR,JNPR.W^E14,2011-08-11,ESG-EGARCH(S),0.3455141676384314,4.737303176145956,S,2011-03-31
JNPR,JNPR.W^E14,2011-08-11,ESG-GARCH,0.3329842331239351,4.399940456711713,all,2011-03-31
JNPR,JNPR.W^E14,2011-08-11,ESG-GARCH(E),0.3329842331239349,4.399940456711707,E,2011-03-31
JNPR,JNPR.W^E14,2011-08-11,ESG-GARCH(G),0.3329842331239346,4.3999404567117,G,2011-03-31
JNPR,JNPR.W^E14,2011-08-11,ESG-GARCH(S),0.3329842331239344,4.399940456711693,S,2011-03-31
JNPR,JNPR.W^E14,2011-08-11,ESG-GJR-GARCH,0.3320306930244055,4.374777028185199,all,2011-03-31
JNPR,JNPR.W^E14,2011-08-11,ESG-GJR-GARCH(E),0.3320306930244054,4.374777028185198,E,2011-03-31
JNPR,JNPR.W^E14,2011-08-11,ESG-GJR-GARCH(G),0.3320306930244051,4.374777028185188,G,2011-03-31
JNPR,JNPR.W^E14,2011-08-11,ESG-GJR-GARCH(S),0.3320306930244051,4.374777028185188,S,2011-03-31
JNPR,JNPR.W^E14,2011-08-11,GARCH,0.3329836848418651,4.399925967097879,,2011-03-31
JNPR,JNPR.W^E14,2011-08-11,GJR-GARCH,0.3296395147444424,4.311992447656805,,2011-03-31
JNPR,JNPR.W^E14,2011-08-16,EGARCH,0.3489281329194563,4.831382616772134,,2011-03-31
JNPR,JNPR.W^E14,2011-08-16,ESG-EGARCH,0.3455141676384309,4.737303176145943,all,2011-03-31
JNPR,JNPR.W^E14,2011-08-16,ESG-EGARCH(E),0.3455141676384315,4.73730317614596,E,2011-03-31
JNPR,JNPR.W^E14,2011-08-16,ESG-EGARCH(G),0.3455141676384315,4.737303176145959,G,2011-03-31
JNPR,JNPR.W^E14,2011-08-16,ESG-EGARCH(S),0.3455141676384314,4.737303176145956,S,2011-03-31
JNPR,JNPR.W^E14,2011-08-16,ESG-GARCH,0.3329842331239351,4.399940456711713,all,2011-03-31
JNPR,JNPR.W^E14,2011-08-16,ESG-GARCH(E),0.3329842331239349,4.399940456711707,E,2011-03-31
JNPR,JNPR.W^E14,2011-08-16,ESG-GARCH(G),0.3329842331239346,4.3999404567117,G,2011-03-31
JNPR,JNPR.W^E14,2011-08-16,ESG-GARCH(S),0.3329842331239344,4.399940456711693,S,2011-03-31
JNPR,JNPR.W^E14,2011-08-16,ESG-GJR-GARCH,0.3320306930244055,4.374777028185199,all,2011-03-31
JNPR,JNPR.W^E14,2011-08-16,ESG-GJR-GARCH(E),0.3320306930244054,4.374777028185198,E,2011-03-31
JNPR,JNPR.W^E14,2011-08-16,ESG-GJR-GARCH(G),0.3320306930244051,4.374777028185188,G,2011-03-31
JNPR,JNPR.W^E14,2011-08-16,ESG-GJR-GARCH(S),0.3320306930244051,4.374777028185188,S,2011-03-31
JNPR,JNPR.W^E14,2011-08-16,GARCH,0.3329836848418651,4.399925967097879,,2011-03-31
JNPR,JNPR.W^E14,2011-08-16,GJR-GARCH,0.3296395147444424,4.311992447656805,,2011-03-31
JNPR,JNPR.W^E14,2011-08-23,EGARCH,0.3489281329194563,4.831382616772134,,2011-03-31
JNPR,JNPR.W^E14,2011-08-23,ESG-EGARCH,0.3455141676384309,4.737303176145943,all,2011-03-31
JNPR,JNPR.W^E14,2011-08-23,ESG-EGARCH(E),0.3455141676384315,4.73730317614596,E,2011-03-31
JNPR,JNPR.W^E14,2011-08-23,ESG-EGARCH(G),0.3455141676384315,4.737303176145959,G,2011-03-31
JNPR,JNPR.W^E14,2011-08-23,ESG-EGARCH(S),0.3455141676384314,4.737303176145956,S,2011-03-31
JNPR,JNPR.W^E14,2011-08-23,ESG-GARCH,0.3329842331239351,4.399940456711713,all,2011-03-31
JNPR,JNPR.W^E14,2011-08-23,ESG-GARCH(E),0.3329842331239349,4.399940456711707,E,2011-03-31
JNPR,JNPR.W^E14,2011-08-23,ESG-GARCH(G),0.3329842331239346,4.3999404567117,G,2011-03-31
JNPR,JNPR.W^E14,2011-08-23,ESG-GARCH(S),0.3329842331239344,4.399940456711693,S,2011-03-31
JNPR,JNPR.W^E14,2011-08-23,ESG-GJR-GARCH,0.3320306930244055,4.374777028185199,all,2011-03-31
JNPR,JNPR.W^E14,2011-08-23,ESG-GJR-GARCH(E),0.3320306930244054,4.374777028185198,E,2011-03-31
JNPR,JNPR.W^E14,2011-08-23,ESG-GJR-GARCH(G),0.3320306930244051,4.374777028185188,G,2011-03-31
JNPR,JNPR.W^E14,2011-08-23,ESG-GJR-GARCH(S),0.3320306930244051,4.374777028185188,S,2011-03-31
JNPR,JNPR.W^E14,2011-08-23,GARCH,0.3329836848418651,4.399925967097879,,2011-03-31
JNPR,JNPR.W^E14,2011-08-23,GJR-GARCH,0.3296395147444424,4.311992447656805,,2011-03-31
JNPR,JNPR.W^E14,2011-08-24,EGARCH,0.3489281329194563,4.831382616772134,,2011-03-31
JNPR,JNPR.W^E14,2011-08-24,ESG-EGARCH,0.3455141676384309,4.737303176145943,all,2011-03-31
JNPR,JNPR.W^E14,2011-08-24,ESG-EGARCH(E),0.3455141676384315,4.73730317614596,E,2011-03-31
JNPR,JNPR.W^E14,2011-08-24,ESG-EGARCH(G),0.3455141676384315,4.737303176145959,G,2011-03-31
JNPR,JNPR.W^E14,2011-08-24,ESG-EGARCH(S),0.3455141676384314,4.737303176145956,S,2011-03-31
JNPR,JNPR.W^E14,2011-08-24,ESG-GARCH,0.3329842331239351,4.399940456711713,all,2011-03-31
JNPR,JNPR.W^E14,2011-08-24,ESG-GARCH(E),0.3329842331239349,4.399940456711707,E,2011-03-31
JNPR,JNPR.W^E14,2011-08-24,ESG-GARCH(G),0.3329842331239346,4.3999404567117,G,2011-03-31
JNPR,JNPR.W^E14,2011-08-24,ESG-GARCH(S),0.3329842331239344,4.399940456711693,S,2011-03-31
JNPR,JNPR.W^E14,2011-08-24,ESG-GJR-GARCH,0.3320306930244055,4.374777028185199,all,2011-03-31
JNPR,JNPR.W^E14,2011-08-24,ESG-GJR-GARCH(E),0.3320306930244054,4.374777028185198,E,2011-03-31
JNPR,JNPR.W^E14,2011-08-24,ESG-GJR-GARCH(G),0.3320306930244051,4.374777028185188,G,2011-03-31
JNPR,JNPR.W^E14,2011-08-24,ESG-GJR-GARCH(S),0.3320306930244051,4.374777028185188,S,2011-03-31
JNPR,JNPR.W^E14,2011-08-24,GARCH,0.3329836848418651,4.399925967097879,,2011-03-31
JNPR,JNPR.W^E14,2011-08-24,GJR-GARCH,0.3296395147444424,4.311992447656805,,2011-03-31
JNPR,JNPR.W^E14,2011-08-25,EGARCH,0.3489281329194563,4.831382616772134,,2011-03-31
JNPR,JNPR.W^E14,2011-08-25,ESG-EGARCH,0.3455141676384309,4.737303176145943,all,2011-03-31
JNPR,JNPR.W^E14,2011-08-25,ESG-EGARCH(E),0.3455141676384315,4.73730317614596,E,2011-03-31
JNPR,JNPR.W^E14,2011-08-25,ESG-EGARCH(G),0.3455141676384315,4.737303176145959,G,2011-03-31
JNPR,JNPR.W^E14,2011-08-25,ESG-EGARCH(S),0.3455141676384314,4.737303176145956,S,2011-03-31
JNPR,JNPR.W^E14,2011-08-25,ESG-GARCH,0.3329842331239351,4.399940456711713,all,2011-03-31
JNPR,JNPR.W^E14,2011-08-25,ESG-GARCH(E),0.3329842331239349,4.399940456711707,E,2011-03-31
JNPR,JNPR.W^E14,2011-08-25,ESG-GARCH(G),0.3329842331239346,4.3999404567117,G,2011-03-31
JNPR,JNPR.W^E14,2011-08-25,ESG-GARCH(S),0.3329842331239344,4.399940456711693,S,2011-03-31
JNPR,JNPR.W^E14,2011-08-25,ESG-GJR-GARCH,0.3320306930244055,4.374777028185199,all,2011-03-31
JNPR,JNPR.W^E14,2011-08-25,ESG-GJR-GARCH(E),0.3320306930244054,4.374777028185198,E,2011-03-31
JNPR,JNPR.W^E14,2011-08-25,ESG-GJR-GARCH(G),0.3320306930244051,4.374777028185188,G,2011-03-31
JNPR,JNPR.W^E14,2011-08-25,ESG-GJR-GARCH(S),0.3320306930244051,4.374777028185188,S,2011-03-31
JNPR,JNPR.W^E14,2011-08-25,GARCH,0.3329836848418651,4.399925967097879,,2011-03-31
JNPR,JNPR.W^E14,2011-08-25,GJR-GARCH,0.3296395147444424,4.311992447656805,,2011-03-31
JNPR,JNPR.W^E14,2011-09-08,EGARCH,0.5804153802212817,13.368333872913295,,2011-09-08
JNPR,JNPR.W^E14,2011-09-08,ESG-EGARCH,0.6193863101634406,15.223785762614355,all,2011-09-08
JNPR,JNPR.W^E14,2011-09-08,ESG-EGARCH(E),0.6193863101634409,15.223785762614376,E,2011-09-08
JNPR,JNPR.W^E14,2011-09-08,ESG-EGARCH(G),0.619386310163441,15.223785762614382,G,2011-09-08
JNPR,JNPR.W^E14,2011-09-08,ESG-EGARCH(S),0.619386310163441,15.223785762614382,S,2011-09-08
JNPR,JNPR.W^E14,2011-09-08,ESG-GARCH,0.7731064998584961,23.718002385851378,all,2011-09-08
JNPR,JNPR.W^E14,2011-09-08,ESG-GARCH(E),0.7731064998584973,23.71800238585146,E,2011-09-08
JNPR,JNPR.W^E14,2011-09-08,ESG-GARCH(G),0.7731064998584968,23.718002385851428,G,2011-09-08
JNPR,JNPR.W^E14,2011-09-08,ESG-GARCH(S),0.7731064998584968,23.718002385851428,S,2011-09-08
JNPR,JNPR.W^E14,2011-09-08,ESG-GJR-GARCH,1.1799152684750402,55.24603336430661,all,2011-09-08
JNPR,JNPR.W^E14,2011-09-08,ESG-GJR-GARCH(E),1.1799152684750398,55.24603336430656,E,2011-09-08
JNPR,JNPR.W^E14,2011-09-08,ESG-GJR-GARCH(G),1.179915268475041,55.24603336430666,G,2011-09-08
JNPR,JNPR.W^E14,2011-09-08,ESG-GJR-GARCH(S),1.1799152684750394,55.24603336430652,S,2011-09-08
JNPR,JNPR.W^E14,2011-09-08,GARCH,0.7285727449309058,21.06421605778392,,2011-09-08
JNPR,JNPR.W^E14,2011-09-08,GJR-GARCH,1.1348918049733618,51.110294007765695,,2011-09-08
JNPR,JNPR.W^E14,2011-09-14,EGARCH,0.5804153802212817,13.368333872913295,,2011-09-08
JNPR,JNPR.W^E14,2011-09-14,ESG-EGARCH,0.6193863101634406,15.223785762614355,all,2011-09-08
JNPR,JNPR.W^E14,2011-09-14,ESG-EGARCH(E),0.6193863101634409,15.223785762614376,E,2011-09-08
JNPR,JNPR.W^E14,2011-09-14,ESG-EGARCH(G),0.619386310163441,15.223785762614382,G,2011-09-08
JNPR,JNPR.W^E14,2011-09-14,ESG-EGARCH(S),0.619386310163441,15.223785762614382,S,2011-09-08
JNPR,JNPR.W^E14,2011-09-14,ESG-GARCH,0.7731064998584961,23.718002385851378,all,2011-09-08
JNPR,JNPR.W^E14,2011-09-14,ESG-GARCH(E),0.7731064998584973,23.71800238585146,E,2011-09-08
JNPR,JNPR.W^E14,2011-09-14,ESG-GARCH(G),0.7731064998584968,23.718002385851428,G,2011-09-08
JNPR,JNPR.W^E14,2011-09-14,ESG-GARCH(S),0.7731064998584968,23.718002385851428,S,2011-09-08
JNPR,JNPR.W^E14,2011-09-14,ESG-GJR-GARCH,1.1799152684750402,55.24603336430661,all,2011-09-08
JNPR,JNPR.W^E14,2011-09-14,ESG-GJR-GARCH(E),1.1799152684750398,55.24603336430656,E,2011-09-08
JNPR,JNPR.W^E14,2011-09-14,ESG-GJR-GARCH(G),1.179915268475041,55.24603336430666,G,2011-09-08
JNPR,JNPR.W^E14,2011-09-14,ESG-GJR-GARCH(S),1.1799152684750394,55.24603336430652,S,2011-09-08
JNPR,JNPR.W^E14,2011-09-14,GARCH,0.7285727449309058,21.06421605778392,,2011-09-08
JNPR,JNPR.W^E14,2011-09-14,GJR-GARCH,1.1348918049733618,51.110294007765695,,2011-09-08
JNPR,JNPR.W^E14,2011-09-15,EGARCH,0.5804153802212817,13.368333872913295,,2011-09-08
JNPR,JNPR.W^E14,2011-09-15,ESG-EGARCH,0.6193863101634406,15.223785762614355,all,2011-09-08
JNPR,JNPR.W^E14,2011-09-15,ESG-EGARCH(E),0.6193863101634409,15.223785762614376,E,2011-09-08
JNPR,JNPR.W^E14,2011-09-15,ESG-EGARCH(G),0.619386310163441,15.223785762614382,G,2011-09-08
JNPR,JNPR.W^E14,2011-09-15,ESG-EGARCH(S),0.619386310163441,15.223785762614382,S,2011-09-08
JNPR,JNPR.W^E14,2011-09-15,ESG-GARCH,0.7731064998584961,23.718002385851378,all,2011-09-08
JNPR,JNPR.W^E14,2011-09-15,ESG-GARCH(E),0.7731064998584973,23.71800238585146,E,2011-09-08
JNPR,JNPR.W^E14,2011-09-15,ESG-GARCH(G),0.7731064998584968,23.718002385851428,G,2011-09-08
JNPR,JNPR.W^E14,2011-09-15,ESG-GARCH(S),0.7731064998584968,23.718002385851428,S,2011-09-08
JNPR,JNPR.W^E14,2011-09-15,ESG-GJR-GARCH,1.1799152684750402,55.24603336430661,all,2011-09-08
JNPR,JNPR.W^E14,2011-09-15,ESG-GJR-GARCH(E),1.1799152684750398,55.24603336430656,E,2011-09-08
JNPR,JNPR.W^E14,2011-09-15,ESG-GJR-GARCH(G),1.179915268475041,55.24603336430666,G,2011-09-08
JNPR,JNPR.W^E14,2011-09-15,ESG-GJR-GARCH(S),1.1799152684750394,55.24603336430652,S,2011-09-08
JNPR,JNPR.W^E14,2011-09-15,GARCH,0.7285727449309058,21.06421605778392,,2011-09-08
JNPR,JNPR.W^E14,2011-09-15,GJR-GARCH,1.1348918049733618,51.110294007765695,,2011-09-08
JNPR,JNPR.W^E14,2011-09-16,EGARCH,0.5804153802212817,13.368333872913295,,2011-09-08
JNPR,JNPR.W^E14,2011-09-16,ESG-EGARCH,0.6193863101634406,15.223785762614355,all,2011-09-08
JNPR,JNPR.W^E14,2011-09-16,ESG-EGARCH(E),0.6193863101634409,15.223785762614376,E,2011-09-08
JNPR,JNPR.W^E14,2011-09-16,ESG-EGARCH(G),0.619386310163441,15.223785762614382,G,2011-09-08
JNPR,JNPR.W^E14,2011-09-16,ESG-EGARCH(S),0.619386310163441,15.223785762614382,S,2011-09-08
JNPR,JNPR.W^E14,2011-09-16,ESG-GARCH,0.7731064998584961,23.718002385851378,all,2011-09-08
JNPR,JNPR.W^E14,2011-09-16,ESG-GARCH(E),0.7731064998584973,23.71800238585146,E,2011-09-08
JNPR,JNPR.W^E14,2011-09-16,ESG-GARCH(G),0.7731064998584968,23.718002385851428,G,2011-09-08
JNPR,JNPR.W^E14,2011-09-16,ESG-GARCH(S),0.7731064998584968,23.718002385851428,S,2011-09-08
JNPR,JNPR.W^E14,2011-09-16,ESG-GJR-GARCH,1.1799152684750402,55.24603336430661,all,2011-09-08
JNPR,JNPR.W^E14,2011-09-16,ESG-GJR-GARCH(E),1.1799152684750398,55.24603336430656,E,2011-09-08
JNPR,JNPR.W^E14,2011-09-16,ESG-GJR-GARCH(G),1.179915268475041,55.24603336430666,G,2011-09-08
JNPR,JNPR.W^E14,2011-09-16,ESG-GJR-GARCH(S),1.1799152684750394,55.24603336430652,S,2011-09-08
JNPR,JNPR.W^E14,2011-09-16,GARCH,0.7285727449309058,21.06421605778392,,2011-09-08
JNPR,JNPR.W^E14,2011-09-16,GJR-GARCH,1.1348918049733618,51.110294007765695,,2011-09-08
JNPR,JNPR.W^E14,2011-09-19,EGARCH,0.5804153802212817,13.368333872913295,,2011-09-08
JNPR,JNPR.W^E14,2011-09-19,ESG-EGARCH,0.6193863101634406,15.223785762614355,all,2011-09-08
JNPR,JNPR.W^E14,2011-09-19,ESG-EGARCH(E),0.6193863101634409,15.223785762614376,E,2011-09-08
JNPR,JNPR.W^E14,2011-09-19,ESG-EGARCH(G),0.619386310163441,15.223785762614382,G,2011-09-08
JNPR,JNPR.W^E14,2011-09-19,ESG-EGARCH(S),0.619386310163441,15.223785762614382,S,2011-09-08
JNPR,JNPR.W^E14,2011-09-19,ESG-GARCH,0.7731064998584961,23.718002385851378,all,2011-09-08
JNPR,JNPR.W^E14,2011-09-19,ESG-GARCH(E),0.7731064998584973,23.71800238585146,E,2011-09-08
JNPR,JNPR.W^E14,2011-09-19,ESG-GARCH(G),0.7731064998584968,23.718002385851428,G,2011-09-08
JNPR,JNPR.W^E14,2011-09-19,ESG-GARCH(S),0.7731064998584968,23.718002385851428,S,2011-09-08
JNPR,JNPR.W^E14,2011-09-19,ESG-GJR-GARCH,1.1799152684750402,55.24603336430661,all,2011-09-08
JNPR,JNPR.W^E14,2011-09-19,ESG-GJR-GARCH(E),1.1799152684750398,55.24603336430656,E,2011-09-08
JNPR,JNPR.W^E14,2011-09-19,ESG-GJR-GARCH(G),1.179915268475041,55.24603336430666,G,2011-09-08
JNPR,JNPR.W^E14,2011-09-19,ESG-GJR-GARCH(S),1.1799152684750394,55.24603336430652,S,2011-09-08
JNPR,JNPR.W^E14,2011-09-19,GARCH,0.7285727449309058,21.06421605778392,,2011-09-08
JNPR,JNPR.W^E14,2011-09-19,GJR-GARCH,1.1348918049733618,51.110294007765695,,2011-09-08
JNPR,JNPR.W^E14,2011-09-20,EGARCH,0.5804153802212817,13.368333872913295,,2011-09-08
JNPR,JNPR.W^E14,2011-09-20,ESG-EGARCH,0.6193863101634406,15.223785762614355,all,2011-09-08
JNPR,JNPR.W^E14,2011-09-20,ESG-EGARCH(E),0.6193863101634409,15.223785762614376,E,2011-09-08
JNPR,JNPR.W^E14,2011-09-20,ESG-EGARCH(G),0.619386310163441,15.223785762614382,G,2011-09-08
JNPR,JNPR.W^E14,2011-09-20,ESG-EGARCH(S),0.619386310163441,15.223785762614382,S,2011-09-08
JNPR,JNPR.W^E14,2011-09-20,ESG-GARCH,0.7731064998584961,23.718002385851378,all,2011-09-08
JNPR,JNPR.W^E14,2011-09-20,ESG-GARCH(E),0.7731064998584973,23.71800238585146,E,2011-09-08
JNPR,JNPR.W^E14,2011-09-20,ESG-GARCH(G),0.7731064998584968,23.718002385851428,G,2011-09-08
JNPR,JNPR.W^E14,2011-09-20,ESG-GARCH(S),0.7731064998584968,23.718002385851428,S,2011-09-08
JNPR,JNPR.W^E14,2011-09-20,ESG-GJR-GARCH,1.1799152684750402,55.24603336430661,all,2011-09-08
JNPR,JNPR.W^E14,2011-09-20,ESG-GJR-GARCH(E),1.1799152684750398,55.24603336430656,E,2011-09-08
JNPR,JNPR.W^E14,2011-09-20,ESG-GJR-GARCH(G),1.179915268475041,55.24603336430666,G,2011-09-08
JNPR,JNPR.W^E14,2011-09-20,ESG-GJR-GARCH(S),1.1799152684750394,55.24603336430652,S,2011-09-08
JNPR,JNPR.W^E14,2011-09-20,GARCH,0.7285727449309058,21.06421605778392,,2011-09-08
JNPR,JNPR.W^E14,2011-09-20,GJR-GARCH,1.1348918049733618,51.110294007765695,,2011-09-08
JNPR,JNPR.W^E14,2011-09-21,EGARCH,0.5804153802212817,13.368333872913295,,2011-09-08
JNPR,JNPR.W^E14,2011-09-21,ESG-EGARCH,0.6193863101634406,15.223785762614355,all,2011-09-08
JNPR,JNPR.W^E14,2011-09-21,ESG-EGARCH(E),0.6193863101634409,15.223785762614376,E,2011-09-08
JNPR,JNPR.W^E14,2011-09-21,ESG-EGARCH(G),0.619386310163441,15.223785762614382,G,2011-09-08
JNPR,JNPR.W^E14,2011-09-21,ESG-EGARCH(S),0.619386310163441,15.223785762614382,S,2011-09-08
JNPR,JNPR.W^E14,2011-09-21,ESG-GARCH,0.7731064998584961,23.718002385851378,all,2011-09-08
JNPR,JNPR.W^E14,2011-09-21,ESG-GARCH(E),0.7731064998584973,23.71800238585146,E,2011-09-08
JNPR,JNPR.W^E14,2011-09-21,ESG-GARCH(G),0.7731064998584968,23.718002385851428,G,2011-09-08
JNPR,JNPR.W^E14,2011-09-21,ESG-GARCH(S),0.7731064998584968,23.718002385851428,S,2011-09-08
JNPR,JNPR.W^E14,2011-09-21,ESG-GJR-GARCH,1.1799152684750402,55.24603336430661,all,2011-09-08
JNPR,JNPR.W^E14,2011-09-21,ESG-GJR-GARCH(E),1.1799152684750398,55.24603336430656,E,2011-09-08
JNPR,JNPR.W^E14,2011-09-21,ESG-GJR-GARCH(G),1.179915268475041,55.24603336430666,G,2011-09-08
JNPR,JNPR.W^E14,2011-09-21,ESG-GJR-GARCH(S),1.1799152684750394,55.24603336430652,S,2011-09-08
JNPR,JNPR.W^E14,2011-09-21,GARCH,0.7285727449309058,21.06421605778392,,2011-09-08
JNPR,JNPR.W^E14,2011-09-21,GJR-GARCH,1.1348918049733618,51.110294007765695,,2011-09-08
JNPR,JNPR.W^E14,2011-10-03,EGARCH,0.5804153802212817,13.368333872913295,,2011-09-08
JNPR,JNPR.W^E14,2011-10-03,ESG-EGARCH,0.6193863101634406,15.223785762614355,all,2011-09-08
JNPR,JNPR.W^E14,2011-10-03,ESG-EGARCH(E),0.6193863101634409,15.223785762614376,E,2011-09-08
JNPR,JNPR.W^E14,2011-10-03,ESG-EGARCH(G),0.619386310163441,15.223785762614382,G,2011-09-08
JNPR,JNPR.W^E14,2011-10-03,ESG-EGARCH(S),0.619386310163441,15.223785762614382,S,2011-09-08
JNPR,JNPR.W^E14,2011-10-03,ESG-GARCH,0.7731064998584961,23.718002385851378,all,2011-09-08
JNPR,JNPR.W^E14,2011-10-03,ESG-GARCH(E),0.7731064998584973,23.71800238585146,E,2011-09-08
JNPR,JNPR.W^E14,2011-10-03,ESG-GARCH(G),0.7731064998584968,23.718002385851428,G,2011-09-08
JNPR,JNPR.W^E14,2011-10-03,ESG-GARCH(S),0.7731064998584968,23.718002385851428,S,2011-09-08
JNPR,JNPR.W^E14,2011-10-03,ESG-GJR-GARCH,1.1799152684750402,55.24603336430661,all,2011-09-08
JNPR,JNPR.W^E14,2011-10-03,ESG-GJR-GARCH(E),1.1799152684750398,55.24603336430656,E,2011-09-08
JNPR,JNPR.W^E14,2011-10-03,ESG-GJR-GARCH(G),1.179915268475041,55.24603336430666,G,2011-09-08
JNPR,JNPR.W^E14,2011-10-03,ESG-GJR-GARCH(S),1.1799152684750394,55.24603336430652,S,2011-09-08
JNPR,JNPR.W^E14,2011-10-03,GARCH,0.7285727449309058,21.06421605778392,,2011-09-08
JNPR,JNPR.W^E14,2011-10-03,GJR-GARCH,1.1348918049733618,51.110294007765695,,2011-09-08
JNPR,JNPR.W^E14,2011-10-06,EGARCH,0.5804153802212817,13.368333872913295,,2011-09-08
JNPR,JNPR.W^E14,2011-10-06,ESG-EGARCH,0.6193863101634406,15.223785762614355,all,2011-09-08
JNPR,JNPR.W^E14,2011-10-06,ESG-EGARCH(E),0.6193863101634409,15.223785762614376,E,2011-09-08
JNPR,JNPR.W^E14,2011-10-06,ESG-EGARCH(G),0.619386310163441,15.223785762614382,G,2011-09-08
JNPR,JNPR.W^E14,2011-10-06,ESG-EGARCH(S),0.619386310163441,15.223785762614382,S,2011-09-08
JNPR,JNPR.W^E14,2011-10-06,ESG-GARCH,0.7731064998584961,23.718002385851378,all,2011-09-08
JNPR,JNPR.W^E14,2011-10-06,ESG-GARCH(E),0.7731064998584973,23.71800238585146,E,2011-09-08
JNPR,JNPR.W^E14,2011-10-06,ESG-GARCH(G),0.7731064998584968,23.718002385851428,G,2011-09-08
JNPR,JNPR.W^E14,2011-10-06,ESG-GARCH(S),0.7731064998584968,23.718002385851428,S,2011-09-08
JNPR,JNPR.W^E14,2011-10-06,ESG-GJR-GARCH,1.1799152684750402,55.24603336430661,all,2011-09-08
JNPR,JNPR.W^E14,2011-10-06,ESG-GJR-GARCH(E),1.1799152684750398,55.24603336430656,E,2011-09-08
JNPR,JNPR.W^E14,2011-10-06,ESG-GJR-GARCH(G),1.179915268475041,55.24603336430666,G,2011-09-08
JNPR,JNPR.W^E14,2011-10-06,ESG-GJR-GARCH(S),1.1799152684750394,55.24603336430652,S,2011-09-08
JNPR,JNPR.W^E14,2011-10-06,GARCH,0.7285727449309058,21.06421605778392,,2011-09-08
JNPR,JNPR.W^E14,2011-10-06,GJR-GARCH,1.1348918049733618,51.110294007765695,,2011-09-08
JNPR,JNPR.W^E14,2011-10-11,EGARCH,0.5804153802212817,13.368333872913295,,2011-09-08
JNPR,JNPR.W^E14,2011-10-11,ESG-EGARCH,0.6193863101634406,15.223785762614355,all,2011-09-08
JNPR,JNPR.W^E14,2011-10-11,ESG-EGARCH(E),0.6193863101634409,15.223785762614376,E,2011-09-08
JNPR,JNPR.W^E14,2011-10-11,ESG-EGARCH(G),0.619386310163441,15.223785762614382,G,2011-09-08
JNPR,JNPR.W^E14,2011-10-11,ESG-EGARCH(S),0.619386310163441,15.223785762614382,S,2011-09-08
JNPR,JNPR.W^E14,2011-10-11,ESG-GARCH,0.7731064998584961,23.718002385851378,all,2011-09-08
JNPR,JNPR.W^E14,2011-10-11,ESG-GARCH(E),0.7731064998584973,23.71800238585146,E,2011-09-08
JNPR,JNPR.W^E14,2011-10-11,ESG-GARCH(G),0.7731064998584968,23.718002385851428,G,2011-09-08
JNPR,JNPR.W^E14,2011-10-11,ESG-GARCH(S),0.7731064998584968,23.718002385851428,S,2011-09-08
JNPR,JNPR.W^E14,2011-10-11,ESG-GJR-GARCH,1.1799152684750402,55.24603336430661,all,2011-09-08
JNPR,JNPR.W^E14,2011-10-11,ESG-GJR-GARCH(E),1.1799152684750398,55.24603336430656,E,2011-09-08
JNPR,JNPR.W^E14,2011-10-11,ESG-GJR-GARCH(G),1.179915268475041,55.24603336430666,G,2011-09-08
JNPR,JNPR.W^E14,2011-10-11,ESG-GJR-GARCH(S),1.1799152684750394,55.24603336430652,S,2011-09-08
JNPR,JNPR.W^E14,2011-10-11,GARCH,0.7285727449309058,21.06421605778392,,2011-09-08
JNPR,JNPR.W^E14,2011-10-11,GJR-GARCH,1.1348918049733618,51.110294007765695,,2011-09-08
JNPR,JNPR.W^E14,2011-10-12,EGARCH,0.5804153802212817,13.368333872913295,,2011-09-08
JNPR,JNPR.W^E14,2011-10-12,ESG-EGARCH,0.6193863101634406,15.223785762614355,all,2011-09-08
JNPR,JNPR.W^E14,2011-10-12,ESG-EGARCH(E),0.6193863101634409,15.223785762614376,E,2011-09-08
JNPR,JNPR.W^E14,2011-10-12,ESG-EGARCH(G),0.619386310163441,15.223785762614382,G,2011-09-08
JNPR,JNPR.W^E14,2011-10-12,ESG-EGARCH(S),0.619386310163441,15.223785762614382,S,2011-09-08
JNPR,JNPR.W^E14,2011-10-12,ESG-GARCH,0.7731064998584961,23.718002385851378,all,2011-09-08
JNPR,JNPR.W^E14,2011-10-12,ESG-GARCH(E),0.7731064998584973,23.71800238585146,E,2011-09-08
JNPR,JNPR.W^E14,2011-10-12,ESG-GARCH(G),0.7731064998584968,23.718002385851428,G,2011-09-08
JNPR,JNPR.W^E14,2011-10-12,ESG-GARCH(S),0.7731064998584968,23.718002385851428,S,2011-09-08
JNPR,JNPR.W^E14,2011-10-12,ESG-GJR-GARCH,1.1799152684750402,55.24603336430661,all,2011-09-08
JNPR,JNPR.W^E14,2011-10-12,ESG-GJR-GARCH(E),1.1799152684750398,55.24603336430656,E,2011-09-08
JNPR,JNPR.W^E14,2011-10-12,ESG-GJR-GARCH(G),1.179915268475041,55.24603336430666,G,2011-09-08
JNPR,JNPR.W^E14,2011-10-12,ESG-GJR-GARCH(S),1.1799152684750394,55.24603336430652,S,2011-09-08
JNPR,JNPR.W^E14,2011-10-12,GARCH,0.7285727449309058,21.06421605778392,,2011-09-08
JNPR,JNPR.W^E14,2011-10-12,GJR-GARCH,1.1348918049733618,51.110294007765695,,2011-09-08
JNPR,JNPR.W^E14,2011-10-17,EGARCH,0.5804153802212817,13.368333872913295,,2011-09-08
JNPR,JNPR.W^E14,2011-10-17,ESG-EGARCH,0.6193863101634406,15.223785762614355,all,2011-09-08
JNPR,JNPR.W^E14,2011-10-17,ESG-EGARCH(E),0.6193863101634409,15.223785762614376,E,2011-09-08
JNPR,JNPR.W^E14,2011-10-17,ESG-EGARCH(G),0.619386310163441,15.223785762614382,G,2011-09-08
JNPR,JNPR.W^E14,2011-10-17,ESG-EGARCH(S),0.619386310163441,15.223785762614382,S,2011-09-08
JNPR,JNPR.W^E14,2011-10-17,ESG-GARCH,0.7731064998584961,23.718002385851378,all,2011-09-08
JNPR,JNPR.W^E14,2011-10-17,ESG-GARCH(E),0.7731064998584973,23.71800238585146,E,2011-09-08
JNPR,JNPR.W^E14,2011-10-17,ESG-GARCH(G),0.7731064998584968,23.718002385851428,G,2011-09-08
JNPR,JNPR.W^E14,2011-10-17,ESG-GARCH(S),0.7731064998584968,23.718002385851428,S,2011-09-08
JNPR,JNPR.W^E14,2011-10-17,ESG-GJR-GARCH,1.1799152684750402,55.24603336430661,all,2011-09-08
JNPR,JNPR.W^E14,2011-10-17,ESG-GJR-GARCH(E),1.1799152684750398,55.24603336430656,E,2011-09-08
JNPR,JNPR.W^E14,2011-10-17,ESG-GJR-GARCH(G),1.179915268475041,55.24603336430666,G,2011-09-08
JNPR,JNPR.W^E14,2011-10-17,ESG-GJR-GARCH(S),1.1799152684750394,55.24603336430652,S,2011-09-08
JNPR,JNPR.W^E14,2011-10-17,GARCH,0.7285727449309058,21.06421605778392,,2011-09-08
JNPR,JNPR.W^E14,2011-10-17,GJR-GARCH,1.1348918049733618,51.110294007765695,,2011-09-08
JNPR,JNPR.W^E14,2011-10-18,EGARCH,0.5804153802212817,13.368333872913295,,2011-09-08
JNPR,JNPR.W^E14,2011-10-18,ESG-EGARCH,0.6193863101634406,15.223785762614355,all,2011-09-08
JNPR,JNPR.W^E14,2011-10-18,ESG-EGARCH(E),0.6193863101634409,15.223785762614376,E,2011-09-08
JNPR,JNPR.W^E14,2011-10-18,ESG-EGARCH(G),0.619386310163441,15.223785762614382,G,2011-09-08
JNPR,JNPR.W^E14,2011-10-18,ESG-EGARCH(S),0.619386310163441,15.223785762614382,S,2011-09-08
JNPR,JNPR.W^E14,2011-10-18,ESG-GARCH,0.7731064998584961,23.718002385851378,all,2011-09-08
JNPR,JNPR.W^E14,2011-10-18,ESG-GARCH(E),0.7731064998584973,23.71800238585146,E,2011-09-08
JNPR,JNPR.W^E14,2011-10-18,ESG-GARCH(G),0.7731064998584968,23.718002385851428,G,2011-09-08
JNPR,JNPR.W^E14,2011-10-18,ESG-GARCH(S),0.7731064998584968,23.718002385851428,S,2011-09-08
JNPR,JNPR.W^E14,2011-10-18,ESG-GJR-GARCH,1.1799152684750402,55.24603336430661,all,2011-09-08
JNPR,JNPR.W^E14,2011-10-18,ESG-GJR-GARCH(E),1.1799152684750398,55.24603336430656,E,2011-09-08
JNPR,JNPR.W^E14,2011-10-18,ESG-GJR-GARCH(G),1.179915268475041,55.24603336430666,G,2011-09-08
JNPR,JNPR.W^E14,2011-10-18,ESG-GJR-GARCH(S),1.1799152684750394,55.24603336430652,S,2011-09-08
JNPR,JNPR.W^E14,2011-10-18,GARCH,0.7285727449309058,21.06421605778392,,2011-09-08
JNPR,JNPR.W^E14,2011-10-18,GJR-GARCH,1.1348918049733618,51.110294007765695,,2011-09-08
JNPR,JNPR.W^E14,2011-10-19,EGARCH,0.5804153802212817,13.368333872913295,,2011-09-08
JNPR,JNPR.W^E14,2011-10-19,ESG-EGARCH,0.6193863101634406,15.223785762614355,all,2011-09-08
JNPR,JNPR.W^E14,2011-10-19,ESG-EGARCH(E),0.6193863101634409,15.223785762614376,E,2011-09-08
JNPR,JNPR.W^E14,2011-10-19,ESG-EGARCH(G),0.619386310163441,15.223785762614382,G,2011-09-08
JNPR,JNPR.W^E14,2011-10-19,ESG-EGARCH(S),0.619386310163441,15.223785762614382,S,2011-09-08
JNPR,JNPR.W^E14,2011-10-19,ESG-GARCH,0.7731064998584961,23.718002385851378,all,2011-09-08
JNPR,JNPR.W^E14,2011-10-19,ESG-GARCH(E),0.7731064998584973,23.71800238585146,E,2011-09-08
JNPR,JNPR.W^E14,2011-10-19,ESG-GARCH(G),0.7731064998584968,23.718002385851428,G,2011-09-08
JNPR,JNPR.W^E14,2011-10-19,ESG-GARCH(S),0.7731064998584968,23.718002385851428,S,2011-09-08
JNPR,JNPR.W^E14,2011-10-19,ESG-GJR-GARCH,1.1799152684750402,55.24603336430661,all,2011-09-08
JNPR,JNPR.W^E14,2011-10-19,ESG-GJR-GARCH(E),1.1799152684750398,55.24603336430656,E,2011-09-08
JNPR,JNPR.W^E14,2011-10-19,ESG-GJR-GARCH(G),1.179915268475041,55.24603336430666,G,2011-09-08
JNPR,JNPR.W^E14,2011-10-19,ESG-GJR-GARCH(S),1.1799152684750394,55.24603336430652,S,2011-09-08
JNPR,JNPR.W^E14,2011-10-19,GARCH,0.7285727449309058,21.06421605778392,,2011-09-08
JNPR,JNPR.W^E14,2011-10-19,GJR-GARCH,1.1348918049733618,51.110294007765695,,2011-09-08
JNPR,JNPR.W^E14,2011-10-20,EGARCH,0.5804153802212817,13.368333872913295,,2011-09-08
JNPR,JNPR.W^E14,2011-10-20,ESG-EGARCH,0.6193863101634406,15.223785762614355,all,2011-09-08
JNPR,JNPR.W^E14,2011-10-20,ESG-EGARCH(E),0.6193863101634409,15.223785762614376,E,2011-09-08
JNPR,JNPR.W^E14,2011-10-20,ESG-EGARCH(G),0.619386310163441,15.223785762614382,G,2011-09-08
JNPR,JNPR.W^E14,2011-10-20,ESG-EGARCH(S),0.619386310163441,15.223785762614382,S,2011-09-08
JNPR,JNPR.W^E14,2011-10-20,ESG-GARCH,0.7731064998584961,23.718002385851378,all,2011-09-08
JNPR,JNPR.W^E14,2011-10-20,ESG-GARCH(E),0.7731064998584973,23.71800238585146,E,2011-09-08
JNPR,JNPR.W^E14,2011-10-20,ESG-GARCH(G),0.7731064998584968,23.718002385851428,G,2011-09-08
JNPR,JNPR.W^E14,2011-10-20,ESG-GARCH(S),0.7731064998584968,23.718002385851428,S,2011-09-08
JNPR,JNPR.W^E14,2011-10-20,ESG-GJR-GARCH,1.1799152684750402,55.24603336430661,all,2011-09-08
JNPR,JNPR.W^E14,2011-10-20,ESG-GJR-GARCH(E),1.1799152684750398,55.24603336430656,E,2011-09-08
JNPR,JNPR.W^E14,2011-10-20,ESG-GJR-GARCH(G),1.179915268475041,55.24603336430666,G,2011-09-08
JNPR,JNPR.W^E14,2011-10-20,ESG-GJR-GARCH(S),1.1799152684750394,55.24603336430652,S,2011-09-08
JNPR,JNPR.W^E14,2011-10-20,GARCH,0.7285727449309058,21.06421605778392,,2011-09-08
JNPR,JNPR.W^E14,2011-10-20,GJR-GARCH,1.1348918049733618,51.110294007765695,,2011-09-08
JNPR,JNPR.W^E14,2011-10-25,EGARCH,0.5804153802212817,13.368333872913295,,2011-09-08
JNPR,JNPR.W^E14,2011-10-25,ESG-EGARCH,0.6193863101634406,15.223785762614355,all,2011-09-08
JNPR,JNPR.W^E14,2011-10-25,ESG-EGARCH(E),0.6193863101634409,15.223785762614376,E,2011-09-08
JNPR,JNPR.W^E14,2011-10-25,ESG-EGARCH(G),0.619386310163441,15.223785762614382,G,2011-09-08
JNPR,JNPR.W^E14,2011-10-25,ESG-EGARCH(S),0.619386310163441,15.223785762614382,S,2011-09-08
JNPR,JNPR.W^E14,2011-10-25,ESG-GARCH,0.7731064998584961,23.718002385851378,all,2011-09-08
JNPR,JNPR.W^E14,2011-10-25,ESG-GARCH(E),0.7731064998584973,23.71800238585146,E,2011-09-08
JNPR,JNPR.W^E14,2011-10-25,ESG-GARCH(G),0.7731064998584968,23.718002385851428,G,2011-09-08
JNPR,JNPR.W^E14,2011-10-25,ESG-GARCH(S),0.7731064998584968,23.718002385851428,S,2011-09-08
JNPR,JNPR.W^E14,2011-10-25,ESG-GJR-GARCH,1.1799152684750402,55.24603336430661,all,2011-09-08
JNPR,JNPR.W^E14,2011-10-25,ESG-GJR-GARCH(E),1.1799152684750398,55.24603336430656,E,2011-09-08
JNPR,JNPR.W^E14,2011-10-25,ESG-GJR-GARCH(G),1.179915268475041,55.24603336430666,G,2011-09-08
JNPR,JNPR.W^E14,2011-10-25,ESG-GJR-GARCH(S),1.1799152684750394,55.24603336430652,S,2011-09-08
JNPR,JNPR.W^E14,2011-10-25,GARCH,0.7285727449309058,21.06421605778392,,2011-09-08
JNPR,JNPR.W^E14,2011-10-25,GJR-GARCH,1.1348918049733618,51.110294007765695,,2011-09-08
JNPR,JNPR.W^E14,2011-10-28,EGARCH,0.5804153802212817,13.368333872913295,,2011-09-08
JNPR,JNPR.W^E14,2011-10-28,ESG-EGARCH,0.6193863101634406,15.223785762614355,all,2011-09-08
JNPR,JNPR.W^E14,2011-10-28,ESG-EGARCH(E),0.6193863101634409,15.223785762614376,E,2011-09-08
JNPR,JNPR.W^E14,2011-10-28,ESG-EGARCH(G),0.619386310163441,15.223785762614382,G,2011-09-08
JNPR,JNPR.W^E14,2011-10-28,ESG-EGARCH(S),0.619386310163441,15.223785762614382,S,2011-09-08
JNPR,JNPR.W^E14,2011-10-28,ESG-GARCH,0.7731064998584961,23.718002385851378,all,2011-09-08
JNPR,JNPR.W^E14,2011-10-28,ESG-GARCH(E),0.7731064998584973,23.71800238585146,E,2011-09-08
JNPR,JNPR.W^E14,2011-10-28,ESG-GARCH(G),0.7731064998584968,23.718002385851428,G,2011-09-08
JNPR,JNPR.W^E14,2011-10-28,ESG-GARCH(S),0.7731064998584968,23.718002385851428,S,2011-09-08
JNPR,JNPR.W^E14,2011-10-28,ESG-GJR-GARCH,1.1799152684750402,55.24603336430661,all,2011-09-08
JNPR,JNPR.W^E14,2011-10-28,ESG-GJR-GARCH(E),1.1799152684750398,55.24603336430656,E,2011-09-08
JNPR,JNPR.W^E14,2011-10-28,ESG-GJR-GARCH(G),1.179915268475041,55.24603336430666,G,2011-09-08
JNPR,JNPR.W^E14,2011-10-28,ESG-GJR-GARCH(S),1.1799152684750394,55.24603336430652,S,2011-09-08
JNPR,JNPR.W^E14,2011-10-28,GARCH,0.7285727449309058,21.06421605778392,,2011-09-08
JNPR,JNPR.W^E14,2011-10-28,GJR-GARCH,1.1348918049733618,51.110294007765695,,2011-09-08
JNPR,JNPR.W^E14,2011-11-03,EGARCH,0.5804153802212817,13.368333872913295,,2011-09-08
JNPR,JNPR.W^E14,2011-11-03,ESG-EGARCH,0.6193863101634406,15.223785762614355,all,2011-09-08
JNPR,JNPR.W^E14,2011-11-03,ESG-EGARCH(E),0.6193863101634409,15.223785762614376,E,2011-09-08
JNPR,JNPR.W^E14,2011-11-03,ESG-EGARCH(G),0.619386310163441,15.223785762614382,G,2011-09-08
JNPR,JNPR.W^E14,2011-11-03,ESG-EGARCH(S),0.619386310163441,15.223785762614382,S,2011-09-08
JNPR,JNPR.W^E14,2011-11-03,ESG-GARCH,0.7731064998584961,23.718002385851378,all,2011-09-08
JNPR,JNPR.W^E14,2011-11-03,ESG-GARCH(E),0.7731064998584973,23.71800238585146,E,2011-09-08
JNPR,JNPR.W^E14,2011-11-03,ESG-GARCH(G),0.7731064998584968,23.718002385851428,G,2011-09-08
JNPR,JNPR.W^E14,2011-11-03,ESG-GARCH(S),0.7731064998584968,23.718002385851428,S,2011-09-08
JNPR,JNPR.W^E14,2011-11-03,ESG-GJR-GARCH,1.1799152684750402,55.24603336430661,all,2011-09-08
JNPR,JNPR.W^E14,2011-11-03,ESG-GJR-GARCH(E),1.1799152684750398,55.24603336430656,E,2011-09-08
JNPR,JNPR.W^E14,2011-11-03,ESG-GJR-GARCH(G),1.179915268475041,55.24603336430666,G,2011-09-08
JNPR,JNPR.W^E14,2011-11-03,ESG-GJR-GARCH(S),1.1799152684750394,55.24603336430652,S,2011-09-08
JNPR,JNPR.W^E14,2011-11-03,GARCH,0.7285727449309058,21.06421605778392,,2011-09-08
JNPR,JNPR.W^E14,2011-11-03,GJR-GARCH,1.1348918049733618,51.110294007765695,,2011-09-08
JNPR,JNPR.W^E14,2011-11-10,EGARCH,0.5804153802212817,13.368333872913295,,2011-09-08
JNPR,JNPR.W^E14,2011-11-10,ESG-EGARCH,0.6193863101634406,15.223785762614355,all,2011-09-08
JNPR,JNPR.W^E14,2011-11-10,ESG-EGARCH(E),0.6193863101634409,15.223785762614376,E,2011-09-08
JNPR,JNPR.W^E14,2011-11-10,ESG-EGARCH(G),0.619386310163441,15.223785762614382,G,2011-09-08
JNPR,JNPR.W^E14,2011-11-10,ESG-EGARCH(S),0.619386310163441,15.223785762614382,S,2011-09-08
JNPR,JNPR.W^E14,2011-11-10,ESG-GARCH,0.7731064998584961,23.718002385851378,all,2011-09-08
JNPR,JNPR.W^E14,2011-11-10,ESG-GARCH(E),0.7731064998584973,23.71800238585146,E,2011-09-08
JNPR,JNPR.W^E14,2011-11-10,ESG-GARCH(G),0.7731064998584968,23.718002385851428,G,2011-09-08
JNPR,JNPR.W^E14,2011-11-10,ESG-GARCH(S),0.7731064998584968,23.718002385851428,S,2011-09-08
JNPR,JNPR.W^E14,2011-11-10,ESG-GJR-GARCH,1.1799152684750402,55.24603336430661,all,2011-09-08
JNPR,JNPR.W^E14,2011-11-10,ESG-GJR-GARCH(E),1.1799152684750398,55.24603336430656,E,2011-09-08
JNPR,JNPR.W^E14,2011-11-10,ESG-GJR-GARCH(G),1.179915268475041,55.24603336430666,G,2011-09-08
JNPR,JNPR.W^E14,2011-11-10,ESG-GJR-GARCH(S),1.1799152684750394,55.24603336430652,S,2011-09-08
JNPR,JNPR.W^E14,2011-11-10,GARCH,0.7285727449309058,21.06421605778392,,2011-09-08
JNPR,JNPR.W^E14,2011-11-10,GJR-GARCH,1.1348918049733618,51.110294007765695,,2011-09-08
JNPR,JNPR.W^E14,2011-11-11,EGARCH,0.5804153802212817,13.368333872913295,,2011-09-08
JNPR,JNPR.W^E14,2011-11-11,ESG-EGARCH,0.6193863101634406,15.223785762614355,all,2011-09-08
JNPR,JNPR.W^E14,2011-11-11,ESG-EGARCH(E),0.6193863101634409,15.223785762614376,E,2011-09-08
JNPR,JNPR.W^E14,2011-11-11,ESG-EGARCH(G),0.619386310163441,15.223785762614382,G,2011-09-08
JNPR,JNPR.W^E14,2011-11-11,ESG-EGARCH(S),0.619386310163441,15.223785762614382,S,2011-09-08
JNPR,JNPR.W^E14,2011-11-11,ESG-GARCH,0.7731064998584961,23.718002385851378,all,2011-09-08
JNPR,JNPR.W^E14,2011-11-11,ESG-GARCH(E),0.7731064998584973,23.71800238585146,E,2011-09-08
JNPR,JNPR.W^E14,2011-11-11,ESG-GARCH(G),0.7731064998584968,23.718002385851428,G,2011-09-08
JNPR,JNPR.W^E14,2011-11-11,ESG-GARCH(S),0.7731064998584968,23.718002385851428,S,2011-09-08
JNPR,JNPR.W^E14,2011-11-11,ESG-GJR-GARCH,1.1799152684750402,55.24603336430661,all,2011-09-08
JNPR,JNPR.W^E14,2011-11-11,ESG-GJR-GARCH(E),1.1799152684750398,55.24603336430656,E,2011-09-08
JNPR,JNPR.W^E14,2011-11-11,ESG-GJR-GARCH(G),1.179915268475041,55.24603336430666,G,2011-09-08
JNPR,JNPR.W^E14,2011-11-11,ESG-GJR-GARCH(S),1.1799152684750394,55.24603336430652,S,2011-09-08
JNPR,JNPR.W^E14,2011-11-11,GARCH,0.7285727449309058,21.06421605778392,,2011-09-08
JNPR,JNPR.W^E14,2011-11-11,GJR-GARCH,1.1348918049733618,51.110294007765695,,2011-09-08
JNPR,JNPR.W^E14,2011-11-18,EGARCH,0.5804153802212817,13.368333872913295,,2011-09-08
JNPR,JNPR.W^E14,2011-11-18,ESG-EGARCH,0.6193863101634406,15.223785762614355,all,2011-09-08
JNPR,JNPR.W^E14,2011-11-18,ESG-EGARCH(E),0.6193863101634409,15.223785762614376,E,2011-09-08
JNPR,JNPR.W^E14,2011-11-18,ESG-EGARCH(G),0.619386310163441,15.223785762614382,G,2011-09-08
JNPR,JNPR.W^E14,2011-11-18,ESG-EGARCH(S),0.619386310163441,15.223785762614382,S,2011-09-08
JNPR,JNPR.W^E14,2011-11-18,ESG-GARCH,0.7731064998584961,23.718002385851378,all,2011-09-08
JNPR,JNPR.W^E14,2011-11-18,ESG-GARCH(E),0.7731064998584973,23.71800238585146,E,2011-09-08
JNPR,JNPR.W^E14,2011-11-18,ESG-GARCH(G),0.7731064998584968,23.718002385851428,G,2011-09-08
JNPR,JNPR.W^E14,2011-11-18,ESG-GARCH(S),0.7731064998584968,23.718002385851428,S,2011-09-08
JNPR,JNPR.W^E14,2011-11-18,ESG-GJR-GARCH,1.1799152684750402,55.24603336430661,all,2011-09-08
JNPR,JNPR.W^E14,2011-11-18,ESG-GJR-GARCH(E),1.1799152684750398,55.24603336430656,E,2011-09-08
JNPR,JNPR.W^E14,2011-11-18,ESG-GJR-GARCH(G),1.179915268475041,55.24603336430666,G,2011-09-08
JNPR,JNPR.W^E14,2011-11-18,ESG-GJR-GARCH(S),1.1799152684750394,55.24603336430652,S,2011-09-08
JNPR,JNPR.W^E14,2011-11-18,GARCH,0.7285727449309058,21.06421605778392,,2011-09-08
JNPR,JNPR.W^E14,2011-11-18,GJR-GARCH,1.1348918049733618,51.110294007765695,,2011-09-08
JNPR,JNPR.W^E14,2011-11-21,EGARCH,0.5804153802212817,13.368333872913295,,2011-09-08
JNPR,JNPR.W^E14,2011-11-21,ESG-EGARCH,0.6193863101634406,15.223785762614355,all,2011-09-08
JNPR,JNPR.W^E14,2011-11-21,ESG-EGARCH(E),0.6193863101634409,15.223785762614376,E,2011-09-08
JNPR,JNPR.W^E14,2011-11-21,ESG-EGARCH(G),0.619386310163441,15.223785762614382,G,2011-09-08
JNPR,JNPR.W^E14,2011-11-21,ESG-EGARCH(S),0.619386310163441,15.223785762614382,S,2011-09-08
JNPR,JNPR.W^E14,2011-11-21,ESG-GARCH,0.7731064998584961,23.718002385851378,all,2011-09-08
JNPR,JNPR.W^E14,2011-11-21,ESG-GARCH(E),0.7731064998584973,23.71800238585146,E,2011-09-08
JNPR,JNPR.W^E14,2011-11-21,ESG-GARCH(G),0.7731064998584968,23.718002385851428,G,2011-09-08
JNPR,JNPR.W^E14,2011-11-21,ESG-GARCH(S),0.7731064998584968,23.718002385851428,S,2011-09-08
JNPR,JNPR.W^E14,2011-11-21,ESG-GJR-GARCH,1.1799152684750402,55.24603336430661,all,2011-09-08
JNPR,JNPR.W^E14,2011-11-21,ESG-GJR-GARCH(E),1.1799152684750398,55.24603336430656,E,2011-09-08
JNPR,JNPR.W^E14,2011-11-21,ESG-GJR-GARCH(G),1.179915268475041,55.24603336430666,G,2011-09-08
JNPR,JNPR.W^E14,2011-11-21,ESG-GJR-GARCH(S),1.1799152684750394,55.24603336430652,S,2011-09-08
JNPR,JNPR.W^E14,2011-11-21,GARCH,0.7285727449309058,21.06421605778392,,2011-09-08
JNPR,JNPR.W^E14,2011-11-21,GJR-GARCH,1.1348918049733618,51.110294007765695,,2011-09-08
JNPR,JNPR.W^E14,2011-12-01,EGARCH,0.5147994111880128,10.516604514266852,,2011-12-01
JNPR,JNPR.W^E14,2011-12-01,ESG-EGARCH,0.4728978687186281,8.874301358675432,all,2011-12-01
JNPR,JNPR.W^E14,2011-12-01,ESG-EGARCH(E),0.4728978687186281,8.874301358675432,E,2011-12-01
JNPR,JNPR.W^E14,2011-12-01,ESG-EGARCH(G),0.4728978687186281,8.874301358675432,G,2011-12-01
JNPR,JNPR.W^E14,2011-12-01,ESG-EGARCH(S),0.4728978687186281,8.874301358675428,S,2011-12-01
JNPR,JNPR.W^E14,2011-12-01,ESG-GARCH,0.4559694813748728,8.250324124812321,all,2011-12-01
JNPR,JNPR.W^E14,2011-12-01,ESG-GARCH(E),0.4559694813748726,8.250324124812314,E,2011-12-01
JNPR,JNPR.W^E14,2011-12-01,ESG-GARCH(G),0.4559694813748723,8.250324124812304,G,2011-12-01
JNPR,JNPR.W^E14,2011-12-01,ESG-GARCH(S),0.4559694813748727,8.250324124812318,S,2011-12-01
JNPR,JNPR.W^E14,2011-12-01,ESG-GJR-GARCH,0.378311087468969,5.679336464363252,all,2011-12-01
JNPR,JNPR.W^E14,2011-12-01,ESG-GJR-GARCH(E),0.3783110874689688,5.679336464363245,E,2011-12-01
JNPR,JNPR.W^E14,2011-12-01,ESG-GJR-GARCH(G),0.3783110874689689,5.679336464363249,G,2011-12-01
JNPR,JNPR.W^E14,2011-12-01,ESG-GJR-GARCH(S),0.3783110874689692,5.6793364643632565,S,2011-12-01
JNPR,JNPR.W^E14,2011-12-01,GARCH,0.4864054393629387,9.388502041343388,,2011-12-01
JNPR,JNPR.W^E14,2011-12-01,GJR-GARCH,0.5005093762453127,9.94085855989968,,2011-12-01
JNPR,JNPR.W^E14,2011-12-12,EGARCH,0.5147994111880128,10.516604514266852,,2011-12-01
JNPR,JNPR.W^E14,2011-12-12,ESG-EGARCH,0.4728978687186281,8.874301358675432,all,2011-12-01
JNPR,JNPR.W^E14,2011-12-12,ESG-EGARCH(E),0.4728978687186281,8.874301358675432,E,2011-12-01
JNPR,JNPR.W^E14,2011-12-12,ESG-EGARCH(G),0.4728978687186281,8.874301358675432,G,2011-12-01
JNPR,JNPR.W^E14,2011-12-12,ESG-EGARCH(S),0.4728978687186281,8.874301358675428,S,2011-12-01
JNPR,JNPR.W^E14,2011-12-12,ESG-GARCH,0.4559694813748728,8.250324124812321,all,2011-12-01
JNPR,JNPR.W^E14,2011-12-12,ESG-GARCH(E),0.4559694813748726,8.250324124812314,E,2011-12-01
JNPR,JNPR.W^E14,2011-12-12,ESG-GARCH(G),0.4559694813748723,8.250324124812304,G,2011-12-01
JNPR,JNPR.W^E14,2011-12-12,ESG-GARCH(S),0.4559694813748727,8.250324124812318,S,2011-12-01
JNPR,JNPR.W^E14,2011-12-12,ESG-GJR-GARCH,0.378311087468969,5.679336464363252,all,2011-12-01
JNPR,JNPR.W^E14,2011-12-12,ESG-GJR-GARCH(E),0.3783110874689688,5.679336464363245,E,2011-12-01
JNPR,JNPR.W^E14,2011-12-12,ESG-GJR-GARCH(G),0.3783110874689689,5.679336464363249,G,2011-12-01
JNPR,JNPR.W^E14,2011-12-12,ESG-GJR-GARCH(S),0.3783110874689692,5.6793364643632565,S,2011-12-01
JNPR,JNPR.W^E14,2011-12-12,GARCH,0.4864054393629387,9.388502041343388,,2011-12-01
JNPR,JNPR.W^E14,2011-12-12,GJR-GARCH,0.5005093762453127,9.94085855989968,,2011-12-01
JNPR,JNPR.W^E14,2011-12-13,EGARCH,0.5147994111880128,10.516604514266852,,2011-12-01
JNPR,JNPR.W^E14,2011-12-13,ESG-EGARCH,0.4728978687186281,8.874301358675432,all,2011-12-01
JNPR,JNPR.W^E14,2011-12-13,ESG-EGARCH(E),0.4728978687186281,8.874301358675432,E,2011-12-01
JNPR,JNPR.W^E14,2011-12-13,ESG-EGARCH(G),0.4728978687186281,8.874301358675432,G,2011-12-01
JNPR,JNPR.W^E14,2011-12-13,ESG-EGARCH(S),0.4728978687186281,8.874301358675428,S,2011-12-01
JNPR,JNPR.W^E14,2011-12-13,ESG-GARCH,0.4559694813748728,8.250324124812321,all,2011-12-01
JNPR,JNPR.W^E14,2011-12-13,ESG-GARCH(E),0.4559694813748726,8.250324124812314,E,2011-12-01
JNPR,JNPR.W^E14,2011-12-13,ESG-GARCH(G),0.4559694813748723,8.250324124812304,G,2011-12-01
JNPR,JNPR.W^E14,2011-12-13,ESG-GARCH(S),0.4559694813748727,8.250324124812318,S,2011-12-01
JNPR,JNPR.W^E14,2011-12-13,ESG-GJR-GARCH,0.378311087468969,5.679336464363252,all,2011-12-01
JNPR,JNPR.W^E14,2011-12-13,ESG-GJR-GARCH(E),0.3783110874689688,5.679336464363245,E,2011-12-01
JNPR,JNPR.W^E14,2011-12-13,ESG-GJR-GARCH(G),0.3783110874689689,5.679336464363249,G,2011-12-01
JNPR,JNPR.W^E14,2011-12-13,ESG-GJR-GARCH(S),0.3783110874689692,5.6793364643632565,S,2011-12-01
JNPR,JNPR.W^E14,2011-12-13,GARCH,0.4864054393629387,9.388502041343388,,2011-12-01
JNPR,JNPR.W^E14,2011-12-13,GJR-GARCH,0.5005093762453127,9.94085855989968,,2011-12-01
JNPR,JNPR.W^E14,2012-01-10,EGARCH,0.5147994111880128,10.516604514266852,,2011-12-01
JNPR,JNPR.W^E14,2012-01-10,ESG-EGARCH,0.475965228326607,8.989797562539646,all,2011-12-01
JNPR,JNPR.W^E14,2012-01-10,ESG-EGARCH(E),0.4812543762953665,9.190705345374694,E,2011-12-01
JNPR,JNPR.W^E14,2012-01-10,ESG-EGARCH(G),0.4670484535733398,8.656121348620958,G,2011-12-01
JNPR,JNPR.W^E14,2012-01-10,ESG-EGARCH(S),0.4797213521890217,9.13224506928823,S,2011-12-01
JNPR,JNPR.W^E14,2012-01-10,ESG-GARCH,0.4592738819500433,8.370337247677078,all,2011-12-01
JNPR,JNPR.W^E14,2012-01-10,ESG-GARCH(E),0.4649776063770565,8.579530731434001,E,2011-12-01
JNPR,JNPR.W^E14,2012-01-10,ESG-GARCH(G),0.4496749836663193,8.024110751400976,G,2011-12-01
JNPR,JNPR.W^E14,2012-01-10,ESG-GARCH(S),0.4633236625506907,8.51860382061057,S,2011-12-01
JNPR,JNPR.W^E14,2012-01-10,ESG-GJR-GARCH,0.3809528138957792,5.758930413298104,all,2011-12-01
JNPR,JNPR.W^E14,2012-01-10,ESG-GJR-GARCH(E),0.3855110762897089,5.897571029446419,E,2011-12-01
JNPR,JNPR.W^E14,2012-01-10,ESG-GJR-GARCH(G),0.3732769789843938,5.529194565068079,G,2011-12-01
JNPR,JNPR.W^E14,2012-01-10,ESG-GJR-GARCH(S),0.3841894991778696,5.857205209465966,S,2011-12-01
JNPR,JNPR.W^E14,2012-01-10,GARCH,0.4864054393629387,9.388502041343388,,2011-12-01
JNPR,JNPR.W^E14,2012-01-10,GJR-GARCH,0.5005093762453127,9.94085855989968,,2011-12-01
JNPR,JNPR.W^E14,2012-01-11,EGARCH,0.5147994111880128,10.516604514266852,,2011-12-01
JNPR,JNPR.W^E14,2012-01-11,ESG-EGARCH,0.475965228326607,8.989797562539646,all,2011-12-01
JNPR,JNPR.W^E14,2012-01-11,ESG-EGARCH(E),0.4812543762953665,9.190705345374694,E,2011-12-01
JNPR,JNPR.W^E14,2012-01-11,ESG-EGARCH(G),0.4670484535733398,8.656121348620958,G,2011-12-01
JNPR,JNPR.W^E14,2012-01-11,ESG-EGARCH(S),0.4797213521890217,9.13224506928823,S,2011-12-01
JNPR,JNPR.W^E14,2012-01-11,ESG-GARCH,0.4592738819500433,8.370337247677078,all,2011-12-01
JNPR,JNPR.W^E14,2012-01-11,ESG-GARCH(E),0.4649776063770565,8.579530731434001,E,2011-12-01
JNPR,JNPR.W^E14,2012-01-11,ESG-GARCH(G),0.4496749836663193,8.024110751400976,G,2011-12-01
JNPR,JNPR.W^E14,2012-01-11,ESG-GARCH(S),0.4633236625506907,8.51860382061057,S,2011-12-01
JNPR,JNPR.W^E14,2012-01-11,ESG-GJR-GARCH,0.3809528138957792,5.758930413298104,all,2011-12-01
JNPR,JNPR.W^E14,2012-01-11,ESG-GJR-GARCH(E),0.3855110762897089,5.897571029446419,E,2011-12-01
JNPR,JNPR.W^E14,2012-01-11,ESG-GJR-GARCH(G),0.3732769789843938,5.529194565068079,G,2011-12-01
JNPR,JNPR.W^E14,2012-01-11,ESG-GJR-GARCH(S),0.3841894991778696,5.857205209465966,S,2011-12-01
JNPR,JNPR.W^E14,2012-01-11,GARCH,0.4864054393629387,9.388502041343388,,2011-12-01
JNPR,JNPR.W^E14,2012-01-11,GJR-GARCH,0.5005093762453127,9.94085855989968,,2011-12-01
JNPR,JNPR.W^E14,2012-01-19,EGARCH,0.5147994111880128,10.516604514266852,,2011-12-01
JNPR,JNPR.W^E14,2012-01-19,ESG-EGARCH,0.475965228326607,8.989797562539646,all,2011-12-01
JNPR,JNPR.W^E14,2012-01-19,ESG-EGARCH(E),0.4812543762953665,9.190705345374694,E,2011-12-01
JNPR,JNPR.W^E14,2012-01-19,ESG-EGARCH(G),0.4670484535733398,8.656121348620958,G,2011-12-01
JNPR,JNPR.W^E14,2012-01-19,ESG-EGARCH(S),0.4797213521890217,9.13224506928823,S,2011-12-01
JNPR,JNPR.W^E14,2012-01-19,ESG-GARCH,0.4592738819500433,8.370337247677078,all,2011-12-01
JNPR,JNPR.W^E14,2012-01-19,ESG-GARCH(E),0.4649776063770565,8.579530731434001,E,2011-12-01
JNPR,JNPR.W^E14,2012-01-19,ESG-GARCH(G),0.4496749836663193,8.024110751400976,G,2011-12-01
JNPR,JNPR.W^E14,2012-01-19,ESG-GARCH(S),0.4633236625506907,8.51860382061057,S,2011-12-01
JNPR,JNPR.W^E14,2012-01-19,ESG-GJR-GARCH,0.3809528138957792,5.758930413298104,all,2011-12-01
JNPR,JNPR.W^E14,2012-01-19,ESG-GJR-GARCH(E),0.3855110762897089,5.897571029446419,E,2011-12-01
JNPR,JNPR.W^E14,2012-01-19,ESG-GJR-GARCH(G),0.3732769789843938,5.529194565068079,G,2011-12-01
JNPR,JNPR.W^E14,2012-01-19,ESG-GJR-GARCH(S),0.3841894991778696,5.857205209465966,S,2011-12-01
JNPR,JNPR.W^E14,2012-01-19,GARCH,0.4864054393629387,9.388502041343388,,2011-12-01
JNPR,JNPR.W^E14,2012-01-19,GJR-GARCH,0.5005093762453127,9.94085855989968,,2011-12-01
JNPR,JNPR.W^E14,2012-01-27,EGARCH,0.5147994111880128,10.516604514266852,,2011-12-01
JNPR,JNPR.W^E14,2012-01-27,ESG-EGARCH,0.475965228326607,8.989797562539646,all,2011-12-01
JNPR,JNPR.W^E14,2012-01-27,ESG-EGARCH(E),0.4812543762953665,9.190705345374694,E,2011-12-01
JNPR,JNPR.W^E14,2012-01-27,ESG-EGARCH(G),0.4670484535733398,8.656121348620958,G,2011-12-01
JNPR,JNPR.W^E14,2012-01-27,ESG-EGARCH(S),0.4797213521890217,9.13224506928823,S,2011-12-01
JNPR,JNPR.W^E14,2012-01-27,ESG-GARCH,0.4592738819500433,8.370337247677078,all,2011-12-01
JNPR,JNPR.W^E14,2012-01-27,ESG-GARCH(E),0.4649776063770565,8.579530731434001,E,2011-12-01
JNPR,JNPR.W^E14,2012-01-27,ESG-GARCH(G),0.4496749836663193,8.024110751400976,G,2011-12-01
JNPR,JNPR.W^E14,2012-01-27,ESG-GARCH(S),0.4633236625506907,8.51860382061057,S,2011-12-01
JNPR,JNPR.W^E14,2012-01-27,ESG-GJR-GARCH,0.3809528138957792,5.758930413298104,all,2011-12-01
JNPR,JNPR.W^E14,2012-01-27,ESG-GJR-GARCH(E),0.3855110762897089,5.897571029446419,E,2011-12-01
JNPR,JNPR.W^E14,2012-01-27,ESG-GJR-GARCH(G),0.3732769789843938,5.529194565068079,G,2011-12-01
JNPR,JNPR.W^E14,2012-01-27,ESG-GJR-GARCH(S),0.3841894991778696,5.857205209465966,S,2011-12-01
JNPR,JNPR.W^E14,2012-01-27,GARCH,0.4864054393629387,9.388502041343388,,2011-12-01
JNPR,JNPR.W^E14,2012-01-27,GJR-GARCH,0.5005093762453127,9.94085855989968,,2011-12-01
JNPR,JNPR.W^E14,2012-02-16,EGARCH,0.5147994111880128,10.516604514266852,,2011-12-01
JNPR,JNPR.W^E14,2012-02-16,ESG-EGARCH,0.475965228326607,8.989797562539646,all,2011-12-01
JNPR,JNPR.W^E14,2012-02-16,ESG-EGARCH(E),0.4812543762953665,9.190705345374694,E,2011-12-01
JNPR,JNPR.W^E14,2012-02-16,ESG-EGARCH(G),0.4670484535733398,8.656121348620958,G,2011-12-01
JNPR,JNPR.W^E14,2012-02-16,ESG-EGARCH(S),0.4797213521890217,9.13224506928823,S,2011-12-01
JNPR,JNPR.W^E14,2012-02-16,ESG-GARCH,0.4592738819500433,8.370337247677078,all,2011-12-01
JNPR,JNPR.W^E14,2012-02-16,ESG-GARCH(E),0.4649776063770565,8.579530731434001,E,2011-12-01
JNPR,JNPR.W^E14,2012-02-16,ESG-GARCH(G),0.4496749836663193,8.024110751400976,G,2011-12-01
JNPR,JNPR.W^E14,2012-02-16,ESG-GARCH(S),0.4633236625506907,8.51860382061057,S,2011-12-01
JNPR,JNPR.W^E14,2012-02-16,ESG-GJR-GARCH,0.3809528138957792,5.758930413298104,all,2011-12-01
JNPR,JNPR.W^E14,2012-02-16,ESG-GJR-GARCH(E),0.3855110762897089,5.897571029446419,E,2011-12-01
JNPR,JNPR.W^E14,2012-02-16,ESG-GJR-GARCH(G),0.3732769789843938,5.529194565068079,G,2011-12-01
JNPR,JNPR.W^E14,2012-02-16,ESG-GJR-GARCH(S),0.3841894991778696,5.857205209465966,S,2011-12-01
JNPR,JNPR.W^E14,2012-02-16,GARCH,0.4864054393629387,9.388502041343388,,2011-12-01
JNPR,JNPR.W^E14,2012-02-16,GJR-GARCH,0.5005093762453127,9.94085855989968,,2011-12-01
JNPR,JNPR.W^E14,2012-02-24,EGARCH,0.5147994111880128,10.516604514266852,,2011-12-01
JNPR,JNPR.W^E14,2012-02-24,ESG-EGARCH,0.475965228326607,8.989797562539646,all,2011-12-01
JNPR,JNPR.W^E14,2012-02-24,ESG-EGARCH(E),0.4812543762953665,9.190705345374694,E,2011-12-01
JNPR,JNPR.W^E14,2012-02-24,ESG-EGARCH(G),0.4670484535733398,8.656121348620958,G,2011-12-01
JNPR,JNPR.W^E14,2012-02-24,ESG-EGARCH(S),0.4797213521890217,9.13224506928823,S,2011-12-01
JNPR,JNPR.W^E14,2012-02-24,ESG-GARCH,0.4592738819500433,8.370337247677078,all,2011-12-01
JNPR,JNPR.W^E14,2012-02-24,ESG-GARCH(E),0.4649776063770565,8.579530731434001,E,2011-12-01
JNPR,JNPR.W^E14,2012-02-24,ESG-GARCH(G),0.4496749836663193,8.024110751400976,G,2011-12-01
JNPR,JNPR.W^E14,2012-02-24,ESG-GARCH(S),0.4633236625506907,8.51860382061057,S,2011-12-01
JNPR,JNPR.W^E14,2012-02-24,ESG-GJR-GARCH,0.3809528138957792,5.758930413298104,all,2011-12-01
JNPR,JNPR.W^E14,2012-02-24,ESG-GJR-GARCH(E),0.3855110762897089,5.897571029446419,E,2011-12-01
JNPR,JNPR.W^E14,2012-02-24,ESG-GJR-GARCH(G),0.3732769789843938,5.529194565068079,G,2011-12-01
JNPR,JNPR.W^E14,2012-02-24,ESG-GJR-GARCH(S),0.3841894991778696,5.857205209465966,S,2011-12-01
JNPR,JNPR.W^E14,2012-02-24,GARCH,0.4864054393629387,9.388502041343388,,2011-12-01
JNPR,JNPR.W^E14,2012-02-24,GJR-GARCH,0.5005093762453127,9.94085855989968,,2011-12-01
JNPR,JNPR.W^E14,2012-02-27,EGARCH,0.5147994111880128,10.516604514266852,,2011-12-01
JNPR,JNPR.W^E14,2012-02-27,ESG-EGARCH,0.475965228326607,8.989797562539646,all,2011-12-01
JNPR,JNPR.W^E14,2012-02-27,ESG-EGARCH(E),0.4812543762953665,9.190705345374694,E,2011-12-01
JNPR,JNPR.W^E14,2012-02-27,ESG-EGARCH(G),0.4670484535733398,8.656121348620958,G,2011-12-01
JNPR,JNPR.W^E14,2012-02-27,ESG-EGARCH(S),0.4797213521890217,9.13224506928823,S,2011-12-01
JNPR,JNPR.W^E14,2012-02-27,ESG-GARCH,0.4592738819500433,8.370337247677078,all,2011-12-01
JNPR,JNPR.W^E14,2012-02-27,ESG-GARCH(E),0.4649776063770565,8.579530731434001,E,2011-12-01
JNPR,JNPR.W^E14,2012-02-27,ESG-GARCH(G),0.4496749836663193,8.024110751400976,G,2011-12-01
JNPR,JNPR.W^E14,2012-02-27,ESG-GARCH(S),0.4633236625506907,8.51860382061057,S,2011-12-01
JNPR,JNPR.W^E14,2012-02-27,ESG-GJR-GARCH,0.3809528138957792,5.758930413298104,all,2011-12-01
JNPR,JNPR.W^E14,2012-02-27,ESG-GJR-GARCH(E),0.3855110762897089,5.897571029446419,E,2011-12-01
JNPR,JNPR.W^E14,2012-02-27,ESG-GJR-GARCH(G),0.3732769789843938,5.529194565068079,G,2011-12-01
JNPR,JNPR.W^E14,2012-02-27,ESG-GJR-GARCH(S),0.3841894991778696,5.857205209465966,S,2011-12-01
JNPR,JNPR.W^E14,2012-02-27,GARCH,0.4864054393629387,9.388502041343388,,2011-12-01
JNPR,JNPR.W^E14,2012-02-27,GJR-GARCH,0.5005093762453127,9.94085855989968,,2011-12-01
JNPR,JNPR.W^E14,2012-02-28,EGARCH,0.5147994111880128,10.516604514266852,,2011-12-01
JNPR,JNPR.W^E14,2012-02-28,ESG-EGARCH,0.475965228326607,8.989797562539646,all,2011-12-01
JNPR,JNPR.W^E14,2012-02-28,ESG-EGARCH(E),0.4812543762953665,9.190705345374694,E,2011-12-01
JNPR,JNPR.W^E14,2012-02-28,ESG-EGARCH(G),0.4670484535733398,8.656121348620958,G,2011-12-01
JNPR,JNPR.W^E14,2012-02-28,ESG-EGARCH(S),0.4797213521890217,9.13224506928823,S,2011-12-01
JNPR,JNPR.W^E14,2012-02-28,ESG-GARCH,0.4592738819500433,8.370337247677078,all,2011-12-01
JNPR,JNPR.W^E14,2012-02-28,ESG-GARCH(E),0.4649776063770565,8.579530731434001,E,2011-12-01
JNPR,JNPR.W^E14,2012-02-28,ESG-GARCH(G),0.4496749836663193,8.024110751400976,G,2011-12-01
JNPR,JNPR.W^E14,2012-02-28,ESG-GARCH(S),0.4633236625506907,8.51860382061057,S,2011-12-01
JNPR,JNPR.W^E14,2012-02-28,ESG-GJR-GARCH,0.3809528138957792,5.758930413298104,all,2011-12-01
JNPR,JNPR.W^E14,2012-02-28,ESG-GJR-GARCH(E),0.3855110762897089,5.897571029446419,E,2011-12-01
JNPR,JNPR.W^E14,2012-02-28,ESG-GJR-GARCH(G),0.3732769789843938,5.529194565068079,G,2011-12-01
JNPR,JNPR.W^E14,2012-02-28,ESG-GJR-GARCH(S),0.3841894991778696,5.857205209465966,S,2011-12-01
JNPR,JNPR.W^E14,2012-02-28,GARCH,0.4864054393629387,9.388502041343388,,2011-12-01
JNPR,JNPR.W^E14,2012-02-28,GJR-GARCH,0.5005093762453127,9.94085855989968,,2011-12-01
JNPR,JNPR.W^E14,2012-02-29,EGARCH,0.5147994111880128,10.516604514266852,,2011-12-01
JNPR,JNPR.W^E14,2012-02-29,ESG-EGARCH,0.475965228326607,8.989797562539646,all,2011-12-01
JNPR,JNPR.W^E14,2012-02-29,ESG-EGARCH(E),0.4812543762953665,9.190705345374694,E,2011-12-01
JNPR,JNPR.W^E14,2012-02-29,ESG-EGARCH(G),0.4670484535733398,8.656121348620958,G,2011-12-01
JNPR,JNPR.W^E14,2012-02-29,ESG-EGARCH(S),0.4797213521890217,9.13224506928823,S,2011-12-01
JNPR,JNPR.W^E14,2012-02-29,ESG-GARCH,0.4592738819500433,8.370337247677078,all,2011-12-01
JNPR,JNPR.W^E14,2012-02-29,ESG-GARCH(E),0.4649776063770565,8.579530731434001,E,2011-12-01
JNPR,JNPR.W^E14,2012-02-29,ESG-GARCH(G),0.4496749836663193,8.024110751400976,G,2011-12-01
JNPR,JNPR.W^E14,2012-02-29,ESG-GARCH(S),0.4633236625506907,8.51860382061057,S,2011-12-01
JNPR,JNPR.W^E14,2012-02-29,ESG-GJR-GARCH,0.3809528138957792,5.758930413298104,all,2011-12-01
JNPR,JNPR.W^E14,2012-02-29,ESG-GJR-GARCH(E),0.3855110762897089,5.897571029446419,E,2011-12-01
JNPR,JNPR.W^E14,2012-02-29,ESG-GJR-GARCH(G),0.3732769789843938,5.529194565068079,G,2011-12-01
JNPR,JNPR.W^E14,2012-02-29,ESG-GJR-GARCH(S),0.3841894991778696,5.857205209465966,S,2011-12-01
JNPR,JNPR.W^E14,2012-02-29,GARCH,0.4864054393629387,9.388502041343388,,2011-12-01
JNPR,JNPR.W^E14,2012-02-29,GJR-GARCH,0.5005093762453127,9.94085855989968,,2011-12-01
JNPR,JNPR.W^E14,2012-03-01,EGARCH,0.5147994111880128,10.516604514266852,,2011-12-01
JNPR,JNPR.W^E14,2012-03-01,ESG-EGARCH,0.475965228326607,8.989797562539646,all,2011-12-01
JNPR,JNPR.W^E14,2012-03-01,ESG-EGARCH(E),0.4812543762953665,9.190705345374694,E,2011-12-01
JNPR,JNPR.W^E14,2012-03-01,ESG-EGARCH(G),0.4670484535733398,8.656121348620958,G,2011-12-01
JNPR,JNPR.W^E14,2012-03-01,ESG-EGARCH(S),0.4797213521890217,9.13224506928823,S,2011-12-01
JNPR,JNPR.W^E14,2012-03-01,ESG-GARCH,0.4592738819500433,8.370337247677078,all,2011-12-01
JNPR,JNPR.W^E14,2012-03-01,ESG-GARCH(E),0.4649776063770565,8.579530731434001,E,2011-12-01
JNPR,JNPR.W^E14,2012-03-01,ESG-GARCH(G),0.4496749836663193,8.024110751400976,G,2011-12-01
JNPR,JNPR.W^E14,2012-03-01,ESG-GARCH(S),0.4633236625506907,8.51860382061057,S,2011-12-01
JNPR,JNPR.W^E14,2012-03-01,ESG-GJR-GARCH,0.3809528138957792,5.758930413298104,all,2011-12-01
JNPR,JNPR.W^E14,2012-03-01,ESG-GJR-GARCH(E),0.3855110762897089,5.897571029446419,E,2011-12-01
JNPR,JNPR.W^E14,2012-03-01,ESG-GJR-GARCH(G),0.3732769789843938,5.529194565068079,G,2011-12-01
JNPR,JNPR.W^E14,2012-03-01,ESG-GJR-GARCH(S),0.3841894991778696,5.857205209465966,S,2011-12-01
JNPR,JNPR.W^E14,2012-03-01,GARCH,0.4864054393629387,9.388502041343388,,2011-12-01
JNPR,JNPR.W^E14,2012-03-01,GJR-GARCH,0.5005093762453127,9.94085855989968,,2011-12-01
JNPR,JNPR.W^E14,2012-03-02,EGARCH,0.5147994111880128,10.516604514266852,,2011-12-01
JNPR,JNPR.W^E14,2012-03-02,ESG-EGARCH,0.475965228326607,8.989797562539646,all,2011-12-01
JNPR,JNPR.W^E14,2012-03-02,ESG-EGARCH(E),0.4812543762953665,9.190705345374694,E,2011-12-01
JNPR,JNPR.W^E14,2012-03-02,ESG-EGARCH(G),0.4670484535733398,8.656121348620958,G,2011-12-01
JNPR,JNPR.W^E14,2012-03-02,ESG-EGARCH(S),0.4797213521890217,9.13224506928823,S,2011-12-01
JNPR,JNPR.W^E14,2012-03-02,ESG-GARCH,0.4592738819500433,8.370337247677078,all,2011-12-01
JNPR,JNPR.W^E14,2012-03-02,ESG-GARCH(E),0.4649776063770565,8.579530731434001,E,2011-12-01
JNPR,JNPR.W^E14,2012-03-02,ESG-GARCH(G),0.4496749836663193,8.024110751400976,G,2011-12-01
JNPR,JNPR.W^E14,2012-03-02,ESG-GARCH(S),0.4633236625506907,8.51860382061057,S,2011-12-01
JNPR,JNPR.W^E14,2012-03-02,ESG-GJR-GARCH,0.3809528138957792,5.758930413298104,all,2011-12-01
JNPR,JNPR.W^E14,2012-03-02,ESG-GJR-GARCH(E),0.3855110762897089,5.897571029446419,E,2011-12-01
JNPR,JNPR.W^E14,2012-03-02,ESG-GJR-GARCH(G),0.3732769789843938,5.529194565068079,G,2011-12-01
JNPR,JNPR.W^E14,2012-03-02,ESG-GJR-GARCH(S),0.3841894991778696,5.857205209465966,S,2011-12-01
JNPR,JNPR.W^E14,2012-03-02,GARCH,0.4864054393629387,9.388502041343388,,2011-12-01
JNPR,JNPR.W^E14,2012-03-02,GJR-GARCH,0.5005093762453127,9.94085855989968,,2011-12-01
JNPR,JNPR.W^E14,2012-03-07,EGARCH,0.5147994111880128,10.516604514266852,,2011-12-01
JNPR,JNPR.W^E14,2012-03-07,ESG-EGARCH,0.475965228326607,8.989797562539646,all,2011-12-01
JNPR,JNPR.W^E14,2012-03-07,ESG-EGARCH(E),0.4812543762953665,9.190705345374694,E,2011-12-01
JNPR,JNPR.W^E14,2012-03-07,ESG-EGARCH(G),0.4670484535733398,8.656121348620958,G,2011-12-01
JNPR,JNPR.W^E14,2012-03-07,ESG-EGARCH(S),0.4797213521890217,9.13224506928823,S,2011-12-01
JNPR,JNPR.W^E14,2012-03-07,ESG-GARCH,0.4592738819500433,8.370337247677078,all,2011-12-01
JNPR,JNPR.W^E14,2012-03-07,ESG-GARCH(E),0.4649776063770565,8.579530731434001,E,2011-12-01
JNPR,JNPR.W^E14,2012-03-07,ESG-GARCH(G),0.4496749836663193,8.024110751400976,G,2011-12-01
JNPR,JNPR.W^E14,2012-03-07,ESG-GARCH(S),0.4633236625506907,8.51860382061057,S,2011-12-01
JNPR,JNPR.W^E14,2012-03-07,ESG-GJR-GARCH,0.3809528138957792,5.758930413298104,all,2011-12-01
JNPR,JNPR.W^E14,2012-03-07,ESG-GJR-GARCH(E),0.3855110762897089,5.897571029446419,E,2011-12-01
JNPR,JNPR.W^E14,2012-03-07,ESG-GJR-GARCH(G),0.3732769789843938,5.529194565068079,G,2011-12-01
JNPR,JNPR.W^E14,2012-03-07,ESG-GJR-GARCH(S),0.3841894991778696,5.857205209465966,S,2011-12-01
JNPR,JNPR.W^E14,2012-03-07,GARCH,0.4864054393629387,9.388502041343388,,2011-12-01
JNPR,JNPR.W^E14,2012-03-07,GJR-GARCH,0.5005093762453127,9.94085855989968,,2011-12-01
JNPR,JNPR.W^E14,2012-03-08,EGARCH,0.5147994111880128,10.516604514266852,,2011-12-01
JNPR,JNPR.W^E14,2012-03-08,ESG-EGARCH,0.475965228326607,8.989797562539646,all,2011-12-01
JNPR,JNPR.W^E14,2012-03-08,ESG-EGARCH(E),0.4812543762953665,9.190705345374694,E,2011-12-01
JNPR,JNPR.W^E14,2012-03-08,ESG-EGARCH(G),0.4670484535733398,8.656121348620958,G,2011-12-01
JNPR,JNPR.W^E14,2012-03-08,ESG-EGARCH(S),0.4797213521890217,9.13224506928823,S,2011-12-01
JNPR,JNPR.W^E14,2012-03-08,ESG-GARCH,0.4592738819500433,8.370337247677078,all,2011-12-01
JNPR,JNPR.W^E14,2012-03-08,ESG-GARCH(E),0.4649776063770565,8.579530731434001,E,2011-12-01
JNPR,JNPR.W^E14,2012-03-08,ESG-GARCH(G),0.4496749836663193,8.024110751400976,G,2011-12-01
JNPR,JNPR.W^E14,2012-03-08,ESG-GARCH(S),0.4633236625506907,8.51860382061057,S,2011-12-01
JNPR,JNPR.W^E14,2012-03-08,ESG-GJR-GARCH,0.3809528138957792,5.758930413298104,all,2011-12-01
JNPR,JNPR.W^E14,2012-03-08,ESG-GJR-GARCH(E),0.3855110762897089,5.897571029446419,E,2011-12-01
JNPR,JNPR.W^E14,2012-03-08,ESG-GJR-GARCH(G),0.3732769789843938,5.529194565068079,G,2011-12-01
JNPR,JNPR.W^E14,2012-03-08,ESG-GJR-GARCH(S),0.3841894991778696,5.857205209465966,S,2011-12-01
JNPR,JNPR.W^E14,2012-03-08,GARCH,0.4864054393629387,9.388502041343388,,2011-12-01
JNPR,JNPR.W^E14,2012-03-08,GJR-GARCH,0.5005093762453127,9.94085855989968,,2011-12-01
JNPR,JNPR.W^E14,2012-03-09,EGARCH,0.5147994111880128,10.516604514266852,,2011-12-01
JNPR,JNPR.W^E14,2012-03-09,ESG-EGARCH,0.475965228326607,8.989797562539646,all,2011-12-01
JNPR,JNPR.W^E14,2012-03-09,ESG-EGARCH(E),0.4812543762953665,9.190705345374694,E,2011-12-01
JNPR,JNPR.W^E14,2012-03-09,ESG-EGARCH(G),0.4670484535733398,8.656121348620958,G,2011-12-01
JNPR,JNPR.W^E14,2012-03-09,ESG-EGARCH(S),0.4797213521890217,9.13224506928823,S,2011-12-01
JNPR,JNPR.W^E14,2012-03-09,ESG-GARCH,0.4592738819500433,8.370337247677078,all,2011-12-01
JNPR,JNPR.W^E14,2012-03-09,ESG-GARCH(E),0.4649776063770565,8.579530731434001,E,2011-12-01
JNPR,JNPR.W^E14,2012-03-09,ESG-GARCH(G),0.4496749836663193,8.024110751400976,G,2011-12-01
JNPR,JNPR.W^E14,2012-03-09,ESG-GARCH(S),0.4633236625506907,8.51860382061057,S,2011-12-01
JNPR,JNPR.W^E14,2012-03-09,ESG-GJR-GARCH,0.3809528138957792,5.758930413298104,all,2011-12-01
JNPR,JNPR.W^E14,2012-03-09,ESG-GJR-GARCH(E),0.3855110762897089,5.897571029446419,E,2011-12-01
JNPR,JNPR.W^E14,2012-03-09,ESG-GJR-GARCH(G),0.3732769789843938,5.529194565068079,G,2011-12-01
JNPR,JNPR.W^E14,2012-03-09,ESG-GJR-GARCH(S),0.3841894991778696,5.857205209465966,S,2011-12-01
JNPR,JNPR.W^E14,2012-03-09,GARCH,0.4864054393629387,9.388502041343388,,2011-12-01
JNPR,JNPR.W^E14,2012-03-09,GJR-GARCH,0.5005093762453127,9.94085855989968,,2011-12-01
JNPR,JNPR.W^E14,2012-03-12,EGARCH,0.5147994111880128,10.516604514266852,,2011-12-01
JNPR,JNPR.W^E14,2012-03-12,ESG-EGARCH,0.475965228326607,8.989797562539646,all,2011-12-01
JNPR,JNPR.W^E14,2012-03-12,ESG-EGARCH(E),0.4812543762953665,9.190705345374694,E,2011-12-01
JNPR,JNPR.W^E14,2012-03-12,ESG-EGARCH(G),0.4670484535733398,8.656121348620958,G,2011-12-01
JNPR,JNPR.W^E14,2012-03-12,ESG-EGARCH(S),0.4797213521890217,9.13224506928823,S,2011-12-01
JNPR,JNPR.W^E14,2012-03-12,ESG-GARCH,0.4592738819500433,8.370337247677078,all,2011-12-01
JNPR,JNPR.W^E14,2012-03-12,ESG-GARCH(E),0.4649776063770565,8.579530731434001,E,2011-12-01
JNPR,JNPR.W^E14,2012-03-12,ESG-GARCH(G),0.4496749836663193,8.024110751400976,G,2011-12-01
JNPR,JNPR.W^E14,2012-03-12,ESG-GARCH(S),0.4633236625506907,8.51860382061057,S,2011-12-01
JNPR,JNPR.W^E14,2012-03-12,ESG-GJR-GARCH,0.3809528138957792,5.758930413298104,all,2011-12-01
JNPR,JNPR.W^E14,2012-03-12,ESG-GJR-GARCH(E),0.3855110762897089,5.897571029446419,E,2011-12-01
JNPR,JNPR.W^E14,2012-03-12,ESG-GJR-GARCH(G),0.3732769789843938,5.529194565068079,G,2011-12-01
JNPR,JNPR.W^E14,2012-03-12,ESG-GJR-GARCH(S),0.3841894991778696,5.857205209465966,S,2011-12-01
JNPR,JNPR.W^E14,2012-03-12,GARCH,0.4864054393629387,9.388502041343388,,2011-12-01
JNPR,JNPR.W^E14,2012-03-12,GJR-GARCH,0.5005093762453127,9.94085855989968,,2011-12-01
JNPR,JNPR.W^E14,2012-03-13,EGARCH,0.5147994111880128,10.516604514266852,,2011-12-01
JNPR,JNPR.W^E14,2012-03-13,ESG-EGARCH,0.475965228326607,8.989797562539646,all,2011-12-01
JNPR,JNPR.W^E14,2012-03-13,ESG-EGARCH(E),0.4812543762953665,9.190705345374694,E,2011-12-01
JNPR,JNPR.W^E14,2012-03-13,ESG-EGARCH(G),0.4670484535733398,8.656121348620958,G,2011-12-01
JNPR,JNPR.W^E14,2012-03-13,ESG-EGARCH(S),0.4797213521890217,9.13224506928823,S,2011-12-01
JNPR,JNPR.W^E14,2012-03-13,ESG-GARCH,0.4592738819500433,8.370337247677078,all,2011-12-01
JNPR,JNPR.W^E14,2012-03-13,ESG-GARCH(E),0.4649776063770565,8.579530731434001,E,2011-12-01
JNPR,JNPR.W^E14,2012-03-13,ESG-GARCH(G),0.4496749836663193,8.024110751400976,G,2011-12-01
JNPR,JNPR.W^E14,2012-03-13,ESG-GARCH(S),0.4633236625506907,8.51860382061057,S,2011-12-01
JNPR,JNPR.W^E14,2012-03-13,ESG-GJR-GARCH,0.3809528138957792,5.758930413298104,all,2011-12-01
JNPR,JNPR.W^E14,2012-03-13,ESG-GJR-GARCH(E),0.3855110762897089,5.897571029446419,E,2011-12-01
JNPR,JNPR.W^E14,2012-03-13,ESG-GJR-GARCH(G),0.3732769789843938,5.529194565068079,G,2011-12-01
JNPR,JNPR.W^E14,2012-03-13,ESG-GJR-GARCH(S),0.3841894991778696,5.857205209465966,S,2011-12-01
JNPR,JNPR.W^E14,2012-03-13,GARCH,0.4864054393629387,9.388502041343388,,2011-12-01
JNPR,JNPR.W^E14,2012-03-13,GJR-GARCH,0.5005093762453127,9.94085855989968,,2011-12-01
JNPR,JNPR.W^E14,2012-03-14,EGARCH,0.5147994111880128,10.516604514266852,,2011-12-01
JNPR,JNPR.W^E14,2012-03-14,ESG-EGARCH,0.475965228326607,8.989797562539646,all,2011-12-01
JNPR,JNPR.W^E14,2012-03-14,ESG-EGARCH(E),0.4812543762953665,9.190705345374694,E,2011-12-01
JNPR,JNPR.W^E14,2012-03-14,ESG-EGARCH(G),0.4670484535733398,8.656121348620958,G,2011-12-01
JNPR,JNPR.W^E14,2012-03-14,ESG-EGARCH(S),0.4797213521890217,9.13224506928823,S,2011-12-01
JNPR,JNPR.W^E14,2012-03-14,ESG-GARCH,0.4592738819500433,8.370337247677078,all,2011-12-01
JNPR,JNPR.W^E14,2012-03-14,ESG-GARCH(E),0.4649776063770565,8.579530731434001,E,2011-12-01
JNPR,JNPR.W^E14,2012-03-14,ESG-GARCH(G),0.4496749836663193,8.024110751400976,G,2011-12-01
JNPR,JNPR.W^E14,2012-03-14,ESG-GARCH(S),0.4633236625506907,8.51860382061057,S,2011-12-01
JNPR,JNPR.W^E14,2012-03-14,ESG-GJR-GARCH,0.3809528138957792,5.758930413298104,all,2011-12-01
JNPR,JNPR.W^E14,2012-03-14,ESG-GJR-GARCH(E),0.3855110762897089,5.897571029446419,E,2011-12-01
JNPR,JNPR.W^E14,2012-03-14,ESG-GJR-GARCH(G),0.3732769789843938,5.529194565068079,G,2011-12-01
JNPR,JNPR.W^E14,2012-03-14,ESG-GJR-GARCH(S),0.3841894991778696,5.857205209465966,S,2011-12-01
JNPR,JNPR.W^E14,2012-03-14,GARCH,0.4864054393629387,9.388502041343388,,2011-12-01
JNPR,JNPR.W^E14,2012-03-14,GJR-GARCH,0.5005093762453127,9.94085855989968,,2011-12-01
JNPR,JNPR.W^E14,2012-03-15,EGARCH,0.5147994111880128,10.516604514266852,,2011-12-01
JNPR,JNPR.W^E14,2012-03-15,ESG-EGARCH,0.475965228326607,8.989797562539646,all,2011-12-01
JNPR,JNPR.W^E14,2012-03-15,ESG-EGARCH(E),0.4812543762953665,9.190705345374694,E,2011-12-01
JNPR,JNPR.W^E14,2012-03-15,ESG-EGARCH(G),0.4670484535733398,8.656121348620958,G,2011-12-01
JNPR,JNPR.W^E14,2012-03-15,ESG-EGARCH(S),0.4797213521890217,9.13224506928823,S,2011-12-01
JNPR,JNPR.W^E14,2012-03-15,ESG-GARCH,0.4592738819500433,8.370337247677078,all,2011-12-01
JNPR,JNPR.W^E14,2012-03-15,ESG-GARCH(E),0.4649776063770565,8.579530731434001,E,2011-12-01
JNPR,JNPR.W^E14,2012-03-15,ESG-GARCH(G),0.4496749836663193,8.024110751400976,G,2011-12-01
JNPR,JNPR.W^E14,2012-03-15,ESG-GARCH(S),0.4633236625506907,8.51860382061057,S,2011-12-01
JNPR,JNPR.W^E14,2012-03-15,ESG-GJR-GARCH,0.3809528138957792,5.758930413298104,all,2011-12-01
JNPR,JNPR.W^E14,2012-03-15,ESG-GJR-GARCH(E),0.3855110762897089,5.897571029446419,E,2011-12-01
JNPR,JNPR.W^E14,2012-03-15,ESG-GJR-GARCH(G),0.3732769789843938,5.529194565068079,G,2011-12-01
JNPR,JNPR.W^E14,2012-03-15,ESG-GJR-GARCH(S),0.3841894991778696,5.857205209465966,S,2011-12-01
JNPR,JNPR.W^E14,2012-03-15,GARCH,0.4864054393629387,9.388502041343388,,2011-12-01
JNPR,JNPR.W^E14,2012-03-15,GJR-GARCH,0.5005093762453127,9.94085855989968,,2011-12-01
JNPR,JNPR.W^E14,2012-03-20,EGARCH,0.5147994111880128,10.516604514266852,,2011-12-01
JNPR,JNPR.W^E14,2012-03-20,ESG-EGARCH,0.475965228326607,8.989797562539646,all,2011-12-01
JNPR,JNPR.W^E14,2012-03-20,ESG-EGARCH(E),0.4812543762953665,9.190705345374694,E,2011-12-01
JNPR,JNPR.W^E14,2012-03-20,ESG-EGARCH(G),0.4670484535733398,8.656121348620958,G,2011-12-01
JNPR,JNPR.W^E14,2012-03-20,ESG-EGARCH(S),0.4797213521890217,9.13224506928823,S,2011-12-01
JNPR,JNPR.W^E14,2012-03-20,ESG-GARCH,0.4592738819500433,8.370337247677078,all,2011-12-01
JNPR,JNPR.W^E14,2012-03-20,ESG-GARCH(E),0.4649776063770565,8.579530731434001,E,2011-12-01
JNPR,JNPR.W^E14,2012-03-20,ESG-GARCH(G),0.4496749836663193,8.024110751400976,G,2011-12-01
JNPR,JNPR.W^E14,2012-03-20,ESG-GARCH(S),0.4633236625506907,8.51860382061057,S,2011-12-01
JNPR,JNPR.W^E14,2012-03-20,ESG-GJR-GARCH,0.3809528138957792,5.758930413298104,all,2011-12-01
JNPR,JNPR.W^E14,2012-03-20,ESG-GJR-GARCH(E),0.3855110762897089,5.897571029446419,E,2011-12-01
JNPR,JNPR.W^E14,2012-03-20,ESG-GJR-GARCH(G),0.3732769789843938,5.529194565068079,G,2011-12-01
JNPR,JNPR.W^E14,2012-03-20,ESG-GJR-GARCH(S),0.3841894991778696,5.857205209465966,S,2011-12-01
JNPR,JNPR.W^E14,2012-03-20,GARCH,0.4864054393629387,9.388502041343388,,2011-12-01
JNPR,JNPR.W^E14,2012-03-20,GJR-GARCH,0.5005093762453127,9.94085855989968,,2011-12-01
JNPR,JNPR.W^E14,2012-03-21,EGARCH,0.4746233474286754,8.939179441444491,,2012-03-21
JNPR,JNPR.W^E14,2012-03-21,ESG-EGARCH,0.4563413966612183,8.263788504234578,all,2012-03-21
JNPR,JNPR.W^E14,2012-03-21,ESG-EGARCH(E),0.4655322467268861,8.600010823118348,E,2012-03-21
JNPR,JNPR.W^E14,2012-03-21,ESG-EGARCH(G),0.4569900926701667,8.287299396773314,G,2012-03-21
JNPR,JNPR.W^E14,2012-03-21,ESG-EGARCH(S),0.4650232980880141,8.581216974787859,S,2012-03-21
JNPR,JNPR.W^E14,2012-03-21,ESG-GARCH,0.4513718024881832,8.084781907993312,all,2012-03-21
JNPR,JNPR.W^E14,2012-03-21,ESG-GARCH(E),0.4616200299967836,8.456073495802833,E,2012-03-21
JNPR,JNPR.W^E14,2012-03-21,ESG-GARCH(G),0.4526210825978341,8.129597000477593,G,2012-03-21
JNPR,JNPR.W^E14,2012-03-21,ESG-GARCH(S),0.4611082827153696,8.437335253520525,S,2012-03-21
JNPR,JNPR.W^E14,2012-03-21,ESG-GJR-GARCH,0.4512861837697906,8.08171506593259,all,2012-03-21
JNPR,JNPR.W^E14,2012-03-21,ESG-GJR-GARCH(E),0.4593816692450028,8.374266588822428,E,2012-03-21
JNPR,JNPR.W^E14,2012-03-21,ESG-GJR-GARCH(G),0.448951899148219,7.998325704317168,G,2012-03-21
JNPR,JNPR.W^E14,2012-03-21,ESG-GJR-GARCH(S),0.4587105056274807,8.349814602103931,S,2012-03-21
JNPR,JNPR.W^E14,2012-03-21,GARCH,0.4534957526109661,8.1610475252455,,2012-03-21
JNPR,JNPR.W^E14,2012-03-21,GJR-GARCH,0.4771154722048469,9.033300548303734,,2012-03-21
JNPR,JNPR.W^E14,2012-03-22,EGARCH,0.4746233474286754,8.939179441444491,,2012-03-21
JNPR,JNPR.W^E14,2012-03-22,ESG-EGARCH,0.4563413966612183,8.263788504234578,all,2012-03-21
JNPR,JNPR.W^E14,2012-03-22,ESG-EGARCH(E),0.4655322467268861,8.600010823118348,E,2012-03-21
JNPR,JNPR.W^E14,2012-03-22,ESG-EGARCH(G),0.4569900926701667,8.287299396773314,G,2012-03-21
JNPR,JNPR.W^E14,2012-03-22,ESG-EGARCH(S),0.4650232980880141,8.581216974787859,S,2012-03-21
JNPR,JNPR.W^E14,2012-03-22,ESG-GARCH,0.4513718024881832,8.084781907993312,all,2012-03-21
JNPR,JNPR.W^E14,2012-03-22,ESG-GARCH(E),0.4616200299967836,8.456073495802833,E,2012-03-21
JNPR,JNPR.W^E14,2012-03-22,ESG-GARCH(G),0.4526210825978341,8.129597000477593,G,2012-03-21
JNPR,JNPR.W^E14,2012-03-22,ESG-GARCH(S),0.4611082827153696,8.437335253520525,S,2012-03-21
JNPR,JNPR.W^E14,2012-03-22,ESG-GJR-GARCH,0.4512861837697906,8.08171506593259,all,2012-03-21
JNPR,JNPR.W^E14,2012-03-22,ESG-GJR-GARCH(E),0.4593816692450028,8.374266588822428,E,2012-03-21
JNPR,JNPR.W^E14,2012-03-22,ESG-GJR-GARCH(G),0.448951899148219,7.998325704317168,G,2012-03-21
JNPR,JNPR.W^E14,2012-03-22,ESG-GJR-GARCH(S),0.4587105056274807,8.349814602103931,S,2012-03-21
JNPR,JNPR.W^E14,2012-03-22,GARCH,0.4534957526109661,8.1610475252455,,2012-03-21
JNPR,JNPR.W^E14,2012-03-22,GJR-GARCH,0.4771154722048469,9.033300548303734,,2012-03-21
JNPR,JNPR.W^E14,2012-03-23,EGARCH,0.4746233474286754,8.939179441444491,,2012-03-21
JNPR,JNPR.W^E14,2012-03-23,ESG-EGARCH,0.4563413966612183,8.263788504234578,all,2012-03-21
JNPR,JNPR.W^E14,2012-03-23,ESG-EGARCH(E),0.4655322467268861,8.600010823118348,E,2012-03-21
JNPR,JNPR.W^E14,2012-03-23,ESG-EGARCH(G),0.4569900926701667,8.287299396773314,G,2012-03-21
JNPR,JNPR.W^E14,2012-03-23,ESG-EGARCH(S),0.4650232980880141,8.581216974787859,S,2012-03-21
JNPR,JNPR.W^E14,2012-03-23,ESG-GARCH,0.4513718024881832,8.084781907993312,all,2012-03-21
JNPR,JNPR.W^E14,2012-03-23,ESG-GARCH(E),0.4616200299967836,8.456073495802833,E,2012-03-21
JNPR,JNPR.W^E14,2012-03-23,ESG-GARCH(G),0.4526210825978341,8.129597000477593,G,2012-03-21
JNPR,JNPR.W^E14,2012-03-23,ESG-GARCH(S),0.4611082827153696,8.437335253520525,S,2012-03-21
JNPR,JNPR.W^E14,2012-03-23,ESG-GJR-GARCH,0.4512861837697906,8.08171506593259,all,2012-03-21
JNPR,JNPR.W^E14,2012-03-23,ESG-GJR-GARCH(E),0.4593816692450028,8.374266588822428,E,2012-03-21
JNPR,JNPR.W^E14,2012-03-23,ESG-GJR-GARCH(G),0.448951899148219,7.998325704317168,G,2012-03-21
JNPR,JNPR.W^E14,2012-03-23,ESG-GJR-GARCH(S),0.4587105056274807,8.349814602103931,S,2012-03-21
JNPR,JNPR.W^E14,2012-03-23,GARCH,0.4534957526109661,8.1610475252455,,2012-03-21
JNPR,JNPR.W^E14,2012-03-23,GJR-GARCH,0.4771154722048469,9.033300548303734,,2012-03-21
JNPR,JNPR.W^E14,2012-03-26,EGARCH,0.4746233474286754,8.939179441444491,,2012-03-21
JNPR,JNPR.W^E14,2012-03-26,ESG-EGARCH,0.4563413966612183,8.263788504234578,all,2012-03-21
JNPR,JNPR.W^E14,2012-03-26,ESG-EGARCH(E),0.4655322467268861,8.600010823118348,E,2012-03-21
JNPR,JNPR.W^E14,2012-03-26,ESG-EGARCH(G),0.4569900926701667,8.287299396773314,G,2012-03-21
JNPR,JNPR.W^E14,2012-03-26,ESG-EGARCH(S),0.4650232980880141,8.581216974787859,S,2012-03-21
JNPR,JNPR.W^E14,2012-03-26,ESG-GARCH,0.4513718024881832,8.084781907993312,all,2012-03-21
JNPR,JNPR.W^E14,2012-03-26,ESG-GARCH(E),0.4616200299967836,8.456073495802833,E,2012-03-21
JNPR,JNPR.W^E14,2012-03-26,ESG-GARCH(G),0.4526210825978341,8.129597000477593,G,2012-03-21
JNPR,JNPR.W^E14,2012-03-26,ESG-GARCH(S),0.4611082827153696,8.437335253520525,S,2012-03-21
JNPR,JNPR.W^E14,2012-03-26,ESG-GJR-GARCH,0.4512861837697906,8.08171506593259,all,2012-03-21
JNPR,JNPR.W^E14,2012-03-26,ESG-GJR-GARCH(E),0.4593816692450028,8.374266588822428,E,2012-03-21
JNPR,JNPR.W^E14,2012-03-26,ESG-GJR-GARCH(G),0.448951899148219,7.998325704317168,G,2012-03-21
JNPR,JNPR.W^E14,2012-03-26,ESG-GJR-GARCH(S),0.4587105056274807,8.349814602103931,S,2012-03-21
JNPR,JNPR.W^E14,2012-03-26,GARCH,0.4534957526109661,8.1610475252455,,2012-03-21
JNPR,JNPR.W^E14,2012-03-26,GJR-GARCH,0.4771154722048469,9.033300548303734,,2012-03-21
JNPR,JNPR.W^E14,2012-03-27,EGARCH,0.4746233474286754,8.939179441444491,,2012-03-21
JNPR,JNPR.W^E14,2012-03-27,ESG-EGARCH,0.4563413966612183,8.263788504234578,all,2012-03-21
JNPR,JNPR.W^E14,2012-03-27,ESG-EGARCH(E),0.4655322467268861,8.600010823118348,E,2012-03-21
JNPR,JNPR.W^E14,2012-03-27,ESG-EGARCH(G),0.4569900926701667,8.287299396773314,G,2012-03-21
JNPR,JNPR.W^E14,2012-03-27,ESG-EGARCH(S),0.4650232980880141,8.581216974787859,S,2012-03-21
JNPR,JNPR.W^E14,2012-03-27,ESG-GARCH,0.4513718024881832,8.084781907993312,all,2012-03-21
JNPR,JNPR.W^E14,2012-03-27,ESG-GARCH(E),0.4616200299967836,8.456073495802833,E,2012-03-21
JNPR,JNPR.W^E14,2012-03-27,ESG-GARCH(G),0.4526210825978341,8.129597000477593,G,2012-03-21
JNPR,JNPR.W^E14,2012-03-27,ESG-GARCH(S),0.4611082827153696,8.437335253520525,S,2012-03-21
JNPR,JNPR.W^E14,2012-03-27,ESG-GJR-GARCH,0.4512861837697906,8.08171506593259,all,2012-03-21
JNPR,JNPR.W^E14,2012-03-27,ESG-GJR-GARCH(E),0.4593816692450028,8.374266588822428,E,2012-03-21
JNPR,JNPR.W^E14,2012-03-27,ESG-GJR-GARCH(G),0.448951899148219,7.998325704317168,G,2012-03-21
JNPR,JNPR.W^E14,2012-03-27,ESG-GJR-GARCH(S),0.4587105056274807,8.349814602103931,S,2012-03-21
JNPR,JNPR.W^E14,2012-03-27,GARCH,0.4534957526109661,8.1610475252455,,2012-03-21
JNPR,JNPR.W^E14,2012-03-27,GJR-GARCH,0.4771154722048469,9.033300548303734,,2012-03-21
JNPR,JNPR.W^E14,2012-03-28,EGARCH,0.4746233474286754,8.939179441444491,,2012-03-21
JNPR,JNPR.W^E14,2012-03-28,ESG-EGARCH,0.4563413966612183,8.263788504234578,all,2012-03-21
JNPR,JNPR.W^E14,2012-03-28,ESG-EGARCH(E),0.4655322467268861,8.600010823118348,E,2012-03-21
JNPR,JNPR.W^E14,2012-03-28,ESG-EGARCH(G),0.4569900926701667,8.287299396773314,G,2012-03-21
JNPR,JNPR.W^E14,2012-03-28,ESG-EGARCH(S),0.4650232980880141,8.581216974787859,S,2012-03-21
JNPR,JNPR.W^E14,2012-03-28,ESG-GARCH,0.4513718024881832,8.084781907993312,all,2012-03-21
JNPR,JNPR.W^E14,2012-03-28,ESG-GARCH(E),0.4616200299967836,8.456073495802833,E,2012-03-21
JNPR,JNPR.W^E14,2012-03-28,ESG-GARCH(G),0.4526210825978341,8.129597000477593,G,2012-03-21
JNPR,JNPR.W^E14,2012-03-28,ESG-GARCH(S),0.4611082827153696,8.437335253520525,S,2012-03-21
JNPR,JNPR.W^E14,2012-03-28,ESG-GJR-GARCH,0.4512861837697906,8.08171506593259,all,2012-03-21
JNPR,JNPR.W^E14,2012-03-28,ESG-GJR-GARCH(E),0.4593816692450028,8.374266588822428,E,2012-03-21
JNPR,JNPR.W^E14,2012-03-28,ESG-GJR-GARCH(G),0.448951899148219,7.998325704317168,G,2012-03-21
JNPR,JNPR.W^E14,2012-03-28,ESG-GJR-GARCH(S),0.4587105056274807,8.349814602103931,S,2012-03-21
JNPR,JNPR.W^E14,2012-03-28,GARCH,0.4534957526109661,8.1610475252455,,2012-03-21
JNPR,JNPR.W^E14,2012-03-28,GJR-GARCH,0.4771154722048469,9.033300548303734,,2012-03-21
JNPR,JNPR.W^E14,2012-03-29,EGARCH,0.4746233474286754,8.939179441444491,,2012-03-21
JNPR,JNPR.W^E14,2012-03-29,ESG-EGARCH,0.4563413966612183,8.263788504234578,all,2012-03-21
JNPR,JNPR.W^E14,2012-03-29,ESG-EGARCH(E),0.4655322467268861,8.600010823118348,E,2012-03-21
JNPR,JNPR.W^E14,2012-03-29,ESG-EGARCH(G),0.4569900926701667,8.287299396773314,G,2012-03-21
JNPR,JNPR.W^E14,2012-03-29,ESG-EGARCH(S),0.4650232980880141,8.581216974787859,S,2012-03-21
JNPR,JNPR.W^E14,2012-03-29,ESG-GARCH,0.4513718024881832,8.084781907993312,all,2012-03-21
JNPR,JNPR.W^E14,2012-03-29,ESG-GARCH(E),0.4616200299967836,8.456073495802833,E,2012-03-21
JNPR,JNPR.W^E14,2012-03-29,ESG-GARCH(G),0.4526210825978341,8.129597000477593,G,2012-03-21
JNPR,JNPR.W^E14,2012-03-29,ESG-GARCH(S),0.4611082827153696,8.437335253520525,S,2012-03-21
JNPR,JNPR.W^E14,2012-03-29,ESG-GJR-GARCH,0.4512861837697906,8.08171506593259,all,2012-03-21
JNPR,JNPR.W^E14,2012-03-29,ESG-GJR-GARCH(E),0.4593816692450028,8.374266588822428,E,2012-03-21
JNPR,JNPR.W^E14,2012-03-29,ESG-GJR-GARCH(G),0.448951899148219,7.998325704317168,G,2012-03-21
JNPR,JNPR.W^E14,2012-03-29,ESG-GJR-GARCH(S),0.4587105056274807,8.349814602103931,S,2012-03-21
JNPR,JNPR.W^E14,2012-03-29,GARCH,0.4534957526109661,8.1610475252455,,2012-03-21
JNPR,JNPR.W^E14,2012-03-29,GJR-GARCH,0.4771154722048469,9.033300548303734,,2012-03-21
JNPR,JNPR.W^E14,2012-03-30,EGARCH,0.4746233474286754,8.939179441444491,,2012-03-21
JNPR,JNPR.W^E14,2012-03-30,ESG-EGARCH,0.4563413966612183,8.263788504234578,all,2012-03-21
JNPR,JNPR.W^E14,2012-03-30,ESG-EGARCH(E),0.4655322467268861,8.600010823118348,E,2012-03-21
JNPR,JNPR.W^E14,2012-03-30,ESG-EGARCH(G),0.4569900926701667,8.287299396773314,G,2012-03-21
JNPR,JNPR.W^E14,2012-03-30,ESG-EGARCH(S),0.4650232980880141,8.581216974787859,S,2012-03-21
JNPR,JNPR.W^E14,2012-03-30,ESG-GARCH,0.4513718024881832,8.084781907993312,all,2012-03-21
JNPR,JNPR.W^E14,2012-03-30,ESG-GARCH(E),0.4616200299967836,8.456073495802833,E,2012-03-21
JNPR,JNPR.W^E14,2012-03-30,ESG-GARCH(G),0.4526210825978341,8.129597000477593,G,2012-03-21
JNPR,JNPR.W^E14,2012-03-30,ESG-GARCH(S),0.4611082827153696,8.437335253520525,S,2012-03-21
JNPR,JNPR.W^E14,2012-03-30,ESG-GJR-GARCH,0.4512861837697906,8.08171506593259,all,2012-03-21
JNPR,JNPR.W^E14,2012-03-30,ESG-GJR-GARCH(E),0.4593816692450028,8.374266588822428,E,2012-03-21
JNPR,JNPR.W^E14,2012-03-30,ESG-GJR-GARCH(G),0.448951899148219,7.998325704317168,G,2012-03-21
JNPR,JNPR.W^E14,2012-03-30,ESG-GJR-GARCH(S),0.4587105056274807,8.349814602103931,S,2012-03-21
JNPR,JNPR.W^E14,2012-03-30,GARCH,0.4534957526109661,8.1610475252455,,2012-03-21
JNPR,JNPR.W^E14,2012-03-30,GJR-GARCH,0.4771154722048469,9.033300548303734,,2012-03-21
JNPR,JNPR.W^E14,2012-04-02,EGARCH,0.4746233474286754,8.939179441444491,,2012-03-21
JNPR,JNPR.W^E14,2012-04-02,ESG-EGARCH,0.4563413966612183,8.263788504234578,all,2012-03-21
JNPR,JNPR.W^E14,2012-04-02,ESG-EGARCH(E),0.4655322467268861,8.600010823118348,E,2012-03-21
JNPR,JNPR.W^E14,2012-04-02,ESG-EGARCH(G),0.4569900926701667,8.287299396773314,G,2012-03-21
JNPR,JNPR.W^E14,2012-04-02,ESG-EGARCH(S),0.4650232980880141,8.581216974787859,S,2012-03-21
JNPR,JNPR.W^E14,2012-04-02,ESG-GARCH,0.4513718024881832,8.084781907993312,all,2012-03-21
JNPR,JNPR.W^E14,2012-04-02,ESG-GARCH(E),0.4616200299967836,8.456073495802833,E,2012-03-21
JNPR,JNPR.W^E14,2012-04-02,ESG-GARCH(G),0.4526210825978341,8.129597000477593,G,2012-03-21
JNPR,JNPR.W^E14,2012-04-02,ESG-GARCH(S),0.4611082827153696,8.437335253520525,S,2012-03-21
JNPR,JNPR.W^E14,2012-04-02,ESG-GJR-GARCH,0.4512861837697906,8.08171506593259,all,2012-03-21
JNPR,JNPR.W^E14,2012-04-02,ESG-GJR-GARCH(E),0.4593816692450028,8.374266588822428,E,2012-03-21
JNPR,JNPR.W^E14,2012-04-02,ESG-GJR-GARCH(G),0.448951899148219,7.998325704317168,G,2012-03-21
JNPR,JNPR.W^E14,2012-04-02,ESG-GJR-GARCH(S),0.4587105056274807,8.349814602103931,S,2012-03-21
JNPR,JNPR.W^E14,2012-04-02,GARCH,0.4534957526109661,8.1610475252455,,2012-03-21
JNPR,JNPR.W^E14,2012-04-02,GJR-GARCH,0.4771154722048469,9.033300548303734,,2012-03-21
JNPR,JNPR.W^E14,2012-04-03,EGARCH,0.4746233474286754,8.939179441444491,,2012-03-21
JNPR,JNPR.W^E14,2012-04-03,ESG-EGARCH,0.4563413966612183,8.263788504234578,all,2012-03-21
JNPR,JNPR.W^E14,2012-04-03,ESG-EGARCH(E),0.4655322467268861,8.600010823118348,E,2012-03-21
JNPR,JNPR.W^E14,2012-04-03,ESG-EGARCH(G),0.4569900926701667,8.287299396773314,G,2012-03-21
JNPR,JNPR.W^E14,2012-04-03,ESG-EGARCH(S),0.4650232980880141,8.581216974787859,S,2012-03-21
JNPR,JNPR.W^E14,2012-04-03,ESG-GARCH,0.4513718024881832,8.084781907993312,all,2012-03-21
JNPR,JNPR.W^E14,2012-04-03,ESG-GARCH(E),0.4616200299967836,8.456073495802833,E,2012-03-21
JNPR,JNPR.W^E14,2012-04-03,ESG-GARCH(G),0.4526210825978341,8.129597000477593,G,2012-03-21
JNPR,JNPR.W^E14,2012-04-03,ESG-GARCH(S),0.4611082827153696,8.437335253520525,S,2012-03-21
JNPR,JNPR.W^E14,2012-04-03,ESG-GJR-GARCH,0.4512861837697906,8.08171506593259,all,2012-03-21
JNPR,JNPR.W^E14,2012-04-03,ESG-GJR-GARCH(E),0.4593816692450028,8.374266588822428,E,2012-03-21
JNPR,JNPR.W^E14,2012-04-03,ESG-GJR-GARCH(G),0.448951899148219,7.998325704317168,G,2012-03-21
JNPR,JNPR.W^E14,2012-04-03,ESG-GJR-GARCH(S),0.4587105056274807,8.349814602103931,S,2012-03-21
JNPR,JNPR.W^E14,2012-04-03,GARCH,0.4534957526109661,8.1610475252455,,2012-03-21
JNPR,JNPR.W^E14,2012-04-03,GJR-GARCH,0.4771154722048469,9.033300548303734,,2012-03-21
JNPR,JNPR.W^E14,2012-04-04,EGARCH,0.4746233474286754,8.939179441444491,,2012-03-21
JNPR,JNPR.W^E14,2012-04-04,ESG-EGARCH,0.4563413966612183,8.263788504234578,all,2012-03-21
JNPR,JNPR.W^E14,2012-04-04,ESG-EGARCH(E),0.4655322467268861,8.600010823118348,E,2012-03-21
JNPR,JNPR.W^E14,2012-04-04,ESG-EGARCH(G),0.4569900926701667,8.287299396773314,G,2012-03-21
JNPR,JNPR.W^E14,2012-04-04,ESG-EGARCH(S),0.4650232980880141,8.581216974787859,S,2012-03-21
JNPR,JNPR.W^E14,2012-04-04,ESG-GARCH,0.4513718024881832,8.084781907993312,all,2012-03-21
JNPR,JNPR.W^E14,2012-04-04,ESG-GARCH(E),0.4616200299967836,8.456073495802833,E,2012-03-21
JNPR,JNPR.W^E14,2012-04-04,ESG-GARCH(G),0.4526210825978341,8.129597000477593,G,2012-03-21
JNPR,JNPR.W^E14,2012-04-04,ESG-GARCH(S),0.4611082827153696,8.437335253520525,S,2012-03-21
JNPR,JNPR.W^E14,2012-04-04,ESG-GJR-GARCH,0.4512861837697906,8.08171506593259,all,2012-03-21
JNPR,JNPR.W^E14,2012-04-04,ESG-GJR-GARCH(E),0.4593816692450028,8.374266588822428,E,2012-03-21
JNPR,JNPR.W^E14,2012-04-04,ESG-GJR-GARCH(G),0.448951899148219,7.998325704317168,G,2012-03-21
JNPR,JNPR.W^E14,2012-04-04,ESG-GJR-GARCH(S),0.4587105056274807,8.349814602103931,S,2012-03-21
JNPR,JNPR.W^E14,2012-04-04,GARCH,0.4534957526109661,8.1610475252455,,2012-03-21
JNPR,JNPR.W^E14,2012-04-04,GJR-GARCH,0.4771154722048469,9.033300548303734,,2012-03-21
JNPR,JNPR.W^E14,2012-04-05,EGARCH,0.4746233474286754,8.939179441444491,,2012-03-21
JNPR,JNPR.W^E14,2012-04-05,ESG-EGARCH,0.4563413966612183,8.263788504234578,all,2012-03-21
JNPR,JNPR.W^E14,2012-04-05,ESG-EGARCH(E),0.4655322467268861,8.600010823118348,E,2012-03-21
JNPR,JNPR.W^E14,2012-04-05,ESG-EGARCH(G),0.4569900926701667,8.287299396773314,G,2012-03-21
JNPR,JNPR.W^E14,2012-04-05,ESG-EGARCH(S),0.4650232980880141,8.581216974787859,S,2012-03-21
JNPR,JNPR.W^E14,2012-04-05,ESG-GARCH,0.4513718024881832,8.084781907993312,all,2012-03-21
JNPR,JNPR.W^E14,2012-04-05,ESG-GARCH(E),0.4616200299967836,8.456073495802833,E,2012-03-21
JNPR,JNPR.W^E14,2012-04-05,ESG-GARCH(G),0.4526210825978341,8.129597000477593,G,2012-03-21
JNPR,JNPR.W^E14,2012-04-05,ESG-GARCH(S),0.4611082827153696,8.437335253520525,S,2012-03-21
JNPR,JNPR.W^E14,2012-04-05,ESG-GJR-GARCH,0.4512861837697906,8.08171506593259,all,2012-03-21
JNPR,JNPR.W^E14,2012-04-05,ESG-GJR-GARCH(E),0.4593816692450028,8.374266588822428,E,2012-03-21
JNPR,JNPR.W^E14,2012-04-05,ESG-GJR-GARCH(G),0.448951899148219,7.998325704317168,G,2012-03-21
JNPR,JNPR.W^E14,2012-04-05,ESG-GJR-GARCH(S),0.4587105056274807,8.349814602103931,S,2012-03-21
JNPR,JNPR.W^E14,2012-04-05,GARCH,0.4534957526109661,8.1610475252455,,2012-03-21
JNPR,JNPR.W^E14,2012-04-05,GJR-GARCH,0.4771154722048469,9.033300548303734,,2012-03-21
JNPR,JNPR.W^E14,2012-04-09,EGARCH,0.4746233474286754,8.939179441444491,,2012-03-21
JNPR,JNPR.W^E14,2012-04-09,ESG-EGARCH,0.4563413966612183,8.263788504234578,all,2012-03-21
JNPR,JNPR.W^E14,2012-04-09,ESG-EGARCH(E),0.4655322467268861,8.600010823118348,E,2012-03-21
JNPR,JNPR.W^E14,2012-04-09,ESG-EGARCH(G),0.4569900926701667,8.287299396773314,G,2012-03-21
JNPR,JNPR.W^E14,2012-04-09,ESG-EGARCH(S),0.4650232980880141,8.581216974787859,S,2012-03-21
JNPR,JNPR.W^E14,2012-04-09,ESG-GARCH,0.4513718024881832,8.084781907993312,all,2012-03-21
JNPR,JNPR.W^E14,2012-04-09,ESG-GARCH(E),0.4616200299967836,8.456073495802833,E,2012-03-21
JNPR,JNPR.W^E14,2012-04-09,ESG-GARCH(G),0.4526210825978341,8.129597000477593,G,2012-03-21
JNPR,JNPR.W^E14,2012-04-09,ESG-GARCH(S),0.4611082827153696,8.437335253520525,S,2012-03-21
JNPR,JNPR.W^E14,2012-04-09,ESG-GJR-GARCH,0.4512861837697906,8.08171506593259,all,2012-03-21
JNPR,JNPR.W^E14,2012-04-09,ESG-GJR-GARCH(E),0.4593816692450028,8.374266588822428,E,2012-03-21
JNPR,JNPR.W^E14,2012-04-09,ESG-GJR-GARCH(G),0.448951899148219,7.998325704317168,G,2012-03-21
JNPR,JNPR.W^E14,2012-04-09,ESG-GJR-GARCH(S),0.4587105056274807,8.349814602103931,S,2012-03-21
JNPR,JNPR.W^E14,2012-04-09,GARCH,0.4534957526109661,8.1610475252455,,2012-03-21
JNPR,JNPR.W^E14,2012-04-09,GJR-GARCH,0.4771154722048469,9.033300548303734,,2012-03-21
JNPR,JNPR.W^E14,2012-04-10,EGARCH,0.4746233474286754,8.939179441444491,,2012-03-21
JNPR,JNPR.W^E14,2012-04-10,ESG-EGARCH,0.4563413966612183,8.263788504234578,all,2012-03-21
JNPR,JNPR.W^E14,2012-04-10,ESG-EGARCH(E),0.4655322467268861,8.600010823118348,E,2012-03-21
JNPR,JNPR.W^E14,2012-04-10,ESG-EGARCH(G),0.4569900926701667,8.287299396773314,G,2012-03-21
JNPR,JNPR.W^E14,2012-04-10,ESG-EGARCH(S),0.4650232980880141,8.581216974787859,S,2012-03-21
JNPR,JNPR.W^E14,2012-04-10,ESG-GARCH,0.4513718024881832,8.084781907993312,all,2012-03-21
JNPR,JNPR.W^E14,2012-04-10,ESG-GARCH(E),0.4616200299967836,8.456073495802833,E,2012-03-21
JNPR,JNPR.W^E14,2012-04-10,ESG-GARCH(G),0.4526210825978341,8.129597000477593,G,2012-03-21
JNPR,JNPR.W^E14,2012-04-10,ESG-GARCH(S),0.4611082827153696,8.437335253520525,S,2012-03-21
JNPR,JNPR.W^E14,2012-04-10,ESG-GJR-GARCH,0.4512861837697906,8.08171506593259,all,2012-03-21
JNPR,JNPR.W^E14,2012-04-10,ESG-GJR-GARCH(E),0.4593816692450028,8.374266588822428,E,2012-03-21
JNPR,JNPR.W^E14,2012-04-10,ESG-GJR-GARCH(G),0.448951899148219,7.998325704317168,G,2012-03-21
JNPR,JNPR.W^E14,2012-04-10,ESG-GJR-GARCH(S),0.4587105056274807,8.349814602103931,S,2012-03-21
JNPR,JNPR.W^E14,2012-04-10,GARCH,0.4534957526109661,8.1610475252455,,2012-03-21
JNPR,JNPR.W^E14,2012-04-10,GJR-GARCH,0.4771154722048469,9.033300548303734,,2012-03-21
JNPR,JNPR.W^E14,2012-04-11,EGARCH,0.4746233474286754,8.939179441444491,,2012-03-21
JNPR,JNPR.W^E14,2012-04-11,ESG-EGARCH,0.4563413966612183,8.263788504234578,all,2012-03-21
JNPR,JNPR.W^E14,2012-04-11,ESG-EGARCH(E),0.4655322467268861,8.600010823118348,E,2012-03-21
JNPR,JNPR.W^E14,2012-04-11,ESG-EGARCH(G),0.4569900926701667,8.287299396773314,G,2012-03-21
JNPR,JNPR.W^E14,2012-04-11,ESG-EGARCH(S),0.4650232980880141,8.581216974787859,S,2012-03-21
JNPR,JNPR.W^E14,2012-04-11,ESG-GARCH,0.4513718024881832,8.084781907993312,all,2012-03-21
JNPR,JNPR.W^E14,2012-04-11,ESG-GARCH(E),0.4616200299967836,8.456073495802833,E,2012-03-21
JNPR,JNPR.W^E14,2012-04-11,ESG-GARCH(G),0.4526210825978341,8.129597000477593,G,2012-03-21
JNPR,JNPR.W^E14,2012-04-11,ESG-GARCH(S),0.4611082827153696,8.437335253520525,S,2012-03-21
JNPR,JNPR.W^E14,2012-04-11,ESG-GJR-GARCH,0.4512861837697906,8.08171506593259,all,2012-03-21
JNPR,JNPR.W^E14,2012-04-11,ESG-GJR-GARCH(E),0.4593816692450028,8.374266588822428,E,2012-03-21
JNPR,JNPR.W^E14,2012-04-11,ESG-GJR-GARCH(G),0.448951899148219,7.998325704317168,G,2012-03-21
JNPR,JNPR.W^E14,2012-04-11,ESG-GJR-GARCH(S),0.4587105056274807,8.349814602103931,S,2012-03-21
JNPR,JNPR.W^E14,2012-04-11,GARCH,0.4534957526109661,8.1610475252455,,2012-03-21
JNPR,JNPR.W^E14,2012-04-11,GJR-GARCH,0.4771154722048469,9.033300548303734,,2012-03-21
JNPR,JNPR.W^E14,2012-04-12,EGARCH,0.4746233474286754,8.939179441444491,,2012-03-21
JNPR,JNPR.W^E14,2012-04-12,ESG-EGARCH,0.4563413966612183,8.263788504234578,all,2012-03-21
JNPR,JNPR.W^E14,2012-04-12,ESG-EGARCH(E),0.4655322467268861,8.600010823118348,E,2012-03-21
JNPR,JNPR.W^E14,2012-04-12,ESG-EGARCH(G),0.4569900926701667,8.287299396773314,G,2012-03-21
JNPR,JNPR.W^E14,2012-04-12,ESG-EGARCH(S),0.4650232980880141,8.581216974787859,S,2012-03-21
JNPR,JNPR.W^E14,2012-04-12,ESG-GARCH,0.4513718024881832,8.084781907993312,all,2012-03-21
JNPR,JNPR.W^E14,2012-04-12,ESG-GARCH(E),0.4616200299967836,8.456073495802833,E,2012-03-21
JNPR,JNPR.W^E14,2012-04-12,ESG-GARCH(G),0.4526210825978341,8.129597000477593,G,2012-03-21
JNPR,JNPR.W^E14,2012-04-12,ESG-GARCH(S),0.4611082827153696,8.437335253520525,S,2012-03-21
JNPR,JNPR.W^E14,2012-04-12,ESG-GJR-GARCH,0.4512861837697906,8.08171506593259,all,2012-03-21
JNPR,JNPR.W^E14,2012-04-12,ESG-GJR-GARCH(E),0.4593816692450028,8.374266588822428,E,2012-03-21
JNPR,JNPR.W^E14,2012-04-12,ESG-GJR-GARCH(G),0.448951899148219,7.998325704317168,G,2012-03-21
JNPR,JNPR.W^E14,2012-04-12,ESG-GJR-GARCH(S),0.4587105056274807,8.349814602103931,S,2012-03-21
JNPR,JNPR.W^E14,2012-04-12,GARCH,0.4534957526109661,8.1610475252455,,2012-03-21
JNPR,JNPR.W^E14,2012-04-12,GJR-GARCH,0.4771154722048469,9.033300548303734,,2012-03-21
JNPR,JNPR.W^E14,2012-04-13,EGARCH,0.4746233474286754,8.939179441444491,,2012-03-21
JNPR,JNPR.W^E14,2012-04-13,ESG-EGARCH,0.4563413966612183,8.263788504234578,all,2012-03-21
JNPR,JNPR.W^E14,2012-04-13,ESG-EGARCH(E),0.4655322467268861,8.600010823118348,E,2012-03-21
JNPR,JNPR.W^E14,2012-04-13,ESG-EGARCH(G),0.4569900926701667,8.287299396773314,G,2012-03-21
JNPR,JNPR.W^E14,2012-04-13,ESG-EGARCH(S),0.4650232980880141,8.581216974787859,S,2012-03-21
JNPR,JNPR.W^E14,2012-04-13,ESG-GARCH,0.4513718024881832,8.084781907993312,all,2012-03-21
JNPR,JNPR.W^E14,2012-04-13,ESG-GARCH(E),0.4616200299967836,8.456073495802833,E,2012-03-21
JNPR,JNPR.W^E14,2012-04-13,ESG-GARCH(G),0.4526210825978341,8.129597000477593,G,2012-03-21
JNPR,JNPR.W^E14,2012-04-13,ESG-GARCH(S),0.4611082827153696,8.437335253520525,S,2012-03-21
JNPR,JNPR.W^E14,2012-04-13,ESG-GJR-GARCH,0.4512861837697906,8.08171506593259,all,2012-03-21
JNPR,JNPR.W^E14,2012-04-13,ESG-GJR-GARCH(E),0.4593816692450028,8.374266588822428,E,2012-03-21
JNPR,JNPR.W^E14,2012-04-13,ESG-GJR-GARCH(G),0.448951899148219,7.998325704317168,G,2012-03-21
JNPR,JNPR.W^E14,2012-04-13,ESG-GJR-GARCH(S),0.4587105056274807,8.349814602103931,S,2012-03-21
JNPR,JNPR.W^E14,2012-04-13,GARCH,0.4534957526109661,8.1610475252455,,2012-03-21
JNPR,JNPR.W^E14,2012-04-13,GJR-GARCH,0.4771154722048469,9.033300548303734,,2012-03-21
JNPR,JNPR.W^E14,2012-04-16,EGARCH,0.4746233474286754,8.939179441444491,,2012-03-21
JNPR,JNPR.W^E14,2012-04-16,ESG-EGARCH,0.4563413966612183,8.263788504234578,all,2012-03-21
JNPR,JNPR.W^E14,2012-04-16,ESG-EGARCH(E),0.4655322467268861,8.600010823118348,E,2012-03-21
JNPR,JNPR.W^E14,2012-04-16,ESG-EGARCH(G),0.4569900926701667,8.287299396773314,G,2012-03-21
JNPR,JNPR.W^E14,2012-04-16,ESG-EGARCH(S),0.4650232980880141,8.581216974787859,S,2012-03-21
JNPR,JNPR.W^E14,2012-04-16,ESG-GARCH,0.4513718024881832,8.084781907993312,all,2012-03-21
JNPR,JNPR.W^E14,2012-04-16,ESG-GARCH(E),0.4616200299967836,8.456073495802833,E,2012-03-21
JNPR,JNPR.W^E14,2012-04-16,ESG-GARCH(G),0.4526210825978341,8.129597000477593,G,2012-03-21
JNPR,JNPR.W^E14,2012-04-16,ESG-GARCH(S),0.4611082827153696,8.437335253520525,S,2012-03-21
JNPR,JNPR.W^E14,2012-04-16,ESG-GJR-GARCH,0.4512861837697906,8.08171506593259,all,2012-03-21
JNPR,JNPR.W^E14,2012-04-16,ESG-GJR-GARCH(E),0.4593816692450028,8.374266588822428,E,2012-03-21
JNPR,JNPR.W^E14,2012-04-16,ESG-GJR-GARCH(G),0.448951899148219,7.998325704317168,G,2012-03-21
JNPR,JNPR.W^E14,2012-04-16,ESG-GJR-GARCH(S),0.4587105056274807,8.349814602103931,S,2012-03-21
JNPR,JNPR.W^E14,2012-04-16,GARCH,0.4534957526109661,8.1610475252455,,2012-03-21
JNPR,JNPR.W^E14,2012-04-16,GJR-GARCH,0.4771154722048469,9.033300548303734,,2012-03-21
JNPR,JNPR.W^E14,2012-04-17,EGARCH,0.4746233474286754,8.939179441444491,,2012-03-21
JNPR,JNPR.W^E14,2012-04-17,ESG-EGARCH,0.4563413966612183,8.263788504234578,all,2012-03-21
JNPR,JNPR.W^E14,2012-04-17,ESG-EGARCH(E),0.4655322467268861,8.600010823118348,E,2012-03-21
JNPR,JNPR.W^E14,2012-04-17,ESG-EGARCH(G),0.4569900926701667,8.287299396773314,G,2012-03-21
JNPR,JNPR.W^E14,2012-04-17,ESG-EGARCH(S),0.4650232980880141,8.581216974787859,S,2012-03-21
JNPR,JNPR.W^E14,2012-04-17,ESG-GARCH,0.4513718024881832,8.084781907993312,all,2012-03-21
JNPR,JNPR.W^E14,2012-04-17,ESG-GARCH(E),0.4616200299967836,8.456073495802833,E,2012-03-21
JNPR,JNPR.W^E14,2012-04-17,ESG-GARCH(G),0.4526210825978341,8.129597000477593,G,2012-03-21
JNPR,JNPR.W^E14,2012-04-17,ESG-GARCH(S),0.4611082827153696,8.437335253520525,S,2012-03-21
JNPR,JNPR.W^E14,2012-04-17,ESG-GJR-GARCH,0.4512861837697906,8.08171506593259,all,2012-03-21
JNPR,JNPR.W^E14,2012-04-17,ESG-GJR-GARCH(E),0.4593816692450028,8.374266588822428,E,2012-03-21
JNPR,JNPR.W^E14,2012-04-17,ESG-GJR-GARCH(G),0.448951899148219,7.998325704317168,G,2012-03-21
JNPR,JNPR.W^E14,2012-04-17,ESG-GJR-GARCH(S),0.4587105056274807,8.349814602103931,S,2012-03-21
JNPR,JNPR.W^E14,2012-04-17,GARCH,0.4534957526109661,8.1610475252455,,2012-03-21
JNPR,JNPR.W^E14,2012-04-17,GJR-GARCH,0.4771154722048469,9.033300548303734,,2012-03-21
JNPR,JNPR.W^E14,2012-04-18,EGARCH,0.4746233474286754,8.939179441444491,,2012-03-21
JNPR,JNPR.W^E14,2012-04-18,ESG-EGARCH,0.4563413966612183,8.263788504234578,all,2012-03-21
JNPR,JNPR.W^E14,2012-04-18,ESG-EGARCH(E),0.4655322467268861,8.600010823118348,E,2012-03-21
JNPR,JNPR.W^E14,2012-04-18,ESG-EGARCH(G),0.4569900926701667,8.287299396773314,G,2012-03-21
JNPR,JNPR.W^E14,2012-04-18,ESG-EGARCH(S),0.4650232980880141,8.581216974787859,S,2012-03-21
JNPR,JNPR.W^E14,2012-04-18,ESG-GARCH,0.4513718024881832,8.084781907993312,all,2012-03-21
JNPR,JNPR.W^E14,2012-04-18,ESG-GARCH(E),0.4616200299967836,8.456073495802833,E,2012-03-21
JNPR,JNPR.W^E14,2012-04-18,ESG-GARCH(G),0.4526210825978341,8.129597000477593,G,2012-03-21
JNPR,JNPR.W^E14,2012-04-18,ESG-GARCH(S),0.4611082827153696,8.437335253520525,S,2012-03-21
JNPR,JNPR.W^E14,2012-04-18,ESG-GJR-GARCH,0.4512861837697906,8.08171506593259,all,2012-03-21
JNPR,JNPR.W^E14,2012-04-18,ESG-GJR-GARCH(E),0.4593816692450028,8.374266588822428,E,2012-03-21
JNPR,JNPR.W^E14,2012-04-18,ESG-GJR-GARCH(G),0.448951899148219,7.998325704317168,G,2012-03-21
JNPR,JNPR.W^E14,2012-04-18,ESG-GJR-GARCH(S),0.4587105056274807,8.349814602103931,S,2012-03-21
JNPR,JNPR.W^E14,2012-04-18,GARCH,0.4534957526109661,8.1610475252455,,2012-03-21
JNPR,JNPR.W^E14,2012-04-18,GJR-GARCH,0.4771154722048469,9.033300548303734,,2012-03-21
JNPR,JNPR.W^E14,2012-04-19,EGARCH,0.4746233474286754,8.939179441444491,,2012-03-21
JNPR,JNPR.W^E14,2012-04-19,ESG-EGARCH,0.4563413966612183,8.263788504234578,all,2012-03-21
JNPR,JNPR.W^E14,2012-04-19,ESG-EGARCH(E),0.4655322467268861,8.600010823118348,E,2012-03-21
JNPR,JNPR.W^E14,2012-04-19,ESG-EGARCH(G),0.4569900926701667,8.287299396773314,G,2012-03-21
JNPR,JNPR.W^E14,2012-04-19,ESG-EGARCH(S),0.4650232980880141,8.581216974787859,S,2012-03-21
JNPR,JNPR.W^E14,2012-04-19,ESG-GARCH,0.4513718024881832,8.084781907993312,all,2012-03-21
JNPR,JNPR.W^E14,2012-04-19,ESG-GARCH(E),0.4616200299967836,8.456073495802833,E,2012-03-21
JNPR,JNPR.W^E14,2012-04-19,ESG-GARCH(G),0.4526210825978341,8.129597000477593,G,2012-03-21
JNPR,JNPR.W^E14,2012-04-19,ESG-GARCH(S),0.4611082827153696,8.437335253520525,S,2012-03-21
JNPR,JNPR.W^E14,2012-04-19,ESG-GJR-GARCH,0.4512861837697906,8.08171506593259,all,2012-03-21
JNPR,JNPR.W^E14,2012-04-19,ESG-GJR-GARCH(E),0.4593816692450028,8.374266588822428,E,2012-03-21
JNPR,JNPR.W^E14,2012-04-19,ESG-GJR-GARCH(G),0.448951899148219,7.998325704317168,G,2012-03-21
JNPR,JNPR.W^E14,2012-04-19,ESG-GJR-GARCH(S),0.4587105056274807,8.349814602103931,S,2012-03-21
JNPR,JNPR.W^E14,2012-04-19,GARCH,0.4534957526109661,8.1610475252455,,2012-03-21
JNPR,JNPR.W^E14,2012-04-19,GJR-GARCH,0.4771154722048469,9.033300548303734,,2012-03-21
JNPR,JNPR.W^E14,2012-04-20,EGARCH,0.4746233474286754,8.939179441444491,,2012-03-21
JNPR,JNPR.W^E14,2012-04-20,ESG-EGARCH,0.4563413966612183,8.263788504234578,all,2012-03-21
JNPR,JNPR.W^E14,2012-04-20,ESG-EGARCH(E),0.4655322467268861,8.600010823118348,E,2012-03-21
JNPR,JNPR.W^E14,2012-04-20,ESG-EGARCH(G),0.4569900926701667,8.287299396773314,G,2012-03-21
JNPR,JNPR.W^E14,2012-04-20,ESG-EGARCH(S),0.4650232980880141,8.581216974787859,S,2012-03-21
JNPR,JNPR.W^E14,2012-04-20,ESG-GARCH,0.4513718024881832,8.084781907993312,all,2012-03-21
JNPR,JNPR.W^E14,2012-04-20,ESG-GARCH(E),0.4616200299967836,8.456073495802833,E,2012-03-21
JNPR,JNPR.W^E14,2012-04-20,ESG-GARCH(G),0.4526210825978341,8.129597000477593,G,2012-03-21
JNPR,JNPR.W^E14,2012-04-20,ESG-GARCH(S),0.4611082827153696,8.437335253520525,S,2012-03-21
JNPR,JNPR.W^E14,2012-04-20,ESG-GJR-GARCH,0.4512861837697906,8.08171506593259,all,2012-03-21
JNPR,JNPR.W^E14,2012-04-20,ESG-GJR-GARCH(E),0.4593816692450028,8.374266588822428,E,2012-03-21
JNPR,JNPR.W^E14,2012-04-20,ESG-GJR-GARCH(G),0.448951899148219,7.998325704317168,G,2012-03-21
JNPR,JNPR.W^E14,2012-04-20,ESG-GJR-GARCH(S),0.4587105056274807,8.349814602103931,S,2012-03-21
JNPR,JNPR.W^E14,2012-04-20,GARCH,0.4534957526109661,8.1610475252455,,2012-03-21
JNPR,JNPR.W^E14,2012-04-20,GJR-GARCH,0.4771154722048469,9.033300548303734,,2012-03-21
JNPR,JNPR.W^E14,2012-04-23,EGARCH,0.4620738134718529,8.472706710175425,,2012-04-23
JNPR,JNPR.W^E14,2012-04-23,ESG-EGARCH,0.4639935843378475,8.543255805820763,all,2012-04-23
JNPR,JNPR.W^E14,2012-04-23,ESG-EGARCH(E),0.4712345172796673,8.811982947452424,E,2012-04-23
JNPR,JNPR.W^E14,2012-04-23,ESG-EGARCH(G),0.4659680897815084,8.616121456136028,G,2012-04-23
JNPR,JNPR.W^E14,2012-04-23,ESG-EGARCH(S),0.4710854470199491,8.80640866642799,S,2012-04-23
JNPR,JNPR.W^E14,2012-04-23,ESG-GARCH,0.4295808914317439,7.323005646162371,all,2012-04-23
JNPR,JNPR.W^E14,2012-04-23,ESG-GARCH(E),0.4376682359184473,7.601328759204984,E,2012-04-23
JNPR,JNPR.W^E14,2012-04-23,ESG-GARCH(G),0.4336699744030073,7.463081218202583,G,2012-04-23
JNPR,JNPR.W^E14,2012-04-23,ESG-GARCH(S),0.4376480326167976,7.6006270021172035,S,2012-04-23
JNPR,JNPR.W^E14,2012-04-23,ESG-GJR-GARCH,0.4340902732133417,7.477554178509272,all,2012-04-23
JNPR,JNPR.W^E14,2012-04-23,ESG-GJR-GARCH(E),0.4420553639324741,7.754481935772705,E,2012-04-23
JNPR,JNPR.W^E14,2012-04-23,ESG-GJR-GARCH(G),0.437157112915161,7.583584975092017,G,2012-04-23
JNPR,JNPR.W^E14,2012-04-23,ESG-GJR-GARCH(S),0.4419685486207628,7.751436427378715,S,2012-04-23
JNPR,JNPR.W^E14,2012-04-23,GARCH,0.4175393848732245,6.918219758742492,,2012-04-23
JNPR,JNPR.W^E14,2012-04-23,GJR-GARCH,0.4316434629353661,7.393495202175984,,2012-04-23
JNPR,JNPR.W^E14,2012-04-24,EGARCH,0.4620738134718529,8.472706710175425,,2012-04-23
JNPR,JNPR.W^E14,2012-04-24,ESG-EGARCH,0.4639935843378475,8.543255805820763,all,2012-04-23
JNPR,JNPR.W^E14,2012-04-24,ESG-EGARCH(E),0.4712345172796673,8.811982947452424,E,2012-04-23
JNPR,JNPR.W^E14,2012-04-24,ESG-EGARCH(G),0.4659680897815084,8.616121456136028,G,2012-04-23
JNPR,JNPR.W^E14,2012-04-24,ESG-EGARCH(S),0.4710854470199491,8.80640866642799,S,2012-04-23
JNPR,JNPR.W^E14,2012-04-24,ESG-GARCH,0.4295808914317439,7.323005646162371,all,2012-04-23
JNPR,JNPR.W^E14,2012-04-24,ESG-GARCH(E),0.4376682359184473,7.601328759204984,E,2012-04-23
JNPR,JNPR.W^E14,2012-04-24,ESG-GARCH(G),0.4336699744030073,7.463081218202583,G,2012-04-23
JNPR,JNPR.W^E14,2012-04-24,ESG-GARCH(S),0.4376480326167976,7.6006270021172035,S,2012-04-23
JNPR,JNPR.W^E14,2012-04-24,ESG-GJR-GARCH,0.4340902732133417,7.477554178509272,all,2012-04-23
JNPR,JNPR.W^E14,2012-04-24,ESG-GJR-GARCH(E),0.4420553639324741,7.754481935772705,E,2012-04-23
JNPR,JNPR.W^E14,2012-04-24,ESG-GJR-GARCH(G),0.437157112915161,7.583584975092017,G,2012-04-23
JNPR,JNPR.W^E14,2012-04-24,ESG-GJR-GARCH(S),0.4419685486207628,7.751436427378715,S,2012-04-23
JNPR,JNPR.W^E14,2012-04-24,GARCH,0.4175393848732245,6.918219758742492,,2012-04-23
JNPR,JNPR.W^E14,2012-04-24,GJR-GARCH,0.4316434629353661,7.393495202175984,,2012-04-23
JNPR,JNPR.W^E14,2012-04-25,EGARCH,0.4620738134718529,8.472706710175425,,2012-04-23
JNPR,JNPR.W^E14,2012-04-25,ESG-EGARCH,0.4639935843378475,8.543255805820763,all,2012-04-23
JNPR,JNPR.W^E14,2012-04-25,ESG-EGARCH(E),0.4712345172796673,8.811982947452424,E,2012-04-23
JNPR,JNPR.W^E14,2012-04-25,ESG-EGARCH(G),0.4659680897815084,8.616121456136028,G,2012-04-23
JNPR,JNPR.W^E14,2012-04-25,ESG-EGARCH(S),0.4710854470199491,8.80640866642799,S,2012-04-23
JNPR,JNPR.W^E14,2012-04-25,ESG-GARCH,0.4295808914317439,7.323005646162371,all,2012-04-23
JNPR,JNPR.W^E14,2012-04-25,ESG-GARCH(E),0.4376682359184473,7.601328759204984,E,2012-04-23
JNPR,JNPR.W^E14,2012-04-25,ESG-GARCH(G),0.4336699744030073,7.463081218202583,G,2012-04-23
JNPR,JNPR.W^E14,2012-04-25,ESG-GARCH(S),0.4376480326167976,7.6006270021172035,S,2012-04-23
JNPR,JNPR.W^E14,2012-04-25,ESG-GJR-GARCH,0.4340902732133417,7.477554178509272,all,2012-04-23
JNPR,JNPR.W^E14,2012-04-25,ESG-GJR-GARCH(E),0.4420553639324741,7.754481935772705,E,2012-04-23
JNPR,JNPR.W^E14,2012-04-25,ESG-GJR-GARCH(G),0.437157112915161,7.583584975092017,G,2012-04-23
JNPR,JNPR.W^E14,2012-04-25,ESG-GJR-GARCH(S),0.4419685486207628,7.751436427378715,S,2012-04-23
JNPR,JNPR.W^E14,2012-04-25,GARCH,0.4175393848732245,6.918219758742492,,2012-04-23
JNPR,JNPR.W^E14,2012-04-25,GJR-GARCH,0.4316434629353661,7.393495202175984,,2012-04-23
JNPR,JNPR.W^E14,2012-04-26,EGARCH,0.4620738134718529,8.472706710175425,,2012-04-23
JNPR,JNPR.W^E14,2012-04-26,ESG-EGARCH,0.4639935843378475,8.543255805820763,all,2012-04-23
JNPR,JNPR.W^E14,2012-04-26,ESG-EGARCH(E),0.4712345172796673,8.811982947452424,E,2012-04-23
JNPR,JNPR.W^E14,2012-04-26,ESG-EGARCH(G),0.4659680897815084,8.616121456136028,G,2012-04-23
JNPR,JNPR.W^E14,2012-04-26,ESG-EGARCH(S),0.4710854470199491,8.80640866642799,S,2012-04-23
JNPR,JNPR.W^E14,2012-04-26,ESG-GARCH,0.4295808914317439,7.323005646162371,all,2012-04-23
JNPR,JNPR.W^E14,2012-04-26,ESG-GARCH(E),0.4376682359184473,7.601328759204984,E,2012-04-23
JNPR,JNPR.W^E14,2012-04-26,ESG-GARCH(G),0.4336699744030073,7.463081218202583,G,2012-04-23
JNPR,JNPR.W^E14,2012-04-26,ESG-GARCH(S),0.4376480326167976,7.6006270021172035,S,2012-04-23
JNPR,JNPR.W^E14,2012-04-26,ESG-GJR-GARCH,0.4340902732133417,7.477554178509272,all,2012-04-23
JNPR,JNPR.W^E14,2012-04-26,ESG-GJR-GARCH(E),0.4420553639324741,7.754481935772705,E,2012-04-23
JNPR,JNPR.W^E14,2012-04-26,ESG-GJR-GARCH(G),0.437157112915161,7.583584975092017,G,2012-04-23
JNPR,JNPR.W^E14,2012-04-26,ESG-GJR-GARCH(S),0.4419685486207628,7.751436427378715,S,2012-04-23
JNPR,JNPR.W^E14,2012-04-26,GARCH,0.4175393848732245,6.918219758742492,,2012-04-23
JNPR,JNPR.W^E14,2012-04-26,GJR-GARCH,0.4316434629353661,7.393495202175984,,2012-04-23
JNPR,JNPR.W^E14,2012-04-27,EGARCH,0.4620738134718529,8.472706710175425,,2012-04-23
JNPR,JNPR.W^E14,2012-04-27,ESG-EGARCH,0.4639935843378475,8.543255805820763,all,2012-04-23
JNPR,JNPR.W^E14,2012-04-27,ESG-EGARCH(E),0.4712345172796673,8.811982947452424,E,2012-04-23
JNPR,JNPR.W^E14,2012-04-27,ESG-EGARCH(G),0.4659680897815084,8.616121456136028,G,2012-04-23
JNPR,JNPR.W^E14,2012-04-27,ESG-EGARCH(S),0.4710854470199491,8.80640866642799,S,2012-04-23
JNPR,JNPR.W^E14,2012-04-27,ESG-GARCH,0.4295808914317439,7.323005646162371,all,2012-04-23
JNPR,JNPR.W^E14,2012-04-27,ESG-GARCH(E),0.4376682359184473,7.601328759204984,E,2012-04-23
JNPR,JNPR.W^E14,2012-04-27,ESG-GARCH(G),0.4336699744030073,7.463081218202583,G,2012-04-23
JNPR,JNPR.W^E14,2012-04-27,ESG-GARCH(S),0.4376480326167976,7.6006270021172035,S,2012-04-23
JNPR,JNPR.W^E14,2012-04-27,ESG-GJR-GARCH,0.4340902732133417,7.477554178509272,all,2012-04-23
JNPR,JNPR.W^E14,2012-04-27,ESG-GJR-GARCH(E),0.4420553639324741,7.754481935772705,E,2012-04-23
JNPR,JNPR.W^E14,2012-04-27,ESG-GJR-GARCH(G),0.437157112915161,7.583584975092017,G,2012-04-23
JNPR,JNPR.W^E14,2012-04-27,ESG-GJR-GARCH(S),0.4419685486207628,7.751436427378715,S,2012-04-23
JNPR,JNPR.W^E14,2012-04-27,GARCH,0.4175393848732245,6.918219758742492,,2012-04-23
JNPR,JNPR.W^E14,2012-04-27,GJR-GARCH,0.4316434629353661,7.393495202175984,,2012-04-23
JNPR,JNPR.W^E14,2012-04-30,EGARCH,0.4620738134718529,8.472706710175425,,2012-04-23
JNPR,JNPR.W^E14,2012-04-30,ESG-EGARCH,0.4639935843378475,8.543255805820763,all,2012-04-23
JNPR,JNPR.W^E14,2012-04-30,ESG-EGARCH(E),0.4712345172796673,8.811982947452424,E,2012-04-23
JNPR,JNPR.W^E14,2012-04-30,ESG-EGARCH(G),0.4659680897815084,8.616121456136028,G,2012-04-23
JNPR,JNPR.W^E14,2012-04-30,ESG-EGARCH(S),0.4710854470199491,8.80640866642799,S,2012-04-23
JNPR,JNPR.W^E14,2012-04-30,ESG-GARCH,0.4295808914317439,7.323005646162371,all,2012-04-23
JNPR,JNPR.W^E14,2012-04-30,ESG-GARCH(E),0.4376682359184473,7.601328759204984,E,2012-04-23
JNPR,JNPR.W^E14,2012-04-30,ESG-GARCH(G),0.4336699744030073,7.463081218202583,G,2012-04-23
JNPR,JNPR.W^E14,2012-04-30,ESG-GARCH(S),0.4376480326167976,7.6006270021172035,S,2012-04-23
JNPR,JNPR.W^E14,2012-04-30,ESG-GJR-GARCH,0.4340902732133417,7.477554178509272,all,2012-04-23
JNPR,JNPR.W^E14,2012-04-30,ESG-GJR-GARCH(E),0.4420553639324741,7.754481935772705,E,2012-04-23
JNPR,JNPR.W^E14,2012-04-30,ESG-GJR-GARCH(G),0.437157112915161,7.583584975092017,G,2012-04-23
JNPR,JNPR.W^E14,2012-04-30,ESG-GJR-GARCH(S),0.4419685486207628,7.751436427378715,S,2012-04-23
JNPR,JNPR.W^E14,2012-04-30,GARCH,0.4175393848732245,6.918219758742492,,2012-04-23
JNPR,JNPR.W^E14,2012-04-30,GJR-GARCH,0.4316434629353661,7.393495202175984,,2012-04-23
JNPR,JNPR.W^E14,2012-05-01,EGARCH,0.4620738134718529,8.472706710175425,,2012-04-23
JNPR,JNPR.W^E14,2012-05-01,ESG-EGARCH,0.4639935843378475,8.543255805820763,all,2012-04-23
JNPR,JNPR.W^E14,2012-05-01,ESG-EGARCH(E),0.4712345172796673,8.811982947452424,E,2012-04-23
JNPR,JNPR.W^E14,2012-05-01,ESG-EGARCH(G),0.4659680897815084,8.616121456136028,G,2012-04-23
JNPR,JNPR.W^E14,2012-05-01,ESG-EGARCH(S),0.4710854470199491,8.80640866642799,S,2012-04-23
JNPR,JNPR.W^E14,2012-05-01,ESG-GARCH,0.4295808914317439,7.323005646162371,all,2012-04-23
JNPR,JNPR.W^E14,2012-05-01,ESG-GARCH(E),0.4376682359184473,7.601328759204984,E,2012-04-23
JNPR,JNPR.W^E14,2012-05-01,ESG-GARCH(G),0.4336699744030073,7.463081218202583,G,2012-04-23
JNPR,JNPR.W^E14,2012-05-01,ESG-GARCH(S),0.4376480326167976,7.6006270021172035,S,2012-04-23
JNPR,JNPR.W^E14,2012-05-01,ESG-GJR-GARCH,0.4340902732133417,7.477554178509272,all,2012-04-23
JNPR,JNPR.W^E14,2012-05-01,ESG-GJR-GARCH(E),0.4420553639324741,7.754481935772705,E,2012-04-23
JNPR,JNPR.W^E14,2012-05-01,ESG-GJR-GARCH(G),0.437157112915161,7.583584975092017,G,2012-04-23
JNPR,JNPR.W^E14,2012-05-01,ESG-GJR-GARCH(S),0.4419685486207628,7.751436427378715,S,2012-04-23
JNPR,JNPR.W^E14,2012-05-01,GARCH,0.4175393848732245,6.918219758742492,,2012-04-23
JNPR,JNPR.W^E14,2012-05-01,GJR-GARCH,0.4316434629353661,7.393495202175984,,2012-04-23
JNPR,JNPR.W^E14,2012-05-02,EGARCH,0.4620738134718529,8.472706710175425,,2012-04-23
JNPR,JNPR.W^E14,2012-05-02,ESG-EGARCH,0.4639935843378475,8.543255805820763,all,2012-04-23
JNPR,JNPR.W^E14,2012-05-02,ESG-EGARCH(E),0.4712345172796673,8.811982947452424,E,2012-04-23
JNPR,JNPR.W^E14,2012-05-02,ESG-EGARCH(G),0.4659680897815084,8.616121456136028,G,2012-04-23
JNPR,JNPR.W^E14,2012-05-02,ESG-EGARCH(S),0.4710854470199491,8.80640866642799,S,2012-04-23
JNPR,JNPR.W^E14,2012-05-02,ESG-GARCH,0.4295808914317439,7.323005646162371,all,2012-04-23
JNPR,JNPR.W^E14,2012-05-02,ESG-GARCH(E),0.4376682359184473,7.601328759204984,E,2012-04-23
JNPR,JNPR.W^E14,2012-05-02,ESG-GARCH(G),0.4336699744030073,7.463081218202583,G,2012-04-23
JNPR,JNPR.W^E14,2012-05-02,ESG-GARCH(S),0.4376480326167976,7.6006270021172035,S,2012-04-23
JNPR,JNPR.W^E14,2012-05-02,ESG-GJR-GARCH,0.4340902732133417,7.477554178509272,all,2012-04-23
JNPR,JNPR.W^E14,2012-05-02,ESG-GJR-GARCH(E),0.4420553639324741,7.754481935772705,E,2012-04-23
JNPR,JNPR.W^E14,2012-05-02,ESG-GJR-GARCH(G),0.437157112915161,7.583584975092017,G,2012-04-23
JNPR,JNPR.W^E14,2012-05-02,ESG-GJR-GARCH(S),0.4419685486207628,7.751436427378715,S,2012-04-23
JNPR,JNPR.W^E14,2012-05-02,GARCH,0.4175393848732245,6.918219758742492,,2012-04-23
JNPR,JNPR.W^E14,2012-05-02,GJR-GARCH,0.4316434629353661,7.393495202175984,,2012-04-23
JNPR,JNPR.W^E14,2012-05-03,EGARCH,0.4620738134718529,8.472706710175425,,2012-04-23
JNPR,JNPR.W^E14,2012-05-03,ESG-EGARCH,0.4639935843378475,8.543255805820763,all,2012-04-23
JNPR,JNPR.W^E14,2012-05-03,ESG-EGARCH(E),0.4712345172796673,8.811982947452424,E,2012-04-23
JNPR,JNPR.W^E14,2012-05-03,ESG-EGARCH(G),0.4659680897815084,8.616121456136028,G,2012-04-23
JNPR,JNPR.W^E14,2012-05-03,ESG-EGARCH(S),0.4710854470199491,8.80640866642799,S,2012-04-23
JNPR,JNPR.W^E14,2012-05-03,ESG-GARCH,0.4295808914317439,7.323005646162371,all,2012-04-23
JNPR,JNPR.W^E14,2012-05-03,ESG-GARCH(E),0.4376682359184473,7.601328759204984,E,2012-04-23
JNPR,JNPR.W^E14,2012-05-03,ESG-GARCH(G),0.4336699744030073,7.463081218202583,G,2012-04-23
JNPR,JNPR.W^E14,2012-05-03,ESG-GARCH(S),0.4376480326167976,7.6006270021172035,S,2012-04-23
JNPR,JNPR.W^E14,2012-05-03,ESG-GJR-GARCH,0.4340902732133417,7.477554178509272,all,2012-04-23
JNPR,JNPR.W^E14,2012-05-03,ESG-GJR-GARCH(E),0.4420553639324741,7.754481935772705,E,2012-04-23
JNPR,JNPR.W^E14,2012-05-03,ESG-GJR-GARCH(G),0.437157112915161,7.583584975092017,G,2012-04-23
JNPR,JNPR.W^E14,2012-05-03,ESG-GJR-GARCH(S),0.4419685486207628,7.751436427378715,S,2012-04-23
JNPR,JNPR.W^E14,2012-05-03,GARCH,0.4175393848732245,6.918219758742492,,2012-04-23
JNPR,JNPR.W^E14,2012-05-03,GJR-GARCH,0.4316434629353661,7.393495202175984,,2012-04-23
JNPR,JNPR.W^E14,2012-05-04,EGARCH,0.4620738134718529,8.472706710175425,,2012-04-23
JNPR,JNPR.W^E14,2012-05-04,ESG-EGARCH,0.4639935843378475,8.543255805820763,all,2012-04-23
JNPR,JNPR.W^E14,2012-05-04,ESG-EGARCH(E),0.4712345172796673,8.811982947452424,E,2012-04-23
JNPR,JNPR.W^E14,2012-05-04,ESG-EGARCH(G),0.4659680897815084,8.616121456136028,G,2012-04-23
JNPR,JNPR.W^E14,2012-05-04,ESG-EGARCH(S),0.4710854470199491,8.80640866642799,S,2012-04-23
JNPR,JNPR.W^E14,2012-05-04,ESG-GARCH,0.4295808914317439,7.323005646162371,all,2012-04-23
JNPR,JNPR.W^E14,2012-05-04,ESG-GARCH(E),0.4376682359184473,7.601328759204984,E,2012-04-23
JNPR,JNPR.W^E14,2012-05-04,ESG-GARCH(G),0.4336699744030073,7.463081218202583,G,2012-04-23
JNPR,JNPR.W^E14,2012-05-04,ESG-GARCH(S),0.4376480326167976,7.6006270021172035,S,2012-04-23
JNPR,JNPR.W^E14,2012-05-04,ESG-GJR-GARCH,0.4340902732133417,7.477554178509272,all,2012-04-23
JNPR,JNPR.W^E14,2012-05-04,ESG-GJR-GARCH(E),0.4420553639324741,7.754481935772705,E,2012-04-23
JNPR,JNPR.W^E14,2012-05-04,ESG-GJR-GARCH(G),0.437157112915161,7.583584975092017,G,2012-04-23
JNPR,JNPR.W^E14,2012-05-04,ESG-GJR-GARCH(S),0.4419685486207628,7.751436427378715,S,2012-04-23
JNPR,JNPR.W^E14,2012-05-04,GARCH,0.4175393848732245,6.918219758742492,,2012-04-23
JNPR,JNPR.W^E14,2012-05-04,GJR-GARCH,0.4316434629353661,7.393495202175984,,2012-04-23
JNPR,JNPR.W^E14,2012-05-07,EGARCH,0.4620738134718529,8.472706710175425,,2012-04-23
JNPR,JNPR.W^E14,2012-05-07,ESG-EGARCH,0.4639935843378475,8.543255805820763,all,2012-04-23
JNPR,JNPR.W^E14,2012-05-07,ESG-EGARCH(E),0.4712345172796673,8.811982947452424,E,2012-04-23
JNPR,JNPR.W^E14,2012-05-07,ESG-EGARCH(G),0.4659680897815084,8.616121456136028,G,2012-04-23
JNPR,JNPR.W^E14,2012-05-07,ESG-EGARCH(S),0.4710854470199491,8.80640866642799,S,2012-04-23
JNPR,JNPR.W^E14,2012-05-07,ESG-GARCH,0.4295808914317439,7.323005646162371,all,2012-04-23
JNPR,JNPR.W^E14,2012-05-07,ESG-GARCH(E),0.4376682359184473,7.601328759204984,E,2012-04-23
JNPR,JNPR.W^E14,2012-05-07,ESG-GARCH(G),0.4336699744030073,7.463081218202583,G,2012-04-23
JNPR,JNPR.W^E14,2012-05-07,ESG-GARCH(S),0.4376480326167976,7.6006270021172035,S,2012-04-23
JNPR,JNPR.W^E14,2012-05-07,ESG-GJR-GARCH,0.4340902732133417,7.477554178509272,all,2012-04-23
JNPR,JNPR.W^E14,2012-05-07,ESG-GJR-GARCH(E),0.4420553639324741,7.754481935772705,E,2012-04-23
JNPR,JNPR.W^E14,2012-05-07,ESG-GJR-GARCH(G),0.437157112915161,7.583584975092017,G,2012-04-23
JNPR,JNPR.W^E14,2012-05-07,ESG-GJR-GARCH(S),0.4419685486207628,7.751436427378715,S,2012-04-23
JNPR,JNPR.W^E14,2012-05-07,GARCH,0.4175393848732245,6.918219758742492,,2012-04-23
JNPR,JNPR.W^E14,2012-05-07,GJR-GARCH,0.4316434629353661,7.393495202175984,,2012-04-23
JNPR,JNPR.W^E14,2012-05-08,EGARCH,0.4620738134718529,8.472706710175425,,2012-04-23
JNPR,JNPR.W^E14,2012-05-08,ESG-EGARCH,0.4639935843378475,8.543255805820763,all,2012-04-23
JNPR,JNPR.W^E14,2012-05-08,ESG-EGARCH(E),0.4712345172796673,8.811982947452424,E,2012-04-23
JNPR,JNPR.W^E14,2012-05-08,ESG-EGARCH(G),0.4659680897815084,8.616121456136028,G,2012-04-23
JNPR,JNPR.W^E14,2012-05-08,ESG-EGARCH(S),0.4710854470199491,8.80640866642799,S,2012-04-23
JNPR,JNPR.W^E14,2012-05-08,ESG-GARCH,0.4295808914317439,7.323005646162371,all,2012-04-23
JNPR,JNPR.W^E14,2012-05-08,ESG-GARCH(E),0.4376682359184473,7.601328759204984,E,2012-04-23
JNPR,JNPR.W^E14,2012-05-08,ESG-GARCH(G),0.4336699744030073,7.463081218202583,G,2012-04-23
JNPR,JNPR.W^E14,2012-05-08,ESG-GARCH(S),0.4376480326167976,7.6006270021172035,S,2012-04-23
JNPR,JNPR.W^E14,2012-05-08,ESG-GJR-GARCH,0.4340902732133417,7.477554178509272,all,2012-04-23
JNPR,JNPR.W^E14,2012-05-08,ESG-GJR-GARCH(E),0.4420553639324741,7.754481935772705,E,2012-04-23
JNPR,JNPR.W^E14,2012-05-08,ESG-GJR-GARCH(G),0.437157112915161,7.583584975092017,G,2012-04-23
JNPR,JNPR.W^E14,2012-05-08,ESG-GJR-GARCH(S),0.4419685486207628,7.751436427378715,S,2012-04-23
JNPR,JNPR.W^E14,2012-05-08,GARCH,0.4175393848732245,6.918219758742492,,2012-04-23
JNPR,JNPR.W^E14,2012-05-08,GJR-GARCH,0.4316434629353661,7.393495202175984,,2012-04-23
JNPR,JNPR.W^E14,2012-05-09,EGARCH,0.4620738134718529,8.472706710175425,,2012-04-23
JNPR,JNPR.W^E14,2012-05-09,ESG-EGARCH,0.4639935843378475,8.543255805820763,all,2012-04-23
JNPR,JNPR.W^E14,2012-05-09,ESG-EGARCH(E),0.4712345172796673,8.811982947452424,E,2012-04-23
JNPR,JNPR.W^E14,2012-05-09,ESG-EGARCH(G),0.4659680897815084,8.616121456136028,G,2012-04-23
JNPR,JNPR.W^E14,2012-05-09,ESG-EGARCH(S),0.4710854470199491,8.80640866642799,S,2012-04-23
JNPR,JNPR.W^E14,2012-05-09,ESG-GARCH,0.4295808914317439,7.323005646162371,all,2012-04-23
JNPR,JNPR.W^E14,2012-05-09,ESG-GARCH(E),0.4376682359184473,7.601328759204984,E,2012-04-23
JNPR,JNPR.W^E14,2012-05-09,ESG-GARCH(G),0.4336699744030073,7.463081218202583,G,2012-04-23
JNPR,JNPR.W^E14,2012-05-09,ESG-GARCH(S),0.4376480326167976,7.6006270021172035,S,2012-04-23
JNPR,JNPR.W^E14,2012-05-09,ESG-GJR-GARCH,0.4340902732133417,7.477554178509272,all,2012-04-23
JNPR,JNPR.W^E14,2012-05-09,ESG-GJR-GARCH(E),0.4420553639324741,7.754481935772705,E,2012-04-23
JNPR,JNPR.W^E14,2012-05-09,ESG-GJR-GARCH(G),0.437157112915161,7.583584975092017,G,2012-04-23
JNPR,JNPR.W^E14,2012-05-09,ESG-GJR-GARCH(S),0.4419685486207628,7.751436427378715,S,2012-04-23
JNPR,JNPR.W^E14,2012-05-09,GARCH,0.4175393848732245,6.918219758742492,,2012-04-23
JNPR,JNPR.W^E14,2012-05-09,GJR-GARCH,0.4316434629353661,7.393495202175984,,2012-04-23
JNPR,JNPR.W^E14,2012-05-10,EGARCH,0.4620738134718529,8.472706710175425,,2012-04-23
JNPR,JNPR.W^E14,2012-05-10,ESG-EGARCH,0.4639935843378475,8.543255805820763,all,2012-04-23
JNPR,JNPR.W^E14,2012-05-10,ESG-EGARCH(E),0.4712345172796673,8.811982947452424,E,2012-04-23
JNPR,JNPR.W^E14,2012-05-10,ESG-EGARCH(G),0.4659680897815084,8.616121456136028,G,2012-04-23
JNPR,JNPR.W^E14,2012-05-10,ESG-EGARCH(S),0.4710854470199491,8.80640866642799,S,2012-04-23
JNPR,JNPR.W^E14,2012-05-10,ESG-GARCH,0.4295808914317439,7.323005646162371,all,2012-04-23
JNPR,JNPR.W^E14,2012-05-10,ESG-GARCH(E),0.4376682359184473,7.601328759204984,E,2012-04-23
JNPR,JNPR.W^E14,2012-05-10,ESG-GARCH(G),0.4336699744030073,7.463081218202583,G,2012-04-23
JNPR,JNPR.W^E14,2012-05-10,ESG-GARCH(S),0.4376480326167976,7.6006270021172035,S,2012-04-23
JNPR,JNPR.W^E14,2012-05-10,ESG-GJR-GARCH,0.4340902732133417,7.477554178509272,all,2012-04-23
JNPR,JNPR.W^E14,2012-05-10,ESG-GJR-GARCH(E),0.4420553639324741,7.754481935772705,E,2012-04-23
JNPR,JNPR.W^E14,2012-05-10,ESG-GJR-GARCH(G),0.437157112915161,7.583584975092017,G,2012-04-23
JNPR,JNPR.W^E14,2012-05-10,ESG-GJR-GARCH(S),0.4419685486207628,7.751436427378715,S,2012-04-23
JNPR,JNPR.W^E14,2012-05-10,GARCH,0.4175393848732245,6.918219758742492,,2012-04-23
JNPR,JNPR.W^E14,2012-05-10,GJR-GARCH,0.4316434629353661,7.393495202175984,,2012-04-23
JNPR,JNPR.W^E14,2012-05-11,EGARCH,0.4620738134718529,8.472706710175425,,2012-04-23
JNPR,JNPR.W^E14,2012-05-11,ESG-EGARCH,0.4639935843378475,8.543255805820763,all,2012-04-23
JNPR,JNPR.W^E14,2012-05-11,ESG-EGARCH(E),0.4712345172796673,8.811982947452424,E,2012-04-23
JNPR,JNPR.W^E14,2012-05-11,ESG-EGARCH(G),0.4659680897815084,8.616121456136028,G,2012-04-23
JNPR,JNPR.W^E14,2012-05-11,ESG-EGARCH(S),0.4710854470199491,8.80640866642799,S,2012-04-23
JNPR,JNPR.W^E14,2012-05-11,ESG-GARCH,0.4295808914317439,7.323005646162371,all,2012-04-23
JNPR,JNPR.W^E14,2012-05-11,ESG-GARCH(E),0.4376682359184473,7.601328759204984,E,2012-04-23
JNPR,JNPR.W^E14,2012-05-11,ESG-GARCH(G),0.4336699744030073,7.463081218202583,G,2012-04-23
JNPR,JNPR.W^E14,2012-05-11,ESG-GARCH(S),0.4376480326167976,7.6006270021172035,S,2012-04-23
JNPR,JNPR.W^E14,2012-05-11,ESG-GJR-GARCH,0.4340902732133417,7.477554178509272,all,2012-04-23
JNPR,JNPR.W^E14,2012-05-11,ESG-GJR-GARCH(E),0.4420553639324741,7.754481935772705,E,2012-04-23
JNPR,JNPR.W^E14,2012-05-11,ESG-GJR-GARCH(G),0.437157112915161,7.583584975092017,G,2012-04-23
JNPR,JNPR.W^E14,2012-05-11,ESG-GJR-GARCH(S),0.4419685486207628,7.751436427378715,S,2012-04-23
JNPR,JNPR.W^E14,2012-05-11,GARCH,0.4175393848732245,6.918219758742492,,2012-04-23
JNPR,JNPR.W^E14,2012-05-11,GJR-GARCH,0.4316434629353661,7.393495202175984,,2012-04-23
JNPR,JNPR.W^E14,2012-05-14,EGARCH,0.4620738134718529,8.472706710175425,,2012-04-23
JNPR,JNPR.W^E14,2012-05-14,ESG-EGARCH,0.4639935843378475,8.543255805820763,all,2012-04-23
JNPR,JNPR.W^E14,2012-05-14,ESG-EGARCH(E),0.4712345172796673,8.811982947452424,E,2012-04-23
JNPR,JNPR.W^E14,2012-05-14,ESG-EGARCH(G),0.4659680897815084,8.616121456136028,G,2012-04-23
JNPR,JNPR.W^E14,2012-05-14,ESG-EGARCH(S),0.4710854470199491,8.80640866642799,S,2012-04-23
JNPR,JNPR.W^E14,2012-05-14,ESG-GARCH,0.4295808914317439,7.323005646162371,all,2012-04-23
JNPR,JNPR.W^E14,2012-05-14,ESG-GARCH(E),0.4376682359184473,7.601328759204984,E,2012-04-23
JNPR,JNPR.W^E14,2012-05-14,ESG-GARCH(G),0.4336699744030073,7.463081218202583,G,2012-04-23
JNPR,JNPR.W^E14,2012-05-14,ESG-GARCH(S),0.4376480326167976,7.6006270021172035,S,2012-04-23
JNPR,JNPR.W^E14,2012-05-14,ESG-GJR-GARCH,0.4340902732133417,7.477554178509272,all,2012-04-23
JNPR,JNPR.W^E14,2012-05-14,ESG-GJR-GARCH(E),0.4420553639324741,7.754481935772705,E,2012-04-23
JNPR,JNPR.W^E14,2012-05-14,ESG-GJR-GARCH(G),0.437157112915161,7.583584975092017,G,2012-04-23
JNPR,JNPR.W^E14,2012-05-14,ESG-GJR-GARCH(S),0.4419685486207628,7.751436427378715,S,2012-04-23
JNPR,JNPR.W^E14,2012-05-14,GARCH,0.4175393848732245,6.918219758742492,,2012-04-23
JNPR,JNPR.W^E14,2012-05-14,GJR-GARCH,0.4316434629353661,7.393495202175984,,2012-04-23
JNPR,JNPR.W^E14,2012-05-15,EGARCH,0.4620738134718529,8.472706710175425,,2012-04-23
JNPR,JNPR.W^E14,2012-05-15,ESG-EGARCH,0.4639935843378475,8.543255805820763,all,2012-04-23
JNPR,JNPR.W^E14,2012-05-15,ESG-EGARCH(E),0.4712345172796673,8.811982947452424,E,2012-04-23
JNPR,JNPR.W^E14,2012-05-15,ESG-EGARCH(G),0.4659680897815084,8.616121456136028,G,2012-04-23
JNPR,JNPR.W^E14,2012-05-15,ESG-EGARCH(S),0.4710854470199491,8.80640866642799,S,2012-04-23
JNPR,JNPR.W^E14,2012-05-15,ESG-GARCH,0.4295808914317439,7.323005646162371,all,2012-04-23
JNPR,JNPR.W^E14,2012-05-15,ESG-GARCH(E),0.4376682359184473,7.601328759204984,E,2012-04-23
JNPR,JNPR.W^E14,2012-05-15,ESG-GARCH(G),0.4336699744030073,7.463081218202583,G,2012-04-23
JNPR,JNPR.W^E14,2012-05-15,ESG-GARCH(S),0.4376480326167976,7.6006270021172035,S,2012-04-23
JNPR,JNPR.W^E14,2012-05-15,ESG-GJR-GARCH,0.4340902732133417,7.477554178509272,all,2012-04-23
JNPR,JNPR.W^E14,2012-05-15,ESG-GJR-GARCH(E),0.4420553639324741,7.754481935772705,E,2012-04-23
JNPR,JNPR.W^E14,2012-05-15,ESG-GJR-GARCH(G),0.437157112915161,7.583584975092017,G,2012-04-23
JNPR,JNPR.W^E14,2012-05-15,ESG-GJR-GARCH(S),0.4419685486207628,7.751436427378715,S,2012-04-23
JNPR,JNPR.W^E14,2012-05-15,GARCH,0.4175393848732245,6.918219758742492,,2012-04-23
JNPR,JNPR.W^E14,2012-05-15,GJR-GARCH,0.4316434629353661,7.393495202175984,,2012-04-23
JNPR,JNPR.W^E14,2012-05-16,EGARCH,0.4620738134718529,8.472706710175425,,2012-04-23
JNPR,JNPR.W^E14,2012-05-16,ESG-EGARCH,0.4639935843378475,8.543255805820763,all,2012-04-23
JNPR,JNPR.W^E14,2012-05-16,ESG-EGARCH(E),0.4712345172796673,8.811982947452424,E,2012-04-23
JNPR,JNPR.W^E14,2012-05-16,ESG-EGARCH(G),0.4659680897815084,8.616121456136028,G,2012-04-23
JNPR,JNPR.W^E14,2012-05-16,ESG-EGARCH(S),0.4710854470199491,8.80640866642799,S,2012-04-23
JNPR,JNPR.W^E14,2012-05-16,ESG-GARCH,0.4295808914317439,7.323005646162371,all,2012-04-23
JNPR,JNPR.W^E14,2012-05-16,ESG-GARCH(E),0.4376682359184473,7.601328759204984,E,2012-04-23
JNPR,JNPR.W^E14,2012-05-16,ESG-GARCH(G),0.4336699744030073,7.463081218202583,G,2012-04-23
JNPR,JNPR.W^E14,2012-05-16,ESG-GARCH(S),0.4376480326167976,7.6006270021172035,S,2012-04-23
JNPR,JNPR.W^E14,2012-05-16,ESG-GJR-GARCH,0.4340902732133417,7.477554178509272,all,2012-04-23
JNPR,JNPR.W^E14,2012-05-16,ESG-GJR-GARCH(E),0.4420553639324741,7.754481935772705,E,2012-04-23
JNPR,JNPR.W^E14,2012-05-16,ESG-GJR-GARCH(G),0.437157112915161,7.583584975092017,G,2012-04-23
JNPR,JNPR.W^E14,2012-05-16,ESG-GJR-GARCH(S),0.4419685486207628,7.751436427378715,S,2012-04-23
JNPR,JNPR.W^E14,2012-05-16,GARCH,0.4175393848732245,6.918219758742492,,2012-04-23
JNPR,JNPR.W^E14,2012-05-16,GJR-GARCH,0.4316434629353661,7.393495202175984,,2012-04-23
JNPR,JNPR.W^E14,2012-05-17,EGARCH,0.4620738134718529,8.472706710175425,,2012-04-23
JNPR,JNPR.W^E14,2012-05-17,ESG-EGARCH,0.4639935843378475,8.543255805820763,all,2012-04-23
JNPR,JNPR.W^E14,2012-05-17,ESG-EGARCH(E),0.4712345172796673,8.811982947452424,E,2012-04-23
JNPR,JNPR.W^E14,2012-05-17,ESG-EGARCH(G),0.4659680897815084,8.616121456136028,G,2012-04-23
JNPR,JNPR.W^E14,2012-05-17,ESG-EGARCH(S),0.4710854470199491,8.80640866642799,S,2012-04-23
JNPR,JNPR.W^E14,2012-05-17,ESG-GARCH,0.4295808914317439,7.323005646162371,all,2012-04-23
JNPR,JNPR.W^E14,2012-05-17,ESG-GARCH(E),0.4376682359184473,7.601328759204984,E,2012-04-23
JNPR,JNPR.W^E14,2012-05-17,ESG-GARCH(G),0.4336699744030073,7.463081218202583,G,2012-04-23
JNPR,JNPR.W^E14,2012-05-17,ESG-GARCH(S),0.4376480326167976,7.6006270021172035,S,2012-04-23
JNPR,JNPR.W^E14,2012-05-17,ESG-GJR-GARCH,0.4340902732133417,7.477554178509272,all,2012-04-23
JNPR,JNPR.W^E14,2012-05-17,ESG-GJR-GARCH(E),0.4420553639324741,7.754481935772705,E,2012-04-23
JNPR,JNPR.W^E14,2012-05-17,ESG-GJR-GARCH(G),0.437157112915161,7.583584975092017,G,2012-04-23
JNPR,JNPR.W^E14,2012-05-17,ESG-GJR-GARCH(S),0.4419685486207628,7.751436427378715,S,2012-04-23
JNPR,JNPR.W^E14,2012-05-17,GARCH,0.4175393848732245,6.918219758742492,,2012-04-23
JNPR,JNPR.W^E14,2012-05-17,GJR-GARCH,0.4316434629353661,7.393495202175984,,2012-04-23
JNPR,JNPR.W^E14,2012-05-18,EGARCH,0.4620738134718529,8.472706710175425,,2012-04-23
JNPR,JNPR.W^E14,2012-05-18,ESG-EGARCH,0.4639935843378475,8.543255805820763,all,2012-04-23
JNPR,JNPR.W^E14,2012-05-18,ESG-EGARCH(E),0.4712345172796673,8.811982947452424,E,2012-04-23
JNPR,JNPR.W^E14,2012-05-18,ESG-EGARCH(G),0.4659680897815084,8.616121456136028,G,2012-04-23
JNPR,JNPR.W^E14,2012-05-18,ESG-EGARCH(S),0.4710854470199491,8.80640866642799,S,2012-04-23
JNPR,JNPR.W^E14,2012-05-18,ESG-GARCH,0.4295808914317439,7.323005646162371,all,2012-04-23
JNPR,JNPR.W^E14,2012-05-18,ESG-GARCH(E),0.4376682359184473,7.601328759204984,E,2012-04-23
JNPR,JNPR.W^E14,2012-05-18,ESG-GARCH(G),0.4336699744030073,7.463081218202583,G,2012-04-23
JNPR,JNPR.W^E14,2012-05-18,ESG-GARCH(S),0.4376480326167976,7.6006270021172035,S,2012-04-23
JNPR,JNPR.W^E14,2012-05-18,ESG-GJR-GARCH,0.4340902732133417,7.477554178509272,all,2012-04-23
JNPR,JNPR.W^E14,2012-05-18,ESG-GJR-GARCH(E),0.4420553639324741,7.754481935772705,E,2012-04-23
JNPR,JNPR.W^E14,2012-05-18,ESG-GJR-GARCH(G),0.437157112915161,7.583584975092017,G,2012-04-23
JNPR,JNPR.W^E14,2012-05-18,ESG-GJR-GARCH(S),0.4419685486207628,7.751436427378715,S,2012-04-23
JNPR,JNPR.W^E14,2012-05-18,GARCH,0.4175393848732245,6.918219758742492,,2012-04-23
JNPR,JNPR.W^E14,2012-05-18,GJR-GARCH,0.4316434629353661,7.393495202175984,,2012-04-23
JNPR,JNPR.W^E14,2012-05-21,EGARCH,0.4620738134718529,8.472706710175425,,2012-04-23
JNPR,JNPR.W^E14,2012-05-21,ESG-EGARCH,0.4639935843378475,8.543255805820763,all,2012-04-23
JNPR,JNPR.W^E14,2012-05-21,ESG-EGARCH(E),0.4712345172796673,8.811982947452424,E,2012-04-23
JNPR,JNPR.W^E14,2012-05-21,ESG-EGARCH(G),0.4659680897815084,8.616121456136028,G,2012-04-23
JNPR,JNPR.W^E14,2012-05-21,ESG-EGARCH(S),0.4710854470199491,8.80640866642799,S,2012-04-23
JNPR,JNPR.W^E14,2012-05-21,ESG-GARCH,0.4295808914317439,7.323005646162371,all,2012-04-23
JNPR,JNPR.W^E14,2012-05-21,ESG-GARCH(E),0.4376682359184473,7.601328759204984,E,2012-04-23
JNPR,JNPR.W^E14,2012-05-21,ESG-GARCH(G),0.4336699744030073,7.463081218202583,G,2012-04-23
JNPR,JNPR.W^E14,2012-05-21,ESG-GARCH(S),0.4376480326167976,7.6006270021172035,S,2012-04-23
JNPR,JNPR.W^E14,2012-05-21,ESG-GJR-GARCH,0.4340902732133417,7.477554178509272,all,2012-04-23
JNPR,JNPR.W^E14,2012-05-21,ESG-GJR-GARCH(E),0.4420553639324741,7.754481935772705,E,2012-04-23
JNPR,JNPR.W^E14,2012-05-21,ESG-GJR-GARCH(G),0.437157112915161,7.583584975092017,G,2012-04-23
JNPR,JNPR.W^E14,2012-05-21,ESG-GJR-GARCH(S),0.4419685486207628,7.751436427378715,S,2012-04-23
JNPR,JNPR.W^E14,2012-05-21,GARCH,0.4175393848732245,6.918219758742492,,2012-04-23
JNPR,JNPR.W^E14,2012-05-21,GJR-GARCH,0.4316434629353661,7.393495202175984,,2012-04-23
JNPR,JNPR.W^E14,2012-05-22,EGARCH,0.4620738134718529,8.472706710175425,,2012-04-23
JNPR,JNPR.W^E14,2012-05-22,ESG-EGARCH,0.4639935843378475,8.543255805820763,all,2012-04-23
JNPR,JNPR.W^E14,2012-05-22,ESG-EGARCH(E),0.4712345172796673,8.811982947452424,E,2012-04-23
JNPR,JNPR.W^E14,2012-05-22,ESG-EGARCH(G),0.4659680897815084,8.616121456136028,G,2012-04-23
JNPR,JNPR.W^E14,2012-05-22,ESG-EGARCH(S),0.4710854470199491,8.80640866642799,S,2012-04-23
JNPR,JNPR.W^E14,2012-05-22,ESG-GARCH,0.4295808914317439,7.323005646162371,all,2012-04-23
JNPR,JNPR.W^E14,2012-05-22,ESG-GARCH(E),0.4376682359184473,7.601328759204984,E,2012-04-23
JNPR,JNPR.W^E14,2012-05-22,ESG-GARCH(G),0.4336699744030073,7.463081218202583,G,2012-04-23
JNPR,JNPR.W^E14,2012-05-22,ESG-GARCH(S),0.4376480326167976,7.6006270021172035,S,2012-04-23
JNPR,JNPR.W^E14,2012-05-22,ESG-GJR-GARCH,0.4340902732133417,7.477554178509272,all,2012-04-23
JNPR,JNPR.W^E14,2012-05-22,ESG-GJR-GARCH(E),0.4420553639324741,7.754481935772705,E,2012-04-23
JNPR,JNPR.W^E14,2012-05-22,ESG-GJR-GARCH(G),0.437157112915161,7.583584975092017,G,2012-04-23
JNPR,JNPR.W^E14,2012-05-22,ESG-GJR-GARCH(S),0.4419685486207628,7.751436427378715,S,2012-04-23
JNPR,JNPR.W^E14,2012-05-22,GARCH,0.4175393848732245,6.918219758742492,,2012-04-23
JNPR,JNPR.W^E14,2012-05-22,GJR-GARCH,0.4316434629353661,7.393495202175984,,2012-04-23
JNPR,JNPR.W^E14,2012-05-23,EGARCH,0.423359553381504,7.112432993626452,,2012-05-23
JNPR,JNPR.W^E14,2012-05-23,ESG-EGARCH,0.4716486054373733,8.827476468691232,all,2012-05-23
JNPR,JNPR.W^E14,2012-05-23,ESG-EGARCH(E),0.4759675423631437,8.989884975524248,E,2012-05-23
JNPR,JNPR.W^E14,2012-05-23,ESG-EGARCH(G),0.4708160209575513,8.796338317075453,G,2012-05-23
JNPR,JNPR.W^E14,2012-05-23,ESG-EGARCH(S),0.4758140835346286,8.984088971821372,S,2012-05-23
JNPR,JNPR.W^E14,2012-05-23,ESG-GARCH,0.4357059724378155,7.5333212070627935,all,2012-05-23
JNPR,JNPR.W^E14,2012-05-23,ESG-GARCH(E),0.4410742086554002,7.72009752146776,E,2012-05-23
JNPR,JNPR.W^E14,2012-05-23,ESG-GARCH(G),0.4376436772022847,7.600475722029272,G,2012-05-23
JNPR,JNPR.W^E14,2012-05-23,ESG-GARCH(S),0.4410794309137736,7.720280332349938,S,2012-05-23
JNPR,JNPR.W^E14,2012-05-23,ESG-GJR-GARCH,0.417188780048511,6.906606277712892,all,2012-05-23
JNPR,JNPR.W^E14,2012-05-23,ESG-GJR-GARCH(E),0.4221679859329312,7.072452712169349,E,2012-05-23
JNPR,JNPR.W^E14,2012-05-23,ESG-GJR-GARCH(G),0.4182552379830373,6.941962067470127,G,2012-05-23
JNPR,JNPR.W^E14,2012-05-23,ESG-GJR-GARCH(S),0.422142319765187,7.071592783203708,S,2012-05-23
JNPR,JNPR.W^E14,2012-05-23,GARCH,0.4038055817072139,6.470593167377041,,2012-05-23
JNPR,JNPR.W^E14,2012-05-23,GJR-GARCH,0.3829356144321912,5.819035111133326,,2012-05-23
JNPR,JNPR.W^E14,2012-05-24,EGARCH,0.423359553381504,7.112432993626452,,2012-05-23
JNPR,JNPR.W^E14,2012-05-24,ESG-EGARCH,0.4716486054373733,8.827476468691232,all,2012-05-23
JNPR,JNPR.W^E14,2012-05-24,ESG-EGARCH(E),0.4759675423631437,8.989884975524248,E,2012-05-23
JNPR,JNPR.W^E14,2012-05-24,ESG-EGARCH(G),0.4708160209575513,8.796338317075453,G,2012-05-23
JNPR,JNPR.W^E14,2012-05-24,ESG-EGARCH(S),0.4758140835346286,8.984088971821372,S,2012-05-23
JNPR,JNPR.W^E14,2012-05-24,ESG-GARCH,0.4357059724378155,7.5333212070627935,all,2012-05-23
JNPR,JNPR.W^E14,2012-05-24,ESG-GARCH(E),0.4410742086554002,7.72009752146776,E,2012-05-23
JNPR,JNPR.W^E14,2012-05-24,ESG-GARCH(G),0.4376436772022847,7.600475722029272,G,2012-05-23
JNPR,JNPR.W^E14,2012-05-24,ESG-GARCH(S),0.4410794309137736,7.720280332349938,S,2012-05-23
JNPR,JNPR.W^E14,2012-05-24,ESG-GJR-GARCH,0.417188780048511,6.906606277712892,all,2012-05-23
JNPR,JNPR.W^E14,2012-05-24,ESG-GJR-GARCH(E),0.4221679859329312,7.072452712169349,E,2012-05-23
JNPR,JNPR.W^E14,2012-05-24,ESG-GJR-GARCH(G),0.4182552379830373,6.941962067470127,G,2012-05-23
JNPR,JNPR.W^E14,2012-05-24,ESG-GJR-GARCH(S),0.422142319765187,7.071592783203708,S,2012-05-23
JNPR,JNPR.W^E14,2012-05-24,GARCH,0.4038055817072139,6.470593167377041,,2012-05-23
JNPR,JNPR.W^E14,2012-05-24,GJR-GARCH,0.3829356144321912,5.819035111133326,,2012-05-23
JNPR,JNPR.W^E14,2012-05-25,EGARCH,0.423359553381504,7.112432993626452,,2012-05-23
JNPR,JNPR.W^E14,2012-05-25,ESG-EGARCH,0.4716486054373733,8.827476468691232,all,2012-05-23
JNPR,JNPR.W^E14,2012-05-25,ESG-EGARCH(E),0.4759675423631437,8.989884975524248,E,2012-05-23
JNPR,JNPR.W^E14,2012-05-25,ESG-EGARCH(G),0.4708160209575513,8.796338317075453,G,2012-05-23
JNPR,JNPR.W^E14,2012-05-25,ESG-EGARCH(S),0.4758140835346286,8.984088971821372,S,2012-05-23
JNPR,JNPR.W^E14,2012-05-25,ESG-GARCH,0.4357059724378155,7.5333212070627935,all,2012-05-23
JNPR,JNPR.W^E14,2012-05-25,ESG-GARCH(E),0.4410742086554002,7.72009752146776,E,2012-05-23
JNPR,JNPR.W^E14,2012-05-25,ESG-GARCH(G),0.4376436772022847,7.600475722029272,G,2012-05-23
JNPR,JNPR.W^E14,2012-05-25,ESG-GARCH(S),0.4410794309137736,7.720280332349938,S,2012-05-23
JNPR,JNPR.W^E14,2012-05-25,ESG-GJR-GARCH,0.417188780048511,6.906606277712892,all,2012-05-23
JNPR,JNPR.W^E14,2012-05-25,ESG-GJR-GARCH(E),0.4221679859329312,7.072452712169349,E,2012-05-23
JNPR,JNPR.W^E14,2012-05-25,ESG-GJR-GARCH(G),0.4182552379830373,6.941962067470127,G,2012-05-23
JNPR,JNPR.W^E14,2012-05-25,ESG-GJR-GARCH(S),0.422142319765187,7.071592783203708,S,2012-05-23
JNPR,JNPR.W^E14,2012-05-25,GARCH,0.4038055817072139,6.470593167377041,,2012-05-23
JNPR,JNPR.W^E14,2012-05-25,GJR-GARCH,0.3829356144321912,5.819035111133326,,2012-05-23
JNPR,JNPR.W^E14,2012-05-29,EGARCH,0.423359553381504,7.112432993626452,,2012-05-23
JNPR,JNPR.W^E14,2012-05-29,ESG-EGARCH,0.4716486054373733,8.827476468691232,all,2012-05-23
JNPR,JNPR.W^E14,2012-05-29,ESG-EGARCH(E),0.4759675423631437,8.989884975524248,E,2012-05-23
JNPR,JNPR.W^E14,2012-05-29,ESG-EGARCH(G),0.4708160209575513,8.796338317075453,G,2012-05-23
JNPR,JNPR.W^E14,2012-05-29,ESG-EGARCH(S),0.4758140835346286,8.984088971821372,S,2012-05-23
JNPR,JNPR.W^E14,2012-05-29,ESG-GARCH,0.4357059724378155,7.5333212070627935,all,2012-05-23
JNPR,JNPR.W^E14,2012-05-29,ESG-GARCH(E),0.4410742086554002,7.72009752146776,E,2012-05-23
JNPR,JNPR.W^E14,2012-05-29,ESG-GARCH(G),0.4376436772022847,7.600475722029272,G,2012-05-23
JNPR,JNPR.W^E14,2012-05-29,ESG-GARCH(S),0.4410794309137736,7.720280332349938,S,2012-05-23
JNPR,JNPR.W^E14,2012-05-29,ESG-GJR-GARCH,0.417188780048511,6.906606277712892,all,2012-05-23
JNPR,JNPR.W^E14,2012-05-29,ESG-GJR-GARCH(E),0.4221679859329312,7.072452712169349,E,2012-05-23
JNPR,JNPR.W^E14,2012-05-29,ESG-GJR-GARCH(G),0.4182552379830373,6.941962067470127,G,2012-05-23
JNPR,JNPR.W^E14,2012-05-29,ESG-GJR-GARCH(S),0.422142319765187,7.071592783203708,S,2012-05-23
JNPR,JNPR.W^E14,2012-05-29,GARCH,0.4038055817072139,6.470593167377041,,2012-05-23
JNPR,JNPR.W^E14,2012-05-29,GJR-GARCH,0.3829356144321912,5.819035111133326,,2012-05-23
JNPR,JNPR.W^E14,2012-05-30,EGARCH,0.423359553381504,7.112432993626452,,2012-05-23
JNPR,JNPR.W^E14,2012-05-30,ESG-EGARCH,0.4716486054373733,8.827476468691232,all,2012-05-23
JNPR,JNPR.W^E14,2012-05-30,ESG-EGARCH(E),0.4759675423631437,8.989884975524248,E,2012-05-23
JNPR,JNPR.W^E14,2012-05-30,ESG-EGARCH(G),0.4708160209575513,8.796338317075453,G,2012-05-23
JNPR,JNPR.W^E14,2012-05-30,ESG-EGARCH(S),0.4758140835346286,8.984088971821372,S,2012-05-23
JNPR,JNPR.W^E14,2012-05-30,ESG-GARCH,0.4357059724378155,7.5333212070627935,all,2012-05-23
JNPR,JNPR.W^E14,2012-05-30,ESG-GARCH(E),0.4410742086554002,7.72009752146776,E,2012-05-23
JNPR,JNPR.W^E14,2012-05-30,ESG-GARCH(G),0.4376436772022847,7.600475722029272,G,2012-05-23
JNPR,JNPR.W^E14,2012-05-30,ESG-GARCH(S),0.4410794309137736,7.720280332349938,S,2012-05-23
JNPR,JNPR.W^E14,2012-05-30,ESG-GJR-GARCH,0.417188780048511,6.906606277712892,all,2012-05-23
JNPR,JNPR.W^E14,2012-05-30,ESG-GJR-GARCH(E),0.4221679859329312,7.072452712169349,E,2012-05-23
JNPR,JNPR.W^E14,2012-05-30,ESG-GJR-GARCH(G),0.4182552379830373,6.941962067470127,G,2012-05-23
JNPR,JNPR.W^E14,2012-05-30,ESG-GJR-GARCH(S),0.422142319765187,7.071592783203708,S,2012-05-23
JNPR,JNPR.W^E14,2012-05-30,GARCH,0.4038055817072139,6.470593167377041,,2012-05-23
JNPR,JNPR.W^E14,2012-05-30,GJR-GARCH,0.3829356144321912,5.819035111133326,,2012-05-23
JNPR,JNPR.W^E14,2012-05-31,EGARCH,0.423359553381504,7.112432993626452,,2012-05-23
JNPR,JNPR.W^E14,2012-05-31,ESG-EGARCH,0.4716486054373733,8.827476468691232,all,2012-05-23
JNPR,JNPR.W^E14,2012-05-31,ESG-EGARCH(E),0.4759675423631437,8.989884975524248,E,2012-05-23
JNPR,JNPR.W^E14,2012-05-31,ESG-EGARCH(G),0.4708160209575513,8.796338317075453,G,2012-05-23
JNPR,JNPR.W^E14,2012-05-31,ESG-EGARCH(S),0.4758140835346286,8.984088971821372,S,2012-05-23
JNPR,JNPR.W^E14,2012-05-31,ESG-GARCH,0.4357059724378155,7.5333212070627935,all,2012-05-23
JNPR,JNPR.W^E14,2012-05-31,ESG-GARCH(E),0.4410742086554002,7.72009752146776,E,2012-05-23
JNPR,JNPR.W^E14,2012-05-31,ESG-GARCH(G),0.4376436772022847,7.600475722029272,G,2012-05-23
JNPR,JNPR.W^E14,2012-05-31,ESG-GARCH(S),0.4410794309137736,7.720280332349938,S,2012-05-23
JNPR,JNPR.W^E14,2012-05-31,ESG-GJR-GARCH,0.417188780048511,6.906606277712892,all,2012-05-23
JNPR,JNPR.W^E14,2012-05-31,ESG-GJR-GARCH(E),0.4221679859329312,7.072452712169349,E,2012-05-23
JNPR,JNPR.W^E14,2012-05-31,ESG-GJR-GARCH(G),0.4182552379830373,6.941962067470127,G,2012-05-23
JNPR,JNPR.W^E14,2012-05-31,ESG-GJR-GARCH(S),0.422142319765187,7.071592783203708,S,2012-05-23
JNPR,JNPR.W^E14,2012-05-31,GARCH,0.4038055817072139,6.470593167377041,,2012-05-23
JNPR,JNPR.W^E14,2012-05-31,GJR-GARCH,0.3829356144321912,5.819035111133326,,2012-05-23
JNPR,JNPR.W^E14,2012-06-01,EGARCH,0.423359553381504,7.112432993626452,,2012-05-23
JNPR,JNPR.W^E14,2012-06-01,ESG-EGARCH,0.4716486054373733,8.827476468691232,all,2012-05-23
JNPR,JNPR.W^E14,2012-06-01,ESG-EGARCH(E),0.4759675423631437,8.989884975524248,E,2012-05-23
JNPR,JNPR.W^E14,2012-06-01,ESG-EGARCH(G),0.4708160209575513,8.796338317075453,G,2012-05-23
JNPR,JNPR.W^E14,2012-06-01,ESG-EGARCH(S),0.4758140835346286,8.984088971821372,S,2012-05-23
JNPR,JNPR.W^E14,2012-06-01,ESG-GARCH,0.4357059724378155,7.5333212070627935,all,2012-05-23
JNPR,JNPR.W^E14,2012-06-01,ESG-GARCH(E),0.4410742086554002,7.72009752146776,E,2012-05-23
JNPR,JNPR.W^E14,2012-06-01,ESG-GARCH(G),0.4376436772022847,7.600475722029272,G,2012-05-23
JNPR,JNPR.W^E14,2012-06-01,ESG-GARCH(S),0.4410794309137736,7.720280332349938,S,2012-05-23
JNPR,JNPR.W^E14,2012-06-01,ESG-GJR-GARCH,0.417188780048511,6.906606277712892,all,2012-05-23
JNPR,JNPR.W^E14,2012-06-01,ESG-GJR-GARCH(E),0.4221679859329312,7.072452712169349,E,2012-05-23
JNPR,JNPR.W^E14,2012-06-01,ESG-GJR-GARCH(G),0.4182552379830373,6.941962067470127,G,2012-05-23
JNPR,JNPR.W^E14,2012-06-01,ESG-GJR-GARCH(S),0.422142319765187,7.071592783203708,S,2012-05-23
JNPR,JNPR.W^E14,2012-06-01,GARCH,0.4038055817072139,6.470593167377041,,2012-05-23
JNPR,JNPR.W^E14,2012-06-01,GJR-GARCH,0.3829356144321912,5.819035111133326,,2012-05-23
JNPR,JNPR.W^E14,2012-06-04,EGARCH,0.423359553381504,7.112432993626452,,2012-05-23
JNPR,JNPR.W^E14,2012-06-04,ESG-EGARCH,0.4716486054373733,8.827476468691232,all,2012-05-23
JNPR,JNPR.W^E14,2012-06-04,ESG-EGARCH(E),0.4759675423631437,8.989884975524248,E,2012-05-23
JNPR,JNPR.W^E14,2012-06-04,ESG-EGARCH(G),0.4708160209575513,8.796338317075453,G,2012-05-23
JNPR,JNPR.W^E14,2012-06-04,ESG-EGARCH(S),0.4758140835346286,8.984088971821372,S,2012-05-23
JNPR,JNPR.W^E14,2012-06-04,ESG-GARCH,0.4357059724378155,7.5333212070627935,all,2012-05-23
JNPR,JNPR.W^E14,2012-06-04,ESG-GARCH(E),0.4410742086554002,7.72009752146776,E,2012-05-23
JNPR,JNPR.W^E14,2012-06-04,ESG-GARCH(G),0.4376436772022847,7.600475722029272,G,2012-05-23
JNPR,JNPR.W^E14,2012-06-04,ESG-GARCH(S),0.4410794309137736,7.720280332349938,S,2012-05-23
JNPR,JNPR.W^E14,2012-06-04,ESG-GJR-GARCH,0.417188780048511,6.906606277712892,all,2012-05-23
JNPR,JNPR.W^E14,2012-06-04,ESG-GJR-GARCH(E),0.4221679859329312,7.072452712169349,E,2012-05-23
JNPR,JNPR.W^E14,2012-06-04,ESG-GJR-GARCH(G),0.4182552379830373,6.941962067470127,G,2012-05-23
JNPR,JNPR.W^E14,2012-06-04,ESG-GJR-GARCH(S),0.422142319765187,7.071592783203708,S,2012-05-23
JNPR,JNPR.W^E14,2012-06-04,GARCH,0.4038055817072139,6.470593167377041,,2012-05-23
JNPR,JNPR.W^E14,2012-06-04,GJR-GARCH,0.3829356144321912,5.819035111133326,,2012-05-23
JNPR,JNPR.W^E14,2012-06-05,EGARCH,0.423359553381504,7.112432993626452,,2012-05-23
JNPR,JNPR.W^E14,2012-06-05,ESG-EGARCH,0.4716486054373733,8.827476468691232,all,2012-05-23
JNPR,JNPR.W^E14,2012-06-05,ESG-EGARCH(E),0.4759675423631437,8.989884975524248,E,2012-05-23
JNPR,JNPR.W^E14,2012-06-05,ESG-EGARCH(G),0.4708160209575513,8.796338317075453,G,2012-05-23
JNPR,JNPR.W^E14,2012-06-05,ESG-EGARCH(S),0.4758140835346286,8.984088971821372,S,2012-05-23
JNPR,JNPR.W^E14,2012-06-05,ESG-GARCH,0.4357059724378155,7.5333212070627935,all,2012-05-23
JNPR,JNPR.W^E14,2012-06-05,ESG-GARCH(E),0.4410742086554002,7.72009752146776,E,2012-05-23
JNPR,JNPR.W^E14,2012-06-05,ESG-GARCH(G),0.4376436772022847,7.600475722029272,G,2012-05-23
JNPR,JNPR.W^E14,2012-06-05,ESG-GARCH(S),0.4410794309137736,7.720280332349938,S,2012-05-23
JNPR,JNPR.W^E14,2012-06-05,ESG-GJR-GARCH,0.417188780048511,6.906606277712892,all,2012-05-23
JNPR,JNPR.W^E14,2012-06-05,ESG-GJR-GARCH(E),0.4221679859329312,7.072452712169349,E,2012-05-23
JNPR,JNPR.W^E14,2012-06-05,ESG-GJR-GARCH(G),0.4182552379830373,6.941962067470127,G,2012-05-23
JNPR,JNPR.W^E14,2012-06-05,ESG-GJR-GARCH(S),0.422142319765187,7.071592783203708,S,2012-05-23
JNPR,JNPR.W^E14,2012-06-05,GARCH,0.4038055817072139,6.470593167377041,,2012-05-23
JNPR,JNPR.W^E14,2012-06-05,GJR-GARCH,0.3829356144321912,5.819035111133326,,2012-05-23
JNPR,JNPR.W^E14,2012-06-06,EGARCH,0.423359553381504,7.112432993626452,,2012-05-23
JNPR,JNPR.W^E14,2012-06-06,ESG-EGARCH,0.4716486054373733,8.827476468691232,all,2012-05-23
JNPR,JNPR.W^E14,2012-06-06,ESG-EGARCH(E),0.4759675423631437,8.989884975524248,E,2012-05-23
JNPR,JNPR.W^E14,2012-06-06,ESG-EGARCH(G),0.4708160209575513,8.796338317075453,G,2012-05-23
JNPR,JNPR.W^E14,2012-06-06,ESG-EGARCH(S),0.4758140835346286,8.984088971821372,S,2012-05-23
JNPR,JNPR.W^E14,2012-06-06,ESG-GARCH,0.4357059724378155,7.5333212070627935,all,2012-05-23
JNPR,JNPR.W^E14,2012-06-06,ESG-GARCH(E),0.4410742086554002,7.72009752146776,E,2012-05-23
JNPR,JNPR.W^E14,2012-06-06,ESG-GARCH(G),0.4376436772022847,7.600475722029272,G,2012-05-23
JNPR,JNPR.W^E14,2012-06-06,ESG-GARCH(S),0.4410794309137736,7.720280332349938,S,2012-05-23
JNPR,JNPR.W^E14,2012-06-06,ESG-GJR-GARCH,0.417188780048511,6.906606277712892,all,2012-05-23
JNPR,JNPR.W^E14,2012-06-06,ESG-GJR-GARCH(E),0.4221679859329312,7.072452712169349,E,2012-05-23
JNPR,JNPR.W^E14,2012-06-06,ESG-GJR-GARCH(G),0.4182552379830373,6.941962067470127,G,2012-05-23
JNPR,JNPR.W^E14,2012-06-06,ESG-GJR-GARCH(S),0.422142319765187,7.071592783203708,S,2012-05-23
JNPR,JNPR.W^E14,2012-06-06,GARCH,0.4038055817072139,6.470593167377041,,2012-05-23
JNPR,JNPR.W^E14,2012-06-06,GJR-GARCH,0.3829356144321912,5.819035111133326,,2012-05-23
JNPR,JNPR.W^E14,2012-06-07,EGARCH,0.423359553381504,7.112432993626452,,2012-05-23
JNPR,JNPR.W^E14,2012-06-07,ESG-EGARCH,0.4716486054373733,8.827476468691232,all,2012-05-23
JNPR,JNPR.W^E14,2012-06-07,ESG-EGARCH(E),0.4759675423631437,8.989884975524248,E,2012-05-23
JNPR,JNPR.W^E14,2012-06-07,ESG-EGARCH(G),0.4708160209575513,8.796338317075453,G,2012-05-23
JNPR,JNPR.W^E14,2012-06-07,ESG-EGARCH(S),0.4758140835346286,8.984088971821372,S,2012-05-23
JNPR,JNPR.W^E14,2012-06-07,ESG-GARCH,0.4357059724378155,7.5333212070627935,all,2012-05-23
JNPR,JNPR.W^E14,2012-06-07,ESG-GARCH(E),0.4410742086554002,7.72009752146776,E,2012-05-23
JNPR,JNPR.W^E14,2012-06-07,ESG-GARCH(G),0.4376436772022847,7.600475722029272,G,2012-05-23
JNPR,JNPR.W^E14,2012-06-07,ESG-GARCH(S),0.4410794309137736,7.720280332349938,S,2012-05-23
JNPR,JNPR.W^E14,2012-06-07,ESG-GJR-GARCH,0.417188780048511,6.906606277712892,all,2012-05-23
JNPR,JNPR.W^E14,2012-06-07,ESG-GJR-GARCH(E),0.4221679859329312,7.072452712169349,E,2012-05-23
JNPR,JNPR.W^E14,2012-06-07,ESG-GJR-GARCH(G),0.4182552379830373,6.941962067470127,G,2012-05-23
JNPR,JNPR.W^E14,2012-06-07,ESG-GJR-GARCH(S),0.422142319765187,7.071592783203708,S,2012-05-23
JNPR,JNPR.W^E14,2012-06-07,GARCH,0.4038055817072139,6.470593167377041,,2012-05-23
JNPR,JNPR.W^E14,2012-06-07,GJR-GARCH,0.3829356144321912,5.819035111133326,,2012-05-23
JNPR,JNPR.W^E14,2012-06-08,EGARCH,0.423359553381504,7.112432993626452,,2012-05-23
JNPR,JNPR.W^E14,2012-06-08,ESG-EGARCH,0.4716486054373733,8.827476468691232,all,2012-05-23
JNPR,JNPR.W^E14,2012-06-08,ESG-EGARCH(E),0.4759675423631437,8.989884975524248,E,2012-05-23
JNPR,JNPR.W^E14,2012-06-08,ESG-EGARCH(G),0.4708160209575513,8.796338317075453,G,2012-05-23
JNPR,JNPR.W^E14,2012-06-08,ESG-EGARCH(S),0.4758140835346286,8.984088971821372,S,2012-05-23
JNPR,JNPR.W^E14,2012-06-08,ESG-GARCH,0.4357059724378155,7.5333212070627935,all,2012-05-23
JNPR,JNPR.W^E14,2012-06-08,ESG-GARCH(E),0.4410742086554002,7.72009752146776,E,2012-05-23
JNPR,JNPR.W^E14,2012-06-08,ESG-GARCH(G),0.4376436772022847,7.600475722029272,G,2012-05-23
JNPR,JNPR.W^E14,2012-06-08,ESG-GARCH(S),0.4410794309137736,7.720280332349938,S,2012-05-23
JNPR,JNPR.W^E14,2012-06-08,ESG-GJR-GARCH,0.417188780048511,6.906606277712892,all,2012-05-23
JNPR,JNPR.W^E14,2012-06-08,ESG-GJR-GARCH(E),0.4221679859329312,7.072452712169349,E,2012-05-23
JNPR,JNPR.W^E14,2012-06-08,ESG-GJR-GARCH(G),0.4182552379830373,6.941962067470127,G,2012-05-23
JNPR,JNPR.W^E14,2012-06-08,ESG-GJR-GARCH(S),0.422142319765187,7.071592783203708,S,2012-05-23
JNPR,JNPR.W^E14,2012-06-08,GARCH,0.4038055817072139,6.470593167377041,,2012-05-23
JNPR,JNPR.W^E14,2012-06-08,GJR-GARCH,0.3829356144321912,5.819035111133326,,2012-05-23
JNPR,JNPR.W^E14,2012-06-11,EGARCH,0.423359553381504,7.112432993626452,,2012-05-23
JNPR,JNPR.W^E14,2012-06-11,ESG-EGARCH,0.4716486054373733,8.827476468691232,all,2012-05-23
JNPR,JNPR.W^E14,2012-06-11,ESG-EGARCH(E),0.4759675423631437,8.989884975524248,E,2012-05-23
JNPR,JNPR.W^E14,2012-06-11,ESG-EGARCH(G),0.4708160209575513,8.796338317075453,G,2012-05-23
JNPR,JNPR.W^E14,2012-06-11,ESG-EGARCH(S),0.4758140835346286,8.984088971821372,S,2012-05-23
JNPR,JNPR.W^E14,2012-06-11,ESG-GARCH,0.4357059724378155,7.5333212070627935,all,2012-05-23
JNPR,JNPR.W^E14,2012-06-11,ESG-GARCH(E),0.4410742086554002,7.72009752146776,E,2012-05-23
JNPR,JNPR.W^E14,2012-06-11,ESG-GARCH(G),0.4376436772022847,7.600475722029272,G,2012-05-23
JNPR,JNPR.W^E14,2012-06-11,ESG-GARCH(S),0.4410794309137736,7.720280332349938,S,2012-05-23
JNPR,JNPR.W^E14,2012-06-11,ESG-GJR-GARCH,0.417188780048511,6.906606277712892,all,2012-05-23
JNPR,JNPR.W^E14,2012-06-11,ESG-GJR-GARCH(E),0.4221679859329312,7.072452712169349,E,2012-05-23
JNPR,JNPR.W^E14,2012-06-11,ESG-GJR-GARCH(G),0.4182552379830373,6.941962067470127,G,2012-05-23
JNPR,JNPR.W^E14,2012-06-11,ESG-GJR-GARCH(S),0.422142319765187,7.071592783203708,S,2012-05-23
JNPR,JNPR.W^E14,2012-06-11,GARCH,0.4038055817072139,6.470593167377041,,2012-05-23
JNPR,JNPR.W^E14,2012-06-11,GJR-GARCH,0.3829356144321912,5.819035111133326,,2012-05-23
JNPR,JNPR.W^E14,2012-06-12,EGARCH,0.423359553381504,7.112432993626452,,2012-05-23
JNPR,JNPR.W^E14,2012-06-12,ESG-EGARCH,0.4716486054373733,8.827476468691232,all,2012-05-23
JNPR,JNPR.W^E14,2012-06-12,ESG-EGARCH(E),0.4759675423631437,8.989884975524248,E,2012-05-23
JNPR,JNPR.W^E14,2012-06-12,ESG-EGARCH(G),0.4708160209575513,8.796338317075453,G,2012-05-23
JNPR,JNPR.W^E14,2012-06-12,ESG-EGARCH(S),0.4758140835346286,8.984088971821372,S,2012-05-23
JNPR,JNPR.W^E14,2012-06-12,ESG-GARCH,0.4357059724378155,7.5333212070627935,all,2012-05-23
JNPR,JNPR.W^E14,2012-06-12,ESG-GARCH(E),0.4410742086554002,7.72009752146776,E,2012-05-23
JNPR,JNPR.W^E14,2012-06-12,ESG-GARCH(G),0.4376436772022847,7.600475722029272,G,2012-05-23
JNPR,JNPR.W^E14,2012-06-12,ESG-GARCH(S),0.4410794309137736,7.720280332349938,S,2012-05-23
JNPR,JNPR.W^E14,2012-06-12,ESG-GJR-GARCH,0.417188780048511,6.906606277712892,all,2012-05-23
JNPR,JNPR.W^E14,2012-06-12,ESG-GJR-GARCH(E),0.4221679859329312,7.072452712169349,E,2012-05-23
JNPR,JNPR.W^E14,2012-06-12,ESG-GJR-GARCH(G),0.4182552379830373,6.941962067470127,G,2012-05-23
JNPR,JNPR.W^E14,2012-06-12,ESG-GJR-GARCH(S),0.422142319765187,7.071592783203708,S,2012-05-23
JNPR,JNPR.W^E14,2012-06-12,GARCH,0.4038055817072139,6.470593167377041,,2012-05-23
JNPR,JNPR.W^E14,2012-06-12,GJR-GARCH,0.3829356144321912,5.819035111133326,,2012-05-23
JNPR,JNPR.W^E14,2012-06-13,EGARCH,0.423359553381504,7.112432993626452,,2012-05-23
JNPR,JNPR.W^E14,2012-06-13,ESG-EGARCH,0.4716486054373733,8.827476468691232,all,2012-05-23
JNPR,JNPR.W^E14,2012-06-13,ESG-EGARCH(E),0.4759675423631437,8.989884975524248,E,2012-05-23
JNPR,JNPR.W^E14,2012-06-13,ESG-EGARCH(G),0.4708160209575513,8.796338317075453,G,2012-05-23
JNPR,JNPR.W^E14,2012-06-13,ESG-EGARCH(S),0.4758140835346286,8.984088971821372,S,2012-05-23
JNPR,JNPR.W^E14,2012-06-13,ESG-GARCH,0.4357059724378155,7.5333212070627935,all,2012-05-23
JNPR,JNPR.W^E14,2012-06-13,ESG-GARCH(E),0.4410742086554002,7.72009752146776,E,2012-05-23
JNPR,JNPR.W^E14,2012-06-13,ESG-GARCH(G),0.4376436772022847,7.600475722029272,G,2012-05-23
JNPR,JNPR.W^E14,2012-06-13,ESG-GARCH(S),0.4410794309137736,7.720280332349938,S,2012-05-23
JNPR,JNPR.W^E14,2012-06-13,ESG-GJR-GARCH,0.417188780048511,6.906606277712892,all,2012-05-23
JNPR,JNPR.W^E14,2012-06-13,ESG-GJR-GARCH(E),0.4221679859329312,7.072452712169349,E,2012-05-23
JNPR,JNPR.W^E14,2012-06-13,ESG-GJR-GARCH(G),0.4182552379830373,6.941962067470127,G,2012-05-23
JNPR,JNPR.W^E14,2012-06-13,ESG-GJR-GARCH(S),0.422142319765187,7.071592783203708,S,2012-05-23
JNPR,JNPR.W^E14,2012-06-13,GARCH,0.4038055817072139,6.470593167377041,,2012-05-23
JNPR,JNPR.W^E14,2012-06-13,GJR-GARCH,0.3829356144321912,5.819035111133326,,2012-05-23
JNPR,JNPR.W^E14,2012-06-14,EGARCH,0.423359553381504,7.112432993626452,,2012-05-23
JNPR,JNPR.W^E14,2012-06-14,ESG-EGARCH,0.4716486054373733,8.827476468691232,all,2012-05-23
JNPR,JNPR.W^E14,2012-06-14,ESG-EGARCH(E),0.4759675423631437,8.989884975524248,E,2012-05-23
JNPR,JNPR.W^E14,2012-06-14,ESG-EGARCH(G),0.4708160209575513,8.796338317075453,G,2012-05-23
JNPR,JNPR.W^E14,2012-06-14,ESG-EGARCH(S),0.4758140835346286,8.984088971821372,S,2012-05-23
JNPR,JNPR.W^E14,2012-06-14,ESG-GARCH,0.4357059724378155,7.5333212070627935,all,2012-05-23
JNPR,JNPR.W^E14,2012-06-14,ESG-GARCH(E),0.4410742086554002,7.72009752146776,E,2012-05-23
JNPR,JNPR.W^E14,2012-06-14,ESG-GARCH(G),0.4376436772022847,7.600475722029272,G,2012-05-23
JNPR,JNPR.W^E14,2012-06-14,ESG-GARCH(S),0.4410794309137736,7.720280332349938,S,2012-05-23
JNPR,JNPR.W^E14,2012-06-14,ESG-GJR-GARCH,0.417188780048511,6.906606277712892,all,2012-05-23
JNPR,JNPR.W^E14,2012-06-14,ESG-GJR-GARCH(E),0.4221679859329312,7.072452712169349,E,2012-05-23
JNPR,JNPR.W^E14,2012-06-14,ESG-GJR-GARCH(G),0.4182552379830373,6.941962067470127,G,2012-05-23
JNPR,JNPR.W^E14,2012-06-14,ESG-GJR-GARCH(S),0.422142319765187,7.071592783203708,S,2012-05-23
JNPR,JNPR.W^E14,2012-06-14,GARCH,0.4038055817072139,6.470593167377041,,2012-05-23
JNPR,JNPR.W^E14,2012-06-14,GJR-GARCH,0.3829356144321912,5.819035111133326,,2012-05-23
JNPR,JNPR.W^E14,2012-06-15,EGARCH,0.423359553381504,7.112432993626452,,2012-05-23
JNPR,JNPR.W^E14,2012-06-15,ESG-EGARCH,0.4716486054373733,8.827476468691232,all,2012-05-23
JNPR,JNPR.W^E14,2012-06-15,ESG-EGARCH(E),0.4759675423631437,8.989884975524248,E,2012-05-23
JNPR,JNPR.W^E14,2012-06-15,ESG-EGARCH(G),0.4708160209575513,8.796338317075453,G,2012-05-23
JNPR,JNPR.W^E14,2012-06-15,ESG-EGARCH(S),0.4758140835346286,8.984088971821372,S,2012-05-23
JNPR,JNPR.W^E14,2012-06-15,ESG-GARCH,0.4357059724378155,7.5333212070627935,all,2012-05-23
JNPR,JNPR.W^E14,2012-06-15,ESG-GARCH(E),0.4410742086554002,7.72009752146776,E,2012-05-23
JNPR,JNPR.W^E14,2012-06-15,ESG-GARCH(G),0.4376436772022847,7.600475722029272,G,2012-05-23
JNPR,JNPR.W^E14,2012-06-15,ESG-GARCH(S),0.4410794309137736,7.720280332349938,S,2012-05-23
JNPR,JNPR.W^E14,2012-06-15,ESG-GJR-GARCH,0.417188780048511,6.906606277712892,all,2012-05-23
JNPR,JNPR.W^E14,2012-06-15,ESG-GJR-GARCH(E),0.4221679859329312,7.072452712169349,E,2012-05-23
JNPR,JNPR.W^E14,2012-06-15,ESG-GJR-GARCH(G),0.4182552379830373,6.941962067470127,G,2012-05-23
JNPR,JNPR.W^E14,2012-06-15,ESG-GJR-GARCH(S),0.422142319765187,7.071592783203708,S,2012-05-23
JNPR,JNPR.W^E14,2012-06-15,GARCH,0.4038055817072139,6.470593167377041,,2012-05-23
JNPR,JNPR.W^E14,2012-06-15,GJR-GARCH,0.3829356144321912,5.819035111133326,,2012-05-23
JNPR,JNPR.W^E14,2012-06-18,EGARCH,0.423359553381504,7.112432993626452,,2012-05-23
JNPR,JNPR.W^E14,2012-06-18,ESG-EGARCH,0.4716486054373733,8.827476468691232,all,2012-05-23
JNPR,JNPR.W^E14,2012-06-18,ESG-EGARCH(E),0.4759675423631437,8.989884975524248,E,2012-05-23
JNPR,JNPR.W^E14,2012-06-18,ESG-EGARCH(G),0.4708160209575513,8.796338317075453,G,2012-05-23
JNPR,JNPR.W^E14,2012-06-18,ESG-EGARCH(S),0.4758140835346286,8.984088971821372,S,2012-05-23
JNPR,JNPR.W^E14,2012-06-18,ESG-GARCH,0.4357059724378155,7.5333212070627935,all,2012-05-23
JNPR,JNPR.W^E14,2012-06-18,ESG-GARCH(E),0.4410742086554002,7.72009752146776,E,2012-05-23
JNPR,JNPR.W^E14,2012-06-18,ESG-GARCH(G),0.4376436772022847,7.600475722029272,G,2012-05-23
JNPR,JNPR.W^E14,2012-06-18,ESG-GARCH(S),0.4410794309137736,7.720280332349938,S,2012-05-23
JNPR,JNPR.W^E14,2012-06-18,ESG-GJR-GARCH,0.417188780048511,6.906606277712892,all,2012-05-23
JNPR,JNPR.W^E14,2012-06-18,ESG-GJR-GARCH(E),0.4221679859329312,7.072452712169349,E,2012-05-23
JNPR,JNPR.W^E14,2012-06-18,ESG-GJR-GARCH(G),0.4182552379830373,6.941962067470127,G,2012-05-23
JNPR,JNPR.W^E14,2012-06-18,ESG-GJR-GARCH(S),0.422142319765187,7.071592783203708,S,2012-05-23
JNPR,JNPR.W^E14,2012-06-18,GARCH,0.4038055817072139,6.470593167377041,,2012-05-23
JNPR,JNPR.W^E14,2012-06-18,GJR-GARCH,0.3829356144321912,5.819035111133326,,2012-05-23
JNPR,JNPR.W^E14,2012-06-19,EGARCH,0.423359553381504,7.112432993626452,,2012-05-23
JNPR,JNPR.W^E14,2012-06-19,ESG-EGARCH,0.4716486054373733,8.827476468691232,all,2012-05-23
JNPR,JNPR.W^E14,2012-06-19,ESG-EGARCH(E),0.4759675423631437,8.989884975524248,E,2012-05-23
JNPR,JNPR.W^E14,2012-06-19,ESG-EGARCH(G),0.4708160209575513,8.796338317075453,G,2012-05-23
JNPR,JNPR.W^E14,2012-06-19,ESG-EGARCH(S),0.4758140835346286,8.984088971821372,S,2012-05-23
JNPR,JNPR.W^E14,2012-06-19,ESG-GARCH,0.4357059724378155,7.5333212070627935,all,2012-05-23
JNPR,JNPR.W^E14,2012-06-19,ESG-GARCH(E),0.4410742086554002,7.72009752146776,E,2012-05-23
JNPR,JNPR.W^E14,2012-06-19,ESG-GARCH(G),0.4376436772022847,7.600475722029272,G,2012-05-23
JNPR,JNPR.W^E14,2012-06-19,ESG-GARCH(S),0.4410794309137736,7.720280332349938,S,2012-05-23
JNPR,JNPR.W^E14,2012-06-19,ESG-GJR-GARCH,0.417188780048511,6.906606277712892,all,2012-05-23
JNPR,JNPR.W^E14,2012-06-19,ESG-GJR-GARCH(E),0.4221679859329312,7.072452712169349,E,2012-05-23
JNPR,JNPR.W^E14,2012-06-19,ESG-GJR-GARCH(G),0.4182552379830373,6.941962067470127,G,2012-05-23
JNPR,JNPR.W^E14,2012-06-19,ESG-GJR-GARCH(S),0.422142319765187,7.071592783203708,S,2012-05-23
JNPR,JNPR.W^E14,2012-06-19,GARCH,0.4038055817072139,6.470593167377041,,2012-05-23
JNPR,JNPR.W^E14,2012-06-19,GJR-GARCH,0.3829356144321912,5.819035111133326,,2012-05-23
JNPR,JNPR.W^E14,2012-06-20,EGARCH,0.423359553381504,7.112432993626452,,2012-05-23
JNPR,JNPR.W^E14,2012-06-20,ESG-EGARCH,0.4716486054373733,8.827476468691232,all,2012-05-23
JNPR,JNPR.W^E14,2012-06-20,ESG-EGARCH(E),0.4759675423631437,8.989884975524248,E,2012-05-23
JNPR,JNPR.W^E14,2012-06-20,ESG-EGARCH(G),0.4708160209575513,8.796338317075453,G,2012-05-23
JNPR,JNPR.W^E14,2012-06-20,ESG-EGARCH(S),0.4758140835346286,8.984088971821372,S,2012-05-23
JNPR,JNPR.W^E14,2012-06-20,ESG-GARCH,0.4357059724378155,7.5333212070627935,all,2012-05-23
JNPR,JNPR.W^E14,2012-06-20,ESG-GARCH(E),0.4410742086554002,7.72009752146776,E,2012-05-23
JNPR,JNPR.W^E14,2012-06-20,ESG-GARCH(G),0.4376436772022847,7.600475722029272,G,2012-05-23
JNPR,JNPR.W^E14,2012-06-20,ESG-GARCH(S),0.4410794309137736,7.720280332349938,S,2012-05-23
JNPR,JNPR.W^E14,2012-06-20,ESG-GJR-GARCH,0.417188780048511,6.906606277712892,all,2012-05-23
JNPR,JNPR.W^E14,2012-06-20,ESG-GJR-GARCH(E),0.4221679859329312,7.072452712169349,E,2012-05-23
JNPR,JNPR.W^E14,2012-06-20,ESG-GJR-GARCH(G),0.4182552379830373,6.941962067470127,G,2012-05-23
JNPR,JNPR.W^E14,2012-06-20,ESG-GJR-GARCH(S),0.422142319765187,7.071592783203708,S,2012-05-23
JNPR,JNPR.W^E14,2012-06-20,GARCH,0.4038055817072139,6.470593167377041,,2012-05-23
JNPR,JNPR.W^E14,2012-06-20,GJR-GARCH,0.3829356144321912,5.819035111133326,,2012-05-23
JNPR,JNPR.W^E14,2012-06-21,EGARCH,0.423359553381504,7.112432993626452,,2012-05-23
JNPR,JNPR.W^E14,2012-06-21,ESG-EGARCH,0.4716486054373733,8.827476468691232,all,2012-05-23
JNPR,JNPR.W^E14,2012-06-21,ESG-EGARCH(E),0.4759675423631437,8.989884975524248,E,2012-05-23
JNPR,JNPR.W^E14,2012-06-21,ESG-EGARCH(G),0.4708160209575513,8.796338317075453,G,2012-05-23
JNPR,JNPR.W^E14,2012-06-21,ESG-EGARCH(S),0.4758140835346286,8.984088971821372,S,2012-05-23
JNPR,JNPR.W^E14,2012-06-21,ESG-GARCH,0.4357059724378155,7.5333212070627935,all,2012-05-23
JNPR,JNPR.W^E14,2012-06-21,ESG-GARCH(E),0.4410742086554002,7.72009752146776,E,2012-05-23
JNPR,JNPR.W^E14,2012-06-21,ESG-GARCH(G),0.4376436772022847,7.600475722029272,G,2012-05-23
JNPR,JNPR.W^E14,2012-06-21,ESG-GARCH(S),0.4410794309137736,7.720280332349938,S,2012-05-23
JNPR,JNPR.W^E14,2012-06-21,ESG-GJR-GARCH,0.417188780048511,6.906606277712892,all,2012-05-23
JNPR,JNPR.W^E14,2012-06-21,ESG-GJR-GARCH(E),0.4221679859329312,7.072452712169349,E,2012-05-23
JNPR,JNPR.W^E14,2012-06-21,ESG-GJR-GARCH(G),0.4182552379830373,6.941962067470127,G,2012-05-23
JNPR,JNPR.W^E14,2012-06-21,ESG-GJR-GARCH(S),0.422142319765187,7.071592783203708,S,2012-05-23
JNPR,JNPR.W^E14,2012-06-21,GARCH,0.4038055817072139,6.470593167377041,,2012-05-23
JNPR,JNPR.W^E14,2012-06-21,GJR-GARCH,0.3829356144321912,5.819035111133326,,2012-05-23
JNPR,JNPR.W^E14,2012-06-22,EGARCH,0.423359553381504,7.112432993626452,,2012-05-23
JNPR,JNPR.W^E14,2012-06-22,ESG-EGARCH,0.4716486054373733,8.827476468691232,all,2012-05-23
JNPR,JNPR.W^E14,2012-06-22,ESG-EGARCH(E),0.4759675423631437,8.989884975524248,E,2012-05-23
JNPR,JNPR.W^E14,2012-06-22,ESG-EGARCH(G),0.4708160209575513,8.796338317075453,G,2012-05-23
JNPR,JNPR.W^E14,2012-06-22,ESG-EGARCH(S),0.4758140835346286,8.984088971821372,S,2012-05-23
JNPR,JNPR.W^E14,2012-06-22,ESG-GARCH,0.4357059724378155,7.5333212070627935,all,2012-05-23
JNPR,JNPR.W^E14,2012-06-22,ESG-GARCH(E),0.4410742086554002,7.72009752146776,E,2012-05-23
JNPR,JNPR.W^E14,2012-06-22,ESG-GARCH(G),0.4376436772022847,7.600475722029272,G,2012-05-23
JNPR,JNPR.W^E14,2012-06-22,ESG-GARCH(S),0.4410794309137736,7.720280332349938,S,2012-05-23
JNPR,JNPR.W^E14,2012-06-22,ESG-GJR-GARCH,0.417188780048511,6.906606277712892,all,2012-05-23
JNPR,JNPR.W^E14,2012-06-22,ESG-GJR-GARCH(E),0.4221679859329312,7.072452712169349,E,2012-05-23
JNPR,JNPR.W^E14,2012-06-22,ESG-GJR-GARCH(G),0.4182552379830373,6.941962067470127,G,2012-05-23
JNPR,JNPR.W^E14,2012-06-22,ESG-GJR-GARCH(S),0.422142319765187,7.071592783203708,S,2012-05-23
JNPR,JNPR.W^E14,2012-06-22,GARCH,0.4038055817072139,6.470593167377041,,2012-05-23
JNPR,JNPR.W^E14,2012-06-22,GJR-GARCH,0.3829356144321912,5.819035111133326,,2012-05-23
JNPR,JNPR.W^E14,2012-06-25,EGARCH,0.4582416243371399,8.332753423616683,,2012-06-25
JNPR,JNPR.W^E14,2012-06-25,ESG-EGARCH,0.4822530779947716,9.228890128390132,all,2012-06-25
JNPR,JNPR.W^E14,2012-06-25,ESG-EGARCH(E),0.4862864979318655,9.383911034557071,E,2012-06-25
JNPR,JNPR.W^E14,2012-06-25,ESG-EGARCH(G),0.4821867211871364,9.22635055909529,G,2012-06-25
JNPR,JNPR.W^E14,2012-06-25,ESG-EGARCH(S),0.4861980194054899,9.380496590231,S,2012-06-25
JNPR,JNPR.W^E14,2012-06-25,ESG-GARCH,0.4861682418636164,9.37934759510952,all,2012-06-25
JNPR,JNPR.W^E14,2012-06-25,ESG-GARCH(E),0.4921632465431296,9.612089732058468,E,2012-06-25
JNPR,JNPR.W^E14,2012-06-25,ESG-GARCH(G),0.4888807431306678,9.48430083349183,G,2012-06-25
JNPR,JNPR.W^E14,2012-06-25,ESG-GARCH(S),0.4921645116719897,9.61213914878286,S,2012-06-25
JNPR,JNPR.W^E14,2012-06-25,ESG-GJR-GARCH,0.5739707232943458,13.073110761866449,all,2012-06-25
JNPR,JNPR.W^E14,2012-06-25,ESG-GJR-GARCH(E),0.5808275385581861,13.387326569347666,E,2012-06-25
JNPR,JNPR.W^E14,2012-06-25,ESG-GJR-GARCH(G),0.5747349526197573,13.10794705408074,G,2012-06-25
JNPR,JNPR.W^E14,2012-06-25,ESG-GJR-GARCH(S),0.5806646781799116,13.379820178007158,S,2012-06-25
JNPR,JNPR.W^E14,2012-06-25,GARCH,0.4611398445822019,8.438490327829262,,2012-06-25
JNPR,JNPR.W^E14,2012-06-25,GJR-GARCH,0.5368293379150565,11.435941985964996,,2012-06-25
JNPR,JNPR.W^E14,2012-06-26,EGARCH,0.4582416243371399,8.332753423616683,,2012-06-25
JNPR,JNPR.W^E14,2012-06-26,ESG-EGARCH,0.4822530779947716,9.228890128390132,all,2012-06-25
JNPR,JNPR.W^E14,2012-06-26,ESG-EGARCH(E),0.4862864979318655,9.383911034557071,E,2012-06-25
JNPR,JNPR.W^E14,2012-06-26,ESG-EGARCH(G),0.4821867211871364,9.22635055909529,G,2012-06-25
JNPR,JNPR.W^E14,2012-06-26,ESG-EGARCH(S),0.4861980194054899,9.380496590231,S,2012-06-25
JNPR,JNPR.W^E14,2012-06-26,ESG-GARCH,0.4861682418636164,9.37934759510952,all,2012-06-25
JNPR,JNPR.W^E14,2012-06-26,ESG-GARCH(E),0.4921632465431296,9.612089732058468,E,2012-06-25
JNPR,JNPR.W^E14,2012-06-26,ESG-GARCH(G),0.4888807431306678,9.48430083349183,G,2012-06-25
JNPR,JNPR.W^E14,2012-06-26,ESG-GARCH(S),0.4921645116719897,9.61213914878286,S,2012-06-25
JNPR,JNPR.W^E14,2012-06-26,ESG-GJR-GARCH,0.5739707232943458,13.073110761866449,all,2012-06-25
JNPR,JNPR.W^E14,2012-06-26,ESG-GJR-GARCH(E),0.5808275385581861,13.387326569347666,E,2012-06-25
JNPR,JNPR.W^E14,2012-06-26,ESG-GJR-GARCH(G),0.5747349526197573,13.10794705408074,G,2012-06-25
JNPR,JNPR.W^E14,2012-06-26,ESG-GJR-GARCH(S),0.5806646781799116,13.379820178007158,S,2012-06-25
JNPR,JNPR.W^E14,2012-06-26,GARCH,0.4611398445822019,8.438490327829262,,2012-06-25
JNPR,JNPR.W^E14,2012-06-26,GJR-GARCH,0.5368293379150565,11.435941985964996,,2012-06-25
JNPR,JNPR.W^E14,2012-06-27,EGARCH,0.4582416243371399,8.332753423616683,,2012-06-25
JNPR,JNPR.W^E14,2012-06-27,ESG-EGARCH,0.4822530779947716,9.228890128390132,all,2012-06-25
JNPR,JNPR.W^E14,2012-06-27,ESG-EGARCH(E),0.4862864979318655,9.383911034557071,E,2012-06-25
JNPR,JNPR.W^E14,2012-06-27,ESG-EGARCH(G),0.4821867211871364,9.22635055909529,G,2012-06-25
JNPR,JNPR.W^E14,2012-06-27,ESG-EGARCH(S),0.4861980194054899,9.380496590231,S,2012-06-25
JNPR,JNPR.W^E14,2012-06-27,ESG-GARCH,0.4861682418636164,9.37934759510952,all,2012-06-25
JNPR,JNPR.W^E14,2012-06-27,ESG-GARCH(E),0.4921632465431296,9.612089732058468,E,2012-06-25
JNPR,JNPR.W^E14,2012-06-27,ESG-GARCH(G),0.4888807431306678,9.48430083349183,G,2012-06-25
JNPR,JNPR.W^E14,2012-06-27,ESG-GARCH(S),0.4921645116719897,9.61213914878286,S,2012-06-25
JNPR,JNPR.W^E14,2012-06-27,ESG-GJR-GARCH,0.5739707232943458,13.073110761866449,all,2012-06-25
JNPR,JNPR.W^E14,2012-06-27,ESG-GJR-GARCH(E),0.5808275385581861,13.387326569347666,E,2012-06-25
JNPR,JNPR.W^E14,2012-06-27,ESG-GJR-GARCH(G),0.5747349526197573,13.10794705408074,G,2012-06-25
JNPR,JNPR.W^E14,2012-06-27,ESG-GJR-GARCH(S),0.5806646781799116,13.379820178007158,S,2012-06-25
JNPR,JNPR.W^E14,2012-06-27,GARCH,0.4611398445822019,8.438490327829262,,2012-06-25
JNPR,JNPR.W^E14,2012-06-27,GJR-GARCH,0.5368293379150565,11.435941985964996,,2012-06-25
JNPR,JNPR.W^E14,2012-06-28,EGARCH,0.4582416243371399,8.332753423616683,,2012-06-25
JNPR,JNPR.W^E14,2012-06-28,ESG-EGARCH,0.4822530779947716,9.228890128390132,all,2012-06-25
JNPR,JNPR.W^E14,2012-06-28,ESG-EGARCH(E),0.4862864979318655,9.383911034557071,E,2012-06-25
JNPR,JNPR.W^E14,2012-06-28,ESG-EGARCH(G),0.4821867211871364,9.22635055909529,G,2012-06-25
JNPR,JNPR.W^E14,2012-06-28,ESG-EGARCH(S),0.4861980194054899,9.380496590231,S,2012-06-25
JNPR,JNPR.W^E14,2012-06-28,ESG-GARCH,0.4861682418636164,9.37934759510952,all,2012-06-25
JNPR,JNPR.W^E14,2012-06-28,ESG-GARCH(E),0.4921632465431296,9.612089732058468,E,2012-06-25
JNPR,JNPR.W^E14,2012-06-28,ESG-GARCH(G),0.4888807431306678,9.48430083349183,G,2012-06-25
JNPR,JNPR.W^E14,2012-06-28,ESG-GARCH(S),0.4921645116719897,9.61213914878286,S,2012-06-25
JNPR,JNPR.W^E14,2012-06-28,ESG-GJR-GARCH,0.5739707232943458,13.073110761866449,all,2012-06-25
JNPR,JNPR.W^E14,2012-06-28,ESG-GJR-GARCH(E),0.5808275385581861,13.387326569347666,E,2012-06-25
JNPR,JNPR.W^E14,2012-06-28,ESG-GJR-GARCH(G),0.5747349526197573,13.10794705408074,G,2012-06-25
JNPR,JNPR.W^E14,2012-06-28,ESG-GJR-GARCH(S),0.5806646781799116,13.379820178007158,S,2012-06-25
JNPR,JNPR.W^E14,2012-06-28,GARCH,0.4611398445822019,8.438490327829262,,2012-06-25
JNPR,JNPR.W^E14,2012-06-28,GJR-GARCH,0.5368293379150565,11.435941985964996,,2012-06-25
JNPR,JNPR.W^E14,2012-06-29,EGARCH,0.4582416243371399,8.332753423616683,,2012-06-25
JNPR,JNPR.W^E14,2012-06-29,ESG-EGARCH,0.4822530779947716,9.228890128390132,all,2012-06-25
JNPR,JNPR.W^E14,2012-06-29,ESG-EGARCH(E),0.4862864979318655,9.383911034557071,E,2012-06-25
JNPR,JNPR.W^E14,2012-06-29,ESG-EGARCH(G),0.4821867211871364,9.22635055909529,G,2012-06-25
JNPR,JNPR.W^E14,2012-06-29,ESG-EGARCH(S),0.4861980194054899,9.380496590231,S,2012-06-25
JNPR,JNPR.W^E14,2012-06-29,ESG-GARCH,0.4861682418636164,9.37934759510952,all,2012-06-25
JNPR,JNPR.W^E14,2012-06-29,ESG-GARCH(E),0.4921632465431296,9.612089732058468,E,2012-06-25
JNPR,JNPR.W^E14,2012-06-29,ESG-GARCH(G),0.4888807431306678,9.48430083349183,G,2012-06-25
JNPR,JNPR.W^E14,2012-06-29,ESG-GARCH(S),0.4921645116719897,9.61213914878286,S,2012-06-25
JNPR,JNPR.W^E14,2012-06-29,ESG-GJR-GARCH,0.5739707232943458,13.073110761866449,all,2012-06-25
JNPR,JNPR.W^E14,2012-06-29,ESG-GJR-GARCH(E),0.5808275385581861,13.387326569347666,E,2012-06-25
JNPR,JNPR.W^E14,2012-06-29,ESG-GJR-GARCH(G),0.5747349526197573,13.10794705408074,G,2012-06-25
JNPR,JNPR.W^E14,2012-06-29,ESG-GJR-GARCH(S),0.5806646781799116,13.379820178007158,S,2012-06-25
JNPR,JNPR.W^E14,2012-06-29,GARCH,0.4611398445822019,8.438490327829262,,2012-06-25
JNPR,JNPR.W^E14,2012-06-29,GJR-GARCH,0.5368293379150565,11.435941985964996,,2012-06-25
JNPR,JNPR.W^E14,2012-07-02,EGARCH,0.4582416243371399,8.332753423616683,,2012-06-25
JNPR,JNPR.W^E14,2012-07-02,ESG-EGARCH,0.4822530779947716,9.228890128390132,all,2012-06-25
JNPR,JNPR.W^E14,2012-07-02,ESG-EGARCH(E),0.4862864979318655,9.383911034557071,E,2012-06-25
JNPR,JNPR.W^E14,2012-07-02,ESG-EGARCH(G),0.4821867211871364,9.22635055909529,G,2012-06-25
JNPR,JNPR.W^E14,2012-07-02,ESG-EGARCH(S),0.4861980194054899,9.380496590231,S,2012-06-25
JNPR,JNPR.W^E14,2012-07-02,ESG-GARCH,0.4861682418636164,9.37934759510952,all,2012-06-25
JNPR,JNPR.W^E14,2012-07-02,ESG-GARCH(E),0.4921632465431296,9.612089732058468,E,2012-06-25
JNPR,JNPR.W^E14,2012-07-02,ESG-GARCH(G),0.4888807431306678,9.48430083349183,G,2012-06-25
JNPR,JNPR.W^E14,2012-07-02,ESG-GARCH(S),0.4921645116719897,9.61213914878286,S,2012-06-25
JNPR,JNPR.W^E14,2012-07-02,ESG-GJR-GARCH,0.5739707232943458,13.073110761866449,all,2012-06-25
JNPR,JNPR.W^E14,2012-07-02,ESG-GJR-GARCH(E),0.5808275385581861,13.387326569347666,E,2012-06-25
JNPR,JNPR.W^E14,2012-07-02,ESG-GJR-GARCH(G),0.5747349526197573,13.10794705408074,G,2012-06-25
JNPR,JNPR.W^E14,2012-07-02,ESG-GJR-GARCH(S),0.5806646781799116,13.379820178007158,S,2012-06-25
JNPR,JNPR.W^E14,2012-07-02,GARCH,0.4611398445822019,8.438490327829262,,2012-06-25
JNPR,JNPR.W^E14,2012-07-02,GJR-GARCH,0.5368293379150565,11.435941985964996,,2012-06-25
JNPR,JNPR.W^E14,2012-07-03,EGARCH,0.4582416243371399,8.332753423616683,,2012-06-25
JNPR,JNPR.W^E14,2012-07-03,ESG-EGARCH,0.4822530779947716,9.228890128390132,all,2012-06-25
JNPR,JNPR.W^E14,2012-07-03,ESG-EGARCH(E),0.4862864979318655,9.383911034557071,E,2012-06-25
JNPR,JNPR.W^E14,2012-07-03,ESG-EGARCH(G),0.4821867211871364,9.22635055909529,G,2012-06-25
JNPR,JNPR.W^E14,2012-07-03,ESG-EGARCH(S),0.4861980194054899,9.380496590231,S,2012-06-25
JNPR,JNPR.W^E14,2012-07-03,ESG-GARCH,0.4861682418636164,9.37934759510952,all,2012-06-25
JNPR,JNPR.W^E14,2012-07-03,ESG-GARCH(E),0.4921632465431296,9.612089732058468,E,2012-06-25
JNPR,JNPR.W^E14,2012-07-03,ESG-GARCH(G),0.4888807431306678,9.48430083349183,G,2012-06-25
JNPR,JNPR.W^E14,2012-07-03,ESG-GARCH(S),0.4921645116719897,9.61213914878286,S,2012-06-25
JNPR,JNPR.W^E14,2012-07-03,ESG-GJR-GARCH,0.5739707232943458,13.073110761866449,all,2012-06-25
JNPR,JNPR.W^E14,2012-07-03,ESG-GJR-GARCH(E),0.5808275385581861,13.387326569347666,E,2012-06-25
JNPR,JNPR.W^E14,2012-07-03,ESG-GJR-GARCH(G),0.5747349526197573,13.10794705408074,G,2012-06-25
JNPR,JNPR.W^E14,2012-07-03,ESG-GJR-GARCH(S),0.5806646781799116,13.379820178007158,S,2012-06-25
JNPR,JNPR.W^E14,2012-07-03,GARCH,0.4611398445822019,8.438490327829262,,2012-06-25
JNPR,JNPR.W^E14,2012-07-03,GJR-GARCH,0.5368293379150565,11.435941985964996,,2012-06-25
JNPR,JNPR.W^E14,2012-07-06,EGARCH,0.4582416243371399,8.332753423616683,,2012-06-25
JNPR,JNPR.W^E14,2012-07-06,ESG-EGARCH,0.4822530779947716,9.228890128390132,all,2012-06-25
JNPR,JNPR.W^E14,2012-07-06,ESG-EGARCH(E),0.4862864979318655,9.383911034557071,E,2012-06-25
JNPR,JNPR.W^E14,2012-07-06,ESG-EGARCH(G),0.4821867211871364,9.22635055909529,G,2012-06-25
JNPR,JNPR.W^E14,2012-07-06,ESG-EGARCH(S),0.4861980194054899,9.380496590231,S,2012-06-25
JNPR,JNPR.W^E14,2012-07-06,ESG-GARCH,0.4861682418636164,9.37934759510952,all,2012-06-25
JNPR,JNPR.W^E14,2012-07-06,ESG-GARCH(E),0.4921632465431296,9.612089732058468,E,2012-06-25
JNPR,JNPR.W^E14,2012-07-06,ESG-GARCH(G),0.4888807431306678,9.48430083349183,G,2012-06-25
JNPR,JNPR.W^E14,2012-07-06,ESG-GARCH(S),0.4921645116719897,9.61213914878286,S,2012-06-25
JNPR,JNPR.W^E14,2012-07-06,ESG-GJR-GARCH,0.5739707232943458,13.073110761866449,all,2012-06-25
JNPR,JNPR.W^E14,2012-07-06,ESG-GJR-GARCH(E),0.5808275385581861,13.387326569347666,E,2012-06-25
JNPR,JNPR.W^E14,2012-07-06,ESG-GJR-GARCH(G),0.5747349526197573,13.10794705408074,G,2012-06-25
JNPR,JNPR.W^E14,2012-07-06,ESG-GJR-GARCH(S),0.5806646781799116,13.379820178007158,S,2012-06-25
JNPR,JNPR.W^E14,2012-07-06,GARCH,0.4611398445822019,8.438490327829262,,2012-06-25
JNPR,JNPR.W^E14,2012-07-06,GJR-GARCH,0.5368293379150565,11.435941985964996,,2012-06-25
JNPR,JNPR.W^E14,2012-07-09,EGARCH,0.4582416243371399,8.332753423616683,,2012-06-25
JNPR,JNPR.W^E14,2012-07-09,ESG-EGARCH,0.4822530779947716,9.228890128390132,all,2012-06-25
JNPR,JNPR.W^E14,2012-07-09,ESG-EGARCH(E),0.4862864979318655,9.383911034557071,E,2012-06-25
JNPR,JNPR.W^E14,2012-07-09,ESG-EGARCH(G),0.4821867211871364,9.22635055909529,G,2012-06-25
JNPR,JNPR.W^E14,2012-07-09,ESG-EGARCH(S),0.4861980194054899,9.380496590231,S,2012-06-25
JNPR,JNPR.W^E14,2012-07-09,ESG-GARCH,0.4861682418636164,9.37934759510952,all,2012-06-25
JNPR,JNPR.W^E14,2012-07-09,ESG-GARCH(E),0.4921632465431296,9.612089732058468,E,2012-06-25
JNPR,JNPR.W^E14,2012-07-09,ESG-GARCH(G),0.4888807431306678,9.48430083349183,G,2012-06-25
JNPR,JNPR.W^E14,2012-07-09,ESG-GARCH(S),0.4921645116719897,9.61213914878286,S,2012-06-25
JNPR,JNPR.W^E14,2012-07-09,ESG-GJR-GARCH,0.5739707232943458,13.073110761866449,all,2012-06-25
JNPR,JNPR.W^E14,2012-07-09,ESG-GJR-GARCH(E),0.5808275385581861,13.387326569347666,E,2012-06-25
JNPR,JNPR.W^E14,2012-07-09,ESG-GJR-GARCH(G),0.5747349526197573,13.10794705408074,G,2012-06-25
JNPR,JNPR.W^E14,2012-07-09,ESG-GJR-GARCH(S),0.5806646781799116,13.379820178007158,S,2012-06-25
JNPR,JNPR.W^E14,2012-07-09,GARCH,0.4611398445822019,8.438490327829262,,2012-06-25
JNPR,JNPR.W^E14,2012-07-09,GJR-GARCH,0.5368293379150565,11.435941985964996,,2012-06-25
JNPR,JNPR.W^E14,2012-07-10,EGARCH,0.4582416243371399,8.332753423616683,,2012-06-25
JNPR,JNPR.W^E14,2012-07-10,ESG-EGARCH,0.4822530779947716,9.228890128390132,all,2012-06-25
JNPR,JNPR.W^E14,2012-07-10,ESG-EGARCH(E),0.4862864979318655,9.383911034557071,E,2012-06-25
JNPR,JNPR.W^E14,2012-07-10,ESG-EGARCH(G),0.4821867211871364,9.22635055909529,G,2012-06-25
JNPR,JNPR.W^E14,2012-07-10,ESG-EGARCH(S),0.4861980194054899,9.380496590231,S,2012-06-25
JNPR,JNPR.W^E14,2012-07-10,ESG-GARCH,0.4861682418636164,9.37934759510952,all,2012-06-25
JNPR,JNPR.W^E14,2012-07-10,ESG-GARCH(E),0.4921632465431296,9.612089732058468,E,2012-06-25
JNPR,JNPR.W^E14,2012-07-10,ESG-GARCH(G),0.4888807431306678,9.48430083349183,G,2012-06-25
JNPR,JNPR.W^E14,2012-07-10,ESG-GARCH(S),0.4921645116719897,9.61213914878286,S,2012-06-25
JNPR,JNPR.W^E14,2012-07-10,ESG-GJR-GARCH,0.5739707232943458,13.073110761866449,all,2012-06-25
JNPR,JNPR.W^E14,2012-07-10,ESG-GJR-GARCH(E),0.5808275385581861,13.387326569347666,E,2012-06-25
JNPR,JNPR.W^E14,2012-07-10,ESG-GJR-GARCH(G),0.5747349526197573,13.10794705408074,G,2012-06-25
JNPR,JNPR.W^E14,2012-07-10,ESG-GJR-GARCH(S),0.5806646781799116,13.379820178007158,S,2012-06-25
JNPR,JNPR.W^E14,2012-07-10,GARCH,0.4611398445822019,8.438490327829262,,2012-06-25
JNPR,JNPR.W^E14,2012-07-10,GJR-GARCH,0.5368293379150565,11.435941985964996,,2012-06-25
JNPR,JNPR.W^E14,2012-07-11,EGARCH,0.4582416243371399,8.332753423616683,,2012-06-25
JNPR,JNPR.W^E14,2012-07-11,ESG-EGARCH,0.4822530779947716,9.228890128390132,all,2012-06-25
JNPR,JNPR.W^E14,2012-07-11,ESG-EGARCH(E),0.4862864979318655,9.383911034557071,E,2012-06-25
JNPR,JNPR.W^E14,2012-07-11,ESG-EGARCH(G),0.4821867211871364,9.22635055909529,G,2012-06-25
JNPR,JNPR.W^E14,2012-07-11,ESG-EGARCH(S),0.4861980194054899,9.380496590231,S,2012-06-25
JNPR,JNPR.W^E14,2012-07-11,ESG-GARCH,0.4861682418636164,9.37934759510952,all,2012-06-25
JNPR,JNPR.W^E14,2012-07-11,ESG-GARCH(E),0.4921632465431296,9.612089732058468,E,2012-06-25
JNPR,JNPR.W^E14,2012-07-11,ESG-GARCH(G),0.4888807431306678,9.48430083349183,G,2012-06-25
JNPR,JNPR.W^E14,2012-07-11,ESG-GARCH(S),0.4921645116719897,9.61213914878286,S,2012-06-25
JNPR,JNPR.W^E14,2012-07-11,ESG-GJR-GARCH,0.5739707232943458,13.073110761866449,all,2012-06-25
JNPR,JNPR.W^E14,2012-07-11,ESG-GJR-GARCH(E),0.5808275385581861,13.387326569347666,E,2012-06-25
JNPR,JNPR.W^E14,2012-07-11,ESG-GJR-GARCH(G),0.5747349526197573,13.10794705408074,G,2012-06-25
JNPR,JNPR.W^E14,2012-07-11,ESG-GJR-GARCH(S),0.5806646781799116,13.379820178007158,S,2012-06-25
JNPR,JNPR.W^E14,2012-07-11,GARCH,0.4611398445822019,8.438490327829262,,2012-06-25
JNPR,JNPR.W^E14,2012-07-11,GJR-GARCH,0.5368293379150565,11.435941985964996,,2012-06-25
JNPR,JNPR.W^E14,2012-07-12,EGARCH,0.4582416243371399,8.332753423616683,,2012-06-25
JNPR,JNPR.W^E14,2012-07-12,ESG-EGARCH,0.4822530779947716,9.228890128390132,all,2012-06-25
JNPR,JNPR.W^E14,2012-07-12,ESG-EGARCH(E),0.4862864979318655,9.383911034557071,E,2012-06-25
JNPR,JNPR.W^E14,2012-07-12,ESG-EGARCH(G),0.4821867211871364,9.22635055909529,G,2012-06-25
JNPR,JNPR.W^E14,2012-07-12,ESG-EGARCH(S),0.4861980194054899,9.380496590231,S,2012-06-25
JNPR,JNPR.W^E14,2012-07-12,ESG-GARCH,0.4861682418636164,9.37934759510952,all,2012-06-25
JNPR,JNPR.W^E14,2012-07-12,ESG-GARCH(E),0.4921632465431296,9.612089732058468,E,2012-06-25
JNPR,JNPR.W^E14,2012-07-12,ESG-GARCH(G),0.4888807431306678,9.48430083349183,G,2012-06-25
JNPR,JNPR.W^E14,2012-07-12,ESG-GARCH(S),0.4921645116719897,9.61213914878286,S,2012-06-25
JNPR,JNPR.W^E14,2012-07-12,ESG-GJR-GARCH,0.5739707232943458,13.073110761866449,all,2012-06-25
JNPR,JNPR.W^E14,2012-07-12,ESG-GJR-GARCH(E),0.5808275385581861,13.387326569347666,E,2012-06-25
JNPR,JNPR.W^E14,2012-07-12,ESG-GJR-GARCH(G),0.5747349526197573,13.10794705408074,G,2012-06-25
JNPR,JNPR.W^E14,2012-07-12,ESG-GJR-GARCH(S),0.5806646781799116,13.379820178007158,S,2012-06-25
JNPR,JNPR.W^E14,2012-07-12,GARCH,0.4611398445822019,8.438490327829262,,2012-06-25
JNPR,JNPR.W^E14,2012-07-12,GJR-GARCH,0.5368293379150565,11.435941985964996,,2012-06-25
JNPR,JNPR.W^E14,2012-07-13,EGARCH,0.4582416243371399,8.332753423616683,,2012-06-25
JNPR,JNPR.W^E14,2012-07-13,ESG-EGARCH,0.4822530779947716,9.228890128390132,all,2012-06-25
JNPR,JNPR.W^E14,2012-07-13,ESG-EGARCH(E),0.4862864979318655,9.383911034557071,E,2012-06-25
JNPR,JNPR.W^E14,2012-07-13,ESG-EGARCH(G),0.4821867211871364,9.22635055909529,G,2012-06-25
JNPR,JNPR.W^E14,2012-07-13,ESG-EGARCH(S),0.4861980194054899,9.380496590231,S,2012-06-25
JNPR,JNPR.W^E14,2012-07-13,ESG-GARCH,0.4861682418636164,9.37934759510952,all,2012-06-25
JNPR,JNPR.W^E14,2012-07-13,ESG-GARCH(E),0.4921632465431296,9.612089732058468,E,2012-06-25
JNPR,JNPR.W^E14,2012-07-13,ESG-GARCH(G),0.4888807431306678,9.48430083349183,G,2012-06-25
JNPR,JNPR.W^E14,2012-07-13,ESG-GARCH(S),0.4921645116719897,9.61213914878286,S,2012-06-25
JNPR,JNPR.W^E14,2012-07-13,ESG-GJR-GARCH,0.5739707232943458,13.073110761866449,all,2012-06-25
JNPR,JNPR.W^E14,2012-07-13,ESG-GJR-GARCH(E),0.5808275385581861,13.387326569347666,E,2012-06-25
JNPR,JNPR.W^E14,2012-07-13,ESG-GJR-GARCH(G),0.5747349526197573,13.10794705408074,G,2012-06-25
JNPR,JNPR.W^E14,2012-07-13,ESG-GJR-GARCH(S),0.5806646781799116,13.379820178007158,S,2012-06-25
JNPR,JNPR.W^E14,2012-07-13,GARCH,0.4611398445822019,8.438490327829262,,2012-06-25
JNPR,JNPR.W^E14,2012-07-13,GJR-GARCH,0.5368293379150565,11.435941985964996,,2012-06-25
JNPR,JNPR.W^E14,2012-07-16,EGARCH,0.4582416243371399,8.332753423616683,,2012-06-25
JNPR,JNPR.W^E14,2012-07-16,ESG-EGARCH,0.4822530779947716,9.228890128390132,all,2012-06-25
JNPR,JNPR.W^E14,2012-07-16,ESG-EGARCH(E),0.4862864979318655,9.383911034557071,E,2012-06-25
JNPR,JNPR.W^E14,2012-07-16,ESG-EGARCH(G),0.4821867211871364,9.22635055909529,G,2012-06-25
JNPR,JNPR.W^E14,2012-07-16,ESG-EGARCH(S),0.4861980194054899,9.380496590231,S,2012-06-25
JNPR,JNPR.W^E14,2012-07-16,ESG-GARCH,0.4861682418636164,9.37934759510952,all,2012-06-25
JNPR,JNPR.W^E14,2012-07-16,ESG-GARCH(E),0.4921632465431296,9.612089732058468,E,2012-06-25
JNPR,JNPR.W^E14,2012-07-16,ESG-GARCH(G),0.4888807431306678,9.48430083349183,G,2012-06-25
JNPR,JNPR.W^E14,2012-07-16,ESG-GARCH(S),0.4921645116719897,9.61213914878286,S,2012-06-25
JNPR,JNPR.W^E14,2012-07-16,ESG-GJR-GARCH,0.5739707232943458,13.073110761866449,all,2012-06-25
JNPR,JNPR.W^E14,2012-07-16,ESG-GJR-GARCH(E),0.5808275385581861,13.387326569347666,E,2012-06-25
JNPR,JNPR.W^E14,2012-07-16,ESG-GJR-GARCH(G),0.5747349526197573,13.10794705408074,G,2012-06-25
JNPR,JNPR.W^E14,2012-07-16,ESG-GJR-GARCH(S),0.5806646781799116,13.379820178007158,S,2012-06-25
JNPR,JNPR.W^E14,2012-07-16,GARCH,0.4611398445822019,8.438490327829262,,2012-06-25
JNPR,JNPR.W^E14,2012-07-16,GJR-GARCH,0.5368293379150565,11.435941985964996,,2012-06-25
JNPR,JNPR.W^E14,2012-07-17,EGARCH,0.4582416243371399,8.332753423616683,,2012-06-25
JNPR,JNPR.W^E14,2012-07-17,ESG-EGARCH,0.4822530779947716,9.228890128390132,all,2012-06-25
JNPR,JNPR.W^E14,2012-07-17,ESG-EGARCH(E),0.4862864979318655,9.383911034557071,E,2012-06-25
JNPR,JNPR.W^E14,2012-07-17,ESG-EGARCH(G),0.4821867211871364,9.22635055909529,G,2012-06-25
JNPR,JNPR.W^E14,2012-07-17,ESG-EGARCH(S),0.4861980194054899,9.380496590231,S,2012-06-25
JNPR,JNPR.W^E14,2012-07-17,ESG-GARCH,0.4861682418636164,9.37934759510952,all,2012-06-25
JNPR,JNPR.W^E14,2012-07-17,ESG-GARCH(E),0.4921632465431296,9.612089732058468,E,2012-06-25
JNPR,JNPR.W^E14,2012-07-17,ESG-GARCH(G),0.4888807431306678,9.48430083349183,G,2012-06-25
JNPR,JNPR.W^E14,2012-07-17,ESG-GARCH(S),0.4921645116719897,9.61213914878286,S,2012-06-25
JNPR,JNPR.W^E14,2012-07-17,ESG-GJR-GARCH,0.5739707232943458,13.073110761866449,all,2012-06-25
JNPR,JNPR.W^E14,2012-07-17,ESG-GJR-GARCH(E),0.5808275385581861,13.387326569347666,E,2012-06-25
JNPR,JNPR.W^E14,2012-07-17,ESG-GJR-GARCH(G),0.5747349526197573,13.10794705408074,G,2012-06-25
JNPR,JNPR.W^E14,2012-07-17,ESG-GJR-GARCH(S),0.5806646781799116,13.379820178007158,S,2012-06-25
JNPR,JNPR.W^E14,2012-07-17,GARCH,0.4611398445822019,8.438490327829262,,2012-06-25
JNPR,JNPR.W^E14,2012-07-17,GJR-GARCH,0.5368293379150565,11.435941985964996,,2012-06-25
JNPR,JNPR.W^E14,2012-07-18,EGARCH,0.4582416243371399,8.332753423616683,,2012-06-25
JNPR,JNPR.W^E14,2012-07-18,ESG-EGARCH,0.4822530779947716,9.228890128390132,all,2012-06-25
JNPR,JNPR.W^E14,2012-07-18,ESG-EGARCH(E),0.4862864979318655,9.383911034557071,E,2012-06-25
JNPR,JNPR.W^E14,2012-07-18,ESG-EGARCH(G),0.4821867211871364,9.22635055909529,G,2012-06-25
JNPR,JNPR.W^E14,2012-07-18,ESG-EGARCH(S),0.4861980194054899,9.380496590231,S,2012-06-25
JNPR,JNPR.W^E14,2012-07-18,ESG-GARCH,0.4861682418636164,9.37934759510952,all,2012-06-25
JNPR,JNPR.W^E14,2012-07-18,ESG-GARCH(E),0.4921632465431296,9.612089732058468,E,2012-06-25
JNPR,JNPR.W^E14,2012-07-18,ESG-GARCH(G),0.4888807431306678,9.48430083349183,G,2012-06-25
JNPR,JNPR.W^E14,2012-07-18,ESG-GARCH(S),0.4921645116719897,9.61213914878286,S,2012-06-25
JNPR,JNPR.W^E14,2012-07-18,ESG-GJR-GARCH,0.5739707232943458,13.073110761866449,all,2012-06-25
JNPR,JNPR.W^E14,2012-07-18,ESG-GJR-GARCH(E),0.5808275385581861,13.387326569347666,E,2012-06-25
JNPR,JNPR.W^E14,2012-07-18,ESG-GJR-GARCH(G),0.5747349526197573,13.10794705408074,G,2012-06-25
JNPR,JNPR.W^E14,2012-07-18,ESG-GJR-GARCH(S),0.5806646781799116,13.379820178007158,S,2012-06-25
JNPR,JNPR.W^E14,2012-07-18,GARCH,0.4611398445822019,8.438490327829262,,2012-06-25
JNPR,JNPR.W^E14,2012-07-18,GJR-GARCH,0.5368293379150565,11.435941985964996,,2012-06-25
JNPR,JNPR.W^E14,2012-07-19,EGARCH,0.4582416243371399,8.332753423616683,,2012-06-25
JNPR,JNPR.W^E14,2012-07-19,ESG-EGARCH,0.4822530779947716,9.228890128390132,all,2012-06-25
JNPR,JNPR.W^E14,2012-07-19,ESG-EGARCH(E),0.4862864979318655,9.383911034557071,E,2012-06-25
JNPR,JNPR.W^E14,2012-07-19,ESG-EGARCH(G),0.4821867211871364,9.22635055909529,G,2012-06-25
JNPR,JNPR.W^E14,2012-07-19,ESG-EGARCH(S),0.4861980194054899,9.380496590231,S,2012-06-25
JNPR,JNPR.W^E14,2012-07-19,ESG-GARCH,0.4861682418636164,9.37934759510952,all,2012-06-25
JNPR,JNPR.W^E14,2012-07-19,ESG-GARCH(E),0.4921632465431296,9.612089732058468,E,2012-06-25
JNPR,JNPR.W^E14,2012-07-19,ESG-GARCH(G),0.4888807431306678,9.48430083349183,G,2012-06-25
JNPR,JNPR.W^E14,2012-07-19,ESG-GARCH(S),0.4921645116719897,9.61213914878286,S,2012-06-25
JNPR,JNPR.W^E14,2012-07-19,ESG-GJR-GARCH,0.5739707232943458,13.073110761866449,all,2012-06-25
JNPR,JNPR.W^E14,2012-07-19,ESG-GJR-GARCH(E),0.5808275385581861,13.387326569347666,E,2012-06-25
JNPR,JNPR.W^E14,2012-07-19,ESG-GJR-GARCH(G),0.5747349526197573,13.10794705408074,G,2012-06-25
JNPR,JNPR.W^E14,2012-07-19,ESG-GJR-GARCH(S),0.5806646781799116,13.379820178007158,S,2012-06-25
JNPR,JNPR.W^E14,2012-07-19,GARCH,0.4611398445822019,8.438490327829262,,2012-06-25
JNPR,JNPR.W^E14,2012-07-19,GJR-GARCH,0.5368293379150565,11.435941985964996,,2012-06-25
JNPR,JNPR.W^E14,2012-07-20,EGARCH,0.4582416243371399,8.332753423616683,,2012-06-25
JNPR,JNPR.W^E14,2012-07-20,ESG-EGARCH,0.4822530779947716,9.228890128390132,all,2012-06-25
JNPR,JNPR.W^E14,2012-07-20,ESG-EGARCH(E),0.4862864979318655,9.383911034557071,E,2012-06-25
JNPR,JNPR.W^E14,2012-07-20,ESG-EGARCH(G),0.4821867211871364,9.22635055909529,G,2012-06-25
JNPR,JNPR.W^E14,2012-07-20,ESG-EGARCH(S),0.4861980194054899,9.380496590231,S,2012-06-25
JNPR,JNPR.W^E14,2012-07-20,ESG-GARCH,0.4861682418636164,9.37934759510952,all,2012-06-25
JNPR,JNPR.W^E14,2012-07-20,ESG-GARCH(E),0.4921632465431296,9.612089732058468,E,2012-06-25
JNPR,JNPR.W^E14,2012-07-20,ESG-GARCH(G),0.4888807431306678,9.48430083349183,G,2012-06-25
JNPR,JNPR.W^E14,2012-07-20,ESG-GARCH(S),0.4921645116719897,9.61213914878286,S,2012-06-25
JNPR,JNPR.W^E14,2012-07-20,ESG-GJR-GARCH,0.5739707232943458,13.073110761866449,all,2012-06-25
JNPR,JNPR.W^E14,2012-07-20,ESG-GJR-GARCH(E),0.5808275385581861,13.387326569347666,E,2012-06-25
JNPR,JNPR.W^E14,2012-07-20,ESG-GJR-GARCH(G),0.5747349526197573,13.10794705408074,G,2012-06-25
JNPR,JNPR.W^E14,2012-07-20,ESG-GJR-GARCH(S),0.5806646781799116,13.379820178007158,S,2012-06-25
JNPR,JNPR.W^E14,2012-07-20,GARCH,0.4611398445822019,8.438490327829262,,2012-06-25
JNPR,JNPR.W^E14,2012-07-20,GJR-GARCH,0.5368293379150565,11.435941985964996,,2012-06-25
JNPR,JNPR.W^E14,2012-07-23,EGARCH,0.4582416243371399,8.332753423616683,,2012-06-25
JNPR,JNPR.W^E14,2012-07-23,ESG-EGARCH,0.4822530779947716,9.228890128390132,all,2012-06-25
JNPR,JNPR.W^E14,2012-07-23,ESG-EGARCH(E),0.4862864979318655,9.383911034557071,E,2012-06-25
JNPR,JNPR.W^E14,2012-07-23,ESG-EGARCH(G),0.4821867211871364,9.22635055909529,G,2012-06-25
JNPR,JNPR.W^E14,2012-07-23,ESG-EGARCH(S),0.4861980194054899,9.380496590231,S,2012-06-25
JNPR,JNPR.W^E14,2012-07-23,ESG-GARCH,0.4861682418636164,9.37934759510952,all,2012-06-25
JNPR,JNPR.W^E14,2012-07-23,ESG-GARCH(E),0.4921632465431296,9.612089732058468,E,2012-06-25
JNPR,JNPR.W^E14,2012-07-23,ESG-GARCH(G),0.4888807431306678,9.48430083349183,G,2012-06-25
JNPR,JNPR.W^E14,2012-07-23,ESG-GARCH(S),0.4921645116719897,9.61213914878286,S,2012-06-25
JNPR,JNPR.W^E14,2012-07-23,ESG-GJR-GARCH,0.5739707232943458,13.073110761866449,all,2012-06-25
JNPR,JNPR.W^E14,2012-07-23,ESG-GJR-GARCH(E),0.5808275385581861,13.387326569347666,E,2012-06-25
JNPR,JNPR.W^E14,2012-07-23,ESG-GJR-GARCH(G),0.5747349526197573,13.10794705408074,G,2012-06-25
JNPR,JNPR.W^E14,2012-07-23,ESG-GJR-GARCH(S),0.5806646781799116,13.379820178007158,S,2012-06-25
JNPR,JNPR.W^E14,2012-07-23,GARCH,0.4611398445822019,8.438490327829262,,2012-06-25
JNPR,JNPR.W^E14,2012-07-23,GJR-GARCH,0.5368293379150565,11.435941985964996,,2012-06-25
JNPR,JNPR.W^E14,2012-07-24,EGARCH,0.4582416243371399,8.332753423616683,,2012-06-25
JNPR,JNPR.W^E14,2012-07-24,ESG-EGARCH,0.4822530779947716,9.228890128390132,all,2012-06-25
JNPR,JNPR.W^E14,2012-07-24,ESG-EGARCH(E),0.4862864979318655,9.383911034557071,E,2012-06-25
JNPR,JNPR.W^E14,2012-07-24,ESG-EGARCH(G),0.4821867211871364,9.22635055909529,G,2012-06-25
JNPR,JNPR.W^E14,2012-07-24,ESG-EGARCH(S),0.4861980194054899,9.380496590231,S,2012-06-25
JNPR,JNPR.W^E14,2012-07-24,ESG-GARCH,0.4861682418636164,9.37934759510952,all,2012-06-25
JNPR,JNPR.W^E14,2012-07-24,ESG-GARCH(E),0.4921632465431296,9.612089732058468,E,2012-06-25
JNPR,JNPR.W^E14,2012-07-24,ESG-GARCH(G),0.4888807431306678,9.48430083349183,G,2012-06-25
JNPR,JNPR.W^E14,2012-07-24,ESG-GARCH(S),0.4921645116719897,9.61213914878286,S,2012-06-25
JNPR,JNPR.W^E14,2012-07-24,ESG-GJR-GARCH,0.5739707232943458,13.073110761866449,all,2012-06-25
JNPR,JNPR.W^E14,2012-07-24,ESG-GJR-GARCH(E),0.5808275385581861,13.387326569347666,E,2012-06-25
JNPR,JNPR.W^E14,2012-07-24,ESG-GJR-GARCH(G),0.5747349526197573,13.10794705408074,G,2012-06-25
JNPR,JNPR.W^E14,2012-07-24,ESG-GJR-GARCH(S),0.5806646781799116,13.379820178007158,S,2012-06-25
JNPR,JNPR.W^E14,2012-07-24,GARCH,0.4611398445822019,8.438490327829262,,2012-06-25
JNPR,JNPR.W^E14,2012-07-24,GJR-GARCH,0.5368293379150565,11.435941985964996,,2012-06-25
JNPR,JNPR.W^E14,2012-07-25,EGARCH,0.4582416243371399,8.332753423616683,,2012-06-25
JNPR,JNPR.W^E14,2012-07-25,ESG-EGARCH,0.4822530779947716,9.228890128390132,all,2012-06-25
JNPR,JNPR.W^E14,2012-07-25,ESG-EGARCH(E),0.4862864979318655,9.383911034557071,E,2012-06-25
JNPR,JNPR.W^E14,2012-07-25,ESG-EGARCH(G),0.4821867211871364,9.22635055909529,G,2012-06-25
JNPR,JNPR.W^E14,2012-07-25,ESG-EGARCH(S),0.4861980194054899,9.380496590231,S,2012-06-25
JNPR,JNPR.W^E14,2012-07-25,ESG-GARCH,0.4861682418636164,9.37934759510952,all,2012-06-25
JNPR,JNPR.W^E14,2012-07-25,ESG-GARCH(E),0.4921632465431296,9.612089732058468,E,2012-06-25
JNPR,JNPR.W^E14,2012-07-25,ESG-GARCH(G),0.4888807431306678,9.48430083349183,G,2012-06-25
JNPR,JNPR.W^E14,2012-07-25,ESG-GARCH(S),0.4921645116719897,9.61213914878286,S,2012-06-25
JNPR,JNPR.W^E14,2012-07-25,ESG-GJR-GARCH,0.5739707232943458,13.073110761866449,all,2012-06-25
JNPR,JNPR.W^E14,2012-07-25,ESG-GJR-GARCH(E),0.5808275385581861,13.387326569347666,E,2012-06-25
JNPR,JNPR.W^E14,2012-07-25,ESG-GJR-GARCH(G),0.5747349526197573,13.10794705408074,G,2012-06-25
JNPR,JNPR.W^E14,2012-07-25,ESG-GJR-GARCH(S),0.5806646781799116,13.379820178007158,S,2012-06-25
JNPR,JNPR.W^E14,2012-07-25,GARCH,0.4611398445822019,8.438490327829262,,2012-06-25
JNPR,JNPR.W^E14,2012-07-25,GJR-GARCH,0.5368293379150565,11.435941985964996,,2012-06-25
JNPR,JNPR.W^E14,2012-07-26,EGARCH,0.4582416243371399,8.332753423616683,,2012-06-25
JNPR,JNPR.W^E14,2012-07-26,ESG-EGARCH,0.4822530779947716,9.228890128390132,all,2012-06-25
JNPR,JNPR.W^E14,2012-07-26,ESG-EGARCH(E),0.4862864979318655,9.383911034557071,E,2012-06-25
JNPR,JNPR.W^E14,2012-07-26,ESG-EGARCH(G),0.4821867211871364,9.22635055909529,G,2012-06-25
JNPR,JNPR.W^E14,2012-07-26,ESG-EGARCH(S),0.4861980194054899,9.380496590231,S,2012-06-25
JNPR,JNPR.W^E14,2012-07-26,ESG-GARCH,0.4861682418636164,9.37934759510952,all,2012-06-25
JNPR,JNPR.W^E14,2012-07-26,ESG-GARCH(E),0.4921632465431296,9.612089732058468,E,2012-06-25
JNPR,JNPR.W^E14,2012-07-26,ESG-GARCH(G),0.4888807431306678,9.48430083349183,G,2012-06-25
JNPR,JNPR.W^E14,2012-07-26,ESG-GARCH(S),0.4921645116719897,9.61213914878286,S,2012-06-25
JNPR,JNPR.W^E14,2012-07-26,ESG-GJR-GARCH,0.5739707232943458,13.073110761866449,all,2012-06-25
JNPR,JNPR.W^E14,2012-07-26,ESG-GJR-GARCH(E),0.5808275385581861,13.387326569347666,E,2012-06-25
JNPR,JNPR.W^E14,2012-07-26,ESG-GJR-GARCH(G),0.5747349526197573,13.10794705408074,G,2012-06-25
JNPR,JNPR.W^E14,2012-07-26,ESG-GJR-GARCH(S),0.5806646781799116,13.379820178007158,S,2012-06-25
JNPR,JNPR.W^E14,2012-07-26,GARCH,0.4611398445822019,8.438490327829262,,2012-06-25
JNPR,JNPR.W^E14,2012-07-26,GJR-GARCH,0.5368293379150565,11.435941985964996,,2012-06-25
JNPR,JNPR.W^E14,2012-07-27,EGARCH,0.6844104187146186,18.588000843060303,,2012-07-27
JNPR,JNPR.W^E14,2012-07-27,ESG-EGARCH,0.6919517906688071,18.99989208768924,all,2012-07-27
JNPR,JNPR.W^E14,2012-07-27,ESG-EGARCH(E),0.6969033100281363,19.27278664794336,E,2012-07-27
JNPR,JNPR.W^E14,2012-07-27,ESG-EGARCH(G),0.6897778805970174,18.880695419083853,G,2012-07-27
JNPR,JNPR.W^E14,2012-07-27,ESG-EGARCH(S),0.6964987726162027,19.250418264122104,S,2012-07-27
JNPR,JNPR.W^E14,2012-07-27,ESG-GARCH,0.7464918017853502,22.11309564018804,all,2012-07-27
JNPR,JNPR.W^E14,2012-07-27,ESG-GARCH(E),0.7573146730414949,22.758948968410564,E,2012-07-27
JNPR,JNPR.W^E14,2012-07-27,ESG-GARCH(G),0.7476425861133457,22.18132684802585,G,2012-07-27
JNPR,JNPR.W^E14,2012-07-27,ESG-GARCH(S),0.7568695426915162,22.732202565637493,S,2012-07-27
JNPR,JNPR.W^E14,2012-07-27,ESG-GJR-GARCH,0.5177830574373076,10.638860895600244,all,2012-07-27
JNPR,JNPR.W^E14,2012-07-27,ESG-GJR-GARCH(E),0.5228400226241658,10.847686081652313,E,2012-07-27
JNPR,JNPR.W^E14,2012-07-27,ESG-GJR-GARCH(G),0.518661596696353,10.674994122524222,G,2012-07-27
JNPR,JNPR.W^E14,2012-07-27,ESG-GJR-GARCH(S),0.5227873182196118,10.845499209970384,S,2012-07-27
JNPR,JNPR.W^E14,2012-07-27,GARCH,0.7412851515114789,21.805701422674453,,2012-07-27
JNPR,JNPR.W^E14,2012-07-27,GJR-GARCH,0.4817512025613769,9.209691316243363,,2012-07-27
JNPR,JNPR.W^E14,2012-07-30,EGARCH,0.6844104187146186,18.588000843060303,,2012-07-27
JNPR,JNPR.W^E14,2012-07-30,ESG-EGARCH,0.6919517906688071,18.99989208768924,all,2012-07-27
JNPR,JNPR.W^E14,2012-07-30,ESG-EGARCH(E),0.6969033100281363,19.27278664794336,E,2012-07-27
JNPR,JNPR.W^E14,2012-07-30,ESG-EGARCH(G),0.6897778805970174,18.880695419083853,G,2012-07-27
JNPR,JNPR.W^E14,2012-07-30,ESG-EGARCH(S),0.6964987726162027,19.250418264122104,S,2012-07-27
JNPR,JNPR.W^E14,2012-07-30,ESG-GARCH,0.7464918017853502,22.11309564018804,all,2012-07-27
JNPR,JNPR.W^E14,2012-07-30,ESG-GARCH(E),0.7573146730414949,22.758948968410564,E,2012-07-27
JNPR,JNPR.W^E14,2012-07-30,ESG-GARCH(G),0.7476425861133457,22.18132684802585,G,2012-07-27
JNPR,JNPR.W^E14,2012-07-30,ESG-GARCH(S),0.7568695426915162,22.732202565637493,S,2012-07-27
JNPR,JNPR.W^E14,2012-07-30,ESG-GJR-GARCH,0.5177830574373076,10.638860895600244,all,2012-07-27
JNPR,JNPR.W^E14,2012-07-30,ESG-GJR-GARCH(E),0.5228400226241658,10.847686081652313,E,2012-07-27
JNPR,JNPR.W^E14,2012-07-30,ESG-GJR-GARCH(G),0.518661596696353,10.674994122524222,G,2012-07-27
JNPR,JNPR.W^E14,2012-07-30,ESG-GJR-GARCH(S),0.5227873182196118,10.845499209970384,S,2012-07-27
JNPR,JNPR.W^E14,2012-07-30,GARCH,0.7412851515114789,21.805701422674453,,2012-07-27
JNPR,JNPR.W^E14,2012-07-30,GJR-GARCH,0.4817512025613769,9.209691316243363,,2012-07-27
JNPR,JNPR.W^E14,2012-07-31,EGARCH,0.6844104187146186,18.588000843060303,,2012-07-27
JNPR,JNPR.W^E14,2012-07-31,ESG-EGARCH,0.6919517906688071,18.99989208768924,all,2012-07-27
JNPR,JNPR.W^E14,2012-07-31,ESG-EGARCH(E),0.6969033100281363,19.27278664794336,E,2012-07-27
JNPR,JNPR.W^E14,2012-07-31,ESG-EGARCH(G),0.6897778805970174,18.880695419083853,G,2012-07-27
JNPR,JNPR.W^E14,2012-07-31,ESG-EGARCH(S),0.6964987726162027,19.250418264122104,S,2012-07-27
JNPR,JNPR.W^E14,2012-07-31,ESG-GARCH,0.7464918017853502,22.11309564018804,all,2012-07-27
JNPR,JNPR.W^E14,2012-07-31,ESG-GARCH(E),0.7573146730414949,22.758948968410564,E,2012-07-27
JNPR,JNPR.W^E14,2012-07-31,ESG-GARCH(G),0.7476425861133457,22.18132684802585,G,2012-07-27
JNPR,JNPR.W^E14,2012-07-31,ESG-GARCH(S),0.7568695426915162,22.732202565637493,S,2012-07-27
JNPR,JNPR.W^E14,2012-07-31,ESG-GJR-GARCH,0.5177830574373076,10.638860895600244,all,2012-07-27
JNPR,JNPR.W^E14,2012-07-31,ESG-GJR-GARCH(E),0.5228400226241658,10.847686081652313,E,2012-07-27
JNPR,JNPR.W^E14,2012-07-31,ESG-GJR-GARCH(G),0.518661596696353,10.674994122524222,G,2012-07-27
JNPR,JNPR.W^E14,2012-07-31,ESG-GJR-GARCH(S),0.5227873182196118,10.845499209970384,S,2012-07-27
JNPR,JNPR.W^E14,2012-07-31,GARCH,0.7412851515114789,21.805701422674453,,2012-07-27
JNPR,JNPR.W^E14,2012-07-31,GJR-GARCH,0.4817512025613769,9.209691316243363,,2012-07-27
JNPR,JNPR.W^E14,2012-08-01,EGARCH,0.6844104187146186,18.588000843060303,,2012-07-27
JNPR,JNPR.W^E14,2012-08-01,ESG-EGARCH,0.6919517906688071,18.99989208768924,all,2012-07-27
JNPR,JNPR.W^E14,2012-08-01,ESG-EGARCH(E),0.6969033100281363,19.27278664794336,E,2012-07-27
JNPR,JNPR.W^E14,2012-08-01,ESG-EGARCH(G),0.6897778805970174,18.880695419083853,G,2012-07-27
JNPR,JNPR.W^E14,2012-08-01,ESG-EGARCH(S),0.6964987726162027,19.250418264122104,S,2012-07-27
JNPR,JNPR.W^E14,2012-08-01,ESG-GARCH,0.7464918017853502,22.11309564018804,all,2012-07-27
JNPR,JNPR.W^E14,2012-08-01,ESG-GARCH(E),0.7573146730414949,22.758948968410564,E,2012-07-27
JNPR,JNPR.W^E14,2012-08-01,ESG-GARCH(G),0.7476425861133457,22.18132684802585,G,2012-07-27
JNPR,JNPR.W^E14,2012-08-01,ESG-GARCH(S),0.7568695426915162,22.732202565637493,S,2012-07-27
JNPR,JNPR.W^E14,2012-08-01,ESG-GJR-GARCH,0.5177830574373076,10.638860895600244,all,2012-07-27
JNPR,JNPR.W^E14,2012-08-01,ESG-GJR-GARCH(E),0.5228400226241658,10.847686081652313,E,2012-07-27
JNPR,JNPR.W^E14,2012-08-01,ESG-GJR-GARCH(G),0.518661596696353,10.674994122524222,G,2012-07-27
JNPR,JNPR.W^E14,2012-08-01,ESG-GJR-GARCH(S),0.5227873182196118,10.845499209970384,S,2012-07-27
JNPR,JNPR.W^E14,2012-08-01,GARCH,0.7412851515114789,21.805701422674453,,2012-07-27
JNPR,JNPR.W^E14,2012-08-01,GJR-GARCH,0.4817512025613769,9.209691316243363,,2012-07-27
JNPR,JNPR.W^E14,2012-08-02,EGARCH,0.6844104187146186,18.588000843060303,,2012-07-27
JNPR,JNPR.W^E14,2012-08-02,ESG-EGARCH,0.6919517906688071,18.99989208768924,all,2012-07-27
JNPR,JNPR.W^E14,2012-08-02,ESG-EGARCH(E),0.6969033100281363,19.27278664794336,E,2012-07-27
JNPR,JNPR.W^E14,2012-08-02,ESG-EGARCH(G),0.6897778805970174,18.880695419083853,G,2012-07-27
JNPR,JNPR.W^E14,2012-08-02,ESG-EGARCH(S),0.6964987726162027,19.250418264122104,S,2012-07-27
JNPR,JNPR.W^E14,2012-08-02,ESG-GARCH,0.7464918017853502,22.11309564018804,all,2012-07-27
JNPR,JNPR.W^E14,2012-08-02,ESG-GARCH(E),0.7573146730414949,22.758948968410564,E,2012-07-27
JNPR,JNPR.W^E14,2012-08-02,ESG-GARCH(G),0.7476425861133457,22.18132684802585,G,2012-07-27
JNPR,JNPR.W^E14,2012-08-02,ESG-GARCH(S),0.7568695426915162,22.732202565637493,S,2012-07-27
JNPR,JNPR.W^E14,2012-08-02,ESG-GJR-GARCH,0.5177830574373076,10.638860895600244,all,2012-07-27
JNPR,JNPR.W^E14,2012-08-02,ESG-GJR-GARCH(E),0.5228400226241658,10.847686081652313,E,2012-07-27
JNPR,JNPR.W^E14,2012-08-02,ESG-GJR-GARCH(G),0.518661596696353,10.674994122524222,G,2012-07-27
JNPR,JNPR.W^E14,2012-08-02,ESG-GJR-GARCH(S),0.5227873182196118,10.845499209970384,S,2012-07-27
JNPR,JNPR.W^E14,2012-08-02,GARCH,0.7412851515114789,21.805701422674453,,2012-07-27
JNPR,JNPR.W^E14,2012-08-02,GJR-GARCH,0.4817512025613769,9.209691316243363,,2012-07-27
JNPR,JNPR.W^E14,2012-08-03,EGARCH,0.6844104187146186,18.588000843060303,,2012-07-27
JNPR,JNPR.W^E14,2012-08-03,ESG-EGARCH,0.6919517906688071,18.99989208768924,all,2012-07-27
JNPR,JNPR.W^E14,2012-08-03,ESG-EGARCH(E),0.6969033100281363,19.27278664794336,E,2012-07-27
JNPR,JNPR.W^E14,2012-08-03,ESG-EGARCH(G),0.6897778805970174,18.880695419083853,G,2012-07-27
JNPR,JNPR.W^E14,2012-08-03,ESG-EGARCH(S),0.6964987726162027,19.250418264122104,S,2012-07-27
JNPR,JNPR.W^E14,2012-08-03,ESG-GARCH,0.7464918017853502,22.11309564018804,all,2012-07-27
JNPR,JNPR.W^E14,2012-08-03,ESG-GARCH(E),0.7573146730414949,22.758948968410564,E,2012-07-27
JNPR,JNPR.W^E14,2012-08-03,ESG-GARCH(G),0.7476425861133457,22.18132684802585,G,2012-07-27
JNPR,JNPR.W^E14,2012-08-03,ESG-GARCH(S),0.7568695426915162,22.732202565637493,S,2012-07-27
JNPR,JNPR.W^E14,2012-08-03,ESG-GJR-GARCH,0.5177830574373076,10.638860895600244,all,2012-07-27
JNPR,JNPR.W^E14,2012-08-03,ESG-GJR-GARCH(E),0.5228400226241658,10.847686081652313,E,2012-07-27
JNPR,JNPR.W^E14,2012-08-03,ESG-GJR-GARCH(G),0.518661596696353,10.674994122524222,G,2012-07-27
JNPR,JNPR.W^E14,2012-08-03,ESG-GJR-GARCH(S),0.5227873182196118,10.845499209970384,S,2012-07-27
JNPR,JNPR.W^E14,2012-08-03,GARCH,0.7412851515114789,21.805701422674453,,2012-07-27
JNPR,JNPR.W^E14,2012-08-03,GJR-GARCH,0.4817512025613769,9.209691316243363,,2012-07-27
JNPR,JNPR.W^E14,2012-08-06,EGARCH,0.6844104187146186,18.588000843060303,,2012-07-27
JNPR,JNPR.W^E14,2012-08-06,ESG-EGARCH,0.6919517906688071,18.99989208768924,all,2012-07-27
JNPR,JNPR.W^E14,2012-08-06,ESG-EGARCH(E),0.6969033100281363,19.27278664794336,E,2012-07-27
JNPR,JNPR.W^E14,2012-08-06,ESG-EGARCH(G),0.6897778805970174,18.880695419083853,G,2012-07-27
JNPR,JNPR.W^E14,2012-08-06,ESG-EGARCH(S),0.6964987726162027,19.250418264122104,S,2012-07-27
JNPR,JNPR.W^E14,2012-08-06,ESG-GARCH,0.7464918017853502,22.11309564018804,all,2012-07-27
JNPR,JNPR.W^E14,2012-08-06,ESG-GARCH(E),0.7573146730414949,22.758948968410564,E,2012-07-27
JNPR,JNPR.W^E14,2012-08-06,ESG-GARCH(G),0.7476425861133457,22.18132684802585,G,2012-07-27
JNPR,JNPR.W^E14,2012-08-06,ESG-GARCH(S),0.7568695426915162,22.732202565637493,S,2012-07-27
JNPR,JNPR.W^E14,2012-08-06,ESG-GJR-GARCH,0.5177830574373076,10.638860895600244,all,2012-07-27
JNPR,JNPR.W^E14,2012-08-06,ESG-GJR-GARCH(E),0.5228400226241658,10.847686081652313,E,2012-07-27
JNPR,JNPR.W^E14,2012-08-06,ESG-GJR-GARCH(G),0.518661596696353,10.674994122524222,G,2012-07-27
JNPR,JNPR.W^E14,2012-08-06,ESG-GJR-GARCH(S),0.5227873182196118,10.845499209970384,S,2012-07-27
JNPR,JNPR.W^E14,2012-08-06,GARCH,0.7412851515114789,21.805701422674453,,2012-07-27
JNPR,JNPR.W^E14,2012-08-06,GJR-GARCH,0.4817512025613769,9.209691316243363,,2012-07-27
JNPR,JNPR.W^E14,2012-08-07,EGARCH,0.6844104187146186,18.588000843060303,,2012-07-27
JNPR,JNPR.W^E14,2012-08-07,ESG-EGARCH,0.6919517906688071,18.99989208768924,all,2012-07-27
JNPR,JNPR.W^E14,2012-08-07,ESG-EGARCH(E),0.6969033100281363,19.27278664794336,E,2012-07-27
JNPR,JNPR.W^E14,2012-08-07,ESG-EGARCH(G),0.6897778805970174,18.880695419083853,G,2012-07-27
JNPR,JNPR.W^E14,2012-08-07,ESG-EGARCH(S),0.6964987726162027,19.250418264122104,S,2012-07-27
JNPR,JNPR.W^E14,2012-08-07,ESG-GARCH,0.7464918017853502,22.11309564018804,all,2012-07-27
JNPR,JNPR.W^E14,2012-08-07,ESG-GARCH(E),0.7573146730414949,22.758948968410564,E,2012-07-27
JNPR,JNPR.W^E14,2012-08-07,ESG-GARCH(G),0.7476425861133457,22.18132684802585,G,2012-07-27
JNPR,JNPR.W^E14,2012-08-07,ESG-GARCH(S),0.7568695426915162,22.732202565637493,S,2012-07-27
JNPR,JNPR.W^E14,2012-08-07,ESG-GJR-GARCH,0.5177830574373076,10.638860895600244,all,2012-07-27
JNPR,JNPR.W^E14,2012-08-07,ESG-GJR-GARCH(E),0.5228400226241658,10.847686081652313,E,2012-07-27
JNPR,JNPR.W^E14,2012-08-07,ESG-GJR-GARCH(G),0.518661596696353,10.674994122524222,G,2012-07-27
JNPR,JNPR.W^E14,2012-08-07,ESG-GJR-GARCH(S),0.5227873182196118,10.845499209970384,S,2012-07-27
JNPR,JNPR.W^E14,2012-08-07,GARCH,0.7412851515114789,21.805701422674453,,2012-07-27
JNPR,JNPR.W^E14,2012-08-07,GJR-GARCH,0.4817512025613769,9.209691316243363,,2012-07-27
JNPR,JNPR.W^E14,2012-08-08,EGARCH,0.6844104187146186,18.588000843060303,,2012-07-27
JNPR,JNPR.W^E14,2012-08-08,ESG-EGARCH,0.6919517906688071,18.99989208768924,all,2012-07-27
JNPR,JNPR.W^E14,2012-08-08,ESG-EGARCH(E),0.6969033100281363,19.27278664794336,E,2012-07-27
JNPR,JNPR.W^E14,2012-08-08,ESG-EGARCH(G),0.6897778805970174,18.880695419083853,G,2012-07-27
JNPR,JNPR.W^E14,2012-08-08,ESG-EGARCH(S),0.6964987726162027,19.250418264122104,S,2012-07-27
JNPR,JNPR.W^E14,2012-08-08,ESG-GARCH,0.7464918017853502,22.11309564018804,all,2012-07-27
JNPR,JNPR.W^E14,2012-08-08,ESG-GARCH(E),0.7573146730414949,22.758948968410564,E,2012-07-27
JNPR,JNPR.W^E14,2012-08-08,ESG-GARCH(G),0.7476425861133457,22.18132684802585,G,2012-07-27
JNPR,JNPR.W^E14,2012-08-08,ESG-GARCH(S),0.7568695426915162,22.732202565637493,S,2012-07-27
JNPR,JNPR.W^E14,2012-08-08,ESG-GJR-GARCH,0.5177830574373076,10.638860895600244,all,2012-07-27
JNPR,JNPR.W^E14,2012-08-08,ESG-GJR-GARCH(E),0.5228400226241658,10.847686081652313,E,2012-07-27
JNPR,JNPR.W^E14,2012-08-08,ESG-GJR-GARCH(G),0.518661596696353,10.674994122524222,G,2012-07-27
JNPR,JNPR.W^E14,2012-08-08,ESG-GJR-GARCH(S),0.5227873182196118,10.845499209970384,S,2012-07-27
JNPR,JNPR.W^E14,2012-08-08,GARCH,0.7412851515114789,21.805701422674453,,2012-07-27
JNPR,JNPR.W^E14,2012-08-08,GJR-GARCH,0.4817512025613769,9.209691316243363,,2012-07-27
JNPR,JNPR.W^E14,2012-08-09,EGARCH,0.6844104187146186,18.588000843060303,,2012-07-27
JNPR,JNPR.W^E14,2012-08-09,ESG-EGARCH,0.6919517906688071,18.99989208768924,all,2012-07-27
JNPR,JNPR.W^E14,2012-08-09,ESG-EGARCH(E),0.6969033100281363,19.27278664794336,E,2012-07-27
JNPR,JNPR.W^E14,2012-08-09,ESG-EGARCH(G),0.6897778805970174,18.880695419083853,G,2012-07-27
JNPR,JNPR.W^E14,2012-08-09,ESG-EGARCH(S),0.6964987726162027,19.250418264122104,S,2012-07-27
JNPR,JNPR.W^E14,2012-08-09,ESG-GARCH,0.7464918017853502,22.11309564018804,all,2012-07-27
JNPR,JNPR.W^E14,2012-08-09,ESG-GARCH(E),0.7573146730414949,22.758948968410564,E,2012-07-27
JNPR,JNPR.W^E14,2012-08-09,ESG-GARCH(G),0.7476425861133457,22.18132684802585,G,2012-07-27
JNPR,JNPR.W^E14,2012-08-09,ESG-GARCH(S),0.7568695426915162,22.732202565637493,S,2012-07-27
JNPR,JNPR.W^E14,2012-08-09,ESG-GJR-GARCH,0.5177830574373076,10.638860895600244,all,2012-07-27
JNPR,JNPR.W^E14,2012-08-09,ESG-GJR-GARCH(E),0.5228400226241658,10.847686081652313,E,2012-07-27
JNPR,JNPR.W^E14,2012-08-09,ESG-GJR-GARCH(G),0.518661596696353,10.674994122524222,G,2012-07-27
JNPR,JNPR.W^E14,2012-08-09,ESG-GJR-GARCH(S),0.5227873182196118,10.845499209970384,S,2012-07-27
JNPR,JNPR.W^E14,2012-08-09,GARCH,0.7412851515114789,21.805701422674453,,2012-07-27
JNPR,JNPR.W^E14,2012-08-09,GJR-GARCH,0.4817512025613769,9.209691316243363,,2012-07-27
JNPR,JNPR.W^E14,2012-08-10,EGARCH,0.6844104187146186,18.588000843060303,,2012-07-27
JNPR,JNPR.W^E14,2012-08-10,ESG-EGARCH,0.6919517906688071,18.99989208768924,all,2012-07-27
JNPR,JNPR.W^E14,2012-08-10,ESG-EGARCH(E),0.6969033100281363,19.27278664794336,E,2012-07-27
JNPR,JNPR.W^E14,2012-08-10,ESG-EGARCH(G),0.6897778805970174,18.880695419083853,G,2012-07-27
JNPR,JNPR.W^E14,2012-08-10,ESG-EGARCH(S),0.6964987726162027,19.250418264122104,S,2012-07-27
JNPR,JNPR.W^E14,2012-08-10,ESG-GARCH,0.7464918017853502,22.11309564018804,all,2012-07-27
JNPR,JNPR.W^E14,2012-08-10,ESG-GARCH(E),0.7573146730414949,22.758948968410564,E,2012-07-27
JNPR,JNPR.W^E14,2012-08-10,ESG-GARCH(G),0.7476425861133457,22.18132684802585,G,2012-07-27
JNPR,JNPR.W^E14,2012-08-10,ESG-GARCH(S),0.7568695426915162,22.732202565637493,S,2012-07-27
JNPR,JNPR.W^E14,2012-08-10,ESG-GJR-GARCH,0.5177830574373076,10.638860895600244,all,2012-07-27
JNPR,JNPR.W^E14,2012-08-10,ESG-GJR-GARCH(E),0.5228400226241658,10.847686081652313,E,2012-07-27
JNPR,JNPR.W^E14,2012-08-10,ESG-GJR-GARCH(G),0.518661596696353,10.674994122524222,G,2012-07-27
JNPR,JNPR.W^E14,2012-08-10,ESG-GJR-GARCH(S),0.5227873182196118,10.845499209970384,S,2012-07-27
JNPR,JNPR.W^E14,2012-08-10,GARCH,0.7412851515114789,21.805701422674453,,2012-07-27
JNPR,JNPR.W^E14,2012-08-10,GJR-GARCH,0.4817512025613769,9.209691316243363,,2012-07-27
JNPR,JNPR.W^E14,2012-08-13,EGARCH,0.6844104187146186,18.588000843060303,,2012-07-27
JNPR,JNPR.W^E14,2012-08-13,ESG-EGARCH,0.6919517906688071,18.99989208768924,all,2012-07-27
JNPR,JNPR.W^E14,2012-08-13,ESG-EGARCH(E),0.6969033100281363,19.27278664794336,E,2012-07-27
JNPR,JNPR.W^E14,2012-08-13,ESG-EGARCH(G),0.6897778805970174,18.880695419083853,G,2012-07-27
JNPR,JNPR.W^E14,2012-08-13,ESG-EGARCH(S),0.6964987726162027,19.250418264122104,S,2012-07-27
JNPR,JNPR.W^E14,2012-08-13,ESG-GARCH,0.7464918017853502,22.11309564018804,all,2012-07-27
JNPR,JNPR.W^E14,2012-08-13,ESG-GARCH(E),0.7573146730414949,22.758948968410564,E,2012-07-27
JNPR,JNPR.W^E14,2012-08-13,ESG-GARCH(G),0.7476425861133457,22.18132684802585,G,2012-07-27
JNPR,JNPR.W^E14,2012-08-13,ESG-GARCH(S),0.7568695426915162,22.732202565637493,S,2012-07-27
JNPR,JNPR.W^E14,2012-08-13,ESG-GJR-GARCH,0.5177830574373076,10.638860895600244,all,2012-07-27
JNPR,JNPR.W^E14,2012-08-13,ESG-GJR-GARCH(E),0.5228400226241658,10.847686081652313,E,2012-07-27
JNPR,JNPR.W^E14,2012-08-13,ESG-GJR-GARCH(G),0.518661596696353,10.674994122524222,G,2012-07-27
JNPR,JNPR.W^E14,2012-08-13,ESG-GJR-GARCH(S),0.5227873182196118,10.845499209970384,S,2012-07-27
JNPR,JNPR.W^E14,2012-08-13,GARCH,0.7412851515114789,21.805701422674453,,2012-07-27
JNPR,JNPR.W^E14,2012-08-13,GJR-GARCH,0.4817512025613769,9.209691316243363,,2012-07-27
JNPR,JNPR.W^E14,2012-08-14,EGARCH,0.6844104187146186,18.588000843060303,,2012-07-27
JNPR,JNPR.W^E14,2012-08-14,ESG-EGARCH,0.6919517906688071,18.99989208768924,all,2012-07-27
JNPR,JNPR.W^E14,2012-08-14,ESG-EGARCH(E),0.6969033100281363,19.27278664794336,E,2012-07-27
JNPR,JNPR.W^E14,2012-08-14,ESG-EGARCH(G),0.6897778805970174,18.880695419083853,G,2012-07-27
JNPR,JNPR.W^E14,2012-08-14,ESG-EGARCH(S),0.6964987726162027,19.250418264122104,S,2012-07-27
JNPR,JNPR.W^E14,2012-08-14,ESG-GARCH,0.7464918017853502,22.11309564018804,all,2012-07-27
JNPR,JNPR.W^E14,2012-08-14,ESG-GARCH(E),0.7573146730414949,22.758948968410564,E,2012-07-27
JNPR,JNPR.W^E14,2012-08-14,ESG-GARCH(G),0.7476425861133457,22.18132684802585,G,2012-07-27
JNPR,JNPR.W^E14,2012-08-14,ESG-GARCH(S),0.7568695426915162,22.732202565637493,S,2012-07-27
JNPR,JNPR.W^E14,2012-08-14,ESG-GJR-GARCH,0.5177830574373076,10.638860895600244,all,2012-07-27
JNPR,JNPR.W^E14,2012-08-14,ESG-GJR-GARCH(E),0.5228400226241658,10.847686081652313,E,2012-07-27
JNPR,JNPR.W^E14,2012-08-14,ESG-GJR-GARCH(G),0.518661596696353,10.674994122524222,G,2012-07-27
JNPR,JNPR.W^E14,2012-08-14,ESG-GJR-GARCH(S),0.5227873182196118,10.845499209970384,S,2012-07-27
JNPR,JNPR.W^E14,2012-08-14,GARCH,0.7412851515114789,21.805701422674453,,2012-07-27
JNPR,JNPR.W^E14,2012-08-14,GJR-GARCH,0.4817512025613769,9.209691316243363,,2012-07-27
JNPR,JNPR.W^E14,2012-08-15,EGARCH,0.6844104187146186,18.588000843060303,,2012-07-27
JNPR,JNPR.W^E14,2012-08-15,ESG-EGARCH,0.6919517906688071,18.99989208768924,all,2012-07-27
JNPR,JNPR.W^E14,2012-08-15,ESG-EGARCH(E),0.6969033100281363,19.27278664794336,E,2012-07-27
JNPR,JNPR.W^E14,2012-08-15,ESG-EGARCH(G),0.6897778805970174,18.880695419083853,G,2012-07-27
JNPR,JNPR.W^E14,2012-08-15,ESG-EGARCH(S),0.6964987726162027,19.250418264122104,S,2012-07-27
JNPR,JNPR.W^E14,2012-08-15,ESG-GARCH,0.7464918017853502,22.11309564018804,all,2012-07-27
JNPR,JNPR.W^E14,2012-08-15,ESG-GARCH(E),0.7573146730414949,22.758948968410564,E,2012-07-27
JNPR,JNPR.W^E14,2012-08-15,ESG-GARCH(G),0.7476425861133457,22.18132684802585,G,2012-07-27
JNPR,JNPR.W^E14,2012-08-15,ESG-GARCH(S),0.7568695426915162,22.732202565637493,S,2012-07-27
JNPR,JNPR.W^E14,2012-08-15,ESG-GJR-GARCH,0.5177830574373076,10.638860895600244,all,2012-07-27
JNPR,JNPR.W^E14,2012-08-15,ESG-GJR-GARCH(E),0.5228400226241658,10.847686081652313,E,2012-07-27
JNPR,JNPR.W^E14,2012-08-15,ESG-GJR-GARCH(G),0.518661596696353,10.674994122524222,G,2012-07-27
JNPR,JNPR.W^E14,2012-08-15,ESG-GJR-GARCH(S),0.5227873182196118,10.845499209970384,S,2012-07-27
JNPR,JNPR.W^E14,2012-08-15,GARCH,0.7412851515114789,21.805701422674453,,2012-07-27
JNPR,JNPR.W^E14,2012-08-15,GJR-GARCH,0.4817512025613769,9.209691316243363,,2012-07-27
JNPR,JNPR.W^E14,2012-08-16,EGARCH,0.6844104187146186,18.588000843060303,,2012-07-27
JNPR,JNPR.W^E14,2012-08-16,ESG-EGARCH,0.6919517906688071,18.99989208768924,all,2012-07-27
JNPR,JNPR.W^E14,2012-08-16,ESG-EGARCH(E),0.6969033100281363,19.27278664794336,E,2012-07-27
JNPR,JNPR.W^E14,2012-08-16,ESG-EGARCH(G),0.6897778805970174,18.880695419083853,G,2012-07-27
JNPR,JNPR.W^E14,2012-08-16,ESG-EGARCH(S),0.6964987726162027,19.250418264122104,S,2012-07-27
JNPR,JNPR.W^E14,2012-08-16,ESG-GARCH,0.7464918017853502,22.11309564018804,all,2012-07-27
JNPR,JNPR.W^E14,2012-08-16,ESG-GARCH(E),0.7573146730414949,22.758948968410564,E,2012-07-27
JNPR,JNPR.W^E14,2012-08-16,ESG-GARCH(G),0.7476425861133457,22.18132684802585,G,2012-07-27
JNPR,JNPR.W^E14,2012-08-16,ESG-GARCH(S),0.7568695426915162,22.732202565637493,S,2012-07-27
JNPR,JNPR.W^E14,2012-08-16,ESG-GJR-GARCH,0.5177830574373076,10.638860895600244,all,2012-07-27
JNPR,JNPR.W^E14,2012-08-16,ESG-GJR-GARCH(E),0.5228400226241658,10.847686081652313,E,2012-07-27
JNPR,JNPR.W^E14,2012-08-16,ESG-GJR-GARCH(G),0.518661596696353,10.674994122524222,G,2012-07-27
JNPR,JNPR.W^E14,2012-08-16,ESG-GJR-GARCH(S),0.5227873182196118,10.845499209970384,S,2012-07-27
JNPR,JNPR.W^E14,2012-08-16,GARCH,0.7412851515114789,21.805701422674453,,2012-07-27
JNPR,JNPR.W^E14,2012-08-16,GJR-GARCH,0.4817512025613769,9.209691316243363,,2012-07-27
JNPR,JNPR.W^E14,2012-08-17,EGARCH,0.6844104187146186,18.588000843060303,,2012-07-27
JNPR,JNPR.W^E14,2012-08-17,ESG-EGARCH,0.6919517906688071,18.99989208768924,all,2012-07-27
JNPR,JNPR.W^E14,2012-08-17,ESG-EGARCH(E),0.6969033100281363,19.27278664794336,E,2012-07-27
JNPR,JNPR.W^E14,2012-08-17,ESG-EGARCH(G),0.6897778805970174,18.880695419083853,G,2012-07-27
JNPR,JNPR.W^E14,2012-08-17,ESG-EGARCH(S),0.6964987726162027,19.250418264122104,S,2012-07-27
JNPR,JNPR.W^E14,2012-08-17,ESG-GARCH,0.7464918017853502,22.11309564018804,all,2012-07-27
JNPR,JNPR.W^E14,2012-08-17,ESG-GARCH(E),0.7573146730414949,22.758948968410564,E,2012-07-27
JNPR,JNPR.W^E14,2012-08-17,ESG-GARCH(G),0.7476425861133457,22.18132684802585,G,2012-07-27
JNPR,JNPR.W^E14,2012-08-17,ESG-GARCH(S),0.7568695426915162,22.732202565637493,S,2012-07-27
JNPR,JNPR.W^E14,2012-08-17,ESG-GJR-GARCH,0.5177830574373076,10.638860895600244,all,2012-07-27
JNPR,JNPR.W^E14,2012-08-17,ESG-GJR-GARCH(E),0.5228400226241658,10.847686081652313,E,2012-07-27
JNPR,JNPR.W^E14,2012-08-17,ESG-GJR-GARCH(G),0.518661596696353,10.674994122524222,G,2012-07-27
JNPR,JNPR.W^E14,2012-08-17,ESG-GJR-GARCH(S),0.5227873182196118,10.845499209970384,S,2012-07-27
JNPR,JNPR.W^E14,2012-08-17,GARCH,0.7412851515114789,21.805701422674453,,2012-07-27
JNPR,JNPR.W^E14,2012-08-17,GJR-GARCH,0.4817512025613769,9.209691316243363,,2012-07-27
JNPR,JNPR.W^E14,2012-08-20,EGARCH,0.6844104187146186,18.588000843060303,,2012-07-27
JNPR,JNPR.W^E14,2012-08-20,ESG-EGARCH,0.6919517906688071,18.99989208768924,all,2012-07-27
JNPR,JNPR.W^E14,2012-08-20,ESG-EGARCH(E),0.6969033100281363,19.27278664794336,E,2012-07-27
JNPR,JNPR.W^E14,2012-08-20,ESG-EGARCH(G),0.6897778805970174,18.880695419083853,G,2012-07-27
JNPR,JNPR.W^E14,2012-08-20,ESG-EGARCH(S),0.6964987726162027,19.250418264122104,S,2012-07-27
JNPR,JNPR.W^E14,2012-08-20,ESG-GARCH,0.7464918017853502,22.11309564018804,all,2012-07-27
JNPR,JNPR.W^E14,2012-08-20,ESG-GARCH(E),0.7573146730414949,22.758948968410564,E,2012-07-27
JNPR,JNPR.W^E14,2012-08-20,ESG-GARCH(G),0.7476425861133457,22.18132684802585,G,2012-07-27
JNPR,JNPR.W^E14,2012-08-20,ESG-GARCH(S),0.7568695426915162,22.732202565637493,S,2012-07-27
JNPR,JNPR.W^E14,2012-08-20,ESG-GJR-GARCH,0.5177830574373076,10.638860895600244,all,2012-07-27
JNPR,JNPR.W^E14,2012-08-20,ESG-GJR-GARCH(E),0.5228400226241658,10.847686081652313,E,2012-07-27
JNPR,JNPR.W^E14,2012-08-20,ESG-GJR-GARCH(G),0.518661596696353,10.674994122524222,G,2012-07-27
JNPR,JNPR.W^E14,2012-08-20,ESG-GJR-GARCH(S),0.5227873182196118,10.845499209970384,S,2012-07-27
JNPR,JNPR.W^E14,2012-08-20,GARCH,0.7412851515114789,21.805701422674453,,2012-07-27
JNPR,JNPR.W^E14,2012-08-20,GJR-GARCH,0.4817512025613769,9.209691316243363,,2012-07-27
JNPR,JNPR.W^E14,2012-08-21,EGARCH,0.6844104187146186,18.588000843060303,,2012-07-27
JNPR,JNPR.W^E14,2012-08-21,ESG-EGARCH,0.6919517906688071,18.99989208768924,all,2012-07-27
JNPR,JNPR.W^E14,2012-08-21,ESG-EGARCH(E),0.6969033100281363,19.27278664794336,E,2012-07-27
JNPR,JNPR.W^E14,2012-08-21,ESG-EGARCH(G),0.6897778805970174,18.880695419083853,G,2012-07-27
JNPR,JNPR.W^E14,2012-08-21,ESG-EGARCH(S),0.6964987726162027,19.250418264122104,S,2012-07-27
JNPR,JNPR.W^E14,2012-08-21,ESG-GARCH,0.7464918017853502,22.11309564018804,all,2012-07-27
JNPR,JNPR.W^E14,2012-08-21,ESG-GARCH(E),0.7573146730414949,22.758948968410564,E,2012-07-27
JNPR,JNPR.W^E14,2012-08-21,ESG-GARCH(G),0.7476425861133457,22.18132684802585,G,2012-07-27
JNPR,JNPR.W^E14,2012-08-21,ESG-GARCH(S),0.7568695426915162,22.732202565637493,S,2012-07-27
JNPR,JNPR.W^E14,2012-08-21,ESG-GJR-GARCH,0.5177830574373076,10.638860895600244,all,2012-07-27
JNPR,JNPR.W^E14,2012-08-21,ESG-GJR-GARCH(E),0.5228400226241658,10.847686081652313,E,2012-07-27
JNPR,JNPR.W^E14,2012-08-21,ESG-GJR-GARCH(G),0.518661596696353,10.674994122524222,G,2012-07-27
JNPR,JNPR.W^E14,2012-08-21,ESG-GJR-GARCH(S),0.5227873182196118,10.845499209970384,S,2012-07-27
JNPR,JNPR.W^E14,2012-08-21,GARCH,0.7412851515114789,21.805701422674453,,2012-07-27
JNPR,JNPR.W^E14,2012-08-21,GJR-GARCH,0.4817512025613769,9.209691316243363,,2012-07-27
JNPR,JNPR.W^E14,2012-08-22,EGARCH,0.6844104187146186,18.588000843060303,,2012-07-27
JNPR,JNPR.W^E14,2012-08-22,ESG-EGARCH,0.6919517906688071,18.99989208768924,all,2012-07-27
JNPR,JNPR.W^E14,2012-08-22,ESG-EGARCH(E),0.6969033100281363,19.27278664794336,E,2012-07-27
JNPR,JNPR.W^E14,2012-08-22,ESG-EGARCH(G),0.6897778805970174,18.880695419083853,G,2012-07-27
JNPR,JNPR.W^E14,2012-08-22,ESG-EGARCH(S),0.6964987726162027,19.250418264122104,S,2012-07-27
JNPR,JNPR.W^E14,2012-08-22,ESG-GARCH,0.7464918017853502,22.11309564018804,all,2012-07-27
JNPR,JNPR.W^E14,2012-08-22,ESG-GARCH(E),0.7573146730414949,22.758948968410564,E,2012-07-27
JNPR,JNPR.W^E14,2012-08-22,ESG-GARCH(G),0.7476425861133457,22.18132684802585,G,2012-07-27
JNPR,JNPR.W^E14,2012-08-22,ESG-GARCH(S),0.7568695426915162,22.732202565637493,S,2012-07-27
JNPR,JNPR.W^E14,2012-08-22,ESG-GJR-GARCH,0.5177830574373076,10.638860895600244,all,2012-07-27
JNPR,JNPR.W^E14,2012-08-22,ESG-GJR-GARCH(E),0.5228400226241658,10.847686081652313,E,2012-07-27
JNPR,JNPR.W^E14,2012-08-22,ESG-GJR-GARCH(G),0.518661596696353,10.674994122524222,G,2012-07-27
JNPR,JNPR.W^E14,2012-08-22,ESG-GJR-GARCH(S),0.5227873182196118,10.845499209970384,S,2012-07-27
JNPR,JNPR.W^E14,2012-08-22,GARCH,0.7412851515114789,21.805701422674453,,2012-07-27
JNPR,JNPR.W^E14,2012-08-22,GJR-GARCH,0.4817512025613769,9.209691316243363,,2012-07-27
JNPR,JNPR.W^E14,2012-08-23,EGARCH,0.6844104187146186,18.588000843060303,,2012-07-27
JNPR,JNPR.W^E14,2012-08-23,ESG-EGARCH,0.6919517906688071,18.99989208768924,all,2012-07-27
JNPR,JNPR.W^E14,2012-08-23,ESG-EGARCH(E),0.6969033100281363,19.27278664794336,E,2012-07-27
JNPR,JNPR.W^E14,2012-08-23,ESG-EGARCH(G),0.6897778805970174,18.880695419083853,G,2012-07-27
JNPR,JNPR.W^E14,2012-08-23,ESG-EGARCH(S),0.6964987726162027,19.250418264122104,S,2012-07-27
JNPR,JNPR.W^E14,2012-08-23,ESG-GARCH,0.7464918017853502,22.11309564018804,all,2012-07-27
JNPR,JNPR.W^E14,2012-08-23,ESG-GARCH(E),0.7573146730414949,22.758948968410564,E,2012-07-27
JNPR,JNPR.W^E14,2012-08-23,ESG-GARCH(G),0.7476425861133457,22.18132684802585,G,2012-07-27
JNPR,JNPR.W^E14,2012-08-23,ESG-GARCH(S),0.7568695426915162,22.732202565637493,S,2012-07-27
JNPR,JNPR.W^E14,2012-08-23,ESG-GJR-GARCH,0.5177830574373076,10.638860895600244,all,2012-07-27
JNPR,JNPR.W^E14,2012-08-23,ESG-GJR-GARCH(E),0.5228400226241658,10.847686081652313,E,2012-07-27
JNPR,JNPR.W^E14,2012-08-23,ESG-GJR-GARCH(G),0.518661596696353,10.674994122524222,G,2012-07-27
JNPR,JNPR.W^E14,2012-08-23,ESG-GJR-GARCH(S),0.5227873182196118,10.845499209970384,S,2012-07-27
JNPR,JNPR.W^E14,2012-08-23,GARCH,0.7412851515114789,21.805701422674453,,2012-07-27
JNPR,JNPR.W^E14,2012-08-23,GJR-GARCH,0.4817512025613769,9.209691316243363,,2012-07-27
JNPR,JNPR.W^E14,2012-08-24,EGARCH,0.6844104187146186,18.588000843060303,,2012-07-27
JNPR,JNPR.W^E14,2012-08-24,ESG-EGARCH,0.6919517906688071,18.99989208768924,all,2012-07-27
JNPR,JNPR.W^E14,2012-08-24,ESG-EGARCH(E),0.6969033100281363,19.27278664794336,E,2012-07-27
JNPR,JNPR.W^E14,2012-08-24,ESG-EGARCH(G),0.6897778805970174,18.880695419083853,G,2012-07-27
JNPR,JNPR.W^E14,2012-08-24,ESG-EGARCH(S),0.6964987726162027,19.250418264122104,S,2012-07-27
JNPR,JNPR.W^E14,2012-08-24,ESG-GARCH,0.7464918017853502,22.11309564018804,all,2012-07-27
JNPR,JNPR.W^E14,2012-08-24,ESG-GARCH(E),0.7573146730414949,22.758948968410564,E,2012-07-27
JNPR,JNPR.W^E14,2012-08-24,ESG-GARCH(G),0.7476425861133457,22.18132684802585,G,2012-07-27
JNPR,JNPR.W^E14,2012-08-24,ESG-GARCH(S),0.7568695426915162,22.732202565637493,S,2012-07-27
JNPR,JNPR.W^E14,2012-08-24,ESG-GJR-GARCH,0.5177830574373076,10.638860895600244,all,2012-07-27
JNPR,JNPR.W^E14,2012-08-24,ESG-GJR-GARCH(E),0.5228400226241658,10.847686081652313,E,2012-07-27
JNPR,JNPR.W^E14,2012-08-24,ESG-GJR-GARCH(G),0.518661596696353,10.674994122524222,G,2012-07-27
JNPR,JNPR.W^E14,2012-08-24,ESG-GJR-GARCH(S),0.5227873182196118,10.845499209970384,S,2012-07-27
JNPR,JNPR.W^E14,2012-08-24,GARCH,0.7412851515114789,21.805701422674453,,2012-07-27
JNPR,JNPR.W^E14,2012-08-24,GJR-GARCH,0.4817512025613769,9.209691316243363,,2012-07-27
JNPR,JNPR.W^E14,2012-08-27,EGARCH,0.6844104187146186,18.588000843060303,,2012-07-27
JNPR,JNPR.W^E14,2012-08-27,ESG-EGARCH,0.6919517906688071,18.99989208768924,all,2012-07-27
JNPR,JNPR.W^E14,2012-08-27,ESG-EGARCH(E),0.6969033100281363,19.27278664794336,E,2012-07-27
JNPR,JNPR.W^E14,2012-08-27,ESG-EGARCH(G),0.6897778805970174,18.880695419083853,G,2012-07-27
JNPR,JNPR.W^E14,2012-08-27,ESG-EGARCH(S),0.6964987726162027,19.250418264122104,S,2012-07-27
JNPR,JNPR.W^E14,2012-08-27,ESG-GARCH,0.7464918017853502,22.11309564018804,all,2012-07-27
JNPR,JNPR.W^E14,2012-08-27,ESG-GARCH(E),0.7573146730414949,22.758948968410564,E,2012-07-27
JNPR,JNPR.W^E14,2012-08-27,ESG-GARCH(G),0.7476425861133457,22.18132684802585,G,2012-07-27
JNPR,JNPR.W^E14,2012-08-27,ESG-GARCH(S),0.7568695426915162,22.732202565637493,S,2012-07-27
JNPR,JNPR.W^E14,2012-08-27,ESG-GJR-GARCH,0.5177830574373076,10.638860895600244,all,2012-07-27
JNPR,JNPR.W^E14,2012-08-27,ESG-GJR-GARCH(E),0.5228400226241658,10.847686081652313,E,2012-07-27
JNPR,JNPR.W^E14,2012-08-27,ESG-GJR-GARCH(G),0.518661596696353,10.674994122524222,G,2012-07-27
JNPR,JNPR.W^E14,2012-08-27,ESG-GJR-GARCH(S),0.5227873182196118,10.845499209970384,S,2012-07-27
JNPR,JNPR.W^E14,2012-08-27,GARCH,0.7412851515114789,21.805701422674453,,2012-07-27
JNPR,JNPR.W^E14,2012-08-27,GJR-GARCH,0.4817512025613769,9.209691316243363,,2012-07-27
JNPR,JNPR.W^E14,2012-08-28,EGARCH,0.3516427960943608,4.906851430359532,,2012-08-28
JNPR,JNPR.W^E14,2012-08-28,ESG-EGARCH,0.3925787744058299,6.115797385475534,all,2012-08-28
JNPR,JNPR.W^E14,2012-08-28,ESG-EGARCH(E),0.3941738965827868,6.165597648700696,E,2012-08-28
JNPR,JNPR.W^E14,2012-08-28,ESG-EGARCH(G),0.3918700788598345,6.093736456571941,G,2012-08-28
JNPR,JNPR.W^E14,2012-08-28,ESG-EGARCH(S),0.3941943185919159,6.166236540085118,S,2012-08-28
JNPR,JNPR.W^E14,2012-08-28,ESG-GARCH,0.3881987172774735,5.980089051423644,all,2012-08-28
JNPR,JNPR.W^E14,2012-08-28,ESG-GARCH(E),0.3902338198498343,6.042953736293371,E,2012-08-28
JNPR,JNPR.W^E14,2012-08-28,ESG-GARCH(G),0.3894161623182147,6.017656645819292,G,2012-08-28
JNPR,JNPR.W^E14,2012-08-28,ESG-GARCH(S),0.3903403173197196,6.046252512907118,S,2012-08-28
JNPR,JNPR.W^E14,2012-08-28,ESG-GJR-GARCH,0.4254076723864635,7.181416179574153,all,2012-08-28
JNPR,JNPR.W^E14,2012-08-28,ESG-GJR-GARCH(E),0.4287410066976566,7.294398842226984,E,2012-08-28
JNPR,JNPR.W^E14,2012-08-28,ESG-GJR-GARCH(G),0.4272484847245819,7.243701099184575,G,2012-08-28
JNPR,JNPR.W^E14,2012-08-28,ESG-GJR-GARCH(S),0.4288241827555657,7.297229353808685,S,2012-08-28
JNPR,JNPR.W^E14,2012-08-28,GARCH,0.3614797141710413,5.185221577665783,,2012-08-28
JNPR,JNPR.W^E14,2012-08-28,GJR-GARCH,0.3933850001986955,6.14094279290983,,2012-08-28
JNPR,JNPR.W^E14,2012-08-29,EGARCH,0.3516427960943608,4.906851430359532,,2012-08-28
JNPR,JNPR.W^E14,2012-08-29,ESG-EGARCH,0.3925787744058299,6.115797385475534,all,2012-08-28
JNPR,JNPR.W^E14,2012-08-29,ESG-EGARCH(E),0.3941738965827868,6.165597648700696,E,2012-08-28
JNPR,JNPR.W^E14,2012-08-29,ESG-EGARCH(G),0.3918700788598345,6.093736456571941,G,2012-08-28
JNPR,JNPR.W^E14,2012-08-29,ESG-EGARCH(S),0.3941943185919159,6.166236540085118,S,2012-08-28
JNPR,JNPR.W^E14,2012-08-29,ESG-GARCH,0.3881987172774735,5.980089051423644,all,2012-08-28
JNPR,JNPR.W^E14,2012-08-29,ESG-GARCH(E),0.3902338198498343,6.042953736293371,E,2012-08-28
JNPR,JNPR.W^E14,2012-08-29,ESG-GARCH(G),0.3894161623182147,6.017656645819292,G,2012-08-28
JNPR,JNPR.W^E14,2012-08-29,ESG-GARCH(S),0.3903403173197196,6.046252512907118,S,2012-08-28
JNPR,JNPR.W^E14,2012-08-29,ESG-GJR-GARCH,0.4254076723864635,7.181416179574153,all,2012-08-28
JNPR,JNPR.W^E14,2012-08-29,ESG-GJR-GARCH(E),0.4287410066976566,7.294398842226984,E,2012-08-28
JNPR,JNPR.W^E14,2012-08-29,ESG-GJR-GARCH(G),0.4272484847245819,7.243701099184575,G,2012-08-28
JNPR,JNPR.W^E14,2012-08-29,ESG-GJR-GARCH(S),0.4288241827555657,7.297229353808685,S,2012-08-28
JNPR,JNPR.W^E14,2012-08-29,GARCH,0.3614797141710413,5.185221577665783,,2012-08-28
JNPR,JNPR.W^E14,2012-08-29,GJR-GARCH,0.3933850001986955,6.14094279290983,,2012-08-28
JNPR,JNPR.W^E14,2012-08-30,EGARCH,0.3516427960943608,4.906851430359532,,2012-08-28
JNPR,JNPR.W^E14,2012-08-30,ESG-EGARCH,0.3925787744058299,6.115797385475534,all,2012-08-28
JNPR,JNPR.W^E14,2012-08-30,ESG-EGARCH(E),0.3941738965827868,6.165597648700696,E,2012-08-28
JNPR,JNPR.W^E14,2012-08-30,ESG-EGARCH(G),0.3918700788598345,6.093736456571941,G,2012-08-28
JNPR,JNPR.W^E14,2012-08-30,ESG-EGARCH(S),0.3941943185919159,6.166236540085118,S,2012-08-28
JNPR,JNPR.W^E14,2012-08-30,ESG-GARCH,0.3881987172774735,5.980089051423644,all,2012-08-28
JNPR,JNPR.W^E14,2012-08-30,ESG-GARCH(E),0.3902338198498343,6.042953736293371,E,2012-08-28
JNPR,JNPR.W^E14,2012-08-30,ESG-GARCH(G),0.3894161623182147,6.017656645819292,G,2012-08-28
JNPR,JNPR.W^E14,2012-08-30,ESG-GARCH(S),0.3903403173197196,6.046252512907118,S,2012-08-28
JNPR,JNPR.W^E14,2012-08-30,ESG-GJR-GARCH,0.4254076723864635,7.181416179574153,all,2012-08-28
JNPR,JNPR.W^E14,2012-08-30,ESG-GJR-GARCH(E),0.4287410066976566,7.294398842226984,E,2012-08-28
JNPR,JNPR.W^E14,2012-08-30,ESG-GJR-GARCH(G),0.4272484847245819,7.243701099184575,G,2012-08-28
JNPR,JNPR.W^E14,2012-08-30,ESG-GJR-GARCH(S),0.4288241827555657,7.297229353808685,S,2012-08-28
JNPR,JNPR.W^E14,2012-08-30,GARCH,0.3614797141710413,5.185221577665783,,2012-08-28
JNPR,JNPR.W^E14,2012-08-30,GJR-GARCH,0.3933850001986955,6.14094279290983,,2012-08-28
JNPR,JNPR.W^E14,2012-08-31,EGARCH,0.3516427960943608,4.906851430359532,,2012-08-28
JNPR,JNPR.W^E14,2012-08-31,ESG-EGARCH,0.3925787744058299,6.115797385475534,all,2012-08-28
JNPR,JNPR.W^E14,2012-08-31,ESG-EGARCH(E),0.3941738965827868,6.165597648700696,E,2012-08-28
JNPR,JNPR.W^E14,2012-08-31,ESG-EGARCH(G),0.3918700788598345,6.093736456571941,G,2012-08-28
JNPR,JNPR.W^E14,2012-08-31,ESG-EGARCH(S),0.3941943185919159,6.166236540085118,S,2012-08-28
JNPR,JNPR.W^E14,2012-08-31,ESG-GARCH,0.3881987172774735,5.980089051423644,all,2012-08-28
JNPR,JNPR.W^E14,2012-08-31,ESG-GARCH(E),0.3902338198498343,6.042953736293371,E,2012-08-28
JNPR,JNPR.W^E14,2012-08-31,ESG-GARCH(G),0.3894161623182147,6.017656645819292,G,2012-08-28
JNPR,JNPR.W^E14,2012-08-31,ESG-GARCH(S),0.3903403173197196,6.046252512907118,S,2012-08-28
JNPR,JNPR.W^E14,2012-08-31,ESG-GJR-GARCH,0.4254076723864635,7.181416179574153,all,2012-08-28
JNPR,JNPR.W^E14,2012-08-31,ESG-GJR-GARCH(E),0.4287410066976566,7.294398842226984,E,2012-08-28
JNPR,JNPR.W^E14,2012-08-31,ESG-GJR-GARCH(G),0.4272484847245819,7.243701099184575,G,2012-08-28
JNPR,JNPR.W^E14,2012-08-31,ESG-GJR-GARCH(S),0.4288241827555657,7.297229353808685,S,2012-08-28
JNPR,JNPR.W^E14,2012-08-31,GARCH,0.3614797141710413,5.185221577665783,,2012-08-28
JNPR,JNPR.W^E14,2012-08-31,GJR-GARCH,0.3933850001986955,6.14094279290983,,2012-08-28
JNPR,JNPR.W^E14,2012-09-05,EGARCH,0.3516427960943608,4.906851430359532,,2012-08-28
JNPR,JNPR.W^E14,2012-09-05,ESG-EGARCH,0.3925787744058299,6.115797385475534,all,2012-08-28
JNPR,JNPR.W^E14,2012-09-05,ESG-EGARCH(E),0.3941738965827868,6.165597648700696,E,2012-08-28
JNPR,JNPR.W^E14,2012-09-05,ESG-EGARCH(G),0.3918700788598345,6.093736456571941,G,2012-08-28
JNPR,JNPR.W^E14,2012-09-05,ESG-EGARCH(S),0.3941943185919159,6.166236540085118,S,2012-08-28
JNPR,JNPR.W^E14,2012-09-05,ESG-GARCH,0.3881987172774735,5.980089051423644,all,2012-08-28
JNPR,JNPR.W^E14,2012-09-05,ESG-GARCH(E),0.3902338198498343,6.042953736293371,E,2012-08-28
JNPR,JNPR.W^E14,2012-09-05,ESG-GARCH(G),0.3894161623182147,6.017656645819292,G,2012-08-28
JNPR,JNPR.W^E14,2012-09-05,ESG-GARCH(S),0.3903403173197196,6.046252512907118,S,2012-08-28
JNPR,JNPR.W^E14,2012-09-05,ESG-GJR-GARCH,0.4254076723864635,7.181416179574153,all,2012-08-28
JNPR,JNPR.W^E14,2012-09-05,ESG-GJR-GARCH(E),0.4287410066976566,7.294398842226984,E,2012-08-28
JNPR,JNPR.W^E14,2012-09-05,ESG-GJR-GARCH(G),0.4272484847245819,7.243701099184575,G,2012-08-28
JNPR,JNPR.W^E14,2012-09-05,ESG-GJR-GARCH(S),0.4288241827555657,7.297229353808685,S,2012-08-28
JNPR,JNPR.W^E14,2012-09-05,GARCH,0.3614797141710413,5.185221577665783,,2012-08-28
JNPR,JNPR.W^E14,2012-09-05,GJR-GARCH,0.3933850001986955,6.14094279290983,,2012-08-28
JNPR,JNPR.W^E14,2012-09-06,EGARCH,0.3516427960943608,4.906851430359532,,2012-08-28
JNPR,JNPR.W^E14,2012-09-06,ESG-EGARCH,0.3925787744058299,6.115797385475534,all,2012-08-28
JNPR,JNPR.W^E14,2012-09-06,ESG-EGARCH(E),0.3941738965827868,6.165597648700696,E,2012-08-28
JNPR,JNPR.W^E14,2012-09-06,ESG-EGARCH(G),0.3918700788598345,6.093736456571941,G,2012-08-28
JNPR,JNPR.W^E14,2012-09-06,ESG-EGARCH(S),0.3941943185919159,6.166236540085118,S,2012-08-28
JNPR,JNPR.W^E14,2012-09-06,ESG-GARCH,0.3881987172774735,5.980089051423644,all,2012-08-28
JNPR,JNPR.W^E14,2012-09-06,ESG-GARCH(E),0.3902338198498343,6.042953736293371,E,2012-08-28
JNPR,JNPR.W^E14,2012-09-06,ESG-GARCH(G),0.3894161623182147,6.017656645819292,G,2012-08-28
JNPR,JNPR.W^E14,2012-09-06,ESG-GARCH(S),0.3903403173197196,6.046252512907118,S,2012-08-28
JNPR,JNPR.W^E14,2012-09-06,ESG-GJR-GARCH,0.4254076723864635,7.181416179574153,all,2012-08-28
JNPR,JNPR.W^E14,2012-09-06,ESG-GJR-GARCH(E),0.4287410066976566,7.294398842226984,E,2012-08-28
JNPR,JNPR.W^E14,2012-09-06,ESG-GJR-GARCH(G),0.4272484847245819,7.243701099184575,G,2012-08-28
JNPR,JNPR.W^E14,2012-09-06,ESG-GJR-GARCH(S),0.4288241827555657,7.297229353808685,S,2012-08-28
JNPR,JNPR.W^E14,2012-09-06,GARCH,0.3614797141710413,5.185221577665783,,2012-08-28
JNPR,JNPR.W^E14,2012-09-06,GJR-GARCH,0.3933850001986955,6.14094279290983,,2012-08-28
JNPR,JNPR.W^E14,2012-09-07,EGARCH,0.3516427960943608,4.906851430359532,,2012-08-28
JNPR,JNPR.W^E14,2012-09-07,ESG-EGARCH,0.3925787744058299,6.115797385475534,all,2012-08-28
JNPR,JNPR.W^E14,2012-09-07,ESG-EGARCH(E),0.3941738965827868,6.165597648700696,E,2012-08-28
JNPR,JNPR.W^E14,2012-09-07,ESG-EGARCH(G),0.3918700788598345,6.093736456571941,G,2012-08-28
JNPR,JNPR.W^E14,2012-09-07,ESG-EGARCH(S),0.3941943185919159,6.166236540085118,S,2012-08-28
JNPR,JNPR.W^E14,2012-09-07,ESG-GARCH,0.3881987172774735,5.980089051423644,all,2012-08-28
JNPR,JNPR.W^E14,2012-09-07,ESG-GARCH(E),0.3902338198498343,6.042953736293371,E,2012-08-28
JNPR,JNPR.W^E14,2012-09-07,ESG-GARCH(G),0.3894161623182147,6.017656645819292,G,2012-08-28
JNPR,JNPR.W^E14,2012-09-07,ESG-GARCH(S),0.3903403173197196,6.046252512907118,S,2012-08-28
JNPR,JNPR.W^E14,2012-09-07,ESG-GJR-GARCH,0.4254076723864635,7.181416179574153,all,2012-08-28
JNPR,JNPR.W^E14,2012-09-07,ESG-GJR-GARCH(E),0.4287410066976566,7.294398842226984,E,2012-08-28
JNPR,JNPR.W^E14,2012-09-07,ESG-GJR-GARCH(G),0.4272484847245819,7.243701099184575,G,2012-08-28
JNPR,JNPR.W^E14,2012-09-07,ESG-GJR-GARCH(S),0.4288241827555657,7.297229353808685,S,2012-08-28
JNPR,JNPR.W^E14,2012-09-07,GARCH,0.3614797141710413,5.185221577665783,,2012-08-28
JNPR,JNPR.W^E14,2012-09-07,GJR-GARCH,0.3933850001986955,6.14094279290983,,2012-08-28
JNPR,JNPR.W^E14,2012-09-10,EGARCH,0.3516427960943608,4.906851430359532,,2012-08-28
JNPR,JNPR.W^E14,2012-09-10,ESG-EGARCH,0.3925787744058299,6.115797385475534,all,2012-08-28
JNPR,JNPR.W^E14,2012-09-10,ESG-EGARCH(E),0.3941738965827868,6.165597648700696,E,2012-08-28
JNPR,JNPR.W^E14,2012-09-10,ESG-EGARCH(G),0.3918700788598345,6.093736456571941,G,2012-08-28
JNPR,JNPR.W^E14,2012-09-10,ESG-EGARCH(S),0.3941943185919159,6.166236540085118,S,2012-08-28
JNPR,JNPR.W^E14,2012-09-10,ESG-GARCH,0.3881987172774735,5.980089051423644,all,2012-08-28
JNPR,JNPR.W^E14,2012-09-10,ESG-GARCH(E),0.3902338198498343,6.042953736293371,E,2012-08-28
JNPR,JNPR.W^E14,2012-09-10,ESG-GARCH(G),0.3894161623182147,6.017656645819292,G,2012-08-28
JNPR,JNPR.W^E14,2012-09-10,ESG-GARCH(S),0.3903403173197196,6.046252512907118,S,2012-08-28
JNPR,JNPR.W^E14,2012-09-10,ESG-GJR-GARCH,0.4254076723864635,7.181416179574153,all,2012-08-28
JNPR,JNPR.W^E14,2012-09-10,ESG-GJR-GARCH(E),0.4287410066976566,7.294398842226984,E,2012-08-28
JNPR,JNPR.W^E14,2012-09-10,ESG-GJR-GARCH(G),0.4272484847245819,7.243701099184575,G,2012-08-28
JNPR,JNPR.W^E14,2012-09-10,ESG-GJR-GARCH(S),0.4288241827555657,7.297229353808685,S,2012-08-28
JNPR,JNPR.W^E14,2012-09-10,GARCH,0.3614797141710413,5.185221577665783,,2012-08-28
JNPR,JNPR.W^E14,2012-09-10,GJR-GARCH,0.3933850001986955,6.14094279290983,,2012-08-28
JNPR,JNPR.W^E14,2012-09-11,EGARCH,0.3516427960943608,4.906851430359532,,2012-08-28
JNPR,JNPR.W^E14,2012-09-11,ESG-EGARCH,0.3925787744058299,6.115797385475534,all,2012-08-28
JNPR,JNPR.W^E14,2012-09-11,ESG-EGARCH(E),0.3941738965827868,6.165597648700696,E,2012-08-28
JNPR,JNPR.W^E14,2012-09-11,ESG-EGARCH(G),0.3918700788598345,6.093736456571941,G,2012-08-28
JNPR,JNPR.W^E14,2012-09-11,ESG-EGARCH(S),0.3941943185919159,6.166236540085118,S,2012-08-28
JNPR,JNPR.W^E14,2012-09-11,ESG-GARCH,0.3881987172774735,5.980089051423644,all,2012-08-28
JNPR,JNPR.W^E14,2012-09-11,ESG-GARCH(E),0.3902338198498343,6.042953736293371,E,2012-08-28
JNPR,JNPR.W^E14,2012-09-11,ESG-GARCH(G),0.3894161623182147,6.017656645819292,G,2012-08-28
JNPR,JNPR.W^E14,2012-09-11,ESG-GARCH(S),0.3903403173197196,6.046252512907118,S,2012-08-28
JNPR,JNPR.W^E14,2012-09-11,ESG-GJR-GARCH,0.4254076723864635,7.181416179574153,all,2012-08-28
JNPR,JNPR.W^E14,2012-09-11,ESG-GJR-GARCH(E),0.4287410066976566,7.294398842226984,E,2012-08-28
JNPR,JNPR.W^E14,2012-09-11,ESG-GJR-GARCH(G),0.4272484847245819,7.243701099184575,G,2012-08-28
JNPR,JNPR.W^E14,2012-09-11,ESG-GJR-GARCH(S),0.4288241827555657,7.297229353808685,S,2012-08-28
JNPR,JNPR.W^E14,2012-09-11,GARCH,0.3614797141710413,5.185221577665783,,2012-08-28
JNPR,JNPR.W^E14,2012-09-11,GJR-GARCH,0.3933850001986955,6.14094279290983,,2012-08-28
JNPR,JNPR.W^E14,2012-09-12,EGARCH,0.3516427960943608,4.906851430359532,,2012-08-28
JNPR,JNPR.W^E14,2012-09-12,ESG-EGARCH,0.3925787744058299,6.115797385475534,all,2012-08-28
JNPR,JNPR.W^E14,2012-09-12,ESG-EGARCH(E),0.3941738965827868,6.165597648700696,E,2012-08-28
JNPR,JNPR.W^E14,2012-09-12,ESG-EGARCH(G),0.3918700788598345,6.093736456571941,G,2012-08-28
JNPR,JNPR.W^E14,2012-09-12,ESG-EGARCH(S),0.3941943185919159,6.166236540085118,S,2012-08-28
JNPR,JNPR.W^E14,2012-09-12,ESG-GARCH,0.3881987172774735,5.980089051423644,all,2012-08-28
JNPR,JNPR.W^E14,2012-09-12,ESG-GARCH(E),0.3902338198498343,6.042953736293371,E,2012-08-28
JNPR,JNPR.W^E14,2012-09-12,ESG-GARCH(G),0.3894161623182147,6.017656645819292,G,2012-08-28
JNPR,JNPR.W^E14,2012-09-12,ESG-GARCH(S),0.3903403173197196,6.046252512907118,S,2012-08-28
JNPR,JNPR.W^E14,2012-09-12,ESG-GJR-GARCH,0.4254076723864635,7.181416179574153,all,2012-08-28
JNPR,JNPR.W^E14,2012-09-12,ESG-GJR-GARCH(E),0.4287410066976566,7.294398842226984,E,2012-08-28
JNPR,JNPR.W^E14,2012-09-12,ESG-GJR-GARCH(G),0.4272484847245819,7.243701099184575,G,2012-08-28
JNPR,JNPR.W^E14,2012-09-12,ESG-GJR-GARCH(S),0.4288241827555657,7.297229353808685,S,2012-08-28
JNPR,JNPR.W^E14,2012-09-12,GARCH,0.3614797141710413,5.185221577665783,,2012-08-28
JNPR,JNPR.W^E14,2012-09-12,GJR-GARCH,0.3933850001986955,6.14094279290983,,2012-08-28
JNPR,JNPR.W^E14,2012-09-13,EGARCH,0.3516427960943608,4.906851430359532,,2012-08-28
JNPR,JNPR.W^E14,2012-09-13,ESG-EGARCH,0.3925787744058299,6.115797385475534,all,2012-08-28
JNPR,JNPR.W^E14,2012-09-13,ESG-EGARCH(E),0.3941738965827868,6.165597648700696,E,2012-08-28
JNPR,JNPR.W^E14,2012-09-13,ESG-EGARCH(G),0.3918700788598345,6.093736456571941,G,2012-08-28
JNPR,JNPR.W^E14,2012-09-13,ESG-EGARCH(S),0.3941943185919159,6.166236540085118,S,2012-08-28
JNPR,JNPR.W^E14,2012-09-13,ESG-GARCH,0.3881987172774735,5.980089051423644,all,2012-08-28
JNPR,JNPR.W^E14,2012-09-13,ESG-GARCH(E),0.3902338198498343,6.042953736293371,E,2012-08-28
JNPR,JNPR.W^E14,2012-09-13,ESG-GARCH(G),0.3894161623182147,6.017656645819292,G,2012-08-28
JNPR,JNPR.W^E14,2012-09-13,ESG-GARCH(S),0.3903403173197196,6.046252512907118,S,2012-08-28
JNPR,JNPR.W^E14,2012-09-13,ESG-GJR-GARCH,0.4254076723864635,7.181416179574153,all,2012-08-28
JNPR,JNPR.W^E14,2012-09-13,ESG-GJR-GARCH(E),0.4287410066976566,7.294398842226984,E,2012-08-28
JNPR,JNPR.W^E14,2012-09-13,ESG-GJR-GARCH(G),0.4272484847245819,7.243701099184575,G,2012-08-28
JNPR,JNPR.W^E14,2012-09-13,ESG-GJR-GARCH(S),0.4288241827555657,7.297229353808685,S,2012-08-28
JNPR,JNPR.W^E14,2012-09-13,GARCH,0.3614797141710413,5.185221577665783,,2012-08-28
JNPR,JNPR.W^E14,2012-09-13,GJR-GARCH,0.3933850001986955,6.14094279290983,,2012-08-28
JNPR,JNPR.W^E14,2012-09-14,EGARCH,0.3516427960943608,4.906851430359532,,2012-08-28
JNPR,JNPR.W^E14,2012-09-14,ESG-EGARCH,0.3925787744058299,6.115797385475534,all,2012-08-28
JNPR,JNPR.W^E14,2012-09-14,ESG-EGARCH(E),0.3941738965827868,6.165597648700696,E,2012-08-28
JNPR,JNPR.W^E14,2012-09-14,ESG-EGARCH(G),0.3918700788598345,6.093736456571941,G,2012-08-28
JNPR,JNPR.W^E14,2012-09-14,ESG-EGARCH(S),0.3941943185919159,6.166236540085118,S,2012-08-28
JNPR,JNPR.W^E14,2012-09-14,ESG-GARCH,0.3881987172774735,5.980089051423644,all,2012-08-28
JNPR,JNPR.W^E14,2012-09-14,ESG-GARCH(E),0.3902338198498343,6.042953736293371,E,2012-08-28
JNPR,JNPR.W^E14,2012-09-14,ESG-GARCH(G),0.3894161623182147,6.017656645819292,G,2012-08-28
JNPR,JNPR.W^E14,2012-09-14,ESG-GARCH(S),0.3903403173197196,6.046252512907118,S,2012-08-28
JNPR,JNPR.W^E14,2012-09-14,ESG-GJR-GARCH,0.4254076723864635,7.181416179574153,all,2012-08-28
JNPR,JNPR.W^E14,2012-09-14,ESG-GJR-GARCH(E),0.4287410066976566,7.294398842226984,E,2012-08-28
JNPR,JNPR.W^E14,2012-09-14,ESG-GJR-GARCH(G),0.4272484847245819,7.243701099184575,G,2012-08-28
JNPR,JNPR.W^E14,2012-09-14,ESG-GJR-GARCH(S),0.4288241827555657,7.297229353808685,S,2012-08-28
JNPR,JNPR.W^E14,2012-09-14,GARCH,0.3614797141710413,5.185221577665783,,2012-08-28
JNPR,JNPR.W^E14,2012-09-14,GJR-GARCH,0.3933850001986955,6.14094279290983,,2012-08-28
JNPR,JNPR.W^E14,2012-09-17,EGARCH,0.3516427960943608,4.906851430359532,,2012-08-28
JNPR,JNPR.W^E14,2012-09-17,ESG-EGARCH,0.3925787744058299,6.115797385475534,all,2012-08-28
JNPR,JNPR.W^E14,2012-09-17,ESG-EGARCH(E),0.3941738965827868,6.165597648700696,E,2012-08-28
JNPR,JNPR.W^E14,2012-09-17,ESG-EGARCH(G),0.3918700788598345,6.093736456571941,G,2012-08-28
JNPR,JNPR.W^E14,2012-09-17,ESG-EGARCH(S),0.3941943185919159,6.166236540085118,S,2012-08-28
JNPR,JNPR.W^E14,2012-09-17,ESG-GARCH,0.3881987172774735,5.980089051423644,all,2012-08-28
JNPR,JNPR.W^E14,2012-09-17,ESG-GARCH(E),0.3902338198498343,6.042953736293371,E,2012-08-28
JNPR,JNPR.W^E14,2012-09-17,ESG-GARCH(G),0.3894161623182147,6.017656645819292,G,2012-08-28
JNPR,JNPR.W^E14,2012-09-17,ESG-GARCH(S),0.3903403173197196,6.046252512907118,S,2012-08-28
JNPR,JNPR.W^E14,2012-09-17,ESG-GJR-GARCH,0.4254076723864635,7.181416179574153,all,2012-08-28
JNPR,JNPR.W^E14,2012-09-17,ESG-GJR-GARCH(E),0.4287410066976566,7.294398842226984,E,2012-08-28
JNPR,JNPR.W^E14,2012-09-17,ESG-GJR-GARCH(G),0.4272484847245819,7.243701099184575,G,2012-08-28
JNPR,JNPR.W^E14,2012-09-17,ESG-GJR-GARCH(S),0.4288241827555657,7.297229353808685,S,2012-08-28
JNPR,JNPR.W^E14,2012-09-17,GARCH,0.3614797141710413,5.185221577665783,,2012-08-28
JNPR,JNPR.W^E14,2012-09-17,GJR-GARCH,0.3933850001986955,6.14094279290983,,2012-08-28
JNPR,JNPR.W^E14,2012-09-18,EGARCH,0.3516427960943608,4.906851430359532,,2012-08-28
JNPR,JNPR.W^E14,2012-09-18,ESG-EGARCH,0.3925787744058299,6.115797385475534,all,2012-08-28
JNPR,JNPR.W^E14,2012-09-18,ESG-EGARCH(E),0.3941738965827868,6.165597648700696,E,2012-08-28
JNPR,JNPR.W^E14,2012-09-18,ESG-EGARCH(G),0.3918700788598345,6.093736456571941,G,2012-08-28
JNPR,JNPR.W^E14,2012-09-18,ESG-EGARCH(S),0.3941943185919159,6.166236540085118,S,2012-08-28
JNPR,JNPR.W^E14,2012-09-18,ESG-GARCH,0.3881987172774735,5.980089051423644,all,2012-08-28
JNPR,JNPR.W^E14,2012-09-18,ESG-GARCH(E),0.3902338198498343,6.042953736293371,E,2012-08-28
JNPR,JNPR.W^E14,2012-09-18,ESG-GARCH(G),0.3894161623182147,6.017656645819292,G,2012-08-28
JNPR,JNPR.W^E14,2012-09-18,ESG-GARCH(S),0.3903403173197196,6.046252512907118,S,2012-08-28
JNPR,JNPR.W^E14,2012-09-18,ESG-GJR-GARCH,0.4254076723864635,7.181416179574153,all,2012-08-28
JNPR,JNPR.W^E14,2012-09-18,ESG-GJR-GARCH(E),0.4287410066976566,7.294398842226984,E,2012-08-28
JNPR,JNPR.W^E14,2012-09-18,ESG-GJR-GARCH(G),0.4272484847245819,7.243701099184575,G,2012-08-28
JNPR,JNPR.W^E14,2012-09-18,ESG-GJR-GARCH(S),0.4288241827555657,7.297229353808685,S,2012-08-28
JNPR,JNPR.W^E14,2012-09-18,GARCH,0.3614797141710413,5.185221577665783,,2012-08-28
JNPR,JNPR.W^E14,2012-09-18,GJR-GARCH,0.3933850001986955,6.14094279290983,,2012-08-28
JNPR,JNPR.W^E14,2012-09-19,EGARCH,0.3516427960943608,4.906851430359532,,2012-08-28
JNPR,JNPR.W^E14,2012-09-19,ESG-EGARCH,0.3925787744058299,6.115797385475534,all,2012-08-28
JNPR,JNPR.W^E14,2012-09-19,ESG-EGARCH(E),0.3941738965827868,6.165597648700696,E,2012-08-28
JNPR,JNPR.W^E14,2012-09-19,ESG-EGARCH(G),0.3918700788598345,6.093736456571941,G,2012-08-28
JNPR,JNPR.W^E14,2012-09-19,ESG-EGARCH(S),0.3941943185919159,6.166236540085118,S,2012-08-28
JNPR,JNPR.W^E14,2012-09-19,ESG-GARCH,0.3881987172774735,5.980089051423644,all,2012-08-28
JNPR,JNPR.W^E14,2012-09-19,ESG-GARCH(E),0.3902338198498343,6.042953736293371,E,2012-08-28
JNPR,JNPR.W^E14,2012-09-19,ESG-GARCH(G),0.3894161623182147,6.017656645819292,G,2012-08-28
JNPR,JNPR.W^E14,2012-09-19,ESG-GARCH(S),0.3903403173197196,6.046252512907118,S,2012-08-28
JNPR,JNPR.W^E14,2012-09-19,ESG-GJR-GARCH,0.4254076723864635,7.181416179574153,all,2012-08-28
JNPR,JNPR.W^E14,2012-09-19,ESG-GJR-GARCH(E),0.4287410066976566,7.294398842226984,E,2012-08-28
JNPR,JNPR.W^E14,2012-09-19,ESG-GJR-GARCH(G),0.4272484847245819,7.243701099184575,G,2012-08-28
JNPR,JNPR.W^E14,2012-09-19,ESG-GJR-GARCH(S),0.4288241827555657,7.297229353808685,S,2012-08-28
JNPR,JNPR.W^E14,2012-09-19,GARCH,0.3614797141710413,5.185221577665783,,2012-08-28
JNPR,JNPR.W^E14,2012-09-19,GJR-GARCH,0.3933850001986955,6.14094279290983,,2012-08-28
JNPR,JNPR.W^E14,2012-09-20,EGARCH,0.3516427960943608,4.906851430359532,,2012-08-28
JNPR,JNPR.W^E14,2012-09-20,ESG-EGARCH,0.3925787744058299,6.115797385475534,all,2012-08-28
JNPR,JNPR.W^E14,2012-09-20,ESG-EGARCH(E),0.3941738965827868,6.165597648700696,E,2012-08-28
JNPR,JNPR.W^E14,2012-09-20,ESG-EGARCH(G),0.3918700788598345,6.093736456571941,G,2012-08-28
JNPR,JNPR.W^E14,2012-09-20,ESG-EGARCH(S),0.3941943185919159,6.166236540085118,S,2012-08-28
JNPR,JNPR.W^E14,2012-09-20,ESG-GARCH,0.3881987172774735,5.980089051423644,all,2012-08-28
JNPR,JNPR.W^E14,2012-09-20,ESG-GARCH(E),0.3902338198498343,6.042953736293371,E,2012-08-28
JNPR,JNPR.W^E14,2012-09-20,ESG-GARCH(G),0.3894161623182147,6.017656645819292,G,2012-08-28
JNPR,JNPR.W^E14,2012-09-20,ESG-GARCH(S),0.3903403173197196,6.046252512907118,S,2012-08-28
JNPR,JNPR.W^E14,2012-09-20,ESG-GJR-GARCH,0.4254076723864635,7.181416179574153,all,2012-08-28
JNPR,JNPR.W^E14,2012-09-20,ESG-GJR-GARCH(E),0.4287410066976566,7.294398842226984,E,2012-08-28
JNPR,JNPR.W^E14,2012-09-20,ESG-GJR-GARCH(G),0.4272484847245819,7.243701099184575,G,2012-08-28
JNPR,JNPR.W^E14,2012-09-20,ESG-GJR-GARCH(S),0.4288241827555657,7.297229353808685,S,2012-08-28
JNPR,JNPR.W^E14,2012-09-20,GARCH,0.3614797141710413,5.185221577665783,,2012-08-28
JNPR,JNPR.W^E14,2012-09-20,GJR-GARCH,0.3933850001986955,6.14094279290983,,2012-08-28
JNPR,JNPR.W^E14,2012-09-21,EGARCH,0.3516427960943608,4.906851430359532,,2012-08-28
JNPR,JNPR.W^E14,2012-09-21,ESG-EGARCH,0.3925787744058299,6.115797385475534,all,2012-08-28
JNPR,JNPR.W^E14,2012-09-21,ESG-EGARCH(E),0.3941738965827868,6.165597648700696,E,2012-08-28
JNPR,JNPR.W^E14,2012-09-21,ESG-EGARCH(G),0.3918700788598345,6.093736456571941,G,2012-08-28
JNPR,JNPR.W^E14,2012-09-21,ESG-EGARCH(S),0.3941943185919159,6.166236540085118,S,2012-08-28
JNPR,JNPR.W^E14,2012-09-21,ESG-GARCH,0.3881987172774735,5.980089051423644,all,2012-08-28
JNPR,JNPR.W^E14,2012-09-21,ESG-GARCH(E),0.3902338198498343,6.042953736293371,E,2012-08-28
JNPR,JNPR.W^E14,2012-09-21,ESG-GARCH(G),0.3894161623182147,6.017656645819292,G,2012-08-28
JNPR,JNPR.W^E14,2012-09-21,ESG-GARCH(S),0.3903403173197196,6.046252512907118,S,2012-08-28
JNPR,JNPR.W^E14,2012-09-21,ESG-GJR-GARCH,0.4254076723864635,7.181416179574153,all,2012-08-28
JNPR,JNPR.W^E14,2012-09-21,ESG-GJR-GARCH(E),0.4287410066976566,7.294398842226984,E,2012-08-28
JNPR,JNPR.W^E14,2012-09-21,ESG-GJR-GARCH(G),0.4272484847245819,7.243701099184575,G,2012-08-28
JNPR,JNPR.W^E14,2012-09-21,ESG-GJR-GARCH(S),0.4288241827555657,7.297229353808685,S,2012-08-28
JNPR,JNPR.W^E14,2012-09-21,GARCH,0.3614797141710413,5.185221577665783,,2012-08-28
JNPR,JNPR.W^E14,2012-09-21,GJR-GARCH,0.3933850001986955,6.14094279290983,,2012-08-28
JNPR,JNPR.W^E14,2012-09-24,EGARCH,0.3516427960943608,4.906851430359532,,2012-08-28
JNPR,JNPR.W^E14,2012-09-24,ESG-EGARCH,0.3925787744058299,6.115797385475534,all,2012-08-28
JNPR,JNPR.W^E14,2012-09-24,ESG-EGARCH(E),0.3941738965827868,6.165597648700696,E,2012-08-28
JNPR,JNPR.W^E14,2012-09-24,ESG-EGARCH(G),0.3918700788598345,6.093736456571941,G,2012-08-28
JNPR,JNPR.W^E14,2012-09-24,ESG-EGARCH(S),0.3941943185919159,6.166236540085118,S,2012-08-28
JNPR,JNPR.W^E14,2012-09-24,ESG-GARCH,0.3881987172774735,5.980089051423644,all,2012-08-28
JNPR,JNPR.W^E14,2012-09-24,ESG-GARCH(E),0.3902338198498343,6.042953736293371,E,2012-08-28
JNPR,JNPR.W^E14,2012-09-24,ESG-GARCH(G),0.3894161623182147,6.017656645819292,G,2012-08-28
JNPR,JNPR.W^E14,2012-09-24,ESG-GARCH(S),0.3903403173197196,6.046252512907118,S,2012-08-28
JNPR,JNPR.W^E14,2012-09-24,ESG-GJR-GARCH,0.4254076723864635,7.181416179574153,all,2012-08-28
JNPR,JNPR.W^E14,2012-09-24,ESG-GJR-GARCH(E),0.4287410066976566,7.294398842226984,E,2012-08-28
JNPR,JNPR.W^E14,2012-09-24,ESG-GJR-GARCH(G),0.4272484847245819,7.243701099184575,G,2012-08-28
JNPR,JNPR.W^E14,2012-09-24,ESG-GJR-GARCH(S),0.4288241827555657,7.297229353808685,S,2012-08-28
JNPR,JNPR.W^E14,2012-09-24,GARCH,0.3614797141710413,5.185221577665783,,2012-08-28
JNPR,JNPR.W^E14,2012-09-24,GJR-GARCH,0.3933850001986955,6.14094279290983,,2012-08-28
JNPR,JNPR.W^E14,2012-09-25,EGARCH,0.3516427960943608,4.906851430359532,,2012-08-28
JNPR,JNPR.W^E14,2012-09-25,ESG-EGARCH,0.3925787744058299,6.115797385475534,all,2012-08-28
JNPR,JNPR.W^E14,2012-09-25,ESG-EGARCH(E),0.3941738965827868,6.165597648700696,E,2012-08-28
JNPR,JNPR.W^E14,2012-09-25,ESG-EGARCH(G),0.3918700788598345,6.093736456571941,G,2012-08-28
JNPR,JNPR.W^E14,2012-09-25,ESG-EGARCH(S),0.3941943185919159,6.166236540085118,S,2012-08-28
JNPR,JNPR.W^E14,2012-09-25,ESG-GARCH,0.3881987172774735,5.980089051423644,all,2012-08-28
JNPR,JNPR.W^E14,2012-09-25,ESG-GARCH(E),0.3902338198498343,6.042953736293371,E,2012-08-28
JNPR,JNPR.W^E14,2012-09-25,ESG-GARCH(G),0.3894161623182147,6.017656645819292,G,2012-08-28
JNPR,JNPR.W^E14,2012-09-25,ESG-GARCH(S),0.3903403173197196,6.046252512907118,S,2012-08-28
JNPR,JNPR.W^E14,2012-09-25,ESG-GJR-GARCH,0.4254076723864635,7.181416179574153,all,2012-08-28
JNPR,JNPR.W^E14,2012-09-25,ESG-GJR-GARCH(E),0.4287410066976566,7.294398842226984,E,2012-08-28
JNPR,JNPR.W^E14,2012-09-25,ESG-GJR-GARCH(G),0.4272484847245819,7.243701099184575,G,2012-08-28
JNPR,JNPR.W^E14,2012-09-25,ESG-GJR-GARCH(S),0.4288241827555657,7.297229353808685,S,2012-08-28
JNPR,JNPR.W^E14,2012-09-25,GARCH,0.3614797141710413,5.185221577665783,,2012-08-28
JNPR,JNPR.W^E14,2012-09-25,GJR-GARCH,0.3933850001986955,6.14094279290983,,2012-08-28
JNPR,JNPR.W^E14,2012-09-26,EGARCH,0.3516427960943608,4.906851430359532,,2012-08-28
JNPR,JNPR.W^E14,2012-09-26,ESG-EGARCH,0.3925787744058299,6.115797385475534,all,2012-08-28
JNPR,JNPR.W^E14,2012-09-26,ESG-EGARCH(E),0.3941738965827868,6.165597648700696,E,2012-08-28
JNPR,JNPR.W^E14,2012-09-26,ESG-EGARCH(G),0.3918700788598345,6.093736456571941,G,2012-08-28
JNPR,JNPR.W^E14,2012-09-26,ESG-EGARCH(S),0.3941943185919159,6.166236540085118,S,2012-08-28
JNPR,JNPR.W^E14,2012-09-26,ESG-GARCH,0.3881987172774735,5.980089051423644,all,2012-08-28
JNPR,JNPR.W^E14,2012-09-26,ESG-GARCH(E),0.3902338198498343,6.042953736293371,E,2012-08-28
JNPR,JNPR.W^E14,2012-09-26,ESG-GARCH(G),0.3894161623182147,6.017656645819292,G,2012-08-28
JNPR,JNPR.W^E14,2012-09-26,ESG-GARCH(S),0.3903403173197196,6.046252512907118,S,2012-08-28
JNPR,JNPR.W^E14,2012-09-26,ESG-GJR-GARCH,0.4254076723864635,7.181416179574153,all,2012-08-28
JNPR,JNPR.W^E14,2012-09-26,ESG-GJR-GARCH(E),0.4287410066976566,7.294398842226984,E,2012-08-28
JNPR,JNPR.W^E14,2012-09-26,ESG-GJR-GARCH(G),0.4272484847245819,7.243701099184575,G,2012-08-28
JNPR,JNPR.W^E14,2012-09-26,ESG-GJR-GARCH(S),0.4288241827555657,7.297229353808685,S,2012-08-28
JNPR,JNPR.W^E14,2012-09-26,GARCH,0.3614797141710413,5.185221577665783,,2012-08-28
JNPR,JNPR.W^E14,2012-09-26,GJR-GARCH,0.3933850001986955,6.14094279290983,,2012-08-28
JNPR,JNPR.W^E14,2012-09-27,EGARCH,0.3516427960943608,4.906851430359532,,2012-08-28
JNPR,JNPR.W^E14,2012-09-27,ESG-EGARCH,0.3925787744058299,6.115797385475534,all,2012-08-28
JNPR,JNPR.W^E14,2012-09-27,ESG-EGARCH(E),0.3941738965827868,6.165597648700696,E,2012-08-28
JNPR,JNPR.W^E14,2012-09-27,ESG-EGARCH(G),0.3918700788598345,6.093736456571941,G,2012-08-28
JNPR,JNPR.W^E14,2012-09-27,ESG-EGARCH(S),0.3941943185919159,6.166236540085118,S,2012-08-28
JNPR,JNPR.W^E14,2012-09-27,ESG-GARCH,0.3881987172774735,5.980089051423644,all,2012-08-28
JNPR,JNPR.W^E14,2012-09-27,ESG-GARCH(E),0.3902338198498343,6.042953736293371,E,2012-08-28
JNPR,JNPR.W^E14,2012-09-27,ESG-GARCH(G),0.3894161623182147,6.017656645819292,G,2012-08-28
JNPR,JNPR.W^E14,2012-09-27,ESG-GARCH(S),0.3903403173197196,6.046252512907118,S,2012-08-28
JNPR,JNPR.W^E14,2012-09-27,ESG-GJR-GARCH,0.4254076723864635,7.181416179574153,all,2012-08-28
JNPR,JNPR.W^E14,2012-09-27,ESG-GJR-GARCH(E),0.4287410066976566,7.294398842226984,E,2012-08-28
JNPR,JNPR.W^E14,2012-09-27,ESG-GJR-GARCH(G),0.4272484847245819,7.243701099184575,G,2012-08-28
JNPR,JNPR.W^E14,2012-09-27,ESG-GJR-GARCH(S),0.4288241827555657,7.297229353808685,S,2012-08-28
JNPR,JNPR.W^E14,2012-09-27,GARCH,0.3614797141710413,5.185221577665783,,2012-08-28
JNPR,JNPR.W^E14,2012-09-27,GJR-GARCH,0.3933850001986955,6.14094279290983,,2012-08-28
JNPR,JNPR.W^E14,2012-09-28,EGARCH,0.3516427960943608,4.906851430359532,,2012-08-28
JNPR,JNPR.W^E14,2012-09-28,ESG-EGARCH,0.3925787744058299,6.115797385475534,all,2012-08-28
JNPR,JNPR.W^E14,2012-09-28,ESG-EGARCH(E),0.3941738965827868,6.165597648700696,E,2012-08-28
JNPR,JNPR.W^E14,2012-09-28,ESG-EGARCH(G),0.3918700788598345,6.093736456571941,G,2012-08-28
JNPR,JNPR.W^E14,2012-09-28,ESG-EGARCH(S),0.3941943185919159,6.166236540085118,S,2012-08-28
JNPR,JNPR.W^E14,2012-09-28,ESG-GARCH,0.3881987172774735,5.980089051423644,all,2012-08-28
JNPR,JNPR.W^E14,2012-09-28,ESG-GARCH(E),0.3902338198498343,6.042953736293371,E,2012-08-28
JNPR,JNPR.W^E14,2012-09-28,ESG-GARCH(G),0.3894161623182147,6.017656645819292,G,2012-08-28
JNPR,JNPR.W^E14,2012-09-28,ESG-GARCH(S),0.3903403173197196,6.046252512907118,S,2012-08-28
JNPR,JNPR.W^E14,2012-09-28,ESG-GJR-GARCH,0.4254076723864635,7.181416179574153,all,2012-08-28
JNPR,JNPR.W^E14,2012-09-28,ESG-GJR-GARCH(E),0.4287410066976566,7.294398842226984,E,2012-08-28
JNPR,JNPR.W^E14,2012-09-28,ESG-GJR-GARCH(G),0.4272484847245819,7.243701099184575,G,2012-08-28
JNPR,JNPR.W^E14,2012-09-28,ESG-GJR-GARCH(S),0.4288241827555657,7.297229353808685,S,2012-08-28
JNPR,JNPR.W^E14,2012-09-28,GARCH,0.3614797141710413,5.185221577665783,,2012-08-28
JNPR,JNPR.W^E14,2012-09-28,GJR-GARCH,0.3933850001986955,6.14094279290983,,2012-08-28
JNPR,JNPR.W^E14,2012-10-01,EGARCH,0.4452687247582957,7.867628462217418,,2012-10-01
JNPR,JNPR.W^E14,2012-10-01,ESG-EGARCH,0.4161887332595813,6.873534194135511,all,2012-10-01
JNPR,JNPR.W^E14,2012-10-01,ESG-EGARCH(E),0.4178484336417807,6.928464821305145,E,2012-10-01
JNPR,JNPR.W^E14,2012-10-01,ESG-EGARCH(G),0.4158293011946766,6.86166697349417,G,2012-10-01
JNPR,JNPR.W^E14,2012-10-01,ESG-EGARCH(S),0.4178652925055477,6.929023915902659,S,2012-10-01
JNPR,JNPR.W^E14,2012-10-01,ESG-GARCH,0.3933675808030099,6.140398953444941,all,2012-10-01
JNPR,JNPR.W^E14,2012-10-01,ESG-GARCH(E),0.3952429515201163,6.199086933584644,E,2012-10-01
JNPR,JNPR.W^E14,2012-10-01,ESG-GARCH(G),0.3948268353222895,6.186040868675172,G,2012-10-01
JNPR,JNPR.W^E14,2012-10-01,ESG-GARCH(S),0.3953510029185569,6.202476805901144,S,2012-10-01
JNPR,JNPR.W^E14,2012-10-01,ESG-GJR-GARCH,0.423297909349198,7.11036190711912,all,2012-10-01
JNPR,JNPR.W^E14,2012-10-01,ESG-GJR-GARCH(E),0.4263618317186803,7.213667124861441,E,2012-10-01
JNPR,JNPR.W^E14,2012-10-01,ESG-GJR-GARCH(G),0.4254700104632379,7.183521023951895,G,2012-10-01
JNPR,JNPR.W^E14,2012-10-01,ESG-GJR-GARCH(S),0.4264611140882802,7.217027056722903,S,2012-10-01
JNPR,JNPR.W^E14,2012-10-01,GARCH,0.4156476346030405,6.855672863138995,,2012-10-01
JNPR,JNPR.W^E14,2012-10-01,GJR-GARCH,0.4809740599360374,9.18000183854583,,2012-10-01
JNPR,JNPR.W^E14,2012-10-02,EGARCH,0.4452687247582957,7.867628462217418,,2012-10-01
JNPR,JNPR.W^E14,2012-10-02,ESG-EGARCH,0.4161887332595813,6.873534194135511,all,2012-10-01
JNPR,JNPR.W^E14,2012-10-02,ESG-EGARCH(E),0.4178484336417807,6.928464821305145,E,2012-10-01
JNPR,JNPR.W^E14,2012-10-02,ESG-EGARCH(G),0.4158293011946766,6.86166697349417,G,2012-10-01
JNPR,JNPR.W^E14,2012-10-02,ESG-EGARCH(S),0.4178652925055477,6.929023915902659,S,2012-10-01
JNPR,JNPR.W^E14,2012-10-02,ESG-GARCH,0.3933675808030099,6.140398953444941,all,2012-10-01
JNPR,JNPR.W^E14,2012-10-02,ESG-GARCH(E),0.3952429515201163,6.199086933584644,E,2012-10-01
JNPR,JNPR.W^E14,2012-10-02,ESG-GARCH(G),0.3948268353222895,6.186040868675172,G,2012-10-01
JNPR,JNPR.W^E14,2012-10-02,ESG-GARCH(S),0.3953510029185569,6.202476805901144,S,2012-10-01
JNPR,JNPR.W^E14,2012-10-02,ESG-GJR-GARCH,0.423297909349198,7.11036190711912,all,2012-10-01
JNPR,JNPR.W^E14,2012-10-02,ESG-GJR-GARCH(E),0.4263618317186803,7.213667124861441,E,2012-10-01
JNPR,JNPR.W^E14,2012-10-02,ESG-GJR-GARCH(G),0.4254700104632379,7.183521023951895,G,2012-10-01
JNPR,JNPR.W^E14,2012-10-02,ESG-GJR-GARCH(S),0.4264611140882802,7.217027056722903,S,2012-10-01
JNPR,JNPR.W^E14,2012-10-02,GARCH,0.4156476346030405,6.855672863138995,,2012-10-01
JNPR,JNPR.W^E14,2012-10-02,GJR-GARCH,0.4809740599360374,9.18000183854583,,2012-10-01
JNPR,JNPR.W^E14,2012-10-03,EGARCH,0.4452687247582957,7.867628462217418,,2012-10-01
JNPR,JNPR.W^E14,2012-10-03,ESG-EGARCH,0.4161887332595813,6.873534194135511,all,2012-10-01
JNPR,JNPR.W^E14,2012-10-03,ESG-EGARCH(E),0.4178484336417807,6.928464821305145,E,2012-10-01
JNPR,JNPR.W^E14,2012-10-03,ESG-EGARCH(G),0.4158293011946766,6.86166697349417,G,2012-10-01
JNPR,JNPR.W^E14,2012-10-03,ESG-EGARCH(S),0.4178652925055477,6.929023915902659,S,2012-10-01
JNPR,JNPR.W^E14,2012-10-03,ESG-GARCH,0.3933675808030099,6.140398953444941,all,2012-10-01
JNPR,JNPR.W^E14,2012-10-03,ESG-GARCH(E),0.3952429515201163,6.199086933584644,E,2012-10-01
JNPR,JNPR.W^E14,2012-10-03,ESG-GARCH(G),0.3948268353222895,6.186040868675172,G,2012-10-01
JNPR,JNPR.W^E14,2012-10-03,ESG-GARCH(S),0.3953510029185569,6.202476805901144,S,2012-10-01
JNPR,JNPR.W^E14,2012-10-03,ESG-GJR-GARCH,0.423297909349198,7.11036190711912,all,2012-10-01
JNPR,JNPR.W^E14,2012-10-03,ESG-GJR-GARCH(E),0.4263618317186803,7.213667124861441,E,2012-10-01
JNPR,JNPR.W^E14,2012-10-03,ESG-GJR-GARCH(G),0.4254700104632379,7.183521023951895,G,2012-10-01
JNPR,JNPR.W^E14,2012-10-03,ESG-GJR-GARCH(S),0.4264611140882802,7.217027056722903,S,2012-10-01
JNPR,JNPR.W^E14,2012-10-03,GARCH,0.4156476346030405,6.855672863138995,,2012-10-01
JNPR,JNPR.W^E14,2012-10-03,GJR-GARCH,0.4809740599360374,9.18000183854583,,2012-10-01
JNPR,JNPR.W^E14,2012-10-04,EGARCH,0.4452687247582957,7.867628462217418,,2012-10-01
JNPR,JNPR.W^E14,2012-10-04,ESG-EGARCH,0.4161887332595813,6.873534194135511,all,2012-10-01
JNPR,JNPR.W^E14,2012-10-04,ESG-EGARCH(E),0.4178484336417807,6.928464821305145,E,2012-10-01
JNPR,JNPR.W^E14,2012-10-04,ESG-EGARCH(G),0.4158293011946766,6.86166697349417,G,2012-10-01
JNPR,JNPR.W^E14,2012-10-04,ESG-EGARCH(S),0.4178652925055477,6.929023915902659,S,2012-10-01
JNPR,JNPR.W^E14,2012-10-04,ESG-GARCH,0.3933675808030099,6.140398953444941,all,2012-10-01
JNPR,JNPR.W^E14,2012-10-04,ESG-GARCH(E),0.3952429515201163,6.199086933584644,E,2012-10-01
JNPR,JNPR.W^E14,2012-10-04,ESG-GARCH(G),0.3948268353222895,6.186040868675172,G,2012-10-01
JNPR,JNPR.W^E14,2012-10-04,ESG-GARCH(S),0.3953510029185569,6.202476805901144,S,2012-10-01
JNPR,JNPR.W^E14,2012-10-04,ESG-GJR-GARCH,0.423297909349198,7.11036190711912,all,2012-10-01
JNPR,JNPR.W^E14,2012-10-04,ESG-GJR-GARCH(E),0.4263618317186803,7.213667124861441,E,2012-10-01
JNPR,JNPR.W^E14,2012-10-04,ESG-GJR-GARCH(G),0.4254700104632379,7.183521023951895,G,2012-10-01
JNPR,JNPR.W^E14,2012-10-04,ESG-GJR-GARCH(S),0.4264611140882802,7.217027056722903,S,2012-10-01
JNPR,JNPR.W^E14,2012-10-04,GARCH,0.4156476346030405,6.855672863138995,,2012-10-01
JNPR,JNPR.W^E14,2012-10-04,GJR-GARCH,0.4809740599360374,9.18000183854583,,2012-10-01
JNPR,JNPR.W^E14,2012-10-05,EGARCH,0.4452687247582957,7.867628462217418,,2012-10-01
JNPR,JNPR.W^E14,2012-10-05,ESG-EGARCH,0.4161887332595813,6.873534194135511,all,2012-10-01
JNPR,JNPR.W^E14,2012-10-05,ESG-EGARCH(E),0.4178484336417807,6.928464821305145,E,2012-10-01
JNPR,JNPR.W^E14,2012-10-05,ESG-EGARCH(G),0.4158293011946766,6.86166697349417,G,2012-10-01
JNPR,JNPR.W^E14,2012-10-05,ESG-EGARCH(S),0.4178652925055477,6.929023915902659,S,2012-10-01
JNPR,JNPR.W^E14,2012-10-05,ESG-GARCH,0.3933675808030099,6.140398953444941,all,2012-10-01
JNPR,JNPR.W^E14,2012-10-05,ESG-GARCH(E),0.3952429515201163,6.199086933584644,E,2012-10-01
JNPR,JNPR.W^E14,2012-10-05,ESG-GARCH(G),0.3948268353222895,6.186040868675172,G,2012-10-01
JNPR,JNPR.W^E14,2012-10-05,ESG-GARCH(S),0.3953510029185569,6.202476805901144,S,2012-10-01
JNPR,JNPR.W^E14,2012-10-05,ESG-GJR-GARCH,0.423297909349198,7.11036190711912,all,2012-10-01
JNPR,JNPR.W^E14,2012-10-05,ESG-GJR-GARCH(E),0.4263618317186803,7.213667124861441,E,2012-10-01
JNPR,JNPR.W^E14,2012-10-05,ESG-GJR-GARCH(G),0.4254700104632379,7.183521023951895,G,2012-10-01
JNPR,JNPR.W^E14,2012-10-05,ESG-GJR-GARCH(S),0.4264611140882802,7.217027056722903,S,2012-10-01
JNPR,JNPR.W^E14,2012-10-05,GARCH,0.4156476346030405,6.855672863138995,,2012-10-01
JNPR,JNPR.W^E14,2012-10-05,GJR-GARCH,0.4809740599360374,9.18000183854583,,2012-10-01
JNPR,JNPR.W^E14,2012-10-08,EGARCH,0.4452687247582957,7.867628462217418,,2012-10-01
JNPR,JNPR.W^E14,2012-10-08,ESG-EGARCH,0.4161887332595813,6.873534194135511,all,2012-10-01
JNPR,JNPR.W^E14,2012-10-08,ESG-EGARCH(E),0.4178484336417807,6.928464821305145,E,2012-10-01
JNPR,JNPR.W^E14,2012-10-08,ESG-EGARCH(G),0.4158293011946766,6.86166697349417,G,2012-10-01
JNPR,JNPR.W^E14,2012-10-08,ESG-EGARCH(S),0.4178652925055477,6.929023915902659,S,2012-10-01
JNPR,JNPR.W^E14,2012-10-08,ESG-GARCH,0.3933675808030099,6.140398953444941,all,2012-10-01
JNPR,JNPR.W^E14,2012-10-08,ESG-GARCH(E),0.3952429515201163,6.199086933584644,E,2012-10-01
JNPR,JNPR.W^E14,2012-10-08,ESG-GARCH(G),0.3948268353222895,6.186040868675172,G,2012-10-01
JNPR,JNPR.W^E14,2012-10-08,ESG-GARCH(S),0.3953510029185569,6.202476805901144,S,2012-10-01
JNPR,JNPR.W^E14,2012-10-08,ESG-GJR-GARCH,0.423297909349198,7.11036190711912,all,2012-10-01
JNPR,JNPR.W^E14,2012-10-08,ESG-GJR-GARCH(E),0.4263618317186803,7.213667124861441,E,2012-10-01
JNPR,JNPR.W^E14,2012-10-08,ESG-GJR-GARCH(G),0.4254700104632379,7.183521023951895,G,2012-10-01
JNPR,JNPR.W^E14,2012-10-08,ESG-GJR-GARCH(S),0.4264611140882802,7.217027056722903,S,2012-10-01
JNPR,JNPR.W^E14,2012-10-08,GARCH,0.4156476346030405,6.855672863138995,,2012-10-01
JNPR,JNPR.W^E14,2012-10-08,GJR-GARCH,0.4809740599360374,9.18000183854583,,2012-10-01
JNPR,JNPR.W^E14,2012-10-09,EGARCH,0.4452687247582957,7.867628462217418,,2012-10-01
JNPR,JNPR.W^E14,2012-10-09,ESG-EGARCH,0.4161887332595813,6.873534194135511,all,2012-10-01
JNPR,JNPR.W^E14,2012-10-09,ESG-EGARCH(E),0.4178484336417807,6.928464821305145,E,2012-10-01
JNPR,JNPR.W^E14,2012-10-09,ESG-EGARCH(G),0.4158293011946766,6.86166697349417,G,2012-10-01
JNPR,JNPR.W^E14,2012-10-09,ESG-EGARCH(S),0.4178652925055477,6.929023915902659,S,2012-10-01
JNPR,JNPR.W^E14,2012-10-09,ESG-GARCH,0.3933675808030099,6.140398953444941,all,2012-10-01
JNPR,JNPR.W^E14,2012-10-09,ESG-GARCH(E),0.3952429515201163,6.199086933584644,E,2012-10-01
JNPR,JNPR.W^E14,2012-10-09,ESG-GARCH(G),0.3948268353222895,6.186040868675172,G,2012-10-01
JNPR,JNPR.W^E14,2012-10-09,ESG-GARCH(S),0.3953510029185569,6.202476805901144,S,2012-10-01
JNPR,JNPR.W^E14,2012-10-09,ESG-GJR-GARCH,0.423297909349198,7.11036190711912,all,2012-10-01
JNPR,JNPR.W^E14,2012-10-09,ESG-GJR-GARCH(E),0.4263618317186803,7.213667124861441,E,2012-10-01
JNPR,JNPR.W^E14,2012-10-09,ESG-GJR-GARCH(G),0.4254700104632379,7.183521023951895,G,2012-10-01
JNPR,JNPR.W^E14,2012-10-09,ESG-GJR-GARCH(S),0.4264611140882802,7.217027056722903,S,2012-10-01
JNPR,JNPR.W^E14,2012-10-09,GARCH,0.4156476346030405,6.855672863138995,,2012-10-01
JNPR,JNPR.W^E14,2012-10-09,GJR-GARCH,0.4809740599360374,9.18000183854583,,2012-10-01
JNPR,JNPR.W^E14,2012-10-10,EGARCH,0.4452687247582957,7.867628462217418,,2012-10-01
JNPR,JNPR.W^E14,2012-10-10,ESG-EGARCH,0.4161887332595813,6.873534194135511,all,2012-10-01
JNPR,JNPR.W^E14,2012-10-10,ESG-EGARCH(E),0.4178484336417807,6.928464821305145,E,2012-10-01
JNPR,JNPR.W^E14,2012-10-10,ESG-EGARCH(G),0.4158293011946766,6.86166697349417,G,2012-10-01
JNPR,JNPR.W^E14,2012-10-10,ESG-EGARCH(S),0.4178652925055477,6.929023915902659,S,2012-10-01
JNPR,JNPR.W^E14,2012-10-10,ESG-GARCH,0.3933675808030099,6.140398953444941,all,2012-10-01
JNPR,JNPR.W^E14,2012-10-10,ESG-GARCH(E),0.3952429515201163,6.199086933584644,E,2012-10-01
JNPR,JNPR.W^E14,2012-10-10,ESG-GARCH(G),0.3948268353222895,6.186040868675172,G,2012-10-01
JNPR,JNPR.W^E14,2012-10-10,ESG-GARCH(S),0.3953510029185569,6.202476805901144,S,2012-10-01
JNPR,JNPR.W^E14,2012-10-10,ESG-GJR-GARCH,0.423297909349198,7.11036190711912,all,2012-10-01
JNPR,JNPR.W^E14,2012-10-10,ESG-GJR-GARCH(E),0.4263618317186803,7.213667124861441,E,2012-10-01
JNPR,JNPR.W^E14,2012-10-10,ESG-GJR-GARCH(G),0.4254700104632379,7.183521023951895,G,2012-10-01
JNPR,JNPR.W^E14,2012-10-10,ESG-GJR-GARCH(S),0.4264611140882802,7.217027056722903,S,2012-10-01
JNPR,JNPR.W^E14,2012-10-10,GARCH,0.4156476346030405,6.855672863138995,,2012-10-01
JNPR,JNPR.W^E14,2012-10-10,GJR-GARCH,0.4809740599360374,9.18000183854583,,2012-10-01
JNPR,JNPR.W^E14,2012-10-11,EGARCH,0.4452687247582957,7.867628462217418,,2012-10-01
JNPR,JNPR.W^E14,2012-10-11,ESG-EGARCH,0.4161887332595813,6.873534194135511,all,2012-10-01
JNPR,JNPR.W^E14,2012-10-11,ESG-EGARCH(E),0.4178484336417807,6.928464821305145,E,2012-10-01
JNPR,JNPR.W^E14,2012-10-11,ESG-EGARCH(G),0.4158293011946766,6.86166697349417,G,2012-10-01
JNPR,JNPR.W^E14,2012-10-11,ESG-EGARCH(S),0.4178652925055477,6.929023915902659,S,2012-10-01
JNPR,JNPR.W^E14,2012-10-11,ESG-GARCH,0.3933675808030099,6.140398953444941,all,2012-10-01
JNPR,JNPR.W^E14,2012-10-11,ESG-GARCH(E),0.3952429515201163,6.199086933584644,E,2012-10-01
JNPR,JNPR.W^E14,2012-10-11,ESG-GARCH(G),0.3948268353222895,6.186040868675172,G,2012-10-01
JNPR,JNPR.W^E14,2012-10-11,ESG-GARCH(S),0.3953510029185569,6.202476805901144,S,2012-10-01
JNPR,JNPR.W^E14,2012-10-11,ESG-GJR-GARCH,0.423297909349198,7.11036190711912,all,2012-10-01
JNPR,JNPR.W^E14,2012-10-11,ESG-GJR-GARCH(E),0.4263618317186803,7.213667124861441,E,2012-10-01
JNPR,JNPR.W^E14,2012-10-11,ESG-GJR-GARCH(G),0.4254700104632379,7.183521023951895,G,2012-10-01
JNPR,JNPR.W^E14,2012-10-11,ESG-GJR-GARCH(S),0.4264611140882802,7.217027056722903,S,2012-10-01
JNPR,JNPR.W^E14,2012-10-11,GARCH,0.4156476346030405,6.855672863138995,,2012-10-01
JNPR,JNPR.W^E14,2012-10-11,GJR-GARCH,0.4809740599360374,9.18000183854583,,2012-10-01
JNPR,JNPR.W^E14,2012-10-12,EGARCH,0.4452687247582957,7.867628462217418,,2012-10-01
JNPR,JNPR.W^E14,2012-10-12,ESG-EGARCH,0.4161887332595813,6.873534194135511,all,2012-10-01
JNPR,JNPR.W^E14,2012-10-12,ESG-EGARCH(E),0.4178484336417807,6.928464821305145,E,2012-10-01
JNPR,JNPR.W^E14,2012-10-12,ESG-EGARCH(G),0.4158293011946766,6.86166697349417,G,2012-10-01
JNPR,JNPR.W^E14,2012-10-12,ESG-EGARCH(S),0.4178652925055477,6.929023915902659,S,2012-10-01
JNPR,JNPR.W^E14,2012-10-12,ESG-GARCH,0.3933675808030099,6.140398953444941,all,2012-10-01
JNPR,JNPR.W^E14,2012-10-12,ESG-GARCH(E),0.3952429515201163,6.199086933584644,E,2012-10-01
JNPR,JNPR.W^E14,2012-10-12,ESG-GARCH(G),0.3948268353222895,6.186040868675172,G,2012-10-01
JNPR,JNPR.W^E14,2012-10-12,ESG-GARCH(S),0.3953510029185569,6.202476805901144,S,2012-10-01
JNPR,JNPR.W^E14,2012-10-12,ESG-GJR-GARCH,0.423297909349198,7.11036190711912,all,2012-10-01
JNPR,JNPR.W^E14,2012-10-12,ESG-GJR-GARCH(E),0.4263618317186803,7.213667124861441,E,2012-10-01
JNPR,JNPR.W^E14,2012-10-12,ESG-GJR-GARCH(G),0.4254700104632379,7.183521023951895,G,2012-10-01
JNPR,JNPR.W^E14,2012-10-12,ESG-GJR-GARCH(S),0.4264611140882802,7.217027056722903,S,2012-10-01
JNPR,JNPR.W^E14,2012-10-12,GARCH,0.4156476346030405,6.855672863138995,,2012-10-01
JNPR,JNPR.W^E14,2012-10-12,GJR-GARCH,0.4809740599360374,9.18000183854583,,2012-10-01
JNPR,JNPR.W^E14,2012-10-15,EGARCH,0.4452687247582957,7.867628462217418,,2012-10-01
JNPR,JNPR.W^E14,2012-10-15,ESG-EGARCH,0.4161887332595813,6.873534194135511,all,2012-10-01
JNPR,JNPR.W^E14,2012-10-15,ESG-EGARCH(E),0.4178484336417807,6.928464821305145,E,2012-10-01
JNPR,JNPR.W^E14,2012-10-15,ESG-EGARCH(G),0.4158293011946766,6.86166697349417,G,2012-10-01
JNPR,JNPR.W^E14,2012-10-15,ESG-EGARCH(S),0.4178652925055477,6.929023915902659,S,2012-10-01
JNPR,JNPR.W^E14,2012-10-15,ESG-GARCH,0.3933675808030099,6.140398953444941,all,2012-10-01
JNPR,JNPR.W^E14,2012-10-15,ESG-GARCH(E),0.3952429515201163,6.199086933584644,E,2012-10-01
JNPR,JNPR.W^E14,2012-10-15,ESG-GARCH(G),0.3948268353222895,6.186040868675172,G,2012-10-01
JNPR,JNPR.W^E14,2012-10-15,ESG-GARCH(S),0.3953510029185569,6.202476805901144,S,2012-10-01
JNPR,JNPR.W^E14,2012-10-15,ESG-GJR-GARCH,0.423297909349198,7.11036190711912,all,2012-10-01
JNPR,JNPR.W^E14,2012-10-15,ESG-GJR-GARCH(E),0.4263618317186803,7.213667124861441,E,2012-10-01
JNPR,JNPR.W^E14,2012-10-15,ESG-GJR-GARCH(G),0.4254700104632379,7.183521023951895,G,2012-10-01
JNPR,JNPR.W^E14,2012-10-15,ESG-GJR-GARCH(S),0.4264611140882802,7.217027056722903,S,2012-10-01
JNPR,JNPR.W^E14,2012-10-15,GARCH,0.4156476346030405,6.855672863138995,,2012-10-01
JNPR,JNPR.W^E14,2012-10-15,GJR-GARCH,0.4809740599360374,9.18000183854583,,2012-10-01
JNPR,JNPR.W^E14,2012-10-16,EGARCH,0.4452687247582957,7.867628462217418,,2012-10-01
JNPR,JNPR.W^E14,2012-10-16,ESG-EGARCH,0.4161887332595813,6.873534194135511,all,2012-10-01
JNPR,JNPR.W^E14,2012-10-16,ESG-EGARCH(E),0.4178484336417807,6.928464821305145,E,2012-10-01
JNPR,JNPR.W^E14,2012-10-16,ESG-EGARCH(G),0.4158293011946766,6.86166697349417,G,2012-10-01
JNPR,JNPR.W^E14,2012-10-16,ESG-EGARCH(S),0.4178652925055477,6.929023915902659,S,2012-10-01
JNPR,JNPR.W^E14,2012-10-16,ESG-GARCH,0.3933675808030099,6.140398953444941,all,2012-10-01
JNPR,JNPR.W^E14,2012-10-16,ESG-GARCH(E),0.3952429515201163,6.199086933584644,E,2012-10-01
JNPR,JNPR.W^E14,2012-10-16,ESG-GARCH(G),0.3948268353222895,6.186040868675172,G,2012-10-01
JNPR,JNPR.W^E14,2012-10-16,ESG-GARCH(S),0.3953510029185569,6.202476805901144,S,2012-10-01
JNPR,JNPR.W^E14,2012-10-16,ESG-GJR-GARCH,0.423297909349198,7.11036190711912,all,2012-10-01
JNPR,JNPR.W^E14,2012-10-16,ESG-GJR-GARCH(E),0.4263618317186803,7.213667124861441,E,2012-10-01
JNPR,JNPR.W^E14,2012-10-16,ESG-GJR-GARCH(G),0.4254700104632379,7.183521023951895,G,2012-10-01
JNPR,JNPR.W^E14,2012-10-16,ESG-GJR-GARCH(S),0.4264611140882802,7.217027056722903,S,2012-10-01
JNPR,JNPR.W^E14,2012-10-16,GARCH,0.4156476346030405,6.855672863138995,,2012-10-01
JNPR,JNPR.W^E14,2012-10-16,GJR-GARCH,0.4809740599360374,9.18000183854583,,2012-10-01
JNPR,JNPR.W^E14,2012-10-17,EGARCH,0.4452687247582957,7.867628462217418,,2012-10-01
JNPR,JNPR.W^E14,2012-10-17,ESG-EGARCH,0.4161887332595813,6.873534194135511,all,2012-10-01
JNPR,JNPR.W^E14,2012-10-17,ESG-EGARCH(E),0.4178484336417807,6.928464821305145,E,2012-10-01
JNPR,JNPR.W^E14,2012-10-17,ESG-EGARCH(G),0.4158293011946766,6.86166697349417,G,2012-10-01
JNPR,JNPR.W^E14,2012-10-17,ESG-EGARCH(S),0.4178652925055477,6.929023915902659,S,2012-10-01
JNPR,JNPR.W^E14,2012-10-17,ESG-GARCH,0.3933675808030099,6.140398953444941,all,2012-10-01
JNPR,JNPR.W^E14,2012-10-17,ESG-GARCH(E),0.3952429515201163,6.199086933584644,E,2012-10-01
JNPR,JNPR.W^E14,2012-10-17,ESG-GARCH(G),0.3948268353222895,6.186040868675172,G,2012-10-01
JNPR,JNPR.W^E14,2012-10-17,ESG-GARCH(S),0.3953510029185569,6.202476805901144,S,2012-10-01
JNPR,JNPR.W^E14,2012-10-17,ESG-GJR-GARCH,0.423297909349198,7.11036190711912,all,2012-10-01
JNPR,JNPR.W^E14,2012-10-17,ESG-GJR-GARCH(E),0.4263618317186803,7.213667124861441,E,2012-10-01
JNPR,JNPR.W^E14,2012-10-17,ESG-GJR-GARCH(G),0.4254700104632379,7.183521023951895,G,2012-10-01
JNPR,JNPR.W^E14,2012-10-17,ESG-GJR-GARCH(S),0.4264611140882802,7.217027056722903,S,2012-10-01
JNPR,JNPR.W^E14,2012-10-17,GARCH,0.4156476346030405,6.855672863138995,,2012-10-01
JNPR,JNPR.W^E14,2012-10-17,GJR-GARCH,0.4809740599360374,9.18000183854583,,2012-10-01
JNPR,JNPR.W^E14,2012-10-18,EGARCH,0.4452687247582957,7.867628462217418,,2012-10-01
JNPR,JNPR.W^E14,2012-10-18,ESG-EGARCH,0.4161887332595813,6.873534194135511,all,2012-10-01
JNPR,JNPR.W^E14,2012-10-18,ESG-EGARCH(E),0.4178484336417807,6.928464821305145,E,2012-10-01
JNPR,JNPR.W^E14,2012-10-18,ESG-EGARCH(G),0.4158293011946766,6.86166697349417,G,2012-10-01
JNPR,JNPR.W^E14,2012-10-18,ESG-EGARCH(S),0.4178652925055477,6.929023915902659,S,2012-10-01
JNPR,JNPR.W^E14,2012-10-18,ESG-GARCH,0.3933675808030099,6.140398953444941,all,2012-10-01
JNPR,JNPR.W^E14,2012-10-18,ESG-GARCH(E),0.3952429515201163,6.199086933584644,E,2012-10-01
JNPR,JNPR.W^E14,2012-10-18,ESG-GARCH(G),0.3948268353222895,6.186040868675172,G,2012-10-01
JNPR,JNPR.W^E14,2012-10-18,ESG-GARCH(S),0.3953510029185569,6.202476805901144,S,2012-10-01
JNPR,JNPR.W^E14,2012-10-18,ESG-GJR-GARCH,0.423297909349198,7.11036190711912,all,2012-10-01
JNPR,JNPR.W^E14,2012-10-18,ESG-GJR-GARCH(E),0.4263618317186803,7.213667124861441,E,2012-10-01
JNPR,JNPR.W^E14,2012-10-18,ESG-GJR-GARCH(G),0.4254700104632379,7.183521023951895,G,2012-10-01
JNPR,JNPR.W^E14,2012-10-18,ESG-GJR-GARCH(S),0.4264611140882802,7.217027056722903,S,2012-10-01
JNPR,JNPR.W^E14,2012-10-18,GARCH,0.4156476346030405,6.855672863138995,,2012-10-01
JNPR,JNPR.W^E14,2012-10-18,GJR-GARCH,0.4809740599360374,9.18000183854583,,2012-10-01
JNPR,JNPR.W^E14,2012-10-19,EGARCH,0.4452687247582957,7.867628462217418,,2012-10-01
JNPR,JNPR.W^E14,2012-10-19,ESG-EGARCH,0.4161887332595813,6.873534194135511,all,2012-10-01
JNPR,JNPR.W^E14,2012-10-19,ESG-EGARCH(E),0.4178484336417807,6.928464821305145,E,2012-10-01
JNPR,JNPR.W^E14,2012-10-19,ESG-EGARCH(G),0.4158293011946766,6.86166697349417,G,2012-10-01
JNPR,JNPR.W^E14,2012-10-19,ESG-EGARCH(S),0.4178652925055477,6.929023915902659,S,2012-10-01
JNPR,JNPR.W^E14,2012-10-19,ESG-GARCH,0.3933675808030099,6.140398953444941,all,2012-10-01
JNPR,JNPR.W^E14,2012-10-19,ESG-GARCH(E),0.3952429515201163,6.199086933584644,E,2012-10-01
JNPR,JNPR.W^E14,2012-10-19,ESG-GARCH(G),0.3948268353222895,6.186040868675172,G,2012-10-01
JNPR,JNPR.W^E14,2012-10-19,ESG-GARCH(S),0.3953510029185569,6.202476805901144,S,2012-10-01
JNPR,JNPR.W^E14,2012-10-19,ESG-GJR-GARCH,0.423297909349198,7.11036190711912,all,2012-10-01
JNPR,JNPR.W^E14,2012-10-19,ESG-GJR-GARCH(E),0.4263618317186803,7.213667124861441,E,2012-10-01
JNPR,JNPR.W^E14,2012-10-19,ESG-GJR-GARCH(G),0.4254700104632379,7.183521023951895,G,2012-10-01
JNPR,JNPR.W^E14,2012-10-19,ESG-GJR-GARCH(S),0.4264611140882802,7.217027056722903,S,2012-10-01
JNPR,JNPR.W^E14,2012-10-19,GARCH,0.4156476346030405,6.855672863138995,,2012-10-01
JNPR,JNPR.W^E14,2012-10-19,GJR-GARCH,0.4809740599360374,9.18000183854583,,2012-10-01
JNPR,JNPR.W^E14,2012-10-22,EGARCH,0.4452687247582957,7.867628462217418,,2012-10-01
JNPR,JNPR.W^E14,2012-10-22,ESG-EGARCH,0.4161887332595813,6.873534194135511,all,2012-10-01
JNPR,JNPR.W^E14,2012-10-22,ESG-EGARCH(E),0.4178484336417807,6.928464821305145,E,2012-10-01
JNPR,JNPR.W^E14,2012-10-22,ESG-EGARCH(G),0.4158293011946766,6.86166697349417,G,2012-10-01
JNPR,JNPR.W^E14,2012-10-22,ESG-EGARCH(S),0.4178652925055477,6.929023915902659,S,2012-10-01
JNPR,JNPR.W^E14,2012-10-22,ESG-GARCH,0.3933675808030099,6.140398953444941,all,2012-10-01
JNPR,JNPR.W^E14,2012-10-22,ESG-GARCH(E),0.3952429515201163,6.199086933584644,E,2012-10-01
JNPR,JNPR.W^E14,2012-10-22,ESG-GARCH(G),0.3948268353222895,6.186040868675172,G,2012-10-01
JNPR,JNPR.W^E14,2012-10-22,ESG-GARCH(S),0.3953510029185569,6.202476805901144,S,2012-10-01
JNPR,JNPR.W^E14,2012-10-22,ESG-GJR-GARCH,0.423297909349198,7.11036190711912,all,2012-10-01
JNPR,JNPR.W^E14,2012-10-22,ESG-GJR-GARCH(E),0.4263618317186803,7.213667124861441,E,2012-10-01
JNPR,JNPR.W^E14,2012-10-22,ESG-GJR-GARCH(G),0.4254700104632379,7.183521023951895,G,2012-10-01
JNPR,JNPR.W^E14,2012-10-22,ESG-GJR-GARCH(S),0.4264611140882802,7.217027056722903,S,2012-10-01
JNPR,JNPR.W^E14,2012-10-22,GARCH,0.4156476346030405,6.855672863138995,,2012-10-01
JNPR,JNPR.W^E14,2012-10-22,GJR-GARCH,0.4809740599360374,9.18000183854583,,2012-10-01
JNPR,JNPR.W^E14,2012-10-23,EGARCH,0.4452687247582957,7.867628462217418,,2012-10-01
JNPR,JNPR.W^E14,2012-10-23,ESG-EGARCH,0.4161887332595813,6.873534194135511,all,2012-10-01
JNPR,JNPR.W^E14,2012-10-23,ESG-EGARCH(E),0.4178484336417807,6.928464821305145,E,2012-10-01
JNPR,JNPR.W^E14,2012-10-23,ESG-EGARCH(G),0.4158293011946766,6.86166697349417,G,2012-10-01
JNPR,JNPR.W^E14,2012-10-23,ESG-EGARCH(S),0.4178652925055477,6.929023915902659,S,2012-10-01
JNPR,JNPR.W^E14,2012-10-23,ESG-GARCH,0.3933675808030099,6.140398953444941,all,2012-10-01
JNPR,JNPR.W^E14,2012-10-23,ESG-GARCH(E),0.3952429515201163,6.199086933584644,E,2012-10-01
JNPR,JNPR.W^E14,2012-10-23,ESG-GARCH(G),0.3948268353222895,6.186040868675172,G,2012-10-01
JNPR,JNPR.W^E14,2012-10-23,ESG-GARCH(S),0.3953510029185569,6.202476805901144,S,2012-10-01
JNPR,JNPR.W^E14,2012-10-23,ESG-GJR-GARCH,0.423297909349198,7.11036190711912,all,2012-10-01
JNPR,JNPR.W^E14,2012-10-23,ESG-GJR-GARCH(E),0.4263618317186803,7.213667124861441,E,2012-10-01
JNPR,JNPR.W^E14,2012-10-23,ESG-GJR-GARCH(G),0.4254700104632379,7.183521023951895,G,2012-10-01
JNPR,JNPR.W^E14,2012-10-23,ESG-GJR-GARCH(S),0.4264611140882802,7.217027056722903,S,2012-10-01
JNPR,JNPR.W^E14,2012-10-23,GARCH,0.4156476346030405,6.855672863138995,,2012-10-01
JNPR,JNPR.W^E14,2012-10-23,GJR-GARCH,0.4809740599360374,9.18000183854583,,2012-10-01
JNPR,JNPR.W^E14,2012-10-24,EGARCH,0.4452687247582957,7.867628462217418,,2012-10-01
JNPR,JNPR.W^E14,2012-10-24,ESG-EGARCH,0.4161887332595813,6.873534194135511,all,2012-10-01
JNPR,JNPR.W^E14,2012-10-24,ESG-EGARCH(E),0.4178484336417807,6.928464821305145,E,2012-10-01
JNPR,JNPR.W^E14,2012-10-24,ESG-EGARCH(G),0.4158293011946766,6.86166697349417,G,2012-10-01
JNPR,JNPR.W^E14,2012-10-24,ESG-EGARCH(S),0.4178652925055477,6.929023915902659,S,2012-10-01
JNPR,JNPR.W^E14,2012-10-24,ESG-GARCH,0.3933675808030099,6.140398953444941,all,2012-10-01
JNPR,JNPR.W^E14,2012-10-24,ESG-GARCH(E),0.3952429515201163,6.199086933584644,E,2012-10-01
JNPR,JNPR.W^E14,2012-10-24,ESG-GARCH(G),0.3948268353222895,6.186040868675172,G,2012-10-01
JNPR,JNPR.W^E14,2012-10-24,ESG-GARCH(S),0.3953510029185569,6.202476805901144,S,2012-10-01
JNPR,JNPR.W^E14,2012-10-24,ESG-GJR-GARCH,0.423297909349198,7.11036190711912,all,2012-10-01
JNPR,JNPR.W^E14,2012-10-24,ESG-GJR-GARCH(E),0.4263618317186803,7.213667124861441,E,2012-10-01
JNPR,JNPR.W^E14,2012-10-24,ESG-GJR-GARCH(G),0.4254700104632379,7.183521023951895,G,2012-10-01
JNPR,JNPR.W^E14,2012-10-24,ESG-GJR-GARCH(S),0.4264611140882802,7.217027056722903,S,2012-10-01
JNPR,JNPR.W^E14,2012-10-24,GARCH,0.4156476346030405,6.855672863138995,,2012-10-01
JNPR,JNPR.W^E14,2012-10-24,GJR-GARCH,0.4809740599360374,9.18000183854583,,2012-10-01
JNPR,JNPR.W^E14,2012-10-25,EGARCH,0.4452687247582957,7.867628462217418,,2012-10-01
JNPR,JNPR.W^E14,2012-10-25,ESG-EGARCH,0.4161887332595813,6.873534194135511,all,2012-10-01
JNPR,JNPR.W^E14,2012-10-25,ESG-EGARCH(E),0.4178484336417807,6.928464821305145,E,2012-10-01
JNPR,JNPR.W^E14,2012-10-25,ESG-EGARCH(G),0.4158293011946766,6.86166697349417,G,2012-10-01
JNPR,JNPR.W^E14,2012-10-25,ESG-EGARCH(S),0.4178652925055477,6.929023915902659,S,2012-10-01
JNPR,JNPR.W^E14,2012-10-25,ESG-GARCH,0.3933675808030099,6.140398953444941,all,2012-10-01
JNPR,JNPR.W^E14,2012-10-25,ESG-GARCH(E),0.3952429515201163,6.199086933584644,E,2012-10-01
JNPR,JNPR.W^E14,2012-10-25,ESG-GARCH(G),0.3948268353222895,6.186040868675172,G,2012-10-01
JNPR,JNPR.W^E14,2012-10-25,ESG-GARCH(S),0.3953510029185569,6.202476805901144,S,2012-10-01
JNPR,JNPR.W^E14,2012-10-25,ESG-GJR-GARCH,0.423297909349198,7.11036190711912,all,2012-10-01
JNPR,JNPR.W^E14,2012-10-25,ESG-GJR-GARCH(E),0.4263618317186803,7.213667124861441,E,2012-10-01
JNPR,JNPR.W^E14,2012-10-25,ESG-GJR-GARCH(G),0.4254700104632379,7.183521023951895,G,2012-10-01
JNPR,JNPR.W^E14,2012-10-25,ESG-GJR-GARCH(S),0.4264611140882802,7.217027056722903,S,2012-10-01
JNPR,JNPR.W^E14,2012-10-25,GARCH,0.4156476346030405,6.855672863138995,,2012-10-01
JNPR,JNPR.W^E14,2012-10-25,GJR-GARCH,0.4809740599360374,9.18000183854583,,2012-10-01
JNPR,JNPR.W^E14,2012-10-26,EGARCH,0.4452687247582957,7.867628462217418,,2012-10-01
JNPR,JNPR.W^E14,2012-10-26,ESG-EGARCH,0.4161887332595813,6.873534194135511,all,2012-10-01
JNPR,JNPR.W^E14,2012-10-26,ESG-EGARCH(E),0.4178484336417807,6.928464821305145,E,2012-10-01
JNPR,JNPR.W^E14,2012-10-26,ESG-EGARCH(G),0.4158293011946766,6.86166697349417,G,2012-10-01
JNPR,JNPR.W^E14,2012-10-26,ESG-EGARCH(S),0.4178652925055477,6.929023915902659,S,2012-10-01
JNPR,JNPR.W^E14,2012-10-26,ESG-GARCH,0.3933675808030099,6.140398953444941,all,2012-10-01
JNPR,JNPR.W^E14,2012-10-26,ESG-GARCH(E),0.3952429515201163,6.199086933584644,E,2012-10-01
JNPR,JNPR.W^E14,2012-10-26,ESG-GARCH(G),0.3948268353222895,6.186040868675172,G,2012-10-01
JNPR,JNPR.W^E14,2012-10-26,ESG-GARCH(S),0.3953510029185569,6.202476805901144,S,2012-10-01
JNPR,JNPR.W^E14,2012-10-26,ESG-GJR-GARCH,0.423297909349198,7.11036190711912,all,2012-10-01
JNPR,JNPR.W^E14,2012-10-26,ESG-GJR-GARCH(E),0.4263618317186803,7.213667124861441,E,2012-10-01
JNPR,JNPR.W^E14,2012-10-26,ESG-GJR-GARCH(G),0.4254700104632379,7.183521023951895,G,2012-10-01
JNPR,JNPR.W^E14,2012-10-26,ESG-GJR-GARCH(S),0.4264611140882802,7.217027056722903,S,2012-10-01
JNPR,JNPR.W^E14,2012-10-26,GARCH,0.4156476346030405,6.855672863138995,,2012-10-01
JNPR,JNPR.W^E14,2012-10-26,GJR-GARCH,0.4809740599360374,9.18000183854583,,2012-10-01
JNPR,JNPR.W^E14,2012-11-01,EGARCH,0.4452687247582957,7.867628462217418,,2012-10-01
JNPR,JNPR.W^E14,2012-11-01,ESG-EGARCH,0.4161887332595813,6.873534194135511,all,2012-10-01
JNPR,JNPR.W^E14,2012-11-01,ESG-EGARCH(E),0.4178484336417807,6.928464821305145,E,2012-10-01
JNPR,JNPR.W^E14,2012-11-01,ESG-EGARCH(G),0.4158293011946766,6.86166697349417,G,2012-10-01
JNPR,JNPR.W^E14,2012-11-01,ESG-EGARCH(S),0.4178652925055477,6.929023915902659,S,2012-10-01
JNPR,JNPR.W^E14,2012-11-01,ESG-GARCH,0.3933675808030099,6.140398953444941,all,2012-10-01
JNPR,JNPR.W^E14,2012-11-01,ESG-GARCH(E),0.3952429515201163,6.199086933584644,E,2012-10-01
JNPR,JNPR.W^E14,2012-11-01,ESG-GARCH(G),0.3948268353222895,6.186040868675172,G,2012-10-01
JNPR,JNPR.W^E14,2012-11-01,ESG-GARCH(S),0.3953510029185569,6.202476805901144,S,2012-10-01
JNPR,JNPR.W^E14,2012-11-01,ESG-GJR-GARCH,0.423297909349198,7.11036190711912,all,2012-10-01
JNPR,JNPR.W^E14,2012-11-01,ESG-GJR-GARCH(E),0.4263618317186803,7.213667124861441,E,2012-10-01
JNPR,JNPR.W^E14,2012-11-01,ESG-GJR-GARCH(G),0.4254700104632379,7.183521023951895,G,2012-10-01
JNPR,JNPR.W^E14,2012-11-01,ESG-GJR-GARCH(S),0.4264611140882802,7.217027056722903,S,2012-10-01
JNPR,JNPR.W^E14,2012-11-01,GARCH,0.4156476346030405,6.855672863138995,,2012-10-01
JNPR,JNPR.W^E14,2012-11-01,GJR-GARCH,0.4809740599360374,9.18000183854583,,2012-10-01
JNPR,JNPR.W^E14,2012-11-02,EGARCH,0.4452687247582957,7.867628462217418,,2012-10-01
JNPR,JNPR.W^E14,2012-11-02,ESG-EGARCH,0.4161887332595813,6.873534194135511,all,2012-10-01
JNPR,JNPR.W^E14,2012-11-02,ESG-EGARCH(E),0.4178484336417807,6.928464821305145,E,2012-10-01
JNPR,JNPR.W^E14,2012-11-02,ESG-EGARCH(G),0.4158293011946766,6.86166697349417,G,2012-10-01
JNPR,JNPR.W^E14,2012-11-02,ESG-EGARCH(S),0.4178652925055477,6.929023915902659,S,2012-10-01
JNPR,JNPR.W^E14,2012-11-02,ESG-GARCH,0.3933675808030099,6.140398953444941,all,2012-10-01
JNPR,JNPR.W^E14,2012-11-02,ESG-GARCH(E),0.3952429515201163,6.199086933584644,E,2012-10-01
JNPR,JNPR.W^E14,2012-11-02,ESG-GARCH(G),0.3948268353222895,6.186040868675172,G,2012-10-01
JNPR,JNPR.W^E14,2012-11-02,ESG-GARCH(S),0.3953510029185569,6.202476805901144,S,2012-10-01
JNPR,JNPR.W^E14,2012-11-02,ESG-GJR-GARCH,0.423297909349198,7.11036190711912,all,2012-10-01
JNPR,JNPR.W^E14,2012-11-02,ESG-GJR-GARCH(E),0.4263618317186803,7.213667124861441,E,2012-10-01
JNPR,JNPR.W^E14,2012-11-02,ESG-GJR-GARCH(G),0.4254700104632379,7.183521023951895,G,2012-10-01
JNPR,JNPR.W^E14,2012-11-02,ESG-GJR-GARCH(S),0.4264611140882802,7.217027056722903,S,2012-10-01
JNPR,JNPR.W^E14,2012-11-02,GARCH,0.4156476346030405,6.855672863138995,,2012-10-01
JNPR,JNPR.W^E14,2012-11-02,GJR-GARCH,0.4809740599360374,9.18000183854583,,2012-10-01
JNPR,JNPR.W^E14,2012-11-05,EGARCH,0.5358119315731544,11.392635953022015,,2012-11-05
JNPR,JNPR.W^E14,2012-11-05,ESG-EGARCH,0.560158598293508,12.451494255640782,all,2012-11-05
JNPR,JNPR.W^E14,2012-11-05,ESG-EGARCH(E),0.5632032896742292,12.587220059518796,E,2012-11-05
JNPR,JNPR.W^E14,2012-11-05,ESG-EGARCH(G),0.5598023070204095,12.435659640689394,G,2012-11-05
JNPR,JNPR.W^E14,2012-11-05,ESG-EGARCH(S),0.5630925850560516,12.582272196234394,S,2012-11-05
JNPR,JNPR.W^E14,2012-11-05,ESG-GARCH,0.5803851780242009,13.366942653578704,all,2012-11-05
JNPR,JNPR.W^E14,2012-11-05,ESG-GARCH(E),0.5858215862542022,13.618529004817054,E,2012-11-05
JNPR,JNPR.W^E14,2012-11-05,ESG-GARCH(G),0.5822449085222017,13.452743392858212,G,2012-11-05
JNPR,JNPR.W^E14,2012-11-05,ESG-GARCH(S),0.5857457019265766,13.615001084343568,S,2012-11-05
JNPR,JNPR.W^E14,2012-11-05,ESG-GJR-GARCH,0.5796998428156518,13.335393165098866,all,2012-11-05
JNPR,JNPR.W^E14,2012-11-05,ESG-GJR-GARCH(E),0.5856063074537704,13.608521719430152,E,2012-11-05
JNPR,JNPR.W^E14,2012-11-05,ESG-GJR-GARCH(G),0.5823072186933884,13.455622894540856,G,2012-11-05
JNPR,JNPR.W^E14,2012-11-05,ESG-GJR-GARCH(S),0.5855801325247509,13.607305222527971,S,2012-11-05
JNPR,JNPR.W^E14,2012-11-05,GARCH,0.5575770309731434,12.336989899556574,,2012-11-05
JNPR,JNPR.W^E14,2012-11-05,GJR-GARCH,0.5516489600080927,12.07605456658771,,2012-11-05
JNPR,JNPR.W^E14,2012-11-06,EGARCH,0.5358119315731544,11.392635953022015,,2012-11-05
JNPR,JNPR.W^E14,2012-11-06,ESG-EGARCH,0.560158598293508,12.451494255640782,all,2012-11-05
JNPR,JNPR.W^E14,2012-11-06,ESG-EGARCH(E),0.5632032896742292,12.587220059518796,E,2012-11-05
JNPR,JNPR.W^E14,2012-11-06,ESG-EGARCH(G),0.5598023070204095,12.435659640689394,G,2012-11-05
JNPR,JNPR.W^E14,2012-11-06,ESG-EGARCH(S),0.5630925850560516,12.582272196234394,S,2012-11-05
JNPR,JNPR.W^E14,2012-11-06,ESG-GARCH,0.5803851780242009,13.366942653578704,all,2012-11-05
JNPR,JNPR.W^E14,2012-11-06,ESG-GARCH(E),0.5858215862542022,13.618529004817054,E,2012-11-05
JNPR,JNPR.W^E14,2012-11-06,ESG-GARCH(G),0.5822449085222017,13.452743392858212,G,2012-11-05
JNPR,JNPR.W^E14,2012-11-06,ESG-GARCH(S),0.5857457019265766,13.615001084343568,S,2012-11-05
JNPR,JNPR.W^E14,2012-11-06,ESG-GJR-GARCH,0.5796998428156518,13.335393165098866,all,2012-11-05
JNPR,JNPR.W^E14,2012-11-06,ESG-GJR-GARCH(E),0.5856063074537704,13.608521719430152,E,2012-11-05
JNPR,JNPR.W^E14,2012-11-06,ESG-GJR-GARCH(G),0.5823072186933884,13.455622894540856,G,2012-11-05
JNPR,JNPR.W^E14,2012-11-06,ESG-GJR-GARCH(S),0.5855801325247509,13.607305222527971,S,2012-11-05
JNPR,JNPR.W^E14,2012-11-06,GARCH,0.5575770309731434,12.336989899556574,,2012-11-05
JNPR,JNPR.W^E14,2012-11-06,GJR-GARCH,0.5516489600080927,12.07605456658771,,2012-11-05
JNPR,JNPR.W^E14,2012-11-07,EGARCH,0.5358119315731544,11.392635953022015,,2012-11-05
JNPR,JNPR.W^E14,2012-11-07,ESG-EGARCH,0.560158598293508,12.451494255640782,all,2012-11-05
JNPR,JNPR.W^E14,2012-11-07,ESG-EGARCH(E),0.5632032896742292,12.587220059518796,E,2012-11-05
JNPR,JNPR.W^E14,2012-11-07,ESG-EGARCH(G),0.5598023070204095,12.435659640689394,G,2012-11-05
JNPR,JNPR.W^E14,2012-11-07,ESG-EGARCH(S),0.5630925850560516,12.582272196234394,S,2012-11-05
JNPR,JNPR.W^E14,2012-11-07,ESG-GARCH,0.5803851780242009,13.366942653578704,all,2012-11-05
JNPR,JNPR.W^E14,2012-11-07,ESG-GARCH(E),0.5858215862542022,13.618529004817054,E,2012-11-05
JNPR,JNPR.W^E14,2012-11-07,ESG-GARCH(G),0.5822449085222017,13.452743392858212,G,2012-11-05
JNPR,JNPR.W^E14,2012-11-07,ESG-GARCH(S),0.5857457019265766,13.615001084343568,S,2012-11-05
JNPR,JNPR.W^E14,2012-11-07,ESG-GJR-GARCH,0.5796998428156518,13.335393165098866,all,2012-11-05
JNPR,JNPR.W^E14,2012-11-07,ESG-GJR-GARCH(E),0.5856063074537704,13.608521719430152,E,2012-11-05
JNPR,JNPR.W^E14,2012-11-07,ESG-GJR-GARCH(G),0.5823072186933884,13.455622894540856,G,2012-11-05
JNPR,JNPR.W^E14,2012-11-07,ESG-GJR-GARCH(S),0.5855801325247509,13.607305222527971,S,2012-11-05
JNPR,JNPR.W^E14,2012-11-07,GARCH,0.5575770309731434,12.336989899556574,,2012-11-05
JNPR,JNPR.W^E14,2012-11-07,GJR-GARCH,0.5516489600080927,12.07605456658771,,2012-11-05
JNPR,JNPR.W^E14,2012-11-08,EGARCH,0.5358119315731544,11.392635953022015,,2012-11-05
JNPR,JNPR.W^E14,2012-11-08,ESG-EGARCH,0.560158598293508,12.451494255640782,all,2012-11-05
JNPR,JNPR.W^E14,2012-11-08,ESG-EGARCH(E),0.5632032896742292,12.587220059518796,E,2012-11-05
JNPR,JNPR.W^E14,2012-11-08,ESG-EGARCH(G),0.5598023070204095,12.435659640689394,G,2012-11-05
JNPR,JNPR.W^E14,2012-11-08,ESG-EGARCH(S),0.5630925850560516,12.582272196234394,S,2012-11-05
JNPR,JNPR.W^E14,2012-11-08,ESG-GARCH,0.5803851780242009,13.366942653578704,all,2012-11-05
JNPR,JNPR.W^E14,2012-11-08,ESG-GARCH(E),0.5858215862542022,13.618529004817054,E,2012-11-05
JNPR,JNPR.W^E14,2012-11-08,ESG-GARCH(G),0.5822449085222017,13.452743392858212,G,2012-11-05
JNPR,JNPR.W^E14,2012-11-08,ESG-GARCH(S),0.5857457019265766,13.615001084343568,S,2012-11-05
JNPR,JNPR.W^E14,2012-11-08,ESG-GJR-GARCH,0.5796998428156518,13.335393165098866,all,2012-11-05
JNPR,JNPR.W^E14,2012-11-08,ESG-GJR-GARCH(E),0.5856063074537704,13.608521719430152,E,2012-11-05
JNPR,JNPR.W^E14,2012-11-08,ESG-GJR-GARCH(G),0.5823072186933884,13.455622894540856,G,2012-11-05
JNPR,JNPR.W^E14,2012-11-08,ESG-GJR-GARCH(S),0.5855801325247509,13.607305222527971,S,2012-11-05
JNPR,JNPR.W^E14,2012-11-08,GARCH,0.5575770309731434,12.336989899556574,,2012-11-05
JNPR,JNPR.W^E14,2012-11-08,GJR-GARCH,0.5516489600080927,12.07605456658771,,2012-11-05
JNPR,JNPR.W^E14,2012-11-09,EGARCH,0.5358119315731544,11.392635953022015,,2012-11-05
JNPR,JNPR.W^E14,2012-11-09,ESG-EGARCH,0.560158598293508,12.451494255640782,all,2012-11-05
JNPR,JNPR.W^E14,2012-11-09,ESG-EGARCH(E),0.5632032896742292,12.587220059518796,E,2012-11-05
JNPR,JNPR.W^E14,2012-11-09,ESG-EGARCH(G),0.5598023070204095,12.435659640689394,G,2012-11-05
JNPR,JNPR.W^E14,2012-11-09,ESG-EGARCH(S),0.5630925850560516,12.582272196234394,S,2012-11-05
JNPR,JNPR.W^E14,2012-11-09,ESG-GARCH,0.5803851780242009,13.366942653578704,all,2012-11-05
JNPR,JNPR.W^E14,2012-11-09,ESG-GARCH(E),0.5858215862542022,13.618529004817054,E,2012-11-05
JNPR,JNPR.W^E14,2012-11-09,ESG-GARCH(G),0.5822449085222017,13.452743392858212,G,2012-11-05
JNPR,JNPR.W^E14,2012-11-09,ESG-GARCH(S),0.5857457019265766,13.615001084343568,S,2012-11-05
JNPR,JNPR.W^E14,2012-11-09,ESG-GJR-GARCH,0.5796998428156518,13.335393165098866,all,2012-11-05
JNPR,JNPR.W^E14,2012-11-09,ESG-GJR-GARCH(E),0.5856063074537704,13.608521719430152,E,2012-11-05
JNPR,JNPR.W^E14,2012-11-09,ESG-GJR-GARCH(G),0.5823072186933884,13.455622894540856,G,2012-11-05
JNPR,JNPR.W^E14,2012-11-09,ESG-GJR-GARCH(S),0.5855801325247509,13.607305222527971,S,2012-11-05
JNPR,JNPR.W^E14,2012-11-09,GARCH,0.5575770309731434,12.336989899556574,,2012-11-05
JNPR,JNPR.W^E14,2012-11-09,GJR-GARCH,0.5516489600080927,12.07605456658771,,2012-11-05
JNPR,JNPR.W^E14,2012-11-12,EGARCH,0.5358119315731544,11.392635953022015,,2012-11-05
JNPR,JNPR.W^E14,2012-11-12,ESG-EGARCH,0.560158598293508,12.451494255640782,all,2012-11-05
JNPR,JNPR.W^E14,2012-11-12,ESG-EGARCH(E),0.5632032896742292,12.587220059518796,E,2012-11-05
JNPR,JNPR.W^E14,2012-11-12,ESG-EGARCH(G),0.5598023070204095,12.435659640689394,G,2012-11-05
JNPR,JNPR.W^E14,2012-11-12,ESG-EGARCH(S),0.5630925850560516,12.582272196234394,S,2012-11-05
JNPR,JNPR.W^E14,2012-11-12,ESG-GARCH,0.5803851780242009,13.366942653578704,all,2012-11-05
JNPR,JNPR.W^E14,2012-11-12,ESG-GARCH(E),0.5858215862542022,13.618529004817054,E,2012-11-05
JNPR,JNPR.W^E14,2012-11-12,ESG-GARCH(G),0.5822449085222017,13.452743392858212,G,2012-11-05
JNPR,JNPR.W^E14,2012-11-12,ESG-GARCH(S),0.5857457019265766,13.615001084343568,S,2012-11-05
JNPR,JNPR.W^E14,2012-11-12,ESG-GJR-GARCH,0.5796998428156518,13.335393165098866,all,2012-11-05
JNPR,JNPR.W^E14,2012-11-12,ESG-GJR-GARCH(E),0.5856063074537704,13.608521719430152,E,2012-11-05
JNPR,JNPR.W^E14,2012-11-12,ESG-GJR-GARCH(G),0.5823072186933884,13.455622894540856,G,2012-11-05
JNPR,JNPR.W^E14,2012-11-12,ESG-GJR-GARCH(S),0.5855801325247509,13.607305222527971,S,2012-11-05
JNPR,JNPR.W^E14,2012-11-12,GARCH,0.5575770309731434,12.336989899556574,,2012-11-05
JNPR,JNPR.W^E14,2012-11-12,GJR-GARCH,0.5516489600080927,12.07605456658771,,2012-11-05
JNPR,JNPR.W^E14,2012-11-13,EGARCH,0.5358119315731544,11.392635953022015,,2012-11-05
JNPR,JNPR.W^E14,2012-11-13,ESG-EGARCH,0.560158598293508,12.451494255640782,all,2012-11-05
JNPR,JNPR.W^E14,2012-11-13,ESG-EGARCH(E),0.5632032896742292,12.587220059518796,E,2012-11-05
JNPR,JNPR.W^E14,2012-11-13,ESG-EGARCH(G),0.5598023070204095,12.435659640689394,G,2012-11-05
JNPR,JNPR.W^E14,2012-11-13,ESG-EGARCH(S),0.5630925850560516,12.582272196234394,S,2012-11-05
JNPR,JNPR.W^E14,2012-11-13,ESG-GARCH,0.5803851780242009,13.366942653578704,all,2012-11-05
JNPR,JNPR.W^E14,2012-11-13,ESG-GARCH(E),0.5858215862542022,13.618529004817054,E,2012-11-05
JNPR,JNPR.W^E14,2012-11-13,ESG-GARCH(G),0.5822449085222017,13.452743392858212,G,2012-11-05
JNPR,JNPR.W^E14,2012-11-13,ESG-GARCH(S),0.5857457019265766,13.615001084343568,S,2012-11-05
JNPR,JNPR.W^E14,2012-11-13,ESG-GJR-GARCH,0.5796998428156518,13.335393165098866,all,2012-11-05
JNPR,JNPR.W^E14,2012-11-13,ESG-GJR-GARCH(E),0.5856063074537704,13.608521719430152,E,2012-11-05
JNPR,JNPR.W^E14,2012-11-13,ESG-GJR-GARCH(G),0.5823072186933884,13.455622894540856,G,2012-11-05
JNPR,JNPR.W^E14,2012-11-13,ESG-GJR-GARCH(S),0.5855801325247509,13.607305222527971,S,2012-11-05
JNPR,JNPR.W^E14,2012-11-13,GARCH,0.5575770309731434,12.336989899556574,,2012-11-05
JNPR,JNPR.W^E14,2012-11-13,GJR-GARCH,0.5516489600080927,12.07605456658771,,2012-11-05
JNPR,JNPR.W^E14,2012-11-14,EGARCH,0.5358119315731544,11.392635953022015,,2012-11-05
JNPR,JNPR.W^E14,2012-11-14,ESG-EGARCH,0.560158598293508,12.451494255640782,all,2012-11-05
JNPR,JNPR.W^E14,2012-11-14,ESG-EGARCH(E),0.5632032896742292,12.587220059518796,E,2012-11-05
JNPR,JNPR.W^E14,2012-11-14,ESG-EGARCH(G),0.5598023070204095,12.435659640689394,G,2012-11-05
JNPR,JNPR.W^E14,2012-11-14,ESG-EGARCH(S),0.5630925850560516,12.582272196234394,S,2012-11-05
JNPR,JNPR.W^E14,2012-11-14,ESG-GARCH,0.5803851780242009,13.366942653578704,all,2012-11-05
JNPR,JNPR.W^E14,2012-11-14,ESG-GARCH(E),0.5858215862542022,13.618529004817054,E,2012-11-05
JNPR,JNPR.W^E14,2012-11-14,ESG-GARCH(G),0.5822449085222017,13.452743392858212,G,2012-11-05
JNPR,JNPR.W^E14,2012-11-14,ESG-GARCH(S),0.5857457019265766,13.615001084343568,S,2012-11-05
JNPR,JNPR.W^E14,2012-11-14,ESG-GJR-GARCH,0.5796998428156518,13.335393165098866,all,2012-11-05
JNPR,JNPR.W^E14,2012-11-14,ESG-GJR-GARCH(E),0.5856063074537704,13.608521719430152,E,2012-11-05
JNPR,JNPR.W^E14,2012-11-14,ESG-GJR-GARCH(G),0.5823072186933884,13.455622894540856,G,2012-11-05
JNPR,JNPR.W^E14,2012-11-14,ESG-GJR-GARCH(S),0.5855801325247509,13.607305222527971,S,2012-11-05
JNPR,JNPR.W^E14,2012-11-14,GARCH,0.5575770309731434,12.336989899556574,,2012-11-05
JNPR,JNPR.W^E14,2012-11-14,GJR-GARCH,0.5516489600080927,12.07605456658771,,2012-11-05
JNPR,JNPR.W^E14,2012-11-15,EGARCH,0.5358119315731544,11.392635953022015,,2012-11-05
JNPR,JNPR.W^E14,2012-11-15,ESG-EGARCH,0.560158598293508,12.451494255640782,all,2012-11-05
JNPR,JNPR.W^E14,2012-11-15,ESG-EGARCH(E),0.5632032896742292,12.587220059518796,E,2012-11-05
JNPR,JNPR.W^E14,2012-11-15,ESG-EGARCH(G),0.5598023070204095,12.435659640689394,G,2012-11-05
JNPR,JNPR.W^E14,2012-11-15,ESG-EGARCH(S),0.5630925850560516,12.582272196234394,S,2012-11-05
JNPR,JNPR.W^E14,2012-11-15,ESG-GARCH,0.5803851780242009,13.366942653578704,all,2012-11-05
JNPR,JNPR.W^E14,2012-11-15,ESG-GARCH(E),0.5858215862542022,13.618529004817054,E,2012-11-05
JNPR,JNPR.W^E14,2012-11-15,ESG-GARCH(G),0.5822449085222017,13.452743392858212,G,2012-11-05
JNPR,JNPR.W^E14,2012-11-15,ESG-GARCH(S),0.5857457019265766,13.615001084343568,S,2012-11-05
JNPR,JNPR.W^E14,2012-11-15,ESG-GJR-GARCH,0.5796998428156518,13.335393165098866,all,2012-11-05
JNPR,JNPR.W^E14,2012-11-15,ESG-GJR-GARCH(E),0.5856063074537704,13.608521719430152,E,2012-11-05
JNPR,JNPR.W^E14,2012-11-15,ESG-GJR-GARCH(G),0.5823072186933884,13.455622894540856,G,2012-11-05
JNPR,JNPR.W^E14,2012-11-15,ESG-GJR-GARCH(S),0.5855801325247509,13.607305222527971,S,2012-11-05
JNPR,JNPR.W^E14,2012-11-15,GARCH,0.5575770309731434,12.336989899556574,,2012-11-05
JNPR,JNPR.W^E14,2012-11-15,GJR-GARCH,0.5516489600080927,12.07605456658771,,2012-11-05
JNPR,JNPR.W^E14,2012-11-16,EGARCH,0.5358119315731544,11.392635953022015,,2012-11-05
JNPR,JNPR.W^E14,2012-11-16,ESG-EGARCH,0.560158598293508,12.451494255640782,all,2012-11-05
JNPR,JNPR.W^E14,2012-11-16,ESG-EGARCH(E),0.5632032896742292,12.587220059518796,E,2012-11-05
JNPR,JNPR.W^E14,2012-11-16,ESG-EGARCH(G),0.5598023070204095,12.435659640689394,G,2012-11-05
JNPR,JNPR.W^E14,2012-11-16,ESG-EGARCH(S),0.5630925850560516,12.582272196234394,S,2012-11-05
JNPR,JNPR.W^E14,2012-11-16,ESG-GARCH,0.5803851780242009,13.366942653578704,all,2012-11-05
JNPR,JNPR.W^E14,2012-11-16,ESG-GARCH(E),0.5858215862542022,13.618529004817054,E,2012-11-05
JNPR,JNPR.W^E14,2012-11-16,ESG-GARCH(G),0.5822449085222017,13.452743392858212,G,2012-11-05
JNPR,JNPR.W^E14,2012-11-16,ESG-GARCH(S),0.5857457019265766,13.615001084343568,S,2012-11-05
JNPR,JNPR.W^E14,2012-11-16,ESG-GJR-GARCH,0.5796998428156518,13.335393165098866,all,2012-11-05
JNPR,JNPR.W^E14,2012-11-16,ESG-GJR-GARCH(E),0.5856063074537704,13.608521719430152,E,2012-11-05
JNPR,JNPR.W^E14,2012-11-16,ESG-GJR-GARCH(G),0.5823072186933884,13.455622894540856,G,2012-11-05
JNPR,JNPR.W^E14,2012-11-16,ESG-GJR-GARCH(S),0.5855801325247509,13.607305222527971,S,2012-11-05
JNPR,JNPR.W^E14,2012-11-16,GARCH,0.5575770309731434,12.336989899556574,,2012-11-05
JNPR,JNPR.W^E14,2012-11-16,GJR-GARCH,0.5516489600080927,12.07605456658771,,2012-11-05
JNPR,JNPR.W^E14,2012-11-19,EGARCH,0.5358119315731544,11.392635953022015,,2012-11-05
JNPR,JNPR.W^E14,2012-11-19,ESG-EGARCH,0.560158598293508,12.451494255640782,all,2012-11-05
JNPR,JNPR.W^E14,2012-11-19,ESG-EGARCH(E),0.5632032896742292,12.587220059518796,E,2012-11-05
JNPR,JNPR.W^E14,2012-11-19,ESG-EGARCH(G),0.5598023070204095,12.435659640689394,G,2012-11-05
JNPR,JNPR.W^E14,2012-11-19,ESG-EGARCH(S),0.5630925850560516,12.582272196234394,S,2012-11-05
JNPR,JNPR.W^E14,2012-11-19,ESG-GARCH,0.5803851780242009,13.366942653578704,all,2012-11-05
JNPR,JNPR.W^E14,2012-11-19,ESG-GARCH(E),0.5858215862542022,13.618529004817054,E,2012-11-05
JNPR,JNPR.W^E14,2012-11-19,ESG-GARCH(G),0.5822449085222017,13.452743392858212,G,2012-11-05
JNPR,JNPR.W^E14,2012-11-19,ESG-GARCH(S),0.5857457019265766,13.615001084343568,S,2012-11-05
JNPR,JNPR.W^E14,2012-11-19,ESG-GJR-GARCH,0.5796998428156518,13.335393165098866,all,2012-11-05
JNPR,JNPR.W^E14,2012-11-19,ESG-GJR-GARCH(E),0.5856063074537704,13.608521719430152,E,2012-11-05
JNPR,JNPR.W^E14,2012-11-19,ESG-GJR-GARCH(G),0.5823072186933884,13.455622894540856,G,2012-11-05
JNPR,JNPR.W^E14,2012-11-19,ESG-GJR-GARCH(S),0.5855801325247509,13.607305222527971,S,2012-11-05
JNPR,JNPR.W^E14,2012-11-19,GARCH,0.5575770309731434,12.336989899556574,,2012-11-05
JNPR,JNPR.W^E14,2012-11-19,GJR-GARCH,0.5516489600080927,12.07605456658771,,2012-11-05
JNPR,JNPR.W^E14,2012-11-20,EGARCH,0.5358119315731544,11.392635953022015,,2012-11-05
JNPR,JNPR.W^E14,2012-11-20,ESG-EGARCH,0.560158598293508,12.451494255640782,all,2012-11-05
JNPR,JNPR.W^E14,2012-11-20,ESG-EGARCH(E),0.5632032896742292,12.587220059518796,E,2012-11-05
JNPR,JNPR.W^E14,2012-11-20,ESG-EGARCH(G),0.5598023070204095,12.435659640689394,G,2012-11-05
JNPR,JNPR.W^E14,2012-11-20,ESG-EGARCH(S),0.5630925850560516,12.582272196234394,S,2012-11-05
JNPR,JNPR.W^E14,2012-11-20,ESG-GARCH,0.5803851780242009,13.366942653578704,all,2012-11-05
JNPR,JNPR.W^E14,2012-11-20,ESG-GARCH(E),0.5858215862542022,13.618529004817054,E,2012-11-05
JNPR,JNPR.W^E14,2012-11-20,ESG-GARCH(G),0.5822449085222017,13.452743392858212,G,2012-11-05
JNPR,JNPR.W^E14,2012-11-20,ESG-GARCH(S),0.5857457019265766,13.615001084343568,S,2012-11-05
JNPR,JNPR.W^E14,2012-11-20,ESG-GJR-GARCH,0.5796998428156518,13.335393165098866,all,2012-11-05
JNPR,JNPR.W^E14,2012-11-20,ESG-GJR-GARCH(E),0.5856063074537704,13.608521719430152,E,2012-11-05
JNPR,JNPR.W^E14,2012-11-20,ESG-GJR-GARCH(G),0.5823072186933884,13.455622894540856,G,2012-11-05
JNPR,JNPR.W^E14,2012-11-20,ESG-GJR-GARCH(S),0.5855801325247509,13.607305222527971,S,2012-11-05
JNPR,JNPR.W^E14,2012-11-20,GARCH,0.5575770309731434,12.336989899556574,,2012-11-05
JNPR,JNPR.W^E14,2012-11-20,GJR-GARCH,0.5516489600080927,12.07605456658771,,2012-11-05
JNPR,JNPR.W^E14,2012-11-21,EGARCH,0.5358119315731544,11.392635953022015,,2012-11-05
JNPR,JNPR.W^E14,2012-11-21,ESG-EGARCH,0.560158598293508,12.451494255640782,all,2012-11-05
JNPR,JNPR.W^E14,2012-11-21,ESG-EGARCH(E),0.5632032896742292,12.587220059518796,E,2012-11-05
JNPR,JNPR.W^E14,2012-11-21,ESG-EGARCH(G),0.5598023070204095,12.435659640689394,G,2012-11-05
JNPR,JNPR.W^E14,2012-11-21,ESG-EGARCH(S),0.5630925850560516,12.582272196234394,S,2012-11-05
JNPR,JNPR.W^E14,2012-11-21,ESG-GARCH,0.5803851780242009,13.366942653578704,all,2012-11-05
JNPR,JNPR.W^E14,2012-11-21,ESG-GARCH(E),0.5858215862542022,13.618529004817054,E,2012-11-05
JNPR,JNPR.W^E14,2012-11-21,ESG-GARCH(G),0.5822449085222017,13.452743392858212,G,2012-11-05
JNPR,JNPR.W^E14,2012-11-21,ESG-GARCH(S),0.5857457019265766,13.615001084343568,S,2012-11-05
JNPR,JNPR.W^E14,2012-11-21,ESG-GJR-GARCH,0.5796998428156518,13.335393165098866,all,2012-11-05
JNPR,JNPR.W^E14,2012-11-21,ESG-GJR-GARCH(E),0.5856063074537704,13.608521719430152,E,2012-11-05
JNPR,JNPR.W^E14,2012-11-21,ESG-GJR-GARCH(G),0.5823072186933884,13.455622894540856,G,2012-11-05
JNPR,JNPR.W^E14,2012-11-21,ESG-GJR-GARCH(S),0.5855801325247509,13.607305222527971,S,2012-11-05
JNPR,JNPR.W^E14,2012-11-21,GARCH,0.5575770309731434,12.336989899556574,,2012-11-05
JNPR,JNPR.W^E14,2012-11-21,GJR-GARCH,0.5516489600080927,12.07605456658771,,2012-11-05
JNPR,JNPR.W^E14,2012-11-26,EGARCH,0.5358119315731544,11.392635953022015,,2012-11-05
JNPR,JNPR.W^E14,2012-11-26,ESG-EGARCH,0.560158598293508,12.451494255640782,all,2012-11-05
JNPR,JNPR.W^E14,2012-11-26,ESG-EGARCH(E),0.5632032896742292,12.587220059518796,E,2012-11-05
JNPR,JNPR.W^E14,2012-11-26,ESG-EGARCH(G),0.5598023070204095,12.435659640689394,G,2012-11-05
JNPR,JNPR.W^E14,2012-11-26,ESG-EGARCH(S),0.5630925850560516,12.582272196234394,S,2012-11-05
JNPR,JNPR.W^E14,2012-11-26,ESG-GARCH,0.5803851780242009,13.366942653578704,all,2012-11-05
JNPR,JNPR.W^E14,2012-11-26,ESG-GARCH(E),0.5858215862542022,13.618529004817054,E,2012-11-05
JNPR,JNPR.W^E14,2012-11-26,ESG-GARCH(G),0.5822449085222017,13.452743392858212,G,2012-11-05
JNPR,JNPR.W^E14,2012-11-26,ESG-GARCH(S),0.5857457019265766,13.615001084343568,S,2012-11-05
JNPR,JNPR.W^E14,2012-11-26,ESG-GJR-GARCH,0.5796998428156518,13.335393165098866,all,2012-11-05
JNPR,JNPR.W^E14,2012-11-26,ESG-GJR-GARCH(E),0.5856063074537704,13.608521719430152,E,2012-11-05
JNPR,JNPR.W^E14,2012-11-26,ESG-GJR-GARCH(G),0.5823072186933884,13.455622894540856,G,2012-11-05
JNPR,JNPR.W^E14,2012-11-26,ESG-GJR-GARCH(S),0.5855801325247509,13.607305222527971,S,2012-11-05
JNPR,JNPR.W^E14,2012-11-26,GARCH,0.5575770309731434,12.336989899556574,,2012-11-05
JNPR,JNPR.W^E14,2012-11-26,GJR-GARCH,0.5516489600080927,12.07605456658771,,2012-11-05
JNPR,JNPR.W^E14,2012-11-27,EGARCH,0.5358119315731544,11.392635953022015,,2012-11-05
JNPR,JNPR.W^E14,2012-11-27,ESG-EGARCH,0.560158598293508,12.451494255640782,all,2012-11-05
JNPR,JNPR.W^E14,2012-11-27,ESG-EGARCH(E),0.5632032896742292,12.587220059518796,E,2012-11-05
JNPR,JNPR.W^E14,2012-11-27,ESG-EGARCH(G),0.5598023070204095,12.435659640689394,G,2012-11-05
JNPR,JNPR.W^E14,2012-11-27,ESG-EGARCH(S),0.5630925850560516,12.582272196234394,S,2012-11-05
JNPR,JNPR.W^E14,2012-11-27,ESG-GARCH,0.5803851780242009,13.366942653578704,all,2012-11-05
JNPR,JNPR.W^E14,2012-11-27,ESG-GARCH(E),0.5858215862542022,13.618529004817054,E,2012-11-05
JNPR,JNPR.W^E14,2012-11-27,ESG-GARCH(G),0.5822449085222017,13.452743392858212,G,2012-11-05
JNPR,JNPR.W^E14,2012-11-27,ESG-GARCH(S),0.5857457019265766,13.615001084343568,S,2012-11-05
JNPR,JNPR.W^E14,2012-11-27,ESG-GJR-GARCH,0.5796998428156518,13.335393165098866,all,2012-11-05
JNPR,JNPR.W^E14,2012-11-27,ESG-GJR-GARCH(E),0.5856063074537704,13.608521719430152,E,2012-11-05
JNPR,JNPR.W^E14,2012-11-27,ESG-GJR-GARCH(G),0.5823072186933884,13.455622894540856,G,2012-11-05
JNPR,JNPR.W^E14,2012-11-27,ESG-GJR-GARCH(S),0.5855801325247509,13.607305222527971,S,2012-11-05
JNPR,JNPR.W^E14,2012-11-27,GARCH,0.5575770309731434,12.336989899556574,,2012-11-05
JNPR,JNPR.W^E14,2012-11-27,GJR-GARCH,0.5516489600080927,12.07605456658771,,2012-11-05
JNPR,JNPR.W^E14,2012-11-28,EGARCH,0.5358119315731544,11.392635953022015,,2012-11-05
JNPR,JNPR.W^E14,2012-11-28,ESG-EGARCH,0.560158598293508,12.451494255640782,all,2012-11-05
JNPR,JNPR.W^E14,2012-11-28,ESG-EGARCH(E),0.5632032896742292,12.587220059518796,E,2012-11-05
JNPR,JNPR.W^E14,2012-11-28,ESG-EGARCH(G),0.5598023070204095,12.435659640689394,G,2012-11-05
JNPR,JNPR.W^E14,2012-11-28,ESG-EGARCH(S),0.5630925850560516,12.582272196234394,S,2012-11-05
JNPR,JNPR.W^E14,2012-11-28,ESG-GARCH,0.5803851780242009,13.366942653578704,all,2012-11-05
JNPR,JNPR.W^E14,2012-11-28,ESG-GARCH(E),0.5858215862542022,13.618529004817054,E,2012-11-05
JNPR,JNPR.W^E14,2012-11-28,ESG-GARCH(G),0.5822449085222017,13.452743392858212,G,2012-11-05
JNPR,JNPR.W^E14,2012-11-28,ESG-GARCH(S),0.5857457019265766,13.615001084343568,S,2012-11-05
JNPR,JNPR.W^E14,2012-11-28,ESG-GJR-GARCH,0.5796998428156518,13.335393165098866,all,2012-11-05
JNPR,JNPR.W^E14,2012-11-28,ESG-GJR-GARCH(E),0.5856063074537704,13.608521719430152,E,2012-11-05
JNPR,JNPR.W^E14,2012-11-28,ESG-GJR-GARCH(G),0.5823072186933884,13.455622894540856,G,2012-11-05
JNPR,JNPR.W^E14,2012-11-28,ESG-GJR-GARCH(S),0.5855801325247509,13.607305222527971,S,2012-11-05
JNPR,JNPR.W^E14,2012-11-28,GARCH,0.5575770309731434,12.336989899556574,,2012-11-05
JNPR,JNPR.W^E14,2012-11-28,GJR-GARCH,0.5516489600080927,12.07605456658771,,2012-11-05
JNPR,JNPR.W^E14,2012-11-29,EGARCH,0.5358119315731544,11.392635953022015,,2012-11-05
JNPR,JNPR.W^E14,2012-11-29,ESG-EGARCH,0.560158598293508,12.451494255640782,all,2012-11-05
JNPR,JNPR.W^E14,2012-11-29,ESG-EGARCH(E),0.5632032896742292,12.587220059518796,E,2012-11-05
JNPR,JNPR.W^E14,2012-11-29,ESG-EGARCH(G),0.5598023070204095,12.435659640689394,G,2012-11-05
JNPR,JNPR.W^E14,2012-11-29,ESG-EGARCH(S),0.5630925850560516,12.582272196234394,S,2012-11-05
JNPR,JNPR.W^E14,2012-11-29,ESG-GARCH,0.5803851780242009,13.366942653578704,all,2012-11-05
JNPR,JNPR.W^E14,2012-11-29,ESG-GARCH(E),0.5858215862542022,13.618529004817054,E,2012-11-05
JNPR,JNPR.W^E14,2012-11-29,ESG-GARCH(G),0.5822449085222017,13.452743392858212,G,2012-11-05
JNPR,JNPR.W^E14,2012-11-29,ESG-GARCH(S),0.5857457019265766,13.615001084343568,S,2012-11-05
JNPR,JNPR.W^E14,2012-11-29,ESG-GJR-GARCH,0.5796998428156518,13.335393165098866,all,2012-11-05
JNPR,JNPR.W^E14,2012-11-29,ESG-GJR-GARCH(E),0.5856063074537704,13.608521719430152,E,2012-11-05
JNPR,JNPR.W^E14,2012-11-29,ESG-GJR-GARCH(G),0.5823072186933884,13.455622894540856,G,2012-11-05
JNPR,JNPR.W^E14,2012-11-29,ESG-GJR-GARCH(S),0.5855801325247509,13.607305222527971,S,2012-11-05
JNPR,JNPR.W^E14,2012-11-29,GARCH,0.5575770309731434,12.336989899556574,,2012-11-05
JNPR,JNPR.W^E14,2012-11-29,GJR-GARCH,0.5516489600080927,12.07605456658771,,2012-11-05
JNPR,JNPR.W^E14,2012-11-30,EGARCH,0.5358119315731544,11.392635953022015,,2012-11-05
JNPR,JNPR.W^E14,2012-11-30,ESG-EGARCH,0.560158598293508,12.451494255640782,all,2012-11-05
JNPR,JNPR.W^E14,2012-11-30,ESG-EGARCH(E),0.5632032896742292,12.587220059518796,E,2012-11-05
JNPR,JNPR.W^E14,2012-11-30,ESG-EGARCH(G),0.5598023070204095,12.435659640689394,G,2012-11-05
JNPR,JNPR.W^E14,2012-11-30,ESG-EGARCH(S),0.5630925850560516,12.582272196234394,S,2012-11-05
JNPR,JNPR.W^E14,2012-11-30,ESG-GARCH,0.5803851780242009,13.366942653578704,all,2012-11-05
JNPR,JNPR.W^E14,2012-11-30,ESG-GARCH(E),0.5858215862542022,13.618529004817054,E,2012-11-05
JNPR,JNPR.W^E14,2012-11-30,ESG-GARCH(G),0.5822449085222017,13.452743392858212,G,2012-11-05
JNPR,JNPR.W^E14,2012-11-30,ESG-GARCH(S),0.5857457019265766,13.615001084343568,S,2012-11-05
JNPR,JNPR.W^E14,2012-11-30,ESG-GJR-GARCH,0.5796998428156518,13.335393165098866,all,2012-11-05
JNPR,JNPR.W^E14,2012-11-30,ESG-GJR-GARCH(E),0.5856063074537704,13.608521719430152,E,2012-11-05
JNPR,JNPR.W^E14,2012-11-30,ESG-GJR-GARCH(G),0.5823072186933884,13.455622894540856,G,2012-11-05
JNPR,JNPR.W^E14,2012-11-30,ESG-GJR-GARCH(S),0.5855801325247509,13.607305222527971,S,2012-11-05
JNPR,JNPR.W^E14,2012-11-30,GARCH,0.5575770309731434,12.336989899556574,,2012-11-05
JNPR,JNPR.W^E14,2012-11-30,GJR-GARCH,0.5516489600080927,12.07605456658771,,2012-11-05
JNPR,JNPR.W^E14,2012-12-03,EGARCH,0.5358119315731544,11.392635953022015,,2012-11-05
JNPR,JNPR.W^E14,2012-12-03,ESG-EGARCH,0.560158598293508,12.451494255640782,all,2012-11-05
JNPR,JNPR.W^E14,2012-12-03,ESG-EGARCH(E),0.5632032896742292,12.587220059518796,E,2012-11-05
JNPR,JNPR.W^E14,2012-12-03,ESG-EGARCH(G),0.5598023070204095,12.435659640689394,G,2012-11-05
JNPR,JNPR.W^E14,2012-12-03,ESG-EGARCH(S),0.5630925850560516,12.582272196234394,S,2012-11-05
JNPR,JNPR.W^E14,2012-12-03,ESG-GARCH,0.5803851780242009,13.366942653578704,all,2012-11-05
JNPR,JNPR.W^E14,2012-12-03,ESG-GARCH(E),0.5858215862542022,13.618529004817054,E,2012-11-05
JNPR,JNPR.W^E14,2012-12-03,ESG-GARCH(G),0.5822449085222017,13.452743392858212,G,2012-11-05
JNPR,JNPR.W^E14,2012-12-03,ESG-GARCH(S),0.5857457019265766,13.615001084343568,S,2012-11-05
JNPR,JNPR.W^E14,2012-12-03,ESG-GJR-GARCH,0.5796998428156518,13.335393165098866,all,2012-11-05
JNPR,JNPR.W^E14,2012-12-03,ESG-GJR-GARCH(E),0.5856063074537704,13.608521719430152,E,2012-11-05
JNPR,JNPR.W^E14,2012-12-03,ESG-GJR-GARCH(G),0.5823072186933884,13.455622894540856,G,2012-11-05
JNPR,JNPR.W^E14,2012-12-03,ESG-GJR-GARCH(S),0.5855801325247509,13.607305222527971,S,2012-11-05
JNPR,JNPR.W^E14,2012-12-03,GARCH,0.5575770309731434,12.336989899556574,,2012-11-05
JNPR,JNPR.W^E14,2012-12-03,GJR-GARCH,0.5516489600080927,12.07605456658771,,2012-11-05
JNPR,JNPR.W^E14,2012-12-04,EGARCH,0.5358119315731544,11.392635953022015,,2012-11-05
JNPR,JNPR.W^E14,2012-12-04,ESG-EGARCH,0.560158598293508,12.451494255640782,all,2012-11-05
JNPR,JNPR.W^E14,2012-12-04,ESG-EGARCH(E),0.5632032896742292,12.587220059518796,E,2012-11-05
JNPR,JNPR.W^E14,2012-12-04,ESG-EGARCH(G),0.5598023070204095,12.435659640689394,G,2012-11-05
JNPR,JNPR.W^E14,2012-12-04,ESG-EGARCH(S),0.5630925850560516,12.582272196234394,S,2012-11-05
JNPR,JNPR.W^E14,2012-12-04,ESG-GARCH,0.5803851780242009,13.366942653578704,all,2012-11-05
JNPR,JNPR.W^E14,2012-12-04,ESG-GARCH(E),0.5858215862542022,13.618529004817054,E,2012-11-05
JNPR,JNPR.W^E14,2012-12-04,ESG-GARCH(G),0.5822449085222017,13.452743392858212,G,2012-11-05
JNPR,JNPR.W^E14,2012-12-04,ESG-GARCH(S),0.5857457019265766,13.615001084343568,S,2012-11-05
JNPR,JNPR.W^E14,2012-12-04,ESG-GJR-GARCH,0.5796998428156518,13.335393165098866,all,2012-11-05
JNPR,JNPR.W^E14,2012-12-04,ESG-GJR-GARCH(E),0.5856063074537704,13.608521719430152,E,2012-11-05
JNPR,JNPR.W^E14,2012-12-04,ESG-GJR-GARCH(G),0.5823072186933884,13.455622894540856,G,2012-11-05
JNPR,JNPR.W^E14,2012-12-04,ESG-GJR-GARCH(S),0.5855801325247509,13.607305222527971,S,2012-11-05
JNPR,JNPR.W^E14,2012-12-04,GARCH,0.5575770309731434,12.336989899556574,,2012-11-05
JNPR,JNPR.W^E14,2012-12-04,GJR-GARCH,0.5516489600080927,12.07605456658771,,2012-11-05
JNPR,JNPR.W^E14,2012-12-05,EGARCH,0.5358119315731544,11.392635953022015,,2012-11-05
JNPR,JNPR.W^E14,2012-12-05,ESG-EGARCH,0.560158598293508,12.451494255640782,all,2012-11-05
JNPR,JNPR.W^E14,2012-12-05,ESG-EGARCH(E),0.5632032896742292,12.587220059518796,E,2012-11-05
JNPR,JNPR.W^E14,2012-12-05,ESG-EGARCH(G),0.5598023070204095,12.435659640689394,G,2012-11-05
JNPR,JNPR.W^E14,2012-12-05,ESG-EGARCH(S),0.5630925850560516,12.582272196234394,S,2012-11-05
JNPR,JNPR.W^E14,2012-12-05,ESG-GARCH,0.5803851780242009,13.366942653578704,all,2012-11-05
JNPR,JNPR.W^E14,2012-12-05,ESG-GARCH(E),0.5858215862542022,13.618529004817054,E,2012-11-05
JNPR,JNPR.W^E14,2012-12-05,ESG-GARCH(G),0.5822449085222017,13.452743392858212,G,2012-11-05
JNPR,JNPR.W^E14,2012-12-05,ESG-GARCH(S),0.5857457019265766,13.615001084343568,S,2012-11-05
JNPR,JNPR.W^E14,2012-12-05,ESG-GJR-GARCH,0.5796998428156518,13.335393165098866,all,2012-11-05
JNPR,JNPR.W^E14,2012-12-05,ESG-GJR-GARCH(E),0.5856063074537704,13.608521719430152,E,2012-11-05
JNPR,JNPR.W^E14,2012-12-05,ESG-GJR-GARCH(G),0.5823072186933884,13.455622894540856,G,2012-11-05
JNPR,JNPR.W^E14,2012-12-05,ESG-GJR-GARCH(S),0.5855801325247509,13.607305222527971,S,2012-11-05
JNPR,JNPR.W^E14,2012-12-05,GARCH,0.5575770309731434,12.336989899556574,,2012-11-05
JNPR,JNPR.W^E14,2012-12-05,GJR-GARCH,0.5516489600080927,12.07605456658771,,2012-11-05
JNPR,JNPR.W^E14,2012-12-06,EGARCH,0.5358119315731544,11.392635953022015,,2012-11-05
JNPR,JNPR.W^E14,2012-12-06,ESG-EGARCH,0.560158598293508,12.451494255640782,all,2012-11-05
JNPR,JNPR.W^E14,2012-12-06,ESG-EGARCH(E),0.5632032896742292,12.587220059518796,E,2012-11-05
JNPR,JNPR.W^E14,2012-12-06,ESG-EGARCH(G),0.5598023070204095,12.435659640689394,G,2012-11-05
JNPR,JNPR.W^E14,2012-12-06,ESG-EGARCH(S),0.5630925850560516,12.582272196234394,S,2012-11-05
JNPR,JNPR.W^E14,2012-12-06,ESG-GARCH,0.5803851780242009,13.366942653578704,all,2012-11-05
JNPR,JNPR.W^E14,2012-12-06,ESG-GARCH(E),0.5858215862542022,13.618529004817054,E,2012-11-05
JNPR,JNPR.W^E14,2012-12-06,ESG-GARCH(G),0.5822449085222017,13.452743392858212,G,2012-11-05
JNPR,JNPR.W^E14,2012-12-06,ESG-GARCH(S),0.5857457019265766,13.615001084343568,S,2012-11-05
JNPR,JNPR.W^E14,2012-12-06,ESG-GJR-GARCH,0.5796998428156518,13.335393165098866,all,2012-11-05
JNPR,JNPR.W^E14,2012-12-06,ESG-GJR-GARCH(E),0.5856063074537704,13.608521719430152,E,2012-11-05
JNPR,JNPR.W^E14,2012-12-06,ESG-GJR-GARCH(G),0.5823072186933884,13.455622894540856,G,2012-11-05
JNPR,JNPR.W^E14,2012-12-06,ESG-GJR-GARCH(S),0.5855801325247509,13.607305222527971,S,2012-11-05
JNPR,JNPR.W^E14,2012-12-06,GARCH,0.5575770309731434,12.336989899556574,,2012-11-05
JNPR,JNPR.W^E14,2012-12-06,GJR-GARCH,0.5516489600080927,12.07605456658771,,2012-11-05
JNPR,JNPR.W^E14,2012-12-07,EGARCH,0.431456705870525,7.387098771454155,,2012-12-07
JNPR,JNPR.W^E14,2012-12-07,ESG-EGARCH,0.3792715777522372,5.708211495661558,all,2012-12-07
JNPR,JNPR.W^E14,2012-12-07,ESG-EGARCH(E),0.3803596153223562,5.74100940349884,E,2012-12-07
JNPR,JNPR.W^E14,2012-12-07,ESG-EGARCH(G),0.3796506071972408,5.719626331160065,G,2012-12-07
JNPR,JNPR.W^E14,2012-12-07,ESG-EGARCH(S),0.3804267843027347,5.74303723075077,S,2012-12-07
JNPR,JNPR.W^E14,2012-12-07,ESG-GARCH,0.3761175390464832,5.613666792792971,all,2012-12-07
JNPR,JNPR.W^E14,2012-12-07,ESG-GARCH(E),0.3773009329946512,5.649047382485487,E,2012-12-07
JNPR,JNPR.W^E14,2012-12-07,ESG-GARCH(G),0.37755030745962,5.656517248525936,G,2012-12-07
JNPR,JNPR.W^E14,2012-12-07,ESG-GARCH(S),0.3774151400281653,5.652467774701574,S,2012-12-07
JNPR,JNPR.W^E14,2012-12-07,ESG-GJR-GARCH,0.3646544556362717,5.276701270451811,all,2012-12-07
JNPR,JNPR.W^E14,2012-12-07,ESG-GJR-GARCH(E),0.3661010084325212,5.318648745051943,E,2012-12-07
JNPR,JNPR.W^E14,2012-12-07,ESG-GJR-GARCH(G),0.3664620503764796,5.329144220878313,G,2012-12-07
JNPR,JNPR.W^E14,2012-12-07,ESG-GJR-GARCH(S),0.366229010705821,5.322368582641442,S,2012-12-07
JNPR,JNPR.W^E14,2012-12-07,GARCH,0.4275418597312774,7.25365245327299,,2012-12-07
JNPR,JNPR.W^E14,2012-12-07,GJR-GARCH,0.3630567609533903,5.230563955316159,,2012-12-07
JNPR,JNPR.W^E14,2012-12-10,EGARCH,0.431456705870525,7.387098771454155,,2012-12-07
JNPR,JNPR.W^E14,2012-12-10,ESG-EGARCH,0.3792715777522372,5.708211495661558,all,2012-12-07
JNPR,JNPR.W^E14,2012-12-10,ESG-EGARCH(E),0.3803596153223562,5.74100940349884,E,2012-12-07
JNPR,JNPR.W^E14,2012-12-10,ESG-EGARCH(G),0.3796506071972408,5.719626331160065,G,2012-12-07
JNPR,JNPR.W^E14,2012-12-10,ESG-EGARCH(S),0.3804267843027347,5.74303723075077,S,2012-12-07
JNPR,JNPR.W^E14,2012-12-10,ESG-GARCH,0.3761175390464832,5.613666792792971,all,2012-12-07
JNPR,JNPR.W^E14,2012-12-10,ESG-GARCH(E),0.3773009329946512,5.649047382485487,E,2012-12-07
JNPR,JNPR.W^E14,2012-12-10,ESG-GARCH(G),0.37755030745962,5.656517248525936,G,2012-12-07
JNPR,JNPR.W^E14,2012-12-10,ESG-GARCH(S),0.3774151400281653,5.652467774701574,S,2012-12-07
JNPR,JNPR.W^E14,2012-12-10,ESG-GJR-GARCH,0.3646544556362717,5.276701270451811,all,2012-12-07
JNPR,JNPR.W^E14,2012-12-10,ESG-GJR-GARCH(E),0.3661010084325212,5.318648745051943,E,2012-12-07
JNPR,JNPR.W^E14,2012-12-10,ESG-GJR-GARCH(G),0.3664620503764796,5.329144220878313,G,2012-12-07
JNPR,JNPR.W^E14,2012-12-10,ESG-GJR-GARCH(S),0.366229010705821,5.322368582641442,S,2012-12-07
JNPR,JNPR.W^E14,2012-12-10,GARCH,0.4275418597312774,7.25365245327299,,2012-12-07
JNPR,JNPR.W^E14,2012-12-10,GJR-GARCH,0.3630567609533903,5.230563955316159,,2012-12-07
JNPR,JNPR.W^E14,2012-12-11,EGARCH,0.431456705870525,7.387098771454155,,2012-12-07
JNPR,JNPR.W^E14,2012-12-11,ESG-EGARCH,0.3792715777522372,5.708211495661558,all,2012-12-07
JNPR,JNPR.W^E14,2012-12-11,ESG-EGARCH(E),0.3803596153223562,5.74100940349884,E,2012-12-07
JNPR,JNPR.W^E14,2012-12-11,ESG-EGARCH(G),0.3796506071972408,5.719626331160065,G,2012-12-07
JNPR,JNPR.W^E14,2012-12-11,ESG-EGARCH(S),0.3804267843027347,5.74303723075077,S,2012-12-07
JNPR,JNPR.W^E14,2012-12-11,ESG-GARCH,0.3761175390464832,5.613666792792971,all,2012-12-07
JNPR,JNPR.W^E14,2012-12-11,ESG-GARCH(E),0.3773009329946512,5.649047382485487,E,2012-12-07
JNPR,JNPR.W^E14,2012-12-11,ESG-GARCH(G),0.37755030745962,5.656517248525936,G,2012-12-07
JNPR,JNPR.W^E14,2012-12-11,ESG-GARCH(S),0.3774151400281653,5.652467774701574,S,2012-12-07
JNPR,JNPR.W^E14,2012-12-11,ESG-GJR-GARCH,0.3646544556362717,5.276701270451811,all,2012-12-07
JNPR,JNPR.W^E14,2012-12-11,ESG-GJR-GARCH(E),0.3661010084325212,5.318648745051943,E,2012-12-07
JNPR,JNPR.W^E14,2012-12-11,ESG-GJR-GARCH(G),0.3664620503764796,5.329144220878313,G,2012-12-07
JNPR,JNPR.W^E14,2012-12-11,ESG-GJR-GARCH(S),0.366229010705821,5.322368582641442,S,2012-12-07
JNPR,JNPR.W^E14,2012-12-11,GARCH,0.4275418597312774,7.25365245327299,,2012-12-07
JNPR,JNPR.W^E14,2012-12-11,GJR-GARCH,0.3630567609533903,5.230563955316159,,2012-12-07
JNPR,JNPR.W^E14,2012-12-12,EGARCH,0.431456705870525,7.387098771454155,,2012-12-07
JNPR,JNPR.W^E14,2012-12-12,ESG-EGARCH,0.3792715777522372,5.708211495661558,all,2012-12-07
JNPR,JNPR.W^E14,2012-12-12,ESG-EGARCH(E),0.3803596153223562,5.74100940349884,E,2012-12-07
JNPR,JNPR.W^E14,2012-12-12,ESG-EGARCH(G),0.3796506071972408,5.719626331160065,G,2012-12-07
JNPR,JNPR.W^E14,2012-12-12,ESG-EGARCH(S),0.3804267843027347,5.74303723075077,S,2012-12-07
JNPR,JNPR.W^E14,2012-12-12,ESG-GARCH,0.3761175390464832,5.613666792792971,all,2012-12-07
JNPR,JNPR.W^E14,2012-12-12,ESG-GARCH(E),0.3773009329946512,5.649047382485487,E,2012-12-07
JNPR,JNPR.W^E14,2012-12-12,ESG-GARCH(G),0.37755030745962,5.656517248525936,G,2012-12-07
JNPR,JNPR.W^E14,2012-12-12,ESG-GARCH(S),0.3774151400281653,5.652467774701574,S,2012-12-07
JNPR,JNPR.W^E14,2012-12-12,ESG-GJR-GARCH,0.3646544556362717,5.276701270451811,all,2012-12-07
JNPR,JNPR.W^E14,2012-12-12,ESG-GJR-GARCH(E),0.3661010084325212,5.318648745051943,E,2012-12-07
JNPR,JNPR.W^E14,2012-12-12,ESG-GJR-GARCH(G),0.3664620503764796,5.329144220878313,G,2012-12-07
JNPR,JNPR.W^E14,2012-12-12,ESG-GJR-GARCH(S),0.366229010705821,5.322368582641442,S,2012-12-07
JNPR,JNPR.W^E14,2012-12-12,GARCH,0.4275418597312774,7.25365245327299,,2012-12-07
JNPR,JNPR.W^E14,2012-12-12,GJR-GARCH,0.3630567609533903,5.230563955316159,,2012-12-07
JNPR,JNPR.W^E14,2012-12-13,EGARCH,0.431456705870525,7.387098771454155,,2012-12-07
JNPR,JNPR.W^E14,2012-12-13,ESG-EGARCH,0.3792715777522372,5.708211495661558,all,2012-12-07
JNPR,JNPR.W^E14,2012-12-13,ESG-EGARCH(E),0.3803596153223562,5.74100940349884,E,2012-12-07
JNPR,JNPR.W^E14,2012-12-13,ESG-EGARCH(G),0.3796506071972408,5.719626331160065,G,2012-12-07
JNPR,JNPR.W^E14,2012-12-13,ESG-EGARCH(S),0.3804267843027347,5.74303723075077,S,2012-12-07
JNPR,JNPR.W^E14,2012-12-13,ESG-GARCH,0.3761175390464832,5.613666792792971,all,2012-12-07
JNPR,JNPR.W^E14,2012-12-13,ESG-GARCH(E),0.3773009329946512,5.649047382485487,E,2012-12-07
JNPR,JNPR.W^E14,2012-12-13,ESG-GARCH(G),0.37755030745962,5.656517248525936,G,2012-12-07
JNPR,JNPR.W^E14,2012-12-13,ESG-GARCH(S),0.3774151400281653,5.652467774701574,S,2012-12-07
JNPR,JNPR.W^E14,2012-12-13,ESG-GJR-GARCH,0.3646544556362717,5.276701270451811,all,2012-12-07
JNPR,JNPR.W^E14,2012-12-13,ESG-GJR-GARCH(E),0.3661010084325212,5.318648745051943,E,2012-12-07
JNPR,JNPR.W^E14,2012-12-13,ESG-GJR-GARCH(G),0.3664620503764796,5.329144220878313,G,2012-12-07
JNPR,JNPR.W^E14,2012-12-13,ESG-GJR-GARCH(S),0.366229010705821,5.322368582641442,S,2012-12-07
JNPR,JNPR.W^E14,2012-12-13,GARCH,0.4275418597312774,7.25365245327299,,2012-12-07
JNPR,JNPR.W^E14,2012-12-13,GJR-GARCH,0.3630567609533903,5.230563955316159,,2012-12-07
JNPR,JNPR.W^E14,2012-12-14,EGARCH,0.431456705870525,7.387098771454155,,2012-12-07
JNPR,JNPR.W^E14,2012-12-14,ESG-EGARCH,0.3792715777522372,5.708211495661558,all,2012-12-07
JNPR,JNPR.W^E14,2012-12-14,ESG-EGARCH(E),0.3803596153223562,5.74100940349884,E,2012-12-07
JNPR,JNPR.W^E14,2012-12-14,ESG-EGARCH(G),0.3796506071972408,5.719626331160065,G,2012-12-07
JNPR,JNPR.W^E14,2012-12-14,ESG-EGARCH(S),0.3804267843027347,5.74303723075077,S,2012-12-07
JNPR,JNPR.W^E14,2012-12-14,ESG-GARCH,0.3761175390464832,5.613666792792971,all,2012-12-07
JNPR,JNPR.W^E14,2012-12-14,ESG-GARCH(E),0.3773009329946512,5.649047382485487,E,2012-12-07
JNPR,JNPR.W^E14,2012-12-14,ESG-GARCH(G),0.37755030745962,5.656517248525936,G,2012-12-07
JNPR,JNPR.W^E14,2012-12-14,ESG-GARCH(S),0.3774151400281653,5.652467774701574,S,2012-12-07
JNPR,JNPR.W^E14,2012-12-14,ESG-GJR-GARCH,0.3646544556362717,5.276701270451811,all,2012-12-07
JNPR,JNPR.W^E14,2012-12-14,ESG-GJR-GARCH(E),0.3661010084325212,5.318648745051943,E,2012-12-07
JNPR,JNPR.W^E14,2012-12-14,ESG-GJR-GARCH(G),0.3664620503764796,5.329144220878313,G,2012-12-07
JNPR,JNPR.W^E14,2012-12-14,ESG-GJR-GARCH(S),0.366229010705821,5.322368582641442,S,2012-12-07
JNPR,JNPR.W^E14,2012-12-14,GARCH,0.4275418597312774,7.25365245327299,,2012-12-07
JNPR,JNPR.W^E14,2012-12-14,GJR-GARCH,0.3630567609533903,5.230563955316159,,2012-12-07
JNPR,JNPR.W^E14,2012-12-17,EGARCH,0.431456705870525,7.387098771454155,,2012-12-07
JNPR,JNPR.W^E14,2012-12-17,ESG-EGARCH,0.3792715777522372,5.708211495661558,all,2012-12-07
JNPR,JNPR.W^E14,2012-12-17,ESG-EGARCH(E),0.3803596153223562,5.74100940349884,E,2012-12-07
JNPR,JNPR.W^E14,2012-12-17,ESG-EGARCH(G),0.3796506071972408,5.719626331160065,G,2012-12-07
JNPR,JNPR.W^E14,2012-12-17,ESG-EGARCH(S),0.3804267843027347,5.74303723075077,S,2012-12-07
JNPR,JNPR.W^E14,2012-12-17,ESG-GARCH,0.3761175390464832,5.613666792792971,all,2012-12-07
JNPR,JNPR.W^E14,2012-12-17,ESG-GARCH(E),0.3773009329946512,5.649047382485487,E,2012-12-07
JNPR,JNPR.W^E14,2012-12-17,ESG-GARCH(G),0.37755030745962,5.656517248525936,G,2012-12-07
JNPR,JNPR.W^E14,2012-12-17,ESG-GARCH(S),0.3774151400281653,5.652467774701574,S,2012-12-07
JNPR,JNPR.W^E14,2012-12-17,ESG-GJR-GARCH,0.3646544556362717,5.276701270451811,all,2012-12-07
JNPR,JNPR.W^E14,2012-12-17,ESG-GJR-GARCH(E),0.3661010084325212,5.318648745051943,E,2012-12-07
JNPR,JNPR.W^E14,2012-12-17,ESG-GJR-GARCH(G),0.3664620503764796,5.329144220878313,G,2012-12-07
JNPR,JNPR.W^E14,2012-12-17,ESG-GJR-GARCH(S),0.366229010705821,5.322368582641442,S,2012-12-07
JNPR,JNPR.W^E14,2012-12-17,GARCH,0.4275418597312774,7.25365245327299,,2012-12-07
JNPR,JNPR.W^E14,2012-12-17,GJR-GARCH,0.3630567609533903,5.230563955316159,,2012-12-07
JNPR,JNPR.W^E14,2012-12-18,EGARCH,0.431456705870525,7.387098771454155,,2012-12-07
JNPR,JNPR.W^E14,2012-12-18,ESG-EGARCH,0.3792715777522372,5.708211495661558,all,2012-12-07
JNPR,JNPR.W^E14,2012-12-18,ESG-EGARCH(E),0.3803596153223562,5.74100940349884,E,2012-12-07
JNPR,JNPR.W^E14,2012-12-18,ESG-EGARCH(G),0.3796506071972408,5.719626331160065,G,2012-12-07
JNPR,JNPR.W^E14,2012-12-18,ESG-EGARCH(S),0.3804267843027347,5.74303723075077,S,2012-12-07
JNPR,JNPR.W^E14,2012-12-18,ESG-GARCH,0.3761175390464832,5.613666792792971,all,2012-12-07
JNPR,JNPR.W^E14,2012-12-18,ESG-GARCH(E),0.3773009329946512,5.649047382485487,E,2012-12-07
JNPR,JNPR.W^E14,2012-12-18,ESG-GARCH(G),0.37755030745962,5.656517248525936,G,2012-12-07
JNPR,JNPR.W^E14,2012-12-18,ESG-GARCH(S),0.3774151400281653,5.652467774701574,S,2012-12-07
JNPR,JNPR.W^E14,2012-12-18,ESG-GJR-GARCH,0.3646544556362717,5.276701270451811,all,2012-12-07
JNPR,JNPR.W^E14,2012-12-18,ESG-GJR-GARCH(E),0.3661010084325212,5.318648745051943,E,2012-12-07
JNPR,JNPR.W^E14,2012-12-18,ESG-GJR-GARCH(G),0.3664620503764796,5.329144220878313,G,2012-12-07
JNPR,JNPR.W^E14,2012-12-18,ESG-GJR-GARCH(S),0.366229010705821,5.322368582641442,S,2012-12-07
JNPR,JNPR.W^E14,2012-12-18,GARCH,0.4275418597312774,7.25365245327299,,2012-12-07
JNPR,JNPR.W^E14,2012-12-18,GJR-GARCH,0.3630567609533903,5.230563955316159,,2012-12-07
JNPR,JNPR.W^E14,2012-12-19,EGARCH,0.431456705870525,7.387098771454155,,2012-12-07
JNPR,JNPR.W^E14,2012-12-19,ESG-EGARCH,0.3792715777522372,5.708211495661558,all,2012-12-07
JNPR,JNPR.W^E14,2012-12-19,ESG-EGARCH(E),0.3803596153223562,5.74100940349884,E,2012-12-07
JNPR,JNPR.W^E14,2012-12-19,ESG-EGARCH(G),0.3796506071972408,5.719626331160065,G,2012-12-07
JNPR,JNPR.W^E14,2012-12-19,ESG-EGARCH(S),0.3804267843027347,5.74303723075077,S,2012-12-07
JNPR,JNPR.W^E14,2012-12-19,ESG-GARCH,0.3761175390464832,5.613666792792971,all,2012-12-07
JNPR,JNPR.W^E14,2012-12-19,ESG-GARCH(E),0.3773009329946512,5.649047382485487,E,2012-12-07
JNPR,JNPR.W^E14,2012-12-19,ESG-GARCH(G),0.37755030745962,5.656517248525936,G,2012-12-07
JNPR,JNPR.W^E14,2012-12-19,ESG-GARCH(S),0.3774151400281653,5.652467774701574,S,2012-12-07
JNPR,JNPR.W^E14,2012-12-19,ESG-GJR-GARCH,0.3646544556362717,5.276701270451811,all,2012-12-07
JNPR,JNPR.W^E14,2012-12-19,ESG-GJR-GARCH(E),0.3661010084325212,5.318648745051943,E,2012-12-07
JNPR,JNPR.W^E14,2012-12-19,ESG-GJR-GARCH(G),0.3664620503764796,5.329144220878313,G,2012-12-07
JNPR,JNPR.W^E14,2012-12-19,ESG-GJR-GARCH(S),0.366229010705821,5.322368582641442,S,2012-12-07
JNPR,JNPR.W^E14,2012-12-19,GARCH,0.4275418597312774,7.25365245327299,,2012-12-07
JNPR,JNPR.W^E14,2012-12-19,GJR-GARCH,0.3630567609533903,5.230563955316159,,2012-12-07
JNPR,JNPR.W^E14,2012-12-20,EGARCH,0.431456705870525,7.387098771454155,,2012-12-07
JNPR,JNPR.W^E14,2012-12-20,ESG-EGARCH,0.3792715777522372,5.708211495661558,all,2012-12-07
JNPR,JNPR.W^E14,2012-12-20,ESG-EGARCH(E),0.3803596153223562,5.74100940349884,E,2012-12-07
JNPR,JNPR.W^E14,2012-12-20,ESG-EGARCH(G),0.3796506071972408,5.719626331160065,G,2012-12-07
JNPR,JNPR.W^E14,2012-12-20,ESG-EGARCH(S),0.3804267843027347,5.74303723075077,S,2012-12-07
JNPR,JNPR.W^E14,2012-12-20,ESG-GARCH,0.3761175390464832,5.613666792792971,all,2012-12-07
JNPR,JNPR.W^E14,2012-12-20,ESG-GARCH(E),0.3773009329946512,5.649047382485487,E,2012-12-07
JNPR,JNPR.W^E14,2012-12-20,ESG-GARCH(G),0.37755030745962,5.656517248525936,G,2012-12-07
JNPR,JNPR.W^E14,2012-12-20,ESG-GARCH(S),0.3774151400281653,5.652467774701574,S,2012-12-07
JNPR,JNPR.W^E14,2012-12-20,ESG-GJR-GARCH,0.3646544556362717,5.276701270451811,all,2012-12-07
JNPR,JNPR.W^E14,2012-12-20,ESG-GJR-GARCH(E),0.3661010084325212,5.318648745051943,E,2012-12-07
JNPR,JNPR.W^E14,2012-12-20,ESG-GJR-GARCH(G),0.3664620503764796,5.329144220878313,G,2012-12-07
JNPR,JNPR.W^E14,2012-12-20,ESG-GJR-GARCH(S),0.366229010705821,5.322368582641442,S,2012-12-07
JNPR,JNPR.W^E14,2012-12-20,GARCH,0.4275418597312774,7.25365245327299,,2012-12-07
JNPR,JNPR.W^E14,2012-12-20,GJR-GARCH,0.3630567609533903,5.230563955316159,,2012-12-07
JNPR,JNPR.W^E14,2012-12-21,EGARCH,0.431456705870525,7.387098771454155,,2012-12-07
JNPR,JNPR.W^E14,2012-12-21,ESG-EGARCH,0.3792715777522372,5.708211495661558,all,2012-12-07
JNPR,JNPR.W^E14,2012-12-21,ESG-EGARCH(E),0.3803596153223562,5.74100940349884,E,2012-12-07
JNPR,JNPR.W^E14,2012-12-21,ESG-EGARCH(G),0.3796506071972408,5.719626331160065,G,2012-12-07
JNPR,JNPR.W^E14,2012-12-21,ESG-EGARCH(S),0.3804267843027347,5.74303723075077,S,2012-12-07
JNPR,JNPR.W^E14,2012-12-21,ESG-GARCH,0.3761175390464832,5.613666792792971,all,2012-12-07
JNPR,JNPR.W^E14,2012-12-21,ESG-GARCH(E),0.3773009329946512,5.649047382485487,E,2012-12-07
JNPR,JNPR.W^E14,2012-12-21,ESG-GARCH(G),0.37755030745962,5.656517248525936,G,2012-12-07
JNPR,JNPR.W^E14,2012-12-21,ESG-GARCH(S),0.3774151400281653,5.652467774701574,S,2012-12-07
JNPR,JNPR.W^E14,2012-12-21,ESG-GJR-GARCH,0.3646544556362717,5.276701270451811,all,2012-12-07
JNPR,JNPR.W^E14,2012-12-21,ESG-GJR-GARCH(E),0.3661010084325212,5.318648745051943,E,2012-12-07
JNPR,JNPR.W^E14,2012-12-21,ESG-GJR-GARCH(G),0.3664620503764796,5.329144220878313,G,2012-12-07
JNPR,JNPR.W^E14,2012-12-21,ESG-GJR-GARCH(S),0.366229010705821,5.322368582641442,S,2012-12-07
JNPR,JNPR.W^E14,2012-12-21,GARCH,0.4275418597312774,7.25365245327299,,2012-12-07
JNPR,JNPR.W^E14,2012-12-21,GJR-GARCH,0.3630567609533903,5.230563955316159,,2012-12-07
JNPR,JNPR.W^E14,2012-12-24,EGARCH,0.431456705870525,7.387098771454155,,2012-12-07
JNPR,JNPR.W^E14,2012-12-24,ESG-EGARCH,0.3792715777522372,5.708211495661558,all,2012-12-07
JNPR,JNPR.W^E14,2012-12-24,ESG-EGARCH(E),0.3803596153223562,5.74100940349884,E,2012-12-07
JNPR,JNPR.W^E14,2012-12-24,ESG-EGARCH(G),0.3796506071972408,5.719626331160065,G,2012-12-07
JNPR,JNPR.W^E14,2012-12-24,ESG-EGARCH(S),0.3804267843027347,5.74303723075077,S,2012-12-07
JNPR,JNPR.W^E14,2012-12-24,ESG-GARCH,0.3761175390464832,5.613666792792971,all,2012-12-07
JNPR,JNPR.W^E14,2012-12-24,ESG-GARCH(E),0.3773009329946512,5.649047382485487,E,2012-12-07
JNPR,JNPR.W^E14,2012-12-24,ESG-GARCH(G),0.37755030745962,5.656517248525936,G,2012-12-07
JNPR,JNPR.W^E14,2012-12-24,ESG-GARCH(S),0.3774151400281653,5.652467774701574,S,2012-12-07
JNPR,JNPR.W^E14,2012-12-24,ESG-GJR-GARCH,0.3646544556362717,5.276701270451811,all,2012-12-07
JNPR,JNPR.W^E14,2012-12-24,ESG-GJR-GARCH(E),0.3661010084325212,5.318648745051943,E,2012-12-07
JNPR,JNPR.W^E14,2012-12-24,ESG-GJR-GARCH(G),0.3664620503764796,5.329144220878313,G,2012-12-07
JNPR,JNPR.W^E14,2012-12-24,ESG-GJR-GARCH(S),0.366229010705821,5.322368582641442,S,2012-12-07
JNPR,JNPR.W^E14,2012-12-24,GARCH,0.4275418597312774,7.25365245327299,,2012-12-07
JNPR,JNPR.W^E14,2012-12-24,GJR-GARCH,0.3630567609533903,5.230563955316159,,2012-12-07
JNPR,JNPR.W^E14,2012-12-26,EGARCH,0.431456705870525,7.387098771454155,,2012-12-07
JNPR,JNPR.W^E14,2012-12-26,ESG-EGARCH,0.3792715777522372,5.708211495661558,all,2012-12-07
JNPR,JNPR.W^E14,2012-12-26,ESG-EGARCH(E),0.3803596153223562,5.74100940349884,E,2012-12-07
JNPR,JNPR.W^E14,2012-12-26,ESG-EGARCH(G),0.3796506071972408,5.719626331160065,G,2012-12-07
JNPR,JNPR.W^E14,2012-12-26,ESG-EGARCH(S),0.3804267843027347,5.74303723075077,S,2012-12-07
JNPR,JNPR.W^E14,2012-12-26,ESG-GARCH,0.3761175390464832,5.613666792792971,all,2012-12-07
JNPR,JNPR.W^E14,2012-12-26,ESG-GARCH(E),0.3773009329946512,5.649047382485487,E,2012-12-07
JNPR,JNPR.W^E14,2012-12-26,ESG-GARCH(G),0.37755030745962,5.656517248525936,G,2012-12-07
JNPR,JNPR.W^E14,2012-12-26,ESG-GARCH(S),0.3774151400281653,5.652467774701574,S,2012-12-07
JNPR,JNPR.W^E14,2012-12-26,ESG-GJR-GARCH,0.3646544556362717,5.276701270451811,all,2012-12-07
JNPR,JNPR.W^E14,2012-12-26,ESG-GJR-GARCH(E),0.3661010084325212,5.318648745051943,E,2012-12-07
JNPR,JNPR.W^E14,2012-12-26,ESG-GJR-GARCH(G),0.3664620503764796,5.329144220878313,G,2012-12-07
JNPR,JNPR.W^E14,2012-12-26,ESG-GJR-GARCH(S),0.366229010705821,5.322368582641442,S,2012-12-07
JNPR,JNPR.W^E14,2012-12-26,GARCH,0.4275418597312774,7.25365245327299,,2012-12-07
JNPR,JNPR.W^E14,2012-12-26,GJR-GARCH,0.3630567609533903,5.230563955316159,,2012-12-07
JNPR,JNPR.W^E14,2012-12-27,EGARCH,0.431456705870525,7.387098771454155,,2012-12-07
JNPR,JNPR.W^E14,2012-12-27,ESG-EGARCH,0.3792715777522372,5.708211495661558,all,2012-12-07
JNPR,JNPR.W^E14,2012-12-27,ESG-EGARCH(E),0.3803596153223562,5.74100940349884,E,2012-12-07
JNPR,JNPR.W^E14,2012-12-27,ESG-EGARCH(G),0.3796506071972408,5.719626331160065,G,2012-12-07
JNPR,JNPR.W^E14,2012-12-27,ESG-EGARCH(S),0.3804267843027347,5.74303723075077,S,2012-12-07
JNPR,JNPR.W^E14,2012-12-27,ESG-GARCH,0.3761175390464832,5.613666792792971,all,2012-12-07
JNPR,JNPR.W^E14,2012-12-27,ESG-GARCH(E),0.3773009329946512,5.649047382485487,E,2012-12-07
JNPR,JNPR.W^E14,2012-12-27,ESG-GARCH(G),0.37755030745962,5.656517248525936,G,2012-12-07
JNPR,JNPR.W^E14,2012-12-27,ESG-GARCH(S),0.3774151400281653,5.652467774701574,S,2012-12-07
JNPR,JNPR.W^E14,2012-12-27,ESG-GJR-GARCH,0.3646544556362717,5.276701270451811,all,2012-12-07
JNPR,JNPR.W^E14,2012-12-27,ESG-GJR-GARCH(E),0.3661010084325212,5.318648745051943,E,2012-12-07
JNPR,JNPR.W^E14,2012-12-27,ESG-GJR-GARCH(G),0.3664620503764796,5.329144220878313,G,2012-12-07
JNPR,JNPR.W^E14,2012-12-27,ESG-GJR-GARCH(S),0.366229010705821,5.322368582641442,S,2012-12-07
JNPR,JNPR.W^E14,2012-12-27,GARCH,0.4275418597312774,7.25365245327299,,2012-12-07
JNPR,JNPR.W^E14,2012-12-27,GJR-GARCH,0.3630567609533903,5.230563955316159,,2012-12-07
JNPR,JNPR.W^E14,2012-12-28,EGARCH,0.431456705870525,7.387098771454155,,2012-12-07
JNPR,JNPR.W^E14,2012-12-28,ESG-EGARCH,0.3792715777522372,5.708211495661558,all,2012-12-07
JNPR,JNPR.W^E14,2012-12-28,ESG-EGARCH(E),0.3803596153223562,5.74100940349884,E,2012-12-07
JNPR,JNPR.W^E14,2012-12-28,ESG-EGARCH(G),0.3796506071972408,5.719626331160065,G,2012-12-07
JNPR,JNPR.W^E14,2012-12-28,ESG-EGARCH(S),0.3804267843027347,5.74303723075077,S,2012-12-07
JNPR,JNPR.W^E14,2012-12-28,ESG-GARCH,0.3761175390464832,5.613666792792971,all,2012-12-07
JNPR,JNPR.W^E14,2012-12-28,ESG-GARCH(E),0.3773009329946512,5.649047382485487,E,2012-12-07
JNPR,JNPR.W^E14,2012-12-28,ESG-GARCH(G),0.37755030745962,5.656517248525936,G,2012-12-07
JNPR,JNPR.W^E14,2012-12-28,ESG-GARCH(S),0.3774151400281653,5.652467774701574,S,2012-12-07
JNPR,JNPR.W^E14,2012-12-28,ESG-GJR-GARCH,0.3646544556362717,5.276701270451811,all,2012-12-07
JNPR,JNPR.W^E14,2012-12-28,ESG-GJR-GARCH(E),0.3661010084325212,5.318648745051943,E,2012-12-07
JNPR,JNPR.W^E14,2012-12-28,ESG-GJR-GARCH(G),0.3664620503764796,5.329144220878313,G,2012-12-07
JNPR,JNPR.W^E14,2012-12-28,ESG-GJR-GARCH(S),0.366229010705821,5.322368582641442,S,2012-12-07
JNPR,JNPR.W^E14,2012-12-28,GARCH,0.4275418597312774,7.25365245327299,,2012-12-07
JNPR,JNPR.W^E14,2012-12-28,GJR-GARCH,0.3630567609533903,5.230563955316159,,2012-12-07
JNPR,JNPR.W^E14,2012-12-31,EGARCH,0.431456705870525,7.387098771454155,,2012-12-07
JNPR,JNPR.W^E14,2012-12-31,ESG-EGARCH,0.3792715777522372,5.708211495661558,all,2012-12-07
JNPR,JNPR.W^E14,2012-12-31,ESG-EGARCH(E),0.3803596153223562,5.74100940349884,E,2012-12-07
JNPR,JNPR.W^E14,2012-12-31,ESG-EGARCH(G),0.3796506071972408,5.719626331160065,G,2012-12-07
JNPR,JNPR.W^E14,2012-12-31,ESG-EGARCH(S),0.3804267843027347,5.74303723075077,S,2012-12-07
JNPR,JNPR.W^E14,2012-12-31,ESG-GARCH,0.3761175390464832,5.613666792792971,all,2012-12-07
JNPR,JNPR.W^E14,2012-12-31,ESG-GARCH(E),0.3773009329946512,5.649047382485487,E,2012-12-07
JNPR,JNPR.W^E14,2012-12-31,ESG-GARCH(G),0.37755030745962,5.656517248525936,G,2012-12-07
JNPR,JNPR.W^E14,2012-12-31,ESG-GARCH(S),0.3774151400281653,5.652467774701574,S,2012-12-07
JNPR,JNPR.W^E14,2012-12-31,ESG-GJR-GARCH,0.3646544556362717,5.276701270451811,all,2012-12-07
JNPR,JNPR.W^E14,2012-12-31,ESG-GJR-GARCH(E),0.3661010084325212,5.318648745051943,E,2012-12-07
JNPR,JNPR.W^E14,2012-12-31,ESG-GJR-GARCH(G),0.3664620503764796,5.329144220878313,G,2012-12-07
JNPR,JNPR.W^E14,2012-12-31,ESG-GJR-GARCH(S),0.366229010705821,5.322368582641442,S,2012-12-07
JNPR,JNPR.W^E14,2012-12-31,GARCH,0.4275418597312774,7.25365245327299,,2012-12-07
JNPR,JNPR.W^E14,2012-12-31,GJR-GARCH,0.3630567609533903,5.230563955316159,,2012-12-07
JNPR,JNPR.W^E14,2013-01-02,EGARCH,0.431456705870525,7.387098771454155,,2012-12-07
JNPR,JNPR.W^E14,2013-01-02,ESG-EGARCH,0.3796813357883903,5.720552251827634,all,2012-12-07
JNPR,JNPR.W^E14,2013-01-02,ESG-EGARCH(E),0.3750291418985096,5.581224494965574,E,2012-12-07
JNPR,JNPR.W^E14,2013-01-02,ESG-EGARCH(G),0.3793182299125303,5.709615854919652,G,2012-12-07
JNPR,JNPR.W^E14,2013-01-02,ESG-EGARCH(S),0.3808073795926984,5.754534140962599,S,2012-12-07
JNPR,JNPR.W^E14,2013-01-02,ESG-GARCH,0.3781382195791458,5.674147345495489,all,2012-12-07
JNPR,JNPR.W^E14,2013-01-02,ESG-GARCH(E),0.3730956711490693,5.523824596435493,E,2012-12-07
JNPR,JNPR.W^E14,2013-01-02,ESG-GARCH(G),0.377218405747758,5.646576414082549,G,2012-12-07
JNPR,JNPR.W^E14,2013-01-02,ESG-GARCH(S),0.3777205540765615,5.661619721107328,S,2012-12-07
JNPR,JNPR.W^E14,2013-01-02,ESG-GJR-GARCH,0.3672637264083551,5.352485902196472,all,2012-12-07
JNPR,JNPR.W^E14,2013-01-02,ESG-GJR-GARCH(E),0.3616837951277128,5.191078081666086,E,2012-12-07
JNPR,JNPR.W^E14,2013-01-02,ESG-GJR-GARCH(G),0.3661033729496767,5.318717447822622,G,2012-12-07
JNPR,JNPR.W^E14,2013-01-02,ESG-GJR-GARCH(S),0.3665509520500976,5.331730176540991,S,2012-12-07
JNPR,JNPR.W^E14,2013-01-02,GARCH,0.4275418597312774,7.25365245327299,,2012-12-07
JNPR,JNPR.W^E14,2013-01-02,GJR-GARCH,0.3630567609533903,5.230563955316159,,2012-12-07
JNPR,JNPR.W^E14,2013-01-03,EGARCH,0.431456705870525,7.387098771454155,,2012-12-07
JNPR,JNPR.W^E14,2013-01-03,ESG-EGARCH,0.3796813357883903,5.720552251827634,all,2012-12-07
JNPR,JNPR.W^E14,2013-01-03,ESG-EGARCH(E),0.3750291418985096,5.581224494965574,E,2012-12-07
JNPR,JNPR.W^E14,2013-01-03,ESG-EGARCH(G),0.3793182299125303,5.709615854919652,G,2012-12-07
JNPR,JNPR.W^E14,2013-01-03,ESG-EGARCH(S),0.3808073795926984,5.754534140962599,S,2012-12-07
JNPR,JNPR.W^E14,2013-01-03,ESG-GARCH,0.3781382195791458,5.674147345495489,all,2012-12-07
JNPR,JNPR.W^E14,2013-01-03,ESG-GARCH(E),0.3730956711490693,5.523824596435493,E,2012-12-07
JNPR,JNPR.W^E14,2013-01-03,ESG-GARCH(G),0.377218405747758,5.646576414082549,G,2012-12-07
JNPR,JNPR.W^E14,2013-01-03,ESG-GARCH(S),0.3777205540765615,5.661619721107328,S,2012-12-07
JNPR,JNPR.W^E14,2013-01-03,ESG-GJR-GARCH,0.3672637264083551,5.352485902196472,all,2012-12-07
JNPR,JNPR.W^E14,2013-01-03,ESG-GJR-GARCH(E),0.3616837951277128,5.191078081666086,E,2012-12-07
JNPR,JNPR.W^E14,2013-01-03,ESG-GJR-GARCH(G),0.3661033729496767,5.318717447822622,G,2012-12-07
JNPR,JNPR.W^E14,2013-01-03,ESG-GJR-GARCH(S),0.3665509520500976,5.331730176540991,S,2012-12-07
JNPR,JNPR.W^E14,2013-01-03,GARCH,0.4275418597312774,7.25365245327299,,2012-12-07
JNPR,JNPR.W^E14,2013-01-03,GJR-GARCH,0.3630567609533903,5.230563955316159,,2012-12-07
JNPR,JNPR.W^E14,2013-01-04,EGARCH,0.431456705870525,7.387098771454155,,2012-12-07
JNPR,JNPR.W^E14,2013-01-04,ESG-EGARCH,0.3796813357883903,5.720552251827634,all,2012-12-07
JNPR,JNPR.W^E14,2013-01-04,ESG-EGARCH(E),0.3750291418985096,5.581224494965574,E,2012-12-07
JNPR,JNPR.W^E14,2013-01-04,ESG-EGARCH(G),0.3793182299125303,5.709615854919652,G,2012-12-07
JNPR,JNPR.W^E14,2013-01-04,ESG-EGARCH(S),0.3808073795926984,5.754534140962599,S,2012-12-07
JNPR,JNPR.W^E14,2013-01-04,ESG-GARCH,0.3781382195791458,5.674147345495489,all,2012-12-07
JNPR,JNPR.W^E14,2013-01-04,ESG-GARCH(E),0.3730956711490693,5.523824596435493,E,2012-12-07
JNPR,JNPR.W^E14,2013-01-04,ESG-GARCH(G),0.377218405747758,5.646576414082549,G,2012-12-07
JNPR,JNPR.W^E14,2013-01-04,ESG-GARCH(S),0.3777205540765615,5.661619721107328,S,2012-12-07
JNPR,JNPR.W^E14,2013-01-04,ESG-GJR-GARCH,0.3672637264083551,5.352485902196472,all,2012-12-07
JNPR,JNPR.W^E14,2013-01-04,ESG-GJR-GARCH(E),0.3616837951277128,5.191078081666086,E,2012-12-07
JNPR,JNPR.W^E14,2013-01-04,ESG-GJR-GARCH(G),0.3661033729496767,5.318717447822622,G,2012-12-07
JNPR,JNPR.W^E14,2013-01-04,ESG-GJR-GARCH(S),0.3665509520500976,5.331730176540991,S,2012-12-07
JNPR,JNPR.W^E14,2013-01-04,GARCH,0.4275418597312774,7.25365245327299,,2012-12-07
JNPR,JNPR.W^E14,2013-01-04,GJR-GARCH,0.3630567609533903,5.230563955316159,,2012-12-07
JNPR,JNPR.W^E14,2013-01-07,EGARCH,0.431456705870525,7.387098771454155,,2012-12-07
JNPR,JNPR.W^E14,2013-01-07,ESG-EGARCH,0.3796813357883903,5.720552251827634,all,2012-12-07
JNPR,JNPR.W^E14,2013-01-07,ESG-EGARCH(E),0.3750291418985096,5.581224494965574,E,2012-12-07
JNPR,JNPR.W^E14,2013-01-07,ESG-EGARCH(G),0.3793182299125303,5.709615854919652,G,2012-12-07
JNPR,JNPR.W^E14,2013-01-07,ESG-EGARCH(S),0.3808073795926984,5.754534140962599,S,2012-12-07
JNPR,JNPR.W^E14,2013-01-07,ESG-GARCH,0.3781382195791458,5.674147345495489,all,2012-12-07
JNPR,JNPR.W^E14,2013-01-07,ESG-GARCH(E),0.3730956711490693,5.523824596435493,E,2012-12-07
JNPR,JNPR.W^E14,2013-01-07,ESG-GARCH(G),0.377218405747758,5.646576414082549,G,2012-12-07
JNPR,JNPR.W^E14,2013-01-07,ESG-GARCH(S),0.3777205540765615,5.661619721107328,S,2012-12-07
JNPR,JNPR.W^E14,2013-01-07,ESG-GJR-GARCH,0.3672637264083551,5.352485902196472,all,2012-12-07
JNPR,JNPR.W^E14,2013-01-07,ESG-GJR-GARCH(E),0.3616837951277128,5.191078081666086,E,2012-12-07
JNPR,JNPR.W^E14,2013-01-07,ESG-GJR-GARCH(G),0.3661033729496767,5.318717447822622,G,2012-12-07
JNPR,JNPR.W^E14,2013-01-07,ESG-GJR-GARCH(S),0.3665509520500976,5.331730176540991,S,2012-12-07
JNPR,JNPR.W^E14,2013-01-07,GARCH,0.4275418597312774,7.25365245327299,,2012-12-07
JNPR,JNPR.W^E14,2013-01-07,GJR-GARCH,0.3630567609533903,5.230563955316159,,2012-12-07
JNPR,JNPR.W^E14,2013-01-08,EGARCH,0.431456705870525,7.387098771454155,,2012-12-07
JNPR,JNPR.W^E14,2013-01-08,ESG-EGARCH,0.3796813357883903,5.720552251827634,all,2012-12-07
JNPR,JNPR.W^E14,2013-01-08,ESG-EGARCH(E),0.3750291418985096,5.581224494965574,E,2012-12-07
JNPR,JNPR.W^E14,2013-01-08,ESG-EGARCH(G),0.3793182299125303,5.709615854919652,G,2012-12-07
JNPR,JNPR.W^E14,2013-01-08,ESG-EGARCH(S),0.3808073795926984,5.754534140962599,S,2012-12-07
JNPR,JNPR.W^E14,2013-01-08,ESG-GARCH,0.3781382195791458,5.674147345495489,all,2012-12-07
JNPR,JNPR.W^E14,2013-01-08,ESG-GARCH(E),0.3730956711490693,5.523824596435493,E,2012-12-07
JNPR,JNPR.W^E14,2013-01-08,ESG-GARCH(G),0.377218405747758,5.646576414082549,G,2012-12-07
JNPR,JNPR.W^E14,2013-01-08,ESG-GARCH(S),0.3777205540765615,5.661619721107328,S,2012-12-07
JNPR,JNPR.W^E14,2013-01-08,ESG-GJR-GARCH,0.3672637264083551,5.352485902196472,all,2012-12-07
JNPR,JNPR.W^E14,2013-01-08,ESG-GJR-GARCH(E),0.3616837951277128,5.191078081666086,E,2012-12-07
JNPR,JNPR.W^E14,2013-01-08,ESG-GJR-GARCH(G),0.3661033729496767,5.318717447822622,G,2012-12-07
JNPR,JNPR.W^E14,2013-01-08,ESG-GJR-GARCH(S),0.3665509520500976,5.331730176540991,S,2012-12-07
JNPR,JNPR.W^E14,2013-01-08,GARCH,0.4275418597312774,7.25365245327299,,2012-12-07
JNPR,JNPR.W^E14,2013-01-08,GJR-GARCH,0.3630567609533903,5.230563955316159,,2012-12-07
JNPR,JNPR.W^E14,2013-01-09,EGARCH,0.431456705870525,7.387098771454155,,2012-12-07
JNPR,JNPR.W^E14,2013-01-09,ESG-EGARCH,0.3796813357883903,5.720552251827634,all,2012-12-07
JNPR,JNPR.W^E14,2013-01-09,ESG-EGARCH(E),0.3750291418985096,5.581224494965574,E,2012-12-07
JNPR,JNPR.W^E14,2013-01-09,ESG-EGARCH(G),0.3793182299125303,5.709615854919652,G,2012-12-07
JNPR,JNPR.W^E14,2013-01-09,ESG-EGARCH(S),0.3808073795926984,5.754534140962599,S,2012-12-07
JNPR,JNPR.W^E14,2013-01-09,ESG-GARCH,0.3781382195791458,5.674147345495489,all,2012-12-07
JNPR,JNPR.W^E14,2013-01-09,ESG-GARCH(E),0.3730956711490693,5.523824596435493,E,2012-12-07
JNPR,JNPR.W^E14,2013-01-09,ESG-GARCH(G),0.377218405747758,5.646576414082549,G,2012-12-07
JNPR,JNPR.W^E14,2013-01-09,ESG-GARCH(S),0.3777205540765615,5.661619721107328,S,2012-12-07
JNPR,JNPR.W^E14,2013-01-09,ESG-GJR-GARCH,0.3672637264083551,5.352485902196472,all,2012-12-07
JNPR,JNPR.W^E14,2013-01-09,ESG-GJR-GARCH(E),0.3616837951277128,5.191078081666086,E,2012-12-07
JNPR,JNPR.W^E14,2013-01-09,ESG-GJR-GARCH(G),0.3661033729496767,5.318717447822622,G,2012-12-07
JNPR,JNPR.W^E14,2013-01-09,ESG-GJR-GARCH(S),0.3665509520500976,5.331730176540991,S,2012-12-07
JNPR,JNPR.W^E14,2013-01-09,GARCH,0.4275418597312774,7.25365245327299,,2012-12-07
JNPR,JNPR.W^E14,2013-01-09,GJR-GARCH,0.3630567609533903,5.230563955316159,,2012-12-07
JNPR,JNPR.W^E14,2013-01-10,EGARCH,0.3997650623747913,6.341750202203207,,2013-01-10
JNPR,JNPR.W^E14,2013-01-10,ESG-EGARCH,0.4222273311710798,7.074441237613201,all,2013-01-10
JNPR,JNPR.W^E14,2013-01-10,ESG-EGARCH(E),0.4138092050404055,6.795161038737,E,2013-01-10
JNPR,JNPR.W^E14,2013-01-10,ESG-EGARCH(G),0.4175713929450743,6.919280484368637,G,2013-01-10
JNPR,JNPR.W^E14,2013-01-10,ESG-EGARCH(S),0.4190184671552728,6.9673204689347,S,2013-01-10
JNPR,JNPR.W^E14,2013-01-10,ESG-GARCH,0.397928292814485,6.283608183422639,all,2013-01-10
JNPR,JNPR.W^E14,2013-01-10,ESG-GARCH(E),0.3934502991702594,6.142981663379627,E,2013-01-10
JNPR,JNPR.W^E14,2013-01-10,ESG-GARCH(G),0.3969463183582084,6.2526341134181,G,2013-01-10
JNPR,JNPR.W^E14,2013-01-10,ESG-GARCH(S),0.3974074608342782,6.267170235188428,S,2013-01-10
JNPR,JNPR.W^E14,2013-01-10,ESG-GJR-GARCH,0.4080404660050886,6.6070246784781705,all,2013-01-10
JNPR,JNPR.W^E14,2013-01-10,ESG-GJR-GARCH(E),0.4099451647498152,6.668850718323537,E,2013-01-10
JNPR,JNPR.W^E14,2013-01-10,ESG-GJR-GARCH(G),0.4136975350413142,6.7914940674309285,G,2013-01-10
JNPR,JNPR.W^E14,2013-01-10,ESG-GJR-GARCH(S),0.4142758388936032,6.810494868690426,S,2013-01-10
JNPR,JNPR.W^E14,2013-01-10,GARCH,0.3777641036603741,5.662925318028806,,2013-01-10
JNPR,JNPR.W^E14,2013-01-10,GJR-GARCH,0.3857290681818586,5.904242620652576,,2013-01-10
JNPR,JNPR.W^E14,2013-01-11,EGARCH,0.3997650623747913,6.341750202203207,,2013-01-10
JNPR,JNPR.W^E14,2013-01-11,ESG-EGARCH,0.4222273311710798,7.074441237613201,all,2013-01-10
JNPR,JNPR.W^E14,2013-01-11,ESG-EGARCH(E),0.4138092050404055,6.795161038737,E,2013-01-10
JNPR,JNPR.W^E14,2013-01-11,ESG-EGARCH(G),0.4175713929450743,6.919280484368637,G,2013-01-10
JNPR,JNPR.W^E14,2013-01-11,ESG-EGARCH(S),0.4190184671552728,6.9673204689347,S,2013-01-10
JNPR,JNPR.W^E14,2013-01-11,ESG-GARCH,0.397928292814485,6.283608183422639,all,2013-01-10
JNPR,JNPR.W^E14,2013-01-11,ESG-GARCH(E),0.3934502991702594,6.142981663379627,E,2013-01-10
JNPR,JNPR.W^E14,2013-01-11,ESG-GARCH(G),0.3969463183582084,6.2526341134181,G,2013-01-10
JNPR,JNPR.W^E14,2013-01-11,ESG-GARCH(S),0.3974074608342782,6.267170235188428,S,2013-01-10
JNPR,JNPR.W^E14,2013-01-11,ESG-GJR-GARCH,0.4080404660050886,6.6070246784781705,all,2013-01-10
JNPR,JNPR.W^E14,2013-01-11,ESG-GJR-GARCH(E),0.4099451647498152,6.668850718323537,E,2013-01-10
JNPR,JNPR.W^E14,2013-01-11,ESG-GJR-GARCH(G),0.4136975350413142,6.7914940674309285,G,2013-01-10
JNPR,JNPR.W^E14,2013-01-11,ESG-GJR-GARCH(S),0.4142758388936032,6.810494868690426,S,2013-01-10
JNPR,JNPR.W^E14,2013-01-11,GARCH,0.3777641036603741,5.662925318028806,,2013-01-10
JNPR,JNPR.W^E14,2013-01-11,GJR-GARCH,0.3857290681818586,5.904242620652576,,2013-01-10
JNPR,JNPR.W^E14,2013-01-14,EGARCH,0.3997650623747913,6.341750202203207,,2013-01-10
JNPR,JNPR.W^E14,2013-01-14,ESG-EGARCH,0.4222273311710798,7.074441237613201,all,2013-01-10
JNPR,JNPR.W^E14,2013-01-14,ESG-EGARCH(E),0.4138092050404055,6.795161038737,E,2013-01-10
JNPR,JNPR.W^E14,2013-01-14,ESG-EGARCH(G),0.4175713929450743,6.919280484368637,G,2013-01-10
JNPR,JNPR.W^E14,2013-01-14,ESG-EGARCH(S),0.4190184671552728,6.9673204689347,S,2013-01-10
JNPR,JNPR.W^E14,2013-01-14,ESG-GARCH,0.397928292814485,6.283608183422639,all,2013-01-10
JNPR,JNPR.W^E14,2013-01-14,ESG-GARCH(E),0.3934502991702594,6.142981663379627,E,2013-01-10
JNPR,JNPR.W^E14,2013-01-14,ESG-GARCH(G),0.3969463183582084,6.2526341134181,G,2013-01-10
JNPR,JNPR.W^E14,2013-01-14,ESG-GARCH(S),0.3974074608342782,6.267170235188428,S,2013-01-10
JNPR,JNPR.W^E14,2013-01-14,ESG-GJR-GARCH,0.4080404660050886,6.6070246784781705,all,2013-01-10
JNPR,JNPR.W^E14,2013-01-14,ESG-GJR-GARCH(E),0.4099451647498152,6.668850718323537,E,2013-01-10
JNPR,JNPR.W^E14,2013-01-14,ESG-GJR-GARCH(G),0.4136975350413142,6.7914940674309285,G,2013-01-10
JNPR,JNPR.W^E14,2013-01-14,ESG-GJR-GARCH(S),0.4142758388936032,6.810494868690426,S,2013-01-10
JNPR,JNPR.W^E14,2013-01-14,GARCH,0.3777641036603741,5.662925318028806,,2013-01-10
JNPR,JNPR.W^E14,2013-01-14,GJR-GARCH,0.3857290681818586,5.904242620652576,,2013-01-10
JNPR,JNPR.W^E14,2013-01-15,EGARCH,0.3997650623747913,6.341750202203207,,2013-01-10
JNPR,JNPR.W^E14,2013-01-15,ESG-EGARCH,0.4222273311710798,7.074441237613201,all,2013-01-10
JNPR,JNPR.W^E14,2013-01-15,ESG-EGARCH(E),0.4138092050404055,6.795161038737,E,2013-01-10
JNPR,JNPR.W^E14,2013-01-15,ESG-EGARCH(G),0.4175713929450743,6.919280484368637,G,2013-01-10
JNPR,JNPR.W^E14,2013-01-15,ESG-EGARCH(S),0.4190184671552728,6.9673204689347,S,2013-01-10
JNPR,JNPR.W^E14,2013-01-15,ESG-GARCH,0.397928292814485,6.283608183422639,all,2013-01-10
JNPR,JNPR.W^E14,2013-01-15,ESG-GARCH(E),0.3934502991702594,6.142981663379627,E,2013-01-10
JNPR,JNPR.W^E14,2013-01-15,ESG-GARCH(G),0.3969463183582084,6.2526341134181,G,2013-01-10
JNPR,JNPR.W^E14,2013-01-15,ESG-GARCH(S),0.3974074608342782,6.267170235188428,S,2013-01-10
JNPR,JNPR.W^E14,2013-01-15,ESG-GJR-GARCH,0.4080404660050886,6.6070246784781705,all,2013-01-10
JNPR,JNPR.W^E14,2013-01-15,ESG-GJR-GARCH(E),0.4099451647498152,6.668850718323537,E,2013-01-10
JNPR,JNPR.W^E14,2013-01-15,ESG-GJR-GARCH(G),0.4136975350413142,6.7914940674309285,G,2013-01-10
JNPR,JNPR.W^E14,2013-01-15,ESG-GJR-GARCH(S),0.4142758388936032,6.810494868690426,S,2013-01-10
JNPR,JNPR.W^E14,2013-01-15,GARCH,0.3777641036603741,5.662925318028806,,2013-01-10
JNPR,JNPR.W^E14,2013-01-15,GJR-GARCH,0.3857290681818586,5.904242620652576,,2013-01-10
JNPR,JNPR.W^E14,2013-01-16,EGARCH,0.3997650623747913,6.341750202203207,,2013-01-10
JNPR,JNPR.W^E14,2013-01-16,ESG-EGARCH,0.4222273311710798,7.074441237613201,all,2013-01-10
JNPR,JNPR.W^E14,2013-01-16,ESG-EGARCH(E),0.4138092050404055,6.795161038737,E,2013-01-10
JNPR,JNPR.W^E14,2013-01-16,ESG-EGARCH(G),0.4175713929450743,6.919280484368637,G,2013-01-10
JNPR,JNPR.W^E14,2013-01-16,ESG-EGARCH(S),0.4190184671552728,6.9673204689347,S,2013-01-10
JNPR,JNPR.W^E14,2013-01-16,ESG-GARCH,0.397928292814485,6.283608183422639,all,2013-01-10
JNPR,JNPR.W^E14,2013-01-16,ESG-GARCH(E),0.3934502991702594,6.142981663379627,E,2013-01-10
JNPR,JNPR.W^E14,2013-01-16,ESG-GARCH(G),0.3969463183582084,6.2526341134181,G,2013-01-10
JNPR,JNPR.W^E14,2013-01-16,ESG-GARCH(S),0.3974074608342782,6.267170235188428,S,2013-01-10
JNPR,JNPR.W^E14,2013-01-16,ESG-GJR-GARCH,0.4080404660050886,6.6070246784781705,all,2013-01-10
JNPR,JNPR.W^E14,2013-01-16,ESG-GJR-GARCH(E),0.4099451647498152,6.668850718323537,E,2013-01-10
JNPR,JNPR.W^E14,2013-01-16,ESG-GJR-GARCH(G),0.4136975350413142,6.7914940674309285,G,2013-01-10
JNPR,JNPR.W^E14,2013-01-16,ESG-GJR-GARCH(S),0.4142758388936032,6.810494868690426,S,2013-01-10
JNPR,JNPR.W^E14,2013-01-16,GARCH,0.3777641036603741,5.662925318028806,,2013-01-10
JNPR,JNPR.W^E14,2013-01-16,GJR-GARCH,0.3857290681818586,5.904242620652576,,2013-01-10
JNPR,JNPR.W^E14,2013-01-17,EGARCH,0.3997650623747913,6.341750202203207,,2013-01-10
JNPR,JNPR.W^E14,2013-01-17,ESG-EGARCH,0.4222273311710798,7.074441237613201,all,2013-01-10
JNPR,JNPR.W^E14,2013-01-17,ESG-EGARCH(E),0.4138092050404055,6.795161038737,E,2013-01-10
JNPR,JNPR.W^E14,2013-01-17,ESG-EGARCH(G),0.4175713929450743,6.919280484368637,G,2013-01-10
JNPR,JNPR.W^E14,2013-01-17,ESG-EGARCH(S),0.4190184671552728,6.9673204689347,S,2013-01-10
JNPR,JNPR.W^E14,2013-01-17,ESG-GARCH,0.397928292814485,6.283608183422639,all,2013-01-10
JNPR,JNPR.W^E14,2013-01-17,ESG-GARCH(E),0.3934502991702594,6.142981663379627,E,2013-01-10
JNPR,JNPR.W^E14,2013-01-17,ESG-GARCH(G),0.3969463183582084,6.2526341134181,G,2013-01-10
JNPR,JNPR.W^E14,2013-01-17,ESG-GARCH(S),0.3974074608342782,6.267170235188428,S,2013-01-10
JNPR,JNPR.W^E14,2013-01-17,ESG-GJR-GARCH,0.4080404660050886,6.6070246784781705,all,2013-01-10
JNPR,JNPR.W^E14,2013-01-17,ESG-GJR-GARCH(E),0.4099451647498152,6.668850718323537,E,2013-01-10
JNPR,JNPR.W^E14,2013-01-17,ESG-GJR-GARCH(G),0.4136975350413142,6.7914940674309285,G,2013-01-10
JNPR,JNPR.W^E14,2013-01-17,ESG-GJR-GARCH(S),0.4142758388936032,6.810494868690426,S,2013-01-10
JNPR,JNPR.W^E14,2013-01-17,GARCH,0.3777641036603741,5.662925318028806,,2013-01-10
JNPR,JNPR.W^E14,2013-01-17,GJR-GARCH,0.3857290681818586,5.904242620652576,,2013-01-10
JNPR,JNPR.W^E14,2013-01-18,EGARCH,0.3997650623747913,6.341750202203207,,2013-01-10
JNPR,JNPR.W^E14,2013-01-18,ESG-EGARCH,0.4222273311710798,7.074441237613201,all,2013-01-10
JNPR,JNPR.W^E14,2013-01-18,ESG-EGARCH(E),0.4138092050404055,6.795161038737,E,2013-01-10
JNPR,JNPR.W^E14,2013-01-18,ESG-EGARCH(G),0.4175713929450743,6.919280484368637,G,2013-01-10
JNPR,JNPR.W^E14,2013-01-18,ESG-EGARCH(S),0.4190184671552728,6.9673204689347,S,2013-01-10
JNPR,JNPR.W^E14,2013-01-18,ESG-GARCH,0.397928292814485,6.283608183422639,all,2013-01-10
JNPR,JNPR.W^E14,2013-01-18,ESG-GARCH(E),0.3934502991702594,6.142981663379627,E,2013-01-10
JNPR,JNPR.W^E14,2013-01-18,ESG-GARCH(G),0.3969463183582084,6.2526341134181,G,2013-01-10
JNPR,JNPR.W^E14,2013-01-18,ESG-GARCH(S),0.3974074608342782,6.267170235188428,S,2013-01-10
JNPR,JNPR.W^E14,2013-01-18,ESG-GJR-GARCH,0.4080404660050886,6.6070246784781705,all,2013-01-10
JNPR,JNPR.W^E14,2013-01-18,ESG-GJR-GARCH(E),0.4099451647498152,6.668850718323537,E,2013-01-10
JNPR,JNPR.W^E14,2013-01-18,ESG-GJR-GARCH(G),0.4136975350413142,6.7914940674309285,G,2013-01-10
JNPR,JNPR.W^E14,2013-01-18,ESG-GJR-GARCH(S),0.4142758388936032,6.810494868690426,S,2013-01-10
JNPR,JNPR.W^E14,2013-01-18,GARCH,0.3777641036603741,5.662925318028806,,2013-01-10
JNPR,JNPR.W^E14,2013-01-18,GJR-GARCH,0.3857290681818586,5.904242620652576,,2013-01-10
JNPR,JNPR.W^E14,2013-01-22,EGARCH,0.3997650623747913,6.341750202203207,,2013-01-10
JNPR,JNPR.W^E14,2013-01-22,ESG-EGARCH,0.4222273311710798,7.074441237613201,all,2013-01-10
JNPR,JNPR.W^E14,2013-01-22,ESG-EGARCH(E),0.4138092050404055,6.795161038737,E,2013-01-10
JNPR,JNPR.W^E14,2013-01-22,ESG-EGARCH(G),0.4175713929450743,6.919280484368637,G,2013-01-10
JNPR,JNPR.W^E14,2013-01-22,ESG-EGARCH(S),0.4190184671552728,6.9673204689347,S,2013-01-10
JNPR,JNPR.W^E14,2013-01-22,ESG-GARCH,0.397928292814485,6.283608183422639,all,2013-01-10
JNPR,JNPR.W^E14,2013-01-22,ESG-GARCH(E),0.3934502991702594,6.142981663379627,E,2013-01-10
JNPR,JNPR.W^E14,2013-01-22,ESG-GARCH(G),0.3969463183582084,6.2526341134181,G,2013-01-10
JNPR,JNPR.W^E14,2013-01-22,ESG-GARCH(S),0.3974074608342782,6.267170235188428,S,2013-01-10
JNPR,JNPR.W^E14,2013-01-22,ESG-GJR-GARCH,0.4080404660050886,6.6070246784781705,all,2013-01-10
JNPR,JNPR.W^E14,2013-01-22,ESG-GJR-GARCH(E),0.4099451647498152,6.668850718323537,E,2013-01-10
JNPR,JNPR.W^E14,2013-01-22,ESG-GJR-GARCH(G),0.4136975350413142,6.7914940674309285,G,2013-01-10
JNPR,JNPR.W^E14,2013-01-22,ESG-GJR-GARCH(S),0.4142758388936032,6.810494868690426,S,2013-01-10
JNPR,JNPR.W^E14,2013-01-22,GARCH,0.3777641036603741,5.662925318028806,,2013-01-10
JNPR,JNPR.W^E14,2013-01-22,GJR-GARCH,0.3857290681818586,5.904242620652576,,2013-01-10
JNPR,JNPR.W^E14,2013-01-23,EGARCH,0.3997650623747913,6.341750202203207,,2013-01-10
JNPR,JNPR.W^E14,2013-01-23,ESG-EGARCH,0.4222273311710798,7.074441237613201,all,2013-01-10
JNPR,JNPR.W^E14,2013-01-23,ESG-EGARCH(E),0.4138092050404055,6.795161038737,E,2013-01-10
JNPR,JNPR.W^E14,2013-01-23,ESG-EGARCH(G),0.4175713929450743,6.919280484368637,G,2013-01-10
JNPR,JNPR.W^E14,2013-01-23,ESG-EGARCH(S),0.4190184671552728,6.9673204689347,S,2013-01-10
JNPR,JNPR.W^E14,2013-01-23,ESG-GARCH,0.397928292814485,6.283608183422639,all,2013-01-10
JNPR,JNPR.W^E14,2013-01-23,ESG-GARCH(E),0.3934502991702594,6.142981663379627,E,2013-01-10
JNPR,JNPR.W^E14,2013-01-23,ESG-GARCH(G),0.3969463183582084,6.2526341134181,G,2013-01-10
JNPR,JNPR.W^E14,2013-01-23,ESG-GARCH(S),0.3974074608342782,6.267170235188428,S,2013-01-10
JNPR,JNPR.W^E14,2013-01-23,ESG-GJR-GARCH,0.4080404660050886,6.6070246784781705,all,2013-01-10
JNPR,JNPR.W^E14,2013-01-23,ESG-GJR-GARCH(E),0.4099451647498152,6.668850718323537,E,2013-01-10
JNPR,JNPR.W^E14,2013-01-23,ESG-GJR-GARCH(G),0.4136975350413142,6.7914940674309285,G,2013-01-10
JNPR,JNPR.W^E14,2013-01-23,ESG-GJR-GARCH(S),0.4142758388936032,6.810494868690426,S,2013-01-10
JNPR,JNPR.W^E14,2013-01-23,GARCH,0.3777641036603741,5.662925318028806,,2013-01-10
JNPR,JNPR.W^E14,2013-01-23,GJR-GARCH,0.3857290681818586,5.904242620652576,,2013-01-10
JNPR,JNPR.W^E14,2013-01-24,EGARCH,0.3997650623747913,6.341750202203207,,2013-01-10
JNPR,JNPR.W^E14,2013-01-24,ESG-EGARCH,0.4222273311710798,7.074441237613201,all,2013-01-10
JNPR,JNPR.W^E14,2013-01-24,ESG-EGARCH(E),0.4138092050404055,6.795161038737,E,2013-01-10
JNPR,JNPR.W^E14,2013-01-24,ESG-EGARCH(G),0.4175713929450743,6.919280484368637,G,2013-01-10
JNPR,JNPR.W^E14,2013-01-24,ESG-EGARCH(S),0.4190184671552728,6.9673204689347,S,2013-01-10
JNPR,JNPR.W^E14,2013-01-24,ESG-GARCH,0.397928292814485,6.283608183422639,all,2013-01-10
JNPR,JNPR.W^E14,2013-01-24,ESG-GARCH(E),0.3934502991702594,6.142981663379627,E,2013-01-10
JNPR,JNPR.W^E14,2013-01-24,ESG-GARCH(G),0.3969463183582084,6.2526341134181,G,2013-01-10
JNPR,JNPR.W^E14,2013-01-24,ESG-GARCH(S),0.3974074608342782,6.267170235188428,S,2013-01-10
JNPR,JNPR.W^E14,2013-01-24,ESG-GJR-GARCH,0.4080404660050886,6.6070246784781705,all,2013-01-10
JNPR,JNPR.W^E14,2013-01-24,ESG-GJR-GARCH(E),0.4099451647498152,6.668850718323537,E,2013-01-10
JNPR,JNPR.W^E14,2013-01-24,ESG-GJR-GARCH(G),0.4136975350413142,6.7914940674309285,G,2013-01-10
JNPR,JNPR.W^E14,2013-01-24,ESG-GJR-GARCH(S),0.4142758388936032,6.810494868690426,S,2013-01-10
JNPR,JNPR.W^E14,2013-01-24,GARCH,0.3777641036603741,5.662925318028806,,2013-01-10
JNPR,JNPR.W^E14,2013-01-24,GJR-GARCH,0.3857290681818586,5.904242620652576,,2013-01-10
JNPR,JNPR.W^E14,2013-01-25,EGARCH,0.3997650623747913,6.341750202203207,,2013-01-10
JNPR,JNPR.W^E14,2013-01-25,ESG-EGARCH,0.4222273311710798,7.074441237613201,all,2013-01-10
JNPR,JNPR.W^E14,2013-01-25,ESG-EGARCH(E),0.4138092050404055,6.795161038737,E,2013-01-10
JNPR,JNPR.W^E14,2013-01-25,ESG-EGARCH(G),0.4175713929450743,6.919280484368637,G,2013-01-10
JNPR,JNPR.W^E14,2013-01-25,ESG-EGARCH(S),0.4190184671552728,6.9673204689347,S,2013-01-10
JNPR,JNPR.W^E14,2013-01-25,ESG-GARCH,0.397928292814485,6.283608183422639,all,2013-01-10
JNPR,JNPR.W^E14,2013-01-25,ESG-GARCH(E),0.3934502991702594,6.142981663379627,E,2013-01-10
JNPR,JNPR.W^E14,2013-01-25,ESG-GARCH(G),0.3969463183582084,6.2526341134181,G,2013-01-10
JNPR,JNPR.W^E14,2013-01-25,ESG-GARCH(S),0.3974074608342782,6.267170235188428,S,2013-01-10
JNPR,JNPR.W^E14,2013-01-25,ESG-GJR-GARCH,0.4080404660050886,6.6070246784781705,all,2013-01-10
JNPR,JNPR.W^E14,2013-01-25,ESG-GJR-GARCH(E),0.4099451647498152,6.668850718323537,E,2013-01-10
JNPR,JNPR.W^E14,2013-01-25,ESG-GJR-GARCH(G),0.4136975350413142,6.7914940674309285,G,2013-01-10
JNPR,JNPR.W^E14,2013-01-25,ESG-GJR-GARCH(S),0.4142758388936032,6.810494868690426,S,2013-01-10
JNPR,JNPR.W^E14,2013-01-25,GARCH,0.3777641036603741,5.662925318028806,,2013-01-10
JNPR,JNPR.W^E14,2013-01-25,GJR-GARCH,0.3857290681818586,5.904242620652576,,2013-01-10
JNPR,JNPR.W^E14,2013-01-28,EGARCH,0.3997650623747913,6.341750202203207,,2013-01-10
JNPR,JNPR.W^E14,2013-01-28,ESG-EGARCH,0.4222273311710798,7.074441237613201,all,2013-01-10
JNPR,JNPR.W^E14,2013-01-28,ESG-EGARCH(E),0.4138092050404055,6.795161038737,E,2013-01-10
JNPR,JNPR.W^E14,2013-01-28,ESG-EGARCH(G),0.4175713929450743,6.919280484368637,G,2013-01-10
JNPR,JNPR.W^E14,2013-01-28,ESG-EGARCH(S),0.4190184671552728,6.9673204689347,S,2013-01-10
JNPR,JNPR.W^E14,2013-01-28,ESG-GARCH,0.397928292814485,6.283608183422639,all,2013-01-10
JNPR,JNPR.W^E14,2013-01-28,ESG-GARCH(E),0.3934502991702594,6.142981663379627,E,2013-01-10
JNPR,JNPR.W^E14,2013-01-28,ESG-GARCH(G),0.3969463183582084,6.2526341134181,G,2013-01-10
JNPR,JNPR.W^E14,2013-01-28,ESG-GARCH(S),0.3974074608342782,6.267170235188428,S,2013-01-10
JNPR,JNPR.W^E14,2013-01-28,ESG-GJR-GARCH,0.4080404660050886,6.6070246784781705,all,2013-01-10
JNPR,JNPR.W^E14,2013-01-28,ESG-GJR-GARCH(E),0.4099451647498152,6.668850718323537,E,2013-01-10
JNPR,JNPR.W^E14,2013-01-28,ESG-GJR-GARCH(G),0.4136975350413142,6.7914940674309285,G,2013-01-10
JNPR,JNPR.W^E14,2013-01-28,ESG-GJR-GARCH(S),0.4142758388936032,6.810494868690426,S,2013-01-10
JNPR,JNPR.W^E14,2013-01-28,GARCH,0.3777641036603741,5.662925318028806,,2013-01-10
JNPR,JNPR.W^E14,2013-01-28,GJR-GARCH,0.3857290681818586,5.904242620652576,,2013-01-10
JNPR,JNPR.W^E14,2013-01-29,EGARCH,0.3997650623747913,6.341750202203207,,2013-01-10
JNPR,JNPR.W^E14,2013-01-29,ESG-EGARCH,0.4222273311710798,7.074441237613201,all,2013-01-10
JNPR,JNPR.W^E14,2013-01-29,ESG-EGARCH(E),0.4138092050404055,6.795161038737,E,2013-01-10
JNPR,JNPR.W^E14,2013-01-29,ESG-EGARCH(G),0.4175713929450743,6.919280484368637,G,2013-01-10
JNPR,JNPR.W^E14,2013-01-29,ESG-EGARCH(S),0.4190184671552728,6.9673204689347,S,2013-01-10
JNPR,JNPR.W^E14,2013-01-29,ESG-GARCH,0.397928292814485,6.283608183422639,all,2013-01-10
JNPR,JNPR.W^E14,2013-01-29,ESG-GARCH(E),0.3934502991702594,6.142981663379627,E,2013-01-10
JNPR,JNPR.W^E14,2013-01-29,ESG-GARCH(G),0.3969463183582084,6.2526341134181,G,2013-01-10
JNPR,JNPR.W^E14,2013-01-29,ESG-GARCH(S),0.3974074608342782,6.267170235188428,S,2013-01-10
JNPR,JNPR.W^E14,2013-01-29,ESG-GJR-GARCH,0.4080404660050886,6.6070246784781705,all,2013-01-10
JNPR,JNPR.W^E14,2013-01-29,ESG-GJR-GARCH(E),0.4099451647498152,6.668850718323537,E,2013-01-10
JNPR,JNPR.W^E14,2013-01-29,ESG-GJR-GARCH(G),0.4136975350413142,6.7914940674309285,G,2013-01-10
JNPR,JNPR.W^E14,2013-01-29,ESG-GJR-GARCH(S),0.4142758388936032,6.810494868690426,S,2013-01-10
JNPR,JNPR.W^E14,2013-01-29,GARCH,0.3777641036603741,5.662925318028806,,2013-01-10
JNPR,JNPR.W^E14,2013-01-29,GJR-GARCH,0.3857290681818586,5.904242620652576,,2013-01-10
JNPR,JNPR.W^E14,2013-01-30,EGARCH,0.3997650623747913,6.341750202203207,,2013-01-10
JNPR,JNPR.W^E14,2013-01-30,ESG-EGARCH,0.4222273311710798,7.074441237613201,all,2013-01-10
JNPR,JNPR.W^E14,2013-01-30,ESG-EGARCH(E),0.4138092050404055,6.795161038737,E,2013-01-10
JNPR,JNPR.W^E14,2013-01-30,ESG-EGARCH(G),0.4175713929450743,6.919280484368637,G,2013-01-10
JNPR,JNPR.W^E14,2013-01-30,ESG-EGARCH(S),0.4190184671552728,6.9673204689347,S,2013-01-10
JNPR,JNPR.W^E14,2013-01-30,ESG-GARCH,0.397928292814485,6.283608183422639,all,2013-01-10
JNPR,JNPR.W^E14,2013-01-30,ESG-GARCH(E),0.3934502991702594,6.142981663379627,E,2013-01-10
JNPR,JNPR.W^E14,2013-01-30,ESG-GARCH(G),0.3969463183582084,6.2526341134181,G,2013-01-10
JNPR,JNPR.W^E14,2013-01-30,ESG-GARCH(S),0.3974074608342782,6.267170235188428,S,2013-01-10
JNPR,JNPR.W^E14,2013-01-30,ESG-GJR-GARCH,0.4080404660050886,6.6070246784781705,all,2013-01-10
JNPR,JNPR.W^E14,2013-01-30,ESG-GJR-GARCH(E),0.4099451647498152,6.668850718323537,E,2013-01-10
JNPR,JNPR.W^E14,2013-01-30,ESG-GJR-GARCH(G),0.4136975350413142,6.7914940674309285,G,2013-01-10
JNPR,JNPR.W^E14,2013-01-30,ESG-GJR-GARCH(S),0.4142758388936032,6.810494868690426,S,2013-01-10
JNPR,JNPR.W^E14,2013-01-30,GARCH,0.3777641036603741,5.662925318028806,,2013-01-10
JNPR,JNPR.W^E14,2013-01-30,GJR-GARCH,0.3857290681818586,5.904242620652576,,2013-01-10
JNPR,JNPR.W^E14,2013-01-31,EGARCH,0.3997650623747913,6.341750202203207,,2013-01-10
JNPR,JNPR.W^E14,2013-01-31,ESG-EGARCH,0.4222273311710798,7.074441237613201,all,2013-01-10
JNPR,JNPR.W^E14,2013-01-31,ESG-EGARCH(E),0.4138092050404055,6.795161038737,E,2013-01-10
JNPR,JNPR.W^E14,2013-01-31,ESG-EGARCH(G),0.4175713929450743,6.919280484368637,G,2013-01-10
JNPR,JNPR.W^E14,2013-01-31,ESG-EGARCH(S),0.4190184671552728,6.9673204689347,S,2013-01-10
JNPR,JNPR.W^E14,2013-01-31,ESG-GARCH,0.397928292814485,6.283608183422639,all,2013-01-10
JNPR,JNPR.W^E14,2013-01-31,ESG-GARCH(E),0.3934502991702594,6.142981663379627,E,2013-01-10
JNPR,JNPR.W^E14,2013-01-31,ESG-GARCH(G),0.3969463183582084,6.2526341134181,G,2013-01-10
JNPR,JNPR.W^E14,2013-01-31,ESG-GARCH(S),0.3974074608342782,6.267170235188428,S,2013-01-10
JNPR,JNPR.W^E14,2013-01-31,ESG-GJR-GARCH,0.4080404660050886,6.6070246784781705,all,2013-01-10
JNPR,JNPR.W^E14,2013-01-31,ESG-GJR-GARCH(E),0.4099451647498152,6.668850718323537,E,2013-01-10
JNPR,JNPR.W^E14,2013-01-31,ESG-GJR-GARCH(G),0.4136975350413142,6.7914940674309285,G,2013-01-10
JNPR,JNPR.W^E14,2013-01-31,ESG-GJR-GARCH(S),0.4142758388936032,6.810494868690426,S,2013-01-10
JNPR,JNPR.W^E14,2013-01-31,GARCH,0.3777641036603741,5.662925318028806,,2013-01-10
JNPR,JNPR.W^E14,2013-01-31,GJR-GARCH,0.3857290681818586,5.904242620652576,,2013-01-10
JNPR,JNPR.W^E14,2013-02-01,EGARCH,0.3997650623747913,6.341750202203207,,2013-01-10
JNPR,JNPR.W^E14,2013-02-01,ESG-EGARCH,0.4222273311710798,7.074441237613201,all,2013-01-10
JNPR,JNPR.W^E14,2013-02-01,ESG-EGARCH(E),0.4138092050404055,6.795161038737,E,2013-01-10
JNPR,JNPR.W^E14,2013-02-01,ESG-EGARCH(G),0.4175713929450743,6.919280484368637,G,2013-01-10
JNPR,JNPR.W^E14,2013-02-01,ESG-EGARCH(S),0.4190184671552728,6.9673204689347,S,2013-01-10
JNPR,JNPR.W^E14,2013-02-01,ESG-GARCH,0.397928292814485,6.283608183422639,all,2013-01-10
JNPR,JNPR.W^E14,2013-02-01,ESG-GARCH(E),0.3934502991702594,6.142981663379627,E,2013-01-10
JNPR,JNPR.W^E14,2013-02-01,ESG-GARCH(G),0.3969463183582084,6.2526341134181,G,2013-01-10
JNPR,JNPR.W^E14,2013-02-01,ESG-GARCH(S),0.3974074608342782,6.267170235188428,S,2013-01-10
JNPR,JNPR.W^E14,2013-02-01,ESG-GJR-GARCH,0.4080404660050886,6.6070246784781705,all,2013-01-10
JNPR,JNPR.W^E14,2013-02-01,ESG-GJR-GARCH(E),0.4099451647498152,6.668850718323537,E,2013-01-10
JNPR,JNPR.W^E14,2013-02-01,ESG-GJR-GARCH(G),0.4136975350413142,6.7914940674309285,G,2013-01-10
JNPR,JNPR.W^E14,2013-02-01,ESG-GJR-GARCH(S),0.4142758388936032,6.810494868690426,S,2013-01-10
JNPR,JNPR.W^E14,2013-02-01,GARCH,0.3777641036603741,5.662925318028806,,2013-01-10
JNPR,JNPR.W^E14,2013-02-01,GJR-GARCH,0.3857290681818586,5.904242620652576,,2013-01-10
JNPR,JNPR.W^E14,2013-02-04,EGARCH,0.3997650623747913,6.341750202203207,,2013-01-10
JNPR,JNPR.W^E14,2013-02-04,ESG-EGARCH,0.4222273311710798,7.074441237613201,all,2013-01-10
JNPR,JNPR.W^E14,2013-02-04,ESG-EGARCH(E),0.4138092050404055,6.795161038737,E,2013-01-10
JNPR,JNPR.W^E14,2013-02-04,ESG-EGARCH(G),0.4175713929450743,6.919280484368637,G,2013-01-10
JNPR,JNPR.W^E14,2013-02-04,ESG-EGARCH(S),0.4190184671552728,6.9673204689347,S,2013-01-10
JNPR,JNPR.W^E14,2013-02-04,ESG-GARCH,0.397928292814485,6.283608183422639,all,2013-01-10
JNPR,JNPR.W^E14,2013-02-04,ESG-GARCH(E),0.3934502991702594,6.142981663379627,E,2013-01-10
JNPR,JNPR.W^E14,2013-02-04,ESG-GARCH(G),0.3969463183582084,6.2526341134181,G,2013-01-10
JNPR,JNPR.W^E14,2013-02-04,ESG-GARCH(S),0.3974074608342782,6.267170235188428,S,2013-01-10
JNPR,JNPR.W^E14,2013-02-04,ESG-GJR-GARCH,0.4080404660050886,6.6070246784781705,all,2013-01-10
JNPR,JNPR.W^E14,2013-02-04,ESG-GJR-GARCH(E),0.4099451647498152,6.668850718323537,E,2013-01-10
JNPR,JNPR.W^E14,2013-02-04,ESG-GJR-GARCH(G),0.4136975350413142,6.7914940674309285,G,2013-01-10
JNPR,JNPR.W^E14,2013-02-04,ESG-GJR-GARCH(S),0.4142758388936032,6.810494868690426,S,2013-01-10
JNPR,JNPR.W^E14,2013-02-04,GARCH,0.3777641036603741,5.662925318028806,,2013-01-10
JNPR,JNPR.W^E14,2013-02-04,GJR-GARCH,0.3857290681818586,5.904242620652576,,2013-01-10
JNPR,JNPR.W^E14,2013-02-05,EGARCH,0.3997650623747913,6.341750202203207,,2013-01-10
JNPR,JNPR.W^E14,2013-02-05,ESG-EGARCH,0.4222273311710798,7.074441237613201,all,2013-01-10
JNPR,JNPR.W^E14,2013-02-05,ESG-EGARCH(E),0.4138092050404055,6.795161038737,E,2013-01-10
JNPR,JNPR.W^E14,2013-02-05,ESG-EGARCH(G),0.4175713929450743,6.919280484368637,G,2013-01-10
JNPR,JNPR.W^E14,2013-02-05,ESG-EGARCH(S),0.4190184671552728,6.9673204689347,S,2013-01-10
JNPR,JNPR.W^E14,2013-02-05,ESG-GARCH,0.397928292814485,6.283608183422639,all,2013-01-10
JNPR,JNPR.W^E14,2013-02-05,ESG-GARCH(E),0.3934502991702594,6.142981663379627,E,2013-01-10
JNPR,JNPR.W^E14,2013-02-05,ESG-GARCH(G),0.3969463183582084,6.2526341134181,G,2013-01-10
JNPR,JNPR.W^E14,2013-02-05,ESG-GARCH(S),0.3974074608342782,6.267170235188428,S,2013-01-10
JNPR,JNPR.W^E14,2013-02-05,ESG-GJR-GARCH,0.4080404660050886,6.6070246784781705,all,2013-01-10
JNPR,JNPR.W^E14,2013-02-05,ESG-GJR-GARCH(E),0.4099451647498152,6.668850718323537,E,2013-01-10
JNPR,JNPR.W^E14,2013-02-05,ESG-GJR-GARCH(G),0.4136975350413142,6.7914940674309285,G,2013-01-10
JNPR,JNPR.W^E14,2013-02-05,ESG-GJR-GARCH(S),0.4142758388936032,6.810494868690426,S,2013-01-10
JNPR,JNPR.W^E14,2013-02-05,GARCH,0.3777641036603741,5.662925318028806,,2013-01-10
JNPR,JNPR.W^E14,2013-02-05,GJR-GARCH,0.3857290681818586,5.904242620652576,,2013-01-10
JNPR,JNPR.W^E14,2013-02-06,EGARCH,0.3997650623747913,6.341750202203207,,2013-01-10
JNPR,JNPR.W^E14,2013-02-06,ESG-EGARCH,0.4222273311710798,7.074441237613201,all,2013-01-10
JNPR,JNPR.W^E14,2013-02-06,ESG-EGARCH(E),0.4138092050404055,6.795161038737,E,2013-01-10
JNPR,JNPR.W^E14,2013-02-06,ESG-EGARCH(G),0.4175713929450743,6.919280484368637,G,2013-01-10
JNPR,JNPR.W^E14,2013-02-06,ESG-EGARCH(S),0.4190184671552728,6.9673204689347,S,2013-01-10
JNPR,JNPR.W^E14,2013-02-06,ESG-GARCH,0.397928292814485,6.283608183422639,all,2013-01-10
JNPR,JNPR.W^E14,2013-02-06,ESG-GARCH(E),0.3934502991702594,6.142981663379627,E,2013-01-10
JNPR,JNPR.W^E14,2013-02-06,ESG-GARCH(G),0.3969463183582084,6.2526341134181,G,2013-01-10
JNPR,JNPR.W^E14,2013-02-06,ESG-GARCH(S),0.3974074608342782,6.267170235188428,S,2013-01-10
JNPR,JNPR.W^E14,2013-02-06,ESG-GJR-GARCH,0.4080404660050886,6.6070246784781705,all,2013-01-10
JNPR,JNPR.W^E14,2013-02-06,ESG-GJR-GARCH(E),0.4099451647498152,6.668850718323537,E,2013-01-10
JNPR,JNPR.W^E14,2013-02-06,ESG-GJR-GARCH(G),0.4136975350413142,6.7914940674309285,G,2013-01-10
JNPR,JNPR.W^E14,2013-02-06,ESG-GJR-GARCH(S),0.4142758388936032,6.810494868690426,S,2013-01-10
JNPR,JNPR.W^E14,2013-02-06,GARCH,0.3777641036603741,5.662925318028806,,2013-01-10
JNPR,JNPR.W^E14,2013-02-06,GJR-GARCH,0.3857290681818586,5.904242620652576,,2013-01-10
JNPR,JNPR.W^E14,2013-02-07,EGARCH,0.3997650623747913,6.341750202203207,,2013-01-10
JNPR,JNPR.W^E14,2013-02-07,ESG-EGARCH,0.4222273311710798,7.074441237613201,all,2013-01-10
JNPR,JNPR.W^E14,2013-02-07,ESG-EGARCH(E),0.4138092050404055,6.795161038737,E,2013-01-10
JNPR,JNPR.W^E14,2013-02-07,ESG-EGARCH(G),0.4175713929450743,6.919280484368637,G,2013-01-10
JNPR,JNPR.W^E14,2013-02-07,ESG-EGARCH(S),0.4190184671552728,6.9673204689347,S,2013-01-10
JNPR,JNPR.W^E14,2013-02-07,ESG-GARCH,0.397928292814485,6.283608183422639,all,2013-01-10
JNPR,JNPR.W^E14,2013-02-07,ESG-GARCH(E),0.3934502991702594,6.142981663379627,E,2013-01-10
JNPR,JNPR.W^E14,2013-02-07,ESG-GARCH(G),0.3969463183582084,6.2526341134181,G,2013-01-10
JNPR,JNPR.W^E14,2013-02-07,ESG-GARCH(S),0.3974074608342782,6.267170235188428,S,2013-01-10
JNPR,JNPR.W^E14,2013-02-07,ESG-GJR-GARCH,0.4080404660050886,6.6070246784781705,all,2013-01-10
JNPR,JNPR.W^E14,2013-02-07,ESG-GJR-GARCH(E),0.4099451647498152,6.668850718323537,E,2013-01-10
JNPR,JNPR.W^E14,2013-02-07,ESG-GJR-GARCH(G),0.4136975350413142,6.7914940674309285,G,2013-01-10
JNPR,JNPR.W^E14,2013-02-07,ESG-GJR-GARCH(S),0.4142758388936032,6.810494868690426,S,2013-01-10
JNPR,JNPR.W^E14,2013-02-07,GARCH,0.3777641036603741,5.662925318028806,,2013-01-10
JNPR,JNPR.W^E14,2013-02-07,GJR-GARCH,0.3857290681818586,5.904242620652576,,2013-01-10
JNPR,JNPR.W^E14,2013-02-08,EGARCH,0.3997650623747913,6.341750202203207,,2013-01-10
JNPR,JNPR.W^E14,2013-02-08,ESG-EGARCH,0.4222273311710798,7.074441237613201,all,2013-01-10
JNPR,JNPR.W^E14,2013-02-08,ESG-EGARCH(E),0.4138092050404055,6.795161038737,E,2013-01-10
JNPR,JNPR.W^E14,2013-02-08,ESG-EGARCH(G),0.4175713929450743,6.919280484368637,G,2013-01-10
JNPR,JNPR.W^E14,2013-02-08,ESG-EGARCH(S),0.4190184671552728,6.9673204689347,S,2013-01-10
JNPR,JNPR.W^E14,2013-02-08,ESG-GARCH,0.397928292814485,6.283608183422639,all,2013-01-10
JNPR,JNPR.W^E14,2013-02-08,ESG-GARCH(E),0.3934502991702594,6.142981663379627,E,2013-01-10
JNPR,JNPR.W^E14,2013-02-08,ESG-GARCH(G),0.3969463183582084,6.2526341134181,G,2013-01-10
JNPR,JNPR.W^E14,2013-02-08,ESG-GARCH(S),0.3974074608342782,6.267170235188428,S,2013-01-10
JNPR,JNPR.W^E14,2013-02-08,ESG-GJR-GARCH,0.4080404660050886,6.6070246784781705,all,2013-01-10
JNPR,JNPR.W^E14,2013-02-08,ESG-GJR-GARCH(E),0.4099451647498152,6.668850718323537,E,2013-01-10
JNPR,JNPR.W^E14,2013-02-08,ESG-GJR-GARCH(G),0.4136975350413142,6.7914940674309285,G,2013-01-10
JNPR,JNPR.W^E14,2013-02-08,ESG-GJR-GARCH(S),0.4142758388936032,6.810494868690426,S,2013-01-10
JNPR,JNPR.W^E14,2013-02-08,GARCH,0.3777641036603741,5.662925318028806,,2013-01-10
JNPR,JNPR.W^E14,2013-02-08,GJR-GARCH,0.3857290681818586,5.904242620652576,,2013-01-10
JNPR,JNPR.W^E14,2013-02-11,EGARCH,0.3997650623747913,6.341750202203207,,2013-01-10
JNPR,JNPR.W^E14,2013-02-11,ESG-EGARCH,0.4222273311710798,7.074441237613201,all,2013-01-10
JNPR,JNPR.W^E14,2013-02-11,ESG-EGARCH(E),0.4138092050404055,6.795161038737,E,2013-01-10
JNPR,JNPR.W^E14,2013-02-11,ESG-EGARCH(G),0.4175713929450743,6.919280484368637,G,2013-01-10
JNPR,JNPR.W^E14,2013-02-11,ESG-EGARCH(S),0.4190184671552728,6.9673204689347,S,2013-01-10
JNPR,JNPR.W^E14,2013-02-11,ESG-GARCH,0.397928292814485,6.283608183422639,all,2013-01-10
JNPR,JNPR.W^E14,2013-02-11,ESG-GARCH(E),0.3934502991702594,6.142981663379627,E,2013-01-10
JNPR,JNPR.W^E14,2013-02-11,ESG-GARCH(G),0.3969463183582084,6.2526341134181,G,2013-01-10
JNPR,JNPR.W^E14,2013-02-11,ESG-GARCH(S),0.3974074608342782,6.267170235188428,S,2013-01-10
JNPR,JNPR.W^E14,2013-02-11,ESG-GJR-GARCH,0.4080404660050886,6.6070246784781705,all,2013-01-10
JNPR,JNPR.W^E14,2013-02-11,ESG-GJR-GARCH(E),0.4099451647498152,6.668850718323537,E,2013-01-10
JNPR,JNPR.W^E14,2013-02-11,ESG-GJR-GARCH(G),0.4136975350413142,6.7914940674309285,G,2013-01-10
JNPR,JNPR.W^E14,2013-02-11,ESG-GJR-GARCH(S),0.4142758388936032,6.810494868690426,S,2013-01-10
JNPR,JNPR.W^E14,2013-02-11,GARCH,0.3777641036603741,5.662925318028806,,2013-01-10
JNPR,JNPR.W^E14,2013-02-11,GJR-GARCH,0.3857290681818586,5.904242620652576,,2013-01-10
JNPR,JNPR.W^E14,2013-02-12,EGARCH,0.3344429574973007,4.438575072204021,,2013-02-12
JNPR,JNPR.W^E14,2013-02-12,ESG-EGARCH,0.3512840144346583,4.896843603068619,all,2013-02-12
JNPR,JNPR.W^E14,2013-02-12,ESG-EGARCH(E),0.3556451682120506,5.019185939388009,E,2013-02-12
JNPR,JNPR.W^E14,2013-02-12,ESG-EGARCH(G),0.3588973213276137,5.111400287941922,G,2013-02-12
JNPR,JNPR.W^E14,2013-02-12,ESG-EGARCH(S),0.3590801337294975,5.116608826952136,S,2013-02-12
JNPR,JNPR.W^E14,2013-02-12,ESG-GARCH,0.3649597165995634,5.28553947382673,all,2013-02-12
JNPR,JNPR.W^E14,2013-02-12,ESG-GARCH(E),0.3685497230357908,5.390035648799925,E,2013-02-12
JNPR,JNPR.W^E14,2013-02-12,ESG-GARCH(G),0.3718038689916536,5.485639563379474,G,2013-02-12
JNPR,JNPR.W^E14,2013-02-12,ESG-GARCH(S),0.3715844130323218,5.479165714625998,S,2013-02-12
JNPR,JNPR.W^E14,2013-02-12,ESG-GJR-GARCH,0.3875903783794133,5.961361167154635,all,2013-02-12
JNPR,JNPR.W^E14,2013-02-12,ESG-GJR-GARCH(E),0.3956758905058343,6.212675012999402,E,2013-02-12
JNPR,JNPR.W^E14,2013-02-12,ESG-GJR-GARCH(G),0.3992011540728362,6.3238714846462045,G,2013-02-12
JNPR,JNPR.W^E14,2013-02-12,ESG-GJR-GARCH(S),0.3991300275834136,6.321618211060973,S,2013-02-12
JNPR,JNPR.W^E14,2013-02-12,GARCH,0.3500980277653097,4.863834485919032,,2013-02-12
JNPR,JNPR.W^E14,2013-02-12,GJR-GARCH,0.3740366320804369,5.551722307066515,,2013-02-12
JNPR,JNPR.W^E14,2013-02-13,EGARCH,0.3344429574973007,4.438575072204021,,2013-02-12
JNPR,JNPR.W^E14,2013-02-13,ESG-EGARCH,0.3512840144346583,4.896843603068619,all,2013-02-12
JNPR,JNPR.W^E14,2013-02-13,ESG-EGARCH(E),0.3556451682120506,5.019185939388009,E,2013-02-12
JNPR,JNPR.W^E14,2013-02-13,ESG-EGARCH(G),0.3588973213276137,5.111400287941922,G,2013-02-12
JNPR,JNPR.W^E14,2013-02-13,ESG-EGARCH(S),0.3590801337294975,5.116608826952136,S,2013-02-12
JNPR,JNPR.W^E14,2013-02-13,ESG-GARCH,0.3649597165995634,5.28553947382673,all,2013-02-12
JNPR,JNPR.W^E14,2013-02-13,ESG-GARCH(E),0.3685497230357908,5.390035648799925,E,2013-02-12
JNPR,JNPR.W^E14,2013-02-13,ESG-GARCH(G),0.3718038689916536,5.485639563379474,G,2013-02-12
JNPR,JNPR.W^E14,2013-02-13,ESG-GARCH(S),0.3715844130323218,5.479165714625998,S,2013-02-12
JNPR,JNPR.W^E14,2013-02-13,ESG-GJR-GARCH,0.3875903783794133,5.961361167154635,all,2013-02-12
JNPR,JNPR.W^E14,2013-02-13,ESG-GJR-GARCH(E),0.3956758905058343,6.212675012999402,E,2013-02-12
JNPR,JNPR.W^E14,2013-02-13,ESG-GJR-GARCH(G),0.3992011540728362,6.3238714846462045,G,2013-02-12
JNPR,JNPR.W^E14,2013-02-13,ESG-GJR-GARCH(S),0.3991300275834136,6.321618211060973,S,2013-02-12
JNPR,JNPR.W^E14,2013-02-13,GARCH,0.3500980277653097,4.863834485919032,,2013-02-12
JNPR,JNPR.W^E14,2013-02-13,GJR-GARCH,0.3740366320804369,5.551722307066515,,2013-02-12
JNPR,JNPR.W^E14,2013-02-14,EGARCH,0.3344429574973007,4.438575072204021,,2013-02-12
JNPR,JNPR.W^E14,2013-02-14,ESG-EGARCH,0.3512840144346583,4.896843603068619,all,2013-02-12
JNPR,JNPR.W^E14,2013-02-14,ESG-EGARCH(E),0.3556451682120506,5.019185939388009,E,2013-02-12
JNPR,JNPR.W^E14,2013-02-14,ESG-EGARCH(G),0.3588973213276137,5.111400287941922,G,2013-02-12
JNPR,JNPR.W^E14,2013-02-14,ESG-EGARCH(S),0.3590801337294975,5.116608826952136,S,2013-02-12
JNPR,JNPR.W^E14,2013-02-14,ESG-GARCH,0.3649597165995634,5.28553947382673,all,2013-02-12
JNPR,JNPR.W^E14,2013-02-14,ESG-GARCH(E),0.3685497230357908,5.390035648799925,E,2013-02-12
JNPR,JNPR.W^E14,2013-02-14,ESG-GARCH(G),0.3718038689916536,5.485639563379474,G,2013-02-12
JNPR,JNPR.W^E14,2013-02-14,ESG-GARCH(S),0.3715844130323218,5.479165714625998,S,2013-02-12
JNPR,JNPR.W^E14,2013-02-14,ESG-GJR-GARCH,0.3875903783794133,5.961361167154635,all,2013-02-12
JNPR,JNPR.W^E14,2013-02-14,ESG-GJR-GARCH(E),0.3956758905058343,6.212675012999402,E,2013-02-12
JNPR,JNPR.W^E14,2013-02-14,ESG-GJR-GARCH(G),0.3992011540728362,6.3238714846462045,G,2013-02-12
JNPR,JNPR.W^E14,2013-02-14,ESG-GJR-GARCH(S),0.3991300275834136,6.321618211060973,S,2013-02-12
JNPR,JNPR.W^E14,2013-02-14,GARCH,0.3500980277653097,4.863834485919032,,2013-02-12
JNPR,JNPR.W^E14,2013-02-14,GJR-GARCH,0.3740366320804369,5.551722307066515,,2013-02-12
JNPR,JNPR.W^E14,2013-02-15,EGARCH,0.3344429574973007,4.438575072204021,,2013-02-12
JNPR,JNPR.W^E14,2013-02-15,ESG-EGARCH,0.3512840144346583,4.896843603068619,all,2013-02-12
JNPR,JNPR.W^E14,2013-02-15,ESG-EGARCH(E),0.3556451682120506,5.019185939388009,E,2013-02-12
JNPR,JNPR.W^E14,2013-02-15,ESG-EGARCH(G),0.3588973213276137,5.111400287941922,G,2013-02-12
JNPR,JNPR.W^E14,2013-02-15,ESG-EGARCH(S),0.3590801337294975,5.116608826952136,S,2013-02-12
JNPR,JNPR.W^E14,2013-02-15,ESG-GARCH,0.3649597165995634,5.28553947382673,all,2013-02-12
JNPR,JNPR.W^E14,2013-02-15,ESG-GARCH(E),0.3685497230357908,5.390035648799925,E,2013-02-12
JNPR,JNPR.W^E14,2013-02-15,ESG-GARCH(G),0.3718038689916536,5.485639563379474,G,2013-02-12
JNPR,JNPR.W^E14,2013-02-15,ESG-GARCH(S),0.3715844130323218,5.479165714625998,S,2013-02-12
JNPR,JNPR.W^E14,2013-02-15,ESG-GJR-GARCH,0.3875903783794133,5.961361167154635,all,2013-02-12
JNPR,JNPR.W^E14,2013-02-15,ESG-GJR-GARCH(E),0.3956758905058343,6.212675012999402,E,2013-02-12
JNPR,JNPR.W^E14,2013-02-15,ESG-GJR-GARCH(G),0.3992011540728362,6.3238714846462045,G,2013-02-12
JNPR,JNPR.W^E14,2013-02-15,ESG-GJR-GARCH(S),0.3991300275834136,6.321618211060973,S,2013-02-12
JNPR,JNPR.W^E14,2013-02-15,GARCH,0.3500980277653097,4.863834485919032,,2013-02-12
JNPR,JNPR.W^E14,2013-02-15,GJR-GARCH,0.3740366320804369,5.551722307066515,,2013-02-12
JNPR,JNPR.W^E14,2013-02-20,EGARCH,0.3344429574973007,4.438575072204021,,2013-02-12
JNPR,JNPR.W^E14,2013-02-20,ESG-EGARCH,0.3512840144346583,4.896843603068619,all,2013-02-12
JNPR,JNPR.W^E14,2013-02-20,ESG-EGARCH(E),0.3556451682120506,5.019185939388009,E,2013-02-12
JNPR,JNPR.W^E14,2013-02-20,ESG-EGARCH(G),0.3588973213276137,5.111400287941922,G,2013-02-12
JNPR,JNPR.W^E14,2013-02-20,ESG-EGARCH(S),0.3590801337294975,5.116608826952136,S,2013-02-12
JNPR,JNPR.W^E14,2013-02-20,ESG-GARCH,0.3649597165995634,5.28553947382673,all,2013-02-12
JNPR,JNPR.W^E14,2013-02-20,ESG-GARCH(E),0.3685497230357908,5.390035648799925,E,2013-02-12
JNPR,JNPR.W^E14,2013-02-20,ESG-GARCH(G),0.3718038689916536,5.485639563379474,G,2013-02-12
JNPR,JNPR.W^E14,2013-02-20,ESG-GARCH(S),0.3715844130323218,5.479165714625998,S,2013-02-12
JNPR,JNPR.W^E14,2013-02-20,ESG-GJR-GARCH,0.3875903783794133,5.961361167154635,all,2013-02-12
JNPR,JNPR.W^E14,2013-02-20,ESG-GJR-GARCH(E),0.3956758905058343,6.212675012999402,E,2013-02-12
JNPR,JNPR.W^E14,2013-02-20,ESG-GJR-GARCH(G),0.3992011540728362,6.3238714846462045,G,2013-02-12
JNPR,JNPR.W^E14,2013-02-20,ESG-GJR-GARCH(S),0.3991300275834136,6.321618211060973,S,2013-02-12
JNPR,JNPR.W^E14,2013-02-20,GARCH,0.3500980277653097,4.863834485919032,,2013-02-12
JNPR,JNPR.W^E14,2013-02-20,GJR-GARCH,0.3740366320804369,5.551722307066515,,2013-02-12
JNPR,JNPR.W^E14,2013-02-21,EGARCH,0.3344429574973007,4.438575072204021,,2013-02-12
JNPR,JNPR.W^E14,2013-02-21,ESG-EGARCH,0.3512840144346583,4.896843603068619,all,2013-02-12
JNPR,JNPR.W^E14,2013-02-21,ESG-EGARCH(E),0.3556451682120506,5.019185939388009,E,2013-02-12
JNPR,JNPR.W^E14,2013-02-21,ESG-EGARCH(G),0.3588973213276137,5.111400287941922,G,2013-02-12
JNPR,JNPR.W^E14,2013-02-21,ESG-EGARCH(S),0.3590801337294975,5.116608826952136,S,2013-02-12
JNPR,JNPR.W^E14,2013-02-21,ESG-GARCH,0.3649597165995634,5.28553947382673,all,2013-02-12
JNPR,JNPR.W^E14,2013-02-21,ESG-GARCH(E),0.3685497230357908,5.390035648799925,E,2013-02-12
JNPR,JNPR.W^E14,2013-02-21,ESG-GARCH(G),0.3718038689916536,5.485639563379474,G,2013-02-12
JNPR,JNPR.W^E14,2013-02-21,ESG-GARCH(S),0.3715844130323218,5.479165714625998,S,2013-02-12
JNPR,JNPR.W^E14,2013-02-21,ESG-GJR-GARCH,0.3875903783794133,5.961361167154635,all,2013-02-12
JNPR,JNPR.W^E14,2013-02-21,ESG-GJR-GARCH(E),0.3956758905058343,6.212675012999402,E,2013-02-12
JNPR,JNPR.W^E14,2013-02-21,ESG-GJR-GARCH(G),0.3992011540728362,6.3238714846462045,G,2013-02-12
JNPR,JNPR.W^E14,2013-02-21,ESG-GJR-GARCH(S),0.3991300275834136,6.321618211060973,S,2013-02-12
JNPR,JNPR.W^E14,2013-02-21,GARCH,0.3500980277653097,4.863834485919032,,2013-02-12
JNPR,JNPR.W^E14,2013-02-21,GJR-GARCH,0.3740366320804369,5.551722307066515,,2013-02-12
JNPR,JNPR.W^E14,2013-02-22,EGARCH,0.3344429574973007,4.438575072204021,,2013-02-12
JNPR,JNPR.W^E14,2013-02-22,ESG-EGARCH,0.3512840144346583,4.896843603068619,all,2013-02-12
JNPR,JNPR.W^E14,2013-02-22,ESG-EGARCH(E),0.3556451682120506,5.019185939388009,E,2013-02-12
JNPR,JNPR.W^E14,2013-02-22,ESG-EGARCH(G),0.3588973213276137,5.111400287941922,G,2013-02-12
JNPR,JNPR.W^E14,2013-02-22,ESG-EGARCH(S),0.3590801337294975,5.116608826952136,S,2013-02-12
JNPR,JNPR.W^E14,2013-02-22,ESG-GARCH,0.3649597165995634,5.28553947382673,all,2013-02-12
JNPR,JNPR.W^E14,2013-02-22,ESG-GARCH(E),0.3685497230357908,5.390035648799925,E,2013-02-12
JNPR,JNPR.W^E14,2013-02-22,ESG-GARCH(G),0.3718038689916536,5.485639563379474,G,2013-02-12
JNPR,JNPR.W^E14,2013-02-22,ESG-GARCH(S),0.3715844130323218,5.479165714625998,S,2013-02-12
JNPR,JNPR.W^E14,2013-02-22,ESG-GJR-GARCH,0.3875903783794133,5.961361167154635,all,2013-02-12
JNPR,JNPR.W^E14,2013-02-22,ESG-GJR-GARCH(E),0.3956758905058343,6.212675012999402,E,2013-02-12
JNPR,JNPR.W^E14,2013-02-22,ESG-GJR-GARCH(G),0.3992011540728362,6.3238714846462045,G,2013-02-12
JNPR,JNPR.W^E14,2013-02-22,ESG-GJR-GARCH(S),0.3991300275834136,6.321618211060973,S,2013-02-12
JNPR,JNPR.W^E14,2013-02-22,GARCH,0.3500980277653097,4.863834485919032,,2013-02-12
JNPR,JNPR.W^E14,2013-02-22,GJR-GARCH,0.3740366320804369,5.551722307066515,,2013-02-12
JNPR,JNPR.W^E14,2013-02-25,EGARCH,0.3344429574973007,4.438575072204021,,2013-02-12
JNPR,JNPR.W^E14,2013-02-25,ESG-EGARCH,0.3512840144346583,4.896843603068619,all,2013-02-12
JNPR,JNPR.W^E14,2013-02-25,ESG-EGARCH(E),0.3556451682120506,5.019185939388009,E,2013-02-12
JNPR,JNPR.W^E14,2013-02-25,ESG-EGARCH(G),0.3588973213276137,5.111400287941922,G,2013-02-12
JNPR,JNPR.W^E14,2013-02-25,ESG-EGARCH(S),0.3590801337294975,5.116608826952136,S,2013-02-12
JNPR,JNPR.W^E14,2013-02-25,ESG-GARCH,0.3649597165995634,5.28553947382673,all,2013-02-12
JNPR,JNPR.W^E14,2013-02-25,ESG-GARCH(E),0.3685497230357908,5.390035648799925,E,2013-02-12
JNPR,JNPR.W^E14,2013-02-25,ESG-GARCH(G),0.3718038689916536,5.485639563379474,G,2013-02-12
JNPR,JNPR.W^E14,2013-02-25,ESG-GARCH(S),0.3715844130323218,5.479165714625998,S,2013-02-12
JNPR,JNPR.W^E14,2013-02-25,ESG-GJR-GARCH,0.3875903783794133,5.961361167154635,all,2013-02-12
JNPR,JNPR.W^E14,2013-02-25,ESG-GJR-GARCH(E),0.3956758905058343,6.212675012999402,E,2013-02-12
JNPR,JNPR.W^E14,2013-02-25,ESG-GJR-GARCH(G),0.3992011540728362,6.3238714846462045,G,2013-02-12
JNPR,JNPR.W^E14,2013-02-25,ESG-GJR-GARCH(S),0.3991300275834136,6.321618211060973,S,2013-02-12
JNPR,JNPR.W^E14,2013-02-25,GARCH,0.3500980277653097,4.863834485919032,,2013-02-12
JNPR,JNPR.W^E14,2013-02-25,GJR-GARCH,0.3740366320804369,5.551722307066515,,2013-02-12
JNPR,JNPR.W^E14,2013-02-26,EGARCH,0.3344429574973007,4.438575072204021,,2013-02-12
JNPR,JNPR.W^E14,2013-02-26,ESG-EGARCH,0.3512840144346583,4.896843603068619,all,2013-02-12
JNPR,JNPR.W^E14,2013-02-26,ESG-EGARCH(E),0.3556451682120506,5.019185939388009,E,2013-02-12
JNPR,JNPR.W^E14,2013-02-26,ESG-EGARCH(G),0.3588973213276137,5.111400287941922,G,2013-02-12
JNPR,JNPR.W^E14,2013-02-26,ESG-EGARCH(S),0.3590801337294975,5.116608826952136,S,2013-02-12
JNPR,JNPR.W^E14,2013-02-26,ESG-GARCH,0.3649597165995634,5.28553947382673,all,2013-02-12
JNPR,JNPR.W^E14,2013-02-26,ESG-GARCH(E),0.3685497230357908,5.390035648799925,E,2013-02-12
JNPR,JNPR.W^E14,2013-02-26,ESG-GARCH(G),0.3718038689916536,5.485639563379474,G,2013-02-12
JNPR,JNPR.W^E14,2013-02-26,ESG-GARCH(S),0.3715844130323218,5.479165714625998,S,2013-02-12
JNPR,JNPR.W^E14,2013-02-26,ESG-GJR-GARCH,0.3875903783794133,5.961361167154635,all,2013-02-12
JNPR,JNPR.W^E14,2013-02-26,ESG-GJR-GARCH(E),0.3956758905058343,6.212675012999402,E,2013-02-12
JNPR,JNPR.W^E14,2013-02-26,ESG-GJR-GARCH(G),0.3992011540728362,6.3238714846462045,G,2013-02-12
JNPR,JNPR.W^E14,2013-02-26,ESG-GJR-GARCH(S),0.3991300275834136,6.321618211060973,S,2013-02-12
JNPR,JNPR.W^E14,2013-02-26,GARCH,0.3500980277653097,4.863834485919032,,2013-02-12
JNPR,JNPR.W^E14,2013-02-26,GJR-GARCH,0.3740366320804369,5.551722307066515,,2013-02-12
JNPR,JNPR.W^E14,2013-02-27,EGARCH,0.3344429574973007,4.438575072204021,,2013-02-12
JNPR,JNPR.W^E14,2013-02-27,ESG-EGARCH,0.3512840144346583,4.896843603068619,all,2013-02-12
JNPR,JNPR.W^E14,2013-02-27,ESG-EGARCH(E),0.3556451682120506,5.019185939388009,E,2013-02-12
JNPR,JNPR.W^E14,2013-02-27,ESG-EGARCH(G),0.3588973213276137,5.111400287941922,G,2013-02-12
JNPR,JNPR.W^E14,2013-02-27,ESG-EGARCH(S),0.3590801337294975,5.116608826952136,S,2013-02-12
JNPR,JNPR.W^E14,2013-02-27,ESG-GARCH,0.3649597165995634,5.28553947382673,all,2013-02-12
JNPR,JNPR.W^E14,2013-02-27,ESG-GARCH(E),0.3685497230357908,5.390035648799925,E,2013-02-12
JNPR,JNPR.W^E14,2013-02-27,ESG-GARCH(G),0.3718038689916536,5.485639563379474,G,2013-02-12
JNPR,JNPR.W^E14,2013-02-27,ESG-GARCH(S),0.3715844130323218,5.479165714625998,S,2013-02-12
JNPR,JNPR.W^E14,2013-02-27,ESG-GJR-GARCH,0.3875903783794133,5.961361167154635,all,2013-02-12
JNPR,JNPR.W^E14,2013-02-27,ESG-GJR-GARCH(E),0.3956758905058343,6.212675012999402,E,2013-02-12
JNPR,JNPR.W^E14,2013-02-27,ESG-GJR-GARCH(G),0.3992011540728362,6.3238714846462045,G,2013-02-12
JNPR,JNPR.W^E14,2013-02-27,ESG-GJR-GARCH(S),0.3991300275834136,6.321618211060973,S,2013-02-12
JNPR,JNPR.W^E14,2013-02-27,GARCH,0.3500980277653097,4.863834485919032,,2013-02-12
JNPR,JNPR.W^E14,2013-02-27,GJR-GARCH,0.3740366320804369,5.551722307066515,,2013-02-12
JNPR,JNPR.W^E14,2013-02-28,EGARCH,0.3344429574973007,4.438575072204021,,2013-02-12
JNPR,JNPR.W^E14,2013-02-28,ESG-EGARCH,0.3512840144346583,4.896843603068619,all,2013-02-12
JNPR,JNPR.W^E14,2013-02-28,ESG-EGARCH(E),0.3556451682120506,5.019185939388009,E,2013-02-12
JNPR,JNPR.W^E14,2013-02-28,ESG-EGARCH(G),0.3588973213276137,5.111400287941922,G,2013-02-12
JNPR,JNPR.W^E14,2013-02-28,ESG-EGARCH(S),0.3590801337294975,5.116608826952136,S,2013-02-12
JNPR,JNPR.W^E14,2013-02-28,ESG-GARCH,0.3649597165995634,5.28553947382673,all,2013-02-12
JNPR,JNPR.W^E14,2013-02-28,ESG-GARCH(E),0.3685497230357908,5.390035648799925,E,2013-02-12
JNPR,JNPR.W^E14,2013-02-28,ESG-GARCH(G),0.3718038689916536,5.485639563379474,G,2013-02-12
JNPR,JNPR.W^E14,2013-02-28,ESG-GARCH(S),0.3715844130323218,5.479165714625998,S,2013-02-12
JNPR,JNPR.W^E14,2013-02-28,ESG-GJR-GARCH,0.3875903783794133,5.961361167154635,all,2013-02-12
JNPR,JNPR.W^E14,2013-02-28,ESG-GJR-GARCH(E),0.3956758905058343,6.212675012999402,E,2013-02-12
JNPR,JNPR.W^E14,2013-02-28,ESG-GJR-GARCH(G),0.3992011540728362,6.3238714846462045,G,2013-02-12
JNPR,JNPR.W^E14,2013-02-28,ESG-GJR-GARCH(S),0.3991300275834136,6.321618211060973,S,2013-02-12
JNPR,JNPR.W^E14,2013-02-28,GARCH,0.3500980277653097,4.863834485919032,,2013-02-12
JNPR,JNPR.W^E14,2013-02-28,GJR-GARCH,0.3740366320804369,5.551722307066515,,2013-02-12
JNPR,JNPR.W^E14,2013-03-01,EGARCH,0.3344429574973007,4.438575072204021,,2013-02-12
JNPR,JNPR.W^E14,2013-03-01,ESG-EGARCH,0.3512840144346583,4.896843603068619,all,2013-02-12
JNPR,JNPR.W^E14,2013-03-01,ESG-EGARCH(E),0.3556451682120506,5.019185939388009,E,2013-02-12
JNPR,JNPR.W^E14,2013-03-01,ESG-EGARCH(G),0.3588973213276137,5.111400287941922,G,2013-02-12
JNPR,JNPR.W^E14,2013-03-01,ESG-EGARCH(S),0.3590801337294975,5.116608826952136,S,2013-02-12
JNPR,JNPR.W^E14,2013-03-01,ESG-GARCH,0.3649597165995634,5.28553947382673,all,2013-02-12
JNPR,JNPR.W^E14,2013-03-01,ESG-GARCH(E),0.3685497230357908,5.390035648799925,E,2013-02-12
JNPR,JNPR.W^E14,2013-03-01,ESG-GARCH(G),0.3718038689916536,5.485639563379474,G,2013-02-12
JNPR,JNPR.W^E14,2013-03-01,ESG-GARCH(S),0.3715844130323218,5.479165714625998,S,2013-02-12
JNPR,JNPR.W^E14,2013-03-01,ESG-GJR-GARCH,0.3875903783794133,5.961361167154635,all,2013-02-12
JNPR,JNPR.W^E14,2013-03-01,ESG-GJR-GARCH(E),0.3956758905058343,6.212675012999402,E,2013-02-12
JNPR,JNPR.W^E14,2013-03-01,ESG-GJR-GARCH(G),0.3992011540728362,6.3238714846462045,G,2013-02-12
JNPR,JNPR.W^E14,2013-03-01,ESG-GJR-GARCH(S),0.3991300275834136,6.321618211060973,S,2013-02-12
JNPR,JNPR.W^E14,2013-03-01,GARCH,0.3500980277653097,4.863834485919032,,2013-02-12
JNPR,JNPR.W^E14,2013-03-01,GJR-GARCH,0.3740366320804369,5.551722307066515,,2013-02-12
JNPR,JNPR.W^E14,2013-03-04,EGARCH,0.3344429574973007,4.438575072204021,,2013-02-12
JNPR,JNPR.W^E14,2013-03-04,ESG-EGARCH,0.3512840144346583,4.896843603068619,all,2013-02-12
JNPR,JNPR.W^E14,2013-03-04,ESG-EGARCH(E),0.3556451682120506,5.019185939388009,E,2013-02-12
JNPR,JNPR.W^E14,2013-03-04,ESG-EGARCH(G),0.3588973213276137,5.111400287941922,G,2013-02-12
JNPR,JNPR.W^E14,2013-03-04,ESG-EGARCH(S),0.3590801337294975,5.116608826952136,S,2013-02-12
JNPR,JNPR.W^E14,2013-03-04,ESG-GARCH,0.3649597165995634,5.28553947382673,all,2013-02-12
JNPR,JNPR.W^E14,2013-03-04,ESG-GARCH(E),0.3685497230357908,5.390035648799925,E,2013-02-12
JNPR,JNPR.W^E14,2013-03-04,ESG-GARCH(G),0.3718038689916536,5.485639563379474,G,2013-02-12
JNPR,JNPR.W^E14,2013-03-04,ESG-GARCH(S),0.3715844130323218,5.479165714625998,S,2013-02-12
JNPR,JNPR.W^E14,2013-03-04,ESG-GJR-GARCH,0.3875903783794133,5.961361167154635,all,2013-02-12
JNPR,JNPR.W^E14,2013-03-04,ESG-GJR-GARCH(E),0.3956758905058343,6.212675012999402,E,2013-02-12
JNPR,JNPR.W^E14,2013-03-04,ESG-GJR-GARCH(G),0.3992011540728362,6.3238714846462045,G,2013-02-12
JNPR,JNPR.W^E14,2013-03-04,ESG-GJR-GARCH(S),0.3991300275834136,6.321618211060973,S,2013-02-12
JNPR,JNPR.W^E14,2013-03-04,GARCH,0.3500980277653097,4.863834485919032,,2013-02-12
JNPR,JNPR.W^E14,2013-03-04,GJR-GARCH,0.3740366320804369,5.551722307066515,,2013-02-12
JNPR,JNPR.W^E14,2013-03-05,EGARCH,0.3344429574973007,4.438575072204021,,2013-02-12
JNPR,JNPR.W^E14,2013-03-05,ESG-EGARCH,0.3512840144346583,4.896843603068619,all,2013-02-12
JNPR,JNPR.W^E14,2013-03-05,ESG-EGARCH(E),0.3556451682120506,5.019185939388009,E,2013-02-12
JNPR,JNPR.W^E14,2013-03-05,ESG-EGARCH(G),0.3588973213276137,5.111400287941922,G,2013-02-12
JNPR,JNPR.W^E14,2013-03-05,ESG-EGARCH(S),0.3590801337294975,5.116608826952136,S,2013-02-12
JNPR,JNPR.W^E14,2013-03-05,ESG-GARCH,0.3649597165995634,5.28553947382673,all,2013-02-12
JNPR,JNPR.W^E14,2013-03-05,ESG-GARCH(E),0.3685497230357908,5.390035648799925,E,2013-02-12
JNPR,JNPR.W^E14,2013-03-05,ESG-GARCH(G),0.3718038689916536,5.485639563379474,G,2013-02-12
JNPR,JNPR.W^E14,2013-03-05,ESG-GARCH(S),0.3715844130323218,5.479165714625998,S,2013-02-12
JNPR,JNPR.W^E14,2013-03-05,ESG-GJR-GARCH,0.3875903783794133,5.961361167154635,all,2013-02-12
JNPR,JNPR.W^E14,2013-03-05,ESG-GJR-GARCH(E),0.3956758905058343,6.212675012999402,E,2013-02-12
JNPR,JNPR.W^E14,2013-03-05,ESG-GJR-GARCH(G),0.3992011540728362,6.3238714846462045,G,2013-02-12
JNPR,JNPR.W^E14,2013-03-05,ESG-GJR-GARCH(S),0.3991300275834136,6.321618211060973,S,2013-02-12
JNPR,JNPR.W^E14,2013-03-05,GARCH,0.3500980277653097,4.863834485919032,,2013-02-12
JNPR,JNPR.W^E14,2013-03-05,GJR-GARCH,0.3740366320804369,5.551722307066515,,2013-02-12
JNPR,JNPR.W^E14,2013-03-06,EGARCH,0.3344429574973007,4.438575072204021,,2013-02-12
JNPR,JNPR.W^E14,2013-03-06,ESG-EGARCH,0.3512840144346583,4.896843603068619,all,2013-02-12
JNPR,JNPR.W^E14,2013-03-06,ESG-EGARCH(E),0.3556451682120506,5.019185939388009,E,2013-02-12
JNPR,JNPR.W^E14,2013-03-06,ESG-EGARCH(G),0.3588973213276137,5.111400287941922,G,2013-02-12
JNPR,JNPR.W^E14,2013-03-06,ESG-EGARCH(S),0.3590801337294975,5.116608826952136,S,2013-02-12
JNPR,JNPR.W^E14,2013-03-06,ESG-GARCH,0.3649597165995634,5.28553947382673,all,2013-02-12
JNPR,JNPR.W^E14,2013-03-06,ESG-GARCH(E),0.3685497230357908,5.390035648799925,E,2013-02-12
JNPR,JNPR.W^E14,2013-03-06,ESG-GARCH(G),0.3718038689916536,5.485639563379474,G,2013-02-12
JNPR,JNPR.W^E14,2013-03-06,ESG-GARCH(S),0.3715844130323218,5.479165714625998,S,2013-02-12
JNPR,JNPR.W^E14,2013-03-06,ESG-GJR-GARCH,0.3875903783794133,5.961361167154635,all,2013-02-12
JNPR,JNPR.W^E14,2013-03-06,ESG-GJR-GARCH(E),0.3956758905058343,6.212675012999402,E,2013-02-12
JNPR,JNPR.W^E14,2013-03-06,ESG-GJR-GARCH(G),0.3992011540728362,6.3238714846462045,G,2013-02-12
JNPR,JNPR.W^E14,2013-03-06,ESG-GJR-GARCH(S),0.3991300275834136,6.321618211060973,S,2013-02-12
JNPR,JNPR.W^E14,2013-03-06,GARCH,0.3500980277653097,4.863834485919032,,2013-02-12
JNPR,JNPR.W^E14,2013-03-06,GJR-GARCH,0.3740366320804369,5.551722307066515,,2013-02-12
JNPR,JNPR.W^E14,2013-03-07,EGARCH,0.3344429574973007,4.438575072204021,,2013-02-12
JNPR,JNPR.W^E14,2013-03-07,ESG-EGARCH,0.3512840144346583,4.896843603068619,all,2013-02-12
JNPR,JNPR.W^E14,2013-03-07,ESG-EGARCH(E),0.3556451682120506,5.019185939388009,E,2013-02-12
JNPR,JNPR.W^E14,2013-03-07,ESG-EGARCH(G),0.3588973213276137,5.111400287941922,G,2013-02-12
JNPR,JNPR.W^E14,2013-03-07,ESG-EGARCH(S),0.3590801337294975,5.116608826952136,S,2013-02-12
JNPR,JNPR.W^E14,2013-03-07,ESG-GARCH,0.3649597165995634,5.28553947382673,all,2013-02-12
JNPR,JNPR.W^E14,2013-03-07,ESG-GARCH(E),0.3685497230357908,5.390035648799925,E,2013-02-12
JNPR,JNPR.W^E14,2013-03-07,ESG-GARCH(G),0.3718038689916536,5.485639563379474,G,2013-02-12
JNPR,JNPR.W^E14,2013-03-07,ESG-GARCH(S),0.3715844130323218,5.479165714625998,S,2013-02-12
JNPR,JNPR.W^E14,2013-03-07,ESG-GJR-GARCH,0.3875903783794133,5.961361167154635,all,2013-02-12
JNPR,JNPR.W^E14,2013-03-07,ESG-GJR-GARCH(E),0.3956758905058343,6.212675012999402,E,2013-02-12
JNPR,JNPR.W^E14,2013-03-07,ESG-GJR-GARCH(G),0.3992011540728362,6.3238714846462045,G,2013-02-12
JNPR,JNPR.W^E14,2013-03-07,ESG-GJR-GARCH(S),0.3991300275834136,6.321618211060973,S,2013-02-12
JNPR,JNPR.W^E14,2013-03-07,GARCH,0.3500980277653097,4.863834485919032,,2013-02-12
JNPR,JNPR.W^E14,2013-03-07,GJR-GARCH,0.3740366320804369,5.551722307066515,,2013-02-12
JNPR,JNPR.W^E14,2013-03-08,EGARCH,0.3344429574973007,4.438575072204021,,2013-02-12
JNPR,JNPR.W^E14,2013-03-08,ESG-EGARCH,0.3512840144346583,4.896843603068619,all,2013-02-12
JNPR,JNPR.W^E14,2013-03-08,ESG-EGARCH(E),0.3556451682120506,5.019185939388009,E,2013-02-12
JNPR,JNPR.W^E14,2013-03-08,ESG-EGARCH(G),0.3588973213276137,5.111400287941922,G,2013-02-12
JNPR,JNPR.W^E14,2013-03-08,ESG-EGARCH(S),0.3590801337294975,5.116608826952136,S,2013-02-12
JNPR,JNPR.W^E14,2013-03-08,ESG-GARCH,0.3649597165995634,5.28553947382673,all,2013-02-12
JNPR,JNPR.W^E14,2013-03-08,ESG-GARCH(E),0.3685497230357908,5.390035648799925,E,2013-02-12
JNPR,JNPR.W^E14,2013-03-08,ESG-GARCH(G),0.3718038689916536,5.485639563379474,G,2013-02-12
JNPR,JNPR.W^E14,2013-03-08,ESG-GARCH(S),0.3715844130323218,5.479165714625998,S,2013-02-12
JNPR,JNPR.W^E14,2013-03-08,ESG-GJR-GARCH,0.3875903783794133,5.961361167154635,all,2013-02-12
JNPR,JNPR.W^E14,2013-03-08,ESG-GJR-GARCH(E),0.3956758905058343,6.212675012999402,E,2013-02-12
JNPR,JNPR.W^E14,2013-03-08,ESG-GJR-GARCH(G),0.3992011540728362,6.3238714846462045,G,2013-02-12
JNPR,JNPR.W^E14,2013-03-08,ESG-GJR-GARCH(S),0.3991300275834136,6.321618211060973,S,2013-02-12
JNPR,JNPR.W^E14,2013-03-08,GARCH,0.3500980277653097,4.863834485919032,,2013-02-12
JNPR,JNPR.W^E14,2013-03-08,GJR-GARCH,0.3740366320804369,5.551722307066515,,2013-02-12
JNPR,JNPR.W^E14,2013-03-11,EGARCH,0.3344429574973007,4.438575072204021,,2013-02-12
JNPR,JNPR.W^E14,2013-03-11,ESG-EGARCH,0.3512840144346583,4.896843603068619,all,2013-02-12
JNPR,JNPR.W^E14,2013-03-11,ESG-EGARCH(E),0.3556451682120506,5.019185939388009,E,2013-02-12
JNPR,JNPR.W^E14,2013-03-11,ESG-EGARCH(G),0.3588973213276137,5.111400287941922,G,2013-02-12
JNPR,JNPR.W^E14,2013-03-11,ESG-EGARCH(S),0.3590801337294975,5.116608826952136,S,2013-02-12
JNPR,JNPR.W^E14,2013-03-11,ESG-GARCH,0.3649597165995634,5.28553947382673,all,2013-02-12
JNPR,JNPR.W^E14,2013-03-11,ESG-GARCH(E),0.3685497230357908,5.390035648799925,E,2013-02-12
JNPR,JNPR.W^E14,2013-03-11,ESG-GARCH(G),0.3718038689916536,5.485639563379474,G,2013-02-12
JNPR,JNPR.W^E14,2013-03-11,ESG-GARCH(S),0.3715844130323218,5.479165714625998,S,2013-02-12
JNPR,JNPR.W^E14,2013-03-11,ESG-GJR-GARCH,0.3875903783794133,5.961361167154635,all,2013-02-12
JNPR,JNPR.W^E14,2013-03-11,ESG-GJR-GARCH(E),0.3956758905058343,6.212675012999402,E,2013-02-12
JNPR,JNPR.W^E14,2013-03-11,ESG-GJR-GARCH(G),0.3992011540728362,6.3238714846462045,G,2013-02-12
JNPR,JNPR.W^E14,2013-03-11,ESG-GJR-GARCH(S),0.3991300275834136,6.321618211060973,S,2013-02-12
JNPR,JNPR.W^E14,2013-03-11,GARCH,0.3500980277653097,4.863834485919032,,2013-02-12
JNPR,JNPR.W^E14,2013-03-11,GJR-GARCH,0.3740366320804369,5.551722307066515,,2013-02-12
JNPR,JNPR.W^E14,2013-03-12,EGARCH,0.3344429574973007,4.438575072204021,,2013-02-12
JNPR,JNPR.W^E14,2013-03-12,ESG-EGARCH,0.3512840144346583,4.896843603068619,all,2013-02-12
JNPR,JNPR.W^E14,2013-03-12,ESG-EGARCH(E),0.3556451682120506,5.019185939388009,E,2013-02-12
JNPR,JNPR.W^E14,2013-03-12,ESG-EGARCH(G),0.3588973213276137,5.111400287941922,G,2013-02-12
JNPR,JNPR.W^E14,2013-03-12,ESG-EGARCH(S),0.3590801337294975,5.116608826952136,S,2013-02-12
JNPR,JNPR.W^E14,2013-03-12,ESG-GARCH,0.3649597165995634,5.28553947382673,all,2013-02-12
JNPR,JNPR.W^E14,2013-03-12,ESG-GARCH(E),0.3685497230357908,5.390035648799925,E,2013-02-12
JNPR,JNPR.W^E14,2013-03-12,ESG-GARCH(G),0.3718038689916536,5.485639563379474,G,2013-02-12
JNPR,JNPR.W^E14,2013-03-12,ESG-GARCH(S),0.3715844130323218,5.479165714625998,S,2013-02-12
JNPR,JNPR.W^E14,2013-03-12,ESG-GJR-GARCH,0.3875903783794133,5.961361167154635,all,2013-02-12
JNPR,JNPR.W^E14,2013-03-12,ESG-GJR-GARCH(E),0.3956758905058343,6.212675012999402,E,2013-02-12
JNPR,JNPR.W^E14,2013-03-12,ESG-GJR-GARCH(G),0.3992011540728362,6.3238714846462045,G,2013-02-12
JNPR,JNPR.W^E14,2013-03-12,ESG-GJR-GARCH(S),0.3991300275834136,6.321618211060973,S,2013-02-12
JNPR,JNPR.W^E14,2013-03-12,GARCH,0.3500980277653097,4.863834485919032,,2013-02-12
JNPR,JNPR.W^E14,2013-03-12,GJR-GARCH,0.3740366320804369,5.551722307066515,,2013-02-12
JNPR,JNPR.W^E14,2013-03-13,EGARCH,0.3344429574973007,4.438575072204021,,2013-02-12
JNPR,JNPR.W^E14,2013-03-13,ESG-EGARCH,0.3512840144346583,4.896843603068619,all,2013-02-12
JNPR,JNPR.W^E14,2013-03-13,ESG-EGARCH(E),0.3556451682120506,5.019185939388009,E,2013-02-12
JNPR,JNPR.W^E14,2013-03-13,ESG-EGARCH(G),0.3588973213276137,5.111400287941922,G,2013-02-12
JNPR,JNPR.W^E14,2013-03-13,ESG-EGARCH(S),0.3590801337294975,5.116608826952136,S,2013-02-12
JNPR,JNPR.W^E14,2013-03-13,ESG-GARCH,0.3649597165995634,5.28553947382673,all,2013-02-12
JNPR,JNPR.W^E14,2013-03-13,ESG-GARCH(E),0.3685497230357908,5.390035648799925,E,2013-02-12
JNPR,JNPR.W^E14,2013-03-13,ESG-GARCH(G),0.3718038689916536,5.485639563379474,G,2013-02-12
JNPR,JNPR.W^E14,2013-03-13,ESG-GARCH(S),0.3715844130323218,5.479165714625998,S,2013-02-12
JNPR,JNPR.W^E14,2013-03-13,ESG-GJR-GARCH,0.3875903783794133,5.961361167154635,all,2013-02-12
JNPR,JNPR.W^E14,2013-03-13,ESG-GJR-GARCH(E),0.3956758905058343,6.212675012999402,E,2013-02-12
JNPR,JNPR.W^E14,2013-03-13,ESG-GJR-GARCH(G),0.3992011540728362,6.3238714846462045,G,2013-02-12
JNPR,JNPR.W^E14,2013-03-13,ESG-GJR-GARCH(S),0.3991300275834136,6.321618211060973,S,2013-02-12
JNPR,JNPR.W^E14,2013-03-13,GARCH,0.3500980277653097,4.863834485919032,,2013-02-12
JNPR,JNPR.W^E14,2013-03-13,GJR-GARCH,0.3740366320804369,5.551722307066515,,2013-02-12
JNPR,JNPR.W^E14,2013-03-14,EGARCH,0.3344429574973007,4.438575072204021,,2013-02-12
JNPR,JNPR.W^E14,2013-03-14,ESG-EGARCH,0.3512840144346583,4.896843603068619,all,2013-02-12
JNPR,JNPR.W^E14,2013-03-14,ESG-EGARCH(E),0.3556451682120506,5.019185939388009,E,2013-02-12
JNPR,JNPR.W^E14,2013-03-14,ESG-EGARCH(G),0.3588973213276137,5.111400287941922,G,2013-02-12
JNPR,JNPR.W^E14,2013-03-14,ESG-EGARCH(S),0.3590801337294975,5.116608826952136,S,2013-02-12
JNPR,JNPR.W^E14,2013-03-14,ESG-GARCH,0.3649597165995634,5.28553947382673,all,2013-02-12
JNPR,JNPR.W^E14,2013-03-14,ESG-GARCH(E),0.3685497230357908,5.390035648799925,E,2013-02-12
JNPR,JNPR.W^E14,2013-03-14,ESG-GARCH(G),0.3718038689916536,5.485639563379474,G,2013-02-12
JNPR,JNPR.W^E14,2013-03-14,ESG-GARCH(S),0.3715844130323218,5.479165714625998,S,2013-02-12
JNPR,JNPR.W^E14,2013-03-14,ESG-GJR-GARCH,0.3875903783794133,5.961361167154635,all,2013-02-12
JNPR,JNPR.W^E14,2013-03-14,ESG-GJR-GARCH(E),0.3956758905058343,6.212675012999402,E,2013-02-12
JNPR,JNPR.W^E14,2013-03-14,ESG-GJR-GARCH(G),0.3992011540728362,6.3238714846462045,G,2013-02-12
JNPR,JNPR.W^E14,2013-03-14,ESG-GJR-GARCH(S),0.3991300275834136,6.321618211060973,S,2013-02-12
JNPR,JNPR.W^E14,2013-03-14,GARCH,0.3500980277653097,4.863834485919032,,2013-02-12
JNPR,JNPR.W^E14,2013-03-14,GJR-GARCH,0.3740366320804369,5.551722307066515,,2013-02-12
JNPR,JNPR.W^E14,2013-03-15,EGARCH,0.3344429574973007,4.438575072204021,,2013-02-12
JNPR,JNPR.W^E14,2013-03-15,ESG-EGARCH,0.3512840144346583,4.896843603068619,all,2013-02-12
JNPR,JNPR.W^E14,2013-03-15,ESG-EGARCH(E),0.3556451682120506,5.019185939388009,E,2013-02-12
JNPR,JNPR.W^E14,2013-03-15,ESG-EGARCH(G),0.3588973213276137,5.111400287941922,G,2013-02-12
JNPR,JNPR.W^E14,2013-03-15,ESG-EGARCH(S),0.3590801337294975,5.116608826952136,S,2013-02-12
JNPR,JNPR.W^E14,2013-03-15,ESG-GARCH,0.3649597165995634,5.28553947382673,all,2013-02-12
JNPR,JNPR.W^E14,2013-03-15,ESG-GARCH(E),0.3685497230357908,5.390035648799925,E,2013-02-12
JNPR,JNPR.W^E14,2013-03-15,ESG-GARCH(G),0.3718038689916536,5.485639563379474,G,2013-02-12
JNPR,JNPR.W^E14,2013-03-15,ESG-GARCH(S),0.3715844130323218,5.479165714625998,S,2013-02-12
JNPR,JNPR.W^E14,2013-03-15,ESG-GJR-GARCH,0.3875903783794133,5.961361167154635,all,2013-02-12
JNPR,JNPR.W^E14,2013-03-15,ESG-GJR-GARCH(E),0.3956758905058343,6.212675012999402,E,2013-02-12
JNPR,JNPR.W^E14,2013-03-15,ESG-GJR-GARCH(G),0.3992011540728362,6.3238714846462045,G,2013-02-12
JNPR,JNPR.W^E14,2013-03-15,ESG-GJR-GARCH(S),0.3991300275834136,6.321618211060973,S,2013-02-12
JNPR,JNPR.W^E14,2013-03-15,GARCH,0.3500980277653097,4.863834485919032,,2013-02-12
JNPR,JNPR.W^E14,2013-03-15,GJR-GARCH,0.3740366320804369,5.551722307066515,,2013-02-12
JNPR,JNPR.W^E14,2013-03-18,EGARCH,0.361450615438977,5.184386801635527,,2013-03-18
JNPR,JNPR.W^E14,2013-03-18,ESG-EGARCH,0.355505033871917,5.015231313820353,all,2013-03-18
JNPR,JNPR.W^E14,2013-03-18,ESG-EGARCH(E),0.3605077664499785,5.157374986934613,E,2013-03-18
JNPR,JNPR.W^E14,2013-03-18,ESG-EGARCH(G),0.3633308019030626,5.238463159187402,G,2013-03-18
JNPR,JNPR.W^E14,2013-03-18,ESG-EGARCH(S),0.3631862813043329,5.234296624113891,S,2013-03-18
JNPR,JNPR.W^E14,2013-03-18,ESG-GARCH,0.3572830318986799,5.06552241598068,all,2013-03-18
JNPR,JNPR.W^E14,2013-03-18,ESG-GARCH(E),0.3612598957624799,5.178917154218963,E,2013-03-18
JNPR,JNPR.W^E14,2013-03-18,ESG-GARCH(G),0.3641744201538606,5.262817789460343,G,2013-03-18
JNPR,JNPR.W^E14,2013-03-18,ESG-GARCH(S),0.3636360908917623,5.247270103136588,S,2013-03-18
JNPR,JNPR.W^E14,2013-03-18,ESG-GJR-GARCH,0.3495556317927925,4.848775385637236,all,2013-03-18
JNPR,JNPR.W^E14,2013-03-18,ESG-GJR-GARCH(E),0.354982685939319,5.000504258598935,E,2013-03-18
JNPR,JNPR.W^E14,2013-03-18,ESG-GJR-GARCH(G),0.3581019684241465,5.088770626557476,G,2013-03-18
JNPR,JNPR.W^E14,2013-03-18,ESG-GJR-GARCH(S),0.357426444896719,5.06958982188521,S,2013-03-18
JNPR,JNPR.W^E14,2013-03-18,GARCH,0.3552160938712543,5.00708227560126,,2013-03-18
JNPR,JNPR.W^E14,2013-03-18,GJR-GARCH,0.3601783316285838,5.147953594236117,,2013-03-18
JNPR,JNPR.W^E14,2013-03-19,EGARCH,0.361450615438977,5.184386801635527,,2013-03-18
JNPR,JNPR.W^E14,2013-03-19,ESG-EGARCH,0.355505033871917,5.015231313820353,all,2013-03-18
JNPR,JNPR.W^E14,2013-03-19,ESG-EGARCH(E),0.3605077664499785,5.157374986934613,E,2013-03-18
JNPR,JNPR.W^E14,2013-03-19,ESG-EGARCH(G),0.3633308019030626,5.238463159187402,G,2013-03-18
JNPR,JNPR.W^E14,2013-03-19,ESG-EGARCH(S),0.3631862813043329,5.234296624113891,S,2013-03-18
JNPR,JNPR.W^E14,2013-03-19,ESG-GARCH,0.3572830318986799,5.06552241598068,all,2013-03-18
JNPR,JNPR.W^E14,2013-03-19,ESG-GARCH(E),0.3612598957624799,5.178917154218963,E,2013-03-18
JNPR,JNPR.W^E14,2013-03-19,ESG-GARCH(G),0.3641744201538606,5.262817789460343,G,2013-03-18
JNPR,JNPR.W^E14,2013-03-19,ESG-GARCH(S),0.3636360908917623,5.247270103136588,S,2013-03-18
JNPR,JNPR.W^E14,2013-03-19,ESG-GJR-GARCH,0.3495556317927925,4.848775385637236,all,2013-03-18
JNPR,JNPR.W^E14,2013-03-19,ESG-GJR-GARCH(E),0.354982685939319,5.000504258598935,E,2013-03-18
JNPR,JNPR.W^E14,2013-03-19,ESG-GJR-GARCH(G),0.3581019684241465,5.088770626557476,G,2013-03-18
JNPR,JNPR.W^E14,2013-03-19,ESG-GJR-GARCH(S),0.357426444896719,5.06958982188521,S,2013-03-18
JNPR,JNPR.W^E14,2013-03-19,GARCH,0.3552160938712543,5.00708227560126,,2013-03-18
JNPR,JNPR.W^E14,2013-03-19,GJR-GARCH,0.3601783316285838,5.147953594236117,,2013-03-18
JNPR,JNPR.W^E14,2013-03-20,EGARCH,0.361450615438977,5.184386801635527,,2013-03-18
JNPR,JNPR.W^E14,2013-03-20,ESG-EGARCH,0.355505033871917,5.015231313820353,all,2013-03-18
JNPR,JNPR.W^E14,2013-03-20,ESG-EGARCH(E),0.3605077664499785,5.157374986934613,E,2013-03-18
JNPR,JNPR.W^E14,2013-03-20,ESG-EGARCH(G),0.3633308019030626,5.238463159187402,G,2013-03-18
JNPR,JNPR.W^E14,2013-03-20,ESG-EGARCH(S),0.3631862813043329,5.234296624113891,S,2013-03-18
JNPR,JNPR.W^E14,2013-03-20,ESG-GARCH,0.3572830318986799,5.06552241598068,all,2013-03-18
JNPR,JNPR.W^E14,2013-03-20,ESG-GARCH(E),0.3612598957624799,5.178917154218963,E,2013-03-18
JNPR,JNPR.W^E14,2013-03-20,ESG-GARCH(G),0.3641744201538606,5.262817789460343,G,2013-03-18
JNPR,JNPR.W^E14,2013-03-20,ESG-GARCH(S),0.3636360908917623,5.247270103136588,S,2013-03-18
JNPR,JNPR.W^E14,2013-03-20,ESG-GJR-GARCH,0.3495556317927925,4.848775385637236,all,2013-03-18
JNPR,JNPR.W^E14,2013-03-20,ESG-GJR-GARCH(E),0.354982685939319,5.000504258598935,E,2013-03-18
JNPR,JNPR.W^E14,2013-03-20,ESG-GJR-GARCH(G),0.3581019684241465,5.088770626557476,G,2013-03-18
JNPR,JNPR.W^E14,2013-03-20,ESG-GJR-GARCH(S),0.357426444896719,5.06958982188521,S,2013-03-18
JNPR,JNPR.W^E14,2013-03-20,GARCH,0.3552160938712543,5.00708227560126,,2013-03-18
JNPR,JNPR.W^E14,2013-03-20,GJR-GARCH,0.3601783316285838,5.147953594236117,,2013-03-18
JNPR,JNPR.W^E14,2013-03-21,EGARCH,0.361450615438977,5.184386801635527,,2013-03-18
JNPR,JNPR.W^E14,2013-03-21,ESG-EGARCH,0.355505033871917,5.015231313820353,all,2013-03-18
JNPR,JNPR.W^E14,2013-03-21,ESG-EGARCH(E),0.3605077664499785,5.157374986934613,E,2013-03-18
JNPR,JNPR.W^E14,2013-03-21,ESG-EGARCH(G),0.3633308019030626,5.238463159187402,G,2013-03-18
JNPR,JNPR.W^E14,2013-03-21,ESG-EGARCH(S),0.3631862813043329,5.234296624113891,S,2013-03-18
JNPR,JNPR.W^E14,2013-03-21,ESG-GARCH,0.3572830318986799,5.06552241598068,all,2013-03-18
JNPR,JNPR.W^E14,2013-03-21,ESG-GARCH(E),0.3612598957624799,5.178917154218963,E,2013-03-18
JNPR,JNPR.W^E14,2013-03-21,ESG-GARCH(G),0.3641744201538606,5.262817789460343,G,2013-03-18
JNPR,JNPR.W^E14,2013-03-21,ESG-GARCH(S),0.3636360908917623,5.247270103136588,S,2013-03-18
JNPR,JNPR.W^E14,2013-03-21,ESG-GJR-GARCH,0.3495556317927925,4.848775385637236,all,2013-03-18
JNPR,JNPR.W^E14,2013-03-21,ESG-GJR-GARCH(E),0.354982685939319,5.000504258598935,E,2013-03-18
JNPR,JNPR.W^E14,2013-03-21,ESG-GJR-GARCH(G),0.3581019684241465,5.088770626557476,G,2013-03-18
JNPR,JNPR.W^E14,2013-03-21,ESG-GJR-GARCH(S),0.357426444896719,5.06958982188521,S,2013-03-18
JNPR,JNPR.W^E14,2013-03-21,GARCH,0.3552160938712543,5.00708227560126,,2013-03-18
JNPR,JNPR.W^E14,2013-03-21,GJR-GARCH,0.3601783316285838,5.147953594236117,,2013-03-18
JNPR,JNPR.W^E14,2013-03-22,EGARCH,0.361450615438977,5.184386801635527,,2013-03-18
JNPR,JNPR.W^E14,2013-03-22,ESG-EGARCH,0.355505033871917,5.015231313820353,all,2013-03-18
JNPR,JNPR.W^E14,2013-03-22,ESG-EGARCH(E),0.3605077664499785,5.157374986934613,E,2013-03-18
JNPR,JNPR.W^E14,2013-03-22,ESG-EGARCH(G),0.3633308019030626,5.238463159187402,G,2013-03-18
JNPR,JNPR.W^E14,2013-03-22,ESG-EGARCH(S),0.3631862813043329,5.234296624113891,S,2013-03-18
JNPR,JNPR.W^E14,2013-03-22,ESG-GARCH,0.3572830318986799,5.06552241598068,all,2013-03-18
JNPR,JNPR.W^E14,2013-03-22,ESG-GARCH(E),0.3612598957624799,5.178917154218963,E,2013-03-18
JNPR,JNPR.W^E14,2013-03-22,ESG-GARCH(G),0.3641744201538606,5.262817789460343,G,2013-03-18
JNPR,JNPR.W^E14,2013-03-22,ESG-GARCH(S),0.3636360908917623,5.247270103136588,S,2013-03-18
JNPR,JNPR.W^E14,2013-03-22,ESG-GJR-GARCH,0.3495556317927925,4.848775385637236,all,2013-03-18
JNPR,JNPR.W^E14,2013-03-22,ESG-GJR-GARCH(E),0.354982685939319,5.000504258598935,E,2013-03-18
JNPR,JNPR.W^E14,2013-03-22,ESG-GJR-GARCH(G),0.3581019684241465,5.088770626557476,G,2013-03-18
JNPR,JNPR.W^E14,2013-03-22,ESG-GJR-GARCH(S),0.357426444896719,5.06958982188521,S,2013-03-18
JNPR,JNPR.W^E14,2013-03-22,GARCH,0.3552160938712543,5.00708227560126,,2013-03-18
JNPR,JNPR.W^E14,2013-03-22,GJR-GARCH,0.3601783316285838,5.147953594236117,,2013-03-18
JNPR,JNPR.W^E14,2013-03-25,EGARCH,0.361450615438977,5.184386801635527,,2013-03-18
JNPR,JNPR.W^E14,2013-03-25,ESG-EGARCH,0.355505033871917,5.015231313820353,all,2013-03-18
JNPR,JNPR.W^E14,2013-03-25,ESG-EGARCH(E),0.3605077664499785,5.157374986934613,E,2013-03-18
JNPR,JNPR.W^E14,2013-03-25,ESG-EGARCH(G),0.3633308019030626,5.238463159187402,G,2013-03-18
JNPR,JNPR.W^E14,2013-03-25,ESG-EGARCH(S),0.3631862813043329,5.234296624113891,S,2013-03-18
JNPR,JNPR.W^E14,2013-03-25,ESG-GARCH,0.3572830318986799,5.06552241598068,all,2013-03-18
JNPR,JNPR.W^E14,2013-03-25,ESG-GARCH(E),0.3612598957624799,5.178917154218963,E,2013-03-18
JNPR,JNPR.W^E14,2013-03-25,ESG-GARCH(G),0.3641744201538606,5.262817789460343,G,2013-03-18
JNPR,JNPR.W^E14,2013-03-25,ESG-GARCH(S),0.3636360908917623,5.247270103136588,S,2013-03-18
JNPR,JNPR.W^E14,2013-03-25,ESG-GJR-GARCH,0.3495556317927925,4.848775385637236,all,2013-03-18
JNPR,JNPR.W^E14,2013-03-25,ESG-GJR-GARCH(E),0.354982685939319,5.000504258598935,E,2013-03-18
JNPR,JNPR.W^E14,2013-03-25,ESG-GJR-GARCH(G),0.3581019684241465,5.088770626557476,G,2013-03-18
JNPR,JNPR.W^E14,2013-03-25,ESG-GJR-GARCH(S),0.357426444896719,5.06958982188521,S,2013-03-18
JNPR,JNPR.W^E14,2013-03-25,GARCH,0.3552160938712543,5.00708227560126,,2013-03-18
JNPR,JNPR.W^E14,2013-03-25,GJR-GARCH,0.3601783316285838,5.147953594236117,,2013-03-18
JNPR,JNPR.W^E14,2013-03-26,EGARCH,0.361450615438977,5.184386801635527,,2013-03-18
JNPR,JNPR.W^E14,2013-03-26,ESG-EGARCH,0.355505033871917,5.015231313820353,all,2013-03-18
JNPR,JNPR.W^E14,2013-03-26,ESG-EGARCH(E),0.3605077664499785,5.157374986934613,E,2013-03-18
JNPR,JNPR.W^E14,2013-03-26,ESG-EGARCH(G),0.3633308019030626,5.238463159187402,G,2013-03-18
JNPR,JNPR.W^E14,2013-03-26,ESG-EGARCH(S),0.3631862813043329,5.234296624113891,S,2013-03-18
JNPR,JNPR.W^E14,2013-03-26,ESG-GARCH,0.3572830318986799,5.06552241598068,all,2013-03-18
JNPR,JNPR.W^E14,2013-03-26,ESG-GARCH(E),0.3612598957624799,5.178917154218963,E,2013-03-18
JNPR,JNPR.W^E14,2013-03-26,ESG-GARCH(G),0.3641744201538606,5.262817789460343,G,2013-03-18
JNPR,JNPR.W^E14,2013-03-26,ESG-GARCH(S),0.3636360908917623,5.247270103136588,S,2013-03-18
JNPR,JNPR.W^E14,2013-03-26,ESG-GJR-GARCH,0.3495556317927925,4.848775385637236,all,2013-03-18
JNPR,JNPR.W^E14,2013-03-26,ESG-GJR-GARCH(E),0.354982685939319,5.000504258598935,E,2013-03-18
JNPR,JNPR.W^E14,2013-03-26,ESG-GJR-GARCH(G),0.3581019684241465,5.088770626557476,G,2013-03-18
JNPR,JNPR.W^E14,2013-03-26,ESG-GJR-GARCH(S),0.357426444896719,5.06958982188521,S,2013-03-18
JNPR,JNPR.W^E14,2013-03-26,GARCH,0.3552160938712543,5.00708227560126,,2013-03-18
JNPR,JNPR.W^E14,2013-03-26,GJR-GARCH,0.3601783316285838,5.147953594236117,,2013-03-18
JNPR,JNPR.W^E14,2013-03-27,EGARCH,0.361450615438977,5.184386801635527,,2013-03-18
JNPR,JNPR.W^E14,2013-03-27,ESG-EGARCH,0.355505033871917,5.015231313820353,all,2013-03-18
JNPR,JNPR.W^E14,2013-03-27,ESG-EGARCH(E),0.3605077664499785,5.157374986934613,E,2013-03-18
JNPR,JNPR.W^E14,2013-03-27,ESG-EGARCH(G),0.3633308019030626,5.238463159187402,G,2013-03-18
JNPR,JNPR.W^E14,2013-03-27,ESG-EGARCH(S),0.3631862813043329,5.234296624113891,S,2013-03-18
JNPR,JNPR.W^E14,2013-03-27,ESG-GARCH,0.3572830318986799,5.06552241598068,all,2013-03-18
JNPR,JNPR.W^E14,2013-03-27,ESG-GARCH(E),0.3612598957624799,5.178917154218963,E,2013-03-18
JNPR,JNPR.W^E14,2013-03-27,ESG-GARCH(G),0.3641744201538606,5.262817789460343,G,2013-03-18
JNPR,JNPR.W^E14,2013-03-27,ESG-GARCH(S),0.3636360908917623,5.247270103136588,S,2013-03-18
JNPR,JNPR.W^E14,2013-03-27,ESG-GJR-GARCH,0.3495556317927925,4.848775385637236,all,2013-03-18
JNPR,JNPR.W^E14,2013-03-27,ESG-GJR-GARCH(E),0.354982685939319,5.000504258598935,E,2013-03-18
JNPR,JNPR.W^E14,2013-03-27,ESG-GJR-GARCH(G),0.3581019684241465,5.088770626557476,G,2013-03-18
JNPR,JNPR.W^E14,2013-03-27,ESG-GJR-GARCH(S),0.357426444896719,5.06958982188521,S,2013-03-18
JNPR,JNPR.W^E14,2013-03-27,GARCH,0.3552160938712543,5.00708227560126,,2013-03-18
JNPR,JNPR.W^E14,2013-03-27,GJR-GARCH,0.3601783316285838,5.147953594236117,,2013-03-18
JNPR,JNPR.W^E14,2013-03-28,EGARCH,0.361450615438977,5.184386801635527,,2013-03-18
JNPR,JNPR.W^E14,2013-03-28,ESG-EGARCH,0.355505033871917,5.015231313820353,all,2013-03-18
JNPR,JNPR.W^E14,2013-03-28,ESG-EGARCH(E),0.3605077664499785,5.157374986934613,E,2013-03-18
JNPR,JNPR.W^E14,2013-03-28,ESG-EGARCH(G),0.3633308019030626,5.238463159187402,G,2013-03-18
JNPR,JNPR.W^E14,2013-03-28,ESG-EGARCH(S),0.3631862813043329,5.234296624113891,S,2013-03-18
JNPR,JNPR.W^E14,2013-03-28,ESG-GARCH,0.3572830318986799,5.06552241598068,all,2013-03-18
JNPR,JNPR.W^E14,2013-03-28,ESG-GARCH(E),0.3612598957624799,5.178917154218963,E,2013-03-18
JNPR,JNPR.W^E14,2013-03-28,ESG-GARCH(G),0.3641744201538606,5.262817789460343,G,2013-03-18
JNPR,JNPR.W^E14,2013-03-28,ESG-GARCH(S),0.3636360908917623,5.247270103136588,S,2013-03-18
JNPR,JNPR.W^E14,2013-03-28,ESG-GJR-GARCH,0.3495556317927925,4.848775385637236,all,2013-03-18
JNPR,JNPR.W^E14,2013-03-28,ESG-GJR-GARCH(E),0.354982685939319,5.000504258598935,E,2013-03-18
JNPR,JNPR.W^E14,2013-03-28,ESG-GJR-GARCH(G),0.3581019684241465,5.088770626557476,G,2013-03-18
JNPR,JNPR.W^E14,2013-03-28,ESG-GJR-GARCH(S),0.357426444896719,5.06958982188521,S,2013-03-18
JNPR,JNPR.W^E14,2013-03-28,GARCH,0.3552160938712543,5.00708227560126,,2013-03-18
JNPR,JNPR.W^E14,2013-03-28,GJR-GARCH,0.3601783316285838,5.147953594236117,,2013-03-18
JNPR,JNPR.W^E14,2013-04-01,EGARCH,0.361450615438977,5.184386801635527,,2013-03-18
JNPR,JNPR.W^E14,2013-04-01,ESG-EGARCH,0.355505033871917,5.015231313820353,all,2013-03-18
JNPR,JNPR.W^E14,2013-04-01,ESG-EGARCH(E),0.3605077664499785,5.157374986934613,E,2013-03-18
JNPR,JNPR.W^E14,2013-04-01,ESG-EGARCH(G),0.3633308019030626,5.238463159187402,G,2013-03-18
JNPR,JNPR.W^E14,2013-04-01,ESG-EGARCH(S),0.3631862813043329,5.234296624113891,S,2013-03-18
JNPR,JNPR.W^E14,2013-04-01,ESG-GARCH,0.3572830318986799,5.06552241598068,all,2013-03-18
JNPR,JNPR.W^E14,2013-04-01,ESG-GARCH(E),0.3612598957624799,5.178917154218963,E,2013-03-18
JNPR,JNPR.W^E14,2013-04-01,ESG-GARCH(G),0.3641744201538606,5.262817789460343,G,2013-03-18
JNPR,JNPR.W^E14,2013-04-01,ESG-GARCH(S),0.3636360908917623,5.247270103136588,S,2013-03-18
JNPR,JNPR.W^E14,2013-04-01,ESG-GJR-GARCH,0.3495556317927925,4.848775385637236,all,2013-03-18
JNPR,JNPR.W^E14,2013-04-01,ESG-GJR-GARCH(E),0.354982685939319,5.000504258598935,E,2013-03-18
JNPR,JNPR.W^E14,2013-04-01,ESG-GJR-GARCH(G),0.3581019684241465,5.088770626557476,G,2013-03-18
JNPR,JNPR.W^E14,2013-04-01,ESG-GJR-GARCH(S),0.357426444896719,5.06958982188521,S,2013-03-18
JNPR,JNPR.W^E14,2013-04-01,GARCH,0.3552160938712543,5.00708227560126,,2013-03-18
JNPR,JNPR.W^E14,2013-04-01,GJR-GARCH,0.3601783316285838,5.147953594236117,,2013-03-18
JNPR,JNPR.W^E14,2013-04-02,EGARCH,0.361450615438977,5.184386801635527,,2013-03-18
JNPR,JNPR.W^E14,2013-04-02,ESG-EGARCH,0.355505033871917,5.015231313820353,all,2013-03-18
JNPR,JNPR.W^E14,2013-04-02,ESG-EGARCH(E),0.3605077664499785,5.157374986934613,E,2013-03-18
JNPR,JNPR.W^E14,2013-04-02,ESG-EGARCH(G),0.3633308019030626,5.238463159187402,G,2013-03-18
JNPR,JNPR.W^E14,2013-04-02,ESG-EGARCH(S),0.3631862813043329,5.234296624113891,S,2013-03-18
JNPR,JNPR.W^E14,2013-04-02,ESG-GARCH,0.3572830318986799,5.06552241598068,all,2013-03-18
JNPR,JNPR.W^E14,2013-04-02,ESG-GARCH(E),0.3612598957624799,5.178917154218963,E,2013-03-18
JNPR,JNPR.W^E14,2013-04-02,ESG-GARCH(G),0.3641744201538606,5.262817789460343,G,2013-03-18
JNPR,JNPR.W^E14,2013-04-02,ESG-GARCH(S),0.3636360908917623,5.247270103136588,S,2013-03-18
JNPR,JNPR.W^E14,2013-04-02,ESG-GJR-GARCH,0.3495556317927925,4.848775385637236,all,2013-03-18
JNPR,JNPR.W^E14,2013-04-02,ESG-GJR-GARCH(E),0.354982685939319,5.000504258598935,E,2013-03-18
JNPR,JNPR.W^E14,2013-04-02,ESG-GJR-GARCH(G),0.3581019684241465,5.088770626557476,G,2013-03-18
JNPR,JNPR.W^E14,2013-04-02,ESG-GJR-GARCH(S),0.357426444896719,5.06958982188521,S,2013-03-18
JNPR,JNPR.W^E14,2013-04-02,GARCH,0.3552160938712543,5.00708227560126,,2013-03-18
JNPR,JNPR.W^E14,2013-04-02,GJR-GARCH,0.3601783316285838,5.147953594236117,,2013-03-18
JNPR,JNPR.W^E14,2013-04-03,EGARCH,0.361450615438977,5.184386801635527,,2013-03-18
JNPR,JNPR.W^E14,2013-04-03,ESG-EGARCH,0.355505033871917,5.015231313820353,all,2013-03-18
JNPR,JNPR.W^E14,2013-04-03,ESG-EGARCH(E),0.3605077664499785,5.157374986934613,E,2013-03-18
JNPR,JNPR.W^E14,2013-04-03,ESG-EGARCH(G),0.3633308019030626,5.238463159187402,G,2013-03-18
JNPR,JNPR.W^E14,2013-04-03,ESG-EGARCH(S),0.3631862813043329,5.234296624113891,S,2013-03-18
JNPR,JNPR.W^E14,2013-04-03,ESG-GARCH,0.3572830318986799,5.06552241598068,all,2013-03-18
JNPR,JNPR.W^E14,2013-04-03,ESG-GARCH(E),0.3612598957624799,5.178917154218963,E,2013-03-18
JNPR,JNPR.W^E14,2013-04-03,ESG-GARCH(G),0.3641744201538606,5.262817789460343,G,2013-03-18
JNPR,JNPR.W^E14,2013-04-03,ESG-GARCH(S),0.3636360908917623,5.247270103136588,S,2013-03-18
JNPR,JNPR.W^E14,2013-04-03,ESG-GJR-GARCH,0.3495556317927925,4.848775385637236,all,2013-03-18
JNPR,JNPR.W^E14,2013-04-03,ESG-GJR-GARCH(E),0.354982685939319,5.000504258598935,E,2013-03-18
JNPR,JNPR.W^E14,2013-04-03,ESG-GJR-GARCH(G),0.3581019684241465,5.088770626557476,G,2013-03-18
JNPR,JNPR.W^E14,2013-04-03,ESG-GJR-GARCH(S),0.357426444896719,5.06958982188521,S,2013-03-18
JNPR,JNPR.W^E14,2013-04-03,GARCH,0.3552160938712543,5.00708227560126,,2013-03-18
JNPR,JNPR.W^E14,2013-04-03,GJR-GARCH,0.3601783316285838,5.147953594236117,,2013-03-18
JNPR,JNPR.W^E14,2013-04-04,EGARCH,0.361450615438977,5.184386801635527,,2013-03-18
JNPR,JNPR.W^E14,2013-04-04,ESG-EGARCH,0.355505033871917,5.015231313820353,all,2013-03-18
JNPR,JNPR.W^E14,2013-04-04,ESG-EGARCH(E),0.3605077664499785,5.157374986934613,E,2013-03-18
JNPR,JNPR.W^E14,2013-04-04,ESG-EGARCH(G),0.3633308019030626,5.238463159187402,G,2013-03-18
JNPR,JNPR.W^E14,2013-04-04,ESG-EGARCH(S),0.3631862813043329,5.234296624113891,S,2013-03-18
JNPR,JNPR.W^E14,2013-04-04,ESG-GARCH,0.3572830318986799,5.06552241598068,all,2013-03-18
JNPR,JNPR.W^E14,2013-04-04,ESG-GARCH(E),0.3612598957624799,5.178917154218963,E,2013-03-18
JNPR,JNPR.W^E14,2013-04-04,ESG-GARCH(G),0.3641744201538606,5.262817789460343,G,2013-03-18
JNPR,JNPR.W^E14,2013-04-04,ESG-GARCH(S),0.3636360908917623,5.247270103136588,S,2013-03-18
JNPR,JNPR.W^E14,2013-04-04,ESG-GJR-GARCH,0.3495556317927925,4.848775385637236,all,2013-03-18
JNPR,JNPR.W^E14,2013-04-04,ESG-GJR-GARCH(E),0.354982685939319,5.000504258598935,E,2013-03-18
JNPR,JNPR.W^E14,2013-04-04,ESG-GJR-GARCH(G),0.3581019684241465,5.088770626557476,G,2013-03-18
JNPR,JNPR.W^E14,2013-04-04,ESG-GJR-GARCH(S),0.357426444896719,5.06958982188521,S,2013-03-18
JNPR,JNPR.W^E14,2013-04-04,GARCH,0.3552160938712543,5.00708227560126,,2013-03-18
JNPR,JNPR.W^E14,2013-04-04,GJR-GARCH,0.3601783316285838,5.147953594236117,,2013-03-18
JNPR,JNPR.W^E14,2013-04-05,EGARCH,0.361450615438977,5.184386801635527,,2013-03-18
JNPR,JNPR.W^E14,2013-04-05,ESG-EGARCH,0.355505033871917,5.015231313820353,all,2013-03-18
JNPR,JNPR.W^E14,2013-04-05,ESG-EGARCH(E),0.3605077664499785,5.157374986934613,E,2013-03-18
JNPR,JNPR.W^E14,2013-04-05,ESG-EGARCH(G),0.3633308019030626,5.238463159187402,G,2013-03-18
JNPR,JNPR.W^E14,2013-04-05,ESG-EGARCH(S),0.3631862813043329,5.234296624113891,S,2013-03-18
JNPR,JNPR.W^E14,2013-04-05,ESG-GARCH,0.3572830318986799,5.06552241598068,all,2013-03-18
JNPR,JNPR.W^E14,2013-04-05,ESG-GARCH(E),0.3612598957624799,5.178917154218963,E,2013-03-18
JNPR,JNPR.W^E14,2013-04-05,ESG-GARCH(G),0.3641744201538606,5.262817789460343,G,2013-03-18
JNPR,JNPR.W^E14,2013-04-05,ESG-GARCH(S),0.3636360908917623,5.247270103136588,S,2013-03-18
JNPR,JNPR.W^E14,2013-04-05,ESG-GJR-GARCH,0.3495556317927925,4.848775385637236,all,2013-03-18
JNPR,JNPR.W^E14,2013-04-05,ESG-GJR-GARCH(E),0.354982685939319,5.000504258598935,E,2013-03-18
JNPR,JNPR.W^E14,2013-04-05,ESG-GJR-GARCH(G),0.3581019684241465,5.088770626557476,G,2013-03-18
JNPR,JNPR.W^E14,2013-04-05,ESG-GJR-GARCH(S),0.357426444896719,5.06958982188521,S,2013-03-18
JNPR,JNPR.W^E14,2013-04-05,GARCH,0.3552160938712543,5.00708227560126,,2013-03-18
JNPR,JNPR.W^E14,2013-04-05,GJR-GARCH,0.3601783316285838,5.147953594236117,,2013-03-18
JNPR,JNPR.W^E14,2013-04-08,EGARCH,0.361450615438977,5.184386801635527,,2013-03-18
JNPR,JNPR.W^E14,2013-04-08,ESG-EGARCH,0.355505033871917,5.015231313820353,all,2013-03-18
JNPR,JNPR.W^E14,2013-04-08,ESG-EGARCH(E),0.3605077664499785,5.157374986934613,E,2013-03-18
JNPR,JNPR.W^E14,2013-04-08,ESG-EGARCH(G),0.3633308019030626,5.238463159187402,G,2013-03-18
JNPR,JNPR.W^E14,2013-04-08,ESG-EGARCH(S),0.3631862813043329,5.234296624113891,S,2013-03-18
JNPR,JNPR.W^E14,2013-04-08,ESG-GARCH,0.3572830318986799,5.06552241598068,all,2013-03-18
JNPR,JNPR.W^E14,2013-04-08,ESG-GARCH(E),0.3612598957624799,5.178917154218963,E,2013-03-18
JNPR,JNPR.W^E14,2013-04-08,ESG-GARCH(G),0.3641744201538606,5.262817789460343,G,2013-03-18
JNPR,JNPR.W^E14,2013-04-08,ESG-GARCH(S),0.3636360908917623,5.247270103136588,S,2013-03-18
JNPR,JNPR.W^E14,2013-04-08,ESG-GJR-GARCH,0.3495556317927925,4.848775385637236,all,2013-03-18
JNPR,JNPR.W^E14,2013-04-08,ESG-GJR-GARCH(E),0.354982685939319,5.000504258598935,E,2013-03-18
JNPR,JNPR.W^E14,2013-04-08,ESG-GJR-GARCH(G),0.3581019684241465,5.088770626557476,G,2013-03-18
JNPR,JNPR.W^E14,2013-04-08,ESG-GJR-GARCH(S),0.357426444896719,5.06958982188521,S,2013-03-18
JNPR,JNPR.W^E14,2013-04-08,GARCH,0.3552160938712543,5.00708227560126,,2013-03-18
JNPR,JNPR.W^E14,2013-04-08,GJR-GARCH,0.3601783316285838,5.147953594236117,,2013-03-18
JNPR,JNPR.W^E14,2013-04-09,EGARCH,0.361450615438977,5.184386801635527,,2013-03-18
JNPR,JNPR.W^E14,2013-04-09,ESG-EGARCH,0.355505033871917,5.015231313820353,all,2013-03-18
JNPR,JNPR.W^E14,2013-04-09,ESG-EGARCH(E),0.3605077664499785,5.157374986934613,E,2013-03-18
JNPR,JNPR.W^E14,2013-04-09,ESG-EGARCH(G),0.3633308019030626,5.238463159187402,G,2013-03-18
JNPR,JNPR.W^E14,2013-04-09,ESG-EGARCH(S),0.3631862813043329,5.234296624113891,S,2013-03-18
JNPR,JNPR.W^E14,2013-04-09,ESG-GARCH,0.3572830318986799,5.06552241598068,all,2013-03-18
JNPR,JNPR.W^E14,2013-04-09,ESG-GARCH(E),0.3612598957624799,5.178917154218963,E,2013-03-18
JNPR,JNPR.W^E14,2013-04-09,ESG-GARCH(G),0.3641744201538606,5.262817789460343,G,2013-03-18
JNPR,JNPR.W^E14,2013-04-09,ESG-GARCH(S),0.3636360908917623,5.247270103136588,S,2013-03-18
JNPR,JNPR.W^E14,2013-04-09,ESG-GJR-GARCH,0.3495556317927925,4.848775385637236,all,2013-03-18
JNPR,JNPR.W^E14,2013-04-09,ESG-GJR-GARCH(E),0.354982685939319,5.000504258598935,E,2013-03-18
JNPR,JNPR.W^E14,2013-04-09,ESG-GJR-GARCH(G),0.3581019684241465,5.088770626557476,G,2013-03-18
JNPR,JNPR.W^E14,2013-04-09,ESG-GJR-GARCH(S),0.357426444896719,5.06958982188521,S,2013-03-18
JNPR,JNPR.W^E14,2013-04-09,GARCH,0.3552160938712543,5.00708227560126,,2013-03-18
JNPR,JNPR.W^E14,2013-04-09,GJR-GARCH,0.3601783316285838,5.147953594236117,,2013-03-18
JNPR,JNPR.W^E14,2013-04-10,EGARCH,0.361450615438977,5.184386801635527,,2013-03-18
JNPR,JNPR.W^E14,2013-04-10,ESG-EGARCH,0.355505033871917,5.015231313820353,all,2013-03-18
JNPR,JNPR.W^E14,2013-04-10,ESG-EGARCH(E),0.3605077664499785,5.157374986934613,E,2013-03-18
JNPR,JNPR.W^E14,2013-04-10,ESG-EGARCH(G),0.3633308019030626,5.238463159187402,G,2013-03-18
JNPR,JNPR.W^E14,2013-04-10,ESG-EGARCH(S),0.3631862813043329,5.234296624113891,S,2013-03-18
JNPR,JNPR.W^E14,2013-04-10,ESG-GARCH,0.3572830318986799,5.06552241598068,all,2013-03-18
JNPR,JNPR.W^E14,2013-04-10,ESG-GARCH(E),0.3612598957624799,5.178917154218963,E,2013-03-18
JNPR,JNPR.W^E14,2013-04-10,ESG-GARCH(G),0.3641744201538606,5.262817789460343,G,2013-03-18
JNPR,JNPR.W^E14,2013-04-10,ESG-GARCH(S),0.3636360908917623,5.247270103136588,S,2013-03-18
JNPR,JNPR.W^E14,2013-04-10,ESG-GJR-GARCH,0.3495556317927925,4.848775385637236,all,2013-03-18
JNPR,JNPR.W^E14,2013-04-10,ESG-GJR-GARCH(E),0.354982685939319,5.000504258598935,E,2013-03-18
JNPR,JNPR.W^E14,2013-04-10,ESG-GJR-GARCH(G),0.3581019684241465,5.088770626557476,G,2013-03-18
JNPR,JNPR.W^E14,2013-04-10,ESG-GJR-GARCH(S),0.357426444896719,5.06958982188521,S,2013-03-18
JNPR,JNPR.W^E14,2013-04-10,GARCH,0.3552160938712543,5.00708227560126,,2013-03-18
JNPR,JNPR.W^E14,2013-04-10,GJR-GARCH,0.3601783316285838,5.147953594236117,,2013-03-18
JNPR,JNPR.W^E14,2013-04-11,EGARCH,0.361450615438977,5.184386801635527,,2013-03-18
JNPR,JNPR.W^E14,2013-04-11,ESG-EGARCH,0.355505033871917,5.015231313820353,all,2013-03-18
JNPR,JNPR.W^E14,2013-04-11,ESG-EGARCH(E),0.3605077664499785,5.157374986934613,E,2013-03-18
JNPR,JNPR.W^E14,2013-04-11,ESG-EGARCH(G),0.3633308019030626,5.238463159187402,G,2013-03-18
JNPR,JNPR.W^E14,2013-04-11,ESG-EGARCH(S),0.3631862813043329,5.234296624113891,S,2013-03-18
JNPR,JNPR.W^E14,2013-04-11,ESG-GARCH,0.3572830318986799,5.06552241598068,all,2013-03-18
JNPR,JNPR.W^E14,2013-04-11,ESG-GARCH(E),0.3612598957624799,5.178917154218963,E,2013-03-18
JNPR,JNPR.W^E14,2013-04-11,ESG-GARCH(G),0.3641744201538606,5.262817789460343,G,2013-03-18
JNPR,JNPR.W^E14,2013-04-11,ESG-GARCH(S),0.3636360908917623,5.247270103136588,S,2013-03-18
JNPR,JNPR.W^E14,2013-04-11,ESG-GJR-GARCH,0.3495556317927925,4.848775385637236,all,2013-03-18
JNPR,JNPR.W^E14,2013-04-11,ESG-GJR-GARCH(E),0.354982685939319,5.000504258598935,E,2013-03-18
JNPR,JNPR.W^E14,2013-04-11,ESG-GJR-GARCH(G),0.3581019684241465,5.088770626557476,G,2013-03-18
JNPR,JNPR.W^E14,2013-04-11,ESG-GJR-GARCH(S),0.357426444896719,5.06958982188521,S,2013-03-18
JNPR,JNPR.W^E14,2013-04-11,GARCH,0.3552160938712543,5.00708227560126,,2013-03-18
JNPR,JNPR.W^E14,2013-04-11,GJR-GARCH,0.3601783316285838,5.147953594236117,,2013-03-18
JNPR,JNPR.W^E14,2013-04-12,EGARCH,0.361450615438977,5.184386801635527,,2013-03-18
JNPR,JNPR.W^E14,2013-04-12,ESG-EGARCH,0.355505033871917,5.015231313820353,all,2013-03-18
JNPR,JNPR.W^E14,2013-04-12,ESG-EGARCH(E),0.3605077664499785,5.157374986934613,E,2013-03-18
JNPR,JNPR.W^E14,2013-04-12,ESG-EGARCH(G),0.3633308019030626,5.238463159187402,G,2013-03-18
JNPR,JNPR.W^E14,2013-04-12,ESG-EGARCH(S),0.3631862813043329,5.234296624113891,S,2013-03-18
JNPR,JNPR.W^E14,2013-04-12,ESG-GARCH,0.3572830318986799,5.06552241598068,all,2013-03-18
JNPR,JNPR.W^E14,2013-04-12,ESG-GARCH(E),0.3612598957624799,5.178917154218963,E,2013-03-18
JNPR,JNPR.W^E14,2013-04-12,ESG-GARCH(G),0.3641744201538606,5.262817789460343,G,2013-03-18
JNPR,JNPR.W^E14,2013-04-12,ESG-GARCH(S),0.3636360908917623,5.247270103136588,S,2013-03-18
JNPR,JNPR.W^E14,2013-04-12,ESG-GJR-GARCH,0.3495556317927925,4.848775385637236,all,2013-03-18
JNPR,JNPR.W^E14,2013-04-12,ESG-GJR-GARCH(E),0.354982685939319,5.000504258598935,E,2013-03-18
JNPR,JNPR.W^E14,2013-04-12,ESG-GJR-GARCH(G),0.3581019684241465,5.088770626557476,G,2013-03-18
JNPR,JNPR.W^E14,2013-04-12,ESG-GJR-GARCH(S),0.357426444896719,5.06958982188521,S,2013-03-18
JNPR,JNPR.W^E14,2013-04-12,GARCH,0.3552160938712543,5.00708227560126,,2013-03-18
JNPR,JNPR.W^E14,2013-04-12,GJR-GARCH,0.3601783316285838,5.147953594236117,,2013-03-18
JNPR,JNPR.W^E14,2013-04-15,EGARCH,0.361450615438977,5.184386801635527,,2013-03-18
JNPR,JNPR.W^E14,2013-04-15,ESG-EGARCH,0.355505033871917,5.015231313820353,all,2013-03-18
JNPR,JNPR.W^E14,2013-04-15,ESG-EGARCH(E),0.3605077664499785,5.157374986934613,E,2013-03-18
JNPR,JNPR.W^E14,2013-04-15,ESG-EGARCH(G),0.3633308019030626,5.238463159187402,G,2013-03-18
JNPR,JNPR.W^E14,2013-04-15,ESG-EGARCH(S),0.3631862813043329,5.234296624113891,S,2013-03-18
JNPR,JNPR.W^E14,2013-04-15,ESG-GARCH,0.3572830318986799,5.06552241598068,all,2013-03-18
JNPR,JNPR.W^E14,2013-04-15,ESG-GARCH(E),0.3612598957624799,5.178917154218963,E,2013-03-18
JNPR,JNPR.W^E14,2013-04-15,ESG-GARCH(G),0.3641744201538606,5.262817789460343,G,2013-03-18
JNPR,JNPR.W^E14,2013-04-15,ESG-GARCH(S),0.3636360908917623,5.247270103136588,S,2013-03-18
JNPR,JNPR.W^E14,2013-04-15,ESG-GJR-GARCH,0.3495556317927925,4.848775385637236,all,2013-03-18
JNPR,JNPR.W^E14,2013-04-15,ESG-GJR-GARCH(E),0.354982685939319,5.000504258598935,E,2013-03-18
JNPR,JNPR.W^E14,2013-04-15,ESG-GJR-GARCH(G),0.3581019684241465,5.088770626557476,G,2013-03-18
JNPR,JNPR.W^E14,2013-04-15,ESG-GJR-GARCH(S),0.357426444896719,5.06958982188521,S,2013-03-18
JNPR,JNPR.W^E14,2013-04-15,GARCH,0.3552160938712543,5.00708227560126,,2013-03-18
JNPR,JNPR.W^E14,2013-04-15,GJR-GARCH,0.3601783316285838,5.147953594236117,,2013-03-18
JNPR,JNPR.W^E14,2013-04-16,EGARCH,0.361450615438977,5.184386801635527,,2013-03-18
JNPR,JNPR.W^E14,2013-04-16,ESG-EGARCH,0.355505033871917,5.015231313820353,all,2013-03-18
JNPR,JNPR.W^E14,2013-04-16,ESG-EGARCH(E),0.3605077664499785,5.157374986934613,E,2013-03-18
JNPR,JNPR.W^E14,2013-04-16,ESG-EGARCH(G),0.3633308019030626,5.238463159187402,G,2013-03-18
JNPR,JNPR.W^E14,2013-04-16,ESG-EGARCH(S),0.3631862813043329,5.234296624113891,S,2013-03-18
JNPR,JNPR.W^E14,2013-04-16,ESG-GARCH,0.3572830318986799,5.06552241598068,all,2013-03-18
JNPR,JNPR.W^E14,2013-04-16,ESG-GARCH(E),0.3612598957624799,5.178917154218963,E,2013-03-18
JNPR,JNPR.W^E14,2013-04-16,ESG-GARCH(G),0.3641744201538606,5.262817789460343,G,2013-03-18
JNPR,JNPR.W^E14,2013-04-16,ESG-GARCH(S),0.3636360908917623,5.247270103136588,S,2013-03-18
JNPR,JNPR.W^E14,2013-04-16,ESG-GJR-GARCH,0.3495556317927925,4.848775385637236,all,2013-03-18
JNPR,JNPR.W^E14,2013-04-16,ESG-GJR-GARCH(E),0.354982685939319,5.000504258598935,E,2013-03-18
JNPR,JNPR.W^E14,2013-04-16,ESG-GJR-GARCH(G),0.3581019684241465,5.088770626557476,G,2013-03-18
JNPR,JNPR.W^E14,2013-04-16,ESG-GJR-GARCH(S),0.357426444896719,5.06958982188521,S,2013-03-18
JNPR,JNPR.W^E14,2013-04-16,GARCH,0.3552160938712543,5.00708227560126,,2013-03-18
JNPR,JNPR.W^E14,2013-04-16,GJR-GARCH,0.3601783316285838,5.147953594236117,,2013-03-18
JNPR,JNPR.W^E14,2013-04-17,EGARCH,0.361450615438977,5.184386801635527,,2013-03-18
JNPR,JNPR.W^E14,2013-04-17,ESG-EGARCH,0.355505033871917,5.015231313820353,all,2013-03-18
JNPR,JNPR.W^E14,2013-04-17,ESG-EGARCH(E),0.3605077664499785,5.157374986934613,E,2013-03-18
JNPR,JNPR.W^E14,2013-04-17,ESG-EGARCH(G),0.3633308019030626,5.238463159187402,G,2013-03-18
JNPR,JNPR.W^E14,2013-04-17,ESG-EGARCH(S),0.3631862813043329,5.234296624113891,S,2013-03-18
JNPR,JNPR.W^E14,2013-04-17,ESG-GARCH,0.3572830318986799,5.06552241598068,all,2013-03-18
JNPR,JNPR.W^E14,2013-04-17,ESG-GARCH(E),0.3612598957624799,5.178917154218963,E,2013-03-18
JNPR,JNPR.W^E14,2013-04-17,ESG-GARCH(G),0.3641744201538606,5.262817789460343,G,2013-03-18
JNPR,JNPR.W^E14,2013-04-17,ESG-GARCH(S),0.3636360908917623,5.247270103136588,S,2013-03-18
JNPR,JNPR.W^E14,2013-04-17,ESG-GJR-GARCH,0.3495556317927925,4.848775385637236,all,2013-03-18
JNPR,JNPR.W^E14,2013-04-17,ESG-GJR-GARCH(E),0.354982685939319,5.000504258598935,E,2013-03-18
JNPR,JNPR.W^E14,2013-04-17,ESG-GJR-GARCH(G),0.3581019684241465,5.088770626557476,G,2013-03-18
JNPR,JNPR.W^E14,2013-04-17,ESG-GJR-GARCH(S),0.357426444896719,5.06958982188521,S,2013-03-18
JNPR,JNPR.W^E14,2013-04-17,GARCH,0.3552160938712543,5.00708227560126,,2013-03-18
JNPR,JNPR.W^E14,2013-04-17,GJR-GARCH,0.3601783316285838,5.147953594236117,,2013-03-18
JNPR,JNPR.W^E14,2013-04-18,EGARCH,0.4151216159508034,6.838331588476438,,2013-04-18
JNPR,JNPR.W^E14,2013-04-18,ESG-EGARCH,0.3925262522814783,6.114161060719951,all,2013-04-18
JNPR,JNPR.W^E14,2013-04-18,ESG-EGARCH(E),0.3968198609514404,6.248650874822243,E,2013-04-18
JNPR,JNPR.W^E14,2013-04-18,ESG-EGARCH(G),0.3995756768619566,6.3357429182416976,G,2013-04-18
JNPR,JNPR.W^E14,2013-04-18,ESG-EGARCH(S),0.3996351783676312,6.337629991624144,S,2013-04-18
JNPR,JNPR.W^E14,2013-04-18,ESG-GARCH,0.3941865351118413,6.165993034265036,all,2013-04-18
JNPR,JNPR.W^E14,2013-04-18,ESG-GARCH(E),0.3977882519429481,6.279186245389935,E,2013-04-18
JNPR,JNPR.W^E14,2013-04-18,ESG-GARCH(G),0.4004904322213932,6.364785170669776,G,2013-04-18
JNPR,JNPR.W^E14,2013-04-18,ESG-GARCH(S),0.4002716932344042,6.357834460505438,S,2013-04-18
JNPR,JNPR.W^E14,2013-04-18,ESG-GJR-GARCH,0.4068918141533074,6.569878905752762,all,2013-04-18
JNPR,JNPR.W^E14,2013-04-18,ESG-GJR-GARCH(E),0.410991172525509,6.702926344995744,E,2013-04-18
JNPR,JNPR.W^E14,2013-04-18,ESG-GJR-GARCH(G),0.4140615629433264,6.803451504248822,G,2013-04-18
JNPR,JNPR.W^E14,2013-04-18,ESG-GJR-GARCH(S),0.4139061496166636,6.798345265495711,S,2013-04-18
JNPR,JNPR.W^E14,2013-04-18,GARCH,0.4044118149251773,6.490036351233171,,2013-04-18
JNPR,JNPR.W^E14,2013-04-18,GJR-GARCH,0.4370525460728824,7.579957461459881,,2013-04-18
JNPR,JNPR.W^E14,2013-04-19,EGARCH,0.4151216159508034,6.838331588476438,,2013-04-18
JNPR,JNPR.W^E14,2013-04-19,ESG-EGARCH,0.3925262522814783,6.114161060719951,all,2013-04-18
JNPR,JNPR.W^E14,2013-04-19,ESG-EGARCH(E),0.3968198609514404,6.248650874822243,E,2013-04-18
JNPR,JNPR.W^E14,2013-04-19,ESG-EGARCH(G),0.3995756768619566,6.3357429182416976,G,2013-04-18
JNPR,JNPR.W^E14,2013-04-19,ESG-EGARCH(S),0.3996351783676312,6.337629991624144,S,2013-04-18
JNPR,JNPR.W^E14,2013-04-19,ESG-GARCH,0.3941865351118413,6.165993034265036,all,2013-04-18
JNPR,JNPR.W^E14,2013-04-19,ESG-GARCH(E),0.3977882519429481,6.279186245389935,E,2013-04-18
JNPR,JNPR.W^E14,2013-04-19,ESG-GARCH(G),0.4004904322213932,6.364785170669776,G,2013-04-18
JNPR,JNPR.W^E14,2013-04-19,ESG-GARCH(S),0.4002716932344042,6.357834460505438,S,2013-04-18
JNPR,JNPR.W^E14,2013-04-19,ESG-GJR-GARCH,0.4068918141533074,6.569878905752762,all,2013-04-18
JNPR,JNPR.W^E14,2013-04-19,ESG-GJR-GARCH(E),0.410991172525509,6.702926344995744,E,2013-04-18
JNPR,JNPR.W^E14,2013-04-19,ESG-GJR-GARCH(G),0.4140615629433264,6.803451504248822,G,2013-04-18
JNPR,JNPR.W^E14,2013-04-19,ESG-GJR-GARCH(S),0.4139061496166636,6.798345265495711,S,2013-04-18
JNPR,JNPR.W^E14,2013-04-19,GARCH,0.4044118149251773,6.490036351233171,,2013-04-18
JNPR,JNPR.W^E14,2013-04-19,GJR-GARCH,0.4370525460728824,7.579957461459881,,2013-04-18
JNPR,JNPR.W^E14,2013-04-22,EGARCH,0.4151216159508034,6.838331588476438,,2013-04-18
JNPR,JNPR.W^E14,2013-04-22,ESG-EGARCH,0.3925262522814783,6.114161060719951,all,2013-04-18
JNPR,JNPR.W^E14,2013-04-22,ESG-EGARCH(E),0.3968198609514404,6.248650874822243,E,2013-04-18
JNPR,JNPR.W^E14,2013-04-22,ESG-EGARCH(G),0.3995756768619566,6.3357429182416976,G,2013-04-18
JNPR,JNPR.W^E14,2013-04-22,ESG-EGARCH(S),0.3996351783676312,6.337629991624144,S,2013-04-18
JNPR,JNPR.W^E14,2013-04-22,ESG-GARCH,0.3941865351118413,6.165993034265036,all,2013-04-18
JNPR,JNPR.W^E14,2013-04-22,ESG-GARCH(E),0.3977882519429481,6.279186245389935,E,2013-04-18
JNPR,JNPR.W^E14,2013-04-22,ESG-GARCH(G),0.4004904322213932,6.364785170669776,G,2013-04-18
JNPR,JNPR.W^E14,2013-04-22,ESG-GARCH(S),0.4002716932344042,6.357834460505438,S,2013-04-18
JNPR,JNPR.W^E14,2013-04-22,ESG-GJR-GARCH,0.4068918141533074,6.569878905752762,all,2013-04-18
JNPR,JNPR.W^E14,2013-04-22,ESG-GJR-GARCH(E),0.410991172525509,6.702926344995744,E,2013-04-18
JNPR,JNPR.W^E14,2013-04-22,ESG-GJR-GARCH(G),0.4140615629433264,6.803451504248822,G,2013-04-18
JNPR,JNPR.W^E14,2013-04-22,ESG-GJR-GARCH(S),0.4139061496166636,6.798345265495711,S,2013-04-18
JNPR,JNPR.W^E14,2013-04-22,GARCH,0.4044118149251773,6.490036351233171,,2013-04-18
JNPR,JNPR.W^E14,2013-04-22,GJR-GARCH,0.4370525460728824,7.579957461459881,,2013-04-18
JNPR,JNPR.W^E14,2013-04-23,EGARCH,0.4151216159508034,6.838331588476438,,2013-04-18
JNPR,JNPR.W^E14,2013-04-23,ESG-EGARCH,0.3925262522814783,6.114161060719951,all,2013-04-18
JNPR,JNPR.W^E14,2013-04-23,ESG-EGARCH(E),0.3968198609514404,6.248650874822243,E,2013-04-18
JNPR,JNPR.W^E14,2013-04-23,ESG-EGARCH(G),0.3995756768619566,6.3357429182416976,G,2013-04-18
JNPR,JNPR.W^E14,2013-04-23,ESG-EGARCH(S),0.3996351783676312,6.337629991624144,S,2013-04-18
JNPR,JNPR.W^E14,2013-04-23,ESG-GARCH,0.3941865351118413,6.165993034265036,all,2013-04-18
JNPR,JNPR.W^E14,2013-04-23,ESG-GARCH(E),0.3977882519429481,6.279186245389935,E,2013-04-18
JNPR,JNPR.W^E14,2013-04-23,ESG-GARCH(G),0.4004904322213932,6.364785170669776,G,2013-04-18
JNPR,JNPR.W^E14,2013-04-23,ESG-GARCH(S),0.4002716932344042,6.357834460505438,S,2013-04-18
JNPR,JNPR.W^E14,2013-04-23,ESG-GJR-GARCH,0.4068918141533074,6.569878905752762,all,2013-04-18
JNPR,JNPR.W^E14,2013-04-23,ESG-GJR-GARCH(E),0.410991172525509,6.702926344995744,E,2013-04-18
JNPR,JNPR.W^E14,2013-04-23,ESG-GJR-GARCH(G),0.4140615629433264,6.803451504248822,G,2013-04-18
JNPR,JNPR.W^E14,2013-04-23,ESG-GJR-GARCH(S),0.4139061496166636,6.798345265495711,S,2013-04-18
JNPR,JNPR.W^E14,2013-04-23,GARCH,0.4044118149251773,6.490036351233171,,2013-04-18
JNPR,JNPR.W^E14,2013-04-23,GJR-GARCH,0.4370525460728824,7.579957461459881,,2013-04-18
JNPR,JNPR.W^E14,2013-04-24,EGARCH,0.4151216159508034,6.838331588476438,,2013-04-18
JNPR,JNPR.W^E14,2013-04-24,ESG-EGARCH,0.3925262522814783,6.114161060719951,all,2013-04-18
JNPR,JNPR.W^E14,2013-04-24,ESG-EGARCH(E),0.3968198609514404,6.248650874822243,E,2013-04-18
JNPR,JNPR.W^E14,2013-04-24,ESG-EGARCH(G),0.3995756768619566,6.3357429182416976,G,2013-04-18
JNPR,JNPR.W^E14,2013-04-24,ESG-EGARCH(S),0.3996351783676312,6.337629991624144,S,2013-04-18
JNPR,JNPR.W^E14,2013-04-24,ESG-GARCH,0.3941865351118413,6.165993034265036,all,2013-04-18
JNPR,JNPR.W^E14,2013-04-24,ESG-GARCH(E),0.3977882519429481,6.279186245389935,E,2013-04-18
JNPR,JNPR.W^E14,2013-04-24,ESG-GARCH(G),0.4004904322213932,6.364785170669776,G,2013-04-18
JNPR,JNPR.W^E14,2013-04-24,ESG-GARCH(S),0.4002716932344042,6.357834460505438,S,2013-04-18
JNPR,JNPR.W^E14,2013-04-24,ESG-GJR-GARCH,0.4068918141533074,6.569878905752762,all,2013-04-18
JNPR,JNPR.W^E14,2013-04-24,ESG-GJR-GARCH(E),0.410991172525509,6.702926344995744,E,2013-04-18
JNPR,JNPR.W^E14,2013-04-24,ESG-GJR-GARCH(G),0.4140615629433264,6.803451504248822,G,2013-04-18
JNPR,JNPR.W^E14,2013-04-24,ESG-GJR-GARCH(S),0.4139061496166636,6.798345265495711,S,2013-04-18
JNPR,JNPR.W^E14,2013-04-24,GARCH,0.4044118149251773,6.490036351233171,,2013-04-18
JNPR,JNPR.W^E14,2013-04-24,GJR-GARCH,0.4370525460728824,7.579957461459881,,2013-04-18
JNPR,JNPR.W^E14,2013-04-25,EGARCH,0.4151216159508034,6.838331588476438,,2013-04-18
JNPR,JNPR.W^E14,2013-04-25,ESG-EGARCH,0.3925262522814783,6.114161060719951,all,2013-04-18
JNPR,JNPR.W^E14,2013-04-25,ESG-EGARCH(E),0.3968198609514404,6.248650874822243,E,2013-04-18
JNPR,JNPR.W^E14,2013-04-25,ESG-EGARCH(G),0.3995756768619566,6.3357429182416976,G,2013-04-18
JNPR,JNPR.W^E14,2013-04-25,ESG-EGARCH(S),0.3996351783676312,6.337629991624144,S,2013-04-18
JNPR,JNPR.W^E14,2013-04-25,ESG-GARCH,0.3941865351118413,6.165993034265036,all,2013-04-18
JNPR,JNPR.W^E14,2013-04-25,ESG-GARCH(E),0.3977882519429481,6.279186245389935,E,2013-04-18
JNPR,JNPR.W^E14,2013-04-25,ESG-GARCH(G),0.4004904322213932,6.364785170669776,G,2013-04-18
JNPR,JNPR.W^E14,2013-04-25,ESG-GARCH(S),0.4002716932344042,6.357834460505438,S,2013-04-18
JNPR,JNPR.W^E14,2013-04-25,ESG-GJR-GARCH,0.4068918141533074,6.569878905752762,all,2013-04-18
JNPR,JNPR.W^E14,2013-04-25,ESG-GJR-GARCH(E),0.410991172525509,6.702926344995744,E,2013-04-18
JNPR,JNPR.W^E14,2013-04-25,ESG-GJR-GARCH(G),0.4140615629433264,6.803451504248822,G,2013-04-18
JNPR,JNPR.W^E14,2013-04-25,ESG-GJR-GARCH(S),0.4139061496166636,6.798345265495711,S,2013-04-18
JNPR,JNPR.W^E14,2013-04-25,GARCH,0.4044118149251773,6.490036351233171,,2013-04-18
JNPR,JNPR.W^E14,2013-04-25,GJR-GARCH,0.4370525460728824,7.579957461459881,,2013-04-18
JNPR,JNPR.W^E14,2013-04-26,EGARCH,0.4151216159508034,6.838331588476438,,2013-04-18
JNPR,JNPR.W^E14,2013-04-26,ESG-EGARCH,0.3925262522814783,6.114161060719951,all,2013-04-18
JNPR,JNPR.W^E14,2013-04-26,ESG-EGARCH(E),0.3968198609514404,6.248650874822243,E,2013-04-18
JNPR,JNPR.W^E14,2013-04-26,ESG-EGARCH(G),0.3995756768619566,6.3357429182416976,G,2013-04-18
JNPR,JNPR.W^E14,2013-04-26,ESG-EGARCH(S),0.3996351783676312,6.337629991624144,S,2013-04-18
JNPR,JNPR.W^E14,2013-04-26,ESG-GARCH,0.3941865351118413,6.165993034265036,all,2013-04-18
JNPR,JNPR.W^E14,2013-04-26,ESG-GARCH(E),0.3977882519429481,6.279186245389935,E,2013-04-18
JNPR,JNPR.W^E14,2013-04-26,ESG-GARCH(G),0.4004904322213932,6.364785170669776,G,2013-04-18
JNPR,JNPR.W^E14,2013-04-26,ESG-GARCH(S),0.4002716932344042,6.357834460505438,S,2013-04-18
JNPR,JNPR.W^E14,2013-04-26,ESG-GJR-GARCH,0.4068918141533074,6.569878905752762,all,2013-04-18
JNPR,JNPR.W^E14,2013-04-26,ESG-GJR-GARCH(E),0.410991172525509,6.702926344995744,E,2013-04-18
JNPR,JNPR.W^E14,2013-04-26,ESG-GJR-GARCH(G),0.4140615629433264,6.803451504248822,G,2013-04-18
JNPR,JNPR.W^E14,2013-04-26,ESG-GJR-GARCH(S),0.4139061496166636,6.798345265495711,S,2013-04-18
JNPR,JNPR.W^E14,2013-04-26,GARCH,0.4044118149251773,6.490036351233171,,2013-04-18
JNPR,JNPR.W^E14,2013-04-26,GJR-GARCH,0.4370525460728824,7.579957461459881,,2013-04-18
JNPR,JNPR.W^E14,2013-04-29,EGARCH,0.4151216159508034,6.838331588476438,,2013-04-18
JNPR,JNPR.W^E14,2013-04-29,ESG-EGARCH,0.3925262522814783,6.114161060719951,all,2013-04-18
JNPR,JNPR.W^E14,2013-04-29,ESG-EGARCH(E),0.3968198609514404,6.248650874822243,E,2013-04-18
JNPR,JNPR.W^E14,2013-04-29,ESG-EGARCH(G),0.3995756768619566,6.3357429182416976,G,2013-04-18
JNPR,JNPR.W^E14,2013-04-29,ESG-EGARCH(S),0.3996351783676312,6.337629991624144,S,2013-04-18
JNPR,JNPR.W^E14,2013-04-29,ESG-GARCH,0.3941865351118413,6.165993034265036,all,2013-04-18
JNPR,JNPR.W^E14,2013-04-29,ESG-GARCH(E),0.3977882519429481,6.279186245389935,E,2013-04-18
JNPR,JNPR.W^E14,2013-04-29,ESG-GARCH(G),0.4004904322213932,6.364785170669776,G,2013-04-18
JNPR,JNPR.W^E14,2013-04-29,ESG-GARCH(S),0.4002716932344042,6.357834460505438,S,2013-04-18
JNPR,JNPR.W^E14,2013-04-29,ESG-GJR-GARCH,0.4068918141533074,6.569878905752762,all,2013-04-18
JNPR,JNPR.W^E14,2013-04-29,ESG-GJR-GARCH(E),0.410991172525509,6.702926344995744,E,2013-04-18
JNPR,JNPR.W^E14,2013-04-29,ESG-GJR-GARCH(G),0.4140615629433264,6.803451504248822,G,2013-04-18
JNPR,JNPR.W^E14,2013-04-29,ESG-GJR-GARCH(S),0.4139061496166636,6.798345265495711,S,2013-04-18
JNPR,JNPR.W^E14,2013-04-29,GARCH,0.4044118149251773,6.490036351233171,,2013-04-18
JNPR,JNPR.W^E14,2013-04-29,GJR-GARCH,0.4370525460728824,7.579957461459881,,2013-04-18
JNPR,JNPR.W^E14,2013-04-30,EGARCH,0.4151216159508034,6.838331588476438,,2013-04-18
JNPR,JNPR.W^E14,2013-04-30,ESG-EGARCH,0.3925262522814783,6.114161060719951,all,2013-04-18
JNPR,JNPR.W^E14,2013-04-30,ESG-EGARCH(E),0.3968198609514404,6.248650874822243,E,2013-04-18
JNPR,JNPR.W^E14,2013-04-30,ESG-EGARCH(G),0.3995756768619566,6.3357429182416976,G,2013-04-18
JNPR,JNPR.W^E14,2013-04-30,ESG-EGARCH(S),0.3996351783676312,6.337629991624144,S,2013-04-18
JNPR,JNPR.W^E14,2013-04-30,ESG-GARCH,0.3941865351118413,6.165993034265036,all,2013-04-18
JNPR,JNPR.W^E14,2013-04-30,ESG-GARCH(E),0.3977882519429481,6.279186245389935,E,2013-04-18
JNPR,JNPR.W^E14,2013-04-30,ESG-GARCH(G),0.4004904322213932,6.364785170669776,G,2013-04-18
JNPR,JNPR.W^E14,2013-04-30,ESG-GARCH(S),0.4002716932344042,6.357834460505438,S,2013-04-18
JNPR,JNPR.W^E14,2013-04-30,ESG-GJR-GARCH,0.4068918141533074,6.569878905752762,all,2013-04-18
JNPR,JNPR.W^E14,2013-04-30,ESG-GJR-GARCH(E),0.410991172525509,6.702926344995744,E,2013-04-18
JNPR,JNPR.W^E14,2013-04-30,ESG-GJR-GARCH(G),0.4140615629433264,6.803451504248822,G,2013-04-18
JNPR,JNPR.W^E14,2013-04-30,ESG-GJR-GARCH(S),0.4139061496166636,6.798345265495711,S,2013-04-18
JNPR,JNPR.W^E14,2013-04-30,GARCH,0.4044118149251773,6.490036351233171,,2013-04-18
JNPR,JNPR.W^E14,2013-04-30,GJR-GARCH,0.4370525460728824,7.579957461459881,,2013-04-18
JNPR,JNPR.W^E14,2013-05-01,EGARCH,0.4151216159508034,6.838331588476438,,2013-04-18
JNPR,JNPR.W^E14,2013-05-01,ESG-EGARCH,0.3925262522814783,6.114161060719951,all,2013-04-18
JNPR,JNPR.W^E14,2013-05-01,ESG-EGARCH(E),0.3968198609514404,6.248650874822243,E,2013-04-18
JNPR,JNPR.W^E14,2013-05-01,ESG-EGARCH(G),0.3995756768619566,6.3357429182416976,G,2013-04-18
JNPR,JNPR.W^E14,2013-05-01,ESG-EGARCH(S),0.3996351783676312,6.337629991624144,S,2013-04-18
JNPR,JNPR.W^E14,2013-05-01,ESG-GARCH,0.3941865351118413,6.165993034265036,all,2013-04-18
JNPR,JNPR.W^E14,2013-05-01,ESG-GARCH(E),0.3977882519429481,6.279186245389935,E,2013-04-18
JNPR,JNPR.W^E14,2013-05-01,ESG-GARCH(G),0.4004904322213932,6.364785170669776,G,2013-04-18
JNPR,JNPR.W^E14,2013-05-01,ESG-GARCH(S),0.4002716932344042,6.357834460505438,S,2013-04-18
JNPR,JNPR.W^E14,2013-05-01,ESG-GJR-GARCH,0.4068918141533074,6.569878905752762,all,2013-04-18
JNPR,JNPR.W^E14,2013-05-01,ESG-GJR-GARCH(E),0.410991172525509,6.702926344995744,E,2013-04-18
JNPR,JNPR.W^E14,2013-05-01,ESG-GJR-GARCH(G),0.4140615629433264,6.803451504248822,G,2013-04-18
JNPR,JNPR.W^E14,2013-05-01,ESG-GJR-GARCH(S),0.4139061496166636,6.798345265495711,S,2013-04-18
JNPR,JNPR.W^E14,2013-05-01,GARCH,0.4044118149251773,6.490036351233171,,2013-04-18
JNPR,JNPR.W^E14,2013-05-01,GJR-GARCH,0.4370525460728824,7.579957461459881,,2013-04-18
JNPR,JNPR.W^E14,2013-05-02,EGARCH,0.4151216159508034,6.838331588476438,,2013-04-18
JNPR,JNPR.W^E14,2013-05-02,ESG-EGARCH,0.3925262522814783,6.114161060719951,all,2013-04-18
JNPR,JNPR.W^E14,2013-05-02,ESG-EGARCH(E),0.3968198609514404,6.248650874822243,E,2013-04-18
JNPR,JNPR.W^E14,2013-05-02,ESG-EGARCH(G),0.3995756768619566,6.3357429182416976,G,2013-04-18
JNPR,JNPR.W^E14,2013-05-02,ESG-EGARCH(S),0.3996351783676312,6.337629991624144,S,2013-04-18
JNPR,JNPR.W^E14,2013-05-02,ESG-GARCH,0.3941865351118413,6.165993034265036,all,2013-04-18
JNPR,JNPR.W^E14,2013-05-02,ESG-GARCH(E),0.3977882519429481,6.279186245389935,E,2013-04-18
JNPR,JNPR.W^E14,2013-05-02,ESG-GARCH(G),0.4004904322213932,6.364785170669776,G,2013-04-18
JNPR,JNPR.W^E14,2013-05-02,ESG-GARCH(S),0.4002716932344042,6.357834460505438,S,2013-04-18
JNPR,JNPR.W^E14,2013-05-02,ESG-GJR-GARCH,0.4068918141533074,6.569878905752762,all,2013-04-18
JNPR,JNPR.W^E14,2013-05-02,ESG-GJR-GARCH(E),0.410991172525509,6.702926344995744,E,2013-04-18
JNPR,JNPR.W^E14,2013-05-02,ESG-GJR-GARCH(G),0.4140615629433264,6.803451504248822,G,2013-04-18
JNPR,JNPR.W^E14,2013-05-02,ESG-GJR-GARCH(S),0.4139061496166636,6.798345265495711,S,2013-04-18
JNPR,JNPR.W^E14,2013-05-02,GARCH,0.4044118149251773,6.490036351233171,,2013-04-18
JNPR,JNPR.W^E14,2013-05-02,GJR-GARCH,0.4370525460728824,7.579957461459881,,2013-04-18
JNPR,JNPR.W^E14,2013-05-03,EGARCH,0.4151216159508034,6.838331588476438,,2013-04-18
JNPR,JNPR.W^E14,2013-05-03,ESG-EGARCH,0.3925262522814783,6.114161060719951,all,2013-04-18
JNPR,JNPR.W^E14,2013-05-03,ESG-EGARCH(E),0.3968198609514404,6.248650874822243,E,2013-04-18
JNPR,JNPR.W^E14,2013-05-03,ESG-EGARCH(G),0.3995756768619566,6.3357429182416976,G,2013-04-18
JNPR,JNPR.W^E14,2013-05-03,ESG-EGARCH(S),0.3996351783676312,6.337629991624144,S,2013-04-18
JNPR,JNPR.W^E14,2013-05-03,ESG-GARCH,0.3941865351118413,6.165993034265036,all,2013-04-18
JNPR,JNPR.W^E14,2013-05-03,ESG-GARCH(E),0.3977882519429481,6.279186245389935,E,2013-04-18
JNPR,JNPR.W^E14,2013-05-03,ESG-GARCH(G),0.4004904322213932,6.364785170669776,G,2013-04-18
JNPR,JNPR.W^E14,2013-05-03,ESG-GARCH(S),0.4002716932344042,6.357834460505438,S,2013-04-18
JNPR,JNPR.W^E14,2013-05-03,ESG-GJR-GARCH,0.4068918141533074,6.569878905752762,all,2013-04-18
JNPR,JNPR.W^E14,2013-05-03,ESG-GJR-GARCH(E),0.410991172525509,6.702926344995744,E,2013-04-18
JNPR,JNPR.W^E14,2013-05-03,ESG-GJR-GARCH(G),0.4140615629433264,6.803451504248822,G,2013-04-18
JNPR,JNPR.W^E14,2013-05-03,ESG-GJR-GARCH(S),0.4139061496166636,6.798345265495711,S,2013-04-18
JNPR,JNPR.W^E14,2013-05-03,GARCH,0.4044118149251773,6.490036351233171,,2013-04-18
JNPR,JNPR.W^E14,2013-05-03,GJR-GARCH,0.4370525460728824,7.579957461459881,,2013-04-18
JNPR,JNPR.W^E14,2013-05-06,EGARCH,0.4151216159508034,6.838331588476438,,2013-04-18
JNPR,JNPR.W^E14,2013-05-06,ESG-EGARCH,0.3925262522814783,6.114161060719951,all,2013-04-18
JNPR,JNPR.W^E14,2013-05-06,ESG-EGARCH(E),0.3968198609514404,6.248650874822243,E,2013-04-18
JNPR,JNPR.W^E14,2013-05-06,ESG-EGARCH(G),0.3995756768619566,6.3357429182416976,G,2013-04-18
JNPR,JNPR.W^E14,2013-05-06,ESG-EGARCH(S),0.3996351783676312,6.337629991624144,S,2013-04-18
JNPR,JNPR.W^E14,2013-05-06,ESG-GARCH,0.3941865351118413,6.165993034265036,all,2013-04-18
JNPR,JNPR.W^E14,2013-05-06,ESG-GARCH(E),0.3977882519429481,6.279186245389935,E,2013-04-18
JNPR,JNPR.W^E14,2013-05-06,ESG-GARCH(G),0.4004904322213932,6.364785170669776,G,2013-04-18
JNPR,JNPR.W^E14,2013-05-06,ESG-GARCH(S),0.4002716932344042,6.357834460505438,S,2013-04-18
JNPR,JNPR.W^E14,2013-05-06,ESG-GJR-GARCH,0.4068918141533074,6.569878905752762,all,2013-04-18
JNPR,JNPR.W^E14,2013-05-06,ESG-GJR-GARCH(E),0.410991172525509,6.702926344995744,E,2013-04-18
JNPR,JNPR.W^E14,2013-05-06,ESG-GJR-GARCH(G),0.4140615629433264,6.803451504248822,G,2013-04-18
JNPR,JNPR.W^E14,2013-05-06,ESG-GJR-GARCH(S),0.4139061496166636,6.798345265495711,S,2013-04-18
JNPR,JNPR.W^E14,2013-05-06,GARCH,0.4044118149251773,6.490036351233171,,2013-04-18
JNPR,JNPR.W^E14,2013-05-06,GJR-GARCH,0.4370525460728824,7.579957461459881,,2013-04-18
JNPR,JNPR.W^E14,2013-05-07,EGARCH,0.4151216159508034,6.838331588476438,,2013-04-18
JNPR,JNPR.W^E14,2013-05-07,ESG-EGARCH,0.3925262522814783,6.114161060719951,all,2013-04-18
JNPR,JNPR.W^E14,2013-05-07,ESG-EGARCH(E),0.3968198609514404,6.248650874822243,E,2013-04-18
JNPR,JNPR.W^E14,2013-05-07,ESG-EGARCH(G),0.3995756768619566,6.3357429182416976,G,2013-04-18
JNPR,JNPR.W^E14,2013-05-07,ESG-EGARCH(S),0.3996351783676312,6.337629991624144,S,2013-04-18
JNPR,JNPR.W^E14,2013-05-07,ESG-GARCH,0.3941865351118413,6.165993034265036,all,2013-04-18
JNPR,JNPR.W^E14,2013-05-07,ESG-GARCH(E),0.3977882519429481,6.279186245389935,E,2013-04-18
JNPR,JNPR.W^E14,2013-05-07,ESG-GARCH(G),0.4004904322213932,6.364785170669776,G,2013-04-18
JNPR,JNPR.W^E14,2013-05-07,ESG-GARCH(S),0.4002716932344042,6.357834460505438,S,2013-04-18
JNPR,JNPR.W^E14,2013-05-07,ESG-GJR-GARCH,0.4068918141533074,6.569878905752762,all,2013-04-18
JNPR,JNPR.W^E14,2013-05-07,ESG-GJR-GARCH(E),0.410991172525509,6.702926344995744,E,2013-04-18
JNPR,JNPR.W^E14,2013-05-07,ESG-GJR-GARCH(G),0.4140615629433264,6.803451504248822,G,2013-04-18
JNPR,JNPR.W^E14,2013-05-07,ESG-GJR-GARCH(S),0.4139061496166636,6.798345265495711,S,2013-04-18
JNPR,JNPR.W^E14,2013-05-07,GARCH,0.4044118149251773,6.490036351233171,,2013-04-18
JNPR,JNPR.W^E14,2013-05-07,GJR-GARCH,0.4370525460728824,7.579957461459881,,2013-04-18
JNPR,JNPR.W^E14,2013-05-08,EGARCH,0.4151216159508034,6.838331588476438,,2013-04-18
JNPR,JNPR.W^E14,2013-05-08,ESG-EGARCH,0.3925262522814783,6.114161060719951,all,2013-04-18
JNPR,JNPR.W^E14,2013-05-08,ESG-EGARCH(E),0.3968198609514404,6.248650874822243,E,2013-04-18
JNPR,JNPR.W^E14,2013-05-08,ESG-EGARCH(G),0.3995756768619566,6.3357429182416976,G,2013-04-18
JNPR,JNPR.W^E14,2013-05-08,ESG-EGARCH(S),0.3996351783676312,6.337629991624144,S,2013-04-18
JNPR,JNPR.W^E14,2013-05-08,ESG-GARCH,0.3941865351118413,6.165993034265036,all,2013-04-18
JNPR,JNPR.W^E14,2013-05-08,ESG-GARCH(E),0.3977882519429481,6.279186245389935,E,2013-04-18
JNPR,JNPR.W^E14,2013-05-08,ESG-GARCH(G),0.4004904322213932,6.364785170669776,G,2013-04-18
JNPR,JNPR.W^E14,2013-05-08,ESG-GARCH(S),0.4002716932344042,6.357834460505438,S,2013-04-18
JNPR,JNPR.W^E14,2013-05-08,ESG-GJR-GARCH,0.4068918141533074,6.569878905752762,all,2013-04-18
JNPR,JNPR.W^E14,2013-05-08,ESG-GJR-GARCH(E),0.410991172525509,6.702926344995744,E,2013-04-18
JNPR,JNPR.W^E14,2013-05-08,ESG-GJR-GARCH(G),0.4140615629433264,6.803451504248822,G,2013-04-18
JNPR,JNPR.W^E14,2013-05-08,ESG-GJR-GARCH(S),0.4139061496166636,6.798345265495711,S,2013-04-18
JNPR,JNPR.W^E14,2013-05-08,GARCH,0.4044118149251773,6.490036351233171,,2013-04-18
JNPR,JNPR.W^E14,2013-05-08,GJR-GARCH,0.4370525460728824,7.579957461459881,,2013-04-18
JNPR,JNPR.W^E14,2013-05-09,EGARCH,0.4151216159508034,6.838331588476438,,2013-04-18
JNPR,JNPR.W^E14,2013-05-09,ESG-EGARCH,0.3925262522814783,6.114161060719951,all,2013-04-18
JNPR,JNPR.W^E14,2013-05-09,ESG-EGARCH(E),0.3968198609514404,6.248650874822243,E,2013-04-18
JNPR,JNPR.W^E14,2013-05-09,ESG-EGARCH(G),0.3995756768619566,6.3357429182416976,G,2013-04-18
JNPR,JNPR.W^E14,2013-05-09,ESG-EGARCH(S),0.3996351783676312,6.337629991624144,S,2013-04-18
JNPR,JNPR.W^E14,2013-05-09,ESG-GARCH,0.3941865351118413,6.165993034265036,all,2013-04-18
JNPR,JNPR.W^E14,2013-05-09,ESG-GARCH(E),0.3977882519429481,6.279186245389935,E,2013-04-18
JNPR,JNPR.W^E14,2013-05-09,ESG-GARCH(G),0.4004904322213932,6.364785170669776,G,2013-04-18
JNPR,JNPR.W^E14,2013-05-09,ESG-GARCH(S),0.4002716932344042,6.357834460505438,S,2013-04-18
JNPR,JNPR.W^E14,2013-05-09,ESG-GJR-GARCH,0.4068918141533074,6.569878905752762,all,2013-04-18
JNPR,JNPR.W^E14,2013-05-09,ESG-GJR-GARCH(E),0.410991172525509,6.702926344995744,E,2013-04-18
JNPR,JNPR.W^E14,2013-05-09,ESG-GJR-GARCH(G),0.4140615629433264,6.803451504248822,G,2013-04-18
JNPR,JNPR.W^E14,2013-05-09,ESG-GJR-GARCH(S),0.4139061496166636,6.798345265495711,S,2013-04-18
JNPR,JNPR.W^E14,2013-05-09,GARCH,0.4044118149251773,6.490036351233171,,2013-04-18
JNPR,JNPR.W^E14,2013-05-09,GJR-GARCH,0.4370525460728824,7.579957461459881,,2013-04-18
JNPR,JNPR.W^E14,2013-05-10,EGARCH,0.4151216159508034,6.838331588476438,,2013-04-18
JNPR,JNPR.W^E14,2013-05-10,ESG-EGARCH,0.3925262522814783,6.114161060719951,all,2013-04-18
JNPR,JNPR.W^E14,2013-05-10,ESG-EGARCH(E),0.3968198609514404,6.248650874822243,E,2013-04-18
JNPR,JNPR.W^E14,2013-05-10,ESG-EGARCH(G),0.3995756768619566,6.3357429182416976,G,2013-04-18
JNPR,JNPR.W^E14,2013-05-10,ESG-EGARCH(S),0.3996351783676312,6.337629991624144,S,2013-04-18
JNPR,JNPR.W^E14,2013-05-10,ESG-GARCH,0.3941865351118413,6.165993034265036,all,2013-04-18
JNPR,JNPR.W^E14,2013-05-10,ESG-GARCH(E),0.3977882519429481,6.279186245389935,E,2013-04-18
JNPR,JNPR.W^E14,2013-05-10,ESG-GARCH(G),0.4004904322213932,6.364785170669776,G,2013-04-18
JNPR,JNPR.W^E14,2013-05-10,ESG-GARCH(S),0.4002716932344042,6.357834460505438,S,2013-04-18
JNPR,JNPR.W^E14,2013-05-10,ESG-GJR-GARCH,0.4068918141533074,6.569878905752762,all,2013-04-18
JNPR,JNPR.W^E14,2013-05-10,ESG-GJR-GARCH(E),0.410991172525509,6.702926344995744,E,2013-04-18
JNPR,JNPR.W^E14,2013-05-10,ESG-GJR-GARCH(G),0.4140615629433264,6.803451504248822,G,2013-04-18
JNPR,JNPR.W^E14,2013-05-10,ESG-GJR-GARCH(S),0.4139061496166636,6.798345265495711,S,2013-04-18
JNPR,JNPR.W^E14,2013-05-10,GARCH,0.4044118149251773,6.490036351233171,,2013-04-18
JNPR,JNPR.W^E14,2013-05-10,GJR-GARCH,0.4370525460728824,7.579957461459881,,2013-04-18
JNPR,JNPR.W^E14,2013-05-13,EGARCH,0.4151216159508034,6.838331588476438,,2013-04-18
JNPR,JNPR.W^E14,2013-05-13,ESG-EGARCH,0.3925262522814783,6.114161060719951,all,2013-04-18
JNPR,JNPR.W^E14,2013-05-13,ESG-EGARCH(E),0.3968198609514404,6.248650874822243,E,2013-04-18
JNPR,JNPR.W^E14,2013-05-13,ESG-EGARCH(G),0.3995756768619566,6.3357429182416976,G,2013-04-18
JNPR,JNPR.W^E14,2013-05-13,ESG-EGARCH(S),0.3996351783676312,6.337629991624144,S,2013-04-18
JNPR,JNPR.W^E14,2013-05-13,ESG-GARCH,0.3941865351118413,6.165993034265036,all,2013-04-18
JNPR,JNPR.W^E14,2013-05-13,ESG-GARCH(E),0.3977882519429481,6.279186245389935,E,2013-04-18
JNPR,JNPR.W^E14,2013-05-13,ESG-GARCH(G),0.4004904322213932,6.364785170669776,G,2013-04-18
JNPR,JNPR.W^E14,2013-05-13,ESG-GARCH(S),0.4002716932344042,6.357834460505438,S,2013-04-18
JNPR,JNPR.W^E14,2013-05-13,ESG-GJR-GARCH,0.4068918141533074,6.569878905752762,all,2013-04-18
JNPR,JNPR.W^E14,2013-05-13,ESG-GJR-GARCH(E),0.410991172525509,6.702926344995744,E,2013-04-18
JNPR,JNPR.W^E14,2013-05-13,ESG-GJR-GARCH(G),0.4140615629433264,6.803451504248822,G,2013-04-18
JNPR,JNPR.W^E14,2013-05-13,ESG-GJR-GARCH(S),0.4139061496166636,6.798345265495711,S,2013-04-18
JNPR,JNPR.W^E14,2013-05-13,GARCH,0.4044118149251773,6.490036351233171,,2013-04-18
JNPR,JNPR.W^E14,2013-05-13,GJR-GARCH,0.4370525460728824,7.579957461459881,,2013-04-18
JNPR,JNPR.W^E14,2013-05-14,EGARCH,0.4151216159508034,6.838331588476438,,2013-04-18
JNPR,JNPR.W^E14,2013-05-14,ESG-EGARCH,0.3925262522814783,6.114161060719951,all,2013-04-18
JNPR,JNPR.W^E14,2013-05-14,ESG-EGARCH(E),0.3968198609514404,6.248650874822243,E,2013-04-18
JNPR,JNPR.W^E14,2013-05-14,ESG-EGARCH(G),0.3995756768619566,6.3357429182416976,G,2013-04-18
JNPR,JNPR.W^E14,2013-05-14,ESG-EGARCH(S),0.3996351783676312,6.337629991624144,S,2013-04-18
JNPR,JNPR.W^E14,2013-05-14,ESG-GARCH,0.3941865351118413,6.165993034265036,all,2013-04-18
JNPR,JNPR.W^E14,2013-05-14,ESG-GARCH(E),0.3977882519429481,6.279186245389935,E,2013-04-18
JNPR,JNPR.W^E14,2013-05-14,ESG-GARCH(G),0.4004904322213932,6.364785170669776,G,2013-04-18
JNPR,JNPR.W^E14,2013-05-14,ESG-GARCH(S),0.4002716932344042,6.357834460505438,S,2013-04-18
JNPR,JNPR.W^E14,2013-05-14,ESG-GJR-GARCH,0.4068918141533074,6.569878905752762,all,2013-04-18
JNPR,JNPR.W^E14,2013-05-14,ESG-GJR-GARCH(E),0.410991172525509,6.702926344995744,E,2013-04-18
JNPR,JNPR.W^E14,2013-05-14,ESG-GJR-GARCH(G),0.4140615629433264,6.803451504248822,G,2013-04-18
JNPR,JNPR.W^E14,2013-05-14,ESG-GJR-GARCH(S),0.4139061496166636,6.798345265495711,S,2013-04-18
JNPR,JNPR.W^E14,2013-05-14,GARCH,0.4044118149251773,6.490036351233171,,2013-04-18
JNPR,JNPR.W^E14,2013-05-14,GJR-GARCH,0.4370525460728824,7.579957461459881,,2013-04-18
JNPR,JNPR.W^E14,2013-05-15,EGARCH,0.4151216159508034,6.838331588476438,,2013-04-18
JNPR,JNPR.W^E14,2013-05-15,ESG-EGARCH,0.3925262522814783,6.114161060719951,all,2013-04-18
JNPR,JNPR.W^E14,2013-05-15,ESG-EGARCH(E),0.3968198609514404,6.248650874822243,E,2013-04-18
JNPR,JNPR.W^E14,2013-05-15,ESG-EGARCH(G),0.3995756768619566,6.3357429182416976,G,2013-04-18
JNPR,JNPR.W^E14,2013-05-15,ESG-EGARCH(S),0.3996351783676312,6.337629991624144,S,2013-04-18
JNPR,JNPR.W^E14,2013-05-15,ESG-GARCH,0.3941865351118413,6.165993034265036,all,2013-04-18
JNPR,JNPR.W^E14,2013-05-15,ESG-GARCH(E),0.3977882519429481,6.279186245389935,E,2013-04-18
JNPR,JNPR.W^E14,2013-05-15,ESG-GARCH(G),0.4004904322213932,6.364785170669776,G,2013-04-18
JNPR,JNPR.W^E14,2013-05-15,ESG-GARCH(S),0.4002716932344042,6.357834460505438,S,2013-04-18
JNPR,JNPR.W^E14,2013-05-15,ESG-GJR-GARCH,0.4068918141533074,6.569878905752762,all,2013-04-18
JNPR,JNPR.W^E14,2013-05-15,ESG-GJR-GARCH(E),0.410991172525509,6.702926344995744,E,2013-04-18
JNPR,JNPR.W^E14,2013-05-15,ESG-GJR-GARCH(G),0.4140615629433264,6.803451504248822,G,2013-04-18
JNPR,JNPR.W^E14,2013-05-15,ESG-GJR-GARCH(S),0.4139061496166636,6.798345265495711,S,2013-04-18
JNPR,JNPR.W^E14,2013-05-15,GARCH,0.4044118149251773,6.490036351233171,,2013-04-18
JNPR,JNPR.W^E14,2013-05-15,GJR-GARCH,0.4370525460728824,7.579957461459881,,2013-04-18
JNPR,JNPR.W^E14,2013-05-16,EGARCH,0.4151216159508034,6.838331588476438,,2013-04-18
JNPR,JNPR.W^E14,2013-05-16,ESG-EGARCH,0.3925262522814783,6.114161060719951,all,2013-04-18
JNPR,JNPR.W^E14,2013-05-16,ESG-EGARCH(E),0.3968198609514404,6.248650874822243,E,2013-04-18
JNPR,JNPR.W^E14,2013-05-16,ESG-EGARCH(G),0.3995756768619566,6.3357429182416976,G,2013-04-18
JNPR,JNPR.W^E14,2013-05-16,ESG-EGARCH(S),0.3996351783676312,6.337629991624144,S,2013-04-18
JNPR,JNPR.W^E14,2013-05-16,ESG-GARCH,0.3941865351118413,6.165993034265036,all,2013-04-18
JNPR,JNPR.W^E14,2013-05-16,ESG-GARCH(E),0.3977882519429481,6.279186245389935,E,2013-04-18
JNPR,JNPR.W^E14,2013-05-16,ESG-GARCH(G),0.4004904322213932,6.364785170669776,G,2013-04-18
JNPR,JNPR.W^E14,2013-05-16,ESG-GARCH(S),0.4002716932344042,6.357834460505438,S,2013-04-18
JNPR,JNPR.W^E14,2013-05-16,ESG-GJR-GARCH,0.4068918141533074,6.569878905752762,all,2013-04-18
JNPR,JNPR.W^E14,2013-05-16,ESG-GJR-GARCH(E),0.410991172525509,6.702926344995744,E,2013-04-18
JNPR,JNPR.W^E14,2013-05-16,ESG-GJR-GARCH(G),0.4140615629433264,6.803451504248822,G,2013-04-18
JNPR,JNPR.W^E14,2013-05-16,ESG-GJR-GARCH(S),0.4139061496166636,6.798345265495711,S,2013-04-18
JNPR,JNPR.W^E14,2013-05-16,GARCH,0.4044118149251773,6.490036351233171,,2013-04-18
JNPR,JNPR.W^E14,2013-05-16,GJR-GARCH,0.4370525460728824,7.579957461459881,,2013-04-18
JNPR,JNPR.W^E14,2013-05-17,EGARCH,0.4151216159508034,6.838331588476438,,2013-04-18
JNPR,JNPR.W^E14,2013-05-17,ESG-EGARCH,0.3925262522814783,6.114161060719951,all,2013-04-18
JNPR,JNPR.W^E14,2013-05-17,ESG-EGARCH(E),0.3968198609514404,6.248650874822243,E,2013-04-18
JNPR,JNPR.W^E14,2013-05-17,ESG-EGARCH(G),0.3995756768619566,6.3357429182416976,G,2013-04-18
JNPR,JNPR.W^E14,2013-05-17,ESG-EGARCH(S),0.3996351783676312,6.337629991624144,S,2013-04-18
JNPR,JNPR.W^E14,2013-05-17,ESG-GARCH,0.3941865351118413,6.165993034265036,all,2013-04-18
JNPR,JNPR.W^E14,2013-05-17,ESG-GARCH(E),0.3977882519429481,6.279186245389935,E,2013-04-18
JNPR,JNPR.W^E14,2013-05-17,ESG-GARCH(G),0.4004904322213932,6.364785170669776,G,2013-04-18
JNPR,JNPR.W^E14,2013-05-17,ESG-GARCH(S),0.4002716932344042,6.357834460505438,S,2013-04-18
JNPR,JNPR.W^E14,2013-05-17,ESG-GJR-GARCH,0.4068918141533074,6.569878905752762,all,2013-04-18
JNPR,JNPR.W^E14,2013-05-17,ESG-GJR-GARCH(E),0.410991172525509,6.702926344995744,E,2013-04-18
JNPR,JNPR.W^E14,2013-05-17,ESG-GJR-GARCH(G),0.4140615629433264,6.803451504248822,G,2013-04-18
JNPR,JNPR.W^E14,2013-05-17,ESG-GJR-GARCH(S),0.4139061496166636,6.798345265495711,S,2013-04-18
JNPR,JNPR.W^E14,2013-05-17,GARCH,0.4044118149251773,6.490036351233171,,2013-04-18
JNPR,JNPR.W^E14,2013-05-17,GJR-GARCH,0.4370525460728824,7.579957461459881,,2013-04-18
JNPR,JNPR.W^E14,2013-05-20,EGARCH,0.3869278754766651,5.940999238924035,,2013-05-20
JNPR,JNPR.W^E14,2013-05-20,ESG-EGARCH,0.3915863925397431,6.084916778662295,all,2013-05-20
JNPR,JNPR.W^E14,2013-05-20,ESG-EGARCH(E),0.3937928113959749,6.153681678854993,E,2013-05-20
JNPR,JNPR.W^E14,2013-05-20,ESG-EGARCH(G),0.3960015784792718,6.222906752304558,G,2013-05-20
JNPR,JNPR.W^E14,2013-05-20,ESG-EGARCH(S),0.3959827290887917,6.222314354627276,S,2013-05-20
JNPR,JNPR.W^E14,2013-05-20,ESG-GARCH,0.4053013370779339,6.51861800941115,all,2013-05-20
JNPR,JNPR.W^E14,2013-05-20,ESG-GARCH(E),0.4070853527067475,6.576130332872105,E,2013-05-20
JNPR,JNPR.W^E14,2013-05-20,ESG-GARCH(G),0.409482382980859,6.653802459193766,G,2013-05-20
JNPR,JNPR.W^E14,2013-05-20,ESG-GARCH(S),0.4093639907336051,6.649955432910441,S,2013-05-20
JNPR,JNPR.W^E14,2013-05-20,ESG-GJR-GARCH,0.3647696023061683,5.280034236769849,all,2013-05-20
JNPR,JNPR.W^E14,2013-05-20,ESG-GJR-GARCH(E),0.3658849897756489,5.312374037425663,E,2013-05-20
JNPR,JNPR.W^E14,2013-05-20,ESG-GJR-GARCH(G),0.3687429337703747,5.395688539904087,G,2013-05-20
JNPR,JNPR.W^E14,2013-05-20,ESG-GJR-GARCH(S),0.3681912767435315,5.379556201191739,S,2013-05-20
JNPR,JNPR.W^E14,2013-05-20,GARCH,0.3943097397762977,6.169848050890938,,2013-05-20
JNPR,JNPR.W^E14,2013-05-20,GJR-GARCH,0.3596159230702664,5.131889370066659,,2013-05-20
JNPR,JNPR.W^E14,2013-05-21,EGARCH,0.3869278754766651,5.940999238924035,,2013-05-20
JNPR,JNPR.W^E14,2013-05-21,ESG-EGARCH,0.3915863925397431,6.084916778662295,all,2013-05-20
JNPR,JNPR.W^E14,2013-05-21,ESG-EGARCH(E),0.3937928113959749,6.153681678854993,E,2013-05-20
JNPR,JNPR.W^E14,2013-05-21,ESG-EGARCH(G),0.3960015784792718,6.222906752304558,G,2013-05-20
JNPR,JNPR.W^E14,2013-05-21,ESG-EGARCH(S),0.3959827290887917,6.222314354627276,S,2013-05-20
JNPR,JNPR.W^E14,2013-05-21,ESG-GARCH,0.4053013370779339,6.51861800941115,all,2013-05-20
JNPR,JNPR.W^E14,2013-05-21,ESG-GARCH(E),0.4070853527067475,6.576130332872105,E,2013-05-20
JNPR,JNPR.W^E14,2013-05-21,ESG-GARCH(G),0.409482382980859,6.653802459193766,G,2013-05-20
JNPR,JNPR.W^E14,2013-05-21,ESG-GARCH(S),0.4093639907336051,6.649955432910441,S,2013-05-20
JNPR,JNPR.W^E14,2013-05-21,ESG-GJR-GARCH,0.3647696023061683,5.280034236769849,all,2013-05-20
JNPR,JNPR.W^E14,2013-05-21,ESG-GJR-GARCH(E),0.3658849897756489,5.312374037425663,E,2013-05-20
JNPR,JNPR.W^E14,2013-05-21,ESG-GJR-GARCH(G),0.3687429337703747,5.395688539904087,G,2013-05-20
JNPR,JNPR.W^E14,2013-05-21,ESG-GJR-GARCH(S),0.3681912767435315,5.379556201191739,S,2013-05-20
JNPR,JNPR.W^E14,2013-05-21,GARCH,0.3943097397762977,6.169848050890938,,2013-05-20
JNPR,JNPR.W^E14,2013-05-21,GJR-GARCH,0.3596159230702664,5.131889370066659,,2013-05-20
JNPR,JNPR.W^E14,2013-05-22,EGARCH,0.3869278754766651,5.940999238924035,,2013-05-20
JNPR,JNPR.W^E14,2013-05-22,ESG-EGARCH,0.3915863925397431,6.084916778662295,all,2013-05-20
JNPR,JNPR.W^E14,2013-05-22,ESG-EGARCH(E),0.3937928113959749,6.153681678854993,E,2013-05-20
JNPR,JNPR.W^E14,2013-05-22,ESG-EGARCH(G),0.3960015784792718,6.222906752304558,G,2013-05-20
JNPR,JNPR.W^E14,2013-05-22,ESG-EGARCH(S),0.3959827290887917,6.222314354627276,S,2013-05-20
JNPR,JNPR.W^E14,2013-05-22,ESG-GARCH,0.4053013370779339,6.51861800941115,all,2013-05-20
JNPR,JNPR.W^E14,2013-05-22,ESG-GARCH(E),0.4070853527067475,6.576130332872105,E,2013-05-20
JNPR,JNPR.W^E14,2013-05-22,ESG-GARCH(G),0.409482382980859,6.653802459193766,G,2013-05-20
JNPR,JNPR.W^E14,2013-05-22,ESG-GARCH(S),0.4093639907336051,6.649955432910441,S,2013-05-20
JNPR,JNPR.W^E14,2013-05-22,ESG-GJR-GARCH,0.3647696023061683,5.280034236769849,all,2013-05-20
JNPR,JNPR.W^E14,2013-05-22,ESG-GJR-GARCH(E),0.3658849897756489,5.312374037425663,E,2013-05-20
JNPR,JNPR.W^E14,2013-05-22,ESG-GJR-GARCH(G),0.3687429337703747,5.395688539904087,G,2013-05-20
JNPR,JNPR.W^E14,2013-05-22,ESG-GJR-GARCH(S),0.3681912767435315,5.379556201191739,S,2013-05-20
JNPR,JNPR.W^E14,2013-05-22,GARCH,0.3943097397762977,6.169848050890938,,2013-05-20
JNPR,JNPR.W^E14,2013-05-22,GJR-GARCH,0.3596159230702664,5.131889370066659,,2013-05-20
JNPR,JNPR.W^E14,2013-05-23,EGARCH,0.3869278754766651,5.940999238924035,,2013-05-20
JNPR,JNPR.W^E14,2013-05-23,ESG-EGARCH,0.3915863925397431,6.084916778662295,all,2013-05-20
JNPR,JNPR.W^E14,2013-05-23,ESG-EGARCH(E),0.3937928113959749,6.153681678854993,E,2013-05-20
JNPR,JNPR.W^E14,2013-05-23,ESG-EGARCH(G),0.3960015784792718,6.222906752304558,G,2013-05-20
JNPR,JNPR.W^E14,2013-05-23,ESG-EGARCH(S),0.3959827290887917,6.222314354627276,S,2013-05-20
JNPR,JNPR.W^E14,2013-05-23,ESG-GARCH,0.4053013370779339,6.51861800941115,all,2013-05-20
JNPR,JNPR.W^E14,2013-05-23,ESG-GARCH(E),0.4070853527067475,6.576130332872105,E,2013-05-20
JNPR,JNPR.W^E14,2013-05-23,ESG-GARCH(G),0.409482382980859,6.653802459193766,G,2013-05-20
JNPR,JNPR.W^E14,2013-05-23,ESG-GARCH(S),0.4093639907336051,6.649955432910441,S,2013-05-20
JNPR,JNPR.W^E14,2013-05-23,ESG-GJR-GARCH,0.3647696023061683,5.280034236769849,all,2013-05-20
JNPR,JNPR.W^E14,2013-05-23,ESG-GJR-GARCH(E),0.3658849897756489,5.312374037425663,E,2013-05-20
JNPR,JNPR.W^E14,2013-05-23,ESG-GJR-GARCH(G),0.3687429337703747,5.395688539904087,G,2013-05-20
JNPR,JNPR.W^E14,2013-05-23,ESG-GJR-GARCH(S),0.3681912767435315,5.379556201191739,S,2013-05-20
JNPR,JNPR.W^E14,2013-05-23,GARCH,0.3943097397762977,6.169848050890938,,2013-05-20
JNPR,JNPR.W^E14,2013-05-23,GJR-GARCH,0.3596159230702664,5.131889370066659,,2013-05-20
JNPR,JNPR.W^E14,2013-05-24,EGARCH,0.3869278754766651,5.940999238924035,,2013-05-20
JNPR,JNPR.W^E14,2013-05-24,ESG-EGARCH,0.3915863925397431,6.084916778662295,all,2013-05-20
JNPR,JNPR.W^E14,2013-05-24,ESG-EGARCH(E),0.3937928113959749,6.153681678854993,E,2013-05-20
JNPR,JNPR.W^E14,2013-05-24,ESG-EGARCH(G),0.3960015784792718,6.222906752304558,G,2013-05-20
JNPR,JNPR.W^E14,2013-05-24,ESG-EGARCH(S),0.3959827290887917,6.222314354627276,S,2013-05-20
JNPR,JNPR.W^E14,2013-05-24,ESG-GARCH,0.4053013370779339,6.51861800941115,all,2013-05-20
JNPR,JNPR.W^E14,2013-05-24,ESG-GARCH(E),0.4070853527067475,6.576130332872105,E,2013-05-20
JNPR,JNPR.W^E14,2013-05-24,ESG-GARCH(G),0.409482382980859,6.653802459193766,G,2013-05-20
JNPR,JNPR.W^E14,2013-05-24,ESG-GARCH(S),0.4093639907336051,6.649955432910441,S,2013-05-20
JNPR,JNPR.W^E14,2013-05-24,ESG-GJR-GARCH,0.3647696023061683,5.280034236769849,all,2013-05-20
JNPR,JNPR.W^E14,2013-05-24,ESG-GJR-GARCH(E),0.3658849897756489,5.312374037425663,E,2013-05-20
JNPR,JNPR.W^E14,2013-05-24,ESG-GJR-GARCH(G),0.3687429337703747,5.395688539904087,G,2013-05-20
JNPR,JNPR.W^E14,2013-05-24,ESG-GJR-GARCH(S),0.3681912767435315,5.379556201191739,S,2013-05-20
JNPR,JNPR.W^E14,2013-05-24,GARCH,0.3943097397762977,6.169848050890938,,2013-05-20
JNPR,JNPR.W^E14,2013-05-24,GJR-GARCH,0.3596159230702664,5.131889370066659,,2013-05-20
JNPR,JNPR.W^E14,2013-05-28,EGARCH,0.3869278754766651,5.940999238924035,,2013-05-20
JNPR,JNPR.W^E14,2013-05-28,ESG-EGARCH,0.3915863925397431,6.084916778662295,all,2013-05-20
JNPR,JNPR.W^E14,2013-05-28,ESG-EGARCH(E),0.3937928113959749,6.153681678854993,E,2013-05-20
JNPR,JNPR.W^E14,2013-05-28,ESG-EGARCH(G),0.3960015784792718,6.222906752304558,G,2013-05-20
JNPR,JNPR.W^E14,2013-05-28,ESG-EGARCH(S),0.3959827290887917,6.222314354627276,S,2013-05-20
JNPR,JNPR.W^E14,2013-05-28,ESG-GARCH,0.4053013370779339,6.51861800941115,all,2013-05-20
JNPR,JNPR.W^E14,2013-05-28,ESG-GARCH(E),0.4070853527067475,6.576130332872105,E,2013-05-20
JNPR,JNPR.W^E14,2013-05-28,ESG-GARCH(G),0.409482382980859,6.653802459193766,G,2013-05-20
JNPR,JNPR.W^E14,2013-05-28,ESG-GARCH(S),0.4093639907336051,6.649955432910441,S,2013-05-20
JNPR,JNPR.W^E14,2013-05-28,ESG-GJR-GARCH,0.3647696023061683,5.280034236769849,all,2013-05-20
JNPR,JNPR.W^E14,2013-05-28,ESG-GJR-GARCH(E),0.3658849897756489,5.312374037425663,E,2013-05-20
JNPR,JNPR.W^E14,2013-05-28,ESG-GJR-GARCH(G),0.3687429337703747,5.395688539904087,G,2013-05-20
JNPR,JNPR.W^E14,2013-05-28,ESG-GJR-GARCH(S),0.3681912767435315,5.379556201191739,S,2013-05-20
JNPR,JNPR.W^E14,2013-05-28,GARCH,0.3943097397762977,6.169848050890938,,2013-05-20
JNPR,JNPR.W^E14,2013-05-28,GJR-GARCH,0.3596159230702664,5.131889370066659,,2013-05-20
JNPR,JNPR.W^E14,2013-05-29,EGARCH,0.3869278754766651,5.940999238924035,,2013-05-20
JNPR,JNPR.W^E14,2013-05-29,ESG-EGARCH,0.3915863925397431,6.084916778662295,all,2013-05-20
JNPR,JNPR.W^E14,2013-05-29,ESG-EGARCH(E),0.3937928113959749,6.153681678854993,E,2013-05-20
JNPR,JNPR.W^E14,2013-05-29,ESG-EGARCH(G),0.3960015784792718,6.222906752304558,G,2013-05-20
JNPR,JNPR.W^E14,2013-05-29,ESG-EGARCH(S),0.3959827290887917,6.222314354627276,S,2013-05-20
JNPR,JNPR.W^E14,2013-05-29,ESG-GARCH,0.4053013370779339,6.51861800941115,all,2013-05-20
JNPR,JNPR.W^E14,2013-05-29,ESG-GARCH(E),0.4070853527067475,6.576130332872105,E,2013-05-20
JNPR,JNPR.W^E14,2013-05-29,ESG-GARCH(G),0.409482382980859,6.653802459193766,G,2013-05-20
JNPR,JNPR.W^E14,2013-05-29,ESG-GARCH(S),0.4093639907336051,6.649955432910441,S,2013-05-20
JNPR,JNPR.W^E14,2013-05-29,ESG-GJR-GARCH,0.3647696023061683,5.280034236769849,all,2013-05-20
JNPR,JNPR.W^E14,2013-05-29,ESG-GJR-GARCH(E),0.3658849897756489,5.312374037425663,E,2013-05-20
JNPR,JNPR.W^E14,2013-05-29,ESG-GJR-GARCH(G),0.3687429337703747,5.395688539904087,G,2013-05-20
JNPR,JNPR.W^E14,2013-05-29,ESG-GJR-GARCH(S),0.3681912767435315,5.379556201191739,S,2013-05-20
JNPR,JNPR.W^E14,2013-05-29,GARCH,0.3943097397762977,6.169848050890938,,2013-05-20
JNPR,JNPR.W^E14,2013-05-29,GJR-GARCH,0.3596159230702664,5.131889370066659,,2013-05-20
JNPR,JNPR.W^E14,2013-05-30,EGARCH,0.3869278754766651,5.940999238924035,,2013-05-20
JNPR,JNPR.W^E14,2013-05-30,ESG-EGARCH,0.3915863925397431,6.084916778662295,all,2013-05-20
JNPR,JNPR.W^E14,2013-05-30,ESG-EGARCH(E),0.3937928113959749,6.153681678854993,E,2013-05-20
JNPR,JNPR.W^E14,2013-05-30,ESG-EGARCH(G),0.3960015784792718,6.222906752304558,G,2013-05-20
JNPR,JNPR.W^E14,2013-05-30,ESG-EGARCH(S),0.3959827290887917,6.222314354627276,S,2013-05-20
JNPR,JNPR.W^E14,2013-05-30,ESG-GARCH,0.4053013370779339,6.51861800941115,all,2013-05-20
JNPR,JNPR.W^E14,2013-05-30,ESG-GARCH(E),0.4070853527067475,6.576130332872105,E,2013-05-20
JNPR,JNPR.W^E14,2013-05-30,ESG-GARCH(G),0.409482382980859,6.653802459193766,G,2013-05-20
JNPR,JNPR.W^E14,2013-05-30,ESG-GARCH(S),0.4093639907336051,6.649955432910441,S,2013-05-20
JNPR,JNPR.W^E14,2013-05-30,ESG-GJR-GARCH,0.3647696023061683,5.280034236769849,all,2013-05-20
JNPR,JNPR.W^E14,2013-05-30,ESG-GJR-GARCH(E),0.3658849897756489,5.312374037425663,E,2013-05-20
JNPR,JNPR.W^E14,2013-05-30,ESG-GJR-GARCH(G),0.3687429337703747,5.395688539904087,G,2013-05-20
JNPR,JNPR.W^E14,2013-05-30,ESG-GJR-GARCH(S),0.3681912767435315,5.379556201191739,S,2013-05-20
JNPR,JNPR.W^E14,2013-05-30,GARCH,0.3943097397762977,6.169848050890938,,2013-05-20
JNPR,JNPR.W^E14,2013-05-30,GJR-GARCH,0.3596159230702664,5.131889370066659,,2013-05-20
JNPR,JNPR.W^E14,2013-05-31,EGARCH,0.3869278754766651,5.940999238924035,,2013-05-20
JNPR,JNPR.W^E14,2013-05-31,ESG-EGARCH,0.3915863925397431,6.084916778662295,all,2013-05-20
JNPR,JNPR.W^E14,2013-05-31,ESG-EGARCH(E),0.3937928113959749,6.153681678854993,E,2013-05-20
JNPR,JNPR.W^E14,2013-05-31,ESG-EGARCH(G),0.3960015784792718,6.222906752304558,G,2013-05-20
JNPR,JNPR.W^E14,2013-05-31,ESG-EGARCH(S),0.3959827290887917,6.222314354627276,S,2013-05-20
JNPR,JNPR.W^E14,2013-05-31,ESG-GARCH,0.4053013370779339,6.51861800941115,all,2013-05-20
JNPR,JNPR.W^E14,2013-05-31,ESG-GARCH(E),0.4070853527067475,6.576130332872105,E,2013-05-20
JNPR,JNPR.W^E14,2013-05-31,ESG-GARCH(G),0.409482382980859,6.653802459193766,G,2013-05-20
JNPR,JNPR.W^E14,2013-05-31,ESG-GARCH(S),0.4093639907336051,6.649955432910441,S,2013-05-20
JNPR,JNPR.W^E14,2013-05-31,ESG-GJR-GARCH,0.3647696023061683,5.280034236769849,all,2013-05-20
JNPR,JNPR.W^E14,2013-05-31,ESG-GJR-GARCH(E),0.3658849897756489,5.312374037425663,E,2013-05-20
JNPR,JNPR.W^E14,2013-05-31,ESG-GJR-GARCH(G),0.3687429337703747,5.395688539904087,G,2013-05-20
JNPR,JNPR.W^E14,2013-05-31,ESG-GJR-GARCH(S),0.3681912767435315,5.379556201191739,S,2013-05-20
JNPR,JNPR.W^E14,2013-05-31,GARCH,0.3943097397762977,6.169848050890938,,2013-05-20
JNPR,JNPR.W^E14,2013-05-31,GJR-GARCH,0.3596159230702664,5.131889370066659,,2013-05-20
JNPR,JNPR.W^E14,2013-06-03,EGARCH,0.3869278754766651,5.940999238924035,,2013-05-20
JNPR,JNPR.W^E14,2013-06-03,ESG-EGARCH,0.3915863925397431,6.084916778662295,all,2013-05-20
JNPR,JNPR.W^E14,2013-06-03,ESG-EGARCH(E),0.3937928113959749,6.153681678854993,E,2013-05-20
JNPR,JNPR.W^E14,2013-06-03,ESG-EGARCH(G),0.3960015784792718,6.222906752304558,G,2013-05-20
JNPR,JNPR.W^E14,2013-06-03,ESG-EGARCH(S),0.3959827290887917,6.222314354627276,S,2013-05-20
JNPR,JNPR.W^E14,2013-06-03,ESG-GARCH,0.4053013370779339,6.51861800941115,all,2013-05-20
JNPR,JNPR.W^E14,2013-06-03,ESG-GARCH(E),0.4070853527067475,6.576130332872105,E,2013-05-20
JNPR,JNPR.W^E14,2013-06-03,ESG-GARCH(G),0.409482382980859,6.653802459193766,G,2013-05-20
JNPR,JNPR.W^E14,2013-06-03,ESG-GARCH(S),0.4093639907336051,6.649955432910441,S,2013-05-20
JNPR,JNPR.W^E14,2013-06-03,ESG-GJR-GARCH,0.3647696023061683,5.280034236769849,all,2013-05-20
JNPR,JNPR.W^E14,2013-06-03,ESG-GJR-GARCH(E),0.3658849897756489,5.312374037425663,E,2013-05-20
JNPR,JNPR.W^E14,2013-06-03,ESG-GJR-GARCH(G),0.3687429337703747,5.395688539904087,G,2013-05-20
JNPR,JNPR.W^E14,2013-06-03,ESG-GJR-GARCH(S),0.3681912767435315,5.379556201191739,S,2013-05-20
JNPR,JNPR.W^E14,2013-06-03,GARCH,0.3943097397762977,6.169848050890938,,2013-05-20
JNPR,JNPR.W^E14,2013-06-03,GJR-GARCH,0.3596159230702664,5.131889370066659,,2013-05-20
JNPR,JNPR.W^E14,2013-06-04,EGARCH,0.3869278754766651,5.940999238924035,,2013-05-20
JNPR,JNPR.W^E14,2013-06-04,ESG-EGARCH,0.3915863925397431,6.084916778662295,all,2013-05-20
JNPR,JNPR.W^E14,2013-06-04,ESG-EGARCH(E),0.3937928113959749,6.153681678854993,E,2013-05-20
JNPR,JNPR.W^E14,2013-06-04,ESG-EGARCH(G),0.3960015784792718,6.222906752304558,G,2013-05-20
JNPR,JNPR.W^E14,2013-06-04,ESG-EGARCH(S),0.3959827290887917,6.222314354627276,S,2013-05-20
JNPR,JNPR.W^E14,2013-06-04,ESG-GARCH,0.4053013370779339,6.51861800941115,all,2013-05-20
JNPR,JNPR.W^E14,2013-06-04,ESG-GARCH(E),0.4070853527067475,6.576130332872105,E,2013-05-20
JNPR,JNPR.W^E14,2013-06-04,ESG-GARCH(G),0.409482382980859,6.653802459193766,G,2013-05-20
JNPR,JNPR.W^E14,2013-06-04,ESG-GARCH(S),0.4093639907336051,6.649955432910441,S,2013-05-20
JNPR,JNPR.W^E14,2013-06-04,ESG-GJR-GARCH,0.3647696023061683,5.280034236769849,all,2013-05-20
JNPR,JNPR.W^E14,2013-06-04,ESG-GJR-GARCH(E),0.3658849897756489,5.312374037425663,E,2013-05-20
JNPR,JNPR.W^E14,2013-06-04,ESG-GJR-GARCH(G),0.3687429337703747,5.395688539904087,G,2013-05-20
JNPR,JNPR.W^E14,2013-06-04,ESG-GJR-GARCH(S),0.3681912767435315,5.379556201191739,S,2013-05-20
JNPR,JNPR.W^E14,2013-06-04,GARCH,0.3943097397762977,6.169848050890938,,2013-05-20
JNPR,JNPR.W^E14,2013-06-04,GJR-GARCH,0.3596159230702664,5.131889370066659,,2013-05-20
JNPR,JNPR.W^E14,2013-06-05,EGARCH,0.3869278754766651,5.940999238924035,,2013-05-20
JNPR,JNPR.W^E14,2013-06-05,ESG-EGARCH,0.3915863925397431,6.084916778662295,all,2013-05-20
JNPR,JNPR.W^E14,2013-06-05,ESG-EGARCH(E),0.3937928113959749,6.153681678854993,E,2013-05-20
JNPR,JNPR.W^E14,2013-06-05,ESG-EGARCH(G),0.3960015784792718,6.222906752304558,G,2013-05-20
JNPR,JNPR.W^E14,2013-06-05,ESG-EGARCH(S),0.3959827290887917,6.222314354627276,S,2013-05-20
JNPR,JNPR.W^E14,2013-06-05,ESG-GARCH,0.4053013370779339,6.51861800941115,all,2013-05-20
JNPR,JNPR.W^E14,2013-06-05,ESG-GARCH(E),0.4070853527067475,6.576130332872105,E,2013-05-20
JNPR,JNPR.W^E14,2013-06-05,ESG-GARCH(G),0.409482382980859,6.653802459193766,G,2013-05-20
JNPR,JNPR.W^E14,2013-06-05,ESG-GARCH(S),0.4093639907336051,6.649955432910441,S,2013-05-20
JNPR,JNPR.W^E14,2013-06-05,ESG-GJR-GARCH,0.3647696023061683,5.280034236769849,all,2013-05-20
JNPR,JNPR.W^E14,2013-06-05,ESG-GJR-GARCH(E),0.3658849897756489,5.312374037425663,E,2013-05-20
JNPR,JNPR.W^E14,2013-06-05,ESG-GJR-GARCH(G),0.3687429337703747,5.395688539904087,G,2013-05-20
JNPR,JNPR.W^E14,2013-06-05,ESG-GJR-GARCH(S),0.3681912767435315,5.379556201191739,S,2013-05-20
JNPR,JNPR.W^E14,2013-06-05,GARCH,0.3943097397762977,6.169848050890938,,2013-05-20
JNPR,JNPR.W^E14,2013-06-05,GJR-GARCH,0.3596159230702664,5.131889370066659,,2013-05-20
JNPR,JNPR.W^E14,2013-06-06,EGARCH,0.3869278754766651,5.940999238924035,,2013-05-20
JNPR,JNPR.W^E14,2013-06-06,ESG-EGARCH,0.3915863925397431,6.084916778662295,all,2013-05-20
JNPR,JNPR.W^E14,2013-06-06,ESG-EGARCH(E),0.3937928113959749,6.153681678854993,E,2013-05-20
JNPR,JNPR.W^E14,2013-06-06,ESG-EGARCH(G),0.3960015784792718,6.222906752304558,G,2013-05-20
JNPR,JNPR.W^E14,2013-06-06,ESG-EGARCH(S),0.3959827290887917,6.222314354627276,S,2013-05-20
JNPR,JNPR.W^E14,2013-06-06,ESG-GARCH,0.4053013370779339,6.51861800941115,all,2013-05-20
JNPR,JNPR.W^E14,2013-06-06,ESG-GARCH(E),0.4070853527067475,6.576130332872105,E,2013-05-20
JNPR,JNPR.W^E14,2013-06-06,ESG-GARCH(G),0.409482382980859,6.653802459193766,G,2013-05-20
JNPR,JNPR.W^E14,2013-06-06,ESG-GARCH(S),0.4093639907336051,6.649955432910441,S,2013-05-20
JNPR,JNPR.W^E14,2013-06-06,ESG-GJR-GARCH,0.3647696023061683,5.280034236769849,all,2013-05-20
JNPR,JNPR.W^E14,2013-06-06,ESG-GJR-GARCH(E),0.3658849897756489,5.312374037425663,E,2013-05-20
JNPR,JNPR.W^E14,2013-06-06,ESG-GJR-GARCH(G),0.3687429337703747,5.395688539904087,G,2013-05-20
JNPR,JNPR.W^E14,2013-06-06,ESG-GJR-GARCH(S),0.3681912767435315,5.379556201191739,S,2013-05-20
JNPR,JNPR.W^E14,2013-06-06,GARCH,0.3943097397762977,6.169848050890938,,2013-05-20
JNPR,JNPR.W^E14,2013-06-06,GJR-GARCH,0.3596159230702664,5.131889370066659,,2013-05-20
JNPR,JNPR.W^E14,2013-06-07,EGARCH,0.3869278754766651,5.940999238924035,,2013-05-20
JNPR,JNPR.W^E14,2013-06-07,ESG-EGARCH,0.3915863925397431,6.084916778662295,all,2013-05-20
JNPR,JNPR.W^E14,2013-06-07,ESG-EGARCH(E),0.3937928113959749,6.153681678854993,E,2013-05-20
JNPR,JNPR.W^E14,2013-06-07,ESG-EGARCH(G),0.3960015784792718,6.222906752304558,G,2013-05-20
JNPR,JNPR.W^E14,2013-06-07,ESG-EGARCH(S),0.3959827290887917,6.222314354627276,S,2013-05-20
JNPR,JNPR.W^E14,2013-06-07,ESG-GARCH,0.4053013370779339,6.51861800941115,all,2013-05-20
JNPR,JNPR.W^E14,2013-06-07,ESG-GARCH(E),0.4070853527067475,6.576130332872105,E,2013-05-20
JNPR,JNPR.W^E14,2013-06-07,ESG-GARCH(G),0.409482382980859,6.653802459193766,G,2013-05-20
JNPR,JNPR.W^E14,2013-06-07,ESG-GARCH(S),0.4093639907336051,6.649955432910441,S,2013-05-20
JNPR,JNPR.W^E14,2013-06-07,ESG-GJR-GARCH,0.3647696023061683,5.280034236769849,all,2013-05-20
JNPR,JNPR.W^E14,2013-06-07,ESG-GJR-GARCH(E),0.3658849897756489,5.312374037425663,E,2013-05-20
JNPR,JNPR.W^E14,2013-06-07,ESG-GJR-GARCH(G),0.3687429337703747,5.395688539904087,G,2013-05-20
JNPR,JNPR.W^E14,2013-06-07,ESG-GJR-GARCH(S),0.3681912767435315,5.379556201191739,S,2013-05-20
JNPR,JNPR.W^E14,2013-06-07,GARCH,0.3943097397762977,6.169848050890938,,2013-05-20
JNPR,JNPR.W^E14,2013-06-07,GJR-GARCH,0.3596159230702664,5.131889370066659,,2013-05-20
JNPR,JNPR.W^E14,2013-06-10,EGARCH,0.3869278754766651,5.940999238924035,,2013-05-20
JNPR,JNPR.W^E14,2013-06-10,ESG-EGARCH,0.3915863925397431,6.084916778662295,all,2013-05-20
JNPR,JNPR.W^E14,2013-06-10,ESG-EGARCH(E),0.3937928113959749,6.153681678854993,E,2013-05-20
JNPR,JNPR.W^E14,2013-06-10,ESG-EGARCH(G),0.3960015784792718,6.222906752304558,G,2013-05-20
JNPR,JNPR.W^E14,2013-06-10,ESG-EGARCH(S),0.3959827290887917,6.222314354627276,S,2013-05-20
JNPR,JNPR.W^E14,2013-06-10,ESG-GARCH,0.4053013370779339,6.51861800941115,all,2013-05-20
JNPR,JNPR.W^E14,2013-06-10,ESG-GARCH(E),0.4070853527067475,6.576130332872105,E,2013-05-20
JNPR,JNPR.W^E14,2013-06-10,ESG-GARCH(G),0.409482382980859,6.653802459193766,G,2013-05-20
JNPR,JNPR.W^E14,2013-06-10,ESG-GARCH(S),0.4093639907336051,6.649955432910441,S,2013-05-20
JNPR,JNPR.W^E14,2013-06-10,ESG-GJR-GARCH,0.3647696023061683,5.280034236769849,all,2013-05-20
JNPR,JNPR.W^E14,2013-06-10,ESG-GJR-GARCH(E),0.3658849897756489,5.312374037425663,E,2013-05-20
JNPR,JNPR.W^E14,2013-06-10,ESG-GJR-GARCH(G),0.3687429337703747,5.395688539904087,G,2013-05-20
JNPR,JNPR.W^E14,2013-06-10,ESG-GJR-GARCH(S),0.3681912767435315,5.379556201191739,S,2013-05-20
JNPR,JNPR.W^E14,2013-06-10,GARCH,0.3943097397762977,6.169848050890938,,2013-05-20
JNPR,JNPR.W^E14,2013-06-10,GJR-GARCH,0.3596159230702664,5.131889370066659,,2013-05-20
JNPR,JNPR.W^E14,2013-06-11,EGARCH,0.3869278754766651,5.940999238924035,,2013-05-20
JNPR,JNPR.W^E14,2013-06-11,ESG-EGARCH,0.3915863925397431,6.084916778662295,all,2013-05-20
JNPR,JNPR.W^E14,2013-06-11,ESG-EGARCH(E),0.3937928113959749,6.153681678854993,E,2013-05-20
JNPR,JNPR.W^E14,2013-06-11,ESG-EGARCH(G),0.3960015784792718,6.222906752304558,G,2013-05-20
JNPR,JNPR.W^E14,2013-06-11,ESG-EGARCH(S),0.3959827290887917,6.222314354627276,S,2013-05-20
JNPR,JNPR.W^E14,2013-06-11,ESG-GARCH,0.4053013370779339,6.51861800941115,all,2013-05-20
JNPR,JNPR.W^E14,2013-06-11,ESG-GARCH(E),0.4070853527067475,6.576130332872105,E,2013-05-20
JNPR,JNPR.W^E14,2013-06-11,ESG-GARCH(G),0.409482382980859,6.653802459193766,G,2013-05-20
JNPR,JNPR.W^E14,2013-06-11,ESG-GARCH(S),0.4093639907336051,6.649955432910441,S,2013-05-20
JNPR,JNPR.W^E14,2013-06-11,ESG-GJR-GARCH,0.3647696023061683,5.280034236769849,all,2013-05-20
JNPR,JNPR.W^E14,2013-06-11,ESG-GJR-GARCH(E),0.3658849897756489,5.312374037425663,E,2013-05-20
JNPR,JNPR.W^E14,2013-06-11,ESG-GJR-GARCH(G),0.3687429337703747,5.395688539904087,G,2013-05-20
JNPR,JNPR.W^E14,2013-06-11,ESG-GJR-GARCH(S),0.3681912767435315,5.379556201191739,S,2013-05-20
JNPR,JNPR.W^E14,2013-06-11,GARCH,0.3943097397762977,6.169848050890938,,2013-05-20
JNPR,JNPR.W^E14,2013-06-11,GJR-GARCH,0.3596159230702664,5.131889370066659,,2013-05-20
JNPR,JNPR.W^E14,2013-06-12,EGARCH,0.3869278754766651,5.940999238924035,,2013-05-20
JNPR,JNPR.W^E14,2013-06-12,ESG-EGARCH,0.3915863925397431,6.084916778662295,all,2013-05-20
JNPR,JNPR.W^E14,2013-06-12,ESG-EGARCH(E),0.3937928113959749,6.153681678854993,E,2013-05-20
JNPR,JNPR.W^E14,2013-06-12,ESG-EGARCH(G),0.3960015784792718,6.222906752304558,G,2013-05-20
JNPR,JNPR.W^E14,2013-06-12,ESG-EGARCH(S),0.3959827290887917,6.222314354627276,S,2013-05-20
JNPR,JNPR.W^E14,2013-06-12,ESG-GARCH,0.4053013370779339,6.51861800941115,all,2013-05-20
JNPR,JNPR.W^E14,2013-06-12,ESG-GARCH(E),0.4070853527067475,6.576130332872105,E,2013-05-20
JNPR,JNPR.W^E14,2013-06-12,ESG-GARCH(G),0.409482382980859,6.653802459193766,G,2013-05-20
JNPR,JNPR.W^E14,2013-06-12,ESG-GARCH(S),0.4093639907336051,6.649955432910441,S,2013-05-20
JNPR,JNPR.W^E14,2013-06-12,ESG-GJR-GARCH,0.3647696023061683,5.280034236769849,all,2013-05-20
JNPR,JNPR.W^E14,2013-06-12,ESG-GJR-GARCH(E),0.3658849897756489,5.312374037425663,E,2013-05-20
JNPR,JNPR.W^E14,2013-06-12,ESG-GJR-GARCH(G),0.3687429337703747,5.395688539904087,G,2013-05-20
JNPR,JNPR.W^E14,2013-06-12,ESG-GJR-GARCH(S),0.3681912767435315,5.379556201191739,S,2013-05-20
JNPR,JNPR.W^E14,2013-06-12,GARCH,0.3943097397762977,6.169848050890938,,2013-05-20
JNPR,JNPR.W^E14,2013-06-12,GJR-GARCH,0.3596159230702664,5.131889370066659,,2013-05-20
JNPR,JNPR.W^E14,2013-06-13,EGARCH,0.3869278754766651,5.940999238924035,,2013-05-20
JNPR,JNPR.W^E14,2013-06-13,ESG-EGARCH,0.3915863925397431,6.084916778662295,all,2013-05-20
JNPR,JNPR.W^E14,2013-06-13,ESG-EGARCH(E),0.3937928113959749,6.153681678854993,E,2013-05-20
JNPR,JNPR.W^E14,2013-06-13,ESG-EGARCH(G),0.3960015784792718,6.222906752304558,G,2013-05-20
JNPR,JNPR.W^E14,2013-06-13,ESG-EGARCH(S),0.3959827290887917,6.222314354627276,S,2013-05-20
JNPR,JNPR.W^E14,2013-06-13,ESG-GARCH,0.4053013370779339,6.51861800941115,all,2013-05-20
JNPR,JNPR.W^E14,2013-06-13,ESG-GARCH(E),0.4070853527067475,6.576130332872105,E,2013-05-20
JNPR,JNPR.W^E14,2013-06-13,ESG-GARCH(G),0.409482382980859,6.653802459193766,G,2013-05-20
JNPR,JNPR.W^E14,2013-06-13,ESG-GARCH(S),0.4093639907336051,6.649955432910441,S,2013-05-20
JNPR,JNPR.W^E14,2013-06-13,ESG-GJR-GARCH,0.3647696023061683,5.280034236769849,all,2013-05-20
JNPR,JNPR.W^E14,2013-06-13,ESG-GJR-GARCH(E),0.3658849897756489,5.312374037425663,E,2013-05-20
JNPR,JNPR.W^E14,2013-06-13,ESG-GJR-GARCH(G),0.3687429337703747,5.395688539904087,G,2013-05-20
JNPR,JNPR.W^E14,2013-06-13,ESG-GJR-GARCH(S),0.3681912767435315,5.379556201191739,S,2013-05-20
JNPR,JNPR.W^E14,2013-06-13,GARCH,0.3943097397762977,6.169848050890938,,2013-05-20
JNPR,JNPR.W^E14,2013-06-13,GJR-GARCH,0.3596159230702664,5.131889370066659,,2013-05-20
JNPR,JNPR.W^E14,2013-06-14,EGARCH,0.3869278754766651,5.940999238924035,,2013-05-20
JNPR,JNPR.W^E14,2013-06-14,ESG-EGARCH,0.3915863925397431,6.084916778662295,all,2013-05-20
JNPR,JNPR.W^E14,2013-06-14,ESG-EGARCH(E),0.3937928113959749,6.153681678854993,E,2013-05-20
JNPR,JNPR.W^E14,2013-06-14,ESG-EGARCH(G),0.3960015784792718,6.222906752304558,G,2013-05-20
JNPR,JNPR.W^E14,2013-06-14,ESG-EGARCH(S),0.3959827290887917,6.222314354627276,S,2013-05-20
JNPR,JNPR.W^E14,2013-06-14,ESG-GARCH,0.4053013370779339,6.51861800941115,all,2013-05-20
JNPR,JNPR.W^E14,2013-06-14,ESG-GARCH(E),0.4070853527067475,6.576130332872105,E,2013-05-20
JNPR,JNPR.W^E14,2013-06-14,ESG-GARCH(G),0.409482382980859,6.653802459193766,G,2013-05-20
JNPR,JNPR.W^E14,2013-06-14,ESG-GARCH(S),0.4093639907336051,6.649955432910441,S,2013-05-20
JNPR,JNPR.W^E14,2013-06-14,ESG-GJR-GARCH,0.3647696023061683,5.280034236769849,all,2013-05-20
JNPR,JNPR.W^E14,2013-06-14,ESG-GJR-GARCH(E),0.3658849897756489,5.312374037425663,E,2013-05-20
JNPR,JNPR.W^E14,2013-06-14,ESG-GJR-GARCH(G),0.3687429337703747,5.395688539904087,G,2013-05-20
JNPR,JNPR.W^E14,2013-06-14,ESG-GJR-GARCH(S),0.3681912767435315,5.379556201191739,S,2013-05-20
JNPR,JNPR.W^E14,2013-06-14,GARCH,0.3943097397762977,6.169848050890938,,2013-05-20
JNPR,JNPR.W^E14,2013-06-14,GJR-GARCH,0.3596159230702664,5.131889370066659,,2013-05-20
JNPR,JNPR.W^E14,2013-06-17,EGARCH,0.3869278754766651,5.940999238924035,,2013-05-20
JNPR,JNPR.W^E14,2013-06-17,ESG-EGARCH,0.3915863925397431,6.084916778662295,all,2013-05-20
JNPR,JNPR.W^E14,2013-06-17,ESG-EGARCH(E),0.3937928113959749,6.153681678854993,E,2013-05-20
JNPR,JNPR.W^E14,2013-06-17,ESG-EGARCH(G),0.3960015784792718,6.222906752304558,G,2013-05-20
JNPR,JNPR.W^E14,2013-06-17,ESG-EGARCH(S),0.3959827290887917,6.222314354627276,S,2013-05-20
JNPR,JNPR.W^E14,2013-06-17,ESG-GARCH,0.4053013370779339,6.51861800941115,all,2013-05-20
JNPR,JNPR.W^E14,2013-06-17,ESG-GARCH(E),0.4070853527067475,6.576130332872105,E,2013-05-20
JNPR,JNPR.W^E14,2013-06-17,ESG-GARCH(G),0.409482382980859,6.653802459193766,G,2013-05-20
JNPR,JNPR.W^E14,2013-06-17,ESG-GARCH(S),0.4093639907336051,6.649955432910441,S,2013-05-20
JNPR,JNPR.W^E14,2013-06-17,ESG-GJR-GARCH,0.3647696023061683,5.280034236769849,all,2013-05-20
JNPR,JNPR.W^E14,2013-06-17,ESG-GJR-GARCH(E),0.3658849897756489,5.312374037425663,E,2013-05-20
JNPR,JNPR.W^E14,2013-06-17,ESG-GJR-GARCH(G),0.3687429337703747,5.395688539904087,G,2013-05-20
JNPR,JNPR.W^E14,2013-06-17,ESG-GJR-GARCH(S),0.3681912767435315,5.379556201191739,S,2013-05-20
JNPR,JNPR.W^E14,2013-06-17,GARCH,0.3943097397762977,6.169848050890938,,2013-05-20
JNPR,JNPR.W^E14,2013-06-17,GJR-GARCH,0.3596159230702664,5.131889370066659,,2013-05-20
JNPR,JNPR.W^E14,2013-06-18,EGARCH,0.3869278754766651,5.940999238924035,,2013-05-20
JNPR,JNPR.W^E14,2013-06-18,ESG-EGARCH,0.3915863925397431,6.084916778662295,all,2013-05-20
JNPR,JNPR.W^E14,2013-06-18,ESG-EGARCH(E),0.3937928113959749,6.153681678854993,E,2013-05-20
JNPR,JNPR.W^E14,2013-06-18,ESG-EGARCH(G),0.3960015784792718,6.222906752304558,G,2013-05-20
JNPR,JNPR.W^E14,2013-06-18,ESG-EGARCH(S),0.3959827290887917,6.222314354627276,S,2013-05-20
JNPR,JNPR.W^E14,2013-06-18,ESG-GARCH,0.4053013370779339,6.51861800941115,all,2013-05-20
JNPR,JNPR.W^E14,2013-06-18,ESG-GARCH(E),0.4070853527067475,6.576130332872105,E,2013-05-20
JNPR,JNPR.W^E14,2013-06-18,ESG-GARCH(G),0.409482382980859,6.653802459193766,G,2013-05-20
JNPR,JNPR.W^E14,2013-06-18,ESG-GARCH(S),0.4093639907336051,6.649955432910441,S,2013-05-20
JNPR,JNPR.W^E14,2013-06-18,ESG-GJR-GARCH,0.3647696023061683,5.280034236769849,all,2013-05-20
JNPR,JNPR.W^E14,2013-06-18,ESG-GJR-GARCH(E),0.3658849897756489,5.312374037425663,E,2013-05-20
JNPR,JNPR.W^E14,2013-06-18,ESG-GJR-GARCH(G),0.3687429337703747,5.395688539904087,G,2013-05-20
JNPR,JNPR.W^E14,2013-06-18,ESG-GJR-GARCH(S),0.3681912767435315,5.379556201191739,S,2013-05-20
JNPR,JNPR.W^E14,2013-06-18,GARCH,0.3943097397762977,6.169848050890938,,2013-05-20
JNPR,JNPR.W^E14,2013-06-18,GJR-GARCH,0.3596159230702664,5.131889370066659,,2013-05-20
JNPR,JNPR.W^E14,2013-06-19,EGARCH,0.3869278754766651,5.940999238924035,,2013-05-20
JNPR,JNPR.W^E14,2013-06-19,ESG-EGARCH,0.3915863925397431,6.084916778662295,all,2013-05-20
JNPR,JNPR.W^E14,2013-06-19,ESG-EGARCH(E),0.3937928113959749,6.153681678854993,E,2013-05-20
JNPR,JNPR.W^E14,2013-06-19,ESG-EGARCH(G),0.3960015784792718,6.222906752304558,G,2013-05-20
JNPR,JNPR.W^E14,2013-06-19,ESG-EGARCH(S),0.3959827290887917,6.222314354627276,S,2013-05-20
JNPR,JNPR.W^E14,2013-06-19,ESG-GARCH,0.4053013370779339,6.51861800941115,all,2013-05-20
JNPR,JNPR.W^E14,2013-06-19,ESG-GARCH(E),0.4070853527067475,6.576130332872105,E,2013-05-20
JNPR,JNPR.W^E14,2013-06-19,ESG-GARCH(G),0.409482382980859,6.653802459193766,G,2013-05-20
JNPR,JNPR.W^E14,2013-06-19,ESG-GARCH(S),0.4093639907336051,6.649955432910441,S,2013-05-20
JNPR,JNPR.W^E14,2013-06-19,ESG-GJR-GARCH,0.3647696023061683,5.280034236769849,all,2013-05-20
JNPR,JNPR.W^E14,2013-06-19,ESG-GJR-GARCH(E),0.3658849897756489,5.312374037425663,E,2013-05-20
JNPR,JNPR.W^E14,2013-06-19,ESG-GJR-GARCH(G),0.3687429337703747,5.395688539904087,G,2013-05-20
JNPR,JNPR.W^E14,2013-06-19,ESG-GJR-GARCH(S),0.3681912767435315,5.379556201191739,S,2013-05-20
JNPR,JNPR.W^E14,2013-06-19,GARCH,0.3943097397762977,6.169848050890938,,2013-05-20
JNPR,JNPR.W^E14,2013-06-19,GJR-GARCH,0.3596159230702664,5.131889370066659,,2013-05-20
JNPR,JNPR.W^E14,2013-06-20,EGARCH,0.3713142563615396,5.471201467354092,,2013-06-20
JNPR,JNPR.W^E14,2013-06-20,ESG-EGARCH,0.3936086918989878,6.147928664223504,all,2013-06-20
JNPR,JNPR.W^E14,2013-06-20,ESG-EGARCH(E),0.3956824950344041,6.212882415740128,E,2013-06-20
JNPR,JNPR.W^E14,2013-06-20,ESG-EGARCH(G),0.3977093709837614,6.276696181281713,G,2013-06-20
JNPR,JNPR.W^E14,2013-06-20,ESG-EGARCH(S),0.3976260794684879,6.274067423550804,S,2013-06-20
JNPR,JNPR.W^E14,2013-06-20,ESG-GARCH,0.4075893779430684,6.592424643334028,all,2013-06-20
JNPR,JNPR.W^E14,2013-06-20,ESG-GARCH(E),0.4091423713284829,6.642757143503741,E,2013-06-20
JNPR,JNPR.W^E14,2013-06-20,ESG-GARCH(G),0.4113775285205369,6.715534562367663,G,2013-06-20
JNPR,JNPR.W^E14,2013-06-20,ESG-GARCH(S),0.4112403753592694,6.711057393874316,S,2013-06-20
JNPR,JNPR.W^E14,2013-06-20,ESG-GJR-GARCH,0.3746425133276823,5.56972272986042,all,2013-06-20
JNPR,JNPR.W^E14,2013-06-20,ESG-GJR-GARCH(E),0.3764915649700331,5.624837241808916,E,2013-06-20
JNPR,JNPR.W^E14,2013-06-20,ESG-GJR-GARCH(G),0.3792161829955786,5.70654418435461,G,2013-06-20
JNPR,JNPR.W^E14,2013-06-20,ESG-GJR-GARCH(S),0.3786093128275213,5.688294117449521,S,2013-06-20
JNPR,JNPR.W^E14,2013-06-20,GARCH,0.3920225324877387,6.098478808654768,,2013-06-20
JNPR,JNPR.W^E14,2013-06-20,GJR-GARCH,0.3570265360347972,5.058251882262157,,2013-06-20
JNPR,JNPR.W^E14,2013-06-21,EGARCH,0.3713142563615396,5.471201467354092,,2013-06-20
JNPR,JNPR.W^E14,2013-06-21,ESG-EGARCH,0.3936086918989878,6.147928664223504,all,2013-06-20
JNPR,JNPR.W^E14,2013-06-21,ESG-EGARCH(E),0.3956824950344041,6.212882415740128,E,2013-06-20
JNPR,JNPR.W^E14,2013-06-21,ESG-EGARCH(G),0.3977093709837614,6.276696181281713,G,2013-06-20
JNPR,JNPR.W^E14,2013-06-21,ESG-EGARCH(S),0.3976260794684879,6.274067423550804,S,2013-06-20
JNPR,JNPR.W^E14,2013-06-21,ESG-GARCH,0.4075893779430684,6.592424643334028,all,2013-06-20
JNPR,JNPR.W^E14,2013-06-21,ESG-GARCH(E),0.4091423713284829,6.642757143503741,E,2013-06-20
JNPR,JNPR.W^E14,2013-06-21,ESG-GARCH(G),0.4113775285205369,6.715534562367663,G,2013-06-20
JNPR,JNPR.W^E14,2013-06-21,ESG-GARCH(S),0.4112403753592694,6.711057393874316,S,2013-06-20
JNPR,JNPR.W^E14,2013-06-21,ESG-GJR-GARCH,0.3746425133276823,5.56972272986042,all,2013-06-20
JNPR,JNPR.W^E14,2013-06-21,ESG-GJR-GARCH(E),0.3764915649700331,5.624837241808916,E,2013-06-20
JNPR,JNPR.W^E14,2013-06-21,ESG-GJR-GARCH(G),0.3792161829955786,5.70654418435461,G,2013-06-20
JNPR,JNPR.W^E14,2013-06-21,ESG-GJR-GARCH(S),0.3786093128275213,5.688294117449521,S,2013-06-20
JNPR,JNPR.W^E14,2013-06-21,GARCH,0.3920225324877387,6.098478808654768,,2013-06-20
JNPR,JNPR.W^E14,2013-06-21,GJR-GARCH,0.3570265360347972,5.058251882262157,,2013-06-20
JNPR,JNPR.W^E14,2013-06-24,EGARCH,0.3713142563615396,5.471201467354092,,2013-06-20
JNPR,JNPR.W^E14,2013-06-24,ESG-EGARCH,0.3936086918989878,6.147928664223504,all,2013-06-20
JNPR,JNPR.W^E14,2013-06-24,ESG-EGARCH(E),0.3956824950344041,6.212882415740128,E,2013-06-20
JNPR,JNPR.W^E14,2013-06-24,ESG-EGARCH(G),0.3977093709837614,6.276696181281713,G,2013-06-20
JNPR,JNPR.W^E14,2013-06-24,ESG-EGARCH(S),0.3976260794684879,6.274067423550804,S,2013-06-20
JNPR,JNPR.W^E14,2013-06-24,ESG-GARCH,0.4075893779430684,6.592424643334028,all,2013-06-20
JNPR,JNPR.W^E14,2013-06-24,ESG-GARCH(E),0.4091423713284829,6.642757143503741,E,2013-06-20
JNPR,JNPR.W^E14,2013-06-24,ESG-GARCH(G),0.4113775285205369,6.715534562367663,G,2013-06-20
JNPR,JNPR.W^E14,2013-06-24,ESG-GARCH(S),0.4112403753592694,6.711057393874316,S,2013-06-20
JNPR,JNPR.W^E14,2013-06-24,ESG-GJR-GARCH,0.3746425133276823,5.56972272986042,all,2013-06-20
JNPR,JNPR.W^E14,2013-06-24,ESG-GJR-GARCH(E),0.3764915649700331,5.624837241808916,E,2013-06-20
JNPR,JNPR.W^E14,2013-06-24,ESG-GJR-GARCH(G),0.3792161829955786,5.70654418435461,G,2013-06-20
JNPR,JNPR.W^E14,2013-06-24,ESG-GJR-GARCH(S),0.3786093128275213,5.688294117449521,S,2013-06-20
JNPR,JNPR.W^E14,2013-06-24,GARCH,0.3920225324877387,6.098478808654768,,2013-06-20
JNPR,JNPR.W^E14,2013-06-24,GJR-GARCH,0.3570265360347972,5.058251882262157,,2013-06-20
JNPR,JNPR.W^E14,2013-06-25,EGARCH,0.3713142563615396,5.471201467354092,,2013-06-20
JNPR,JNPR.W^E14,2013-06-25,ESG-EGARCH,0.3936086918989878,6.147928664223504,all,2013-06-20
JNPR,JNPR.W^E14,2013-06-25,ESG-EGARCH(E),0.3956824950344041,6.212882415740128,E,2013-06-20
JNPR,JNPR.W^E14,2013-06-25,ESG-EGARCH(G),0.3977093709837614,6.276696181281713,G,2013-06-20
JNPR,JNPR.W^E14,2013-06-25,ESG-EGARCH(S),0.3976260794684879,6.274067423550804,S,2013-06-20
JNPR,JNPR.W^E14,2013-06-25,ESG-GARCH,0.4075893779430684,6.592424643334028,all,2013-06-20
JNPR,JNPR.W^E14,2013-06-25,ESG-GARCH(E),0.4091423713284829,6.642757143503741,E,2013-06-20
JNPR,JNPR.W^E14,2013-06-25,ESG-GARCH(G),0.4113775285205369,6.715534562367663,G,2013-06-20
JNPR,JNPR.W^E14,2013-06-25,ESG-GARCH(S),0.4112403753592694,6.711057393874316,S,2013-06-20
JNPR,JNPR.W^E14,2013-06-25,ESG-GJR-GARCH,0.3746425133276823,5.56972272986042,all,2013-06-20
JNPR,JNPR.W^E14,2013-06-25,ESG-GJR-GARCH(E),0.3764915649700331,5.624837241808916,E,2013-06-20
JNPR,JNPR.W^E14,2013-06-25,ESG-GJR-GARCH(G),0.3792161829955786,5.70654418435461,G,2013-06-20
JNPR,JNPR.W^E14,2013-06-25,ESG-GJR-GARCH(S),0.3786093128275213,5.688294117449521,S,2013-06-20
JNPR,JNPR.W^E14,2013-06-25,GARCH,0.3920225324877387,6.098478808654768,,2013-06-20
JNPR,JNPR.W^E14,2013-06-25,GJR-GARCH,0.3570265360347972,5.058251882262157,,2013-06-20
JNPR,JNPR.W^E14,2013-06-26,EGARCH,0.3713142563615396,5.471201467354092,,2013-06-20
JNPR,JNPR.W^E14,2013-06-26,ESG-EGARCH,0.3936086918989878,6.147928664223504,all,2013-06-20
JNPR,JNPR.W^E14,2013-06-26,ESG-EGARCH(E),0.3956824950344041,6.212882415740128,E,2013-06-20
JNPR,JNPR.W^E14,2013-06-26,ESG-EGARCH(G),0.3977093709837614,6.276696181281713,G,2013-06-20
JNPR,JNPR.W^E14,2013-06-26,ESG-EGARCH(S),0.3976260794684879,6.274067423550804,S,2013-06-20
JNPR,JNPR.W^E14,2013-06-26,ESG-GARCH,0.4075893779430684,6.592424643334028,all,2013-06-20
JNPR,JNPR.W^E14,2013-06-26,ESG-GARCH(E),0.4091423713284829,6.642757143503741,E,2013-06-20
JNPR,JNPR.W^E14,2013-06-26,ESG-GARCH(G),0.4113775285205369,6.715534562367663,G,2013-06-20
JNPR,JNPR.W^E14,2013-06-26,ESG-GARCH(S),0.4112403753592694,6.711057393874316,S,2013-06-20
JNPR,JNPR.W^E14,2013-06-26,ESG-GJR-GARCH,0.3746425133276823,5.56972272986042,all,2013-06-20
JNPR,JNPR.W^E14,2013-06-26,ESG-GJR-GARCH(E),0.3764915649700331,5.624837241808916,E,2013-06-20
JNPR,JNPR.W^E14,2013-06-26,ESG-GJR-GARCH(G),0.3792161829955786,5.70654418435461,G,2013-06-20
JNPR,JNPR.W^E14,2013-06-26,ESG-GJR-GARCH(S),0.3786093128275213,5.688294117449521,S,2013-06-20
JNPR,JNPR.W^E14,2013-06-26,GARCH,0.3920225324877387,6.098478808654768,,2013-06-20
JNPR,JNPR.W^E14,2013-06-26,GJR-GARCH,0.3570265360347972,5.058251882262157,,2013-06-20
JNPR,JNPR.W^E14,2013-06-27,EGARCH,0.3713142563615396,5.471201467354092,,2013-06-20
JNPR,JNPR.W^E14,2013-06-27,ESG-EGARCH,0.3936086918989878,6.147928664223504,all,2013-06-20
JNPR,JNPR.W^E14,2013-06-27,ESG-EGARCH(E),0.3956824950344041,6.212882415740128,E,2013-06-20
JNPR,JNPR.W^E14,2013-06-27,ESG-EGARCH(G),0.3977093709837614,6.276696181281713,G,2013-06-20
JNPR,JNPR.W^E14,2013-06-27,ESG-EGARCH(S),0.3976260794684879,6.274067423550804,S,2013-06-20
JNPR,JNPR.W^E14,2013-06-27,ESG-GARCH,0.4075893779430684,6.592424643334028,all,2013-06-20
JNPR,JNPR.W^E14,2013-06-27,ESG-GARCH(E),0.4091423713284829,6.642757143503741,E,2013-06-20
JNPR,JNPR.W^E14,2013-06-27,ESG-GARCH(G),0.4113775285205369,6.715534562367663,G,2013-06-20
JNPR,JNPR.W^E14,2013-06-27,ESG-GARCH(S),0.4112403753592694,6.711057393874316,S,2013-06-20
JNPR,JNPR.W^E14,2013-06-27,ESG-GJR-GARCH,0.3746425133276823,5.56972272986042,all,2013-06-20
JNPR,JNPR.W^E14,2013-06-27,ESG-GJR-GARCH(E),0.3764915649700331,5.624837241808916,E,2013-06-20
JNPR,JNPR.W^E14,2013-06-27,ESG-GJR-GARCH(G),0.3792161829955786,5.70654418435461,G,2013-06-20
JNPR,JNPR.W^E14,2013-06-27,ESG-GJR-GARCH(S),0.3786093128275213,5.688294117449521,S,2013-06-20
JNPR,JNPR.W^E14,2013-06-27,GARCH,0.3920225324877387,6.098478808654768,,2013-06-20
JNPR,JNPR.W^E14,2013-06-27,GJR-GARCH,0.3570265360347972,5.058251882262157,,2013-06-20
JNPR,JNPR.W^E14,2013-06-28,EGARCH,0.3713142563615396,5.471201467354092,,2013-06-20
JNPR,JNPR.W^E14,2013-06-28,ESG-EGARCH,0.3936086918989878,6.147928664223504,all,2013-06-20
JNPR,JNPR.W^E14,2013-06-28,ESG-EGARCH(E),0.3956824950344041,6.212882415740128,E,2013-06-20
JNPR,JNPR.W^E14,2013-06-28,ESG-EGARCH(G),0.3977093709837614,6.276696181281713,G,2013-06-20
JNPR,JNPR.W^E14,2013-06-28,ESG-EGARCH(S),0.3976260794684879,6.274067423550804,S,2013-06-20
JNPR,JNPR.W^E14,2013-06-28,ESG-GARCH,0.4075893779430684,6.592424643334028,all,2013-06-20
JNPR,JNPR.W^E14,2013-06-28,ESG-GARCH(E),0.4091423713284829,6.642757143503741,E,2013-06-20
JNPR,JNPR.W^E14,2013-06-28,ESG-GARCH(G),0.4113775285205369,6.715534562367663,G,2013-06-20
JNPR,JNPR.W^E14,2013-06-28,ESG-GARCH(S),0.4112403753592694,6.711057393874316,S,2013-06-20
JNPR,JNPR.W^E14,2013-06-28,ESG-GJR-GARCH,0.3746425133276823,5.56972272986042,all,2013-06-20
JNPR,JNPR.W^E14,2013-06-28,ESG-GJR-GARCH(E),0.3764915649700331,5.624837241808916,E,2013-06-20
JNPR,JNPR.W^E14,2013-06-28,ESG-GJR-GARCH(G),0.3792161829955786,5.70654418435461,G,2013-06-20
JNPR,JNPR.W^E14,2013-06-28,ESG-GJR-GARCH(S),0.3786093128275213,5.688294117449521,S,2013-06-20
JNPR,JNPR.W^E14,2013-06-28,GARCH,0.3920225324877387,6.098478808654768,,2013-06-20
JNPR,JNPR.W^E14,2013-06-28,GJR-GARCH,0.3570265360347972,5.058251882262157,,2013-06-20
JNPR,JNPR.W^E14,2013-07-01,EGARCH,0.3713142563615396,5.471201467354092,,2013-06-20
JNPR,JNPR.W^E14,2013-07-01,ESG-EGARCH,0.3936086918989878,6.147928664223504,all,2013-06-20
JNPR,JNPR.W^E14,2013-07-01,ESG-EGARCH(E),0.3956824950344041,6.212882415740128,E,2013-06-20
JNPR,JNPR.W^E14,2013-07-01,ESG-EGARCH(G),0.3977093709837614,6.276696181281713,G,2013-06-20
JNPR,JNPR.W^E14,2013-07-01,ESG-EGARCH(S),0.3976260794684879,6.274067423550804,S,2013-06-20
JNPR,JNPR.W^E14,2013-07-01,ESG-GARCH,0.4075893779430684,6.592424643334028,all,2013-06-20
JNPR,JNPR.W^E14,2013-07-01,ESG-GARCH(E),0.4091423713284829,6.642757143503741,E,2013-06-20
JNPR,JNPR.W^E14,2013-07-01,ESG-GARCH(G),0.4113775285205369,6.715534562367663,G,2013-06-20
JNPR,JNPR.W^E14,2013-07-01,ESG-GARCH(S),0.4112403753592694,6.711057393874316,S,2013-06-20
JNPR,JNPR.W^E14,2013-07-01,ESG-GJR-GARCH,0.3746425133276823,5.56972272986042,all,2013-06-20
JNPR,JNPR.W^E14,2013-07-01,ESG-GJR-GARCH(E),0.3764915649700331,5.624837241808916,E,2013-06-20
JNPR,JNPR.W^E14,2013-07-01,ESG-GJR-GARCH(G),0.3792161829955786,5.70654418435461,G,2013-06-20
JNPR,JNPR.W^E14,2013-07-01,ESG-GJR-GARCH(S),0.3786093128275213,5.688294117449521,S,2013-06-20
JNPR,JNPR.W^E14,2013-07-01,GARCH,0.3920225324877387,6.098478808654768,,2013-06-20
JNPR,JNPR.W^E14,2013-07-01,GJR-GARCH,0.3570265360347972,5.058251882262157,,2013-06-20
JNPR,JNPR.W^E14,2013-07-02,EGARCH,0.3713142563615396,5.471201467354092,,2013-06-20
JNPR,JNPR.W^E14,2013-07-02,ESG-EGARCH,0.3936086918989878,6.147928664223504,all,2013-06-20
JNPR,JNPR.W^E14,2013-07-02,ESG-EGARCH(E),0.3956824950344041,6.212882415740128,E,2013-06-20
JNPR,JNPR.W^E14,2013-07-02,ESG-EGARCH(G),0.3977093709837614,6.276696181281713,G,2013-06-20
JNPR,JNPR.W^E14,2013-07-02,ESG-EGARCH(S),0.3976260794684879,6.274067423550804,S,2013-06-20
JNPR,JNPR.W^E14,2013-07-02,ESG-GARCH,0.4075893779430684,6.592424643334028,all,2013-06-20
JNPR,JNPR.W^E14,2013-07-02,ESG-GARCH(E),0.4091423713284829,6.642757143503741,E,2013-06-20
JNPR,JNPR.W^E14,2013-07-02,ESG-GARCH(G),0.4113775285205369,6.715534562367663,G,2013-06-20
JNPR,JNPR.W^E14,2013-07-02,ESG-GARCH(S),0.4112403753592694,6.711057393874316,S,2013-06-20
JNPR,JNPR.W^E14,2013-07-02,ESG-GJR-GARCH,0.3746425133276823,5.56972272986042,all,2013-06-20
JNPR,JNPR.W^E14,2013-07-02,ESG-GJR-GARCH(E),0.3764915649700331,5.624837241808916,E,2013-06-20
JNPR,JNPR.W^E14,2013-07-02,ESG-GJR-GARCH(G),0.3792161829955786,5.70654418435461,G,2013-06-20
JNPR,JNPR.W^E14,2013-07-02,ESG-GJR-GARCH(S),0.3786093128275213,5.688294117449521,S,2013-06-20
JNPR,JNPR.W^E14,2013-07-02,GARCH,0.3920225324877387,6.098478808654768,,2013-06-20
JNPR,JNPR.W^E14,2013-07-02,GJR-GARCH,0.3570265360347972,5.058251882262157,,2013-06-20
JNPR,JNPR.W^E14,2013-07-03,EGARCH,0.3713142563615396,5.471201467354092,,2013-06-20
JNPR,JNPR.W^E14,2013-07-03,ESG-EGARCH,0.3936086918989878,6.147928664223504,all,2013-06-20
JNPR,JNPR.W^E14,2013-07-03,ESG-EGARCH(E),0.3956824950344041,6.212882415740128,E,2013-06-20
JNPR,JNPR.W^E14,2013-07-03,ESG-EGARCH(G),0.3977093709837614,6.276696181281713,G,2013-06-20
JNPR,JNPR.W^E14,2013-07-03,ESG-EGARCH(S),0.3976260794684879,6.274067423550804,S,2013-06-20
JNPR,JNPR.W^E14,2013-07-03,ESG-GARCH,0.4075893779430684,6.592424643334028,all,2013-06-20
JNPR,JNPR.W^E14,2013-07-03,ESG-GARCH(E),0.4091423713284829,6.642757143503741,E,2013-06-20
JNPR,JNPR.W^E14,2013-07-03,ESG-GARCH(G),0.4113775285205369,6.715534562367663,G,2013-06-20
JNPR,JNPR.W^E14,2013-07-03,ESG-GARCH(S),0.4112403753592694,6.711057393874316,S,2013-06-20
JNPR,JNPR.W^E14,2013-07-03,ESG-GJR-GARCH,0.3746425133276823,5.56972272986042,all,2013-06-20
JNPR,JNPR.W^E14,2013-07-03,ESG-GJR-GARCH(E),0.3764915649700331,5.624837241808916,E,2013-06-20
JNPR,JNPR.W^E14,2013-07-03,ESG-GJR-GARCH(G),0.3792161829955786,5.70654418435461,G,2013-06-20
JNPR,JNPR.W^E14,2013-07-03,ESG-GJR-GARCH(S),0.3786093128275213,5.688294117449521,S,2013-06-20
JNPR,JNPR.W^E14,2013-07-03,GARCH,0.3920225324877387,6.098478808654768,,2013-06-20
JNPR,JNPR.W^E14,2013-07-03,GJR-GARCH,0.3570265360347972,5.058251882262157,,2013-06-20
JNPR,JNPR.W^E14,2013-07-05,EGARCH,0.3713142563615396,5.471201467354092,,2013-06-20
JNPR,JNPR.W^E14,2013-07-05,ESG-EGARCH,0.3936086918989878,6.147928664223504,all,2013-06-20
JNPR,JNPR.W^E14,2013-07-05,ESG-EGARCH(E),0.3956824950344041,6.212882415740128,E,2013-06-20
JNPR,JNPR.W^E14,2013-07-05,ESG-EGARCH(G),0.3977093709837614,6.276696181281713,G,2013-06-20
JNPR,JNPR.W^E14,2013-07-05,ESG-EGARCH(S),0.3976260794684879,6.274067423550804,S,2013-06-20
JNPR,JNPR.W^E14,2013-07-05,ESG-GARCH,0.4075893779430684,6.592424643334028,all,2013-06-20
JNPR,JNPR.W^E14,2013-07-05,ESG-GARCH(E),0.4091423713284829,6.642757143503741,E,2013-06-20
JNPR,JNPR.W^E14,2013-07-05,ESG-GARCH(G),0.4113775285205369,6.715534562367663,G,2013-06-20
JNPR,JNPR.W^E14,2013-07-05,ESG-GARCH(S),0.4112403753592694,6.711057393874316,S,2013-06-20
JNPR,JNPR.W^E14,2013-07-05,ESG-GJR-GARCH,0.3746425133276823,5.56972272986042,all,2013-06-20
JNPR,JNPR.W^E14,2013-07-05,ESG-GJR-GARCH(E),0.3764915649700331,5.624837241808916,E,2013-06-20
JNPR,JNPR.W^E14,2013-07-05,ESG-GJR-GARCH(G),0.3792161829955786,5.70654418435461,G,2013-06-20
JNPR,JNPR.W^E14,2013-07-05,ESG-GJR-GARCH(S),0.3786093128275213,5.688294117449521,S,2013-06-20
JNPR,JNPR.W^E14,2013-07-05,GARCH,0.3920225324877387,6.098478808654768,,2013-06-20
JNPR,JNPR.W^E14,2013-07-05,GJR-GARCH,0.3570265360347972,5.058251882262157,,2013-06-20
JNPR,JNPR.W^E14,2013-07-08,EGARCH,0.3713142563615396,5.471201467354092,,2013-06-20
JNPR,JNPR.W^E14,2013-07-08,ESG-EGARCH,0.3936086918989878,6.147928664223504,all,2013-06-20
JNPR,JNPR.W^E14,2013-07-08,ESG-EGARCH(E),0.3956824950344041,6.212882415740128,E,2013-06-20
JNPR,JNPR.W^E14,2013-07-08,ESG-EGARCH(G),0.3977093709837614,6.276696181281713,G,2013-06-20
JNPR,JNPR.W^E14,2013-07-08,ESG-EGARCH(S),0.3976260794684879,6.274067423550804,S,2013-06-20
JNPR,JNPR.W^E14,2013-07-08,ESG-GARCH,0.4075893779430684,6.592424643334028,all,2013-06-20
JNPR,JNPR.W^E14,2013-07-08,ESG-GARCH(E),0.4091423713284829,6.642757143503741,E,2013-06-20
JNPR,JNPR.W^E14,2013-07-08,ESG-GARCH(G),0.4113775285205369,6.715534562367663,G,2013-06-20
JNPR,JNPR.W^E14,2013-07-08,ESG-GARCH(S),0.4112403753592694,6.711057393874316,S,2013-06-20
JNPR,JNPR.W^E14,2013-07-08,ESG-GJR-GARCH,0.3746425133276823,5.56972272986042,all,2013-06-20
JNPR,JNPR.W^E14,2013-07-08,ESG-GJR-GARCH(E),0.3764915649700331,5.624837241808916,E,2013-06-20
JNPR,JNPR.W^E14,2013-07-08,ESG-GJR-GARCH(G),0.3792161829955786,5.70654418435461,G,2013-06-20
JNPR,JNPR.W^E14,2013-07-08,ESG-GJR-GARCH(S),0.3786093128275213,5.688294117449521,S,2013-06-20
JNPR,JNPR.W^E14,2013-07-08,GARCH,0.3920225324877387,6.098478808654768,,2013-06-20
JNPR,JNPR.W^E14,2013-07-08,GJR-GARCH,0.3570265360347972,5.058251882262157,,2013-06-20
JNPR,JNPR.W^E14,2013-07-09,EGARCH,0.3713142563615396,5.471201467354092,,2013-06-20
JNPR,JNPR.W^E14,2013-07-09,ESG-EGARCH,0.3936086918989878,6.147928664223504,all,2013-06-20
JNPR,JNPR.W^E14,2013-07-09,ESG-EGARCH(E),0.3956824950344041,6.212882415740128,E,2013-06-20
JNPR,JNPR.W^E14,2013-07-09,ESG-EGARCH(G),0.3977093709837614,6.276696181281713,G,2013-06-20
JNPR,JNPR.W^E14,2013-07-09,ESG-EGARCH(S),0.3976260794684879,6.274067423550804,S,2013-06-20
JNPR,JNPR.W^E14,2013-07-09,ESG-GARCH,0.4075893779430684,6.592424643334028,all,2013-06-20
JNPR,JNPR.W^E14,2013-07-09,ESG-GARCH(E),0.4091423713284829,6.642757143503741,E,2013-06-20
JNPR,JNPR.W^E14,2013-07-09,ESG-GARCH(G),0.4113775285205369,6.715534562367663,G,2013-06-20
JNPR,JNPR.W^E14,2013-07-09,ESG-GARCH(S),0.4112403753592694,6.711057393874316,S,2013-06-20
JNPR,JNPR.W^E14,2013-07-09,ESG-GJR-GARCH,0.3746425133276823,5.56972272986042,all,2013-06-20
JNPR,JNPR.W^E14,2013-07-09,ESG-GJR-GARCH(E),0.3764915649700331,5.624837241808916,E,2013-06-20
JNPR,JNPR.W^E14,2013-07-09,ESG-GJR-GARCH(G),0.3792161829955786,5.70654418435461,G,2013-06-20
JNPR,JNPR.W^E14,2013-07-09,ESG-GJR-GARCH(S),0.3786093128275213,5.688294117449521,S,2013-06-20
JNPR,JNPR.W^E14,2013-07-09,GARCH,0.3920225324877387,6.098478808654768,,2013-06-20
JNPR,JNPR.W^E14,2013-07-09,GJR-GARCH,0.3570265360347972,5.058251882262157,,2013-06-20
JNPR,JNPR.W^E14,2013-07-10,EGARCH,0.3713142563615396,5.471201467354092,,2013-06-20
JNPR,JNPR.W^E14,2013-07-10,ESG-EGARCH,0.3936086918989878,6.147928664223504,all,2013-06-20
JNPR,JNPR.W^E14,2013-07-10,ESG-EGARCH(E),0.3956824950344041,6.212882415740128,E,2013-06-20
JNPR,JNPR.W^E14,2013-07-10,ESG-EGARCH(G),0.3977093709837614,6.276696181281713,G,2013-06-20
JNPR,JNPR.W^E14,2013-07-10,ESG-EGARCH(S),0.3976260794684879,6.274067423550804,S,2013-06-20
JNPR,JNPR.W^E14,2013-07-10,ESG-GARCH,0.4075893779430684,6.592424643334028,all,2013-06-20
JNPR,JNPR.W^E14,2013-07-10,ESG-GARCH(E),0.4091423713284829,6.642757143503741,E,2013-06-20
JNPR,JNPR.W^E14,2013-07-10,ESG-GARCH(G),0.4113775285205369,6.715534562367663,G,2013-06-20
JNPR,JNPR.W^E14,2013-07-10,ESG-GARCH(S),0.4112403753592694,6.711057393874316,S,2013-06-20
JNPR,JNPR.W^E14,2013-07-10,ESG-GJR-GARCH,0.3746425133276823,5.56972272986042,all,2013-06-20
JNPR,JNPR.W^E14,2013-07-10,ESG-GJR-GARCH(E),0.3764915649700331,5.624837241808916,E,2013-06-20
JNPR,JNPR.W^E14,2013-07-10,ESG-GJR-GARCH(G),0.3792161829955786,5.70654418435461,G,2013-06-20
JNPR,JNPR.W^E14,2013-07-10,ESG-GJR-GARCH(S),0.3786093128275213,5.688294117449521,S,2013-06-20
JNPR,JNPR.W^E14,2013-07-10,GARCH,0.3920225324877387,6.098478808654768,,2013-06-20
JNPR,JNPR.W^E14,2013-07-10,GJR-GARCH,0.3570265360347972,5.058251882262157,,2013-06-20
JNPR,JNPR.W^E14,2013-07-11,EGARCH,0.3713142563615396,5.471201467354092,,2013-06-20
JNPR,JNPR.W^E14,2013-07-11,ESG-EGARCH,0.3936086918989878,6.147928664223504,all,2013-06-20
JNPR,JNPR.W^E14,2013-07-11,ESG-EGARCH(E),0.3956824950344041,6.212882415740128,E,2013-06-20
JNPR,JNPR.W^E14,2013-07-11,ESG-EGARCH(G),0.3977093709837614,6.276696181281713,G,2013-06-20
JNPR,JNPR.W^E14,2013-07-11,ESG-EGARCH(S),0.3976260794684879,6.274067423550804,S,2013-06-20
JNPR,JNPR.W^E14,2013-07-11,ESG-GARCH,0.4075893779430684,6.592424643334028,all,2013-06-20
JNPR,JNPR.W^E14,2013-07-11,ESG-GARCH(E),0.4091423713284829,6.642757143503741,E,2013-06-20
JNPR,JNPR.W^E14,2013-07-11,ESG-GARCH(G),0.4113775285205369,6.715534562367663,G,2013-06-20
JNPR,JNPR.W^E14,2013-07-11,ESG-GARCH(S),0.4112403753592694,6.711057393874316,S,2013-06-20
JNPR,JNPR.W^E14,2013-07-11,ESG-GJR-GARCH,0.3746425133276823,5.56972272986042,all,2013-06-20
JNPR,JNPR.W^E14,2013-07-11,ESG-GJR-GARCH(E),0.3764915649700331,5.624837241808916,E,2013-06-20
JNPR,JNPR.W^E14,2013-07-11,ESG-GJR-GARCH(G),0.3792161829955786,5.70654418435461,G,2013-06-20
JNPR,JNPR.W^E14,2013-07-11,ESG-GJR-GARCH(S),0.3786093128275213,5.688294117449521,S,2013-06-20
JNPR,JNPR.W^E14,2013-07-11,GARCH,0.3920225324877387,6.098478808654768,,2013-06-20
JNPR,JNPR.W^E14,2013-07-11,GJR-GARCH,0.3570265360347972,5.058251882262157,,2013-06-20
JNPR,JNPR.W^E14,2013-07-12,EGARCH,0.3713142563615396,5.471201467354092,,2013-06-20
JNPR,JNPR.W^E14,2013-07-12,ESG-EGARCH,0.3936086918989878,6.147928664223504,all,2013-06-20
JNPR,JNPR.W^E14,2013-07-12,ESG-EGARCH(E),0.3956824950344041,6.212882415740128,E,2013-06-20
JNPR,JNPR.W^E14,2013-07-12,ESG-EGARCH(G),0.3977093709837614,6.276696181281713,G,2013-06-20
JNPR,JNPR.W^E14,2013-07-12,ESG-EGARCH(S),0.3976260794684879,6.274067423550804,S,2013-06-20
JNPR,JNPR.W^E14,2013-07-12,ESG-GARCH,0.4075893779430684,6.592424643334028,all,2013-06-20
JNPR,JNPR.W^E14,2013-07-12,ESG-GARCH(E),0.4091423713284829,6.642757143503741,E,2013-06-20
JNPR,JNPR.W^E14,2013-07-12,ESG-GARCH(G),0.4113775285205369,6.715534562367663,G,2013-06-20
JNPR,JNPR.W^E14,2013-07-12,ESG-GARCH(S),0.4112403753592694,6.711057393874316,S,2013-06-20
JNPR,JNPR.W^E14,2013-07-12,ESG-GJR-GARCH,0.3746425133276823,5.56972272986042,all,2013-06-20
JNPR,JNPR.W^E14,2013-07-12,ESG-GJR-GARCH(E),0.3764915649700331,5.624837241808916,E,2013-06-20
JNPR,JNPR.W^E14,2013-07-12,ESG-GJR-GARCH(G),0.3792161829955786,5.70654418435461,G,2013-06-20
JNPR,JNPR.W^E14,2013-07-12,ESG-GJR-GARCH(S),0.3786093128275213,5.688294117449521,S,2013-06-20
JNPR,JNPR.W^E14,2013-07-12,GARCH,0.3920225324877387,6.098478808654768,,2013-06-20
JNPR,JNPR.W^E14,2013-07-12,GJR-GARCH,0.3570265360347972,5.058251882262157,,2013-06-20
JNPR,JNPR.W^E14,2013-07-15,EGARCH,0.3713142563615396,5.471201467354092,,2013-06-20
JNPR,JNPR.W^E14,2013-07-15,ESG-EGARCH,0.3936086918989878,6.147928664223504,all,2013-06-20
JNPR,JNPR.W^E14,2013-07-15,ESG-EGARCH(E),0.3956824950344041,6.212882415740128,E,2013-06-20
JNPR,JNPR.W^E14,2013-07-15,ESG-EGARCH(G),0.3977093709837614,6.276696181281713,G,2013-06-20
JNPR,JNPR.W^E14,2013-07-15,ESG-EGARCH(S),0.3976260794684879,6.274067423550804,S,2013-06-20
JNPR,JNPR.W^E14,2013-07-15,ESG-GARCH,0.4075893779430684,6.592424643334028,all,2013-06-20
JNPR,JNPR.W^E14,2013-07-15,ESG-GARCH(E),0.4091423713284829,6.642757143503741,E,2013-06-20
JNPR,JNPR.W^E14,2013-07-15,ESG-GARCH(G),0.4113775285205369,6.715534562367663,G,2013-06-20
JNPR,JNPR.W^E14,2013-07-15,ESG-GARCH(S),0.4112403753592694,6.711057393874316,S,2013-06-20
JNPR,JNPR.W^E14,2013-07-15,ESG-GJR-GARCH,0.3746425133276823,5.56972272986042,all,2013-06-20
JNPR,JNPR.W^E14,2013-07-15,ESG-GJR-GARCH(E),0.3764915649700331,5.624837241808916,E,2013-06-20
JNPR,JNPR.W^E14,2013-07-15,ESG-GJR-GARCH(G),0.3792161829955786,5.70654418435461,G,2013-06-20
JNPR,JNPR.W^E14,2013-07-15,ESG-GJR-GARCH(S),0.3786093128275213,5.688294117449521,S,2013-06-20
JNPR,JNPR.W^E14,2013-07-15,GARCH,0.3920225324877387,6.098478808654768,,2013-06-20
JNPR,JNPR.W^E14,2013-07-15,GJR-GARCH,0.3570265360347972,5.058251882262157,,2013-06-20
JNPR,JNPR.W^E14,2013-07-16,EGARCH,0.3713142563615396,5.471201467354092,,2013-06-20
JNPR,JNPR.W^E14,2013-07-16,ESG-EGARCH,0.3936086918989878,6.147928664223504,all,2013-06-20
JNPR,JNPR.W^E14,2013-07-16,ESG-EGARCH(E),0.3956824950344041,6.212882415740128,E,2013-06-20
JNPR,JNPR.W^E14,2013-07-16,ESG-EGARCH(G),0.3977093709837614,6.276696181281713,G,2013-06-20
JNPR,JNPR.W^E14,2013-07-16,ESG-EGARCH(S),0.3976260794684879,6.274067423550804,S,2013-06-20
JNPR,JNPR.W^E14,2013-07-16,ESG-GARCH,0.4075893779430684,6.592424643334028,all,2013-06-20
JNPR,JNPR.W^E14,2013-07-16,ESG-GARCH(E),0.4091423713284829,6.642757143503741,E,2013-06-20
JNPR,JNPR.W^E14,2013-07-16,ESG-GARCH(G),0.4113775285205369,6.715534562367663,G,2013-06-20
JNPR,JNPR.W^E14,2013-07-16,ESG-GARCH(S),0.4112403753592694,6.711057393874316,S,2013-06-20
JNPR,JNPR.W^E14,2013-07-16,ESG-GJR-GARCH,0.3746425133276823,5.56972272986042,all,2013-06-20
JNPR,JNPR.W^E14,2013-07-16,ESG-GJR-GARCH(E),0.3764915649700331,5.624837241808916,E,2013-06-20
JNPR,JNPR.W^E14,2013-07-16,ESG-GJR-GARCH(G),0.3792161829955786,5.70654418435461,G,2013-06-20
JNPR,JNPR.W^E14,2013-07-16,ESG-GJR-GARCH(S),0.3786093128275213,5.688294117449521,S,2013-06-20
JNPR,JNPR.W^E14,2013-07-16,GARCH,0.3920225324877387,6.098478808654768,,2013-06-20
JNPR,JNPR.W^E14,2013-07-16,GJR-GARCH,0.3570265360347972,5.058251882262157,,2013-06-20
JNPR,JNPR.W^E14,2013-07-17,EGARCH,0.3713142563615396,5.471201467354092,,2013-06-20
JNPR,JNPR.W^E14,2013-07-17,ESG-EGARCH,0.3936086918989878,6.147928664223504,all,2013-06-20
JNPR,JNPR.W^E14,2013-07-17,ESG-EGARCH(E),0.3956824950344041,6.212882415740128,E,2013-06-20
JNPR,JNPR.W^E14,2013-07-17,ESG-EGARCH(G),0.3977093709837614,6.276696181281713,G,2013-06-20
JNPR,JNPR.W^E14,2013-07-17,ESG-EGARCH(S),0.3976260794684879,6.274067423550804,S,2013-06-20
JNPR,JNPR.W^E14,2013-07-17,ESG-GARCH,0.4075893779430684,6.592424643334028,all,2013-06-20
JNPR,JNPR.W^E14,2013-07-17,ESG-GARCH(E),0.4091423713284829,6.642757143503741,E,2013-06-20
JNPR,JNPR.W^E14,2013-07-17,ESG-GARCH(G),0.4113775285205369,6.715534562367663,G,2013-06-20
JNPR,JNPR.W^E14,2013-07-17,ESG-GARCH(S),0.4112403753592694,6.711057393874316,S,2013-06-20
JNPR,JNPR.W^E14,2013-07-17,ESG-GJR-GARCH,0.3746425133276823,5.56972272986042,all,2013-06-20
JNPR,JNPR.W^E14,2013-07-17,ESG-GJR-GARCH(E),0.3764915649700331,5.624837241808916,E,2013-06-20
JNPR,JNPR.W^E14,2013-07-17,ESG-GJR-GARCH(G),0.3792161829955786,5.70654418435461,G,2013-06-20
JNPR,JNPR.W^E14,2013-07-17,ESG-GJR-GARCH(S),0.3786093128275213,5.688294117449521,S,2013-06-20
JNPR,JNPR.W^E14,2013-07-17,GARCH,0.3920225324877387,6.098478808654768,,2013-06-20
JNPR,JNPR.W^E14,2013-07-17,GJR-GARCH,0.3570265360347972,5.058251882262157,,2013-06-20
JNPR,JNPR.W^E14,2013-07-18,EGARCH,0.3713142563615396,5.471201467354092,,2013-06-20
JNPR,JNPR.W^E14,2013-07-18,ESG-EGARCH,0.3936086918989878,6.147928664223504,all,2013-06-20
JNPR,JNPR.W^E14,2013-07-18,ESG-EGARCH(E),0.3956824950344041,6.212882415740128,E,2013-06-20
JNPR,JNPR.W^E14,2013-07-18,ESG-EGARCH(G),0.3977093709837614,6.276696181281713,G,2013-06-20
JNPR,JNPR.W^E14,2013-07-18,ESG-EGARCH(S),0.3976260794684879,6.274067423550804,S,2013-06-20
JNPR,JNPR.W^E14,2013-07-18,ESG-GARCH,0.4075893779430684,6.592424643334028,all,2013-06-20
JNPR,JNPR.W^E14,2013-07-18,ESG-GARCH(E),0.4091423713284829,6.642757143503741,E,2013-06-20
JNPR,JNPR.W^E14,2013-07-18,ESG-GARCH(G),0.4113775285205369,6.715534562367663,G,2013-06-20
JNPR,JNPR.W^E14,2013-07-18,ESG-GARCH(S),0.4112403753592694,6.711057393874316,S,2013-06-20
JNPR,JNPR.W^E14,2013-07-18,ESG-GJR-GARCH,0.3746425133276823,5.56972272986042,all,2013-06-20
JNPR,JNPR.W^E14,2013-07-18,ESG-GJR-GARCH(E),0.3764915649700331,5.624837241808916,E,2013-06-20
JNPR,JNPR.W^E14,2013-07-18,ESG-GJR-GARCH(G),0.3792161829955786,5.70654418435461,G,2013-06-20
JNPR,JNPR.W^E14,2013-07-18,ESG-GJR-GARCH(S),0.3786093128275213,5.688294117449521,S,2013-06-20
JNPR,JNPR.W^E14,2013-07-18,GARCH,0.3920225324877387,6.098478808654768,,2013-06-20
JNPR,JNPR.W^E14,2013-07-18,GJR-GARCH,0.3570265360347972,5.058251882262157,,2013-06-20
JNPR,JNPR.W^E14,2013-07-19,EGARCH,0.3713142563615396,5.471201467354092,,2013-06-20
JNPR,JNPR.W^E14,2013-07-19,ESG-EGARCH,0.3936086918989878,6.147928664223504,all,2013-06-20
JNPR,JNPR.W^E14,2013-07-19,ESG-EGARCH(E),0.3956824950344041,6.212882415740128,E,2013-06-20
JNPR,JNPR.W^E14,2013-07-19,ESG-EGARCH(G),0.3977093709837614,6.276696181281713,G,2013-06-20
JNPR,JNPR.W^E14,2013-07-19,ESG-EGARCH(S),0.3976260794684879,6.274067423550804,S,2013-06-20
JNPR,JNPR.W^E14,2013-07-19,ESG-GARCH,0.4075893779430684,6.592424643334028,all,2013-06-20
JNPR,JNPR.W^E14,2013-07-19,ESG-GARCH(E),0.4091423713284829,6.642757143503741,E,2013-06-20
JNPR,JNPR.W^E14,2013-07-19,ESG-GARCH(G),0.4113775285205369,6.715534562367663,G,2013-06-20
JNPR,JNPR.W^E14,2013-07-19,ESG-GARCH(S),0.4112403753592694,6.711057393874316,S,2013-06-20
JNPR,JNPR.W^E14,2013-07-19,ESG-GJR-GARCH,0.3746425133276823,5.56972272986042,all,2013-06-20
JNPR,JNPR.W^E14,2013-07-19,ESG-GJR-GARCH(E),0.3764915649700331,5.624837241808916,E,2013-06-20
JNPR,JNPR.W^E14,2013-07-19,ESG-GJR-GARCH(G),0.3792161829955786,5.70654418435461,G,2013-06-20
JNPR,JNPR.W^E14,2013-07-19,ESG-GJR-GARCH(S),0.3786093128275213,5.688294117449521,S,2013-06-20
JNPR,JNPR.W^E14,2013-07-19,GARCH,0.3920225324877387,6.098478808654768,,2013-06-20
JNPR,JNPR.W^E14,2013-07-19,GJR-GARCH,0.3570265360347972,5.058251882262157,,2013-06-20
JNPR,JNPR.W^E14,2013-07-22,EGARCH,0.3713142563615396,5.471201467354092,,2013-06-20
JNPR,JNPR.W^E14,2013-07-22,ESG-EGARCH,0.3936086918989878,6.147928664223504,all,2013-06-20
JNPR,JNPR.W^E14,2013-07-22,ESG-EGARCH(E),0.3956824950344041,6.212882415740128,E,2013-06-20
JNPR,JNPR.W^E14,2013-07-22,ESG-EGARCH(G),0.3977093709837614,6.276696181281713,G,2013-06-20
JNPR,JNPR.W^E14,2013-07-22,ESG-EGARCH(S),0.3976260794684879,6.274067423550804,S,2013-06-20
JNPR,JNPR.W^E14,2013-07-22,ESG-GARCH,0.4075893779430684,6.592424643334028,all,2013-06-20
JNPR,JNPR.W^E14,2013-07-22,ESG-GARCH(E),0.4091423713284829,6.642757143503741,E,2013-06-20
JNPR,JNPR.W^E14,2013-07-22,ESG-GARCH(G),0.4113775285205369,6.715534562367663,G,2013-06-20
JNPR,JNPR.W^E14,2013-07-22,ESG-GARCH(S),0.4112403753592694,6.711057393874316,S,2013-06-20
JNPR,JNPR.W^E14,2013-07-22,ESG-GJR-GARCH,0.3746425133276823,5.56972272986042,all,2013-06-20
JNPR,JNPR.W^E14,2013-07-22,ESG-GJR-GARCH(E),0.3764915649700331,5.624837241808916,E,2013-06-20
JNPR,JNPR.W^E14,2013-07-22,ESG-GJR-GARCH(G),0.3792161829955786,5.70654418435461,G,2013-06-20
JNPR,JNPR.W^E14,2013-07-22,ESG-GJR-GARCH(S),0.3786093128275213,5.688294117449521,S,2013-06-20
JNPR,JNPR.W^E14,2013-07-22,GARCH,0.3920225324877387,6.098478808654768,,2013-06-20
JNPR,JNPR.W^E14,2013-07-22,GJR-GARCH,0.3570265360347972,5.058251882262157,,2013-06-20
JNPR,JNPR.W^E14,2013-07-23,EGARCH,0.3104846152075694,3.8254244555790655,,2013-07-23
JNPR,JNPR.W^E14,2013-07-23,ESG-EGARCH,0.308882089065105,3.786037497826328,all,2013-07-23
JNPR,JNPR.W^E14,2013-07-23,ESG-EGARCH(E),0.3102407458507862,3.819417475636989,E,2013-07-23
JNPR,JNPR.W^E14,2013-07-23,ESG-EGARCH(G),0.3114114284243847,3.848296736242685,G,2013-07-23
JNPR,JNPR.W^E14,2013-07-23,ESG-EGARCH(S),0.3106051917793467,3.828396236519235,S,2013-07-23
JNPR,JNPR.W^E14,2013-07-23,ESG-GARCH,0.330434948590903,4.332827589296536,all,2013-07-23
JNPR,JNPR.W^E14,2013-07-23,ESG-GARCH(E),0.3312987804132546,4.355511186639282,E,2013-07-23
JNPR,JNPR.W^E14,2013-07-23,ESG-GARCH(G),0.3333491948717189,4.409590703239016,G,2013-07-23
JNPR,JNPR.W^E14,2013-07-23,ESG-GARCH(S),0.3323521419052179,4.383251834483575,S,2013-07-23
JNPR,JNPR.W^E14,2013-07-23,ESG-GJR-GARCH,0.3268124641404694,4.238348679268476,all,2013-07-23
JNPR,JNPR.W^E14,2013-07-23,ESG-GJR-GARCH(E),0.3285936301555252,4.284673562650243,E,2013-07-23
JNPR,JNPR.W^E14,2013-07-23,ESG-GJR-GARCH(G),0.3309422685075834,4.346142265275613,G,2013-07-23
JNPR,JNPR.W^E14,2013-07-23,ESG-GJR-GARCH(S),0.3299114963835616,4.319110930398444,S,2013-07-23
JNPR,JNPR.W^E14,2013-07-23,GARCH,0.3273417179590928,4.252087314143264,,2013-07-23
JNPR,JNPR.W^E14,2013-07-23,GJR-GARCH,0.3354433098321187,4.465167226632016,,2013-07-23
JNPR,JNPR.W^E14,2013-07-24,EGARCH,0.3104846152075694,3.8254244555790655,,2013-07-23
JNPR,JNPR.W^E14,2013-07-24,ESG-EGARCH,0.308882089065105,3.786037497826328,all,2013-07-23
JNPR,JNPR.W^E14,2013-07-24,ESG-EGARCH(E),0.3102407458507862,3.819417475636989,E,2013-07-23
JNPR,JNPR.W^E14,2013-07-24,ESG-EGARCH(G),0.3114114284243847,3.848296736242685,G,2013-07-23
JNPR,JNPR.W^E14,2013-07-24,ESG-EGARCH(S),0.3106051917793467,3.828396236519235,S,2013-07-23
JNPR,JNPR.W^E14,2013-07-24,ESG-GARCH,0.330434948590903,4.332827589296536,all,2013-07-23
JNPR,JNPR.W^E14,2013-07-24,ESG-GARCH(E),0.3312987804132546,4.355511186639282,E,2013-07-23
JNPR,JNPR.W^E14,2013-07-24,ESG-GARCH(G),0.3333491948717189,4.409590703239016,G,2013-07-23
JNPR,JNPR.W^E14,2013-07-24,ESG-GARCH(S),0.3323521419052179,4.383251834483575,S,2013-07-23
JNPR,JNPR.W^E14,2013-07-24,ESG-GJR-GARCH,0.3268124641404694,4.238348679268476,all,2013-07-23
JNPR,JNPR.W^E14,2013-07-24,ESG-GJR-GARCH(E),0.3285936301555252,4.284673562650243,E,2013-07-23
JNPR,JNPR.W^E14,2013-07-24,ESG-GJR-GARCH(G),0.3309422685075834,4.346142265275613,G,2013-07-23
JNPR,JNPR.W^E14,2013-07-24,ESG-GJR-GARCH(S),0.3299114963835616,4.319110930398444,S,2013-07-23
JNPR,JNPR.W^E14,2013-07-24,GARCH,0.3273417179590928,4.252087314143264,,2013-07-23
JNPR,JNPR.W^E14,2013-07-24,GJR-GARCH,0.3354433098321187,4.465167226632016,,2013-07-23
JNPR,JNPR.W^E14,2013-07-25,EGARCH,0.3104846152075694,3.8254244555790655,,2013-07-23
JNPR,JNPR.W^E14,2013-07-25,ESG-EGARCH,0.308882089065105,3.786037497826328,all,2013-07-23
JNPR,JNPR.W^E14,2013-07-25,ESG-EGARCH(E),0.3102407458507862,3.819417475636989,E,2013-07-23
JNPR,JNPR.W^E14,2013-07-25,ESG-EGARCH(G),0.3114114284243847,3.848296736242685,G,2013-07-23
JNPR,JNPR.W^E14,2013-07-25,ESG-EGARCH(S),0.3106051917793467,3.828396236519235,S,2013-07-23
JNPR,JNPR.W^E14,2013-07-25,ESG-GARCH,0.330434948590903,4.332827589296536,all,2013-07-23
JNPR,JNPR.W^E14,2013-07-25,ESG-GARCH(E),0.3312987804132546,4.355511186639282,E,2013-07-23
JNPR,JNPR.W^E14,2013-07-25,ESG-GARCH(G),0.3333491948717189,4.409590703239016,G,2013-07-23
JNPR,JNPR.W^E14,2013-07-25,ESG-GARCH(S),0.3323521419052179,4.383251834483575,S,2013-07-23
JNPR,JNPR.W^E14,2013-07-25,ESG-GJR-GARCH,0.3268124641404694,4.238348679268476,all,2013-07-23
JNPR,JNPR.W^E14,2013-07-25,ESG-GJR-GARCH(E),0.3285936301555252,4.284673562650243,E,2013-07-23
JNPR,JNPR.W^E14,2013-07-25,ESG-GJR-GARCH(G),0.3309422685075834,4.346142265275613,G,2013-07-23
JNPR,JNPR.W^E14,2013-07-25,ESG-GJR-GARCH(S),0.3299114963835616,4.319110930398444,S,2013-07-23
JNPR,JNPR.W^E14,2013-07-25,GARCH,0.3273417179590928,4.252087314143264,,2013-07-23
JNPR,JNPR.W^E14,2013-07-25,GJR-GARCH,0.3354433098321187,4.465167226632016,,2013-07-23
JNPR,JNPR.W^E14,2013-07-26,EGARCH,0.3104846152075694,3.8254244555790655,,2013-07-23
JNPR,JNPR.W^E14,2013-07-26,ESG-EGARCH,0.308882089065105,3.786037497826328,all,2013-07-23
JNPR,JNPR.W^E14,2013-07-26,ESG-EGARCH(E),0.3102407458507862,3.819417475636989,E,2013-07-23
JNPR,JNPR.W^E14,2013-07-26,ESG-EGARCH(G),0.3114114284243847,3.848296736242685,G,2013-07-23
JNPR,JNPR.W^E14,2013-07-26,ESG-EGARCH(S),0.3106051917793467,3.828396236519235,S,2013-07-23
JNPR,JNPR.W^E14,2013-07-26,ESG-GARCH,0.330434948590903,4.332827589296536,all,2013-07-23
JNPR,JNPR.W^E14,2013-07-26,ESG-GARCH(E),0.3312987804132546,4.355511186639282,E,2013-07-23
JNPR,JNPR.W^E14,2013-07-26,ESG-GARCH(G),0.3333491948717189,4.409590703239016,G,2013-07-23
JNPR,JNPR.W^E14,2013-07-26,ESG-GARCH(S),0.3323521419052179,4.383251834483575,S,2013-07-23
JNPR,JNPR.W^E14,2013-07-26,ESG-GJR-GARCH,0.3268124641404694,4.238348679268476,all,2013-07-23
JNPR,JNPR.W^E14,2013-07-26,ESG-GJR-GARCH(E),0.3285936301555252,4.284673562650243,E,2013-07-23
JNPR,JNPR.W^E14,2013-07-26,ESG-GJR-GARCH(G),0.3309422685075834,4.346142265275613,G,2013-07-23
JNPR,JNPR.W^E14,2013-07-26,ESG-GJR-GARCH(S),0.3299114963835616,4.319110930398444,S,2013-07-23
JNPR,JNPR.W^E14,2013-07-26,GARCH,0.3273417179590928,4.252087314143264,,2013-07-23
JNPR,JNPR.W^E14,2013-07-26,GJR-GARCH,0.3354433098321187,4.465167226632016,,2013-07-23
JNPR,JNPR.W^E14,2013-07-29,EGARCH,0.3104846152075694,3.8254244555790655,,2013-07-23
JNPR,JNPR.W^E14,2013-07-29,ESG-EGARCH,0.308882089065105,3.786037497826328,all,2013-07-23
JNPR,JNPR.W^E14,2013-07-29,ESG-EGARCH(E),0.3102407458507862,3.819417475636989,E,2013-07-23
JNPR,JNPR.W^E14,2013-07-29,ESG-EGARCH(G),0.3114114284243847,3.848296736242685,G,2013-07-23
JNPR,JNPR.W^E14,2013-07-29,ESG-EGARCH(S),0.3106051917793467,3.828396236519235,S,2013-07-23
JNPR,JNPR.W^E14,2013-07-29,ESG-GARCH,0.330434948590903,4.332827589296536,all,2013-07-23
JNPR,JNPR.W^E14,2013-07-29,ESG-GARCH(E),0.3312987804132546,4.355511186639282,E,2013-07-23
JNPR,JNPR.W^E14,2013-07-29,ESG-GARCH(G),0.3333491948717189,4.409590703239016,G,2013-07-23
JNPR,JNPR.W^E14,2013-07-29,ESG-GARCH(S),0.3323521419052179,4.383251834483575,S,2013-07-23
JNPR,JNPR.W^E14,2013-07-29,ESG-GJR-GARCH,0.3268124641404694,4.238348679268476,all,2013-07-23
JNPR,JNPR.W^E14,2013-07-29,ESG-GJR-GARCH(E),0.3285936301555252,4.284673562650243,E,2013-07-23
JNPR,JNPR.W^E14,2013-07-29,ESG-GJR-GARCH(G),0.3309422685075834,4.346142265275613,G,2013-07-23
JNPR,JNPR.W^E14,2013-07-29,ESG-GJR-GARCH(S),0.3299114963835616,4.319110930398444,S,2013-07-23
JNPR,JNPR.W^E14,2013-07-29,GARCH,0.3273417179590928,4.252087314143264,,2013-07-23
JNPR,JNPR.W^E14,2013-07-29,GJR-GARCH,0.3354433098321187,4.465167226632016,,2013-07-23
JNPR,JNPR.W^E14,2013-07-30,EGARCH,0.3104846152075694,3.8254244555790655,,2013-07-23
JNPR,JNPR.W^E14,2013-07-30,ESG-EGARCH,0.308882089065105,3.786037497826328,all,2013-07-23
JNPR,JNPR.W^E14,2013-07-30,ESG-EGARCH(E),0.3102407458507862,3.819417475636989,E,2013-07-23
JNPR,JNPR.W^E14,2013-07-30,ESG-EGARCH(G),0.3114114284243847,3.848296736242685,G,2013-07-23
JNPR,JNPR.W^E14,2013-07-30,ESG-EGARCH(S),0.3106051917793467,3.828396236519235,S,2013-07-23
JNPR,JNPR.W^E14,2013-07-30,ESG-GARCH,0.330434948590903,4.332827589296536,all,2013-07-23
JNPR,JNPR.W^E14,2013-07-30,ESG-GARCH(E),0.3312987804132546,4.355511186639282,E,2013-07-23
JNPR,JNPR.W^E14,2013-07-30,ESG-GARCH(G),0.3333491948717189,4.409590703239016,G,2013-07-23
JNPR,JNPR.W^E14,2013-07-30,ESG-GARCH(S),0.3323521419052179,4.383251834483575,S,2013-07-23
JNPR,JNPR.W^E14,2013-07-30,ESG-GJR-GARCH,0.3268124641404694,4.238348679268476,all,2013-07-23
JNPR,JNPR.W^E14,2013-07-30,ESG-GJR-GARCH(E),0.3285936301555252,4.284673562650243,E,2013-07-23
JNPR,JNPR.W^E14,2013-07-30,ESG-GJR-GARCH(G),0.3309422685075834,4.346142265275613,G,2013-07-23
JNPR,JNPR.W^E14,2013-07-30,ESG-GJR-GARCH(S),0.3299114963835616,4.319110930398444,S,2013-07-23
JNPR,JNPR.W^E14,2013-07-30,GARCH,0.3273417179590928,4.252087314143264,,2013-07-23
JNPR,JNPR.W^E14,2013-07-30,GJR-GARCH,0.3354433098321187,4.465167226632016,,2013-07-23
JNPR,JNPR.W^E14,2013-07-31,EGARCH,0.3104846152075694,3.8254244555790655,,2013-07-23
JNPR,JNPR.W^E14,2013-07-31,ESG-EGARCH,0.308882089065105,3.786037497826328,all,2013-07-23
JNPR,JNPR.W^E14,2013-07-31,ESG-EGARCH(E),0.3102407458507862,3.819417475636989,E,2013-07-23
JNPR,JNPR.W^E14,2013-07-31,ESG-EGARCH(G),0.3114114284243847,3.848296736242685,G,2013-07-23
JNPR,JNPR.W^E14,2013-07-31,ESG-EGARCH(S),0.3106051917793467,3.828396236519235,S,2013-07-23
JNPR,JNPR.W^E14,2013-07-31,ESG-GARCH,0.330434948590903,4.332827589296536,all,2013-07-23
JNPR,JNPR.W^E14,2013-07-31,ESG-GARCH(E),0.3312987804132546,4.355511186639282,E,2013-07-23
JNPR,JNPR.W^E14,2013-07-31,ESG-GARCH(G),0.3333491948717189,4.409590703239016,G,2013-07-23
JNPR,JNPR.W^E14,2013-07-31,ESG-GARCH(S),0.3323521419052179,4.383251834483575,S,2013-07-23
JNPR,JNPR.W^E14,2013-07-31,ESG-GJR-GARCH,0.3268124641404694,4.238348679268476,all,2013-07-23
JNPR,JNPR.W^E14,2013-07-31,ESG-GJR-GARCH(E),0.3285936301555252,4.284673562650243,E,2013-07-23
JNPR,JNPR.W^E14,2013-07-31,ESG-GJR-GARCH(G),0.3309422685075834,4.346142265275613,G,2013-07-23
JNPR,JNPR.W^E14,2013-07-31,ESG-GJR-GARCH(S),0.3299114963835616,4.319110930398444,S,2013-07-23
JNPR,JNPR.W^E14,2013-07-31,GARCH,0.3273417179590928,4.252087314143264,,2013-07-23
JNPR,JNPR.W^E14,2013-07-31,GJR-GARCH,0.3354433098321187,4.465167226632016,,2013-07-23
JNPR,JNPR.W^E14,2013-08-01,EGARCH,0.3104846152075694,3.8254244555790655,,2013-07-23
JNPR,JNPR.W^E14,2013-08-01,ESG-EGARCH,0.308882089065105,3.786037497826328,all,2013-07-23
JNPR,JNPR.W^E14,2013-08-01,ESG-EGARCH(E),0.3102407458507862,3.819417475636989,E,2013-07-23
JNPR,JNPR.W^E14,2013-08-01,ESG-EGARCH(G),0.3114114284243847,3.848296736242685,G,2013-07-23
JNPR,JNPR.W^E14,2013-08-01,ESG-EGARCH(S),0.3106051917793467,3.828396236519235,S,2013-07-23
JNPR,JNPR.W^E14,2013-08-01,ESG-GARCH,0.330434948590903,4.332827589296536,all,2013-07-23
JNPR,JNPR.W^E14,2013-08-01,ESG-GARCH(E),0.3312987804132546,4.355511186639282,E,2013-07-23
JNPR,JNPR.W^E14,2013-08-01,ESG-GARCH(G),0.3333491948717189,4.409590703239016,G,2013-07-23
JNPR,JNPR.W^E14,2013-08-01,ESG-GARCH(S),0.3323521419052179,4.383251834483575,S,2013-07-23
JNPR,JNPR.W^E14,2013-08-01,ESG-GJR-GARCH,0.3268124641404694,4.238348679268476,all,2013-07-23
JNPR,JNPR.W^E14,2013-08-01,ESG-GJR-GARCH(E),0.3285936301555252,4.284673562650243,E,2013-07-23
JNPR,JNPR.W^E14,2013-08-01,ESG-GJR-GARCH(G),0.3309422685075834,4.346142265275613,G,2013-07-23
JNPR,JNPR.W^E14,2013-08-01,ESG-GJR-GARCH(S),0.3299114963835616,4.319110930398444,S,2013-07-23
JNPR,JNPR.W^E14,2013-08-01,GARCH,0.3273417179590928,4.252087314143264,,2013-07-23
JNPR,JNPR.W^E14,2013-08-01,GJR-GARCH,0.3354433098321187,4.465167226632016,,2013-07-23
JNPR,JNPR.W^E14,2013-08-02,EGARCH,0.3104846152075694,3.8254244555790655,,2013-07-23
JNPR,JNPR.W^E14,2013-08-02,ESG-EGARCH,0.308882089065105,3.786037497826328,all,2013-07-23
JNPR,JNPR.W^E14,2013-08-02,ESG-EGARCH(E),0.3102407458507862,3.819417475636989,E,2013-07-23
JNPR,JNPR.W^E14,2013-08-02,ESG-EGARCH(G),0.3114114284243847,3.848296736242685,G,2013-07-23
JNPR,JNPR.W^E14,2013-08-02,ESG-EGARCH(S),0.3106051917793467,3.828396236519235,S,2013-07-23
JNPR,JNPR.W^E14,2013-08-02,ESG-GARCH,0.330434948590903,4.332827589296536,all,2013-07-23
JNPR,JNPR.W^E14,2013-08-02,ESG-GARCH(E),0.3312987804132546,4.355511186639282,E,2013-07-23
JNPR,JNPR.W^E14,2013-08-02,ESG-GARCH(G),0.3333491948717189,4.409590703239016,G,2013-07-23
JNPR,JNPR.W^E14,2013-08-02,ESG-GARCH(S),0.3323521419052179,4.383251834483575,S,2013-07-23
JNPR,JNPR.W^E14,2013-08-02,ESG-GJR-GARCH,0.3268124641404694,4.238348679268476,all,2013-07-23
JNPR,JNPR.W^E14,2013-08-02,ESG-GJR-GARCH(E),0.3285936301555252,4.284673562650243,E,2013-07-23
JNPR,JNPR.W^E14,2013-08-02,ESG-GJR-GARCH(G),0.3309422685075834,4.346142265275613,G,2013-07-23
JNPR,JNPR.W^E14,2013-08-02,ESG-GJR-GARCH(S),0.3299114963835616,4.319110930398444,S,2013-07-23
JNPR,JNPR.W^E14,2013-08-02,GARCH,0.3273417179590928,4.252087314143264,,2013-07-23
JNPR,JNPR.W^E14,2013-08-02,GJR-GARCH,0.3354433098321187,4.465167226632016,,2013-07-23
JNPR,JNPR.W^E14,2013-08-05,EGARCH,0.3104846152075694,3.8254244555790655,,2013-07-23
JNPR,JNPR.W^E14,2013-08-05,ESG-EGARCH,0.308882089065105,3.786037497826328,all,2013-07-23
JNPR,JNPR.W^E14,2013-08-05,ESG-EGARCH(E),0.3102407458507862,3.819417475636989,E,2013-07-23
JNPR,JNPR.W^E14,2013-08-05,ESG-EGARCH(G),0.3114114284243847,3.848296736242685,G,2013-07-23
JNPR,JNPR.W^E14,2013-08-05,ESG-EGARCH(S),0.3106051917793467,3.828396236519235,S,2013-07-23
JNPR,JNPR.W^E14,2013-08-05,ESG-GARCH,0.330434948590903,4.332827589296536,all,2013-07-23
JNPR,JNPR.W^E14,2013-08-05,ESG-GARCH(E),0.3312987804132546,4.355511186639282,E,2013-07-23
JNPR,JNPR.W^E14,2013-08-05,ESG-GARCH(G),0.3333491948717189,4.409590703239016,G,2013-07-23
JNPR,JNPR.W^E14,2013-08-05,ESG-GARCH(S),0.3323521419052179,4.383251834483575,S,2013-07-23
JNPR,JNPR.W^E14,2013-08-05,ESG-GJR-GARCH,0.3268124641404694,4.238348679268476,all,2013-07-23
JNPR,JNPR.W^E14,2013-08-05,ESG-GJR-GARCH(E),0.3285936301555252,4.284673562650243,E,2013-07-23
JNPR,JNPR.W^E14,2013-08-05,ESG-GJR-GARCH(G),0.3309422685075834,4.346142265275613,G,2013-07-23
JNPR,JNPR.W^E14,2013-08-05,ESG-GJR-GARCH(S),0.3299114963835616,4.319110930398444,S,2013-07-23
JNPR,JNPR.W^E14,2013-08-05,GARCH,0.3273417179590928,4.252087314143264,,2013-07-23
JNPR,JNPR.W^E14,2013-08-05,GJR-GARCH,0.3354433098321187,4.465167226632016,,2013-07-23
JNPR,JNPR.W^E14,2013-08-06,EGARCH,0.3104846152075694,3.8254244555790655,,2013-07-23
JNPR,JNPR.W^E14,2013-08-06,ESG-EGARCH,0.308882089065105,3.786037497826328,all,2013-07-23
JNPR,JNPR.W^E14,2013-08-06,ESG-EGARCH(E),0.3102407458507862,3.819417475636989,E,2013-07-23
JNPR,JNPR.W^E14,2013-08-06,ESG-EGARCH(G),0.3114114284243847,3.848296736242685,G,2013-07-23
JNPR,JNPR.W^E14,2013-08-06,ESG-EGARCH(S),0.3106051917793467,3.828396236519235,S,2013-07-23
JNPR,JNPR.W^E14,2013-08-06,ESG-GARCH,0.330434948590903,4.332827589296536,all,2013-07-23
JNPR,JNPR.W^E14,2013-08-06,ESG-GARCH(E),0.3312987804132546,4.355511186639282,E,2013-07-23
JNPR,JNPR.W^E14,2013-08-06,ESG-GARCH(G),0.3333491948717189,4.409590703239016,G,2013-07-23
JNPR,JNPR.W^E14,2013-08-06,ESG-GARCH(S),0.3323521419052179,4.383251834483575,S,2013-07-23
JNPR,JNPR.W^E14,2013-08-06,ESG-GJR-GARCH,0.3268124641404694,4.238348679268476,all,2013-07-23
JNPR,JNPR.W^E14,2013-08-06,ESG-GJR-GARCH(E),0.3285936301555252,4.284673562650243,E,2013-07-23
JNPR,JNPR.W^E14,2013-08-06,ESG-GJR-GARCH(G),0.3309422685075834,4.346142265275613,G,2013-07-23
JNPR,JNPR.W^E14,2013-08-06,ESG-GJR-GARCH(S),0.3299114963835616,4.319110930398444,S,2013-07-23
JNPR,JNPR.W^E14,2013-08-06,GARCH,0.3273417179590928,4.252087314143264,,2013-07-23
JNPR,JNPR.W^E14,2013-08-06,GJR-GARCH,0.3354433098321187,4.465167226632016,,2013-07-23
JNPR,JNPR.W^E14,2013-08-07,EGARCH,0.3104846152075694,3.8254244555790655,,2013-07-23
JNPR,JNPR.W^E14,2013-08-07,ESG-EGARCH,0.308882089065105,3.786037497826328,all,2013-07-23
JNPR,JNPR.W^E14,2013-08-07,ESG-EGARCH(E),0.3102407458507862,3.819417475636989,E,2013-07-23
JNPR,JNPR.W^E14,2013-08-07,ESG-EGARCH(G),0.3114114284243847,3.848296736242685,G,2013-07-23
JNPR,JNPR.W^E14,2013-08-07,ESG-EGARCH(S),0.3106051917793467,3.828396236519235,S,2013-07-23
JNPR,JNPR.W^E14,2013-08-07,ESG-GARCH,0.330434948590903,4.332827589296536,all,2013-07-23
JNPR,JNPR.W^E14,2013-08-07,ESG-GARCH(E),0.3312987804132546,4.355511186639282,E,2013-07-23
JNPR,JNPR.W^E14,2013-08-07,ESG-GARCH(G),0.3333491948717189,4.409590703239016,G,2013-07-23
JNPR,JNPR.W^E14,2013-08-07,ESG-GARCH(S),0.3323521419052179,4.383251834483575,S,2013-07-23
JNPR,JNPR.W^E14,2013-08-07,ESG-GJR-GARCH,0.3268124641404694,4.238348679268476,all,2013-07-23
JNPR,JNPR.W^E14,2013-08-07,ESG-GJR-GARCH(E),0.3285936301555252,4.284673562650243,E,2013-07-23
JNPR,JNPR.W^E14,2013-08-07,ESG-GJR-GARCH(G),0.3309422685075834,4.346142265275613,G,2013-07-23
JNPR,JNPR.W^E14,2013-08-07,ESG-GJR-GARCH(S),0.3299114963835616,4.319110930398444,S,2013-07-23
JNPR,JNPR.W^E14,2013-08-07,GARCH,0.3273417179590928,4.252087314143264,,2013-07-23
JNPR,JNPR.W^E14,2013-08-07,GJR-GARCH,0.3354433098321187,4.465167226632016,,2013-07-23
JNPR,JNPR.W^E14,2013-08-08,EGARCH,0.3104846152075694,3.8254244555790655,,2013-07-23
JNPR,JNPR.W^E14,2013-08-08,ESG-EGARCH,0.308882089065105,3.786037497826328,all,2013-07-23
JNPR,JNPR.W^E14,2013-08-08,ESG-EGARCH(E),0.3102407458507862,3.819417475636989,E,2013-07-23
JNPR,JNPR.W^E14,2013-08-08,ESG-EGARCH(G),0.3114114284243847,3.848296736242685,G,2013-07-23
JNPR,JNPR.W^E14,2013-08-08,ESG-EGARCH(S),0.3106051917793467,3.828396236519235,S,2013-07-23
JNPR,JNPR.W^E14,2013-08-08,ESG-GARCH,0.330434948590903,4.332827589296536,all,2013-07-23
JNPR,JNPR.W^E14,2013-08-08,ESG-GARCH(E),0.3312987804132546,4.355511186639282,E,2013-07-23
JNPR,JNPR.W^E14,2013-08-08,ESG-GARCH(G),0.3333491948717189,4.409590703239016,G,2013-07-23
JNPR,JNPR.W^E14,2013-08-08,ESG-GARCH(S),0.3323521419052179,4.383251834483575,S,2013-07-23
JNPR,JNPR.W^E14,2013-08-08,ESG-GJR-GARCH,0.3268124641404694,4.238348679268476,all,2013-07-23
JNPR,JNPR.W^E14,2013-08-08,ESG-GJR-GARCH(E),0.3285936301555252,4.284673562650243,E,2013-07-23
JNPR,JNPR.W^E14,2013-08-08,ESG-GJR-GARCH(G),0.3309422685075834,4.346142265275613,G,2013-07-23
JNPR,JNPR.W^E14,2013-08-08,ESG-GJR-GARCH(S),0.3299114963835616,4.319110930398444,S,2013-07-23
JNPR,JNPR.W^E14,2013-08-08,GARCH,0.3273417179590928,4.252087314143264,,2013-07-23
JNPR,JNPR.W^E14,2013-08-08,GJR-GARCH,0.3354433098321187,4.465167226632016,,2013-07-23
JNPR,JNPR.W^E14,2013-08-09,EGARCH,0.3104846152075694,3.8254244555790655,,2013-07-23
JNPR,JNPR.W^E14,2013-08-09,ESG-EGARCH,0.308882089065105,3.786037497826328,all,2013-07-23
JNPR,JNPR.W^E14,2013-08-09,ESG-EGARCH(E),0.3102407458507862,3.819417475636989,E,2013-07-23
JNPR,JNPR.W^E14,2013-08-09,ESG-EGARCH(G),0.3114114284243847,3.848296736242685,G,2013-07-23
JNPR,JNPR.W^E14,2013-08-09,ESG-EGARCH(S),0.3106051917793467,3.828396236519235,S,2013-07-23
JNPR,JNPR.W^E14,2013-08-09,ESG-GARCH,0.330434948590903,4.332827589296536,all,2013-07-23
JNPR,JNPR.W^E14,2013-08-09,ESG-GARCH(E),0.3312987804132546,4.355511186639282,E,2013-07-23
JNPR,JNPR.W^E14,2013-08-09,ESG-GARCH(G),0.3333491948717189,4.409590703239016,G,2013-07-23
JNPR,JNPR.W^E14,2013-08-09,ESG-GARCH(S),0.3323521419052179,4.383251834483575,S,2013-07-23
JNPR,JNPR.W^E14,2013-08-09,ESG-GJR-GARCH,0.3268124641404694,4.238348679268476,all,2013-07-23
JNPR,JNPR.W^E14,2013-08-09,ESG-GJR-GARCH(E),0.3285936301555252,4.284673562650243,E,2013-07-23
JNPR,JNPR.W^E14,2013-08-09,ESG-GJR-GARCH(G),0.3309422685075834,4.346142265275613,G,2013-07-23
JNPR,JNPR.W^E14,2013-08-09,ESG-GJR-GARCH(S),0.3299114963835616,4.319110930398444,S,2013-07-23
JNPR,JNPR.W^E14,2013-08-09,GARCH,0.3273417179590928,4.252087314143264,,2013-07-23
JNPR,JNPR.W^E14,2013-08-09,GJR-GARCH,0.3354433098321187,4.465167226632016,,2013-07-23
JNPR,JNPR.W^E14,2013-08-12,EGARCH,0.3104846152075694,3.8254244555790655,,2013-07-23
JNPR,JNPR.W^E14,2013-08-12,ESG-EGARCH,0.308882089065105,3.786037497826328,all,2013-07-23
JNPR,JNPR.W^E14,2013-08-12,ESG-EGARCH(E),0.3102407458507862,3.819417475636989,E,2013-07-23
JNPR,JNPR.W^E14,2013-08-12,ESG-EGARCH(G),0.3114114284243847,3.848296736242685,G,2013-07-23
JNPR,JNPR.W^E14,2013-08-12,ESG-EGARCH(S),0.3106051917793467,3.828396236519235,S,2013-07-23
JNPR,JNPR.W^E14,2013-08-12,ESG-GARCH,0.330434948590903,4.332827589296536,all,2013-07-23
JNPR,JNPR.W^E14,2013-08-12,ESG-GARCH(E),0.3312987804132546,4.355511186639282,E,2013-07-23
JNPR,JNPR.W^E14,2013-08-12,ESG-GARCH(G),0.3333491948717189,4.409590703239016,G,2013-07-23
JNPR,JNPR.W^E14,2013-08-12,ESG-GARCH(S),0.3323521419052179,4.383251834483575,S,2013-07-23
JNPR,JNPR.W^E14,2013-08-12,ESG-GJR-GARCH,0.3268124641404694,4.238348679268476,all,2013-07-23
JNPR,JNPR.W^E14,2013-08-12,ESG-GJR-GARCH(E),0.3285936301555252,4.284673562650243,E,2013-07-23
JNPR,JNPR.W^E14,2013-08-12,ESG-GJR-GARCH(G),0.3309422685075834,4.346142265275613,G,2013-07-23
JNPR,JNPR.W^E14,2013-08-12,ESG-GJR-GARCH(S),0.3299114963835616,4.319110930398444,S,2013-07-23
JNPR,JNPR.W^E14,2013-08-12,GARCH,0.3273417179590928,4.252087314143264,,2013-07-23
JNPR,JNPR.W^E14,2013-08-12,GJR-GARCH,0.3354433098321187,4.465167226632016,,2013-07-23
JNPR,JNPR.W^E14,2013-08-13,EGARCH,0.3104846152075694,3.8254244555790655,,2013-07-23
JNPR,JNPR.W^E14,2013-08-13,ESG-EGARCH,0.308882089065105,3.786037497826328,all,2013-07-23
JNPR,JNPR.W^E14,2013-08-13,ESG-EGARCH(E),0.3102407458507862,3.819417475636989,E,2013-07-23
JNPR,JNPR.W^E14,2013-08-13,ESG-EGARCH(G),0.3114114284243847,3.848296736242685,G,2013-07-23
JNPR,JNPR.W^E14,2013-08-13,ESG-EGARCH(S),0.3106051917793467,3.828396236519235,S,2013-07-23
JNPR,JNPR.W^E14,2013-08-13,ESG-GARCH,0.330434948590903,4.332827589296536,all,2013-07-23
JNPR,JNPR.W^E14,2013-08-13,ESG-GARCH(E),0.3312987804132546,4.355511186639282,E,2013-07-23
JNPR,JNPR.W^E14,2013-08-13,ESG-GARCH(G),0.3333491948717189,4.409590703239016,G,2013-07-23
JNPR,JNPR.W^E14,2013-08-13,ESG-GARCH(S),0.3323521419052179,4.383251834483575,S,2013-07-23
JNPR,JNPR.W^E14,2013-08-13,ESG-GJR-GARCH,0.3268124641404694,4.238348679268476,all,2013-07-23
JNPR,JNPR.W^E14,2013-08-13,ESG-GJR-GARCH(E),0.3285936301555252,4.284673562650243,E,2013-07-23
JNPR,JNPR.W^E14,2013-08-13,ESG-GJR-GARCH(G),0.3309422685075834,4.346142265275613,G,2013-07-23
JNPR,JNPR.W^E14,2013-08-13,ESG-GJR-GARCH(S),0.3299114963835616,4.319110930398444,S,2013-07-23
JNPR,JNPR.W^E14,2013-08-13,GARCH,0.3273417179590928,4.252087314143264,,2013-07-23
JNPR,JNPR.W^E14,2013-08-13,GJR-GARCH,0.3354433098321187,4.465167226632016,,2013-07-23
JNPR,JNPR.W^E14,2013-08-14,EGARCH,0.3104846152075694,3.8254244555790655,,2013-07-23
JNPR,JNPR.W^E14,2013-08-14,ESG-EGARCH,0.308882089065105,3.786037497826328,all,2013-07-23
JNPR,JNPR.W^E14,2013-08-14,ESG-EGARCH(E),0.3102407458507862,3.819417475636989,E,2013-07-23
JNPR,JNPR.W^E14,2013-08-14,ESG-EGARCH(G),0.3114114284243847,3.848296736242685,G,2013-07-23
JNPR,JNPR.W^E14,2013-08-14,ESG-EGARCH(S),0.3106051917793467,3.828396236519235,S,2013-07-23
JNPR,JNPR.W^E14,2013-08-14,ESG-GARCH,0.330434948590903,4.332827589296536,all,2013-07-23
JNPR,JNPR.W^E14,2013-08-14,ESG-GARCH(E),0.3312987804132546,4.355511186639282,E,2013-07-23
JNPR,JNPR.W^E14,2013-08-14,ESG-GARCH(G),0.3333491948717189,4.409590703239016,G,2013-07-23
JNPR,JNPR.W^E14,2013-08-14,ESG-GARCH(S),0.3323521419052179,4.383251834483575,S,2013-07-23
JNPR,JNPR.W^E14,2013-08-14,ESG-GJR-GARCH,0.3268124641404694,4.238348679268476,all,2013-07-23
JNPR,JNPR.W^E14,2013-08-14,ESG-GJR-GARCH(E),0.3285936301555252,4.284673562650243,E,2013-07-23
JNPR,JNPR.W^E14,2013-08-14,ESG-GJR-GARCH(G),0.3309422685075834,4.346142265275613,G,2013-07-23
JNPR,JNPR.W^E14,2013-08-14,ESG-GJR-GARCH(S),0.3299114963835616,4.319110930398444,S,2013-07-23
JNPR,JNPR.W^E14,2013-08-14,GARCH,0.3273417179590928,4.252087314143264,,2013-07-23
JNPR,JNPR.W^E14,2013-08-14,GJR-GARCH,0.3354433098321187,4.465167226632016,,2013-07-23
JNPR,JNPR.W^E14,2013-08-15,EGARCH,0.3104846152075694,3.8254244555790655,,2013-07-23
JNPR,JNPR.W^E14,2013-08-15,ESG-EGARCH,0.308882089065105,3.786037497826328,all,2013-07-23
JNPR,JNPR.W^E14,2013-08-15,ESG-EGARCH(E),0.3102407458507862,3.819417475636989,E,2013-07-23
JNPR,JNPR.W^E14,2013-08-15,ESG-EGARCH(G),0.3114114284243847,3.848296736242685,G,2013-07-23
JNPR,JNPR.W^E14,2013-08-15,ESG-EGARCH(S),0.3106051917793467,3.828396236519235,S,2013-07-23
JNPR,JNPR.W^E14,2013-08-15,ESG-GARCH,0.330434948590903,4.332827589296536,all,2013-07-23
JNPR,JNPR.W^E14,2013-08-15,ESG-GARCH(E),0.3312987804132546,4.355511186639282,E,2013-07-23
JNPR,JNPR.W^E14,2013-08-15,ESG-GARCH(G),0.3333491948717189,4.409590703239016,G,2013-07-23
JNPR,JNPR.W^E14,2013-08-15,ESG-GARCH(S),0.3323521419052179,4.383251834483575,S,2013-07-23
JNPR,JNPR.W^E14,2013-08-15,ESG-GJR-GARCH,0.3268124641404694,4.238348679268476,all,2013-07-23
JNPR,JNPR.W^E14,2013-08-15,ESG-GJR-GARCH(E),0.3285936301555252,4.284673562650243,E,2013-07-23
JNPR,JNPR.W^E14,2013-08-15,ESG-GJR-GARCH(G),0.3309422685075834,4.346142265275613,G,2013-07-23
JNPR,JNPR.W^E14,2013-08-15,ESG-GJR-GARCH(S),0.3299114963835616,4.319110930398444,S,2013-07-23
JNPR,JNPR.W^E14,2013-08-15,GARCH,0.3273417179590928,4.252087314143264,,2013-07-23
JNPR,JNPR.W^E14,2013-08-15,GJR-GARCH,0.3354433098321187,4.465167226632016,,2013-07-23
JNPR,JNPR.W^E14,2013-08-16,EGARCH,0.3104846152075694,3.8254244555790655,,2013-07-23
JNPR,JNPR.W^E14,2013-08-16,ESG-EGARCH,0.308882089065105,3.786037497826328,all,2013-07-23
JNPR,JNPR.W^E14,2013-08-16,ESG-EGARCH(E),0.3102407458507862,3.819417475636989,E,2013-07-23
JNPR,JNPR.W^E14,2013-08-16,ESG-EGARCH(G),0.3114114284243847,3.848296736242685,G,2013-07-23
JNPR,JNPR.W^E14,2013-08-16,ESG-EGARCH(S),0.3106051917793467,3.828396236519235,S,2013-07-23
JNPR,JNPR.W^E14,2013-08-16,ESG-GARCH,0.330434948590903,4.332827589296536,all,2013-07-23
JNPR,JNPR.W^E14,2013-08-16,ESG-GARCH(E),0.3312987804132546,4.355511186639282,E,2013-07-23
JNPR,JNPR.W^E14,2013-08-16,ESG-GARCH(G),0.3333491948717189,4.409590703239016,G,2013-07-23
JNPR,JNPR.W^E14,2013-08-16,ESG-GARCH(S),0.3323521419052179,4.383251834483575,S,2013-07-23
JNPR,JNPR.W^E14,2013-08-16,ESG-GJR-GARCH,0.3268124641404694,4.238348679268476,all,2013-07-23
JNPR,JNPR.W^E14,2013-08-16,ESG-GJR-GARCH(E),0.3285936301555252,4.284673562650243,E,2013-07-23
JNPR,JNPR.W^E14,2013-08-16,ESG-GJR-GARCH(G),0.3309422685075834,4.346142265275613,G,2013-07-23
JNPR,JNPR.W^E14,2013-08-16,ESG-GJR-GARCH(S),0.3299114963835616,4.319110930398444,S,2013-07-23
JNPR,JNPR.W^E14,2013-08-16,GARCH,0.3273417179590928,4.252087314143264,,2013-07-23
JNPR,JNPR.W^E14,2013-08-16,GJR-GARCH,0.3354433098321187,4.465167226632016,,2013-07-23
JNPR,JNPR.W^E14,2013-08-19,EGARCH,0.3104846152075694,3.8254244555790655,,2013-07-23
JNPR,JNPR.W^E14,2013-08-19,ESG-EGARCH,0.308882089065105,3.786037497826328,all,2013-07-23
JNPR,JNPR.W^E14,2013-08-19,ESG-EGARCH(E),0.3102407458507862,3.819417475636989,E,2013-07-23
JNPR,JNPR.W^E14,2013-08-19,ESG-EGARCH(G),0.3114114284243847,3.848296736242685,G,2013-07-23
JNPR,JNPR.W^E14,2013-08-19,ESG-EGARCH(S),0.3106051917793467,3.828396236519235,S,2013-07-23
JNPR,JNPR.W^E14,2013-08-19,ESG-GARCH,0.330434948590903,4.332827589296536,all,2013-07-23
JNPR,JNPR.W^E14,2013-08-19,ESG-GARCH(E),0.3312987804132546,4.355511186639282,E,2013-07-23
JNPR,JNPR.W^E14,2013-08-19,ESG-GARCH(G),0.3333491948717189,4.409590703239016,G,2013-07-23
JNPR,JNPR.W^E14,2013-08-19,ESG-GARCH(S),0.3323521419052179,4.383251834483575,S,2013-07-23
JNPR,JNPR.W^E14,2013-08-19,ESG-GJR-GARCH,0.3268124641404694,4.238348679268476,all,2013-07-23
JNPR,JNPR.W^E14,2013-08-19,ESG-GJR-GARCH(E),0.3285936301555252,4.284673562650243,E,2013-07-23
JNPR,JNPR.W^E14,2013-08-19,ESG-GJR-GARCH(G),0.3309422685075834,4.346142265275613,G,2013-07-23
JNPR,JNPR.W^E14,2013-08-19,ESG-GJR-GARCH(S),0.3299114963835616,4.319110930398444,S,2013-07-23
JNPR,JNPR.W^E14,2013-08-19,GARCH,0.3273417179590928,4.252087314143264,,2013-07-23
JNPR,JNPR.W^E14,2013-08-19,GJR-GARCH,0.3354433098321187,4.465167226632016,,2013-07-23
JNPR,JNPR.W^E14,2013-08-20,EGARCH,0.3104846152075694,3.8254244555790655,,2013-07-23
JNPR,JNPR.W^E14,2013-08-20,ESG-EGARCH,0.308882089065105,3.786037497826328,all,2013-07-23
JNPR,JNPR.W^E14,2013-08-20,ESG-EGARCH(E),0.3102407458507862,3.819417475636989,E,2013-07-23
JNPR,JNPR.W^E14,2013-08-20,ESG-EGARCH(G),0.3114114284243847,3.848296736242685,G,2013-07-23
JNPR,JNPR.W^E14,2013-08-20,ESG-EGARCH(S),0.3106051917793467,3.828396236519235,S,2013-07-23
JNPR,JNPR.W^E14,2013-08-20,ESG-GARCH,0.330434948590903,4.332827589296536,all,2013-07-23
JNPR,JNPR.W^E14,2013-08-20,ESG-GARCH(E),0.3312987804132546,4.355511186639282,E,2013-07-23
JNPR,JNPR.W^E14,2013-08-20,ESG-GARCH(G),0.3333491948717189,4.409590703239016,G,2013-07-23
JNPR,JNPR.W^E14,2013-08-20,ESG-GARCH(S),0.3323521419052179,4.383251834483575,S,2013-07-23
JNPR,JNPR.W^E14,2013-08-20,ESG-GJR-GARCH,0.3268124641404694,4.238348679268476,all,2013-07-23
JNPR,JNPR.W^E14,2013-08-20,ESG-GJR-GARCH(E),0.3285936301555252,4.284673562650243,E,2013-07-23
JNPR,JNPR.W^E14,2013-08-20,ESG-GJR-GARCH(G),0.3309422685075834,4.346142265275613,G,2013-07-23
JNPR,JNPR.W^E14,2013-08-20,ESG-GJR-GARCH(S),0.3299114963835616,4.319110930398444,S,2013-07-23
JNPR,JNPR.W^E14,2013-08-20,GARCH,0.3273417179590928,4.252087314143264,,2013-07-23
JNPR,JNPR.W^E14,2013-08-20,GJR-GARCH,0.3354433098321187,4.465167226632016,,2013-07-23
JNPR,JNPR.W^E14,2013-08-21,EGARCH,0.3104846152075694,3.8254244555790655,,2013-07-23
JNPR,JNPR.W^E14,2013-08-21,ESG-EGARCH,0.308882089065105,3.786037497826328,all,2013-07-23
JNPR,JNPR.W^E14,2013-08-21,ESG-EGARCH(E),0.3102407458507862,3.819417475636989,E,2013-07-23
JNPR,JNPR.W^E14,2013-08-21,ESG-EGARCH(G),0.3114114284243847,3.848296736242685,G,2013-07-23
JNPR,JNPR.W^E14,2013-08-21,ESG-EGARCH(S),0.3106051917793467,3.828396236519235,S,2013-07-23
JNPR,JNPR.W^E14,2013-08-21,ESG-GARCH,0.330434948590903,4.332827589296536,all,2013-07-23
JNPR,JNPR.W^E14,2013-08-21,ESG-GARCH(E),0.3312987804132546,4.355511186639282,E,2013-07-23
JNPR,JNPR.W^E14,2013-08-21,ESG-GARCH(G),0.3333491948717189,4.409590703239016,G,2013-07-23
JNPR,JNPR.W^E14,2013-08-21,ESG-GARCH(S),0.3323521419052179,4.383251834483575,S,2013-07-23
JNPR,JNPR.W^E14,2013-08-21,ESG-GJR-GARCH,0.3268124641404694,4.238348679268476,all,2013-07-23
JNPR,JNPR.W^E14,2013-08-21,ESG-GJR-GARCH(E),0.3285936301555252,4.284673562650243,E,2013-07-23
JNPR,JNPR.W^E14,2013-08-21,ESG-GJR-GARCH(G),0.3309422685075834,4.346142265275613,G,2013-07-23
JNPR,JNPR.W^E14,2013-08-21,ESG-GJR-GARCH(S),0.3299114963835616,4.319110930398444,S,2013-07-23
JNPR,JNPR.W^E14,2013-08-21,GARCH,0.3273417179590928,4.252087314143264,,2013-07-23
JNPR,JNPR.W^E14,2013-08-21,GJR-GARCH,0.3354433098321187,4.465167226632016,,2013-07-23
JNPR,JNPR.W^E14,2013-08-22,EGARCH,0.3835247936544514,5.8369550534797465,,2013-08-22
JNPR,JNPR.W^E14,2013-08-22,ESG-EGARCH,0.3760311999611151,5.611089815245878,all,2013-08-22
JNPR,JNPR.W^E14,2013-08-22,ESG-EGARCH(E),0.3774620841768664,5.653874007585071,E,2013-08-22
JNPR,JNPR.W^E14,2013-08-22,ESG-EGARCH(G),0.3783621913657897,5.6808709466318446,G,2013-08-22
JNPR,JNPR.W^E14,2013-08-22,ESG-EGARCH(S),0.3781109118356499,5.673327843221691,S,2013-08-22
JNPR,JNPR.W^E14,2013-08-22,ESG-GARCH,0.3925436529160011,6.1147031525649975,all,2013-08-22
JNPR,JNPR.W^E14,2013-08-22,ESG-GARCH(E),0.3945123673898043,6.176190794583646,E,2013-08-22
JNPR,JNPR.W^E14,2013-08-22,ESG-GARCH(G),0.3964889788390756,6.238234537335432,G,2013-08-22
JNPR,JNPR.W^E14,2013-08-22,ESG-GARCH(S),0.396069956896651,6.225055982385514,S,2013-08-22
JNPR,JNPR.W^E14,2013-08-22,ESG-GJR-GARCH,0.4173061721090871,6.910493701600759,all,2013-08-22
JNPR,JNPR.W^E14,2013-08-22,ESG-GJR-GARCH(E),0.4204080574159846,7.013608521439755,E,2013-08-22
JNPR,JNPR.W^E14,2013-08-22,ESG-GJR-GARCH(G),0.4229287736242337,7.097966172988031,G,2013-08-22
JNPR,JNPR.W^E14,2013-08-22,ESG-GJR-GARCH(S),0.4225384073231726,7.08486927234934,S,2013-08-22
JNPR,JNPR.W^E14,2013-08-22,GARCH,0.3957372625386304,6.214602419109879,,2013-08-22
JNPR,JNPR.W^E14,2013-08-22,GJR-GARCH,0.4348572076832848,7.503999645797757,,2013-08-22
JNPR,JNPR.W^E14,2013-08-23,EGARCH,0.3835247936544514,5.8369550534797465,,2013-08-22
JNPR,JNPR.W^E14,2013-08-23,ESG-EGARCH,0.3760311999611151,5.611089815245878,all,2013-08-22
JNPR,JNPR.W^E14,2013-08-23,ESG-EGARCH(E),0.3774620841768664,5.653874007585071,E,2013-08-22
JNPR,JNPR.W^E14,2013-08-23,ESG-EGARCH(G),0.3783621913657897,5.6808709466318446,G,2013-08-22
JNPR,JNPR.W^E14,2013-08-23,ESG-EGARCH(S),0.3781109118356499,5.673327843221691,S,2013-08-22
JNPR,JNPR.W^E14,2013-08-23,ESG-GARCH,0.3925436529160011,6.1147031525649975,all,2013-08-22
JNPR,JNPR.W^E14,2013-08-23,ESG-GARCH(E),0.3945123673898043,6.176190794583646,E,2013-08-22
JNPR,JNPR.W^E14,2013-08-23,ESG-GARCH(G),0.3964889788390756,6.238234537335432,G,2013-08-22
JNPR,JNPR.W^E14,2013-08-23,ESG-GARCH(S),0.396069956896651,6.225055982385514,S,2013-08-22
JNPR,JNPR.W^E14,2013-08-23,ESG-GJR-GARCH,0.4173061721090871,6.910493701600759,all,2013-08-22
JNPR,JNPR.W^E14,2013-08-23,ESG-GJR-GARCH(E),0.4204080574159846,7.013608521439755,E,2013-08-22
JNPR,JNPR.W^E14,2013-08-23,ESG-GJR-GARCH(G),0.4229287736242337,7.097966172988031,G,2013-08-22
JNPR,JNPR.W^E14,2013-08-23,ESG-GJR-GARCH(S),0.4225384073231726,7.08486927234934,S,2013-08-22
JNPR,JNPR.W^E14,2013-08-23,GARCH,0.3957372625386304,6.214602419109879,,2013-08-22
JNPR,JNPR.W^E14,2013-08-23,GJR-GARCH,0.4348572076832848,7.503999645797757,,2013-08-22
JNPR,JNPR.W^E14,2013-08-26,EGARCH,0.3835247936544514,5.8369550534797465,,2013-08-22
JNPR,JNPR.W^E14,2013-08-26,ESG-EGARCH,0.3760311999611151,5.611089815245878,all,2013-08-22
JNPR,JNPR.W^E14,2013-08-26,ESG-EGARCH(E),0.3774620841768664,5.653874007585071,E,2013-08-22
JNPR,JNPR.W^E14,2013-08-26,ESG-EGARCH(G),0.3783621913657897,5.6808709466318446,G,2013-08-22
JNPR,JNPR.W^E14,2013-08-26,ESG-EGARCH(S),0.3781109118356499,5.673327843221691,S,2013-08-22
JNPR,JNPR.W^E14,2013-08-26,ESG-GARCH,0.3925436529160011,6.1147031525649975,all,2013-08-22
JNPR,JNPR.W^E14,2013-08-26,ESG-GARCH(E),0.3945123673898043,6.176190794583646,E,2013-08-22
JNPR,JNPR.W^E14,2013-08-26,ESG-GARCH(G),0.3964889788390756,6.238234537335432,G,2013-08-22
JNPR,JNPR.W^E14,2013-08-26,ESG-GARCH(S),0.396069956896651,6.225055982385514,S,2013-08-22
JNPR,JNPR.W^E14,2013-08-26,ESG-GJR-GARCH,0.4173061721090871,6.910493701600759,all,2013-08-22
JNPR,JNPR.W^E14,2013-08-26,ESG-GJR-GARCH(E),0.4204080574159846,7.013608521439755,E,2013-08-22
JNPR,JNPR.W^E14,2013-08-26,ESG-GJR-GARCH(G),0.4229287736242337,7.097966172988031,G,2013-08-22
JNPR,JNPR.W^E14,2013-08-26,ESG-GJR-GARCH(S),0.4225384073231726,7.08486927234934,S,2013-08-22
JNPR,JNPR.W^E14,2013-08-26,GARCH,0.3957372625386304,6.214602419109879,,2013-08-22
JNPR,JNPR.W^E14,2013-08-26,GJR-GARCH,0.4348572076832848,7.503999645797757,,2013-08-22
JNPR,JNPR.W^E14,2013-08-27,EGARCH,0.3835247936544514,5.8369550534797465,,2013-08-22
JNPR,JNPR.W^E14,2013-08-27,ESG-EGARCH,0.3760311999611151,5.611089815245878,all,2013-08-22
JNPR,JNPR.W^E14,2013-08-27,ESG-EGARCH(E),0.3774620841768664,5.653874007585071,E,2013-08-22
JNPR,JNPR.W^E14,2013-08-27,ESG-EGARCH(G),0.3783621913657897,5.6808709466318446,G,2013-08-22
JNPR,JNPR.W^E14,2013-08-27,ESG-EGARCH(S),0.3781109118356499,5.673327843221691,S,2013-08-22
JNPR,JNPR.W^E14,2013-08-27,ESG-GARCH,0.3925436529160011,6.1147031525649975,all,2013-08-22
JNPR,JNPR.W^E14,2013-08-27,ESG-GARCH(E),0.3945123673898043,6.176190794583646,E,2013-08-22
JNPR,JNPR.W^E14,2013-08-27,ESG-GARCH(G),0.3964889788390756,6.238234537335432,G,2013-08-22
JNPR,JNPR.W^E14,2013-08-27,ESG-GARCH(S),0.396069956896651,6.225055982385514,S,2013-08-22
JNPR,JNPR.W^E14,2013-08-27,ESG-GJR-GARCH,0.4173061721090871,6.910493701600759,all,2013-08-22
JNPR,JNPR.W^E14,2013-08-27,ESG-GJR-GARCH(E),0.4204080574159846,7.013608521439755,E,2013-08-22
JNPR,JNPR.W^E14,2013-08-27,ESG-GJR-GARCH(G),0.4229287736242337,7.097966172988031,G,2013-08-22
JNPR,JNPR.W^E14,2013-08-27,ESG-GJR-GARCH(S),0.4225384073231726,7.08486927234934,S,2013-08-22
JNPR,JNPR.W^E14,2013-08-27,GARCH,0.3957372625386304,6.214602419109879,,2013-08-22
JNPR,JNPR.W^E14,2013-08-27,GJR-GARCH,0.4348572076832848,7.503999645797757,,2013-08-22
JNPR,JNPR.W^E14,2013-08-28,EGARCH,0.3835247936544514,5.8369550534797465,,2013-08-22
JNPR,JNPR.W^E14,2013-08-28,ESG-EGARCH,0.3760311999611151,5.611089815245878,all,2013-08-22
JNPR,JNPR.W^E14,2013-08-28,ESG-EGARCH(E),0.3774620841768664,5.653874007585071,E,2013-08-22
JNPR,JNPR.W^E14,2013-08-28,ESG-EGARCH(G),0.3783621913657897,5.6808709466318446,G,2013-08-22
JNPR,JNPR.W^E14,2013-08-28,ESG-EGARCH(S),0.3781109118356499,5.673327843221691,S,2013-08-22
JNPR,JNPR.W^E14,2013-08-28,ESG-GARCH,0.3925436529160011,6.1147031525649975,all,2013-08-22
JNPR,JNPR.W^E14,2013-08-28,ESG-GARCH(E),0.3945123673898043,6.176190794583646,E,2013-08-22
JNPR,JNPR.W^E14,2013-08-28,ESG-GARCH(G),0.3964889788390756,6.238234537335432,G,2013-08-22
JNPR,JNPR.W^E14,2013-08-28,ESG-GARCH(S),0.396069956896651,6.225055982385514,S,2013-08-22
JNPR,JNPR.W^E14,2013-08-28,ESG-GJR-GARCH,0.4173061721090871,6.910493701600759,all,2013-08-22
JNPR,JNPR.W^E14,2013-08-28,ESG-GJR-GARCH(E),0.4204080574159846,7.013608521439755,E,2013-08-22
JNPR,JNPR.W^E14,2013-08-28,ESG-GJR-GARCH(G),0.4229287736242337,7.097966172988031,G,2013-08-22
JNPR,JNPR.W^E14,2013-08-28,ESG-GJR-GARCH(S),0.4225384073231726,7.08486927234934,S,2013-08-22
JNPR,JNPR.W^E14,2013-08-28,GARCH,0.3957372625386304,6.214602419109879,,2013-08-22
JNPR,JNPR.W^E14,2013-08-28,GJR-GARCH,0.4348572076832848,7.503999645797757,,2013-08-22
JNPR,JNPR.W^E14,2013-08-29,EGARCH,0.3835247936544514,5.8369550534797465,,2013-08-22
JNPR,JNPR.W^E14,2013-08-29,ESG-EGARCH,0.3760311999611151,5.611089815245878,all,2013-08-22
JNPR,JNPR.W^E14,2013-08-29,ESG-EGARCH(E),0.3774620841768664,5.653874007585071,E,2013-08-22
JNPR,JNPR.W^E14,2013-08-29,ESG-EGARCH(G),0.3783621913657897,5.6808709466318446,G,2013-08-22
JNPR,JNPR.W^E14,2013-08-29,ESG-EGARCH(S),0.3781109118356499,5.673327843221691,S,2013-08-22
JNPR,JNPR.W^E14,2013-08-29,ESG-GARCH,0.3925436529160011,6.1147031525649975,all,2013-08-22
JNPR,JNPR.W^E14,2013-08-29,ESG-GARCH(E),0.3945123673898043,6.176190794583646,E,2013-08-22
JNPR,JNPR.W^E14,2013-08-29,ESG-GARCH(G),0.3964889788390756,6.238234537335432,G,2013-08-22
JNPR,JNPR.W^E14,2013-08-29,ESG-GARCH(S),0.396069956896651,6.225055982385514,S,2013-08-22
JNPR,JNPR.W^E14,2013-08-29,ESG-GJR-GARCH,0.4173061721090871,6.910493701600759,all,2013-08-22
JNPR,JNPR.W^E14,2013-08-29,ESG-GJR-GARCH(E),0.4204080574159846,7.013608521439755,E,2013-08-22
JNPR,JNPR.W^E14,2013-08-29,ESG-GJR-GARCH(G),0.4229287736242337,7.097966172988031,G,2013-08-22
JNPR,JNPR.W^E14,2013-08-29,ESG-GJR-GARCH(S),0.4225384073231726,7.08486927234934,S,2013-08-22
JNPR,JNPR.W^E14,2013-08-29,GARCH,0.3957372625386304,6.214602419109879,,2013-08-22
JNPR,JNPR.W^E14,2013-08-29,GJR-GARCH,0.4348572076832848,7.503999645797757,,2013-08-22
JNPR,JNPR.W^E14,2013-08-30,EGARCH,0.3835247936544514,5.8369550534797465,,2013-08-22
JNPR,JNPR.W^E14,2013-08-30,ESG-EGARCH,0.3760311999611151,5.611089815245878,all,2013-08-22
JNPR,JNPR.W^E14,2013-08-30,ESG-EGARCH(E),0.3774620841768664,5.653874007585071,E,2013-08-22
JNPR,JNPR.W^E14,2013-08-30,ESG-EGARCH(G),0.3783621913657897,5.6808709466318446,G,2013-08-22
JNPR,JNPR.W^E14,2013-08-30,ESG-EGARCH(S),0.3781109118356499,5.673327843221691,S,2013-08-22
JNPR,JNPR.W^E14,2013-08-30,ESG-GARCH,0.3925436529160011,6.1147031525649975,all,2013-08-22
JNPR,JNPR.W^E14,2013-08-30,ESG-GARCH(E),0.3945123673898043,6.176190794583646,E,2013-08-22
JNPR,JNPR.W^E14,2013-08-30,ESG-GARCH(G),0.3964889788390756,6.238234537335432,G,2013-08-22
JNPR,JNPR.W^E14,2013-08-30,ESG-GARCH(S),0.396069956896651,6.225055982385514,S,2013-08-22
JNPR,JNPR.W^E14,2013-08-30,ESG-GJR-GARCH,0.4173061721090871,6.910493701600759,all,2013-08-22
JNPR,JNPR.W^E14,2013-08-30,ESG-GJR-GARCH(E),0.4204080574159846,7.013608521439755,E,2013-08-22
JNPR,JNPR.W^E14,2013-08-30,ESG-GJR-GARCH(G),0.4229287736242337,7.097966172988031,G,2013-08-22
JNPR,JNPR.W^E14,2013-08-30,ESG-GJR-GARCH(S),0.4225384073231726,7.08486927234934,S,2013-08-22
JNPR,JNPR.W^E14,2013-08-30,GARCH,0.3957372625386304,6.214602419109879,,2013-08-22
JNPR,JNPR.W^E14,2013-08-30,GJR-GARCH,0.4348572076832848,7.503999645797757,,2013-08-22
JNPR,JNPR.W^E14,2013-09-04,EGARCH,0.3835247936544514,5.8369550534797465,,2013-08-22
JNPR,JNPR.W^E14,2013-09-04,ESG-EGARCH,0.3760311999611151,5.611089815245878,all,2013-08-22
JNPR,JNPR.W^E14,2013-09-04,ESG-EGARCH(E),0.3774620841768664,5.653874007585071,E,2013-08-22
JNPR,JNPR.W^E14,2013-09-04,ESG-EGARCH(G),0.3783621913657897,5.6808709466318446,G,2013-08-22
JNPR,JNPR.W^E14,2013-09-04,ESG-EGARCH(S),0.3781109118356499,5.673327843221691,S,2013-08-22
JNPR,JNPR.W^E14,2013-09-04,ESG-GARCH,0.3925436529160011,6.1147031525649975,all,2013-08-22
JNPR,JNPR.W^E14,2013-09-04,ESG-GARCH(E),0.3945123673898043,6.176190794583646,E,2013-08-22
JNPR,JNPR.W^E14,2013-09-04,ESG-GARCH(G),0.3964889788390756,6.238234537335432,G,2013-08-22
JNPR,JNPR.W^E14,2013-09-04,ESG-GARCH(S),0.396069956896651,6.225055982385514,S,2013-08-22
JNPR,JNPR.W^E14,2013-09-04,ESG-GJR-GARCH,0.4173061721090871,6.910493701600759,all,2013-08-22
JNPR,JNPR.W^E14,2013-09-04,ESG-GJR-GARCH(E),0.4204080574159846,7.013608521439755,E,2013-08-22
JNPR,JNPR.W^E14,2013-09-04,ESG-GJR-GARCH(G),0.4229287736242337,7.097966172988031,G,2013-08-22
JNPR,JNPR.W^E14,2013-09-04,ESG-GJR-GARCH(S),0.4225384073231726,7.08486927234934,S,2013-08-22
JNPR,JNPR.W^E14,2013-09-04,GARCH,0.3957372625386304,6.214602419109879,,2013-08-22
JNPR,JNPR.W^E14,2013-09-04,GJR-GARCH,0.4348572076832848,7.503999645797757,,2013-08-22
JNPR,JNPR.W^E14,2013-09-05,EGARCH,0.3835247936544514,5.8369550534797465,,2013-08-22
JNPR,JNPR.W^E14,2013-09-05,ESG-EGARCH,0.3760311999611151,5.611089815245878,all,2013-08-22
JNPR,JNPR.W^E14,2013-09-05,ESG-EGARCH(E),0.3774620841768664,5.653874007585071,E,2013-08-22
JNPR,JNPR.W^E14,2013-09-05,ESG-EGARCH(G),0.3783621913657897,5.6808709466318446,G,2013-08-22
JNPR,JNPR.W^E14,2013-09-05,ESG-EGARCH(S),0.3781109118356499,5.673327843221691,S,2013-08-22
JNPR,JNPR.W^E14,2013-09-05,ESG-GARCH,0.3925436529160011,6.1147031525649975,all,2013-08-22
JNPR,JNPR.W^E14,2013-09-05,ESG-GARCH(E),0.3945123673898043,6.176190794583646,E,2013-08-22
JNPR,JNPR.W^E14,2013-09-05,ESG-GARCH(G),0.3964889788390756,6.238234537335432,G,2013-08-22
JNPR,JNPR.W^E14,2013-09-05,ESG-GARCH(S),0.396069956896651,6.225055982385514,S,2013-08-22
JNPR,JNPR.W^E14,2013-09-05,ESG-GJR-GARCH,0.4173061721090871,6.910493701600759,all,2013-08-22
JNPR,JNPR.W^E14,2013-09-05,ESG-GJR-GARCH(E),0.4204080574159846,7.013608521439755,E,2013-08-22
JNPR,JNPR.W^E14,2013-09-05,ESG-GJR-GARCH(G),0.4229287736242337,7.097966172988031,G,2013-08-22
JNPR,JNPR.W^E14,2013-09-05,ESG-GJR-GARCH(S),0.4225384073231726,7.08486927234934,S,2013-08-22
JNPR,JNPR.W^E14,2013-09-05,GARCH,0.3957372625386304,6.214602419109879,,2013-08-22
JNPR,JNPR.W^E14,2013-09-05,GJR-GARCH,0.4348572076832848,7.503999645797757,,2013-08-22
JNPR,JNPR.W^E14,2013-09-06,EGARCH,0.3835247936544514,5.8369550534797465,,2013-08-22
JNPR,JNPR.W^E14,2013-09-06,ESG-EGARCH,0.3760311999611151,5.611089815245878,all,2013-08-22
JNPR,JNPR.W^E14,2013-09-06,ESG-EGARCH(E),0.3774620841768664,5.653874007585071,E,2013-08-22
JNPR,JNPR.W^E14,2013-09-06,ESG-EGARCH(G),0.3783621913657897,5.6808709466318446,G,2013-08-22
JNPR,JNPR.W^E14,2013-09-06,ESG-EGARCH(S),0.3781109118356499,5.673327843221691,S,2013-08-22
JNPR,JNPR.W^E14,2013-09-06,ESG-GARCH,0.3925436529160011,6.1147031525649975,all,2013-08-22
JNPR,JNPR.W^E14,2013-09-06,ESG-GARCH(E),0.3945123673898043,6.176190794583646,E,2013-08-22
JNPR,JNPR.W^E14,2013-09-06,ESG-GARCH(G),0.3964889788390756,6.238234537335432,G,2013-08-22
JNPR,JNPR.W^E14,2013-09-06,ESG-GARCH(S),0.396069956896651,6.225055982385514,S,2013-08-22
JNPR,JNPR.W^E14,2013-09-06,ESG-GJR-GARCH,0.4173061721090871,6.910493701600759,all,2013-08-22
JNPR,JNPR.W^E14,2013-09-06,ESG-GJR-GARCH(E),0.4204080574159846,7.013608521439755,E,2013-08-22
JNPR,JNPR.W^E14,2013-09-06,ESG-GJR-GARCH(G),0.4229287736242337,7.097966172988031,G,2013-08-22
JNPR,JNPR.W^E14,2013-09-06,ESG-GJR-GARCH(S),0.4225384073231726,7.08486927234934,S,2013-08-22
JNPR,JNPR.W^E14,2013-09-06,GARCH,0.3957372625386304,6.214602419109879,,2013-08-22
JNPR,JNPR.W^E14,2013-09-06,GJR-GARCH,0.4348572076832848,7.503999645797757,,2013-08-22
JNPR,JNPR.W^E14,2013-09-09,EGARCH,0.3835247936544514,5.8369550534797465,,2013-08-22
JNPR,JNPR.W^E14,2013-09-09,ESG-EGARCH,0.3760311999611151,5.611089815245878,all,2013-08-22
JNPR,JNPR.W^E14,2013-09-09,ESG-EGARCH(E),0.3774620841768664,5.653874007585071,E,2013-08-22
JNPR,JNPR.W^E14,2013-09-09,ESG-EGARCH(G),0.3783621913657897,5.6808709466318446,G,2013-08-22
JNPR,JNPR.W^E14,2013-09-09,ESG-EGARCH(S),0.3781109118356499,5.673327843221691,S,2013-08-22
JNPR,JNPR.W^E14,2013-09-09,ESG-GARCH,0.3925436529160011,6.1147031525649975,all,2013-08-22
JNPR,JNPR.W^E14,2013-09-09,ESG-GARCH(E),0.3945123673898043,6.176190794583646,E,2013-08-22
JNPR,JNPR.W^E14,2013-09-09,ESG-GARCH(G),0.3964889788390756,6.238234537335432,G,2013-08-22
JNPR,JNPR.W^E14,2013-09-09,ESG-GARCH(S),0.396069956896651,6.225055982385514,S,2013-08-22
JNPR,JNPR.W^E14,2013-09-09,ESG-GJR-GARCH,0.4173061721090871,6.910493701600759,all,2013-08-22
JNPR,JNPR.W^E14,2013-09-09,ESG-GJR-GARCH(E),0.4204080574159846,7.013608521439755,E,2013-08-22
JNPR,JNPR.W^E14,2013-09-09,ESG-GJR-GARCH(G),0.4229287736242337,7.097966172988031,G,2013-08-22
JNPR,JNPR.W^E14,2013-09-09,ESG-GJR-GARCH(S),0.4225384073231726,7.08486927234934,S,2013-08-22
JNPR,JNPR.W^E14,2013-09-09,GARCH,0.3957372625386304,6.214602419109879,,2013-08-22
JNPR,JNPR.W^E14,2013-09-09,GJR-GARCH,0.4348572076832848,7.503999645797757,,2013-08-22
JNPR,JNPR.W^E14,2013-09-10,EGARCH,0.3835247936544514,5.8369550534797465,,2013-08-22
JNPR,JNPR.W^E14,2013-09-10,ESG-EGARCH,0.3760311999611151,5.611089815245878,all,2013-08-22
JNPR,JNPR.W^E14,2013-09-10,ESG-EGARCH(E),0.3774620841768664,5.653874007585071,E,2013-08-22
JNPR,JNPR.W^E14,2013-09-10,ESG-EGARCH(G),0.3783621913657897,5.6808709466318446,G,2013-08-22
JNPR,JNPR.W^E14,2013-09-10,ESG-EGARCH(S),0.3781109118356499,5.673327843221691,S,2013-08-22
JNPR,JNPR.W^E14,2013-09-10,ESG-GARCH,0.3925436529160011,6.1147031525649975,all,2013-08-22
JNPR,JNPR.W^E14,2013-09-10,ESG-GARCH(E),0.3945123673898043,6.176190794583646,E,2013-08-22
JNPR,JNPR.W^E14,2013-09-10,ESG-GARCH(G),0.3964889788390756,6.238234537335432,G,2013-08-22
JNPR,JNPR.W^E14,2013-09-10,ESG-GARCH(S),0.396069956896651,6.225055982385514,S,2013-08-22
JNPR,JNPR.W^E14,2013-09-10,ESG-GJR-GARCH,0.4173061721090871,6.910493701600759,all,2013-08-22
JNPR,JNPR.W^E14,2013-09-10,ESG-GJR-GARCH(E),0.4204080574159846,7.013608521439755,E,2013-08-22
JNPR,JNPR.W^E14,2013-09-10,ESG-GJR-GARCH(G),0.4229287736242337,7.097966172988031,G,2013-08-22
JNPR,JNPR.W^E14,2013-09-10,ESG-GJR-GARCH(S),0.4225384073231726,7.08486927234934,S,2013-08-22
JNPR,JNPR.W^E14,2013-09-10,GARCH,0.3957372625386304,6.214602419109879,,2013-08-22
JNPR,JNPR.W^E14,2013-09-10,GJR-GARCH,0.4348572076832848,7.503999645797757,,2013-08-22
JNPR,JNPR.W^E14,2013-09-11,EGARCH,0.3835247936544514,5.8369550534797465,,2013-08-22
JNPR,JNPR.W^E14,2013-09-11,ESG-EGARCH,0.3760311999611151,5.611089815245878,all,2013-08-22
JNPR,JNPR.W^E14,2013-09-11,ESG-EGARCH(E),0.3774620841768664,5.653874007585071,E,2013-08-22
JNPR,JNPR.W^E14,2013-09-11,ESG-EGARCH(G),0.3783621913657897,5.6808709466318446,G,2013-08-22
JNPR,JNPR.W^E14,2013-09-11,ESG-EGARCH(S),0.3781109118356499,5.673327843221691,S,2013-08-22
JNPR,JNPR.W^E14,2013-09-11,ESG-GARCH,0.3925436529160011,6.1147031525649975,all,2013-08-22
JNPR,JNPR.W^E14,2013-09-11,ESG-GARCH(E),0.3945123673898043,6.176190794583646,E,2013-08-22
JNPR,JNPR.W^E14,2013-09-11,ESG-GARCH(G),0.3964889788390756,6.238234537335432,G,2013-08-22
JNPR,JNPR.W^E14,2013-09-11,ESG-GARCH(S),0.396069956896651,6.225055982385514,S,2013-08-22
JNPR,JNPR.W^E14,2013-09-11,ESG-GJR-GARCH,0.4173061721090871,6.910493701600759,all,2013-08-22
JNPR,JNPR.W^E14,2013-09-11,ESG-GJR-GARCH(E),0.4204080574159846,7.013608521439755,E,2013-08-22
JNPR,JNPR.W^E14,2013-09-11,ESG-GJR-GARCH(G),0.4229287736242337,7.097966172988031,G,2013-08-22
JNPR,JNPR.W^E14,2013-09-11,ESG-GJR-GARCH(S),0.4225384073231726,7.08486927234934,S,2013-08-22
JNPR,JNPR.W^E14,2013-09-11,GARCH,0.3957372625386304,6.214602419109879,,2013-08-22
JNPR,JNPR.W^E14,2013-09-11,GJR-GARCH,0.4348572076832848,7.503999645797757,,2013-08-22
JNPR,JNPR.W^E14,2013-09-12,EGARCH,0.3835247936544514,5.8369550534797465,,2013-08-22
JNPR,JNPR.W^E14,2013-09-12,ESG-EGARCH,0.3760311999611151,5.611089815245878,all,2013-08-22
JNPR,JNPR.W^E14,2013-09-12,ESG-EGARCH(E),0.3774620841768664,5.653874007585071,E,2013-08-22
JNPR,JNPR.W^E14,2013-09-12,ESG-EGARCH(G),0.3783621913657897,5.6808709466318446,G,2013-08-22
JNPR,JNPR.W^E14,2013-09-12,ESG-EGARCH(S),0.3781109118356499,5.673327843221691,S,2013-08-22
JNPR,JNPR.W^E14,2013-09-12,ESG-GARCH,0.3925436529160011,6.1147031525649975,all,2013-08-22
JNPR,JNPR.W^E14,2013-09-12,ESG-GARCH(E),0.3945123673898043,6.176190794583646,E,2013-08-22
JNPR,JNPR.W^E14,2013-09-12,ESG-GARCH(G),0.3964889788390756,6.238234537335432,G,2013-08-22
JNPR,JNPR.W^E14,2013-09-12,ESG-GARCH(S),0.396069956896651,6.225055982385514,S,2013-08-22
JNPR,JNPR.W^E14,2013-09-12,ESG-GJR-GARCH,0.4173061721090871,6.910493701600759,all,2013-08-22
JNPR,JNPR.W^E14,2013-09-12,ESG-GJR-GARCH(E),0.4204080574159846,7.013608521439755,E,2013-08-22
JNPR,JNPR.W^E14,2013-09-12,ESG-GJR-GARCH(G),0.4229287736242337,7.097966172988031,G,2013-08-22
JNPR,JNPR.W^E14,2013-09-12,ESG-GJR-GARCH(S),0.4225384073231726,7.08486927234934,S,2013-08-22
JNPR,JNPR.W^E14,2013-09-12,GARCH,0.3957372625386304,6.214602419109879,,2013-08-22
JNPR,JNPR.W^E14,2013-09-12,GJR-GARCH,0.4348572076832848,7.503999645797757,,2013-08-22
JNPR,JNPR.W^E14,2013-09-13,EGARCH,0.3835247936544514,5.8369550534797465,,2013-08-22
JNPR,JNPR.W^E14,2013-09-13,ESG-EGARCH,0.3760311999611151,5.611089815245878,all,2013-08-22
JNPR,JNPR.W^E14,2013-09-13,ESG-EGARCH(E),0.3774620841768664,5.653874007585071,E,2013-08-22
JNPR,JNPR.W^E14,2013-09-13,ESG-EGARCH(G),0.3783621913657897,5.6808709466318446,G,2013-08-22
JNPR,JNPR.W^E14,2013-09-13,ESG-EGARCH(S),0.3781109118356499,5.673327843221691,S,2013-08-22
JNPR,JNPR.W^E14,2013-09-13,ESG-GARCH,0.3925436529160011,6.1147031525649975,all,2013-08-22
JNPR,JNPR.W^E14,2013-09-13,ESG-GARCH(E),0.3945123673898043,6.176190794583646,E,2013-08-22
JNPR,JNPR.W^E14,2013-09-13,ESG-GARCH(G),0.3964889788390756,6.238234537335432,G,2013-08-22
JNPR,JNPR.W^E14,2013-09-13,ESG-GARCH(S),0.396069956896651,6.225055982385514,S,2013-08-22
JNPR,JNPR.W^E14,2013-09-13,ESG-GJR-GARCH,0.4173061721090871,6.910493701600759,all,2013-08-22
JNPR,JNPR.W^E14,2013-09-13,ESG-GJR-GARCH(E),0.4204080574159846,7.013608521439755,E,2013-08-22
JNPR,JNPR.W^E14,2013-09-13,ESG-GJR-GARCH(G),0.4229287736242337,7.097966172988031,G,2013-08-22
JNPR,JNPR.W^E14,2013-09-13,ESG-GJR-GARCH(S),0.4225384073231726,7.08486927234934,S,2013-08-22
JNPR,JNPR.W^E14,2013-09-13,GARCH,0.3957372625386304,6.214602419109879,,2013-08-22
JNPR,JNPR.W^E14,2013-09-13,GJR-GARCH,0.4348572076832848,7.503999645797757,,2013-08-22
JNPR,JNPR.W^E14,2013-09-16,EGARCH,0.3835247936544514,5.8369550534797465,,2013-08-22
JNPR,JNPR.W^E14,2013-09-16,ESG-EGARCH,0.3760311999611151,5.611089815245878,all,2013-08-22
JNPR,JNPR.W^E14,2013-09-16,ESG-EGARCH(E),0.3774620841768664,5.653874007585071,E,2013-08-22
JNPR,JNPR.W^E14,2013-09-16,ESG-EGARCH(G),0.3783621913657897,5.6808709466318446,G,2013-08-22
JNPR,JNPR.W^E14,2013-09-16,ESG-EGARCH(S),0.3781109118356499,5.673327843221691,S,2013-08-22
JNPR,JNPR.W^E14,2013-09-16,ESG-GARCH,0.3925436529160011,6.1147031525649975,all,2013-08-22
JNPR,JNPR.W^E14,2013-09-16,ESG-GARCH(E),0.3945123673898043,6.176190794583646,E,2013-08-22
JNPR,JNPR.W^E14,2013-09-16,ESG-GARCH(G),0.3964889788390756,6.238234537335432,G,2013-08-22
JNPR,JNPR.W^E14,2013-09-16,ESG-GARCH(S),0.396069956896651,6.225055982385514,S,2013-08-22
JNPR,JNPR.W^E14,2013-09-16,ESG-GJR-GARCH,0.4173061721090871,6.910493701600759,all,2013-08-22
JNPR,JNPR.W^E14,2013-09-16,ESG-GJR-GARCH(E),0.4204080574159846,7.013608521439755,E,2013-08-22
JNPR,JNPR.W^E14,2013-09-16,ESG-GJR-GARCH(G),0.4229287736242337,7.097966172988031,G,2013-08-22
JNPR,JNPR.W^E14,2013-09-16,ESG-GJR-GARCH(S),0.4225384073231726,7.08486927234934,S,2013-08-22
JNPR,JNPR.W^E14,2013-09-16,GARCH,0.3957372625386304,6.214602419109879,,2013-08-22
JNPR,JNPR.W^E14,2013-09-16,GJR-GARCH,0.4348572076832848,7.503999645797757,,2013-08-22
JNPR,JNPR.W^E14,2013-09-17,EGARCH,0.3835247936544514,5.8369550534797465,,2013-08-22
JNPR,JNPR.W^E14,2013-09-17,ESG-EGARCH,0.3760311999611151,5.611089815245878,all,2013-08-22
JNPR,JNPR.W^E14,2013-09-17,ESG-EGARCH(E),0.3774620841768664,5.653874007585071,E,2013-08-22
JNPR,JNPR.W^E14,2013-09-17,ESG-EGARCH(G),0.3783621913657897,5.6808709466318446,G,2013-08-22
JNPR,JNPR.W^E14,2013-09-17,ESG-EGARCH(S),0.3781109118356499,5.673327843221691,S,2013-08-22
JNPR,JNPR.W^E14,2013-09-17,ESG-GARCH,0.3925436529160011,6.1147031525649975,all,2013-08-22
JNPR,JNPR.W^E14,2013-09-17,ESG-GARCH(E),0.3945123673898043,6.176190794583646,E,2013-08-22
JNPR,JNPR.W^E14,2013-09-17,ESG-GARCH(G),0.3964889788390756,6.238234537335432,G,2013-08-22
JNPR,JNPR.W^E14,2013-09-17,ESG-GARCH(S),0.396069956896651,6.225055982385514,S,2013-08-22
JNPR,JNPR.W^E14,2013-09-17,ESG-GJR-GARCH,0.4173061721090871,6.910493701600759,all,2013-08-22
JNPR,JNPR.W^E14,2013-09-17,ESG-GJR-GARCH(E),0.4204080574159846,7.013608521439755,E,2013-08-22
JNPR,JNPR.W^E14,2013-09-17,ESG-GJR-GARCH(G),0.4229287736242337,7.097966172988031,G,2013-08-22
JNPR,JNPR.W^E14,2013-09-17,ESG-GJR-GARCH(S),0.4225384073231726,7.08486927234934,S,2013-08-22
JNPR,JNPR.W^E14,2013-09-17,GARCH,0.3957372625386304,6.214602419109879,,2013-08-22
JNPR,JNPR.W^E14,2013-09-17,GJR-GARCH,0.4348572076832848,7.503999645797757,,2013-08-22
JNPR,JNPR.W^E14,2013-09-18,EGARCH,0.3835247936544514,5.8369550534797465,,2013-08-22
JNPR,JNPR.W^E14,2013-09-18,ESG-EGARCH,0.3760311999611151,5.611089815245878,all,2013-08-22
JNPR,JNPR.W^E14,2013-09-18,ESG-EGARCH(E),0.3774620841768664,5.653874007585071,E,2013-08-22
JNPR,JNPR.W^E14,2013-09-18,ESG-EGARCH(G),0.3783621913657897,5.6808709466318446,G,2013-08-22
JNPR,JNPR.W^E14,2013-09-18,ESG-EGARCH(S),0.3781109118356499,5.673327843221691,S,2013-08-22
JNPR,JNPR.W^E14,2013-09-18,ESG-GARCH,0.3925436529160011,6.1147031525649975,all,2013-08-22
JNPR,JNPR.W^E14,2013-09-18,ESG-GARCH(E),0.3945123673898043,6.176190794583646,E,2013-08-22
JNPR,JNPR.W^E14,2013-09-18,ESG-GARCH(G),0.3964889788390756,6.238234537335432,G,2013-08-22
JNPR,JNPR.W^E14,2013-09-18,ESG-GARCH(S),0.396069956896651,6.225055982385514,S,2013-08-22
JNPR,JNPR.W^E14,2013-09-18,ESG-GJR-GARCH,0.4173061721090871,6.910493701600759,all,2013-08-22
JNPR,JNPR.W^E14,2013-09-18,ESG-GJR-GARCH(E),0.4204080574159846,7.013608521439755,E,2013-08-22
JNPR,JNPR.W^E14,2013-09-18,ESG-GJR-GARCH(G),0.4229287736242337,7.097966172988031,G,2013-08-22
JNPR,JNPR.W^E14,2013-09-18,ESG-GJR-GARCH(S),0.4225384073231726,7.08486927234934,S,2013-08-22
JNPR,JNPR.W^E14,2013-09-18,GARCH,0.3957372625386304,6.214602419109879,,2013-08-22
JNPR,JNPR.W^E14,2013-09-18,GJR-GARCH,0.4348572076832848,7.503999645797757,,2013-08-22
JNPR,JNPR.W^E14,2013-09-19,EGARCH,0.3835247936544514,5.8369550534797465,,2013-08-22
JNPR,JNPR.W^E14,2013-09-19,ESG-EGARCH,0.3760311999611151,5.611089815245878,all,2013-08-22
JNPR,JNPR.W^E14,2013-09-19,ESG-EGARCH(E),0.3774620841768664,5.653874007585071,E,2013-08-22
JNPR,JNPR.W^E14,2013-09-19,ESG-EGARCH(G),0.3783621913657897,5.6808709466318446,G,2013-08-22
JNPR,JNPR.W^E14,2013-09-19,ESG-EGARCH(S),0.3781109118356499,5.673327843221691,S,2013-08-22
JNPR,JNPR.W^E14,2013-09-19,ESG-GARCH,0.3925436529160011,6.1147031525649975,all,2013-08-22
JNPR,JNPR.W^E14,2013-09-19,ESG-GARCH(E),0.3945123673898043,6.176190794583646,E,2013-08-22
JNPR,JNPR.W^E14,2013-09-19,ESG-GARCH(G),0.3964889788390756,6.238234537335432,G,2013-08-22
JNPR,JNPR.W^E14,2013-09-19,ESG-GARCH(S),0.396069956896651,6.225055982385514,S,2013-08-22
JNPR,JNPR.W^E14,2013-09-19,ESG-GJR-GARCH,0.4173061721090871,6.910493701600759,all,2013-08-22
JNPR,JNPR.W^E14,2013-09-19,ESG-GJR-GARCH(E),0.4204080574159846,7.013608521439755,E,2013-08-22
JNPR,JNPR.W^E14,2013-09-19,ESG-GJR-GARCH(G),0.4229287736242337,7.097966172988031,G,2013-08-22
JNPR,JNPR.W^E14,2013-09-19,ESG-GJR-GARCH(S),0.4225384073231726,7.08486927234934,S,2013-08-22
JNPR,JNPR.W^E14,2013-09-19,GARCH,0.3957372625386304,6.214602419109879,,2013-08-22
JNPR,JNPR.W^E14,2013-09-19,GJR-GARCH,0.4348572076832848,7.503999645797757,,2013-08-22
JNPR,JNPR.W^E14,2013-09-20,EGARCH,0.3835247936544514,5.8369550534797465,,2013-08-22
JNPR,JNPR.W^E14,2013-09-20,ESG-EGARCH,0.3760311999611151,5.611089815245878,all,2013-08-22
JNPR,JNPR.W^E14,2013-09-20,ESG-EGARCH(E),0.3774620841768664,5.653874007585071,E,2013-08-22
JNPR,JNPR.W^E14,2013-09-20,ESG-EGARCH(G),0.3783621913657897,5.6808709466318446,G,2013-08-22
JNPR,JNPR.W^E14,2013-09-20,ESG-EGARCH(S),0.3781109118356499,5.673327843221691,S,2013-08-22
JNPR,JNPR.W^E14,2013-09-20,ESG-GARCH,0.3925436529160011,6.1147031525649975,all,2013-08-22
JNPR,JNPR.W^E14,2013-09-20,ESG-GARCH(E),0.3945123673898043,6.176190794583646,E,2013-08-22
JNPR,JNPR.W^E14,2013-09-20,ESG-GARCH(G),0.3964889788390756,6.238234537335432,G,2013-08-22
JNPR,JNPR.W^E14,2013-09-20,ESG-GARCH(S),0.396069956896651,6.225055982385514,S,2013-08-22
JNPR,JNPR.W^E14,2013-09-20,ESG-GJR-GARCH,0.4173061721090871,6.910493701600759,all,2013-08-22
JNPR,JNPR.W^E14,2013-09-20,ESG-GJR-GARCH(E),0.4204080574159846,7.013608521439755,E,2013-08-22
JNPR,JNPR.W^E14,2013-09-20,ESG-GJR-GARCH(G),0.4229287736242337,7.097966172988031,G,2013-08-22
JNPR,JNPR.W^E14,2013-09-20,ESG-GJR-GARCH(S),0.4225384073231726,7.08486927234934,S,2013-08-22
JNPR,JNPR.W^E14,2013-09-20,GARCH,0.3957372625386304,6.214602419109879,,2013-08-22
JNPR,JNPR.W^E14,2013-09-20,GJR-GARCH,0.4348572076832848,7.503999645797757,,2013-08-22
JNPR,JNPR.W^E14,2013-09-23,EGARCH,0.3835247936544514,5.8369550534797465,,2013-08-22
JNPR,JNPR.W^E14,2013-09-23,ESG-EGARCH,0.3760311999611151,5.611089815245878,all,2013-08-22
JNPR,JNPR.W^E14,2013-09-23,ESG-EGARCH(E),0.3774620841768664,5.653874007585071,E,2013-08-22
JNPR,JNPR.W^E14,2013-09-23,ESG-EGARCH(G),0.3783621913657897,5.6808709466318446,G,2013-08-22
JNPR,JNPR.W^E14,2013-09-23,ESG-EGARCH(S),0.3781109118356499,5.673327843221691,S,2013-08-22
JNPR,JNPR.W^E14,2013-09-23,ESG-GARCH,0.3925436529160011,6.1147031525649975,all,2013-08-22
JNPR,JNPR.W^E14,2013-09-23,ESG-GARCH(E),0.3945123673898043,6.176190794583646,E,2013-08-22
JNPR,JNPR.W^E14,2013-09-23,ESG-GARCH(G),0.3964889788390756,6.238234537335432,G,2013-08-22
JNPR,JNPR.W^E14,2013-09-23,ESG-GARCH(S),0.396069956896651,6.225055982385514,S,2013-08-22
JNPR,JNPR.W^E14,2013-09-23,ESG-GJR-GARCH,0.4173061721090871,6.910493701600759,all,2013-08-22
JNPR,JNPR.W^E14,2013-09-23,ESG-GJR-GARCH(E),0.4204080574159846,7.013608521439755,E,2013-08-22
JNPR,JNPR.W^E14,2013-09-23,ESG-GJR-GARCH(G),0.4229287736242337,7.097966172988031,G,2013-08-22
JNPR,JNPR.W^E14,2013-09-23,ESG-GJR-GARCH(S),0.4225384073231726,7.08486927234934,S,2013-08-22
JNPR,JNPR.W^E14,2013-09-23,GARCH,0.3957372625386304,6.214602419109879,,2013-08-22
JNPR,JNPR.W^E14,2013-09-23,GJR-GARCH,0.4348572076832848,7.503999645797757,,2013-08-22
JNPR,JNPR.W^E14,2013-09-24,EGARCH,0.3835247936544514,5.8369550534797465,,2013-08-22
JNPR,JNPR.W^E14,2013-09-24,ESG-EGARCH,0.3760311999611151,5.611089815245878,all,2013-08-22
JNPR,JNPR.W^E14,2013-09-24,ESG-EGARCH(E),0.3774620841768664,5.653874007585071,E,2013-08-22
JNPR,JNPR.W^E14,2013-09-24,ESG-EGARCH(G),0.3783621913657897,5.6808709466318446,G,2013-08-22
JNPR,JNPR.W^E14,2013-09-24,ESG-EGARCH(S),0.3781109118356499,5.673327843221691,S,2013-08-22
JNPR,JNPR.W^E14,2013-09-24,ESG-GARCH,0.3925436529160011,6.1147031525649975,all,2013-08-22
JNPR,JNPR.W^E14,2013-09-24,ESG-GARCH(E),0.3945123673898043,6.176190794583646,E,2013-08-22
JNPR,JNPR.W^E14,2013-09-24,ESG-GARCH(G),0.3964889788390756,6.238234537335432,G,2013-08-22
JNPR,JNPR.W^E14,2013-09-24,ESG-GARCH(S),0.396069956896651,6.225055982385514,S,2013-08-22
JNPR,JNPR.W^E14,2013-09-24,ESG-GJR-GARCH,0.4173061721090871,6.910493701600759,all,2013-08-22
JNPR,JNPR.W^E14,2013-09-24,ESG-GJR-GARCH(E),0.4204080574159846,7.013608521439755,E,2013-08-22
JNPR,JNPR.W^E14,2013-09-24,ESG-GJR-GARCH(G),0.4229287736242337,7.097966172988031,G,2013-08-22
JNPR,JNPR.W^E14,2013-09-24,ESG-GJR-GARCH(S),0.4225384073231726,7.08486927234934,S,2013-08-22
JNPR,JNPR.W^E14,2013-09-24,GARCH,0.3957372625386304,6.214602419109879,,2013-08-22
JNPR,JNPR.W^E14,2013-09-24,GJR-GARCH,0.4348572076832848,7.503999645797757,,2013-08-22
JNPR,JNPR.W^E14,2013-09-25,EGARCH,0.3604930845691896,5.156954921516225,,2013-09-25
JNPR,JNPR.W^E14,2013-09-25,ESG-EGARCH,0.3604016658542989,5.15433971232356,all,2013-09-25
JNPR,JNPR.W^E14,2013-09-25,ESG-EGARCH(E),0.3612664565827353,5.179105263962119,E,2013-09-25
JNPR,JNPR.W^E14,2013-09-25,ESG-EGARCH(G),0.3616840407244037,5.1910851315369895,G,2013-09-25
JNPR,JNPR.W^E14,2013-09-25,ESG-EGARCH(S),0.3614246515140648,5.183642012780284,S,2013-09-25
JNPR,JNPR.W^E14,2013-09-25,ESG-GARCH,0.3654126887439304,5.298667979963041,all,2013-09-25
JNPR,JNPR.W^E14,2013-09-25,ESG-GARCH(E),0.366732593933097,5.33701569257531,E,2013-09-25
JNPR,JNPR.W^E14,2013-09-25,ESG-GARCH(G),0.36848976432872,5.388282000596654,G,2013-09-25
JNPR,JNPR.W^E14,2013-09-25,ESG-GARCH(S),0.3678001652223525,5.368133394348801,S,2013-09-25
JNPR,JNPR.W^E14,2013-09-25,ESG-GJR-GARCH,0.396993069066873,6.254107019330755,all,2013-09-25
JNPR,JNPR.W^E14,2013-09-25,ESG-GJR-GARCH(E),0.3997711701024721,6.341943985916655,E,2013-09-25
JNPR,JNPR.W^E14,2013-09-25,ESG-GJR-GARCH(G),0.4021032355995967,6.416151273002569,G,2013-09-25
JNPR,JNPR.W^E14,2013-09-25,ESG-GJR-GARCH(S),0.4014988012508,6.396876484358311,S,2013-09-25
JNPR,JNPR.W^E14,2013-09-25,GARCH,0.3600635772649718,5.1446737965416025,,2013-09-25
JNPR,JNPR.W^E14,2013-09-25,GJR-GARCH,0.3946578832472643,6.180747809889338,,2013-09-25
JNPR,JNPR.W^E14,2013-09-26,EGARCH,0.3604930845691896,5.156954921516225,,2013-09-25
JNPR,JNPR.W^E14,2013-09-26,ESG-EGARCH,0.3604016658542989,5.15433971232356,all,2013-09-25
JNPR,JNPR.W^E14,2013-09-26,ESG-EGARCH(E),0.3612664565827353,5.179105263962119,E,2013-09-25
JNPR,JNPR.W^E14,2013-09-26,ESG-EGARCH(G),0.3616840407244037,5.1910851315369895,G,2013-09-25
JNPR,JNPR.W^E14,2013-09-26,ESG-EGARCH(S),0.3614246515140648,5.183642012780284,S,2013-09-25
JNPR,JNPR.W^E14,2013-09-26,ESG-GARCH,0.3654126887439304,5.298667979963041,all,2013-09-25
JNPR,JNPR.W^E14,2013-09-26,ESG-GARCH(E),0.366732593933097,5.33701569257531,E,2013-09-25
JNPR,JNPR.W^E14,2013-09-26,ESG-GARCH(G),0.36848976432872,5.388282000596654,G,2013-09-25
JNPR,JNPR.W^E14,2013-09-26,ESG-GARCH(S),0.3678001652223525,5.368133394348801,S,2013-09-25
JNPR,JNPR.W^E14,2013-09-26,ESG-GJR-GARCH,0.396993069066873,6.254107019330755,all,2013-09-25
JNPR,JNPR.W^E14,2013-09-26,ESG-GJR-GARCH(E),0.3997711701024721,6.341943985916655,E,2013-09-25
JNPR,JNPR.W^E14,2013-09-26,ESG-GJR-GARCH(G),0.4021032355995967,6.416151273002569,G,2013-09-25
JNPR,JNPR.W^E14,2013-09-26,ESG-GJR-GARCH(S),0.4014988012508,6.396876484358311,S,2013-09-25
JNPR,JNPR.W^E14,2013-09-26,GARCH,0.3600635772649718,5.1446737965416025,,2013-09-25
JNPR,JNPR.W^E14,2013-09-26,GJR-GARCH,0.3946578832472643,6.180747809889338,,2013-09-25
JNPR,JNPR.W^E14,2013-09-27,EGARCH,0.3604930845691896,5.156954921516225,,2013-09-25
JNPR,JNPR.W^E14,2013-09-27,ESG-EGARCH,0.3604016658542989,5.15433971232356,all,2013-09-25
JNPR,JNPR.W^E14,2013-09-27,ESG-EGARCH(E),0.3612664565827353,5.179105263962119,E,2013-09-25
JNPR,JNPR.W^E14,2013-09-27,ESG-EGARCH(G),0.3616840407244037,5.1910851315369895,G,2013-09-25
JNPR,JNPR.W^E14,2013-09-27,ESG-EGARCH(S),0.3614246515140648,5.183642012780284,S,2013-09-25
JNPR,JNPR.W^E14,2013-09-27,ESG-GARCH,0.3654126887439304,5.298667979963041,all,2013-09-25
JNPR,JNPR.W^E14,2013-09-27,ESG-GARCH(E),0.366732593933097,5.33701569257531,E,2013-09-25
JNPR,JNPR.W^E14,2013-09-27,ESG-GARCH(G),0.36848976432872,5.388282000596654,G,2013-09-25
JNPR,JNPR.W^E14,2013-09-27,ESG-GARCH(S),0.3678001652223525,5.368133394348801,S,2013-09-25
JNPR,JNPR.W^E14,2013-09-27,ESG-GJR-GARCH,0.396993069066873,6.254107019330755,all,2013-09-25
JNPR,JNPR.W^E14,2013-09-27,ESG-GJR-GARCH(E),0.3997711701024721,6.341943985916655,E,2013-09-25
JNPR,JNPR.W^E14,2013-09-27,ESG-GJR-GARCH(G),0.4021032355995967,6.416151273002569,G,2013-09-25
JNPR,JNPR.W^E14,2013-09-27,ESG-GJR-GARCH(S),0.4014988012508,6.396876484358311,S,2013-09-25
JNPR,JNPR.W^E14,2013-09-27,GARCH,0.3600635772649718,5.1446737965416025,,2013-09-25
JNPR,JNPR.W^E14,2013-09-27,GJR-GARCH,0.3946578832472643,6.180747809889338,,2013-09-25
JNPR,JNPR.W^E14,2013-09-30,EGARCH,0.3604930845691896,5.156954921516225,,2013-09-25
JNPR,JNPR.W^E14,2013-09-30,ESG-EGARCH,0.3604016658542989,5.15433971232356,all,2013-09-25
JNPR,JNPR.W^E14,2013-09-30,ESG-EGARCH(E),0.3612664565827353,5.179105263962119,E,2013-09-25
JNPR,JNPR.W^E14,2013-09-30,ESG-EGARCH(G),0.3616840407244037,5.1910851315369895,G,2013-09-25
JNPR,JNPR.W^E14,2013-09-30,ESG-EGARCH(S),0.3614246515140648,5.183642012780284,S,2013-09-25
JNPR,JNPR.W^E14,2013-09-30,ESG-GARCH,0.3654126887439304,5.298667979963041,all,2013-09-25
JNPR,JNPR.W^E14,2013-09-30,ESG-GARCH(E),0.366732593933097,5.33701569257531,E,2013-09-25
JNPR,JNPR.W^E14,2013-09-30,ESG-GARCH(G),0.36848976432872,5.388282000596654,G,2013-09-25
JNPR,JNPR.W^E14,2013-09-30,ESG-GARCH(S),0.3678001652223525,5.368133394348801,S,2013-09-25
JNPR,JNPR.W^E14,2013-09-30,ESG-GJR-GARCH,0.396993069066873,6.254107019330755,all,2013-09-25
JNPR,JNPR.W^E14,2013-09-30,ESG-GJR-GARCH(E),0.3997711701024721,6.341943985916655,E,2013-09-25
JNPR,JNPR.W^E14,2013-09-30,ESG-GJR-GARCH(G),0.4021032355995967,6.416151273002569,G,2013-09-25
JNPR,JNPR.W^E14,2013-09-30,ESG-GJR-GARCH(S),0.4014988012508,6.396876484358311,S,2013-09-25
JNPR,JNPR.W^E14,2013-09-30,GARCH,0.3600635772649718,5.1446737965416025,,2013-09-25
JNPR,JNPR.W^E14,2013-09-30,GJR-GARCH,0.3946578832472643,6.180747809889338,,2013-09-25
JNPR,JNPR.W^E14,2013-10-01,EGARCH,0.3604930845691896,5.156954921516225,,2013-09-25
JNPR,JNPR.W^E14,2013-10-01,ESG-EGARCH,0.3604016658542989,5.15433971232356,all,2013-09-25
JNPR,JNPR.W^E14,2013-10-01,ESG-EGARCH(E),0.3612664565827353,5.179105263962119,E,2013-09-25
JNPR,JNPR.W^E14,2013-10-01,ESG-EGARCH(G),0.3616840407244037,5.1910851315369895,G,2013-09-25
JNPR,JNPR.W^E14,2013-10-01,ESG-EGARCH(S),0.3614246515140648,5.183642012780284,S,2013-09-25
JNPR,JNPR.W^E14,2013-10-01,ESG-GARCH,0.3654126887439304,5.298667979963041,all,2013-09-25
JNPR,JNPR.W^E14,2013-10-01,ESG-GARCH(E),0.366732593933097,5.33701569257531,E,2013-09-25
JNPR,JNPR.W^E14,2013-10-01,ESG-GARCH(G),0.36848976432872,5.388282000596654,G,2013-09-25
JNPR,JNPR.W^E14,2013-10-01,ESG-GARCH(S),0.3678001652223525,5.368133394348801,S,2013-09-25
JNPR,JNPR.W^E14,2013-10-01,ESG-GJR-GARCH,0.396993069066873,6.254107019330755,all,2013-09-25
JNPR,JNPR.W^E14,2013-10-01,ESG-GJR-GARCH(E),0.3997711701024721,6.341943985916655,E,2013-09-25
JNPR,JNPR.W^E14,2013-10-01,ESG-GJR-GARCH(G),0.4021032355995967,6.416151273002569,G,2013-09-25
JNPR,JNPR.W^E14,2013-10-01,ESG-GJR-GARCH(S),0.4014988012508,6.396876484358311,S,2013-09-25
JNPR,JNPR.W^E14,2013-10-01,GARCH,0.3600635772649718,5.1446737965416025,,2013-09-25
JNPR,JNPR.W^E14,2013-10-01,GJR-GARCH,0.3946578832472643,6.180747809889338,,2013-09-25
JNPR,JNPR.W^E14,2013-10-02,EGARCH,0.3604930845691896,5.156954921516225,,2013-09-25
JNPR,JNPR.W^E14,2013-10-02,ESG-EGARCH,0.3604016658542989,5.15433971232356,all,2013-09-25
JNPR,JNPR.W^E14,2013-10-02,ESG-EGARCH(E),0.3612664565827353,5.179105263962119,E,2013-09-25
JNPR,JNPR.W^E14,2013-10-02,ESG-EGARCH(G),0.3616840407244037,5.1910851315369895,G,2013-09-25
JNPR,JNPR.W^E14,2013-10-02,ESG-EGARCH(S),0.3614246515140648,5.183642012780284,S,2013-09-25
JNPR,JNPR.W^E14,2013-10-02,ESG-GARCH,0.3654126887439304,5.298667979963041,all,2013-09-25
JNPR,JNPR.W^E14,2013-10-02,ESG-GARCH(E),0.366732593933097,5.33701569257531,E,2013-09-25
JNPR,JNPR.W^E14,2013-10-02,ESG-GARCH(G),0.36848976432872,5.388282000596654,G,2013-09-25
JNPR,JNPR.W^E14,2013-10-02,ESG-GARCH(S),0.3678001652223525,5.368133394348801,S,2013-09-25
JNPR,JNPR.W^E14,2013-10-02,ESG-GJR-GARCH,0.396993069066873,6.254107019330755,all,2013-09-25
JNPR,JNPR.W^E14,2013-10-02,ESG-GJR-GARCH(E),0.3997711701024721,6.341943985916655,E,2013-09-25
JNPR,JNPR.W^E14,2013-10-02,ESG-GJR-GARCH(G),0.4021032355995967,6.416151273002569,G,2013-09-25
JNPR,JNPR.W^E14,2013-10-02,ESG-GJR-GARCH(S),0.4014988012508,6.396876484358311,S,2013-09-25
JNPR,JNPR.W^E14,2013-10-02,GARCH,0.3600635772649718,5.1446737965416025,,2013-09-25
JNPR,JNPR.W^E14,2013-10-02,GJR-GARCH,0.3946578832472643,6.180747809889338,,2013-09-25
JNPR,JNPR.W^E14,2013-10-03,EGARCH,0.3604930845691896,5.156954921516225,,2013-09-25
JNPR,JNPR.W^E14,2013-10-03,ESG-EGARCH,0.3604016658542989,5.15433971232356,all,2013-09-25
JNPR,JNPR.W^E14,2013-10-03,ESG-EGARCH(E),0.3612664565827353,5.179105263962119,E,2013-09-25
JNPR,JNPR.W^E14,2013-10-03,ESG-EGARCH(G),0.3616840407244037,5.1910851315369895,G,2013-09-25
JNPR,JNPR.W^E14,2013-10-03,ESG-EGARCH(S),0.3614246515140648,5.183642012780284,S,2013-09-25
JNPR,JNPR.W^E14,2013-10-03,ESG-GARCH,0.3654126887439304,5.298667979963041,all,2013-09-25
JNPR,JNPR.W^E14,2013-10-03,ESG-GARCH(E),0.366732593933097,5.33701569257531,E,2013-09-25
JNPR,JNPR.W^E14,2013-10-03,ESG-GARCH(G),0.36848976432872,5.388282000596654,G,2013-09-25
JNPR,JNPR.W^E14,2013-10-03,ESG-GARCH(S),0.3678001652223525,5.368133394348801,S,2013-09-25
JNPR,JNPR.W^E14,2013-10-03,ESG-GJR-GARCH,0.396993069066873,6.254107019330755,all,2013-09-25
JNPR,JNPR.W^E14,2013-10-03,ESG-GJR-GARCH(E),0.3997711701024721,6.341943985916655,E,2013-09-25
JNPR,JNPR.W^E14,2013-10-03,ESG-GJR-GARCH(G),0.4021032355995967,6.416151273002569,G,2013-09-25
JNPR,JNPR.W^E14,2013-10-03,ESG-GJR-GARCH(S),0.4014988012508,6.396876484358311,S,2013-09-25
JNPR,JNPR.W^E14,2013-10-03,GARCH,0.3600635772649718,5.1446737965416025,,2013-09-25
JNPR,JNPR.W^E14,2013-10-03,GJR-GARCH,0.3946578832472643,6.180747809889338,,2013-09-25
JNPR,JNPR.W^E14,2013-10-04,EGARCH,0.3604930845691896,5.156954921516225,,2013-09-25
JNPR,JNPR.W^E14,2013-10-04,ESG-EGARCH,0.3604016658542989,5.15433971232356,all,2013-09-25
JNPR,JNPR.W^E14,2013-10-04,ESG-EGARCH(E),0.3612664565827353,5.179105263962119,E,2013-09-25
JNPR,JNPR.W^E14,2013-10-04,ESG-EGARCH(G),0.3616840407244037,5.1910851315369895,G,2013-09-25
JNPR,JNPR.W^E14,2013-10-04,ESG-EGARCH(S),0.3614246515140648,5.183642012780284,S,2013-09-25
JNPR,JNPR.W^E14,2013-10-04,ESG-GARCH,0.3654126887439304,5.298667979963041,all,2013-09-25
JNPR,JNPR.W^E14,2013-10-04,ESG-GARCH(E),0.366732593933097,5.33701569257531,E,2013-09-25
JNPR,JNPR.W^E14,2013-10-04,ESG-GARCH(G),0.36848976432872,5.388282000596654,G,2013-09-25
JNPR,JNPR.W^E14,2013-10-04,ESG-GARCH(S),0.3678001652223525,5.368133394348801,S,2013-09-25
JNPR,JNPR.W^E14,2013-10-04,ESG-GJR-GARCH,0.396993069066873,6.254107019330755,all,2013-09-25
JNPR,JNPR.W^E14,2013-10-04,ESG-GJR-GARCH(E),0.3997711701024721,6.341943985916655,E,2013-09-25
JNPR,JNPR.W^E14,2013-10-04,ESG-GJR-GARCH(G),0.4021032355995967,6.416151273002569,G,2013-09-25
JNPR,JNPR.W^E14,2013-10-04,ESG-GJR-GARCH(S),0.4014988012508,6.396876484358311,S,2013-09-25
JNPR,JNPR.W^E14,2013-10-04,GARCH,0.3600635772649718,5.1446737965416025,,2013-09-25
JNPR,JNPR.W^E14,2013-10-04,GJR-GARCH,0.3946578832472643,6.180747809889338,,2013-09-25
JNPR,JNPR.W^E14,2013-10-07,EGARCH,0.3604930845691896,5.156954921516225,,2013-09-25
JNPR,JNPR.W^E14,2013-10-07,ESG-EGARCH,0.3604016658542989,5.15433971232356,all,2013-09-25
JNPR,JNPR.W^E14,2013-10-07,ESG-EGARCH(E),0.3612664565827353,5.179105263962119,E,2013-09-25
JNPR,JNPR.W^E14,2013-10-07,ESG-EGARCH(G),0.3616840407244037,5.1910851315369895,G,2013-09-25
JNPR,JNPR.W^E14,2013-10-07,ESG-EGARCH(S),0.3614246515140648,5.183642012780284,S,2013-09-25
JNPR,JNPR.W^E14,2013-10-07,ESG-GARCH,0.3654126887439304,5.298667979963041,all,2013-09-25
JNPR,JNPR.W^E14,2013-10-07,ESG-GARCH(E),0.366732593933097,5.33701569257531,E,2013-09-25
JNPR,JNPR.W^E14,2013-10-07,ESG-GARCH(G),0.36848976432872,5.388282000596654,G,2013-09-25
JNPR,JNPR.W^E14,2013-10-07,ESG-GARCH(S),0.3678001652223525,5.368133394348801,S,2013-09-25
JNPR,JNPR.W^E14,2013-10-07,ESG-GJR-GARCH,0.396993069066873,6.254107019330755,all,2013-09-25
JNPR,JNPR.W^E14,2013-10-07,ESG-GJR-GARCH(E),0.3997711701024721,6.341943985916655,E,2013-09-25
JNPR,JNPR.W^E14,2013-10-07,ESG-GJR-GARCH(G),0.4021032355995967,6.416151273002569,G,2013-09-25
JNPR,JNPR.W^E14,2013-10-07,ESG-GJR-GARCH(S),0.4014988012508,6.396876484358311,S,2013-09-25
JNPR,JNPR.W^E14,2013-10-07,GARCH,0.3600635772649718,5.1446737965416025,,2013-09-25
JNPR,JNPR.W^E14,2013-10-07,GJR-GARCH,0.3946578832472643,6.180747809889338,,2013-09-25
JNPR,JNPR.W^E14,2013-10-08,EGARCH,0.3604930845691896,5.156954921516225,,2013-09-25
JNPR,JNPR.W^E14,2013-10-08,ESG-EGARCH,0.3604016658542989,5.15433971232356,all,2013-09-25
JNPR,JNPR.W^E14,2013-10-08,ESG-EGARCH(E),0.3612664565827353,5.179105263962119,E,2013-09-25
JNPR,JNPR.W^E14,2013-10-08,ESG-EGARCH(G),0.3616840407244037,5.1910851315369895,G,2013-09-25
JNPR,JNPR.W^E14,2013-10-08,ESG-EGARCH(S),0.3614246515140648,5.183642012780284,S,2013-09-25
JNPR,JNPR.W^E14,2013-10-08,ESG-GARCH,0.3654126887439304,5.298667979963041,all,2013-09-25
JNPR,JNPR.W^E14,2013-10-08,ESG-GARCH(E),0.366732593933097,5.33701569257531,E,2013-09-25
JNPR,JNPR.W^E14,2013-10-08,ESG-GARCH(G),0.36848976432872,5.388282000596654,G,2013-09-25
JNPR,JNPR.W^E14,2013-10-08,ESG-GARCH(S),0.3678001652223525,5.368133394348801,S,2013-09-25
JNPR,JNPR.W^E14,2013-10-08,ESG-GJR-GARCH,0.396993069066873,6.254107019330755,all,2013-09-25
JNPR,JNPR.W^E14,2013-10-08,ESG-GJR-GARCH(E),0.3997711701024721,6.341943985916655,E,2013-09-25
JNPR,JNPR.W^E14,2013-10-08,ESG-GJR-GARCH(G),0.4021032355995967,6.416151273002569,G,2013-09-25
JNPR,JNPR.W^E14,2013-10-08,ESG-GJR-GARCH(S),0.4014988012508,6.396876484358311,S,2013-09-25
JNPR,JNPR.W^E14,2013-10-08,GARCH,0.3600635772649718,5.1446737965416025,,2013-09-25
JNPR,JNPR.W^E14,2013-10-08,GJR-GARCH,0.3946578832472643,6.180747809889338,,2013-09-25
JNPR,JNPR.W^E14,2013-10-09,EGARCH,0.3604930845691896,5.156954921516225,,2013-09-25
JNPR,JNPR.W^E14,2013-10-09,ESG-EGARCH,0.3604016658542989,5.15433971232356,all,2013-09-25
JNPR,JNPR.W^E14,2013-10-09,ESG-EGARCH(E),0.3612664565827353,5.179105263962119,E,2013-09-25
JNPR,JNPR.W^E14,2013-10-09,ESG-EGARCH(G),0.3616840407244037,5.1910851315369895,G,2013-09-25
JNPR,JNPR.W^E14,2013-10-09,ESG-EGARCH(S),0.3614246515140648,5.183642012780284,S,2013-09-25
JNPR,JNPR.W^E14,2013-10-09,ESG-GARCH,0.3654126887439304,5.298667979963041,all,2013-09-25
JNPR,JNPR.W^E14,2013-10-09,ESG-GARCH(E),0.366732593933097,5.33701569257531,E,2013-09-25
JNPR,JNPR.W^E14,2013-10-09,ESG-GARCH(G),0.36848976432872,5.388282000596654,G,2013-09-25
JNPR,JNPR.W^E14,2013-10-09,ESG-GARCH(S),0.3678001652223525,5.368133394348801,S,2013-09-25
JNPR,JNPR.W^E14,2013-10-09,ESG-GJR-GARCH,0.396993069066873,6.254107019330755,all,2013-09-25
JNPR,JNPR.W^E14,2013-10-09,ESG-GJR-GARCH(E),0.3997711701024721,6.341943985916655,E,2013-09-25
JNPR,JNPR.W^E14,2013-10-09,ESG-GJR-GARCH(G),0.4021032355995967,6.416151273002569,G,2013-09-25
JNPR,JNPR.W^E14,2013-10-09,ESG-GJR-GARCH(S),0.4014988012508,6.396876484358311,S,2013-09-25
JNPR,JNPR.W^E14,2013-10-09,GARCH,0.3600635772649718,5.1446737965416025,,2013-09-25
JNPR,JNPR.W^E14,2013-10-09,GJR-GARCH,0.3946578832472643,6.180747809889338,,2013-09-25
JNPR,JNPR.W^E14,2013-10-10,EGARCH,0.3604930845691896,5.156954921516225,,2013-09-25
JNPR,JNPR.W^E14,2013-10-10,ESG-EGARCH,0.3604016658542989,5.15433971232356,all,2013-09-25
JNPR,JNPR.W^E14,2013-10-10,ESG-EGARCH(E),0.3612664565827353,5.179105263962119,E,2013-09-25
JNPR,JNPR.W^E14,2013-10-10,ESG-EGARCH(G),0.3616840407244037,5.1910851315369895,G,2013-09-25
JNPR,JNPR.W^E14,2013-10-10,ESG-EGARCH(S),0.3614246515140648,5.183642012780284,S,2013-09-25
JNPR,JNPR.W^E14,2013-10-10,ESG-GARCH,0.3654126887439304,5.298667979963041,all,2013-09-25
JNPR,JNPR.W^E14,2013-10-10,ESG-GARCH(E),0.366732593933097,5.33701569257531,E,2013-09-25
JNPR,JNPR.W^E14,2013-10-10,ESG-GARCH(G),0.36848976432872,5.388282000596654,G,2013-09-25
JNPR,JNPR.W^E14,2013-10-10,ESG-GARCH(S),0.3678001652223525,5.368133394348801,S,2013-09-25
JNPR,JNPR.W^E14,2013-10-10,ESG-GJR-GARCH,0.396993069066873,6.254107019330755,all,2013-09-25
JNPR,JNPR.W^E14,2013-10-10,ESG-GJR-GARCH(E),0.3997711701024721,6.341943985916655,E,2013-09-25
JNPR,JNPR.W^E14,2013-10-10,ESG-GJR-GARCH(G),0.4021032355995967,6.416151273002569,G,2013-09-25
JNPR,JNPR.W^E14,2013-10-10,ESG-GJR-GARCH(S),0.4014988012508,6.396876484358311,S,2013-09-25
JNPR,JNPR.W^E14,2013-10-10,GARCH,0.3600635772649718,5.1446737965416025,,2013-09-25
JNPR,JNPR.W^E14,2013-10-10,GJR-GARCH,0.3946578832472643,6.180747809889338,,2013-09-25
JNPR,JNPR.W^E14,2013-10-11,EGARCH,0.3604930845691896,5.156954921516225,,2013-09-25
JNPR,JNPR.W^E14,2013-10-11,ESG-EGARCH,0.3604016658542989,5.15433971232356,all,2013-09-25
JNPR,JNPR.W^E14,2013-10-11,ESG-EGARCH(E),0.3612664565827353,5.179105263962119,E,2013-09-25
JNPR,JNPR.W^E14,2013-10-11,ESG-EGARCH(G),0.3616840407244037,5.1910851315369895,G,2013-09-25
JNPR,JNPR.W^E14,2013-10-11,ESG-EGARCH(S),0.3614246515140648,5.183642012780284,S,2013-09-25
JNPR,JNPR.W^E14,2013-10-11,ESG-GARCH,0.3654126887439304,5.298667979963041,all,2013-09-25
JNPR,JNPR.W^E14,2013-10-11,ESG-GARCH(E),0.366732593933097,5.33701569257531,E,2013-09-25
JNPR,JNPR.W^E14,2013-10-11,ESG-GARCH(G),0.36848976432872,5.388282000596654,G,2013-09-25
JNPR,JNPR.W^E14,2013-10-11,ESG-GARCH(S),0.3678001652223525,5.368133394348801,S,2013-09-25
JNPR,JNPR.W^E14,2013-10-11,ESG-GJR-GARCH,0.396993069066873,6.254107019330755,all,2013-09-25
JNPR,JNPR.W^E14,2013-10-11,ESG-GJR-GARCH(E),0.3997711701024721,6.341943985916655,E,2013-09-25
JNPR,JNPR.W^E14,2013-10-11,ESG-GJR-GARCH(G),0.4021032355995967,6.416151273002569,G,2013-09-25
JNPR,JNPR.W^E14,2013-10-11,ESG-GJR-GARCH(S),0.4014988012508,6.396876484358311,S,2013-09-25
JNPR,JNPR.W^E14,2013-10-11,GARCH,0.3600635772649718,5.1446737965416025,,2013-09-25
JNPR,JNPR.W^E14,2013-10-11,GJR-GARCH,0.3946578832472643,6.180747809889338,,2013-09-25
JNPR,JNPR.W^E14,2013-10-14,EGARCH,0.3604930845691896,5.156954921516225,,2013-09-25
JNPR,JNPR.W^E14,2013-10-14,ESG-EGARCH,0.3604016658542989,5.15433971232356,all,2013-09-25
JNPR,JNPR.W^E14,2013-10-14,ESG-EGARCH(E),0.3612664565827353,5.179105263962119,E,2013-09-25
JNPR,JNPR.W^E14,2013-10-14,ESG-EGARCH(G),0.3616840407244037,5.1910851315369895,G,2013-09-25
JNPR,JNPR.W^E14,2013-10-14,ESG-EGARCH(S),0.3614246515140648,5.183642012780284,S,2013-09-25
JNPR,JNPR.W^E14,2013-10-14,ESG-GARCH,0.3654126887439304,5.298667979963041,all,2013-09-25
JNPR,JNPR.W^E14,2013-10-14,ESG-GARCH(E),0.366732593933097,5.33701569257531,E,2013-09-25
JNPR,JNPR.W^E14,2013-10-14,ESG-GARCH(G),0.36848976432872,5.388282000596654,G,2013-09-25
JNPR,JNPR.W^E14,2013-10-14,ESG-GARCH(S),0.3678001652223525,5.368133394348801,S,2013-09-25
JNPR,JNPR.W^E14,2013-10-14,ESG-GJR-GARCH,0.396993069066873,6.254107019330755,all,2013-09-25
JNPR,JNPR.W^E14,2013-10-14,ESG-GJR-GARCH(E),0.3997711701024721,6.341943985916655,E,2013-09-25
JNPR,JNPR.W^E14,2013-10-14,ESG-GJR-GARCH(G),0.4021032355995967,6.416151273002569,G,2013-09-25
JNPR,JNPR.W^E14,2013-10-14,ESG-GJR-GARCH(S),0.4014988012508,6.396876484358311,S,2013-09-25
JNPR,JNPR.W^E14,2013-10-14,GARCH,0.3600635772649718,5.1446737965416025,,2013-09-25
JNPR,JNPR.W^E14,2013-10-14,GJR-GARCH,0.3946578832472643,6.180747809889338,,2013-09-25
JNPR,JNPR.W^E14,2013-10-15,EGARCH,0.3604930845691896,5.156954921516225,,2013-09-25
JNPR,JNPR.W^E14,2013-10-15,ESG-EGARCH,0.3604016658542989,5.15433971232356,all,2013-09-25
JNPR,JNPR.W^E14,2013-10-15,ESG-EGARCH(E),0.3612664565827353,5.179105263962119,E,2013-09-25
JNPR,JNPR.W^E14,2013-10-15,ESG-EGARCH(G),0.3616840407244037,5.1910851315369895,G,2013-09-25
JNPR,JNPR.W^E14,2013-10-15,ESG-EGARCH(S),0.3614246515140648,5.183642012780284,S,2013-09-25
JNPR,JNPR.W^E14,2013-10-15,ESG-GARCH,0.3654126887439304,5.298667979963041,all,2013-09-25
JNPR,JNPR.W^E14,2013-10-15,ESG-GARCH(E),0.366732593933097,5.33701569257531,E,2013-09-25
JNPR,JNPR.W^E14,2013-10-15,ESG-GARCH(G),0.36848976432872,5.388282000596654,G,2013-09-25
JNPR,JNPR.W^E14,2013-10-15,ESG-GARCH(S),0.3678001652223525,5.368133394348801,S,2013-09-25
JNPR,JNPR.W^E14,2013-10-15,ESG-GJR-GARCH,0.396993069066873,6.254107019330755,all,2013-09-25
JNPR,JNPR.W^E14,2013-10-15,ESG-GJR-GARCH(E),0.3997711701024721,6.341943985916655,E,2013-09-25
JNPR,JNPR.W^E14,2013-10-15,ESG-GJR-GARCH(G),0.4021032355995967,6.416151273002569,G,2013-09-25
JNPR,JNPR.W^E14,2013-10-15,ESG-GJR-GARCH(S),0.4014988012508,6.396876484358311,S,2013-09-25
JNPR,JNPR.W^E14,2013-10-15,GARCH,0.3600635772649718,5.1446737965416025,,2013-09-25
JNPR,JNPR.W^E14,2013-10-15,GJR-GARCH,0.3946578832472643,6.180747809889338,,2013-09-25
JNPR,JNPR.W^E14,2013-10-16,EGARCH,0.3604930845691896,5.156954921516225,,2013-09-25
JNPR,JNPR.W^E14,2013-10-16,ESG-EGARCH,0.3604016658542989,5.15433971232356,all,2013-09-25
JNPR,JNPR.W^E14,2013-10-16,ESG-EGARCH(E),0.3612664565827353,5.179105263962119,E,2013-09-25
JNPR,JNPR.W^E14,2013-10-16,ESG-EGARCH(G),0.3616840407244037,5.1910851315369895,G,2013-09-25
JNPR,JNPR.W^E14,2013-10-16,ESG-EGARCH(S),0.3614246515140648,5.183642012780284,S,2013-09-25
JNPR,JNPR.W^E14,2013-10-16,ESG-GARCH,0.3654126887439304,5.298667979963041,all,2013-09-25
JNPR,JNPR.W^E14,2013-10-16,ESG-GARCH(E),0.366732593933097,5.33701569257531,E,2013-09-25
JNPR,JNPR.W^E14,2013-10-16,ESG-GARCH(G),0.36848976432872,5.388282000596654,G,2013-09-25
JNPR,JNPR.W^E14,2013-10-16,ESG-GARCH(S),0.3678001652223525,5.368133394348801,S,2013-09-25
JNPR,JNPR.W^E14,2013-10-16,ESG-GJR-GARCH,0.396993069066873,6.254107019330755,all,2013-09-25
JNPR,JNPR.W^E14,2013-10-16,ESG-GJR-GARCH(E),0.3997711701024721,6.341943985916655,E,2013-09-25
JNPR,JNPR.W^E14,2013-10-16,ESG-GJR-GARCH(G),0.4021032355995967,6.416151273002569,G,2013-09-25
JNPR,JNPR.W^E14,2013-10-16,ESG-GJR-GARCH(S),0.4014988012508,6.396876484358311,S,2013-09-25
JNPR,JNPR.W^E14,2013-10-16,GARCH,0.3600635772649718,5.1446737965416025,,2013-09-25
JNPR,JNPR.W^E14,2013-10-16,GJR-GARCH,0.3946578832472643,6.180747809889338,,2013-09-25
JNPR,JNPR.W^E14,2013-10-17,EGARCH,0.3604930845691896,5.156954921516225,,2013-09-25
JNPR,JNPR.W^E14,2013-10-17,ESG-EGARCH,0.3604016658542989,5.15433971232356,all,2013-09-25
JNPR,JNPR.W^E14,2013-10-17,ESG-EGARCH(E),0.3612664565827353,5.179105263962119,E,2013-09-25
JNPR,JNPR.W^E14,2013-10-17,ESG-EGARCH(G),0.3616840407244037,5.1910851315369895,G,2013-09-25
JNPR,JNPR.W^E14,2013-10-17,ESG-EGARCH(S),0.3614246515140648,5.183642012780284,S,2013-09-25
JNPR,JNPR.W^E14,2013-10-17,ESG-GARCH,0.3654126887439304,5.298667979963041,all,2013-09-25
JNPR,JNPR.W^E14,2013-10-17,ESG-GARCH(E),0.366732593933097,5.33701569257531,E,2013-09-25
JNPR,JNPR.W^E14,2013-10-17,ESG-GARCH(G),0.36848976432872,5.388282000596654,G,2013-09-25
JNPR,JNPR.W^E14,2013-10-17,ESG-GARCH(S),0.3678001652223525,5.368133394348801,S,2013-09-25
JNPR,JNPR.W^E14,2013-10-17,ESG-GJR-GARCH,0.396993069066873,6.254107019330755,all,2013-09-25
JNPR,JNPR.W^E14,2013-10-17,ESG-GJR-GARCH(E),0.3997711701024721,6.341943985916655,E,2013-09-25
JNPR,JNPR.W^E14,2013-10-17,ESG-GJR-GARCH(G),0.4021032355995967,6.416151273002569,G,2013-09-25
JNPR,JNPR.W^E14,2013-10-17,ESG-GJR-GARCH(S),0.4014988012508,6.396876484358311,S,2013-09-25
JNPR,JNPR.W^E14,2013-10-17,GARCH,0.3600635772649718,5.1446737965416025,,2013-09-25
JNPR,JNPR.W^E14,2013-10-17,GJR-GARCH,0.3946578832472643,6.180747809889338,,2013-09-25
JNPR,JNPR.W^E14,2013-10-18,EGARCH,0.3604930845691896,5.156954921516225,,2013-09-25
JNPR,JNPR.W^E14,2013-10-18,ESG-EGARCH,0.3604016658542989,5.15433971232356,all,2013-09-25
JNPR,JNPR.W^E14,2013-10-18,ESG-EGARCH(E),0.3612664565827353,5.179105263962119,E,2013-09-25
JNPR,JNPR.W^E14,2013-10-18,ESG-EGARCH(G),0.3616840407244037,5.1910851315369895,G,2013-09-25
JNPR,JNPR.W^E14,2013-10-18,ESG-EGARCH(S),0.3614246515140648,5.183642012780284,S,2013-09-25
JNPR,JNPR.W^E14,2013-10-18,ESG-GARCH,0.3654126887439304,5.298667979963041,all,2013-09-25
JNPR,JNPR.W^E14,2013-10-18,ESG-GARCH(E),0.366732593933097,5.33701569257531,E,2013-09-25
JNPR,JNPR.W^E14,2013-10-18,ESG-GARCH(G),0.36848976432872,5.388282000596654,G,2013-09-25
JNPR,JNPR.W^E14,2013-10-18,ESG-GARCH(S),0.3678001652223525,5.368133394348801,S,2013-09-25
JNPR,JNPR.W^E14,2013-10-18,ESG-GJR-GARCH,0.396993069066873,6.254107019330755,all,2013-09-25
JNPR,JNPR.W^E14,2013-10-18,ESG-GJR-GARCH(E),0.3997711701024721,6.341943985916655,E,2013-09-25
JNPR,JNPR.W^E14,2013-10-18,ESG-GJR-GARCH(G),0.4021032355995967,6.416151273002569,G,2013-09-25
JNPR,JNPR.W^E14,2013-10-18,ESG-GJR-GARCH(S),0.4014988012508,6.396876484358311,S,2013-09-25
JNPR,JNPR.W^E14,2013-10-18,GARCH,0.3600635772649718,5.1446737965416025,,2013-09-25
JNPR,JNPR.W^E14,2013-10-18,GJR-GARCH,0.3946578832472643,6.180747809889338,,2013-09-25
JNPR,JNPR.W^E14,2013-10-21,EGARCH,0.3604930845691896,5.156954921516225,,2013-09-25
JNPR,JNPR.W^E14,2013-10-21,ESG-EGARCH,0.3604016658542989,5.15433971232356,all,2013-09-25
JNPR,JNPR.W^E14,2013-10-21,ESG-EGARCH(E),0.3612664565827353,5.179105263962119,E,2013-09-25
JNPR,JNPR.W^E14,2013-10-21,ESG-EGARCH(G),0.3616840407244037,5.1910851315369895,G,2013-09-25
JNPR,JNPR.W^E14,2013-10-21,ESG-EGARCH(S),0.3614246515140648,5.183642012780284,S,2013-09-25
JNPR,JNPR.W^E14,2013-10-21,ESG-GARCH,0.3654126887439304,5.298667979963041,all,2013-09-25
JNPR,JNPR.W^E14,2013-10-21,ESG-GARCH(E),0.366732593933097,5.33701569257531,E,2013-09-25
JNPR,JNPR.W^E14,2013-10-21,ESG-GARCH(G),0.36848976432872,5.388282000596654,G,2013-09-25
JNPR,JNPR.W^E14,2013-10-21,ESG-GARCH(S),0.3678001652223525,5.368133394348801,S,2013-09-25
JNPR,JNPR.W^E14,2013-10-21,ESG-GJR-GARCH,0.396993069066873,6.254107019330755,all,2013-09-25
JNPR,JNPR.W^E14,2013-10-21,ESG-GJR-GARCH(E),0.3997711701024721,6.341943985916655,E,2013-09-25
JNPR,JNPR.W^E14,2013-10-21,ESG-GJR-GARCH(G),0.4021032355995967,6.416151273002569,G,2013-09-25
JNPR,JNPR.W^E14,2013-10-21,ESG-GJR-GARCH(S),0.4014988012508,6.396876484358311,S,2013-09-25
JNPR,JNPR.W^E14,2013-10-21,GARCH,0.3600635772649718,5.1446737965416025,,2013-09-25
JNPR,JNPR.W^E14,2013-10-21,GJR-GARCH,0.3946578832472643,6.180747809889338,,2013-09-25
JNPR,JNPR.W^E14,2013-10-22,EGARCH,0.3604930845691896,5.156954921516225,,2013-09-25
JNPR,JNPR.W^E14,2013-10-22,ESG-EGARCH,0.3604016658542989,5.15433971232356,all,2013-09-25
JNPR,JNPR.W^E14,2013-10-22,ESG-EGARCH(E),0.3612664565827353,5.179105263962119,E,2013-09-25
JNPR,JNPR.W^E14,2013-10-22,ESG-EGARCH(G),0.3616840407244037,5.1910851315369895,G,2013-09-25
JNPR,JNPR.W^E14,2013-10-22,ESG-EGARCH(S),0.3614246515140648,5.183642012780284,S,2013-09-25
JNPR,JNPR.W^E14,2013-10-22,ESG-GARCH,0.3654126887439304,5.298667979963041,all,2013-09-25
JNPR,JNPR.W^E14,2013-10-22,ESG-GARCH(E),0.366732593933097,5.33701569257531,E,2013-09-25
JNPR,JNPR.W^E14,2013-10-22,ESG-GARCH(G),0.36848976432872,5.388282000596654,G,2013-09-25
JNPR,JNPR.W^E14,2013-10-22,ESG-GARCH(S),0.3678001652223525,5.368133394348801,S,2013-09-25
JNPR,JNPR.W^E14,2013-10-22,ESG-GJR-GARCH,0.396993069066873,6.254107019330755,all,2013-09-25
JNPR,JNPR.W^E14,2013-10-22,ESG-GJR-GARCH(E),0.3997711701024721,6.341943985916655,E,2013-09-25
JNPR,JNPR.W^E14,2013-10-22,ESG-GJR-GARCH(G),0.4021032355995967,6.416151273002569,G,2013-09-25
JNPR,JNPR.W^E14,2013-10-22,ESG-GJR-GARCH(S),0.4014988012508,6.396876484358311,S,2013-09-25
JNPR,JNPR.W^E14,2013-10-22,GARCH,0.3600635772649718,5.1446737965416025,,2013-09-25
JNPR,JNPR.W^E14,2013-10-22,GJR-GARCH,0.3946578832472643,6.180747809889338,,2013-09-25
JNPR,JNPR.W^E14,2013-10-23,EGARCH,0.3604930845691896,5.156954921516225,,2013-09-25
JNPR,JNPR.W^E14,2013-10-23,ESG-EGARCH,0.3604016658542989,5.15433971232356,all,2013-09-25
JNPR,JNPR.W^E14,2013-10-23,ESG-EGARCH(E),0.3612664565827353,5.179105263962119,E,2013-09-25
JNPR,JNPR.W^E14,2013-10-23,ESG-EGARCH(G),0.3616840407244037,5.1910851315369895,G,2013-09-25
JNPR,JNPR.W^E14,2013-10-23,ESG-EGARCH(S),0.3614246515140648,5.183642012780284,S,2013-09-25
JNPR,JNPR.W^E14,2013-10-23,ESG-GARCH,0.3654126887439304,5.298667979963041,all,2013-09-25
JNPR,JNPR.W^E14,2013-10-23,ESG-GARCH(E),0.366732593933097,5.33701569257531,E,2013-09-25
JNPR,JNPR.W^E14,2013-10-23,ESG-GARCH(G),0.36848976432872,5.388282000596654,G,2013-09-25
JNPR,JNPR.W^E14,2013-10-23,ESG-GARCH(S),0.3678001652223525,5.368133394348801,S,2013-09-25
JNPR,JNPR.W^E14,2013-10-23,ESG-GJR-GARCH,0.396993069066873,6.254107019330755,all,2013-09-25
JNPR,JNPR.W^E14,2013-10-23,ESG-GJR-GARCH(E),0.3997711701024721,6.341943985916655,E,2013-09-25
JNPR,JNPR.W^E14,2013-10-23,ESG-GJR-GARCH(G),0.4021032355995967,6.416151273002569,G,2013-09-25
JNPR,JNPR.W^E14,2013-10-23,ESG-GJR-GARCH(S),0.4014988012508,6.396876484358311,S,2013-09-25
JNPR,JNPR.W^E14,2013-10-23,GARCH,0.3600635772649718,5.1446737965416025,,2013-09-25
JNPR,JNPR.W^E14,2013-10-23,GJR-GARCH,0.3946578832472643,6.180747809889338,,2013-09-25
JNPR,JNPR.W^E14,2013-10-24,EGARCH,0.3604930845691896,5.156954921516225,,2013-09-25
JNPR,JNPR.W^E14,2013-10-24,ESG-EGARCH,0.3604016658542989,5.15433971232356,all,2013-09-25
JNPR,JNPR.W^E14,2013-10-24,ESG-EGARCH(E),0.3612664565827353,5.179105263962119,E,2013-09-25
JNPR,JNPR.W^E14,2013-10-24,ESG-EGARCH(G),0.3616840407244037,5.1910851315369895,G,2013-09-25
JNPR,JNPR.W^E14,2013-10-24,ESG-EGARCH(S),0.3614246515140648,5.183642012780284,S,2013-09-25
JNPR,JNPR.W^E14,2013-10-24,ESG-GARCH,0.3654126887439304,5.298667979963041,all,2013-09-25
JNPR,JNPR.W^E14,2013-10-24,ESG-GARCH(E),0.366732593933097,5.33701569257531,E,2013-09-25
JNPR,JNPR.W^E14,2013-10-24,ESG-GARCH(G),0.36848976432872,5.388282000596654,G,2013-09-25
JNPR,JNPR.W^E14,2013-10-24,ESG-GARCH(S),0.3678001652223525,5.368133394348801,S,2013-09-25
JNPR,JNPR.W^E14,2013-10-24,ESG-GJR-GARCH,0.396993069066873,6.254107019330755,all,2013-09-25
JNPR,JNPR.W^E14,2013-10-24,ESG-GJR-GARCH(E),0.3997711701024721,6.341943985916655,E,2013-09-25
JNPR,JNPR.W^E14,2013-10-24,ESG-GJR-GARCH(G),0.4021032355995967,6.416151273002569,G,2013-09-25
JNPR,JNPR.W^E14,2013-10-24,ESG-GJR-GARCH(S),0.4014988012508,6.396876484358311,S,2013-09-25
JNPR,JNPR.W^E14,2013-10-24,GARCH,0.3600635772649718,5.1446737965416025,,2013-09-25
JNPR,JNPR.W^E14,2013-10-24,GJR-GARCH,0.3946578832472643,6.180747809889338,,2013-09-25
JNPR,JNPR.W^E14,2013-10-25,EGARCH,0.4062900849964905,6.550461633589504,,2013-10-25
JNPR,JNPR.W^E14,2013-10-25,ESG-EGARCH,0.3998625605551732,6.3448439418150615,all,2013-10-25
JNPR,JNPR.W^E14,2013-10-25,ESG-EGARCH(E),0.4013006489246207,6.390563921719115,E,2013-10-25
JNPR,JNPR.W^E14,2013-10-25,ESG-EGARCH(G),0.4021439133127885,6.417449484703317,G,2013-10-25
JNPR,JNPR.W^E14,2013-10-25,ESG-EGARCH(S),0.4020336469060167,6.4139306843076085,S,2013-10-25
JNPR,JNPR.W^E14,2013-10-25,ESG-GARCH,0.4780393675527286,9.068318925802092,all,2013-10-25
JNPR,JNPR.W^E14,2013-10-25,ESG-GARCH(E),0.482063857747697,9.221649323277456,E,2013-10-25
JNPR,JNPR.W^E14,2013-10-25,ESG-GARCH(G),0.4840730337908295,9.298678652518158,G,2013-10-25
JNPR,JNPR.W^E14,2013-10-25,ESG-GARCH(S),0.4845257559143729,9.316079688269625,S,2013-10-25
JNPR,JNPR.W^E14,2013-10-25,ESG-GJR-GARCH,0.5949283645715511,14.045228530626206,all,2013-10-25
JNPR,JNPR.W^E14,2013-10-25,ESG-GJR-GARCH(E),0.6023225192934839,14.39652449397021,E,2013-10-25
JNPR,JNPR.W^E14,2013-10-25,ESG-GJR-GARCH(G),0.6053502849673033,14.541625694841082,G,2013-10-25
JNPR,JNPR.W^E14,2013-10-25,ESG-GJR-GARCH(S),0.6063801397367066,14.59114578837729,S,2013-10-25
JNPR,JNPR.W^E14,2013-10-25,GARCH,0.4811779772166734,9.187787530092438,,2013-10-25
JNPR,JNPR.W^E14,2013-10-25,GJR-GARCH,0.609759193199737,14.754217209983896,,2013-10-25
JNPR,JNPR.W^E14,2013-10-28,EGARCH,0.4062900849964905,6.550461633589504,,2013-10-25
JNPR,JNPR.W^E14,2013-10-28,ESG-EGARCH,0.3998625605551732,6.3448439418150615,all,2013-10-25
JNPR,JNPR.W^E14,2013-10-28,ESG-EGARCH(E),0.4013006489246207,6.390563921719115,E,2013-10-25
JNPR,JNPR.W^E14,2013-10-28,ESG-EGARCH(G),0.4021439133127885,6.417449484703317,G,2013-10-25
JNPR,JNPR.W^E14,2013-10-28,ESG-EGARCH(S),0.4020336469060167,6.4139306843076085,S,2013-10-25
JNPR,JNPR.W^E14,2013-10-28,ESG-GARCH,0.4780393675527286,9.068318925802092,all,2013-10-25
JNPR,JNPR.W^E14,2013-10-28,ESG-GARCH(E),0.482063857747697,9.221649323277456,E,2013-10-25
JNPR,JNPR.W^E14,2013-10-28,ESG-GARCH(G),0.4840730337908295,9.298678652518158,G,2013-10-25
JNPR,JNPR.W^E14,2013-10-28,ESG-GARCH(S),0.4845257559143729,9.316079688269625,S,2013-10-25
JNPR,JNPR.W^E14,2013-10-28,ESG-GJR-GARCH,0.5949283645715511,14.045228530626206,all,2013-10-25
JNPR,JNPR.W^E14,2013-10-28,ESG-GJR-GARCH(E),0.6023225192934839,14.39652449397021,E,2013-10-25
JNPR,JNPR.W^E14,2013-10-28,ESG-GJR-GARCH(G),0.6053502849673033,14.541625694841082,G,2013-10-25
JNPR,JNPR.W^E14,2013-10-28,ESG-GJR-GARCH(S),0.6063801397367066,14.59114578837729,S,2013-10-25
JNPR,JNPR.W^E14,2013-10-28,GARCH,0.4811779772166734,9.187787530092438,,2013-10-25
JNPR,JNPR.W^E14,2013-10-28,GJR-GARCH,0.609759193199737,14.754217209983896,,2013-10-25
JNPR,JNPR.W^E14,2013-10-29,EGARCH,0.4062900849964905,6.550461633589504,,2013-10-25
JNPR,JNPR.W^E14,2013-10-29,ESG-EGARCH,0.3998625605551732,6.3448439418150615,all,2013-10-25
JNPR,JNPR.W^E14,2013-10-29,ESG-EGARCH(E),0.4013006489246207,6.390563921719115,E,2013-10-25
JNPR,JNPR.W^E14,2013-10-29,ESG-EGARCH(G),0.4021439133127885,6.417449484703317,G,2013-10-25
JNPR,JNPR.W^E14,2013-10-29,ESG-EGARCH(S),0.4020336469060167,6.4139306843076085,S,2013-10-25
JNPR,JNPR.W^E14,2013-10-29,ESG-GARCH,0.4780393675527286,9.068318925802092,all,2013-10-25
JNPR,JNPR.W^E14,2013-10-29,ESG-GARCH(E),0.482063857747697,9.221649323277456,E,2013-10-25
JNPR,JNPR.W^E14,2013-10-29,ESG-GARCH(G),0.4840730337908295,9.298678652518158,G,2013-10-25
JNPR,JNPR.W^E14,2013-10-29,ESG-GARCH(S),0.4845257559143729,9.316079688269625,S,2013-10-25
JNPR,JNPR.W^E14,2013-10-29,ESG-GJR-GARCH,0.5949283645715511,14.045228530626206,all,2013-10-25
JNPR,JNPR.W^E14,2013-10-29,ESG-GJR-GARCH(E),0.6023225192934839,14.39652449397021,E,2013-10-25
JNPR,JNPR.W^E14,2013-10-29,ESG-GJR-GARCH(G),0.6053502849673033,14.541625694841082,G,2013-10-25
JNPR,JNPR.W^E14,2013-10-29,ESG-GJR-GARCH(S),0.6063801397367066,14.59114578837729,S,2013-10-25
JNPR,JNPR.W^E14,2013-10-29,GARCH,0.4811779772166734,9.187787530092438,,2013-10-25
JNPR,JNPR.W^E14,2013-10-29,GJR-GARCH,0.609759193199737,14.754217209983896,,2013-10-25
JNPR,JNPR.W^E14,2013-10-30,EGARCH,0.4062900849964905,6.550461633589504,,2013-10-25
JNPR,JNPR.W^E14,2013-10-30,ESG-EGARCH,0.3998625605551732,6.3448439418150615,all,2013-10-25
JNPR,JNPR.W^E14,2013-10-30,ESG-EGARCH(E),0.4013006489246207,6.390563921719115,E,2013-10-25
JNPR,JNPR.W^E14,2013-10-30,ESG-EGARCH(G),0.4021439133127885,6.417449484703317,G,2013-10-25
JNPR,JNPR.W^E14,2013-10-30,ESG-EGARCH(S),0.4020336469060167,6.4139306843076085,S,2013-10-25
JNPR,JNPR.W^E14,2013-10-30,ESG-GARCH,0.4780393675527286,9.068318925802092,all,2013-10-25
JNPR,JNPR.W^E14,2013-10-30,ESG-GARCH(E),0.482063857747697,9.221649323277456,E,2013-10-25
JNPR,JNPR.W^E14,2013-10-30,ESG-GARCH(G),0.4840730337908295,9.298678652518158,G,2013-10-25
JNPR,JNPR.W^E14,2013-10-30,ESG-GARCH(S),0.4845257559143729,9.316079688269625,S,2013-10-25
JNPR,JNPR.W^E14,2013-10-30,ESG-GJR-GARCH,0.5949283645715511,14.045228530626206,all,2013-10-25
JNPR,JNPR.W^E14,2013-10-30,ESG-GJR-GARCH(E),0.6023225192934839,14.39652449397021,E,2013-10-25
JNPR,JNPR.W^E14,2013-10-30,ESG-GJR-GARCH(G),0.6053502849673033,14.541625694841082,G,2013-10-25
JNPR,JNPR.W^E14,2013-10-30,ESG-GJR-GARCH(S),0.6063801397367066,14.59114578837729,S,2013-10-25
JNPR,JNPR.W^E14,2013-10-30,GARCH,0.4811779772166734,9.187787530092438,,2013-10-25
JNPR,JNPR.W^E14,2013-10-30,GJR-GARCH,0.609759193199737,14.754217209983896,,2013-10-25
JNPR,JNPR.W^E14,2013-10-31,EGARCH,0.4062900849964905,6.550461633589504,,2013-10-25
JNPR,JNPR.W^E14,2013-10-31,ESG-EGARCH,0.3998625605551732,6.3448439418150615,all,2013-10-25
JNPR,JNPR.W^E14,2013-10-31,ESG-EGARCH(E),0.4013006489246207,6.390563921719115,E,2013-10-25
JNPR,JNPR.W^E14,2013-10-31,ESG-EGARCH(G),0.4021439133127885,6.417449484703317,G,2013-10-25
JNPR,JNPR.W^E14,2013-10-31,ESG-EGARCH(S),0.4020336469060167,6.4139306843076085,S,2013-10-25
JNPR,JNPR.W^E14,2013-10-31,ESG-GARCH,0.4780393675527286,9.068318925802092,all,2013-10-25
JNPR,JNPR.W^E14,2013-10-31,ESG-GARCH(E),0.482063857747697,9.221649323277456,E,2013-10-25
JNPR,JNPR.W^E14,2013-10-31,ESG-GARCH(G),0.4840730337908295,9.298678652518158,G,2013-10-25
JNPR,JNPR.W^E14,2013-10-31,ESG-GARCH(S),0.4845257559143729,9.316079688269625,S,2013-10-25
JNPR,JNPR.W^E14,2013-10-31,ESG-GJR-GARCH,0.5949283645715511,14.045228530626206,all,2013-10-25
JNPR,JNPR.W^E14,2013-10-31,ESG-GJR-GARCH(E),0.6023225192934839,14.39652449397021,E,2013-10-25
JNPR,JNPR.W^E14,2013-10-31,ESG-GJR-GARCH(G),0.6053502849673033,14.541625694841082,G,2013-10-25
JNPR,JNPR.W^E14,2013-10-31,ESG-GJR-GARCH(S),0.6063801397367066,14.59114578837729,S,2013-10-25
JNPR,JNPR.W^E14,2013-10-31,GARCH,0.4811779772166734,9.187787530092438,,2013-10-25
JNPR,JNPR.W^E14,2013-10-31,GJR-GARCH,0.609759193199737,14.754217209983896,,2013-10-25
JNPR,JNPR.W^E14,2013-11-01,EGARCH,0.4062900849964905,6.550461633589504,,2013-10-25
JNPR,JNPR.W^E14,2013-11-01,ESG-EGARCH,0.3998625605551732,6.3448439418150615,all,2013-10-25
JNPR,JNPR.W^E14,2013-11-01,ESG-EGARCH(E),0.4013006489246207,6.390563921719115,E,2013-10-25
JNPR,JNPR.W^E14,2013-11-01,ESG-EGARCH(G),0.4021439133127885,6.417449484703317,G,2013-10-25
JNPR,JNPR.W^E14,2013-11-01,ESG-EGARCH(S),0.4020336469060167,6.4139306843076085,S,2013-10-25
JNPR,JNPR.W^E14,2013-11-01,ESG-GARCH,0.4780393675527286,9.068318925802092,all,2013-10-25
JNPR,JNPR.W^E14,2013-11-01,ESG-GARCH(E),0.482063857747697,9.221649323277456,E,2013-10-25
JNPR,JNPR.W^E14,2013-11-01,ESG-GARCH(G),0.4840730337908295,9.298678652518158,G,2013-10-25
JNPR,JNPR.W^E14,2013-11-01,ESG-GARCH(S),0.4845257559143729,9.316079688269625,S,2013-10-25
JNPR,JNPR.W^E14,2013-11-01,ESG-GJR-GARCH,0.5949283645715511,14.045228530626206,all,2013-10-25
JNPR,JNPR.W^E14,2013-11-01,ESG-GJR-GARCH(E),0.6023225192934839,14.39652449397021,E,2013-10-25
JNPR,JNPR.W^E14,2013-11-01,ESG-GJR-GARCH(G),0.6053502849673033,14.541625694841082,G,2013-10-25
JNPR,JNPR.W^E14,2013-11-01,ESG-GJR-GARCH(S),0.6063801397367066,14.59114578837729,S,2013-10-25
JNPR,JNPR.W^E14,2013-11-01,GARCH,0.4811779772166734,9.187787530092438,,2013-10-25
JNPR,JNPR.W^E14,2013-11-01,GJR-GARCH,0.609759193199737,14.754217209983896,,2013-10-25
JNPR,JNPR.W^E14,2013-11-04,EGARCH,0.4062900849964905,6.550461633589504,,2013-10-25
JNPR,JNPR.W^E14,2013-11-04,ESG-EGARCH,0.3998625605551732,6.3448439418150615,all,2013-10-25
JNPR,JNPR.W^E14,2013-11-04,ESG-EGARCH(E),0.4013006489246207,6.390563921719115,E,2013-10-25
JNPR,JNPR.W^E14,2013-11-04,ESG-EGARCH(G),0.4021439133127885,6.417449484703317,G,2013-10-25
JNPR,JNPR.W^E14,2013-11-04,ESG-EGARCH(S),0.4020336469060167,6.4139306843076085,S,2013-10-25
JNPR,JNPR.W^E14,2013-11-04,ESG-GARCH,0.4780393675527286,9.068318925802092,all,2013-10-25
JNPR,JNPR.W^E14,2013-11-04,ESG-GARCH(E),0.482063857747697,9.221649323277456,E,2013-10-25
JNPR,JNPR.W^E14,2013-11-04,ESG-GARCH(G),0.4840730337908295,9.298678652518158,G,2013-10-25
JNPR,JNPR.W^E14,2013-11-04,ESG-GARCH(S),0.4845257559143729,9.316079688269625,S,2013-10-25
JNPR,JNPR.W^E14,2013-11-04,ESG-GJR-GARCH,0.5949283645715511,14.045228530626206,all,2013-10-25
JNPR,JNPR.W^E14,2013-11-04,ESG-GJR-GARCH(E),0.6023225192934839,14.39652449397021,E,2013-10-25
JNPR,JNPR.W^E14,2013-11-04,ESG-GJR-GARCH(G),0.6053502849673033,14.541625694841082,G,2013-10-25
JNPR,JNPR.W^E14,2013-11-04,ESG-GJR-GARCH(S),0.6063801397367066,14.59114578837729,S,2013-10-25
JNPR,JNPR.W^E14,2013-11-04,GARCH,0.4811779772166734,9.187787530092438,,2013-10-25
JNPR,JNPR.W^E14,2013-11-04,GJR-GARCH,0.609759193199737,14.754217209983896,,2013-10-25
JNPR,JNPR.W^E14,2013-11-05,EGARCH,0.4062900849964905,6.550461633589504,,2013-10-25
JNPR,JNPR.W^E14,2013-11-05,ESG-EGARCH,0.3998625605551732,6.3448439418150615,all,2013-10-25
JNPR,JNPR.W^E14,2013-11-05,ESG-EGARCH(E),0.4013006489246207,6.390563921719115,E,2013-10-25
JNPR,JNPR.W^E14,2013-11-05,ESG-EGARCH(G),0.4021439133127885,6.417449484703317,G,2013-10-25
JNPR,JNPR.W^E14,2013-11-05,ESG-EGARCH(S),0.4020336469060167,6.4139306843076085,S,2013-10-25
JNPR,JNPR.W^E14,2013-11-05,ESG-GARCH,0.4780393675527286,9.068318925802092,all,2013-10-25
JNPR,JNPR.W^E14,2013-11-05,ESG-GARCH(E),0.482063857747697,9.221649323277456,E,2013-10-25
JNPR,JNPR.W^E14,2013-11-05,ESG-GARCH(G),0.4840730337908295,9.298678652518158,G,2013-10-25
JNPR,JNPR.W^E14,2013-11-05,ESG-GARCH(S),0.4845257559143729,9.316079688269625,S,2013-10-25
JNPR,JNPR.W^E14,2013-11-05,ESG-GJR-GARCH,0.5949283645715511,14.045228530626206,all,2013-10-25
JNPR,JNPR.W^E14,2013-11-05,ESG-GJR-GARCH(E),0.6023225192934839,14.39652449397021,E,2013-10-25
JNPR,JNPR.W^E14,2013-11-05,ESG-GJR-GARCH(G),0.6053502849673033,14.541625694841082,G,2013-10-25
JNPR,JNPR.W^E14,2013-11-05,ESG-GJR-GARCH(S),0.6063801397367066,14.59114578837729,S,2013-10-25
JNPR,JNPR.W^E14,2013-11-05,GARCH,0.4811779772166734,9.187787530092438,,2013-10-25
JNPR,JNPR.W^E14,2013-11-05,GJR-GARCH,0.609759193199737,14.754217209983896,,2013-10-25
JNPR,JNPR.W^E14,2013-11-06,EGARCH,0.4062900849964905,6.550461633589504,,2013-10-25
JNPR,JNPR.W^E14,2013-11-06,ESG-EGARCH,0.3998625605551732,6.3448439418150615,all,2013-10-25
JNPR,JNPR.W^E14,2013-11-06,ESG-EGARCH(E),0.4013006489246207,6.390563921719115,E,2013-10-25
JNPR,JNPR.W^E14,2013-11-06,ESG-EGARCH(G),0.4021439133127885,6.417449484703317,G,2013-10-25
JNPR,JNPR.W^E14,2013-11-06,ESG-EGARCH(S),0.4020336469060167,6.4139306843076085,S,2013-10-25
JNPR,JNPR.W^E14,2013-11-06,ESG-GARCH,0.4780393675527286,9.068318925802092,all,2013-10-25
JNPR,JNPR.W^E14,2013-11-06,ESG-GARCH(E),0.482063857747697,9.221649323277456,E,2013-10-25
JNPR,JNPR.W^E14,2013-11-06,ESG-GARCH(G),0.4840730337908295,9.298678652518158,G,2013-10-25
JNPR,JNPR.W^E14,2013-11-06,ESG-GARCH(S),0.4845257559143729,9.316079688269625,S,2013-10-25
JNPR,JNPR.W^E14,2013-11-06,ESG-GJR-GARCH,0.5949283645715511,14.045228530626206,all,2013-10-25
JNPR,JNPR.W^E14,2013-11-06,ESG-GJR-GARCH(E),0.6023225192934839,14.39652449397021,E,2013-10-25
JNPR,JNPR.W^E14,2013-11-06,ESG-GJR-GARCH(G),0.6053502849673033,14.541625694841082,G,2013-10-25
JNPR,JNPR.W^E14,2013-11-06,ESG-GJR-GARCH(S),0.6063801397367066,14.59114578837729,S,2013-10-25
JNPR,JNPR.W^E14,2013-11-06,GARCH,0.4811779772166734,9.187787530092438,,2013-10-25
JNPR,JNPR.W^E14,2013-11-06,GJR-GARCH,0.609759193199737,14.754217209983896,,2013-10-25
JNPR,JNPR.W^E14,2013-11-07,EGARCH,0.4062900849964905,6.550461633589504,,2013-10-25
JNPR,JNPR.W^E14,2013-11-07,ESG-EGARCH,0.3998625605551732,6.3448439418150615,all,2013-10-25
JNPR,JNPR.W^E14,2013-11-07,ESG-EGARCH(E),0.4013006489246207,6.390563921719115,E,2013-10-25
JNPR,JNPR.W^E14,2013-11-07,ESG-EGARCH(G),0.4021439133127885,6.417449484703317,G,2013-10-25
JNPR,JNPR.W^E14,2013-11-07,ESG-EGARCH(S),0.4020336469060167,6.4139306843076085,S,2013-10-25
JNPR,JNPR.W^E14,2013-11-07,ESG-GARCH,0.4780393675527286,9.068318925802092,all,2013-10-25
JNPR,JNPR.W^E14,2013-11-07,ESG-GARCH(E),0.482063857747697,9.221649323277456,E,2013-10-25
JNPR,JNPR.W^E14,2013-11-07,ESG-GARCH(G),0.4840730337908295,9.298678652518158,G,2013-10-25
JNPR,JNPR.W^E14,2013-11-07,ESG-GARCH(S),0.4845257559143729,9.316079688269625,S,2013-10-25
JNPR,JNPR.W^E14,2013-11-07,ESG-GJR-GARCH,0.5949283645715511,14.045228530626206,all,2013-10-25
JNPR,JNPR.W^E14,2013-11-07,ESG-GJR-GARCH(E),0.6023225192934839,14.39652449397021,E,2013-10-25
JNPR,JNPR.W^E14,2013-11-07,ESG-GJR-GARCH(G),0.6053502849673033,14.541625694841082,G,2013-10-25
JNPR,JNPR.W^E14,2013-11-07,ESG-GJR-GARCH(S),0.6063801397367066,14.59114578837729,S,2013-10-25
JNPR,JNPR.W^E14,2013-11-07,GARCH,0.4811779772166734,9.187787530092438,,2013-10-25
JNPR,JNPR.W^E14,2013-11-07,GJR-GARCH,0.609759193199737,14.754217209983896,,2013-10-25
JNPR,JNPR.W^E14,2013-11-08,EGARCH,0.4062900849964905,6.550461633589504,,2013-10-25
JNPR,JNPR.W^E14,2013-11-08,ESG-EGARCH,0.3998625605551732,6.3448439418150615,all,2013-10-25
JNPR,JNPR.W^E14,2013-11-08,ESG-EGARCH(E),0.4013006489246207,6.390563921719115,E,2013-10-25
JNPR,JNPR.W^E14,2013-11-08,ESG-EGARCH(G),0.4021439133127885,6.417449484703317,G,2013-10-25
JNPR,JNPR.W^E14,2013-11-08,ESG-EGARCH(S),0.4020336469060167,6.4139306843076085,S,2013-10-25
JNPR,JNPR.W^E14,2013-11-08,ESG-GARCH,0.4780393675527286,9.068318925802092,all,2013-10-25
JNPR,JNPR.W^E14,2013-11-08,ESG-GARCH(E),0.482063857747697,9.221649323277456,E,2013-10-25
JNPR,JNPR.W^E14,2013-11-08,ESG-GARCH(G),0.4840730337908295,9.298678652518158,G,2013-10-25
JNPR,JNPR.W^E14,2013-11-08,ESG-GARCH(S),0.4845257559143729,9.316079688269625,S,2013-10-25
JNPR,JNPR.W^E14,2013-11-08,ESG-GJR-GARCH,0.5949283645715511,14.045228530626206,all,2013-10-25
JNPR,JNPR.W^E14,2013-11-08,ESG-GJR-GARCH(E),0.6023225192934839,14.39652449397021,E,2013-10-25
JNPR,JNPR.W^E14,2013-11-08,ESG-GJR-GARCH(G),0.6053502849673033,14.541625694841082,G,2013-10-25
JNPR,JNPR.W^E14,2013-11-08,ESG-GJR-GARCH(S),0.6063801397367066,14.59114578837729,S,2013-10-25
JNPR,JNPR.W^E14,2013-11-08,GARCH,0.4811779772166734,9.187787530092438,,2013-10-25
JNPR,JNPR.W^E14,2013-11-08,GJR-GARCH,0.609759193199737,14.754217209983896,,2013-10-25
JNPR,JNPR.W^E14,2013-11-11,EGARCH,0.4062900849964905,6.550461633589504,,2013-10-25
JNPR,JNPR.W^E14,2013-11-11,ESG-EGARCH,0.3998625605551732,6.3448439418150615,all,2013-10-25
JNPR,JNPR.W^E14,2013-11-11,ESG-EGARCH(E),0.4013006489246207,6.390563921719115,E,2013-10-25
JNPR,JNPR.W^E14,2013-11-11,ESG-EGARCH(G),0.4021439133127885,6.417449484703317,G,2013-10-25
JNPR,JNPR.W^E14,2013-11-11,ESG-EGARCH(S),0.4020336469060167,6.4139306843076085,S,2013-10-25
JNPR,JNPR.W^E14,2013-11-11,ESG-GARCH,0.4780393675527286,9.068318925802092,all,2013-10-25
JNPR,JNPR.W^E14,2013-11-11,ESG-GARCH(E),0.482063857747697,9.221649323277456,E,2013-10-25
JNPR,JNPR.W^E14,2013-11-11,ESG-GARCH(G),0.4840730337908295,9.298678652518158,G,2013-10-25
JNPR,JNPR.W^E14,2013-11-11,ESG-GARCH(S),0.4845257559143729,9.316079688269625,S,2013-10-25
JNPR,JNPR.W^E14,2013-11-11,ESG-GJR-GARCH,0.5949283645715511,14.045228530626206,all,2013-10-25
JNPR,JNPR.W^E14,2013-11-11,ESG-GJR-GARCH(E),0.6023225192934839,14.39652449397021,E,2013-10-25
JNPR,JNPR.W^E14,2013-11-11,ESG-GJR-GARCH(G),0.6053502849673033,14.541625694841082,G,2013-10-25
JNPR,JNPR.W^E14,2013-11-11,ESG-GJR-GARCH(S),0.6063801397367066,14.59114578837729,S,2013-10-25
JNPR,JNPR.W^E14,2013-11-11,GARCH,0.4811779772166734,9.187787530092438,,2013-10-25
JNPR,JNPR.W^E14,2013-11-11,GJR-GARCH,0.609759193199737,14.754217209983896,,2013-10-25
JNPR,JNPR.W^E14,2013-11-12,EGARCH,0.4062900849964905,6.550461633589504,,2013-10-25
JNPR,JNPR.W^E14,2013-11-12,ESG-EGARCH,0.3998625605551732,6.3448439418150615,all,2013-10-25
JNPR,JNPR.W^E14,2013-11-12,ESG-EGARCH(E),0.4013006489246207,6.390563921719115,E,2013-10-25
JNPR,JNPR.W^E14,2013-11-12,ESG-EGARCH(G),0.4021439133127885,6.417449484703317,G,2013-10-25
JNPR,JNPR.W^E14,2013-11-12,ESG-EGARCH(S),0.4020336469060167,6.4139306843076085,S,2013-10-25
JNPR,JNPR.W^E14,2013-11-12,ESG-GARCH,0.4780393675527286,9.068318925802092,all,2013-10-25
JNPR,JNPR.W^E14,2013-11-12,ESG-GARCH(E),0.482063857747697,9.221649323277456,E,2013-10-25
JNPR,JNPR.W^E14,2013-11-12,ESG-GARCH(G),0.4840730337908295,9.298678652518158,G,2013-10-25
JNPR,JNPR.W^E14,2013-11-12,ESG-GARCH(S),0.4845257559143729,9.316079688269625,S,2013-10-25
JNPR,JNPR.W^E14,2013-11-12,ESG-GJR-GARCH,0.5949283645715511,14.045228530626206,all,2013-10-25
JNPR,JNPR.W^E14,2013-11-12,ESG-GJR-GARCH(E),0.6023225192934839,14.39652449397021,E,2013-10-25
JNPR,JNPR.W^E14,2013-11-12,ESG-GJR-GARCH(G),0.6053502849673033,14.541625694841082,G,2013-10-25
JNPR,JNPR.W^E14,2013-11-12,ESG-GJR-GARCH(S),0.6063801397367066,14.59114578837729,S,2013-10-25
JNPR,JNPR.W^E14,2013-11-12,GARCH,0.4811779772166734,9.187787530092438,,2013-10-25
JNPR,JNPR.W^E14,2013-11-12,GJR-GARCH,0.609759193199737,14.754217209983896,,2013-10-25
JNPR,JNPR.W^E14,2013-11-13,EGARCH,0.4062900849964905,6.550461633589504,,2013-10-25
JNPR,JNPR.W^E14,2013-11-13,ESG-EGARCH,0.3998625605551732,6.3448439418150615,all,2013-10-25
JNPR,JNPR.W^E14,2013-11-13,ESG-EGARCH(E),0.4013006489246207,6.390563921719115,E,2013-10-25
JNPR,JNPR.W^E14,2013-11-13,ESG-EGARCH(G),0.4021439133127885,6.417449484703317,G,2013-10-25
JNPR,JNPR.W^E14,2013-11-13,ESG-EGARCH(S),0.4020336469060167,6.4139306843076085,S,2013-10-25
JNPR,JNPR.W^E14,2013-11-13,ESG-GARCH,0.4780393675527286,9.068318925802092,all,2013-10-25
JNPR,JNPR.W^E14,2013-11-13,ESG-GARCH(E),0.482063857747697,9.221649323277456,E,2013-10-25
JNPR,JNPR.W^E14,2013-11-13,ESG-GARCH(G),0.4840730337908295,9.298678652518158,G,2013-10-25
JNPR,JNPR.W^E14,2013-11-13,ESG-GARCH(S),0.4845257559143729,9.316079688269625,S,2013-10-25
JNPR,JNPR.W^E14,2013-11-13,ESG-GJR-GARCH,0.5949283645715511,14.045228530626206,all,2013-10-25
JNPR,JNPR.W^E14,2013-11-13,ESG-GJR-GARCH(E),0.6023225192934839,14.39652449397021,E,2013-10-25
JNPR,JNPR.W^E14,2013-11-13,ESG-GJR-GARCH(G),0.6053502849673033,14.541625694841082,G,2013-10-25
JNPR,JNPR.W^E14,2013-11-13,ESG-GJR-GARCH(S),0.6063801397367066,14.59114578837729,S,2013-10-25
JNPR,JNPR.W^E14,2013-11-13,GARCH,0.4811779772166734,9.187787530092438,,2013-10-25
JNPR,JNPR.W^E14,2013-11-13,GJR-GARCH,0.609759193199737,14.754217209983896,,2013-10-25
JNPR,JNPR.W^E14,2013-11-14,EGARCH,0.4062900849964905,6.550461633589504,,2013-10-25
JNPR,JNPR.W^E14,2013-11-14,ESG-EGARCH,0.3998625605551732,6.3448439418150615,all,2013-10-25
JNPR,JNPR.W^E14,2013-11-14,ESG-EGARCH(E),0.4013006489246207,6.390563921719115,E,2013-10-25
JNPR,JNPR.W^E14,2013-11-14,ESG-EGARCH(G),0.4021439133127885,6.417449484703317,G,2013-10-25
JNPR,JNPR.W^E14,2013-11-14,ESG-EGARCH(S),0.4020336469060167,6.4139306843076085,S,2013-10-25
JNPR,JNPR.W^E14,2013-11-14,ESG-GARCH,0.4780393675527286,9.068318925802092,all,2013-10-25
JNPR,JNPR.W^E14,2013-11-14,ESG-GARCH(E),0.482063857747697,9.221649323277456,E,2013-10-25
JNPR,JNPR.W^E14,2013-11-14,ESG-GARCH(G),0.4840730337908295,9.298678652518158,G,2013-10-25
JNPR,JNPR.W^E14,2013-11-14,ESG-GARCH(S),0.4845257559143729,9.316079688269625,S,2013-10-25
JNPR,JNPR.W^E14,2013-11-14,ESG-GJR-GARCH,0.5949283645715511,14.045228530626206,all,2013-10-25
JNPR,JNPR.W^E14,2013-11-14,ESG-GJR-GARCH(E),0.6023225192934839,14.39652449397021,E,2013-10-25
JNPR,JNPR.W^E14,2013-11-14,ESG-GJR-GARCH(G),0.6053502849673033,14.541625694841082,G,2013-10-25
JNPR,JNPR.W^E14,2013-11-14,ESG-GJR-GARCH(S),0.6063801397367066,14.59114578837729,S,2013-10-25
JNPR,JNPR.W^E14,2013-11-14,GARCH,0.4811779772166734,9.187787530092438,,2013-10-25
JNPR,JNPR.W^E14,2013-11-14,GJR-GARCH,0.609759193199737,14.754217209983896,,2013-10-25
JNPR,JNPR.W^E14,2013-11-15,EGARCH,0.4062900849964905,6.550461633589504,,2013-10-25
JNPR,JNPR.W^E14,2013-11-15,ESG-EGARCH,0.3998625605551732,6.3448439418150615,all,2013-10-25
JNPR,JNPR.W^E14,2013-11-15,ESG-EGARCH(E),0.4013006489246207,6.390563921719115,E,2013-10-25
JNPR,JNPR.W^E14,2013-11-15,ESG-EGARCH(G),0.4021439133127885,6.417449484703317,G,2013-10-25
JNPR,JNPR.W^E14,2013-11-15,ESG-EGARCH(S),0.4020336469060167,6.4139306843076085,S,2013-10-25
JNPR,JNPR.W^E14,2013-11-15,ESG-GARCH,0.4780393675527286,9.068318925802092,all,2013-10-25
JNPR,JNPR.W^E14,2013-11-15,ESG-GARCH(E),0.482063857747697,9.221649323277456,E,2013-10-25
JNPR,JNPR.W^E14,2013-11-15,ESG-GARCH(G),0.4840730337908295,9.298678652518158,G,2013-10-25
JNPR,JNPR.W^E14,2013-11-15,ESG-GARCH(S),0.4845257559143729,9.316079688269625,S,2013-10-25
JNPR,JNPR.W^E14,2013-11-15,ESG-GJR-GARCH,0.5949283645715511,14.045228530626206,all,2013-10-25
JNPR,JNPR.W^E14,2013-11-15,ESG-GJR-GARCH(E),0.6023225192934839,14.39652449397021,E,2013-10-25
JNPR,JNPR.W^E14,2013-11-15,ESG-GJR-GARCH(G),0.6053502849673033,14.541625694841082,G,2013-10-25
JNPR,JNPR.W^E14,2013-11-15,ESG-GJR-GARCH(S),0.6063801397367066,14.59114578837729,S,2013-10-25
JNPR,JNPR.W^E14,2013-11-15,GARCH,0.4811779772166734,9.187787530092438,,2013-10-25
JNPR,JNPR.W^E14,2013-11-15,GJR-GARCH,0.609759193199737,14.754217209983896,,2013-10-25
JNPR,JNPR.W^E14,2013-11-18,EGARCH,0.4062900849964905,6.550461633589504,,2013-10-25
JNPR,JNPR.W^E14,2013-11-18,ESG-EGARCH,0.3998625605551732,6.3448439418150615,all,2013-10-25
JNPR,JNPR.W^E14,2013-11-18,ESG-EGARCH(E),0.4013006489246207,6.390563921719115,E,2013-10-25
JNPR,JNPR.W^E14,2013-11-18,ESG-EGARCH(G),0.4021439133127885,6.417449484703317,G,2013-10-25
JNPR,JNPR.W^E14,2013-11-18,ESG-EGARCH(S),0.4020336469060167,6.4139306843076085,S,2013-10-25
JNPR,JNPR.W^E14,2013-11-18,ESG-GARCH,0.4780393675527286,9.068318925802092,all,2013-10-25
JNPR,JNPR.W^E14,2013-11-18,ESG-GARCH(E),0.482063857747697,9.221649323277456,E,2013-10-25
JNPR,JNPR.W^E14,2013-11-18,ESG-GARCH(G),0.4840730337908295,9.298678652518158,G,2013-10-25
JNPR,JNPR.W^E14,2013-11-18,ESG-GARCH(S),0.4845257559143729,9.316079688269625,S,2013-10-25
JNPR,JNPR.W^E14,2013-11-18,ESG-GJR-GARCH,0.5949283645715511,14.045228530626206,all,2013-10-25
JNPR,JNPR.W^E14,2013-11-18,ESG-GJR-GARCH(E),0.6023225192934839,14.39652449397021,E,2013-10-25
JNPR,JNPR.W^E14,2013-11-18,ESG-GJR-GARCH(G),0.6053502849673033,14.541625694841082,G,2013-10-25
JNPR,JNPR.W^E14,2013-11-18,ESG-GJR-GARCH(S),0.6063801397367066,14.59114578837729,S,2013-10-25
JNPR,JNPR.W^E14,2013-11-18,GARCH,0.4811779772166734,9.187787530092438,,2013-10-25
JNPR,JNPR.W^E14,2013-11-18,GJR-GARCH,0.609759193199737,14.754217209983896,,2013-10-25
JNPR,JNPR.W^E14,2013-11-19,EGARCH,0.4062900849964905,6.550461633589504,,2013-10-25
JNPR,JNPR.W^E14,2013-11-19,ESG-EGARCH,0.3998625605551732,6.3448439418150615,all,2013-10-25
JNPR,JNPR.W^E14,2013-11-19,ESG-EGARCH(E),0.4013006489246207,6.390563921719115,E,2013-10-25
JNPR,JNPR.W^E14,2013-11-19,ESG-EGARCH(G),0.4021439133127885,6.417449484703317,G,2013-10-25
JNPR,JNPR.W^E14,2013-11-19,ESG-EGARCH(S),0.4020336469060167,6.4139306843076085,S,2013-10-25
JNPR,JNPR.W^E14,2013-11-19,ESG-GARCH,0.4780393675527286,9.068318925802092,all,2013-10-25
JNPR,JNPR.W^E14,2013-11-19,ESG-GARCH(E),0.482063857747697,9.221649323277456,E,2013-10-25
JNPR,JNPR.W^E14,2013-11-19,ESG-GARCH(G),0.4840730337908295,9.298678652518158,G,2013-10-25
JNPR,JNPR.W^E14,2013-11-19,ESG-GARCH(S),0.4845257559143729,9.316079688269625,S,2013-10-25
JNPR,JNPR.W^E14,2013-11-19,ESG-GJR-GARCH,0.5949283645715511,14.045228530626206,all,2013-10-25
JNPR,JNPR.W^E14,2013-11-19,ESG-GJR-GARCH(E),0.6023225192934839,14.39652449397021,E,2013-10-25
JNPR,JNPR.W^E14,2013-11-19,ESG-GJR-GARCH(G),0.6053502849673033,14.541625694841082,G,2013-10-25
JNPR,JNPR.W^E14,2013-11-19,ESG-GJR-GARCH(S),0.6063801397367066,14.59114578837729,S,2013-10-25
JNPR,JNPR.W^E14,2013-11-19,GARCH,0.4811779772166734,9.187787530092438,,2013-10-25
JNPR,JNPR.W^E14,2013-11-19,GJR-GARCH,0.609759193199737,14.754217209983896,,2013-10-25
JNPR,JNPR.W^E14,2013-11-20,EGARCH,0.4062900849964905,6.550461633589504,,2013-10-25
JNPR,JNPR.W^E14,2013-11-20,ESG-EGARCH,0.3998625605551732,6.3448439418150615,all,2013-10-25
JNPR,JNPR.W^E14,2013-11-20,ESG-EGARCH(E),0.4013006489246207,6.390563921719115,E,2013-10-25
JNPR,JNPR.W^E14,2013-11-20,ESG-EGARCH(G),0.4021439133127885,6.417449484703317,G,2013-10-25
JNPR,JNPR.W^E14,2013-11-20,ESG-EGARCH(S),0.4020336469060167,6.4139306843076085,S,2013-10-25
JNPR,JNPR.W^E14,2013-11-20,ESG-GARCH,0.4780393675527286,9.068318925802092,all,2013-10-25
JNPR,JNPR.W^E14,2013-11-20,ESG-GARCH(E),0.482063857747697,9.221649323277456,E,2013-10-25
JNPR,JNPR.W^E14,2013-11-20,ESG-GARCH(G),0.4840730337908295,9.298678652518158,G,2013-10-25
JNPR,JNPR.W^E14,2013-11-20,ESG-GARCH(S),0.4845257559143729,9.316079688269625,S,2013-10-25
JNPR,JNPR.W^E14,2013-11-20,ESG-GJR-GARCH,0.5949283645715511,14.045228530626206,all,2013-10-25
JNPR,JNPR.W^E14,2013-11-20,ESG-GJR-GARCH(E),0.6023225192934839,14.39652449397021,E,2013-10-25
JNPR,JNPR.W^E14,2013-11-20,ESG-GJR-GARCH(G),0.6053502849673033,14.541625694841082,G,2013-10-25
JNPR,JNPR.W^E14,2013-11-20,ESG-GJR-GARCH(S),0.6063801397367066,14.59114578837729,S,2013-10-25
JNPR,JNPR.W^E14,2013-11-20,GARCH,0.4811779772166734,9.187787530092438,,2013-10-25
JNPR,JNPR.W^E14,2013-11-20,GJR-GARCH,0.609759193199737,14.754217209983896,,2013-10-25
JNPR,JNPR.W^E14,2013-11-21,EGARCH,0.4062900849964905,6.550461633589504,,2013-10-25
JNPR,JNPR.W^E14,2013-11-21,ESG-EGARCH,0.3998625605551732,6.3448439418150615,all,2013-10-25
JNPR,JNPR.W^E14,2013-11-21,ESG-EGARCH(E),0.4013006489246207,6.390563921719115,E,2013-10-25
JNPR,JNPR.W^E14,2013-11-21,ESG-EGARCH(G),0.4021439133127885,6.417449484703317,G,2013-10-25
JNPR,JNPR.W^E14,2013-11-21,ESG-EGARCH(S),0.4020336469060167,6.4139306843076085,S,2013-10-25
JNPR,JNPR.W^E14,2013-11-21,ESG-GARCH,0.4780393675527286,9.068318925802092,all,2013-10-25
JNPR,JNPR.W^E14,2013-11-21,ESG-GARCH(E),0.482063857747697,9.221649323277456,E,2013-10-25
JNPR,JNPR.W^E14,2013-11-21,ESG-GARCH(G),0.4840730337908295,9.298678652518158,G,2013-10-25
JNPR,JNPR.W^E14,2013-11-21,ESG-GARCH(S),0.4845257559143729,9.316079688269625,S,2013-10-25
JNPR,JNPR.W^E14,2013-11-21,ESG-GJR-GARCH,0.5949283645715511,14.045228530626206,all,2013-10-25
JNPR,JNPR.W^E14,2013-11-21,ESG-GJR-GARCH(E),0.6023225192934839,14.39652449397021,E,2013-10-25
JNPR,JNPR.W^E14,2013-11-21,ESG-GJR-GARCH(G),0.6053502849673033,14.541625694841082,G,2013-10-25
JNPR,JNPR.W^E14,2013-11-21,ESG-GJR-GARCH(S),0.6063801397367066,14.59114578837729,S,2013-10-25
JNPR,JNPR.W^E14,2013-11-21,GARCH,0.4811779772166734,9.187787530092438,,2013-10-25
JNPR,JNPR.W^E14,2013-11-21,GJR-GARCH,0.609759193199737,14.754217209983896,,2013-10-25
JNPR,JNPR.W^E14,2013-11-22,EGARCH,0.4062900849964905,6.550461633589504,,2013-10-25
JNPR,JNPR.W^E14,2013-11-22,ESG-EGARCH,0.3998625605551732,6.3448439418150615,all,2013-10-25
JNPR,JNPR.W^E14,2013-11-22,ESG-EGARCH(E),0.4013006489246207,6.390563921719115,E,2013-10-25
JNPR,JNPR.W^E14,2013-11-22,ESG-EGARCH(G),0.4021439133127885,6.417449484703317,G,2013-10-25
JNPR,JNPR.W^E14,2013-11-22,ESG-EGARCH(S),0.4020336469060167,6.4139306843076085,S,2013-10-25
JNPR,JNPR.W^E14,2013-11-22,ESG-GARCH,0.4780393675527286,9.068318925802092,all,2013-10-25
JNPR,JNPR.W^E14,2013-11-22,ESG-GARCH(E),0.482063857747697,9.221649323277456,E,2013-10-25
JNPR,JNPR.W^E14,2013-11-22,ESG-GARCH(G),0.4840730337908295,9.298678652518158,G,2013-10-25
JNPR,JNPR.W^E14,2013-11-22,ESG-GARCH(S),0.4845257559143729,9.316079688269625,S,2013-10-25
JNPR,JNPR.W^E14,2013-11-22,ESG-GJR-GARCH,0.5949283645715511,14.045228530626206,all,2013-10-25
JNPR,JNPR.W^E14,2013-11-22,ESG-GJR-GARCH(E),0.6023225192934839,14.39652449397021,E,2013-10-25
JNPR,JNPR.W^E14,2013-11-22,ESG-GJR-GARCH(G),0.6053502849673033,14.541625694841082,G,2013-10-25
JNPR,JNPR.W^E14,2013-11-22,ESG-GJR-GARCH(S),0.6063801397367066,14.59114578837729,S,2013-10-25
JNPR,JNPR.W^E14,2013-11-22,GARCH,0.4811779772166734,9.187787530092438,,2013-10-25
JNPR,JNPR.W^E14,2013-11-22,GJR-GARCH,0.609759193199737,14.754217209983896,,2013-10-25
JNPR,JNPR.W^E14,2013-11-25,EGARCH,0.4062900849964905,6.550461633589504,,2013-10-25
JNPR,JNPR.W^E14,2013-11-25,ESG-EGARCH,0.3998625605551732,6.3448439418150615,all,2013-10-25
JNPR,JNPR.W^E14,2013-11-25,ESG-EGARCH(E),0.4013006489246207,6.390563921719115,E,2013-10-25
JNPR,JNPR.W^E14,2013-11-25,ESG-EGARCH(G),0.4021439133127885,6.417449484703317,G,2013-10-25
JNPR,JNPR.W^E14,2013-11-25,ESG-EGARCH(S),0.4020336469060167,6.4139306843076085,S,2013-10-25
JNPR,JNPR.W^E14,2013-11-25,ESG-GARCH,0.4780393675527286,9.068318925802092,all,2013-10-25
JNPR,JNPR.W^E14,2013-11-25,ESG-GARCH(E),0.482063857747697,9.221649323277456,E,2013-10-25
JNPR,JNPR.W^E14,2013-11-25,ESG-GARCH(G),0.4840730337908295,9.298678652518158,G,2013-10-25
JNPR,JNPR.W^E14,2013-11-25,ESG-GARCH(S),0.4845257559143729,9.316079688269625,S,2013-10-25
JNPR,JNPR.W^E14,2013-11-25,ESG-GJR-GARCH,0.5949283645715511,14.045228530626206,all,2013-10-25
JNPR,JNPR.W^E14,2013-11-25,ESG-GJR-GARCH(E),0.6023225192934839,14.39652449397021,E,2013-10-25
JNPR,JNPR.W^E14,2013-11-25,ESG-GJR-GARCH(G),0.6053502849673033,14.541625694841082,G,2013-10-25
JNPR,JNPR.W^E14,2013-11-25,ESG-GJR-GARCH(S),0.6063801397367066,14.59114578837729,S,2013-10-25
JNPR,JNPR.W^E14,2013-11-25,GARCH,0.4811779772166734,9.187787530092438,,2013-10-25
JNPR,JNPR.W^E14,2013-11-25,GJR-GARCH,0.609759193199737,14.754217209983896,,2013-10-25
JNPR,JNPR.W^E14,2013-11-26,EGARCH,0.3546254062096188,4.990443600370522,,2013-11-26
JNPR,JNPR.W^E14,2013-11-26,ESG-EGARCH,0.3594610656751255,5.127470545091148,all,2013-11-26
JNPR,JNPR.W^E14,2013-11-26,ESG-EGARCH(E),0.3601836950780785,5.148106912702312,E,2013-11-26
JNPR,JNPR.W^E14,2013-11-26,ESG-EGARCH(G),0.3604670470071265,5.156209999128491,G,2013-11-26
JNPR,JNPR.W^E14,2013-11-26,ESG-EGARCH(S),0.3602551911740226,5.150150903485381,S,2013-11-26
JNPR,JNPR.W^E14,2013-11-26,ESG-GARCH,0.3581551493835283,5.090282183727679,all,2013-11-26
JNPR,JNPR.W^E14,2013-11-26,ESG-GARCH(E),0.3593843607838107,5.125282491110643,E,2013-11-26
JNPR,JNPR.W^E14,2013-11-26,ESG-GARCH(G),0.36095264353442,5.170111542638336,G,2013-11-26
JNPR,JNPR.W^E14,2013-11-26,ESG-GARCH(S),0.3602162041166207,5.14903625826139,S,2013-11-26
JNPR,JNPR.W^E14,2013-11-26,ESG-GJR-GARCH,0.3383462685690736,4.542785613278401,all,2013-11-26
JNPR,JNPR.W^E14,2013-11-26,ESG-GJR-GARCH(E),0.3398997422177134,4.584596617447144,E,2013-11-26
JNPR,JNPR.W^E14,2013-11-26,ESG-GJR-GARCH(G),0.3418203345630085,4.636553219078059,G,2013-11-26
JNPR,JNPR.W^E14,2013-11-26,ESG-GJR-GARCH(S),0.3408489912466211,4.6102394775333,S,2013-11-26
JNPR,JNPR.W^E14,2013-11-26,GARCH,0.3467819447130729,4.772131634086538,,2013-11-26
JNPR,JNPR.W^E14,2013-11-26,GJR-GARCH,0.3263187943522941,4.225553791568843,,2013-11-26
JNPR,JNPR.W^E14,2013-11-27,EGARCH,0.3546254062096188,4.990443600370522,,2013-11-26
JNPR,JNPR.W^E14,2013-11-27,ESG-EGARCH,0.3594610656751255,5.127470545091148,all,2013-11-26
JNPR,JNPR.W^E14,2013-11-27,ESG-EGARCH(E),0.3601836950780785,5.148106912702312,E,2013-11-26
JNPR,JNPR.W^E14,2013-11-27,ESG-EGARCH(G),0.3604670470071265,5.156209999128491,G,2013-11-26
JNPR,JNPR.W^E14,2013-11-27,ESG-EGARCH(S),0.3602551911740226,5.150150903485381,S,2013-11-26
JNPR,JNPR.W^E14,2013-11-27,ESG-GARCH,0.3581551493835283,5.090282183727679,all,2013-11-26
JNPR,JNPR.W^E14,2013-11-27,ESG-GARCH(E),0.3593843607838107,5.125282491110643,E,2013-11-26
JNPR,JNPR.W^E14,2013-11-27,ESG-GARCH(G),0.36095264353442,5.170111542638336,G,2013-11-26
JNPR,JNPR.W^E14,2013-11-27,ESG-GARCH(S),0.3602162041166207,5.14903625826139,S,2013-11-26
JNPR,JNPR.W^E14,2013-11-27,ESG-GJR-GARCH,0.3383462685690736,4.542785613278401,all,2013-11-26
JNPR,JNPR.W^E14,2013-11-27,ESG-GJR-GARCH(E),0.3398997422177134,4.584596617447144,E,2013-11-26
JNPR,JNPR.W^E14,2013-11-27,ESG-GJR-GARCH(G),0.3418203345630085,4.636553219078059,G,2013-11-26
JNPR,JNPR.W^E14,2013-11-27,ESG-GJR-GARCH(S),0.3408489912466211,4.6102394775333,S,2013-11-26
JNPR,JNPR.W^E14,2013-11-27,GARCH,0.3467819447130729,4.772131634086538,,2013-11-26
JNPR,JNPR.W^E14,2013-11-27,GJR-GARCH,0.3263187943522941,4.225553791568843,,2013-11-26
JNPR,JNPR.W^E14,2013-12-02,EGARCH,0.3546254062096188,4.990443600370522,,2013-11-26
JNPR,JNPR.W^E14,2013-12-02,ESG-EGARCH,0.3594610656751255,5.127470545091148,all,2013-11-26
JNPR,JNPR.W^E14,2013-12-02,ESG-EGARCH(E),0.3601836950780785,5.148106912702312,E,2013-11-26
JNPR,JNPR.W^E14,2013-12-02,ESG-EGARCH(G),0.3604670470071265,5.156209999128491,G,2013-11-26
JNPR,JNPR.W^E14,2013-12-02,ESG-EGARCH(S),0.3602551911740226,5.150150903485381,S,2013-11-26
JNPR,JNPR.W^E14,2013-12-02,ESG-GARCH,0.3581551493835283,5.090282183727679,all,2013-11-26
JNPR,JNPR.W^E14,2013-12-02,ESG-GARCH(E),0.3593843607838107,5.125282491110643,E,2013-11-26
JNPR,JNPR.W^E14,2013-12-02,ESG-GARCH(G),0.36095264353442,5.170111542638336,G,2013-11-26
JNPR,JNPR.W^E14,2013-12-02,ESG-GARCH(S),0.3602162041166207,5.14903625826139,S,2013-11-26
JNPR,JNPR.W^E14,2013-12-02,ESG-GJR-GARCH,0.3383462685690736,4.542785613278401,all,2013-11-26
JNPR,JNPR.W^E14,2013-12-02,ESG-GJR-GARCH(E),0.3398997422177134,4.584596617447144,E,2013-11-26
JNPR,JNPR.W^E14,2013-12-02,ESG-GJR-GARCH(G),0.3418203345630085,4.636553219078059,G,2013-11-26
JNPR,JNPR.W^E14,2013-12-02,ESG-GJR-GARCH(S),0.3408489912466211,4.6102394775333,S,2013-11-26
JNPR,JNPR.W^E14,2013-12-02,GARCH,0.3467819447130729,4.772131634086538,,2013-11-26
JNPR,JNPR.W^E14,2013-12-02,GJR-GARCH,0.3263187943522941,4.225553791568843,,2013-11-26
JNPR,JNPR.W^E14,2013-12-03,EGARCH,0.3546254062096188,4.990443600370522,,2013-11-26
JNPR,JNPR.W^E14,2013-12-03,ESG-EGARCH,0.3594610656751255,5.127470545091148,all,2013-11-26
JNPR,JNPR.W^E14,2013-12-03,ESG-EGARCH(E),0.3601836950780785,5.148106912702312,E,2013-11-26
JNPR,JNPR.W^E14,2013-12-03,ESG-EGARCH(G),0.3604670470071265,5.156209999128491,G,2013-11-26
JNPR,JNPR.W^E14,2013-12-03,ESG-EGARCH(S),0.3602551911740226,5.150150903485381,S,2013-11-26
JNPR,JNPR.W^E14,2013-12-03,ESG-GARCH,0.3581551493835283,5.090282183727679,all,2013-11-26
JNPR,JNPR.W^E14,2013-12-03,ESG-GARCH(E),0.3593843607838107,5.125282491110643,E,2013-11-26
JNPR,JNPR.W^E14,2013-12-03,ESG-GARCH(G),0.36095264353442,5.170111542638336,G,2013-11-26
JNPR,JNPR.W^E14,2013-12-03,ESG-GARCH(S),0.3602162041166207,5.14903625826139,S,2013-11-26
JNPR,JNPR.W^E14,2013-12-03,ESG-GJR-GARCH,0.3383462685690736,4.542785613278401,all,2013-11-26
JNPR,JNPR.W^E14,2013-12-03,ESG-GJR-GARCH(E),0.3398997422177134,4.584596617447144,E,2013-11-26
JNPR,JNPR.W^E14,2013-12-03,ESG-GJR-GARCH(G),0.3418203345630085,4.636553219078059,G,2013-11-26
JNPR,JNPR.W^E14,2013-12-03,ESG-GJR-GARCH(S),0.3408489912466211,4.6102394775333,S,2013-11-26
JNPR,JNPR.W^E14,2013-12-03,GARCH,0.3467819447130729,4.772131634086538,,2013-11-26
JNPR,JNPR.W^E14,2013-12-03,GJR-GARCH,0.3263187943522941,4.225553791568843,,2013-11-26
JNPR,JNPR.W^E14,2013-12-04,EGARCH,0.3546254062096188,4.990443600370522,,2013-11-26
JNPR,JNPR.W^E14,2013-12-04,ESG-EGARCH,0.3594610656751255,5.127470545091148,all,2013-11-26
JNPR,JNPR.W^E14,2013-12-04,ESG-EGARCH(E),0.3601836950780785,5.148106912702312,E,2013-11-26
JNPR,JNPR.W^E14,2013-12-04,ESG-EGARCH(G),0.3604670470071265,5.156209999128491,G,2013-11-26
JNPR,JNPR.W^E14,2013-12-04,ESG-EGARCH(S),0.3602551911740226,5.150150903485381,S,2013-11-26
JNPR,JNPR.W^E14,2013-12-04,ESG-GARCH,0.3581551493835283,5.090282183727679,all,2013-11-26
JNPR,JNPR.W^E14,2013-12-04,ESG-GARCH(E),0.3593843607838107,5.125282491110643,E,2013-11-26
JNPR,JNPR.W^E14,2013-12-04,ESG-GARCH(G),0.36095264353442,5.170111542638336,G,2013-11-26
JNPR,JNPR.W^E14,2013-12-04,ESG-GARCH(S),0.3602162041166207,5.14903625826139,S,2013-11-26
JNPR,JNPR.W^E14,2013-12-04,ESG-GJR-GARCH,0.3383462685690736,4.542785613278401,all,2013-11-26
JNPR,JNPR.W^E14,2013-12-04,ESG-GJR-GARCH(E),0.3398997422177134,4.584596617447144,E,2013-11-26
JNPR,JNPR.W^E14,2013-12-04,ESG-GJR-GARCH(G),0.3418203345630085,4.636553219078059,G,2013-11-26
JNPR,JNPR.W^E14,2013-12-04,ESG-GJR-GARCH(S),0.3408489912466211,4.6102394775333,S,2013-11-26
JNPR,JNPR.W^E14,2013-12-04,GARCH,0.3467819447130729,4.772131634086538,,2013-11-26
JNPR,JNPR.W^E14,2013-12-04,GJR-GARCH,0.3263187943522941,4.225553791568843,,2013-11-26
JNPR,JNPR.W^E14,2013-12-05,EGARCH,0.3546254062096188,4.990443600370522,,2013-11-26
JNPR,JNPR.W^E14,2013-12-05,ESG-EGARCH,0.3594610656751255,5.127470545091148,all,2013-11-26
JNPR,JNPR.W^E14,2013-12-05,ESG-EGARCH(E),0.3601836950780785,5.148106912702312,E,2013-11-26
JNPR,JNPR.W^E14,2013-12-05,ESG-EGARCH(G),0.3604670470071265,5.156209999128491,G,2013-11-26
JNPR,JNPR.W^E14,2013-12-05,ESG-EGARCH(S),0.3602551911740226,5.150150903485381,S,2013-11-26
JNPR,JNPR.W^E14,2013-12-05,ESG-GARCH,0.3581551493835283,5.090282183727679,all,2013-11-26
JNPR,JNPR.W^E14,2013-12-05,ESG-GARCH(E),0.3593843607838107,5.125282491110643,E,2013-11-26
JNPR,JNPR.W^E14,2013-12-05,ESG-GARCH(G),0.36095264353442,5.170111542638336,G,2013-11-26
JNPR,JNPR.W^E14,2013-12-05,ESG-GARCH(S),0.3602162041166207,5.14903625826139,S,2013-11-26
JNPR,JNPR.W^E14,2013-12-05,ESG-GJR-GARCH,0.3383462685690736,4.542785613278401,all,2013-11-26
JNPR,JNPR.W^E14,2013-12-05,ESG-GJR-GARCH(E),0.3398997422177134,4.584596617447144,E,2013-11-26
JNPR,JNPR.W^E14,2013-12-05,ESG-GJR-GARCH(G),0.3418203345630085,4.636553219078059,G,2013-11-26
JNPR,JNPR.W^E14,2013-12-05,ESG-GJR-GARCH(S),0.3408489912466211,4.6102394775333,S,2013-11-26
JNPR,JNPR.W^E14,2013-12-05,GARCH,0.3467819447130729,4.772131634086538,,2013-11-26
JNPR,JNPR.W^E14,2013-12-05,GJR-GARCH,0.3263187943522941,4.225553791568843,,2013-11-26
JNPR,JNPR.W^E14,2013-12-06,EGARCH,0.3546254062096188,4.990443600370522,,2013-11-26
JNPR,JNPR.W^E14,2013-12-06,ESG-EGARCH,0.3594610656751255,5.127470545091148,all,2013-11-26
JNPR,JNPR.W^E14,2013-12-06,ESG-EGARCH(E),0.3601836950780785,5.148106912702312,E,2013-11-26
JNPR,JNPR.W^E14,2013-12-06,ESG-EGARCH(G),0.3604670470071265,5.156209999128491,G,2013-11-26
JNPR,JNPR.W^E14,2013-12-06,ESG-EGARCH(S),0.3602551911740226,5.150150903485381,S,2013-11-26
JNPR,JNPR.W^E14,2013-12-06,ESG-GARCH,0.3581551493835283,5.090282183727679,all,2013-11-26
JNPR,JNPR.W^E14,2013-12-06,ESG-GARCH(E),0.3593843607838107,5.125282491110643,E,2013-11-26
JNPR,JNPR.W^E14,2013-12-06,ESG-GARCH(G),0.36095264353442,5.170111542638336,G,2013-11-26
JNPR,JNPR.W^E14,2013-12-06,ESG-GARCH(S),0.3602162041166207,5.14903625826139,S,2013-11-26
JNPR,JNPR.W^E14,2013-12-06,ESG-GJR-GARCH,0.3383462685690736,4.542785613278401,all,2013-11-26
JNPR,JNPR.W^E14,2013-12-06,ESG-GJR-GARCH(E),0.3398997422177134,4.584596617447144,E,2013-11-26
JNPR,JNPR.W^E14,2013-12-06,ESG-GJR-GARCH(G),0.3418203345630085,4.636553219078059,G,2013-11-26
JNPR,JNPR.W^E14,2013-12-06,ESG-GJR-GARCH(S),0.3408489912466211,4.6102394775333,S,2013-11-26
JNPR,JNPR.W^E14,2013-12-06,GARCH,0.3467819447130729,4.772131634086538,,2013-11-26
JNPR,JNPR.W^E14,2013-12-06,GJR-GARCH,0.3263187943522941,4.225553791568843,,2013-11-26
JNPR,JNPR.W^E14,2013-12-09,EGARCH,0.3546254062096188,4.990443600370522,,2013-11-26
JNPR,JNPR.W^E14,2013-12-09,ESG-EGARCH,0.3594610656751255,5.127470545091148,all,2013-11-26
JNPR,JNPR.W^E14,2013-12-09,ESG-EGARCH(E),0.3601836950780785,5.148106912702312,E,2013-11-26
JNPR,JNPR.W^E14,2013-12-09,ESG-EGARCH(G),0.3604670470071265,5.156209999128491,G,2013-11-26
JNPR,JNPR.W^E14,2013-12-09,ESG-EGARCH(S),0.3602551911740226,5.150150903485381,S,2013-11-26
JNPR,JNPR.W^E14,2013-12-09,ESG-GARCH,0.3581551493835283,5.090282183727679,all,2013-11-26
JNPR,JNPR.W^E14,2013-12-09,ESG-GARCH(E),0.3593843607838107,5.125282491110643,E,2013-11-26
JNPR,JNPR.W^E14,2013-12-09,ESG-GARCH(G),0.36095264353442,5.170111542638336,G,2013-11-26
JNPR,JNPR.W^E14,2013-12-09,ESG-GARCH(S),0.3602162041166207,5.14903625826139,S,2013-11-26
JNPR,JNPR.W^E14,2013-12-09,ESG-GJR-GARCH,0.3383462685690736,4.542785613278401,all,2013-11-26
JNPR,JNPR.W^E14,2013-12-09,ESG-GJR-GARCH(E),0.3398997422177134,4.584596617447144,E,2013-11-26
JNPR,JNPR.W^E14,2013-12-09,ESG-GJR-GARCH(G),0.3418203345630085,4.636553219078059,G,2013-11-26
JNPR,JNPR.W^E14,2013-12-09,ESG-GJR-GARCH(S),0.3408489912466211,4.6102394775333,S,2013-11-26
JNPR,JNPR.W^E14,2013-12-09,GARCH,0.3467819447130729,4.772131634086538,,2013-11-26
JNPR,JNPR.W^E14,2013-12-09,GJR-GARCH,0.3263187943522941,4.225553791568843,,2013-11-26
JNPR,JNPR.W^E14,2013-12-10,EGARCH,0.3546254062096188,4.990443600370522,,2013-11-26
JNPR,JNPR.W^E14,2013-12-10,ESG-EGARCH,0.3594610656751255,5.127470545091148,all,2013-11-26
JNPR,JNPR.W^E14,2013-12-10,ESG-EGARCH(E),0.3601836950780785,5.148106912702312,E,2013-11-26
JNPR,JNPR.W^E14,2013-12-10,ESG-EGARCH(G),0.3604670470071265,5.156209999128491,G,2013-11-26
JNPR,JNPR.W^E14,2013-12-10,ESG-EGARCH(S),0.3602551911740226,5.150150903485381,S,2013-11-26
JNPR,JNPR.W^E14,2013-12-10,ESG-GARCH,0.3581551493835283,5.090282183727679,all,2013-11-26
JNPR,JNPR.W^E14,2013-12-10,ESG-GARCH(E),0.3593843607838107,5.125282491110643,E,2013-11-26
JNPR,JNPR.W^E14,2013-12-10,ESG-GARCH(G),0.36095264353442,5.170111542638336,G,2013-11-26
JNPR,JNPR.W^E14,2013-12-10,ESG-GARCH(S),0.3602162041166207,5.14903625826139,S,2013-11-26
JNPR,JNPR.W^E14,2013-12-10,ESG-GJR-GARCH,0.3383462685690736,4.542785613278401,all,2013-11-26
JNPR,JNPR.W^E14,2013-12-10,ESG-GJR-GARCH(E),0.3398997422177134,4.584596617447144,E,2013-11-26
JNPR,JNPR.W^E14,2013-12-10,ESG-GJR-GARCH(G),0.3418203345630085,4.636553219078059,G,2013-11-26
JNPR,JNPR.W^E14,2013-12-10,ESG-GJR-GARCH(S),0.3408489912466211,4.6102394775333,S,2013-11-26
JNPR,JNPR.W^E14,2013-12-10,GARCH,0.3467819447130729,4.772131634086538,,2013-11-26
JNPR,JNPR.W^E14,2013-12-10,GJR-GARCH,0.3263187943522941,4.225553791568843,,2013-11-26
JNPR,JNPR.W^E14,2013-12-11,EGARCH,0.3546254062096188,4.990443600370522,,2013-11-26
JNPR,JNPR.W^E14,2013-12-11,ESG-EGARCH,0.3594610656751255,5.127470545091148,all,2013-11-26
JNPR,JNPR.W^E14,2013-12-11,ESG-EGARCH(E),0.3601836950780785,5.148106912702312,E,2013-11-26
JNPR,JNPR.W^E14,2013-12-11,ESG-EGARCH(G),0.3604670470071265,5.156209999128491,G,2013-11-26
JNPR,JNPR.W^E14,2013-12-11,ESG-EGARCH(S),0.3602551911740226,5.150150903485381,S,2013-11-26
JNPR,JNPR.W^E14,2013-12-11,ESG-GARCH,0.3581551493835283,5.090282183727679,all,2013-11-26
JNPR,JNPR.W^E14,2013-12-11,ESG-GARCH(E),0.3593843607838107,5.125282491110643,E,2013-11-26
JNPR,JNPR.W^E14,2013-12-11,ESG-GARCH(G),0.36095264353442,5.170111542638336,G,2013-11-26
JNPR,JNPR.W^E14,2013-12-11,ESG-GARCH(S),0.3602162041166207,5.14903625826139,S,2013-11-26
JNPR,JNPR.W^E14,2013-12-11,ESG-GJR-GARCH,0.3383462685690736,4.542785613278401,all,2013-11-26
JNPR,JNPR.W^E14,2013-12-11,ESG-GJR-GARCH(E),0.3398997422177134,4.584596617447144,E,2013-11-26
JNPR,JNPR.W^E14,2013-12-11,ESG-GJR-GARCH(G),0.3418203345630085,4.636553219078059,G,2013-11-26
JNPR,JNPR.W^E14,2013-12-11,ESG-GJR-GARCH(S),0.3408489912466211,4.6102394775333,S,2013-11-26
JNPR,JNPR.W^E14,2013-12-11,GARCH,0.3467819447130729,4.772131634086538,,2013-11-26
JNPR,JNPR.W^E14,2013-12-11,GJR-GARCH,0.3263187943522941,4.225553791568843,,2013-11-26
JNPR,JNPR.W^E14,2013-12-12,EGARCH,0.3546254062096188,4.990443600370522,,2013-11-26
JNPR,JNPR.W^E14,2013-12-12,ESG-EGARCH,0.3594610656751255,5.127470545091148,all,2013-11-26
JNPR,JNPR.W^E14,2013-12-12,ESG-EGARCH(E),0.3601836950780785,5.148106912702312,E,2013-11-26
JNPR,JNPR.W^E14,2013-12-12,ESG-EGARCH(G),0.3604670470071265,5.156209999128491,G,2013-11-26
JNPR,JNPR.W^E14,2013-12-12,ESG-EGARCH(S),0.3602551911740226,5.150150903485381,S,2013-11-26
JNPR,JNPR.W^E14,2013-12-12,ESG-GARCH,0.3581551493835283,5.090282183727679,all,2013-11-26
JNPR,JNPR.W^E14,2013-12-12,ESG-GARCH(E),0.3593843607838107,5.125282491110643,E,2013-11-26
JNPR,JNPR.W^E14,2013-12-12,ESG-GARCH(G),0.36095264353442,5.170111542638336,G,2013-11-26
JNPR,JNPR.W^E14,2013-12-12,ESG-GARCH(S),0.3602162041166207,5.14903625826139,S,2013-11-26
JNPR,JNPR.W^E14,2013-12-12,ESG-GJR-GARCH,0.3383462685690736,4.542785613278401,all,2013-11-26
JNPR,JNPR.W^E14,2013-12-12,ESG-GJR-GARCH(E),0.3398997422177134,4.584596617447144,E,2013-11-26
JNPR,JNPR.W^E14,2013-12-12,ESG-GJR-GARCH(G),0.3418203345630085,4.636553219078059,G,2013-11-26
JNPR,JNPR.W^E14,2013-12-12,ESG-GJR-GARCH(S),0.3408489912466211,4.6102394775333,S,2013-11-26
JNPR,JNPR.W^E14,2013-12-12,GARCH,0.3467819447130729,4.772131634086538,,2013-11-26
JNPR,JNPR.W^E14,2013-12-12,GJR-GARCH,0.3263187943522941,4.225553791568843,,2013-11-26
JNPR,JNPR.W^E14,2013-12-13,EGARCH,0.3546254062096188,4.990443600370522,,2013-11-26
JNPR,JNPR.W^E14,2013-12-13,ESG-EGARCH,0.3594610656751255,5.127470545091148,all,2013-11-26
JNPR,JNPR.W^E14,2013-12-13,ESG-EGARCH(E),0.3601836950780785,5.148106912702312,E,2013-11-26
JNPR,JNPR.W^E14,2013-12-13,ESG-EGARCH(G),0.3604670470071265,5.156209999128491,G,2013-11-26
JNPR,JNPR.W^E14,2013-12-13,ESG-EGARCH(S),0.3602551911740226,5.150150903485381,S,2013-11-26
JNPR,JNPR.W^E14,2013-12-13,ESG-GARCH,0.3581551493835283,5.090282183727679,all,2013-11-26
JNPR,JNPR.W^E14,2013-12-13,ESG-GARCH(E),0.3593843607838107,5.125282491110643,E,2013-11-26
JNPR,JNPR.W^E14,2013-12-13,ESG-GARCH(G),0.36095264353442,5.170111542638336,G,2013-11-26
JNPR,JNPR.W^E14,2013-12-13,ESG-GARCH(S),0.3602162041166207,5.14903625826139,S,2013-11-26
JNPR,JNPR.W^E14,2013-12-13,ESG-GJR-GARCH,0.3383462685690736,4.542785613278401,all,2013-11-26
JNPR,JNPR.W^E14,2013-12-13,ESG-GJR-GARCH(E),0.3398997422177134,4.584596617447144,E,2013-11-26
JNPR,JNPR.W^E14,2013-12-13,ESG-GJR-GARCH(G),0.3418203345630085,4.636553219078059,G,2013-11-26
JNPR,JNPR.W^E14,2013-12-13,ESG-GJR-GARCH(S),0.3408489912466211,4.6102394775333,S,2013-11-26
JNPR,JNPR.W^E14,2013-12-13,GARCH,0.3467819447130729,4.772131634086538,,2013-11-26
JNPR,JNPR.W^E14,2013-12-13,GJR-GARCH,0.3263187943522941,4.225553791568843,,2013-11-26
JNPR,JNPR.W^E14,2013-12-16,EGARCH,0.3546254062096188,4.990443600370522,,2013-11-26
JNPR,JNPR.W^E14,2013-12-16,ESG-EGARCH,0.3594610656751255,5.127470545091148,all,2013-11-26
JNPR,JNPR.W^E14,2013-12-16,ESG-EGARCH(E),0.3601836950780785,5.148106912702312,E,2013-11-26
JNPR,JNPR.W^E14,2013-12-16,ESG-EGARCH(G),0.3604670470071265,5.156209999128491,G,2013-11-26
JNPR,JNPR.W^E14,2013-12-16,ESG-EGARCH(S),0.3602551911740226,5.150150903485381,S,2013-11-26
JNPR,JNPR.W^E14,2013-12-16,ESG-GARCH,0.3581551493835283,5.090282183727679,all,2013-11-26
JNPR,JNPR.W^E14,2013-12-16,ESG-GARCH(E),0.3593843607838107,5.125282491110643,E,2013-11-26
JNPR,JNPR.W^E14,2013-12-16,ESG-GARCH(G),0.36095264353442,5.170111542638336,G,2013-11-26
JNPR,JNPR.W^E14,2013-12-16,ESG-GARCH(S),0.3602162041166207,5.14903625826139,S,2013-11-26
JNPR,JNPR.W^E14,2013-12-16,ESG-GJR-GARCH,0.3383462685690736,4.542785613278401,all,2013-11-26
JNPR,JNPR.W^E14,2013-12-16,ESG-GJR-GARCH(E),0.3398997422177134,4.584596617447144,E,2013-11-26
JNPR,JNPR.W^E14,2013-12-16,ESG-GJR-GARCH(G),0.3418203345630085,4.636553219078059,G,2013-11-26
JNPR,JNPR.W^E14,2013-12-16,ESG-GJR-GARCH(S),0.3408489912466211,4.6102394775333,S,2013-11-26
JNPR,JNPR.W^E14,2013-12-16,GARCH,0.3467819447130729,4.772131634086538,,2013-11-26
JNPR,JNPR.W^E14,2013-12-16,GJR-GARCH,0.3263187943522941,4.225553791568843,,2013-11-26
JNPR,JNPR.W^E14,2013-12-17,EGARCH,0.3546254062096188,4.990443600370522,,2013-11-26
JNPR,JNPR.W^E14,2013-12-17,ESG-EGARCH,0.3594610656751255,5.127470545091148,all,2013-11-26
JNPR,JNPR.W^E14,2013-12-17,ESG-EGARCH(E),0.3601836950780785,5.148106912702312,E,2013-11-26
JNPR,JNPR.W^E14,2013-12-17,ESG-EGARCH(G),0.3604670470071265,5.156209999128491,G,2013-11-26
JNPR,JNPR.W^E14,2013-12-17,ESG-EGARCH(S),0.3602551911740226,5.150150903485381,S,2013-11-26
JNPR,JNPR.W^E14,2013-12-17,ESG-GARCH,0.3581551493835283,5.090282183727679,all,2013-11-26
JNPR,JNPR.W^E14,2013-12-17,ESG-GARCH(E),0.3593843607838107,5.125282491110643,E,2013-11-26
JNPR,JNPR.W^E14,2013-12-17,ESG-GARCH(G),0.36095264353442,5.170111542638336,G,2013-11-26
JNPR,JNPR.W^E14,2013-12-17,ESG-GARCH(S),0.3602162041166207,5.14903625826139,S,2013-11-26
JNPR,JNPR.W^E14,2013-12-17,ESG-GJR-GARCH,0.3383462685690736,4.542785613278401,all,2013-11-26
JNPR,JNPR.W^E14,2013-12-17,ESG-GJR-GARCH(E),0.3398997422177134,4.584596617447144,E,2013-11-26
JNPR,JNPR.W^E14,2013-12-17,ESG-GJR-GARCH(G),0.3418203345630085,4.636553219078059,G,2013-11-26
JNPR,JNPR.W^E14,2013-12-17,ESG-GJR-GARCH(S),0.3408489912466211,4.6102394775333,S,2013-11-26
JNPR,JNPR.W^E14,2013-12-17,GARCH,0.3467819447130729,4.772131634086538,,2013-11-26
JNPR,JNPR.W^E14,2013-12-17,GJR-GARCH,0.3263187943522941,4.225553791568843,,2013-11-26
JNPR,JNPR.W^E14,2013-12-18,EGARCH,0.3546254062096188,4.990443600370522,,2013-11-26
JNPR,JNPR.W^E14,2013-12-18,ESG-EGARCH,0.3594610656751255,5.127470545091148,all,2013-11-26
JNPR,JNPR.W^E14,2013-12-18,ESG-EGARCH(E),0.3601836950780785,5.148106912702312,E,2013-11-26
JNPR,JNPR.W^E14,2013-12-18,ESG-EGARCH(G),0.3604670470071265,5.156209999128491,G,2013-11-26
JNPR,JNPR.W^E14,2013-12-18,ESG-EGARCH(S),0.3602551911740226,5.150150903485381,S,2013-11-26
JNPR,JNPR.W^E14,2013-12-18,ESG-GARCH,0.3581551493835283,5.090282183727679,all,2013-11-26
JNPR,JNPR.W^E14,2013-12-18,ESG-GARCH(E),0.3593843607838107,5.125282491110643,E,2013-11-26
JNPR,JNPR.W^E14,2013-12-18,ESG-GARCH(G),0.36095264353442,5.170111542638336,G,2013-11-26
JNPR,JNPR.W^E14,2013-12-18,ESG-GARCH(S),0.3602162041166207,5.14903625826139,S,2013-11-26
JNPR,JNPR.W^E14,2013-12-18,ESG-GJR-GARCH,0.3383462685690736,4.542785613278401,all,2013-11-26
JNPR,JNPR.W^E14,2013-12-18,ESG-GJR-GARCH(E),0.3398997422177134,4.584596617447144,E,2013-11-26
JNPR,JNPR.W^E14,2013-12-18,ESG-GJR-GARCH(G),0.3418203345630085,4.636553219078059,G,2013-11-26
JNPR,JNPR.W^E14,2013-12-18,ESG-GJR-GARCH(S),0.3408489912466211,4.6102394775333,S,2013-11-26
JNPR,JNPR.W^E14,2013-12-18,GARCH,0.3467819447130729,4.772131634086538,,2013-11-26
JNPR,JNPR.W^E14,2013-12-18,GJR-GARCH,0.3263187943522941,4.225553791568843,,2013-11-26
JNPR,JNPR.W^E14,2013-12-19,EGARCH,0.3546254062096188,4.990443600370522,,2013-11-26
JNPR,JNPR.W^E14,2013-12-19,ESG-EGARCH,0.3594610656751255,5.127470545091148,all,2013-11-26
JNPR,JNPR.W^E14,2013-12-19,ESG-EGARCH(E),0.3601836950780785,5.148106912702312,E,2013-11-26
JNPR,JNPR.W^E14,2013-12-19,ESG-EGARCH(G),0.3604670470071265,5.156209999128491,G,2013-11-26
JNPR,JNPR.W^E14,2013-12-19,ESG-EGARCH(S),0.3602551911740226,5.150150903485381,S,2013-11-26
JNPR,JNPR.W^E14,2013-12-19,ESG-GARCH,0.3581551493835283,5.090282183727679,all,2013-11-26
JNPR,JNPR.W^E14,2013-12-19,ESG-GARCH(E),0.3593843607838107,5.125282491110643,E,2013-11-26
JNPR,JNPR.W^E14,2013-12-19,ESG-GARCH(G),0.36095264353442,5.170111542638336,G,2013-11-26
JNPR,JNPR.W^E14,2013-12-19,ESG-GARCH(S),0.3602162041166207,5.14903625826139,S,2013-11-26
JNPR,JNPR.W^E14,2013-12-19,ESG-GJR-GARCH,0.3383462685690736,4.542785613278401,all,2013-11-26
JNPR,JNPR.W^E14,2013-12-19,ESG-GJR-GARCH(E),0.3398997422177134,4.584596617447144,E,2013-11-26
JNPR,JNPR.W^E14,2013-12-19,ESG-GJR-GARCH(G),0.3418203345630085,4.636553219078059,G,2013-11-26
JNPR,JNPR.W^E14,2013-12-19,ESG-GJR-GARCH(S),0.3408489912466211,4.6102394775333,S,2013-11-26
JNPR,JNPR.W^E14,2013-12-19,GARCH,0.3467819447130729,4.772131634086538,,2013-11-26
JNPR,JNPR.W^E14,2013-12-19,GJR-GARCH,0.3263187943522941,4.225553791568843,,2013-11-26
JNPR,JNPR.W^E14,2013-12-20,EGARCH,0.3546254062096188,4.990443600370522,,2013-11-26
JNPR,JNPR.W^E14,2013-12-20,ESG-EGARCH,0.3594610656751255,5.127470545091148,all,2013-11-26
JNPR,JNPR.W^E14,2013-12-20,ESG-EGARCH(E),0.3601836950780785,5.148106912702312,E,2013-11-26
JNPR,JNPR.W^E14,2013-12-20,ESG-EGARCH(G),0.3604670470071265,5.156209999128491,G,2013-11-26
JNPR,JNPR.W^E14,2013-12-20,ESG-EGARCH(S),0.3602551911740226,5.150150903485381,S,2013-11-26
JNPR,JNPR.W^E14,2013-12-20,ESG-GARCH,0.3581551493835283,5.090282183727679,all,2013-11-26
JNPR,JNPR.W^E14,2013-12-20,ESG-GARCH(E),0.3593843607838107,5.125282491110643,E,2013-11-26
JNPR,JNPR.W^E14,2013-12-20,ESG-GARCH(G),0.36095264353442,5.170111542638336,G,2013-11-26
JNPR,JNPR.W^E14,2013-12-20,ESG-GARCH(S),0.3602162041166207,5.14903625826139,S,2013-11-26
JNPR,JNPR.W^E14,2013-12-20,ESG-GJR-GARCH,0.3383462685690736,4.542785613278401,all,2013-11-26
JNPR,JNPR.W^E14,2013-12-20,ESG-GJR-GARCH(E),0.3398997422177134,4.584596617447144,E,2013-11-26
JNPR,JNPR.W^E14,2013-12-20,ESG-GJR-GARCH(G),0.3418203345630085,4.636553219078059,G,2013-11-26
JNPR,JNPR.W^E14,2013-12-20,ESG-GJR-GARCH(S),0.3408489912466211,4.6102394775333,S,2013-11-26
JNPR,JNPR.W^E14,2013-12-20,GARCH,0.3467819447130729,4.772131634086538,,2013-11-26
JNPR,JNPR.W^E14,2013-12-20,GJR-GARCH,0.3263187943522941,4.225553791568843,,2013-11-26
JNPR,JNPR.W^E14,2013-12-23,EGARCH,0.3546254062096188,4.990443600370522,,2013-11-26
JNPR,JNPR.W^E14,2013-12-23,ESG-EGARCH,0.3594610656751255,5.127470545091148,all,2013-11-26
JNPR,JNPR.W^E14,2013-12-23,ESG-EGARCH(E),0.3601836950780785,5.148106912702312,E,2013-11-26
JNPR,JNPR.W^E14,2013-12-23,ESG-EGARCH(G),0.3604670470071265,5.156209999128491,G,2013-11-26
JNPR,JNPR.W^E14,2013-12-23,ESG-EGARCH(S),0.3602551911740226,5.150150903485381,S,2013-11-26
JNPR,JNPR.W^E14,2013-12-23,ESG-GARCH,0.3581551493835283,5.090282183727679,all,2013-11-26
JNPR,JNPR.W^E14,2013-12-23,ESG-GARCH(E),0.3593843607838107,5.125282491110643,E,2013-11-26
JNPR,JNPR.W^E14,2013-12-23,ESG-GARCH(G),0.36095264353442,5.170111542638336,G,2013-11-26
JNPR,JNPR.W^E14,2013-12-23,ESG-GARCH(S),0.3602162041166207,5.14903625826139,S,2013-11-26
JNPR,JNPR.W^E14,2013-12-23,ESG-GJR-GARCH,0.3383462685690736,4.542785613278401,all,2013-11-26
JNPR,JNPR.W^E14,2013-12-23,ESG-GJR-GARCH(E),0.3398997422177134,4.584596617447144,E,2013-11-26
JNPR,JNPR.W^E14,2013-12-23,ESG-GJR-GARCH(G),0.3418203345630085,4.636553219078059,G,2013-11-26
JNPR,JNPR.W^E14,2013-12-23,ESG-GJR-GARCH(S),0.3408489912466211,4.6102394775333,S,2013-11-26
JNPR,JNPR.W^E14,2013-12-23,GARCH,0.3467819447130729,4.772131634086538,,2013-11-26
JNPR,JNPR.W^E14,2013-12-23,GJR-GARCH,0.3263187943522941,4.225553791568843,,2013-11-26
JNPR,JNPR.W^E14,2013-12-24,EGARCH,0.3546254062096188,4.990443600370522,,2013-11-26
JNPR,JNPR.W^E14,2013-12-24,ESG-EGARCH,0.3594610656751255,5.127470545091148,all,2013-11-26
JNPR,JNPR.W^E14,2013-12-24,ESG-EGARCH(E),0.3601836950780785,5.148106912702312,E,2013-11-26
JNPR,JNPR.W^E14,2013-12-24,ESG-EGARCH(G),0.3604670470071265,5.156209999128491,G,2013-11-26
JNPR,JNPR.W^E14,2013-12-24,ESG-EGARCH(S),0.3602551911740226,5.150150903485381,S,2013-11-26
JNPR,JNPR.W^E14,2013-12-24,ESG-GARCH,0.3581551493835283,5.090282183727679,all,2013-11-26
JNPR,JNPR.W^E14,2013-12-24,ESG-GARCH(E),0.3593843607838107,5.125282491110643,E,2013-11-26
JNPR,JNPR.W^E14,2013-12-24,ESG-GARCH(G),0.36095264353442,5.170111542638336,G,2013-11-26
JNPR,JNPR.W^E14,2013-12-24,ESG-GARCH(S),0.3602162041166207,5.14903625826139,S,2013-11-26
JNPR,JNPR.W^E14,2013-12-24,ESG-GJR-GARCH,0.3383462685690736,4.542785613278401,all,2013-11-26
JNPR,JNPR.W^E14,2013-12-24,ESG-GJR-GARCH(E),0.3398997422177134,4.584596617447144,E,2013-11-26
JNPR,JNPR.W^E14,2013-12-24,ESG-GJR-GARCH(G),0.3418203345630085,4.636553219078059,G,2013-11-26
JNPR,JNPR.W^E14,2013-12-24,ESG-GJR-GARCH(S),0.3408489912466211,4.6102394775333,S,2013-11-26
JNPR,JNPR.W^E14,2013-12-24,GARCH,0.3467819447130729,4.772131634086538,,2013-11-26
JNPR,JNPR.W^E14,2013-12-24,GJR-GARCH,0.3263187943522941,4.225553791568843,,2013-11-26
JNPR,JNPR.W^E14,2013-12-26,EGARCH,0.3546254062096188,4.990443600370522,,2013-11-26
JNPR,JNPR.W^E14,2013-12-26,ESG-EGARCH,0.3594610656751255,5.127470545091148,all,2013-11-26
JNPR,JNPR.W^E14,2013-12-26,ESG-EGARCH(E),0.3601836950780785,5.148106912702312,E,2013-11-26
JNPR,JNPR.W^E14,2013-12-26,ESG-EGARCH(G),0.3604670470071265,5.156209999128491,G,2013-11-26
JNPR,JNPR.W^E14,2013-12-26,ESG-EGARCH(S),0.3602551911740226,5.150150903485381,S,2013-11-26
JNPR,JNPR.W^E14,2013-12-26,ESG-GARCH,0.3581551493835283,5.090282183727679,all,2013-11-26
JNPR,JNPR.W^E14,2013-12-26,ESG-GARCH(E),0.3593843607838107,5.125282491110643,E,2013-11-26
JNPR,JNPR.W^E14,2013-12-26,ESG-GARCH(G),0.36095264353442,5.170111542638336,G,2013-11-26
JNPR,JNPR.W^E14,2013-12-26,ESG-GARCH(S),0.3602162041166207,5.14903625826139,S,2013-11-26
JNPR,JNPR.W^E14,2013-12-26,ESG-GJR-GARCH,0.3383462685690736,4.542785613278401,all,2013-11-26
JNPR,JNPR.W^E14,2013-12-26,ESG-GJR-GARCH(E),0.3398997422177134,4.584596617447144,E,2013-11-26
JNPR,JNPR.W^E14,2013-12-26,ESG-GJR-GARCH(G),0.3418203345630085,4.636553219078059,G,2013-11-26
JNPR,JNPR.W^E14,2013-12-26,ESG-GJR-GARCH(S),0.3408489912466211,4.6102394775333,S,2013-11-26
JNPR,JNPR.W^E14,2013-12-26,GARCH,0.3467819447130729,4.772131634086538,,2013-11-26
JNPR,JNPR.W^E14,2013-12-26,GJR-GARCH,0.3263187943522941,4.225553791568843,,2013-11-26
JNPR,JNPR.W^E14,2013-12-27,EGARCH,0.3546254062096188,4.990443600370522,,2013-11-26
JNPR,JNPR.W^E14,2013-12-27,ESG-EGARCH,0.3594610656751255,5.127470545091148,all,2013-11-26
JNPR,JNPR.W^E14,2013-12-27,ESG-EGARCH(E),0.3601836950780785,5.148106912702312,E,2013-11-26
JNPR,JNPR.W^E14,2013-12-27,ESG-EGARCH(G),0.3604670470071265,5.156209999128491,G,2013-11-26
JNPR,JNPR.W^E14,2013-12-27,ESG-EGARCH(S),0.3602551911740226,5.150150903485381,S,2013-11-26
JNPR,JNPR.W^E14,2013-12-27,ESG-GARCH,0.3581551493835283,5.090282183727679,all,2013-11-26
JNPR,JNPR.W^E14,2013-12-27,ESG-GARCH(E),0.3593843607838107,5.125282491110643,E,2013-11-26
JNPR,JNPR.W^E14,2013-12-27,ESG-GARCH(G),0.36095264353442,5.170111542638336,G,2013-11-26
JNPR,JNPR.W^E14,2013-12-27,ESG-GARCH(S),0.3602162041166207,5.14903625826139,S,2013-11-26
JNPR,JNPR.W^E14,2013-12-27,ESG-GJR-GARCH,0.3383462685690736,4.542785613278401,all,2013-11-26
JNPR,JNPR.W^E14,2013-12-27,ESG-GJR-GARCH(E),0.3398997422177134,4.584596617447144,E,2013-11-26
JNPR,JNPR.W^E14,2013-12-27,ESG-GJR-GARCH(G),0.3418203345630085,4.636553219078059,G,2013-11-26
JNPR,JNPR.W^E14,2013-12-27,ESG-GJR-GARCH(S),0.3408489912466211,4.6102394775333,S,2013-11-26
JNPR,JNPR.W^E14,2013-12-27,GARCH,0.3467819447130729,4.772131634086538,,2013-11-26
JNPR,JNPR.W^E14,2013-12-27,GJR-GARCH,0.3263187943522941,4.225553791568843,,2013-11-26
JNPR,JNPR.W^E14,2013-12-30,EGARCH,0.3546254062096188,4.990443600370522,,2013-11-26
JNPR,JNPR.W^E14,2013-12-30,ESG-EGARCH,0.3594610656751255,5.127470545091148,all,2013-11-26
JNPR,JNPR.W^E14,2013-12-30,ESG-EGARCH(E),0.3601836950780785,5.148106912702312,E,2013-11-26
JNPR,JNPR.W^E14,2013-12-30,ESG-EGARCH(G),0.3604670470071265,5.156209999128491,G,2013-11-26
JNPR,JNPR.W^E14,2013-12-30,ESG-EGARCH(S),0.3602551911740226,5.150150903485381,S,2013-11-26
JNPR,JNPR.W^E14,2013-12-30,ESG-GARCH,0.3581551493835283,5.090282183727679,all,2013-11-26
JNPR,JNPR.W^E14,2013-12-30,ESG-GARCH(E),0.3593843607838107,5.125282491110643,E,2013-11-26
JNPR,JNPR.W^E14,2013-12-30,ESG-GARCH(G),0.36095264353442,5.170111542638336,G,2013-11-26
JNPR,JNPR.W^E14,2013-12-30,ESG-GARCH(S),0.3602162041166207,5.14903625826139,S,2013-11-26
JNPR,JNPR.W^E14,2013-12-30,ESG-GJR-GARCH,0.3383462685690736,4.542785613278401,all,2013-11-26
JNPR,JNPR.W^E14,2013-12-30,ESG-GJR-GARCH(E),0.3398997422177134,4.584596617447144,E,2013-11-26
JNPR,JNPR.W^E14,2013-12-30,ESG-GJR-GARCH(G),0.3418203345630085,4.636553219078059,G,2013-11-26
JNPR,JNPR.W^E14,2013-12-30,ESG-GJR-GARCH(S),0.3408489912466211,4.6102394775333,S,2013-11-26
JNPR,JNPR.W^E14,2013-12-30,GARCH,0.3467819447130729,4.772131634086538,,2013-11-26
JNPR,JNPR.W^E14,2013-12-30,GJR-GARCH,0.3263187943522941,4.225553791568843,,2013-11-26
JNPR,JNPR.W^E14,2013-12-31,EGARCH,0.3166309818567119,3.9783801060137054,,2013-12-31
JNPR,JNPR.W^E14,2013-12-31,ESG-EGARCH,0.3186069380019528,4.028189719959532,all,2013-12-31
JNPR,JNPR.W^E14,2013-12-31,ESG-EGARCH(E),0.3190411843218472,4.039177670376464,E,2013-12-31
JNPR,JNPR.W^E14,2013-12-31,ESG-EGARCH(G),0.3190755159445755,4.040047018860996,G,2013-12-31
JNPR,JNPR.W^E14,2013-12-31,ESG-EGARCH(S),0.3187070991462026,4.030722819293152,S,2013-12-31
JNPR,JNPR.W^E14,2013-12-31,ESG-GARCH,0.3256087238712055,4.2071841690886895,all,2013-12-31
JNPR,JNPR.W^E14,2013-12-31,ESG-GARCH(E),0.3263389352823204,4.226075423857084,E,2013-12-31
JNPR,JNPR.W^E14,2013-12-31,ESG-GARCH(G),0.3276076312670726,4.258998415254851,G,2013-12-31
JNPR,JNPR.W^E14,2013-12-31,ESG-GARCH(S),0.3266919578449389,4.235223623831719,S,2013-12-31
JNPR,JNPR.W^E14,2013-12-31,ESG-GJR-GARCH,0.3143783216018779,3.9219733767148326,all,2013-12-31
JNPR,JNPR.W^E14,2013-12-31,ESG-GJR-GARCH(E),0.3155617653614401,3.9515566570646254,E,2013-12-31
JNPR,JNPR.W^E14,2013-12-31,ESG-GJR-GARCH(G),0.3170800847959773,3.9896738164374654,G,2013-12-31
JNPR,JNPR.W^E14,2013-12-31,ESG-GJR-GARCH(S),0.3160825016702519,3.9646090421478095,S,2013-12-31
JNPR,JNPR.W^E14,2013-12-31,GARCH,0.3198810336092439,4.060471256465011,,2013-12-31
JNPR,JNPR.W^E14,2013-12-31,GJR-GARCH,0.3051482233323559,3.6950570715433866,,2013-12-31
JNPR,JNPR.W^E14,2014-01-02,EGARCH,0.3166309818567119,3.9783801060137054,,2013-12-31
JNPR,JNPR.W^E14,2014-01-02,ESG-EGARCH,0.3259571602844909,4.216193267489257,all,2013-12-31
JNPR,JNPR.W^E14,2014-01-02,ESG-EGARCH(E),0.3205023012687294,4.076258933275849,E,2013-12-31
JNPR,JNPR.W^E14,2014-01-02,ESG-EGARCH(G),0.3206797716516146,4.080774442322686,G,2013-12-31
JNPR,JNPR.W^E14,2014-01-02,ESG-EGARCH(S),0.3187094540920167,4.030782386017115,S,2013-12-31
JNPR,JNPR.W^E14,2014-01-02,ESG-GARCH,0.3452438227536489,4.729892744029879,all,2013-12-31
JNPR,JNPR.W^E14,2014-01-02,ESG-GARCH(E),0.3291858440966666,4.300131744191861,E,2013-12-31
JNPR,JNPR.W^E14,2014-01-02,ESG-GARCH(G),0.3330136407513649,4.400717655812667,G,2013-12-31
JNPR,JNPR.W^E14,2014-01-02,ESG-GARCH(S),0.326676070941802,4.234811719284655,S,2013-12-31
JNPR,JNPR.W^E14,2014-01-02,ESG-GJR-GARCH,0.337423395200099,4.51803760430009,all,2013-12-31
JNPR,JNPR.W^E14,2014-01-02,ESG-GJR-GARCH(E),0.3189084706633178,4.035817962730804,E,2013-12-31
JNPR,JNPR.W^E14,2014-01-02,ESG-GJR-GARCH(G),0.3233600866438685,4.149275620409927,G,2013-12-31
JNPR,JNPR.W^E14,2014-01-02,ESG-GJR-GARCH(S),0.3160757267569632,3.9644390890850185,S,2013-12-31
JNPR,JNPR.W^E14,2014-01-02,GARCH,0.3198810336092439,4.060471256465011,,2013-12-31
JNPR,JNPR.W^E14,2014-01-02,GJR-GARCH,0.3051482233323559,3.6950570715433866,,2013-12-31
JNPR,JNPR.W^E14,2014-01-03,EGARCH,0.3166309818567119,3.9783801060137054,,2013-12-31
JNPR,JNPR.W^E14,2014-01-03,ESG-EGARCH,0.3259571602844909,4.216193267489257,all,2013-12-31
JNPR,JNPR.W^E14,2014-01-03,ESG-EGARCH(E),0.3205023012687294,4.076258933275849,E,2013-12-31
JNPR,JNPR.W^E14,2014-01-03,ESG-EGARCH(G),0.3206797716516146,4.080774442322686,G,2013-12-31
JNPR,JNPR.W^E14,2014-01-03,ESG-EGARCH(S),0.3187094540920167,4.030782386017115,S,2013-12-31
JNPR,JNPR.W^E14,2014-01-03,ESG-GARCH,0.3452438227536489,4.729892744029879,all,2013-12-31
JNPR,JNPR.W^E14,2014-01-03,ESG-GARCH(E),0.3291858440966666,4.300131744191861,E,2013-12-31
JNPR,JNPR.W^E14,2014-01-03,ESG-GARCH(G),0.3330136407513649,4.400717655812667,G,2013-12-31
JNPR,JNPR.W^E14,2014-01-03,ESG-GARCH(S),0.326676070941802,4.234811719284655,S,2013-12-31
JNPR,JNPR.W^E14,2014-01-03,ESG-GJR-GARCH,0.337423395200099,4.51803760430009,all,2013-12-31
JNPR,JNPR.W^E14,2014-01-03,ESG-GJR-GARCH(E),0.3189084706633178,4.035817962730804,E,2013-12-31
JNPR,JNPR.W^E14,2014-01-03,ESG-GJR-GARCH(G),0.3233600866438685,4.149275620409927,G,2013-12-31
JNPR,JNPR.W^E14,2014-01-03,ESG-GJR-GARCH(S),0.3160757267569632,3.9644390890850185,S,2013-12-31
JNPR,JNPR.W^E14,2014-01-03,GARCH,0.3198810336092439,4.060471256465011,,2013-12-31
JNPR,JNPR.W^E14,2014-01-03,GJR-GARCH,0.3051482233323559,3.6950570715433866,,2013-12-31
JNPR,JNPR.W^E14,2014-01-06,EGARCH,0.3166309818567119,3.9783801060137054,,2013-12-31
JNPR,JNPR.W^E14,2014-01-06,ESG-EGARCH,0.3259571602844909,4.216193267489257,all,2013-12-31
JNPR,JNPR.W^E14,2014-01-06,ESG-EGARCH(E),0.3205023012687294,4.076258933275849,E,2013-12-31
JNPR,JNPR.W^E14,2014-01-06,ESG-EGARCH(G),0.3206797716516146,4.080774442322686,G,2013-12-31
JNPR,JNPR.W^E14,2014-01-06,ESG-EGARCH(S),0.3187094540920167,4.030782386017115,S,2013-12-31
JNPR,JNPR.W^E14,2014-01-06,ESG-GARCH,0.3452438227536489,4.729892744029879,all,2013-12-31
JNPR,JNPR.W^E14,2014-01-06,ESG-GARCH(E),0.3291858440966666,4.300131744191861,E,2013-12-31
JNPR,JNPR.W^E14,2014-01-06,ESG-GARCH(G),0.3330136407513649,4.400717655812667,G,2013-12-31
JNPR,JNPR.W^E14,2014-01-06,ESG-GARCH(S),0.326676070941802,4.234811719284655,S,2013-12-31
JNPR,JNPR.W^E14,2014-01-06,ESG-GJR-GARCH,0.337423395200099,4.51803760430009,all,2013-12-31
JNPR,JNPR.W^E14,2014-01-06,ESG-GJR-GARCH(E),0.3189084706633178,4.035817962730804,E,2013-12-31
JNPR,JNPR.W^E14,2014-01-06,ESG-GJR-GARCH(G),0.3233600866438685,4.149275620409927,G,2013-12-31
JNPR,JNPR.W^E14,2014-01-06,ESG-GJR-GARCH(S),0.3160757267569632,3.9644390890850185,S,2013-12-31
JNPR,JNPR.W^E14,2014-01-06,GARCH,0.3198810336092439,4.060471256465011,,2013-12-31
JNPR,JNPR.W^E14,2014-01-06,GJR-GARCH,0.3051482233323559,3.6950570715433866,,2013-12-31
JNPR,JNPR.W^E14,2014-01-07,EGARCH,0.3166309818567119,3.9783801060137054,,2013-12-31
JNPR,JNPR.W^E14,2014-01-07,ESG-EGARCH,0.3259571602844909,4.216193267489257,all,2013-12-31
JNPR,JNPR.W^E14,2014-01-07,ESG-EGARCH(E),0.3205023012687294,4.076258933275849,E,2013-12-31
JNPR,JNPR.W^E14,2014-01-07,ESG-EGARCH(G),0.3206797716516146,4.080774442322686,G,2013-12-31
JNPR,JNPR.W^E14,2014-01-07,ESG-EGARCH(S),0.3187094540920167,4.030782386017115,S,2013-12-31
JNPR,JNPR.W^E14,2014-01-07,ESG-GARCH,0.3452438227536489,4.729892744029879,all,2013-12-31
JNPR,JNPR.W^E14,2014-01-07,ESG-GARCH(E),0.3291858440966666,4.300131744191861,E,2013-12-31
JNPR,JNPR.W^E14,2014-01-07,ESG-GARCH(G),0.3330136407513649,4.400717655812667,G,2013-12-31
JNPR,JNPR.W^E14,2014-01-07,ESG-GARCH(S),0.326676070941802,4.234811719284655,S,2013-12-31
JNPR,JNPR.W^E14,2014-01-07,ESG-GJR-GARCH,0.337423395200099,4.51803760430009,all,2013-12-31
JNPR,JNPR.W^E14,2014-01-07,ESG-GJR-GARCH(E),0.3189084706633178,4.035817962730804,E,2013-12-31
JNPR,JNPR.W^E14,2014-01-07,ESG-GJR-GARCH(G),0.3233600866438685,4.149275620409927,G,2013-12-31
JNPR,JNPR.W^E14,2014-01-07,ESG-GJR-GARCH(S),0.3160757267569632,3.9644390890850185,S,2013-12-31
JNPR,JNPR.W^E14,2014-01-07,GARCH,0.3198810336092439,4.060471256465011,,2013-12-31
JNPR,JNPR.W^E14,2014-01-07,GJR-GARCH,0.3051482233323559,3.6950570715433866,,2013-12-31
JNPR,JNPR.W^E14,2014-01-08,EGARCH,0.3166309818567119,3.9783801060137054,,2013-12-31
JNPR,JNPR.W^E14,2014-01-08,ESG-EGARCH,0.3259571602844909,4.216193267489257,all,2013-12-31
JNPR,JNPR.W^E14,2014-01-08,ESG-EGARCH(E),0.3205023012687294,4.076258933275849,E,2013-12-31
JNPR,JNPR.W^E14,2014-01-08,ESG-EGARCH(G),0.3206797716516146,4.080774442322686,G,2013-12-31
JNPR,JNPR.W^E14,2014-01-08,ESG-EGARCH(S),0.3187094540920167,4.030782386017115,S,2013-12-31
JNPR,JNPR.W^E14,2014-01-08,ESG-GARCH,0.3452438227536489,4.729892744029879,all,2013-12-31
JNPR,JNPR.W^E14,2014-01-08,ESG-GARCH(E),0.3291858440966666,4.300131744191861,E,2013-12-31
JNPR,JNPR.W^E14,2014-01-08,ESG-GARCH(G),0.3330136407513649,4.400717655812667,G,2013-12-31
JNPR,JNPR.W^E14,2014-01-08,ESG-GARCH(S),0.326676070941802,4.234811719284655,S,2013-12-31
JNPR,JNPR.W^E14,2014-01-08,ESG-GJR-GARCH,0.337423395200099,4.51803760430009,all,2013-12-31
JNPR,JNPR.W^E14,2014-01-08,ESG-GJR-GARCH(E),0.3189084706633178,4.035817962730804,E,2013-12-31
JNPR,JNPR.W^E14,2014-01-08,ESG-GJR-GARCH(G),0.3233600866438685,4.149275620409927,G,2013-12-31
JNPR,JNPR.W^E14,2014-01-08,ESG-GJR-GARCH(S),0.3160757267569632,3.9644390890850185,S,2013-12-31
JNPR,JNPR.W^E14,2014-01-08,GARCH,0.3198810336092439,4.060471256465011,,2013-12-31
JNPR,JNPR.W^E14,2014-01-08,GJR-GARCH,0.3051482233323559,3.6950570715433866,,2013-12-31
JNPR,JNPR.W^E14,2014-01-09,EGARCH,0.3166309818567119,3.9783801060137054,,2013-12-31
JNPR,JNPR.W^E14,2014-01-09,ESG-EGARCH,0.3259571602844909,4.216193267489257,all,2013-12-31
JNPR,JNPR.W^E14,2014-01-09,ESG-EGARCH(E),0.3205023012687294,4.076258933275849,E,2013-12-31
JNPR,JNPR.W^E14,2014-01-09,ESG-EGARCH(G),0.3206797716516146,4.080774442322686,G,2013-12-31
JNPR,JNPR.W^E14,2014-01-09,ESG-EGARCH(S),0.3187094540920167,4.030782386017115,S,2013-12-31
JNPR,JNPR.W^E14,2014-01-09,ESG-GARCH,0.3452438227536489,4.729892744029879,all,2013-12-31
JNPR,JNPR.W^E14,2014-01-09,ESG-GARCH(E),0.3291858440966666,4.300131744191861,E,2013-12-31
JNPR,JNPR.W^E14,2014-01-09,ESG-GARCH(G),0.3330136407513649,4.400717655812667,G,2013-12-31
JNPR,JNPR.W^E14,2014-01-09,ESG-GARCH(S),0.326676070941802,4.234811719284655,S,2013-12-31
JNPR,JNPR.W^E14,2014-01-09,ESG-GJR-GARCH,0.337423395200099,4.51803760430009,all,2013-12-31
JNPR,JNPR.W^E14,2014-01-09,ESG-GJR-GARCH(E),0.3189084706633178,4.035817962730804,E,2013-12-31
JNPR,JNPR.W^E14,2014-01-09,ESG-GJR-GARCH(G),0.3233600866438685,4.149275620409927,G,2013-12-31
JNPR,JNPR.W^E14,2014-01-09,ESG-GJR-GARCH(S),0.3160757267569632,3.9644390890850185,S,2013-12-31
JNPR,JNPR.W^E14,2014-01-09,GARCH,0.3198810336092439,4.060471256465011,,2013-12-31
JNPR,JNPR.W^E14,2014-01-09,GJR-GARCH,0.3051482233323559,3.6950570715433866,,2013-12-31
JNPR,JNPR.W^E14,2014-01-10,EGARCH,0.3166309818567119,3.9783801060137054,,2013-12-31
JNPR,JNPR.W^E14,2014-01-10,ESG-EGARCH,0.3259571602844909,4.216193267489257,all,2013-12-31
JNPR,JNPR.W^E14,2014-01-10,ESG-EGARCH(E),0.3205023012687294,4.076258933275849,E,2013-12-31
JNPR,JNPR.W^E14,2014-01-10,ESG-EGARCH(G),0.3206797716516146,4.080774442322686,G,2013-12-31
JNPR,JNPR.W^E14,2014-01-10,ESG-EGARCH(S),0.3187094540920167,4.030782386017115,S,2013-12-31
JNPR,JNPR.W^E14,2014-01-10,ESG-GARCH,0.3452438227536489,4.729892744029879,all,2013-12-31
JNPR,JNPR.W^E14,2014-01-10,ESG-GARCH(E),0.3291858440966666,4.300131744191861,E,2013-12-31
JNPR,JNPR.W^E14,2014-01-10,ESG-GARCH(G),0.3330136407513649,4.400717655812667,G,2013-12-31
JNPR,JNPR.W^E14,2014-01-10,ESG-GARCH(S),0.326676070941802,4.234811719284655,S,2013-12-31
JNPR,JNPR.W^E14,2014-01-10,ESG-GJR-GARCH,0.337423395200099,4.51803760430009,all,2013-12-31
JNPR,JNPR.W^E14,2014-01-10,ESG-GJR-GARCH(E),0.3189084706633178,4.035817962730804,E,2013-12-31
JNPR,JNPR.W^E14,2014-01-10,ESG-GJR-GARCH(G),0.3233600866438685,4.149275620409927,G,2013-12-31
JNPR,JNPR.W^E14,2014-01-10,ESG-GJR-GARCH(S),0.3160757267569632,3.9644390890850185,S,2013-12-31
JNPR,JNPR.W^E14,2014-01-10,GARCH,0.3198810336092439,4.060471256465011,,2013-12-31
JNPR,JNPR.W^E14,2014-01-10,GJR-GARCH,0.3051482233323559,3.6950570715433866,,2013-12-31
JNPR,JNPR.W^E14,2014-01-13,EGARCH,0.3166309818567119,3.9783801060137054,,2013-12-31
JNPR,JNPR.W^E14,2014-01-13,ESG-EGARCH,0.3259571602844909,4.216193267489257,all,2013-12-31
JNPR,JNPR.W^E14,2014-01-13,ESG-EGARCH(E),0.3205023012687294,4.076258933275849,E,2013-12-31
JNPR,JNPR.W^E14,2014-01-13,ESG-EGARCH(G),0.3206797716516146,4.080774442322686,G,2013-12-31
JNPR,JNPR.W^E14,2014-01-13,ESG-EGARCH(S),0.3187094540920167,4.030782386017115,S,2013-12-31
JNPR,JNPR.W^E14,2014-01-13,ESG-GARCH,0.3452438227536489,4.729892744029879,all,2013-12-31
JNPR,JNPR.W^E14,2014-01-13,ESG-GARCH(E),0.3291858440966666,4.300131744191861,E,2013-12-31
JNPR,JNPR.W^E14,2014-01-13,ESG-GARCH(G),0.3330136407513649,4.400717655812667,G,2013-12-31
JNPR,JNPR.W^E14,2014-01-13,ESG-GARCH(S),0.326676070941802,4.234811719284655,S,2013-12-31
JNPR,JNPR.W^E14,2014-01-13,ESG-GJR-GARCH,0.337423395200099,4.51803760430009,all,2013-12-31
JNPR,JNPR.W^E14,2014-01-13,ESG-GJR-GARCH(E),0.3189084706633178,4.035817962730804,E,2013-12-31
JNPR,JNPR.W^E14,2014-01-13,ESG-GJR-GARCH(G),0.3233600866438685,4.149275620409927,G,2013-12-31
JNPR,JNPR.W^E14,2014-01-13,ESG-GJR-GARCH(S),0.3160757267569632,3.9644390890850185,S,2013-12-31
JNPR,JNPR.W^E14,2014-01-13,GARCH,0.3198810336092439,4.060471256465011,,2013-12-31
JNPR,JNPR.W^E14,2014-01-13,GJR-GARCH,0.3051482233323559,3.6950570715433866,,2013-12-31
JNPR,JNPR.W^E14,2014-01-14,EGARCH,0.3166309818567119,3.9783801060137054,,2013-12-31
JNPR,JNPR.W^E14,2014-01-14,ESG-EGARCH,0.3259571602844909,4.216193267489257,all,2013-12-31
JNPR,JNPR.W^E14,2014-01-14,ESG-EGARCH(E),0.3205023012687294,4.076258933275849,E,2013-12-31
JNPR,JNPR.W^E14,2014-01-14,ESG-EGARCH(G),0.3206797716516146,4.080774442322686,G,2013-12-31
JNPR,JNPR.W^E14,2014-01-14,ESG-EGARCH(S),0.3187094540920167,4.030782386017115,S,2013-12-31
JNPR,JNPR.W^E14,2014-01-14,ESG-GARCH,0.3452438227536489,4.729892744029879,all,2013-12-31
JNPR,JNPR.W^E14,2014-01-14,ESG-GARCH(E),0.3291858440966666,4.300131744191861,E,2013-12-31
JNPR,JNPR.W^E14,2014-01-14,ESG-GARCH(G),0.3330136407513649,4.400717655812667,G,2013-12-31
JNPR,JNPR.W^E14,2014-01-14,ESG-GARCH(S),0.326676070941802,4.234811719284655,S,2013-12-31
JNPR,JNPR.W^E14,2014-01-14,ESG-GJR-GARCH,0.337423395200099,4.51803760430009,all,2013-12-31
JNPR,JNPR.W^E14,2014-01-14,ESG-GJR-GARCH(E),0.3189084706633178,4.035817962730804,E,2013-12-31
JNPR,JNPR.W^E14,2014-01-14,ESG-GJR-GARCH(G),0.3233600866438685,4.149275620409927,G,2013-12-31
JNPR,JNPR.W^E14,2014-01-14,ESG-GJR-GARCH(S),0.3160757267569632,3.9644390890850185,S,2013-12-31
JNPR,JNPR.W^E14,2014-01-14,GARCH,0.3198810336092439,4.060471256465011,,2013-12-31
JNPR,JNPR.W^E14,2014-01-14,GJR-GARCH,0.3051482233323559,3.6950570715433866,,2013-12-31
JNPR,JNPR.W^E14,2014-01-15,EGARCH,0.3166309818567119,3.9783801060137054,,2013-12-31
JNPR,JNPR.W^E14,2014-01-15,ESG-EGARCH,0.3259571602844909,4.216193267489257,all,2013-12-31
JNPR,JNPR.W^E14,2014-01-15,ESG-EGARCH(E),0.3205023012687294,4.076258933275849,E,2013-12-31
JNPR,JNPR.W^E14,2014-01-15,ESG-EGARCH(G),0.3206797716516146,4.080774442322686,G,2013-12-31
JNPR,JNPR.W^E14,2014-01-15,ESG-EGARCH(S),0.3187094540920167,4.030782386017115,S,2013-12-31
JNPR,JNPR.W^E14,2014-01-15,ESG-GARCH,0.3452438227536489,4.729892744029879,all,2013-12-31
JNPR,JNPR.W^E14,2014-01-15,ESG-GARCH(E),0.3291858440966666,4.300131744191861,E,2013-12-31
JNPR,JNPR.W^E14,2014-01-15,ESG-GARCH(G),0.3330136407513649,4.400717655812667,G,2013-12-31
JNPR,JNPR.W^E14,2014-01-15,ESG-GARCH(S),0.326676070941802,4.234811719284655,S,2013-12-31
JNPR,JNPR.W^E14,2014-01-15,ESG-GJR-GARCH,0.337423395200099,4.51803760430009,all,2013-12-31
JNPR,JNPR.W^E14,2014-01-15,ESG-GJR-GARCH(E),0.3189084706633178,4.035817962730804,E,2013-12-31
JNPR,JNPR.W^E14,2014-01-15,ESG-GJR-GARCH(G),0.3233600866438685,4.149275620409927,G,2013-12-31
JNPR,JNPR.W^E14,2014-01-15,ESG-GJR-GARCH(S),0.3160757267569632,3.9644390890850185,S,2013-12-31
JNPR,JNPR.W^E14,2014-01-15,GARCH,0.3198810336092439,4.060471256465011,,2013-12-31
JNPR,JNPR.W^E14,2014-01-15,GJR-GARCH,0.3051482233323559,3.6950570715433866,,2013-12-31
JNPR,JNPR.W^E14,2014-01-16,EGARCH,0.3166309818567119,3.9783801060137054,,2013-12-31
JNPR,JNPR.W^E14,2014-01-16,ESG-EGARCH,0.3259571602844909,4.216193267489257,all,2013-12-31
JNPR,JNPR.W^E14,2014-01-16,ESG-EGARCH(E),0.3205023012687294,4.076258933275849,E,2013-12-31
JNPR,JNPR.W^E14,2014-01-16,ESG-EGARCH(G),0.3206797716516146,4.080774442322686,G,2013-12-31
JNPR,JNPR.W^E14,2014-01-16,ESG-EGARCH(S),0.3187094540920167,4.030782386017115,S,2013-12-31
JNPR,JNPR.W^E14,2014-01-16,ESG-GARCH,0.3452438227536489,4.729892744029879,all,2013-12-31
JNPR,JNPR.W^E14,2014-01-16,ESG-GARCH(E),0.3291858440966666,4.300131744191861,E,2013-12-31
JNPR,JNPR.W^E14,2014-01-16,ESG-GARCH(G),0.3330136407513649,4.400717655812667,G,2013-12-31
JNPR,JNPR.W^E14,2014-01-16,ESG-GARCH(S),0.326676070941802,4.234811719284655,S,2013-12-31
JNPR,JNPR.W^E14,2014-01-16,ESG-GJR-GARCH,0.337423395200099,4.51803760430009,all,2013-12-31
JNPR,JNPR.W^E14,2014-01-16,ESG-GJR-GARCH(E),0.3189084706633178,4.035817962730804,E,2013-12-31
JNPR,JNPR.W^E14,2014-01-16,ESG-GJR-GARCH(G),0.3233600866438685,4.149275620409927,G,2013-12-31
JNPR,JNPR.W^E14,2014-01-16,ESG-GJR-GARCH(S),0.3160757267569632,3.9644390890850185,S,2013-12-31
JNPR,JNPR.W^E14,2014-01-16,GARCH,0.3198810336092439,4.060471256465011,,2013-12-31
JNPR,JNPR.W^E14,2014-01-16,GJR-GARCH,0.3051482233323559,3.6950570715433866,,2013-12-31
JNPR,JNPR.W^E14,2014-01-17,EGARCH,0.3166309818567119,3.9783801060137054,,2013-12-31
JNPR,JNPR.W^E14,2014-01-17,ESG-EGARCH,0.3259571602844909,4.216193267489257,all,2013-12-31
JNPR,JNPR.W^E14,2014-01-17,ESG-EGARCH(E),0.3205023012687294,4.076258933275849,E,2013-12-31
JNPR,JNPR.W^E14,2014-01-17,ESG-EGARCH(G),0.3206797716516146,4.080774442322686,G,2013-12-31
JNPR,JNPR.W^E14,2014-01-17,ESG-EGARCH(S),0.3187094540920167,4.030782386017115,S,2013-12-31
JNPR,JNPR.W^E14,2014-01-17,ESG-GARCH,0.3452438227536489,4.729892744029879,all,2013-12-31
JNPR,JNPR.W^E14,2014-01-17,ESG-GARCH(E),0.3291858440966666,4.300131744191861,E,2013-12-31
JNPR,JNPR.W^E14,2014-01-17,ESG-GARCH(G),0.3330136407513649,4.400717655812667,G,2013-12-31
JNPR,JNPR.W^E14,2014-01-17,ESG-GARCH(S),0.326676070941802,4.234811719284655,S,2013-12-31
JNPR,JNPR.W^E14,2014-01-17,ESG-GJR-GARCH,0.337423395200099,4.51803760430009,all,2013-12-31
JNPR,JNPR.W^E14,2014-01-17,ESG-GJR-GARCH(E),0.3189084706633178,4.035817962730804,E,2013-12-31
JNPR,JNPR.W^E14,2014-01-17,ESG-GJR-GARCH(G),0.3233600866438685,4.149275620409927,G,2013-12-31
JNPR,JNPR.W^E14,2014-01-17,ESG-GJR-GARCH(S),0.3160757267569632,3.9644390890850185,S,2013-12-31
JNPR,JNPR.W^E14,2014-01-17,GARCH,0.3198810336092439,4.060471256465011,,2013-12-31
JNPR,JNPR.W^E14,2014-01-17,GJR-GARCH,0.3051482233323559,3.6950570715433866,,2013-12-31
JNPR,JNPR.W^E14,2014-01-22,EGARCH,0.3166309818567119,3.9783801060137054,,2013-12-31
JNPR,JNPR.W^E14,2014-01-22,ESG-EGARCH,0.3259571602844909,4.216193267489257,all,2013-12-31
JNPR,JNPR.W^E14,2014-01-22,ESG-EGARCH(E),0.3205023012687294,4.076258933275849,E,2013-12-31
JNPR,JNPR.W^E14,2014-01-22,ESG-EGARCH(G),0.3206797716516146,4.080774442322686,G,2013-12-31
JNPR,JNPR.W^E14,2014-01-22,ESG-EGARCH(S),0.3187094540920167,4.030782386017115,S,2013-12-31
JNPR,JNPR.W^E14,2014-01-22,ESG-GARCH,0.3452438227536489,4.729892744029879,all,2013-12-31
JNPR,JNPR.W^E14,2014-01-22,ESG-GARCH(E),0.3291858440966666,4.300131744191861,E,2013-12-31
JNPR,JNPR.W^E14,2014-01-22,ESG-GARCH(G),0.3330136407513649,4.400717655812667,G,2013-12-31
JNPR,JNPR.W^E14,2014-01-22,ESG-GARCH(S),0.326676070941802,4.234811719284655,S,2013-12-31
JNPR,JNPR.W^E14,2014-01-22,ESG-GJR-GARCH,0.337423395200099,4.51803760430009,all,2013-12-31
JNPR,JNPR.W^E14,2014-01-22,ESG-GJR-GARCH(E),0.3189084706633178,4.035817962730804,E,2013-12-31
JNPR,JNPR.W^E14,2014-01-22,ESG-GJR-GARCH(G),0.3233600866438685,4.149275620409927,G,2013-12-31
JNPR,JNPR.W^E14,2014-01-22,ESG-GJR-GARCH(S),0.3160757267569632,3.9644390890850185,S,2013-12-31
JNPR,JNPR.W^E14,2014-01-22,GARCH,0.3198810336092439,4.060471256465011,,2013-12-31
JNPR,JNPR.W^E14,2014-01-22,GJR-GARCH,0.3051482233323559,3.6950570715433866,,2013-12-31
JNPR,JNPR.W^E14,2014-01-23,EGARCH,0.3166309818567119,3.9783801060137054,,2013-12-31
JNPR,JNPR.W^E14,2014-01-23,ESG-EGARCH,0.3259571602844909,4.216193267489257,all,2013-12-31
JNPR,JNPR.W^E14,2014-01-23,ESG-EGARCH(E),0.3205023012687294,4.076258933275849,E,2013-12-31
JNPR,JNPR.W^E14,2014-01-23,ESG-EGARCH(G),0.3206797716516146,4.080774442322686,G,2013-12-31
JNPR,JNPR.W^E14,2014-01-23,ESG-EGARCH(S),0.3187094540920167,4.030782386017115,S,2013-12-31
JNPR,JNPR.W^E14,2014-01-23,ESG-GARCH,0.3452438227536489,4.729892744029879,all,2013-12-31
JNPR,JNPR.W^E14,2014-01-23,ESG-GARCH(E),0.3291858440966666,4.300131744191861,E,2013-12-31
JNPR,JNPR.W^E14,2014-01-23,ESG-GARCH(G),0.3330136407513649,4.400717655812667,G,2013-12-31
JNPR,JNPR.W^E14,2014-01-23,ESG-GARCH(S),0.326676070941802,4.234811719284655,S,2013-12-31
JNPR,JNPR.W^E14,2014-01-23,ESG-GJR-GARCH,0.337423395200099,4.51803760430009,all,2013-12-31
JNPR,JNPR.W^E14,2014-01-23,ESG-GJR-GARCH(E),0.3189084706633178,4.035817962730804,E,2013-12-31
JNPR,JNPR.W^E14,2014-01-23,ESG-GJR-GARCH(G),0.3233600866438685,4.149275620409927,G,2013-12-31
JNPR,JNPR.W^E14,2014-01-23,ESG-GJR-GARCH(S),0.3160757267569632,3.9644390890850185,S,2013-12-31
JNPR,JNPR.W^E14,2014-01-23,GARCH,0.3198810336092439,4.060471256465011,,2013-12-31
JNPR,JNPR.W^E14,2014-01-23,GJR-GARCH,0.3051482233323559,3.6950570715433866,,2013-12-31
JNPR,JNPR.W^E14,2014-01-24,EGARCH,0.3166309818567119,3.9783801060137054,,2013-12-31
JNPR,JNPR.W^E14,2014-01-24,ESG-EGARCH,0.3259571602844909,4.216193267489257,all,2013-12-31
JNPR,JNPR.W^E14,2014-01-24,ESG-EGARCH(E),0.3205023012687294,4.076258933275849,E,2013-12-31
JNPR,JNPR.W^E14,2014-01-24,ESG-EGARCH(G),0.3206797716516146,4.080774442322686,G,2013-12-31
JNPR,JNPR.W^E14,2014-01-24,ESG-EGARCH(S),0.3187094540920167,4.030782386017115,S,2013-12-31
JNPR,JNPR.W^E14,2014-01-24,ESG-GARCH,0.3452438227536489,4.729892744029879,all,2013-12-31
JNPR,JNPR.W^E14,2014-01-24,ESG-GARCH(E),0.3291858440966666,4.300131744191861,E,2013-12-31
JNPR,JNPR.W^E14,2014-01-24,ESG-GARCH(G),0.3330136407513649,4.400717655812667,G,2013-12-31
JNPR,JNPR.W^E14,2014-01-24,ESG-GARCH(S),0.326676070941802,4.234811719284655,S,2013-12-31
JNPR,JNPR.W^E14,2014-01-24,ESG-GJR-GARCH,0.337423395200099,4.51803760430009,all,2013-12-31
JNPR,JNPR.W^E14,2014-01-24,ESG-GJR-GARCH(E),0.3189084706633178,4.035817962730804,E,2013-12-31
JNPR,JNPR.W^E14,2014-01-24,ESG-GJR-GARCH(G),0.3233600866438685,4.149275620409927,G,2013-12-31
JNPR,JNPR.W^E14,2014-01-24,ESG-GJR-GARCH(S),0.3160757267569632,3.9644390890850185,S,2013-12-31
JNPR,JNPR.W^E14,2014-01-24,GARCH,0.3198810336092439,4.060471256465011,,2013-12-31
JNPR,JNPR.W^E14,2014-01-24,GJR-GARCH,0.3051482233323559,3.6950570715433866,,2013-12-31
JNPR,JNPR.W^E14,2014-01-27,EGARCH,0.3166309818567119,3.9783801060137054,,2013-12-31
JNPR,JNPR.W^E14,2014-01-27,ESG-EGARCH,0.3259571602844909,4.216193267489257,all,2013-12-31
JNPR,JNPR.W^E14,2014-01-27,ESG-EGARCH(E),0.3205023012687294,4.076258933275849,E,2013-12-31
JNPR,JNPR.W^E14,2014-01-27,ESG-EGARCH(G),0.3206797716516146,4.080774442322686,G,2013-12-31
JNPR,JNPR.W^E14,2014-01-27,ESG-EGARCH(S),0.3187094540920167,4.030782386017115,S,2013-12-31
JNPR,JNPR.W^E14,2014-01-27,ESG-GARCH,0.3452438227536489,4.729892744029879,all,2013-12-31
JNPR,JNPR.W^E14,2014-01-27,ESG-GARCH(E),0.3291858440966666,4.300131744191861,E,2013-12-31
JNPR,JNPR.W^E14,2014-01-27,ESG-GARCH(G),0.3330136407513649,4.400717655812667,G,2013-12-31
JNPR,JNPR.W^E14,2014-01-27,ESG-GARCH(S),0.326676070941802,4.234811719284655,S,2013-12-31
JNPR,JNPR.W^E14,2014-01-27,ESG-GJR-GARCH,0.337423395200099,4.51803760430009,all,2013-12-31
JNPR,JNPR.W^E14,2014-01-27,ESG-GJR-GARCH(E),0.3189084706633178,4.035817962730804,E,2013-12-31
JNPR,JNPR.W^E14,2014-01-27,ESG-GJR-GARCH(G),0.3233600866438685,4.149275620409927,G,2013-12-31
JNPR,JNPR.W^E14,2014-01-27,ESG-GJR-GARCH(S),0.3160757267569632,3.9644390890850185,S,2013-12-31
JNPR,JNPR.W^E14,2014-01-27,GARCH,0.3198810336092439,4.060471256465011,,2013-12-31
JNPR,JNPR.W^E14,2014-01-27,GJR-GARCH,0.3051482233323559,3.6950570715433866,,2013-12-31
JNPR,JNPR.W^E14,2014-01-28,EGARCH,0.3166309818567119,3.9783801060137054,,2013-12-31
JNPR,JNPR.W^E14,2014-01-28,ESG-EGARCH,0.3259571602844909,4.216193267489257,all,2013-12-31
JNPR,JNPR.W^E14,2014-01-28,ESG-EGARCH(E),0.3205023012687294,4.076258933275849,E,2013-12-31
JNPR,JNPR.W^E14,2014-01-28,ESG-EGARCH(G),0.3206797716516146,4.080774442322686,G,2013-12-31
JNPR,JNPR.W^E14,2014-01-28,ESG-EGARCH(S),0.3187094540920167,4.030782386017115,S,2013-12-31
JNPR,JNPR.W^E14,2014-01-28,ESG-GARCH,0.3452438227536489,4.729892744029879,all,2013-12-31
JNPR,JNPR.W^E14,2014-01-28,ESG-GARCH(E),0.3291858440966666,4.300131744191861,E,2013-12-31
JNPR,JNPR.W^E14,2014-01-28,ESG-GARCH(G),0.3330136407513649,4.400717655812667,G,2013-12-31
JNPR,JNPR.W^E14,2014-01-28,ESG-GARCH(S),0.326676070941802,4.234811719284655,S,2013-12-31
JNPR,JNPR.W^E14,2014-01-28,ESG-GJR-GARCH,0.337423395200099,4.51803760430009,all,2013-12-31
JNPR,JNPR.W^E14,2014-01-28,ESG-GJR-GARCH(E),0.3189084706633178,4.035817962730804,E,2013-12-31
JNPR,JNPR.W^E14,2014-01-28,ESG-GJR-GARCH(G),0.3233600866438685,4.149275620409927,G,2013-12-31
JNPR,JNPR.W^E14,2014-01-28,ESG-GJR-GARCH(S),0.3160757267569632,3.9644390890850185,S,2013-12-31
JNPR,JNPR.W^E14,2014-01-28,GARCH,0.3198810336092439,4.060471256465011,,2013-12-31
JNPR,JNPR.W^E14,2014-01-28,GJR-GARCH,0.3051482233323559,3.6950570715433866,,2013-12-31
JNPR,JNPR.W^E14,2014-01-29,EGARCH,0.3166309818567119,3.9783801060137054,,2013-12-31
JNPR,JNPR.W^E14,2014-01-29,ESG-EGARCH,0.3259571602844909,4.216193267489257,all,2013-12-31
JNPR,JNPR.W^E14,2014-01-29,ESG-EGARCH(E),0.3205023012687294,4.076258933275849,E,2013-12-31
JNPR,JNPR.W^E14,2014-01-29,ESG-EGARCH(G),0.3206797716516146,4.080774442322686,G,2013-12-31
JNPR,JNPR.W^E14,2014-01-29,ESG-EGARCH(S),0.3187094540920167,4.030782386017115,S,2013-12-31
JNPR,JNPR.W^E14,2014-01-29,ESG-GARCH,0.3452438227536489,4.729892744029879,all,2013-12-31
JNPR,JNPR.W^E14,2014-01-29,ESG-GARCH(E),0.3291858440966666,4.300131744191861,E,2013-12-31
JNPR,JNPR.W^E14,2014-01-29,ESG-GARCH(G),0.3330136407513649,4.400717655812667,G,2013-12-31
JNPR,JNPR.W^E14,2014-01-29,ESG-GARCH(S),0.326676070941802,4.234811719284655,S,2013-12-31
JNPR,JNPR.W^E14,2014-01-29,ESG-GJR-GARCH,0.337423395200099,4.51803760430009,all,2013-12-31
JNPR,JNPR.W^E14,2014-01-29,ESG-GJR-GARCH(E),0.3189084706633178,4.035817962730804,E,2013-12-31
JNPR,JNPR.W^E14,2014-01-29,ESG-GJR-GARCH(G),0.3233600866438685,4.149275620409927,G,2013-12-31
JNPR,JNPR.W^E14,2014-01-29,ESG-GJR-GARCH(S),0.3160757267569632,3.9644390890850185,S,2013-12-31
JNPR,JNPR.W^E14,2014-01-29,GARCH,0.3198810336092439,4.060471256465011,,2013-12-31
JNPR,JNPR.W^E14,2014-01-29,GJR-GARCH,0.3051482233323559,3.6950570715433866,,2013-12-31
JNPR,JNPR.W^E14,2014-01-30,EGARCH,0.3166309818567119,3.9783801060137054,,2013-12-31
JNPR,JNPR.W^E14,2014-01-30,ESG-EGARCH,0.3259571602844909,4.216193267489257,all,2013-12-31
JNPR,JNPR.W^E14,2014-01-30,ESG-EGARCH(E),0.3205023012687294,4.076258933275849,E,2013-12-31
JNPR,JNPR.W^E14,2014-01-30,ESG-EGARCH(G),0.3206797716516146,4.080774442322686,G,2013-12-31
JNPR,JNPR.W^E14,2014-01-30,ESG-EGARCH(S),0.3187094540920167,4.030782386017115,S,2013-12-31
JNPR,JNPR.W^E14,2014-01-30,ESG-GARCH,0.3452438227536489,4.729892744029879,all,2013-12-31
JNPR,JNPR.W^E14,2014-01-30,ESG-GARCH(E),0.3291858440966666,4.300131744191861,E,2013-12-31
JNPR,JNPR.W^E14,2014-01-30,ESG-GARCH(G),0.3330136407513649,4.400717655812667,G,2013-12-31
JNPR,JNPR.W^E14,2014-01-30,ESG-GARCH(S),0.326676070941802,4.234811719284655,S,2013-12-31
JNPR,JNPR.W^E14,2014-01-30,ESG-GJR-GARCH,0.337423395200099,4.51803760430009,all,2013-12-31
JNPR,JNPR.W^E14,2014-01-30,ESG-GJR-GARCH(E),0.3189084706633178,4.035817962730804,E,2013-12-31
JNPR,JNPR.W^E14,2014-01-30,ESG-GJR-GARCH(G),0.3233600866438685,4.149275620409927,G,2013-12-31
JNPR,JNPR.W^E14,2014-01-30,ESG-GJR-GARCH(S),0.3160757267569632,3.9644390890850185,S,2013-12-31
JNPR,JNPR.W^E14,2014-01-30,GARCH,0.3198810336092439,4.060471256465011,,2013-12-31
JNPR,JNPR.W^E14,2014-01-30,GJR-GARCH,0.3051482233323559,3.6950570715433866,,2013-12-31
JNPR,JNPR.W^E14,2014-01-31,EGARCH,0.3166309818567119,3.9783801060137054,,2013-12-31
JNPR,JNPR.W^E14,2014-01-31,ESG-EGARCH,0.3259571602844909,4.216193267489257,all,2013-12-31
JNPR,JNPR.W^E14,2014-01-31,ESG-EGARCH(E),0.3205023012687294,4.076258933275849,E,2013-12-31
JNPR,JNPR.W^E14,2014-01-31,ESG-EGARCH(G),0.3206797716516146,4.080774442322686,G,2013-12-31
JNPR,JNPR.W^E14,2014-01-31,ESG-EGARCH(S),0.3187094540920167,4.030782386017115,S,2013-12-31
JNPR,JNPR.W^E14,2014-01-31,ESG-GARCH,0.3452438227536489,4.729892744029879,all,2013-12-31
JNPR,JNPR.W^E14,2014-01-31,ESG-GARCH(E),0.3291858440966666,4.300131744191861,E,2013-12-31
JNPR,JNPR.W^E14,2014-01-31,ESG-GARCH(G),0.3330136407513649,4.400717655812667,G,2013-12-31
JNPR,JNPR.W^E14,2014-01-31,ESG-GARCH(S),0.326676070941802,4.234811719284655,S,2013-12-31
JNPR,JNPR.W^E14,2014-01-31,ESG-GJR-GARCH,0.337423395200099,4.51803760430009,all,2013-12-31
JNPR,JNPR.W^E14,2014-01-31,ESG-GJR-GARCH(E),0.3189084706633178,4.035817962730804,E,2013-12-31
JNPR,JNPR.W^E14,2014-01-31,ESG-GJR-GARCH(G),0.3233600866438685,4.149275620409927,G,2013-12-31
JNPR,JNPR.W^E14,2014-01-31,ESG-GJR-GARCH(S),0.3160757267569632,3.9644390890850185,S,2013-12-31
JNPR,JNPR.W^E14,2014-01-31,GARCH,0.3198810336092439,4.060471256465011,,2013-12-31
JNPR,JNPR.W^E14,2014-01-31,GJR-GARCH,0.3051482233323559,3.6950570715433866,,2013-12-31
JNPR,JNPR.W^E14,2014-02-03,EGARCH,0.3166309818567119,3.9783801060137054,,2013-12-31
JNPR,JNPR.W^E14,2014-02-03,ESG-EGARCH,0.3259571602844909,4.216193267489257,all,2013-12-31
JNPR,JNPR.W^E14,2014-02-03,ESG-EGARCH(E),0.3205023012687294,4.076258933275849,E,2013-12-31
JNPR,JNPR.W^E14,2014-02-03,ESG-EGARCH(G),0.3206797716516146,4.080774442322686,G,2013-12-31
JNPR,JNPR.W^E14,2014-02-03,ESG-EGARCH(S),0.3187094540920167,4.030782386017115,S,2013-12-31
JNPR,JNPR.W^E14,2014-02-03,ESG-GARCH,0.3452438227536489,4.729892744029879,all,2013-12-31
JNPR,JNPR.W^E14,2014-02-03,ESG-GARCH(E),0.3291858440966666,4.300131744191861,E,2013-12-31
JNPR,JNPR.W^E14,2014-02-03,ESG-GARCH(G),0.3330136407513649,4.400717655812667,G,2013-12-31
JNPR,JNPR.W^E14,2014-02-03,ESG-GARCH(S),0.326676070941802,4.234811719284655,S,2013-12-31
JNPR,JNPR.W^E14,2014-02-03,ESG-GJR-GARCH,0.337423395200099,4.51803760430009,all,2013-12-31
JNPR,JNPR.W^E14,2014-02-03,ESG-GJR-GARCH(E),0.3189084706633178,4.035817962730804,E,2013-12-31
JNPR,JNPR.W^E14,2014-02-03,ESG-GJR-GARCH(G),0.3233600866438685,4.149275620409927,G,2013-12-31
JNPR,JNPR.W^E14,2014-02-03,ESG-GJR-GARCH(S),0.3160757267569632,3.9644390890850185,S,2013-12-31
JNPR,JNPR.W^E14,2014-02-03,GARCH,0.3198810336092439,4.060471256465011,,2013-12-31
JNPR,JNPR.W^E14,2014-02-03,GJR-GARCH,0.3051482233323559,3.6950570715433866,,2013-12-31
JNPR,JNPR.W^E14,2014-02-04,EGARCH,0.3572342843696706,5.064140235282171,,2014-02-04
JNPR,JNPR.W^E14,2014-02-04,ESG-EGARCH,0.3612901024993696,5.1797832604763885,all,2014-02-04
JNPR,JNPR.W^E14,2014-02-04,ESG-EGARCH(E),0.3601302402835788,5.146578966932866,E,2014-02-04
JNPR,JNPR.W^E14,2014-02-04,ESG-EGARCH(G),0.3602297757351345,5.149424258975607,G,2014-02-04
JNPR,JNPR.W^E14,2014-02-04,ESG-EGARCH(S),0.3592985247711855,5.122834519950405,S,2014-02-04
JNPR,JNPR.W^E14,2014-02-04,ESG-GARCH,0.4445765979460866,7.843188549258586,all,2014-02-04
JNPR,JNPR.W^E14,2014-02-04,ESG-GARCH(E),0.4357894358133176,7.536207633590859,E,2014-02-04
JNPR,JNPR.W^E14,2014-02-04,ESG-GARCH(G),0.4397485681387181,7.673762030954477,G,2014-02-04
JNPR,JNPR.W^E14,2014-02-04,ESG-GARCH(S),0.4337656629069604,7.466375012583922,S,2014-02-04
JNPR,JNPR.W^E14,2014-02-04,ESG-GJR-GARCH,0.4896441936335268,9.513945887262963,all,2014-02-04
JNPR,JNPR.W^E14,2014-02-04,ESG-GJR-GARCH(E),0.4807942185634465,9.173138119207744,E,2014-02-04
JNPR,JNPR.W^E14,2014-02-04,ESG-GJR-GARCH(G),0.4846079455183434,9.319240510298004,G,2014-02-04
JNPR,JNPR.W^E14,2014-02-04,ESG-GJR-GARCH(S),0.477883155387551,9.062393262030248,S,2014-02-04
JNPR,JNPR.W^E14,2014-02-04,GARCH,0.4217498517435165,7.05844989863802,,2014-02-04
JNPR,JNPR.W^E14,2014-02-04,GJR-GARCH,0.4597004684304707,8.385893677587072,,2014-02-04
JNPR,JNPR.W^E14,2014-02-05,EGARCH,0.3572342843696706,5.064140235282171,,2014-02-04
JNPR,JNPR.W^E14,2014-02-05,ESG-EGARCH,0.3612901024993696,5.1797832604763885,all,2014-02-04
JNPR,JNPR.W^E14,2014-02-05,ESG-EGARCH(E),0.3601302402835788,5.146578966932866,E,2014-02-04
JNPR,JNPR.W^E14,2014-02-05,ESG-EGARCH(G),0.3602297757351345,5.149424258975607,G,2014-02-04
JNPR,JNPR.W^E14,2014-02-05,ESG-EGARCH(S),0.3592985247711855,5.122834519950405,S,2014-02-04
JNPR,JNPR.W^E14,2014-02-05,ESG-GARCH,0.4445765979460866,7.843188549258586,all,2014-02-04
JNPR,JNPR.W^E14,2014-02-05,ESG-GARCH(E),0.4357894358133176,7.536207633590859,E,2014-02-04
JNPR,JNPR.W^E14,2014-02-05,ESG-GARCH(G),0.4397485681387181,7.673762030954477,G,2014-02-04
JNPR,JNPR.W^E14,2014-02-05,ESG-GARCH(S),0.4337656629069604,7.466375012583922,S,2014-02-04
JNPR,JNPR.W^E14,2014-02-05,ESG-GJR-GARCH,0.4896441936335268,9.513945887262963,all,2014-02-04
JNPR,JNPR.W^E14,2014-02-05,ESG-GJR-GARCH(E),0.4807942185634465,9.173138119207744,E,2014-02-04
JNPR,JNPR.W^E14,2014-02-05,ESG-GJR-GARCH(G),0.4846079455183434,9.319240510298004,G,2014-02-04
JNPR,JNPR.W^E14,2014-02-05,ESG-GJR-GARCH(S),0.477883155387551,9.062393262030248,S,2014-02-04
JNPR,JNPR.W^E14,2014-02-05,GARCH,0.4217498517435165,7.05844989863802,,2014-02-04
JNPR,JNPR.W^E14,2014-02-05,GJR-GARCH,0.4597004684304707,8.385893677587072,,2014-02-04
JNPR,JNPR.W^E14,2014-02-06,EGARCH,0.3572342843696706,5.064140235282171,,2014-02-04
JNPR,JNPR.W^E14,2014-02-06,ESG-EGARCH,0.3612901024993696,5.1797832604763885,all,2014-02-04
JNPR,JNPR.W^E14,2014-02-06,ESG-EGARCH(E),0.3601302402835788,5.146578966932866,E,2014-02-04
JNPR,JNPR.W^E14,2014-02-06,ESG-EGARCH(G),0.3602297757351345,5.149424258975607,G,2014-02-04
JNPR,JNPR.W^E14,2014-02-06,ESG-EGARCH(S),0.3592985247711855,5.122834519950405,S,2014-02-04
JNPR,JNPR.W^E14,2014-02-06,ESG-GARCH,0.4445765979460866,7.843188549258586,all,2014-02-04
JNPR,JNPR.W^E14,2014-02-06,ESG-GARCH(E),0.4357894358133176,7.536207633590859,E,2014-02-04
JNPR,JNPR.W^E14,2014-02-06,ESG-GARCH(G),0.4397485681387181,7.673762030954477,G,2014-02-04
JNPR,JNPR.W^E14,2014-02-06,ESG-GARCH(S),0.4337656629069604,7.466375012583922,S,2014-02-04
JNPR,JNPR.W^E14,2014-02-06,ESG-GJR-GARCH,0.4896441936335268,9.513945887262963,all,2014-02-04
JNPR,JNPR.W^E14,2014-02-06,ESG-GJR-GARCH(E),0.4807942185634465,9.173138119207744,E,2014-02-04
JNPR,JNPR.W^E14,2014-02-06,ESG-GJR-GARCH(G),0.4846079455183434,9.319240510298004,G,2014-02-04
JNPR,JNPR.W^E14,2014-02-06,ESG-GJR-GARCH(S),0.477883155387551,9.062393262030248,S,2014-02-04
JNPR,JNPR.W^E14,2014-02-06,GARCH,0.4217498517435165,7.05844989863802,,2014-02-04
JNPR,JNPR.W^E14,2014-02-06,GJR-GARCH,0.4597004684304707,8.385893677587072,,2014-02-04
JNPR,JNPR.W^E14,2014-02-07,EGARCH,0.3572342843696706,5.064140235282171,,2014-02-04
JNPR,JNPR.W^E14,2014-02-07,ESG-EGARCH,0.3612901024993696,5.1797832604763885,all,2014-02-04
JNPR,JNPR.W^E14,2014-02-07,ESG-EGARCH(E),0.3601302402835788,5.146578966932866,E,2014-02-04
JNPR,JNPR.W^E14,2014-02-07,ESG-EGARCH(G),0.3602297757351345,5.149424258975607,G,2014-02-04
JNPR,JNPR.W^E14,2014-02-07,ESG-EGARCH(S),0.3592985247711855,5.122834519950405,S,2014-02-04
JNPR,JNPR.W^E14,2014-02-07,ESG-GARCH,0.4445765979460866,7.843188549258586,all,2014-02-04
JNPR,JNPR.W^E14,2014-02-07,ESG-GARCH(E),0.4357894358133176,7.536207633590859,E,2014-02-04
JNPR,JNPR.W^E14,2014-02-07,ESG-GARCH(G),0.4397485681387181,7.673762030954477,G,2014-02-04
JNPR,JNPR.W^E14,2014-02-07,ESG-GARCH(S),0.4337656629069604,7.466375012583922,S,2014-02-04
JNPR,JNPR.W^E14,2014-02-07,ESG-GJR-GARCH,0.4896441936335268,9.513945887262963,all,2014-02-04
JNPR,JNPR.W^E14,2014-02-07,ESG-GJR-GARCH(E),0.4807942185634465,9.173138119207744,E,2014-02-04
JNPR,JNPR.W^E14,2014-02-07,ESG-GJR-GARCH(G),0.4846079455183434,9.319240510298004,G,2014-02-04
JNPR,JNPR.W^E14,2014-02-07,ESG-GJR-GARCH(S),0.477883155387551,9.062393262030248,S,2014-02-04
JNPR,JNPR.W^E14,2014-02-07,GARCH,0.4217498517435165,7.05844989863802,,2014-02-04
JNPR,JNPR.W^E14,2014-02-07,GJR-GARCH,0.4597004684304707,8.385893677587072,,2014-02-04
JNPR,JNPR.W^E14,2014-02-10,EGARCH,0.3572342843696706,5.064140235282171,,2014-02-04
JNPR,JNPR.W^E14,2014-02-10,ESG-EGARCH,0.3612901024993696,5.1797832604763885,all,2014-02-04
JNPR,JNPR.W^E14,2014-02-10,ESG-EGARCH(E),0.3601302402835788,5.146578966932866,E,2014-02-04
JNPR,JNPR.W^E14,2014-02-10,ESG-EGARCH(G),0.3602297757351345,5.149424258975607,G,2014-02-04
JNPR,JNPR.W^E14,2014-02-10,ESG-EGARCH(S),0.3592985247711855,5.122834519950405,S,2014-02-04
JNPR,JNPR.W^E14,2014-02-10,ESG-GARCH,0.4445765979460866,7.843188549258586,all,2014-02-04
JNPR,JNPR.W^E14,2014-02-10,ESG-GARCH(E),0.4357894358133176,7.536207633590859,E,2014-02-04
JNPR,JNPR.W^E14,2014-02-10,ESG-GARCH(G),0.4397485681387181,7.673762030954477,G,2014-02-04
JNPR,JNPR.W^E14,2014-02-10,ESG-GARCH(S),0.4337656629069604,7.466375012583922,S,2014-02-04
JNPR,JNPR.W^E14,2014-02-10,ESG-GJR-GARCH,0.4896441936335268,9.513945887262963,all,2014-02-04
JNPR,JNPR.W^E14,2014-02-10,ESG-GJR-GARCH(E),0.4807942185634465,9.173138119207744,E,2014-02-04
JNPR,JNPR.W^E14,2014-02-10,ESG-GJR-GARCH(G),0.4846079455183434,9.319240510298004,G,2014-02-04
JNPR,JNPR.W^E14,2014-02-10,ESG-GJR-GARCH(S),0.477883155387551,9.062393262030248,S,2014-02-04
JNPR,JNPR.W^E14,2014-02-10,GARCH,0.4217498517435165,7.05844989863802,,2014-02-04
JNPR,JNPR.W^E14,2014-02-10,GJR-GARCH,0.4597004684304707,8.385893677587072,,2014-02-04
JNPR,JNPR.W^E14,2014-02-11,EGARCH,0.3572342843696706,5.064140235282171,,2014-02-04
JNPR,JNPR.W^E14,2014-02-11,ESG-EGARCH,0.3612901024993696,5.1797832604763885,all,2014-02-04
JNPR,JNPR.W^E14,2014-02-11,ESG-EGARCH(E),0.3601302402835788,5.146578966932866,E,2014-02-04
JNPR,JNPR.W^E14,2014-02-11,ESG-EGARCH(G),0.3602297757351345,5.149424258975607,G,2014-02-04
JNPR,JNPR.W^E14,2014-02-11,ESG-EGARCH(S),0.3592985247711855,5.122834519950405,S,2014-02-04
JNPR,JNPR.W^E14,2014-02-11,ESG-GARCH,0.4445765979460866,7.843188549258586,all,2014-02-04
JNPR,JNPR.W^E14,2014-02-11,ESG-GARCH(E),0.4357894358133176,7.536207633590859,E,2014-02-04
JNPR,JNPR.W^E14,2014-02-11,ESG-GARCH(G),0.4397485681387181,7.673762030954477,G,2014-02-04
JNPR,JNPR.W^E14,2014-02-11,ESG-GARCH(S),0.4337656629069604,7.466375012583922,S,2014-02-04
JNPR,JNPR.W^E14,2014-02-11,ESG-GJR-GARCH,0.4896441936335268,9.513945887262963,all,2014-02-04
JNPR,JNPR.W^E14,2014-02-11,ESG-GJR-GARCH(E),0.4807942185634465,9.173138119207744,E,2014-02-04
JNPR,JNPR.W^E14,2014-02-11,ESG-GJR-GARCH(G),0.4846079455183434,9.319240510298004,G,2014-02-04
JNPR,JNPR.W^E14,2014-02-11,ESG-GJR-GARCH(S),0.477883155387551,9.062393262030248,S,2014-02-04
JNPR,JNPR.W^E14,2014-02-11,GARCH,0.4217498517435165,7.05844989863802,,2014-02-04
JNPR,JNPR.W^E14,2014-02-11,GJR-GARCH,0.4597004684304707,8.385893677587072,,2014-02-04
JNPR,JNPR.W^E14,2014-02-12,EGARCH,0.3572342843696706,5.064140235282171,,2014-02-04
JNPR,JNPR.W^E14,2014-02-12,ESG-EGARCH,0.3612901024993696,5.1797832604763885,all,2014-02-04
JNPR,JNPR.W^E14,2014-02-12,ESG-EGARCH(E),0.3601302402835788,5.146578966932866,E,2014-02-04
JNPR,JNPR.W^E14,2014-02-12,ESG-EGARCH(G),0.3602297757351345,5.149424258975607,G,2014-02-04
JNPR,JNPR.W^E14,2014-02-12,ESG-EGARCH(S),0.3592985247711855,5.122834519950405,S,2014-02-04
JNPR,JNPR.W^E14,2014-02-12,ESG-GARCH,0.4445765979460866,7.843188549258586,all,2014-02-04
JNPR,JNPR.W^E14,2014-02-12,ESG-GARCH(E),0.4357894358133176,7.536207633590859,E,2014-02-04
JNPR,JNPR.W^E14,2014-02-12,ESG-GARCH(G),0.4397485681387181,7.673762030954477,G,2014-02-04
JNPR,JNPR.W^E14,2014-02-12,ESG-GARCH(S),0.4337656629069604,7.466375012583922,S,2014-02-04
JNPR,JNPR.W^E14,2014-02-12,ESG-GJR-GARCH,0.4896441936335268,9.513945887262963,all,2014-02-04
JNPR,JNPR.W^E14,2014-02-12,ESG-GJR-GARCH(E),0.4807942185634465,9.173138119207744,E,2014-02-04
JNPR,JNPR.W^E14,2014-02-12,ESG-GJR-GARCH(G),0.4846079455183434,9.319240510298004,G,2014-02-04
JNPR,JNPR.W^E14,2014-02-12,ESG-GJR-GARCH(S),0.477883155387551,9.062393262030248,S,2014-02-04
JNPR,JNPR.W^E14,2014-02-12,GARCH,0.4217498517435165,7.05844989863802,,2014-02-04
JNPR,JNPR.W^E14,2014-02-12,GJR-GARCH,0.4597004684304707,8.385893677587072,,2014-02-04
JNPR,JNPR.W^E14,2014-02-13,EGARCH,0.3572342843696706,5.064140235282171,,2014-02-04
JNPR,JNPR.W^E14,2014-02-13,ESG-EGARCH,0.3612901024993696,5.1797832604763885,all,2014-02-04
JNPR,JNPR.W^E14,2014-02-13,ESG-EGARCH(E),0.3601302402835788,5.146578966932866,E,2014-02-04
JNPR,JNPR.W^E14,2014-02-13,ESG-EGARCH(G),0.3602297757351345,5.149424258975607,G,2014-02-04
JNPR,JNPR.W^E14,2014-02-13,ESG-EGARCH(S),0.3592985247711855,5.122834519950405,S,2014-02-04
JNPR,JNPR.W^E14,2014-02-13,ESG-GARCH,0.4445765979460866,7.843188549258586,all,2014-02-04
JNPR,JNPR.W^E14,2014-02-13,ESG-GARCH(E),0.4357894358133176,7.536207633590859,E,2014-02-04
JNPR,JNPR.W^E14,2014-02-13,ESG-GARCH(G),0.4397485681387181,7.673762030954477,G,2014-02-04
JNPR,JNPR.W^E14,2014-02-13,ESG-GARCH(S),0.4337656629069604,7.466375012583922,S,2014-02-04
JNPR,JNPR.W^E14,2014-02-13,ESG-GJR-GARCH,0.4896441936335268,9.513945887262963,all,2014-02-04
JNPR,JNPR.W^E14,2014-02-13,ESG-GJR-GARCH(E),0.4807942185634465,9.173138119207744,E,2014-02-04
JNPR,JNPR.W^E14,2014-02-13,ESG-GJR-GARCH(G),0.4846079455183434,9.319240510298004,G,2014-02-04
JNPR,JNPR.W^E14,2014-02-13,ESG-GJR-GARCH(S),0.477883155387551,9.062393262030248,S,2014-02-04
JNPR,JNPR.W^E14,2014-02-13,GARCH,0.4217498517435165,7.05844989863802,,2014-02-04
JNPR,JNPR.W^E14,2014-02-13,GJR-GARCH,0.4597004684304707,8.385893677587072,,2014-02-04
JNPR,JNPR.W^E14,2014-02-14,EGARCH,0.3572342843696706,5.064140235282171,,2014-02-04
JNPR,JNPR.W^E14,2014-02-14,ESG-EGARCH,0.3612901024993696,5.1797832604763885,all,2014-02-04
JNPR,JNPR.W^E14,2014-02-14,ESG-EGARCH(E),0.3601302402835788,5.146578966932866,E,2014-02-04
JNPR,JNPR.W^E14,2014-02-14,ESG-EGARCH(G),0.3602297757351345,5.149424258975607,G,2014-02-04
JNPR,JNPR.W^E14,2014-02-14,ESG-EGARCH(S),0.3592985247711855,5.122834519950405,S,2014-02-04
JNPR,JNPR.W^E14,2014-02-14,ESG-GARCH,0.4445765979460866,7.843188549258586,all,2014-02-04
JNPR,JNPR.W^E14,2014-02-14,ESG-GARCH(E),0.4357894358133176,7.536207633590859,E,2014-02-04
JNPR,JNPR.W^E14,2014-02-14,ESG-GARCH(G),0.4397485681387181,7.673762030954477,G,2014-02-04
JNPR,JNPR.W^E14,2014-02-14,ESG-GARCH(S),0.4337656629069604,7.466375012583922,S,2014-02-04
JNPR,JNPR.W^E14,2014-02-14,ESG-GJR-GARCH,0.4896441936335268,9.513945887262963,all,2014-02-04
JNPR,JNPR.W^E14,2014-02-14,ESG-GJR-GARCH(E),0.4807942185634465,9.173138119207744,E,2014-02-04
JNPR,JNPR.W^E14,2014-02-14,ESG-GJR-GARCH(G),0.4846079455183434,9.319240510298004,G,2014-02-04
JNPR,JNPR.W^E14,2014-02-14,ESG-GJR-GARCH(S),0.477883155387551,9.062393262030248,S,2014-02-04
JNPR,JNPR.W^E14,2014-02-14,GARCH,0.4217498517435165,7.05844989863802,,2014-02-04
JNPR,JNPR.W^E14,2014-02-14,GJR-GARCH,0.4597004684304707,8.385893677587072,,2014-02-04
JNPR,JNPR.W^E14,2014-02-19,EGARCH,0.3572342843696706,5.064140235282171,,2014-02-04
JNPR,JNPR.W^E14,2014-02-19,ESG-EGARCH,0.3612901024993696,5.1797832604763885,all,2014-02-04
JNPR,JNPR.W^E14,2014-02-19,ESG-EGARCH(E),0.3601302402835788,5.146578966932866,E,2014-02-04
JNPR,JNPR.W^E14,2014-02-19,ESG-EGARCH(G),0.3602297757351345,5.149424258975607,G,2014-02-04
JNPR,JNPR.W^E14,2014-02-19,ESG-EGARCH(S),0.3592985247711855,5.122834519950405,S,2014-02-04
JNPR,JNPR.W^E14,2014-02-19,ESG-GARCH,0.4445765979460866,7.843188549258586,all,2014-02-04
JNPR,JNPR.W^E14,2014-02-19,ESG-GARCH(E),0.4357894358133176,7.536207633590859,E,2014-02-04
JNPR,JNPR.W^E14,2014-02-19,ESG-GARCH(G),0.4397485681387181,7.673762030954477,G,2014-02-04
JNPR,JNPR.W^E14,2014-02-19,ESG-GARCH(S),0.4337656629069604,7.466375012583922,S,2014-02-04
JNPR,JNPR.W^E14,2014-02-19,ESG-GJR-GARCH,0.4896441936335268,9.513945887262963,all,2014-02-04
JNPR,JNPR.W^E14,2014-02-19,ESG-GJR-GARCH(E),0.4807942185634465,9.173138119207744,E,2014-02-04
JNPR,JNPR.W^E14,2014-02-19,ESG-GJR-GARCH(G),0.4846079455183434,9.319240510298004,G,2014-02-04
JNPR,JNPR.W^E14,2014-02-19,ESG-GJR-GARCH(S),0.477883155387551,9.062393262030248,S,2014-02-04
JNPR,JNPR.W^E14,2014-02-19,GARCH,0.4217498517435165,7.05844989863802,,2014-02-04
JNPR,JNPR.W^E14,2014-02-19,GJR-GARCH,0.4597004684304707,8.385893677587072,,2014-02-04
JNPR,JNPR.W^E14,2014-02-20,EGARCH,0.3572342843696706,5.064140235282171,,2014-02-04
JNPR,JNPR.W^E14,2014-02-20,ESG-EGARCH,0.3612901024993696,5.1797832604763885,all,2014-02-04
JNPR,JNPR.W^E14,2014-02-20,ESG-EGARCH(E),0.3601302402835788,5.146578966932866,E,2014-02-04
JNPR,JNPR.W^E14,2014-02-20,ESG-EGARCH(G),0.3602297757351345,5.149424258975607,G,2014-02-04
JNPR,JNPR.W^E14,2014-02-20,ESG-EGARCH(S),0.3592985247711855,5.122834519950405,S,2014-02-04
JNPR,JNPR.W^E14,2014-02-20,ESG-GARCH,0.4445765979460866,7.843188549258586,all,2014-02-04
JNPR,JNPR.W^E14,2014-02-20,ESG-GARCH(E),0.4357894358133176,7.536207633590859,E,2014-02-04
JNPR,JNPR.W^E14,2014-02-20,ESG-GARCH(G),0.4397485681387181,7.673762030954477,G,2014-02-04
JNPR,JNPR.W^E14,2014-02-20,ESG-GARCH(S),0.4337656629069604,7.466375012583922,S,2014-02-04
JNPR,JNPR.W^E14,2014-02-20,ESG-GJR-GARCH,0.4896441936335268,9.513945887262963,all,2014-02-04
JNPR,JNPR.W^E14,2014-02-20,ESG-GJR-GARCH(E),0.4807942185634465,9.173138119207744,E,2014-02-04
JNPR,JNPR.W^E14,2014-02-20,ESG-GJR-GARCH(G),0.4846079455183434,9.319240510298004,G,2014-02-04
JNPR,JNPR.W^E14,2014-02-20,ESG-GJR-GARCH(S),0.477883155387551,9.062393262030248,S,2014-02-04
JNPR,JNPR.W^E14,2014-02-20,GARCH,0.4217498517435165,7.05844989863802,,2014-02-04
JNPR,JNPR.W^E14,2014-02-20,GJR-GARCH,0.4597004684304707,8.385893677587072,,2014-02-04
JNPR,JNPR.W^E14,2014-02-21,EGARCH,0.3572342843696706,5.064140235282171,,2014-02-04
JNPR,JNPR.W^E14,2014-02-21,ESG-EGARCH,0.3612901024993696,5.1797832604763885,all,2014-02-04
JNPR,JNPR.W^E14,2014-02-21,ESG-EGARCH(E),0.3601302402835788,5.146578966932866,E,2014-02-04
JNPR,JNPR.W^E14,2014-02-21,ESG-EGARCH(G),0.3602297757351345,5.149424258975607,G,2014-02-04
JNPR,JNPR.W^E14,2014-02-21,ESG-EGARCH(S),0.3592985247711855,5.122834519950405,S,2014-02-04
JNPR,JNPR.W^E14,2014-02-21,ESG-GARCH,0.4445765979460866,7.843188549258586,all,2014-02-04
JNPR,JNPR.W^E14,2014-02-21,ESG-GARCH(E),0.4357894358133176,7.536207633590859,E,2014-02-04
JNPR,JNPR.W^E14,2014-02-21,ESG-GARCH(G),0.4397485681387181,7.673762030954477,G,2014-02-04
JNPR,JNPR.W^E14,2014-02-21,ESG-GARCH(S),0.4337656629069604,7.466375012583922,S,2014-02-04
JNPR,JNPR.W^E14,2014-02-21,ESG-GJR-GARCH,0.4896441936335268,9.513945887262963,all,2014-02-04
JNPR,JNPR.W^E14,2014-02-21,ESG-GJR-GARCH(E),0.4807942185634465,9.173138119207744,E,2014-02-04
JNPR,JNPR.W^E14,2014-02-21,ESG-GJR-GARCH(G),0.4846079455183434,9.319240510298004,G,2014-02-04
JNPR,JNPR.W^E14,2014-02-21,ESG-GJR-GARCH(S),0.477883155387551,9.062393262030248,S,2014-02-04
JNPR,JNPR.W^E14,2014-02-21,GARCH,0.4217498517435165,7.05844989863802,,2014-02-04
JNPR,JNPR.W^E14,2014-02-21,GJR-GARCH,0.4597004684304707,8.385893677587072,,2014-02-04
JNPR,JNPR.W^E14,2014-02-24,EGARCH,0.3572342843696706,5.064140235282171,,2014-02-04
JNPR,JNPR.W^E14,2014-02-24,ESG-EGARCH,0.3612901024993696,5.1797832604763885,all,2014-02-04
JNPR,JNPR.W^E14,2014-02-24,ESG-EGARCH(E),0.3601302402835788,5.146578966932866,E,2014-02-04
JNPR,JNPR.W^E14,2014-02-24,ESG-EGARCH(G),0.3602297757351345,5.149424258975607,G,2014-02-04
JNPR,JNPR.W^E14,2014-02-24,ESG-EGARCH(S),0.3592985247711855,5.122834519950405,S,2014-02-04
JNPR,JNPR.W^E14,2014-02-24,ESG-GARCH,0.4445765979460866,7.843188549258586,all,2014-02-04
JNPR,JNPR.W^E14,2014-02-24,ESG-GARCH(E),0.4357894358133176,7.536207633590859,E,2014-02-04
JNPR,JNPR.W^E14,2014-02-24,ESG-GARCH(G),0.4397485681387181,7.673762030954477,G,2014-02-04
JNPR,JNPR.W^E14,2014-02-24,ESG-GARCH(S),0.4337656629069604,7.466375012583922,S,2014-02-04
JNPR,JNPR.W^E14,2014-02-24,ESG-GJR-GARCH,0.4896441936335268,9.513945887262963,all,2014-02-04
JNPR,JNPR.W^E14,2014-02-24,ESG-GJR-GARCH(E),0.4807942185634465,9.173138119207744,E,2014-02-04
JNPR,JNPR.W^E14,2014-02-24,ESG-GJR-GARCH(G),0.4846079455183434,9.319240510298004,G,2014-02-04
JNPR,JNPR.W^E14,2014-02-24,ESG-GJR-GARCH(S),0.477883155387551,9.062393262030248,S,2014-02-04
JNPR,JNPR.W^E14,2014-02-24,GARCH,0.4217498517435165,7.05844989863802,,2014-02-04
JNPR,JNPR.W^E14,2014-02-24,GJR-GARCH,0.4597004684304707,8.385893677587072,,2014-02-04
JNPR,JNPR.W^E14,2014-02-25,EGARCH,0.3572342843696706,5.064140235282171,,2014-02-04
JNPR,JNPR.W^E14,2014-02-25,ESG-EGARCH,0.3612901024993696,5.1797832604763885,all,2014-02-04
JNPR,JNPR.W^E14,2014-02-25,ESG-EGARCH(E),0.3601302402835788,5.146578966932866,E,2014-02-04
JNPR,JNPR.W^E14,2014-02-25,ESG-EGARCH(G),0.3602297757351345,5.149424258975607,G,2014-02-04
JNPR,JNPR.W^E14,2014-02-25,ESG-EGARCH(S),0.3592985247711855,5.122834519950405,S,2014-02-04
JNPR,JNPR.W^E14,2014-02-25,ESG-GARCH,0.4445765979460866,7.843188549258586,all,2014-02-04
JNPR,JNPR.W^E14,2014-02-25,ESG-GARCH(E),0.4357894358133176,7.536207633590859,E,2014-02-04
JNPR,JNPR.W^E14,2014-02-25,ESG-GARCH(G),0.4397485681387181,7.673762030954477,G,2014-02-04
JNPR,JNPR.W^E14,2014-02-25,ESG-GARCH(S),0.4337656629069604,7.466375012583922,S,2014-02-04
JNPR,JNPR.W^E14,2014-02-25,ESG-GJR-GARCH,0.4896441936335268,9.513945887262963,all,2014-02-04
JNPR,JNPR.W^E14,2014-02-25,ESG-GJR-GARCH(E),0.4807942185634465,9.173138119207744,E,2014-02-04
JNPR,JNPR.W^E14,2014-02-25,ESG-GJR-GARCH(G),0.4846079455183434,9.319240510298004,G,2014-02-04
JNPR,JNPR.W^E14,2014-02-25,ESG-GJR-GARCH(S),0.477883155387551,9.062393262030248,S,2014-02-04
JNPR,JNPR.W^E14,2014-02-25,GARCH,0.4217498517435165,7.05844989863802,,2014-02-04
JNPR,JNPR.W^E14,2014-02-25,GJR-GARCH,0.4597004684304707,8.385893677587072,,2014-02-04
JNPR,JNPR.W^E14,2014-02-26,EGARCH,0.3572342843696706,5.064140235282171,,2014-02-04
JNPR,JNPR.W^E14,2014-02-26,ESG-EGARCH,0.3612901024993696,5.1797832604763885,all,2014-02-04
JNPR,JNPR.W^E14,2014-02-26,ESG-EGARCH(E),0.3601302402835788,5.146578966932866,E,2014-02-04
JNPR,JNPR.W^E14,2014-02-26,ESG-EGARCH(G),0.3602297757351345,5.149424258975607,G,2014-02-04
JNPR,JNPR.W^E14,2014-02-26,ESG-EGARCH(S),0.3592985247711855,5.122834519950405,S,2014-02-04
JNPR,JNPR.W^E14,2014-02-26,ESG-GARCH,0.4445765979460866,7.843188549258586,all,2014-02-04
JNPR,JNPR.W^E14,2014-02-26,ESG-GARCH(E),0.4357894358133176,7.536207633590859,E,2014-02-04
JNPR,JNPR.W^E14,2014-02-26,ESG-GARCH(G),0.4397485681387181,7.673762030954477,G,2014-02-04
JNPR,JNPR.W^E14,2014-02-26,ESG-GARCH(S),0.4337656629069604,7.466375012583922,S,2014-02-04
JNPR,JNPR.W^E14,2014-02-26,ESG-GJR-GARCH,0.4896441936335268,9.513945887262963,all,2014-02-04
JNPR,JNPR.W^E14,2014-02-26,ESG-GJR-GARCH(E),0.4807942185634465,9.173138119207744,E,2014-02-04
JNPR,JNPR.W^E14,2014-02-26,ESG-GJR-GARCH(G),0.4846079455183434,9.319240510298004,G,2014-02-04
JNPR,JNPR.W^E14,2014-02-26,ESG-GJR-GARCH(S),0.477883155387551,9.062393262030248,S,2014-02-04
JNPR,JNPR.W^E14,2014-02-26,GARCH,0.4217498517435165,7.05844989863802,,2014-02-04
JNPR,JNPR.W^E14,2014-02-26,GJR-GARCH,0.4597004684304707,8.385893677587072,,2014-02-04
JNPR,JNPR.W^E14,2014-02-27,EGARCH,0.3572342843696706,5.064140235282171,,2014-02-04
JNPR,JNPR.W^E14,2014-02-27,ESG-EGARCH,0.3612901024993696,5.1797832604763885,all,2014-02-04
JNPR,JNPR.W^E14,2014-02-27,ESG-EGARCH(E),0.3601302402835788,5.146578966932866,E,2014-02-04
JNPR,JNPR.W^E14,2014-02-27,ESG-EGARCH(G),0.3602297757351345,5.149424258975607,G,2014-02-04
JNPR,JNPR.W^E14,2014-02-27,ESG-EGARCH(S),0.3592985247711855,5.122834519950405,S,2014-02-04
JNPR,JNPR.W^E14,2014-02-27,ESG-GARCH,0.4445765979460866,7.843188549258586,all,2014-02-04
JNPR,JNPR.W^E14,2014-02-27,ESG-GARCH(E),0.4357894358133176,7.536207633590859,E,2014-02-04
JNPR,JNPR.W^E14,2014-02-27,ESG-GARCH(G),0.4397485681387181,7.673762030954477,G,2014-02-04
JNPR,JNPR.W^E14,2014-02-27,ESG-GARCH(S),0.4337656629069604,7.466375012583922,S,2014-02-04
JNPR,JNPR.W^E14,2014-02-27,ESG-GJR-GARCH,0.4896441936335268,9.513945887262963,all,2014-02-04
JNPR,JNPR.W^E14,2014-02-27,ESG-GJR-GARCH(E),0.4807942185634465,9.173138119207744,E,2014-02-04
JNPR,JNPR.W^E14,2014-02-27,ESG-GJR-GARCH(G),0.4846079455183434,9.319240510298004,G,2014-02-04
JNPR,JNPR.W^E14,2014-02-27,ESG-GJR-GARCH(S),0.477883155387551,9.062393262030248,S,2014-02-04
JNPR,JNPR.W^E14,2014-02-27,GARCH,0.4217498517435165,7.05844989863802,,2014-02-04
JNPR,JNPR.W^E14,2014-02-27,GJR-GARCH,0.4597004684304707,8.385893677587072,,2014-02-04
JNPR,JNPR.W^E14,2014-02-28,EGARCH,0.3572342843696706,5.064140235282171,,2014-02-04
JNPR,JNPR.W^E14,2014-02-28,ESG-EGARCH,0.3612901024993696,5.1797832604763885,all,2014-02-04
JNPR,JNPR.W^E14,2014-02-28,ESG-EGARCH(E),0.3601302402835788,5.146578966932866,E,2014-02-04
JNPR,JNPR.W^E14,2014-02-28,ESG-EGARCH(G),0.3602297757351345,5.149424258975607,G,2014-02-04
JNPR,JNPR.W^E14,2014-02-28,ESG-EGARCH(S),0.3592985247711855,5.122834519950405,S,2014-02-04
JNPR,JNPR.W^E14,2014-02-28,ESG-GARCH,0.4445765979460866,7.843188549258586,all,2014-02-04
JNPR,JNPR.W^E14,2014-02-28,ESG-GARCH(E),0.4357894358133176,7.536207633590859,E,2014-02-04
JNPR,JNPR.W^E14,2014-02-28,ESG-GARCH(G),0.4397485681387181,7.673762030954477,G,2014-02-04
JNPR,JNPR.W^E14,2014-02-28,ESG-GARCH(S),0.4337656629069604,7.466375012583922,S,2014-02-04
JNPR,JNPR.W^E14,2014-02-28,ESG-GJR-GARCH,0.4896441936335268,9.513945887262963,all,2014-02-04
JNPR,JNPR.W^E14,2014-02-28,ESG-GJR-GARCH(E),0.4807942185634465,9.173138119207744,E,2014-02-04
JNPR,JNPR.W^E14,2014-02-28,ESG-GJR-GARCH(G),0.4846079455183434,9.319240510298004,G,2014-02-04
JNPR,JNPR.W^E14,2014-02-28,ESG-GJR-GARCH(S),0.477883155387551,9.062393262030248,S,2014-02-04
JNPR,JNPR.W^E14,2014-02-28,GARCH,0.4217498517435165,7.05844989863802,,2014-02-04
JNPR,JNPR.W^E14,2014-02-28,GJR-GARCH,0.4597004684304707,8.385893677587072,,2014-02-04
JNPR,JNPR.W^E14,2014-03-05,EGARCH,0.3572342843696706,5.064140235282171,,2014-02-04
JNPR,JNPR.W^E14,2014-03-05,ESG-EGARCH,0.3612901024993696,5.1797832604763885,all,2014-02-04
JNPR,JNPR.W^E14,2014-03-05,ESG-EGARCH(E),0.3601302402835788,5.146578966932866,E,2014-02-04
JNPR,JNPR.W^E14,2014-03-05,ESG-EGARCH(G),0.3602297757351345,5.149424258975607,G,2014-02-04
JNPR,JNPR.W^E14,2014-03-05,ESG-EGARCH(S),0.3592985247711855,5.122834519950405,S,2014-02-04
JNPR,JNPR.W^E14,2014-03-05,ESG-GARCH,0.4445765979460866,7.843188549258586,all,2014-02-04
JNPR,JNPR.W^E14,2014-03-05,ESG-GARCH(E),0.4357894358133176,7.536207633590859,E,2014-02-04
JNPR,JNPR.W^E14,2014-03-05,ESG-GARCH(G),0.4397485681387181,7.673762030954477,G,2014-02-04
JNPR,JNPR.W^E14,2014-03-05,ESG-GARCH(S),0.4337656629069604,7.466375012583922,S,2014-02-04
JNPR,JNPR.W^E14,2014-03-05,ESG-GJR-GARCH,0.4896441936335268,9.513945887262963,all,2014-02-04
JNPR,JNPR.W^E14,2014-03-05,ESG-GJR-GARCH(E),0.4807942185634465,9.173138119207744,E,2014-02-04
JNPR,JNPR.W^E14,2014-03-05,ESG-GJR-GARCH(G),0.4846079455183434,9.319240510298004,G,2014-02-04
JNPR,JNPR.W^E14,2014-03-05,ESG-GJR-GARCH(S),0.477883155387551,9.062393262030248,S,2014-02-04
JNPR,JNPR.W^E14,2014-03-05,GARCH,0.4217498517435165,7.05844989863802,,2014-02-04
JNPR,JNPR.W^E14,2014-03-05,GJR-GARCH,0.4597004684304707,8.385893677587072,,2014-02-04
JNPR,JNPR.W^E14,2014-03-10,EGARCH,0.3572342843696706,5.064140235282171,,2014-02-04
JNPR,JNPR.W^E14,2014-03-10,ESG-EGARCH,0.3612901024993696,5.1797832604763885,all,2014-02-04
JNPR,JNPR.W^E14,2014-03-10,ESG-EGARCH(E),0.3601302402835788,5.146578966932866,E,2014-02-04
JNPR,JNPR.W^E14,2014-03-10,ESG-EGARCH(G),0.3602297757351345,5.149424258975607,G,2014-02-04
JNPR,JNPR.W^E14,2014-03-10,ESG-EGARCH(S),0.3592985247711855,5.122834519950405,S,2014-02-04
JNPR,JNPR.W^E14,2014-03-10,ESG-GARCH,0.4445765979460866,7.843188549258586,all,2014-02-04
JNPR,JNPR.W^E14,2014-03-10,ESG-GARCH(E),0.4357894358133176,7.536207633590859,E,2014-02-04
JNPR,JNPR.W^E14,2014-03-10,ESG-GARCH(G),0.4397485681387181,7.673762030954477,G,2014-02-04
JNPR,JNPR.W^E14,2014-03-10,ESG-GARCH(S),0.4337656629069604,7.466375012583922,S,2014-02-04
JNPR,JNPR.W^E14,2014-03-10,ESG-GJR-GARCH,0.4896441936335268,9.513945887262963,all,2014-02-04
JNPR,JNPR.W^E14,2014-03-10,ESG-GJR-GARCH(E),0.4807942185634465,9.173138119207744,E,2014-02-04
JNPR,JNPR.W^E14,2014-03-10,ESG-GJR-GARCH(G),0.4846079455183434,9.319240510298004,G,2014-02-04
JNPR,JNPR.W^E14,2014-03-10,ESG-GJR-GARCH(S),0.477883155387551,9.062393262030248,S,2014-02-04
JNPR,JNPR.W^E14,2014-03-10,GARCH,0.4217498517435165,7.05844989863802,,2014-02-04
JNPR,JNPR.W^E14,2014-03-10,GJR-GARCH,0.4597004684304707,8.385893677587072,,2014-02-04
JNPR,JNPR.W^E14,2014-03-11,EGARCH,0.3572342843696706,5.064140235282171,,2014-02-04
JNPR,JNPR.W^E14,2014-03-11,ESG-EGARCH,0.3612901024993696,5.1797832604763885,all,2014-02-04
JNPR,JNPR.W^E14,2014-03-11,ESG-EGARCH(E),0.3601302402835788,5.146578966932866,E,2014-02-04
JNPR,JNPR.W^E14,2014-03-11,ESG-EGARCH(G),0.3602297757351345,5.149424258975607,G,2014-02-04
JNPR,JNPR.W^E14,2014-03-11,ESG-EGARCH(S),0.3592985247711855,5.122834519950405,S,2014-02-04
JNPR,JNPR.W^E14,2014-03-11,ESG-GARCH,0.4445765979460866,7.843188549258586,all,2014-02-04
JNPR,JNPR.W^E14,2014-03-11,ESG-GARCH(E),0.4357894358133176,7.536207633590859,E,2014-02-04
JNPR,JNPR.W^E14,2014-03-11,ESG-GARCH(G),0.4397485681387181,7.673762030954477,G,2014-02-04
JNPR,JNPR.W^E14,2014-03-11,ESG-GARCH(S),0.4337656629069604,7.466375012583922,S,2014-02-04
JNPR,JNPR.W^E14,2014-03-11,ESG-GJR-GARCH,0.4896441936335268,9.513945887262963,all,2014-02-04
JNPR,JNPR.W^E14,2014-03-11,ESG-GJR-GARCH(E),0.4807942185634465,9.173138119207744,E,2014-02-04
JNPR,JNPR.W^E14,2014-03-11,ESG-GJR-GARCH(G),0.4846079455183434,9.319240510298004,G,2014-02-04
JNPR,JNPR.W^E14,2014-03-11,ESG-GJR-GARCH(S),0.477883155387551,9.062393262030248,S,2014-02-04
JNPR,JNPR.W^E14,2014-03-11,GARCH,0.4217498517435165,7.05844989863802,,2014-02-04
JNPR,JNPR.W^E14,2014-03-11,GJR-GARCH,0.4597004684304707,8.385893677587072,,2014-02-04
JNPR,JNPR.W^E14,2014-03-12,EGARCH,0.3572342843696706,5.064140235282171,,2014-02-04
JNPR,JNPR.W^E14,2014-03-12,ESG-EGARCH,0.3612901024993696,5.1797832604763885,all,2014-02-04
JNPR,JNPR.W^E14,2014-03-12,ESG-EGARCH(E),0.3601302402835788,5.146578966932866,E,2014-02-04
JNPR,JNPR.W^E14,2014-03-12,ESG-EGARCH(G),0.3602297757351345,5.149424258975607,G,2014-02-04
JNPR,JNPR.W^E14,2014-03-12,ESG-EGARCH(S),0.3592985247711855,5.122834519950405,S,2014-02-04
JNPR,JNPR.W^E14,2014-03-12,ESG-GARCH,0.4445765979460866,7.843188549258586,all,2014-02-04
JNPR,JNPR.W^E14,2014-03-12,ESG-GARCH(E),0.4357894358133176,7.536207633590859,E,2014-02-04
JNPR,JNPR.W^E14,2014-03-12,ESG-GARCH(G),0.4397485681387181,7.673762030954477,G,2014-02-04
JNPR,JNPR.W^E14,2014-03-12,ESG-GARCH(S),0.4337656629069604,7.466375012583922,S,2014-02-04
JNPR,JNPR.W^E14,2014-03-12,ESG-GJR-GARCH,0.4896441936335268,9.513945887262963,all,2014-02-04
JNPR,JNPR.W^E14,2014-03-12,ESG-GJR-GARCH(E),0.4807942185634465,9.173138119207744,E,2014-02-04
JNPR,JNPR.W^E14,2014-03-12,ESG-GJR-GARCH(G),0.4846079455183434,9.319240510298004,G,2014-02-04
JNPR,JNPR.W^E14,2014-03-12,ESG-GJR-GARCH(S),0.477883155387551,9.062393262030248,S,2014-02-04
JNPR,JNPR.W^E14,2014-03-12,GARCH,0.4217498517435165,7.05844989863802,,2014-02-04
JNPR,JNPR.W^E14,2014-03-12,GJR-GARCH,0.4597004684304707,8.385893677587072,,2014-02-04
JNPR,JNPR.W^E14,2014-03-18,EGARCH,0.3572342843696706,5.064140235282171,,2014-02-04
JNPR,JNPR.W^E14,2014-03-18,ESG-EGARCH,0.3612901024993696,5.1797832604763885,all,2014-02-04
JNPR,JNPR.W^E14,2014-03-18,ESG-EGARCH(E),0.3601302402835788,5.146578966932866,E,2014-02-04
JNPR,JNPR.W^E14,2014-03-18,ESG-EGARCH(G),0.3602297757351345,5.149424258975607,G,2014-02-04
JNPR,JNPR.W^E14,2014-03-18,ESG-EGARCH(S),0.3592985247711855,5.122834519950405,S,2014-02-04
JNPR,JNPR.W^E14,2014-03-18,ESG-GARCH,0.4445765979460866,7.843188549258586,all,2014-02-04
JNPR,JNPR.W^E14,2014-03-18,ESG-GARCH(E),0.4357894358133176,7.536207633590859,E,2014-02-04
JNPR,JNPR.W^E14,2014-03-18,ESG-GARCH(G),0.4397485681387181,7.673762030954477,G,2014-02-04
JNPR,JNPR.W^E14,2014-03-18,ESG-GARCH(S),0.4337656629069604,7.466375012583922,S,2014-02-04
JNPR,JNPR.W^E14,2014-03-18,ESG-GJR-GARCH,0.4896441936335268,9.513945887262963,all,2014-02-04
JNPR,JNPR.W^E14,2014-03-18,ESG-GJR-GARCH(E),0.4807942185634465,9.173138119207744,E,2014-02-04
JNPR,JNPR.W^E14,2014-03-18,ESG-GJR-GARCH(G),0.4846079455183434,9.319240510298004,G,2014-02-04
JNPR,JNPR.W^E14,2014-03-18,ESG-GJR-GARCH(S),0.477883155387551,9.062393262030248,S,2014-02-04
JNPR,JNPR.W^E14,2014-03-18,GARCH,0.4217498517435165,7.05844989863802,,2014-02-04
JNPR,JNPR.W^E14,2014-03-18,GJR-GARCH,0.4597004684304707,8.385893677587072,,2014-02-04
JNPR,JNPR.W^E14,2014-04-16,EGARCH,0.3232379920069611,4.1461428363766775,,2014-04-16
JNPR,JNPR.W^E14,2014-04-16,ESG-EGARCH,0.3271821021859422,4.247941586936996,all,2014-04-16
JNPR,JNPR.W^E14,2014-04-16,ESG-EGARCH(E),0.3269195151328303,4.241125768836701,E,2014-04-16
JNPR,JNPR.W^E14,2014-04-16,ESG-EGARCH(G),0.326572336888241,4.232122667485983,G,2014-04-16
JNPR,JNPR.W^E14,2014-04-16,ESG-EGARCH(S),0.3262926338812028,4.224876306552882,S,2014-04-16
JNPR,JNPR.W^E14,2014-04-16,ESG-GARCH,0.3422300419270429,4.64767466656292,all,2014-04-16
JNPR,JNPR.W^E14,2014-04-16,ESG-GARCH(E),0.3400993619149562,4.58998317360954,E,2014-04-16
JNPR,JNPR.W^E14,2014-04-16,ESG-GARCH(G),0.3405824918494376,4.603033085490962,G,2014-04-16
JNPR,JNPR.W^E14,2014-04-16,ESG-GARCH(S),0.3381821932940841,4.53838078814275,S,2014-04-16
JNPR,JNPR.W^E14,2014-04-16,ESG-GJR-GARCH,0.3721289300855357,5.495235738357362,all,2014-04-16
JNPR,JNPR.W^E14,2014-04-16,ESG-GJR-GARCH(E),0.370337250616334,5.442447587066088,E,2014-04-16
JNPR,JNPR.W^E14,2014-04-16,ESG-GJR-GARCH(G),0.3706203681296153,5.450772113989347,G,2014-04-16
JNPR,JNPR.W^E14,2014-04-16,ESG-GJR-GARCH(S),0.3682008448980558,5.37983580093818,S,2014-04-16
JNPR,JNPR.W^E14,2014-04-16,GARCH,0.3275221701677002,4.256776664736508,,2014-04-16
JNPR,JNPR.W^E14,2014-04-16,GJR-GARCH,0.3516289424068953,4.9064648070710986,,2014-04-16
JNPR,JNPR.W^E14,2014-04-17,EGARCH,0.3232379920069611,4.1461428363766775,,2014-04-16
JNPR,JNPR.W^E14,2014-04-17,ESG-EGARCH,0.3271821021859422,4.247941586936996,all,2014-04-16
JNPR,JNPR.W^E14,2014-04-17,ESG-EGARCH(E),0.3269195151328303,4.241125768836701,E,2014-04-16
JNPR,JNPR.W^E14,2014-04-17,ESG-EGARCH(G),0.326572336888241,4.232122667485983,G,2014-04-16
JNPR,JNPR.W^E14,2014-04-17,ESG-EGARCH(S),0.3262926338812028,4.224876306552882,S,2014-04-16
JNPR,JNPR.W^E14,2014-04-17,ESG-GARCH,0.3422300419270429,4.64767466656292,all,2014-04-16
JNPR,JNPR.W^E14,2014-04-17,ESG-GARCH(E),0.3400993619149562,4.58998317360954,E,2014-04-16
JNPR,JNPR.W^E14,2014-04-17,ESG-GARCH(G),0.3405824918494376,4.603033085490962,G,2014-04-16
JNPR,JNPR.W^E14,2014-04-17,ESG-GARCH(S),0.3381821932940841,4.53838078814275,S,2014-04-16
JNPR,JNPR.W^E14,2014-04-17,ESG-GJR-GARCH,0.3721289300855357,5.495235738357362,all,2014-04-16
JNPR,JNPR.W^E14,2014-04-17,ESG-GJR-GARCH(E),0.370337250616334,5.442447587066088,E,2014-04-16
JNPR,JNPR.W^E14,2014-04-17,ESG-GJR-GARCH(G),0.3706203681296153,5.450772113989347,G,2014-04-16
JNPR,JNPR.W^E14,2014-04-17,ESG-GJR-GARCH(S),0.3682008448980558,5.37983580093818,S,2014-04-16
JNPR,JNPR.W^E14,2014-04-17,GARCH,0.3275221701677002,4.256776664736508,,2014-04-16
JNPR,JNPR.W^E14,2014-04-17,GJR-GARCH,0.3516289424068953,4.9064648070710986,,2014-04-16
JNPR,JNPR.W^E14,2014-04-21,EGARCH,0.3232379920069611,4.1461428363766775,,2014-04-16
JNPR,JNPR.W^E14,2014-04-21,ESG-EGARCH,0.3271821021859422,4.247941586936996,all,2014-04-16
JNPR,JNPR.W^E14,2014-04-21,ESG-EGARCH(E),0.3269195151328303,4.241125768836701,E,2014-04-16
JNPR,JNPR.W^E14,2014-04-21,ESG-EGARCH(G),0.326572336888241,4.232122667485983,G,2014-04-16
JNPR,JNPR.W^E14,2014-04-21,ESG-EGARCH(S),0.3262926338812028,4.224876306552882,S,2014-04-16
JNPR,JNPR.W^E14,2014-04-21,ESG-GARCH,0.3422300419270429,4.64767466656292,all,2014-04-16
JNPR,JNPR.W^E14,2014-04-21,ESG-GARCH(E),0.3400993619149562,4.58998317360954,E,2014-04-16
JNPR,JNPR.W^E14,2014-04-21,ESG-GARCH(G),0.3405824918494376,4.603033085490962,G,2014-04-16
JNPR,JNPR.W^E14,2014-04-21,ESG-GARCH(S),0.3381821932940841,4.53838078814275,S,2014-04-16
JNPR,JNPR.W^E14,2014-04-21,ESG-GJR-GARCH,0.3721289300855357,5.495235738357362,all,2014-04-16
JNPR,JNPR.W^E14,2014-04-21,ESG-GJR-GARCH(E),0.370337250616334,5.442447587066088,E,2014-04-16
JNPR,JNPR.W^E14,2014-04-21,ESG-GJR-GARCH(G),0.3706203681296153,5.450772113989347,G,2014-04-16
JNPR,JNPR.W^E14,2014-04-21,ESG-GJR-GARCH(S),0.3682008448980558,5.37983580093818,S,2014-04-16
JNPR,JNPR.W^E14,2014-04-21,GARCH,0.3275221701677002,4.256776664736508,,2014-04-16
JNPR,JNPR.W^E14,2014-04-21,GJR-GARCH,0.3516289424068953,4.9064648070710986,,2014-04-16
JNPR,JNPR.W^E14,2014-04-24,EGARCH,0.3232379920069611,4.1461428363766775,,2014-04-16
JNPR,JNPR.W^E14,2014-04-24,ESG-EGARCH,0.3271821021859422,4.247941586936996,all,2014-04-16
JNPR,JNPR.W^E14,2014-04-24,ESG-EGARCH(E),0.3269195151328303,4.241125768836701,E,2014-04-16
JNPR,JNPR.W^E14,2014-04-24,ESG-EGARCH(G),0.326572336888241,4.232122667485983,G,2014-04-16
JNPR,JNPR.W^E14,2014-04-24,ESG-EGARCH(S),0.3262926338812028,4.224876306552882,S,2014-04-16
JNPR,JNPR.W^E14,2014-04-24,ESG-GARCH,0.3422300419270429,4.64767466656292,all,2014-04-16
JNPR,JNPR.W^E14,2014-04-24,ESG-GARCH(E),0.3400993619149562,4.58998317360954,E,2014-04-16
JNPR,JNPR.W^E14,2014-04-24,ESG-GARCH(G),0.3405824918494376,4.603033085490962,G,2014-04-16
JNPR,JNPR.W^E14,2014-04-24,ESG-GARCH(S),0.3381821932940841,4.53838078814275,S,2014-04-16
JNPR,JNPR.W^E14,2014-04-24,ESG-GJR-GARCH,0.3721289300855357,5.495235738357362,all,2014-04-16
JNPR,JNPR.W^E14,2014-04-24,ESG-GJR-GARCH(E),0.370337250616334,5.442447587066088,E,2014-04-16
JNPR,JNPR.W^E14,2014-04-24,ESG-GJR-GARCH(G),0.3706203681296153,5.450772113989347,G,2014-04-16
JNPR,JNPR.W^E14,2014-04-24,ESG-GJR-GARCH(S),0.3682008448980558,5.37983580093818,S,2014-04-16
JNPR,JNPR.W^E14,2014-04-24,GARCH,0.3275221701677002,4.256776664736508,,2014-04-16
JNPR,JNPR.W^E14,2014-04-24,GJR-GARCH,0.3516289424068953,4.9064648070710986,,2014-04-16
JNPR,JNPR.W^E14,2014-04-25,EGARCH,0.3232379920069611,4.1461428363766775,,2014-04-16
JNPR,JNPR.W^E14,2014-04-25,ESG-EGARCH,0.3271821021859422,4.247941586936996,all,2014-04-16
JNPR,JNPR.W^E14,2014-04-25,ESG-EGARCH(E),0.3269195151328303,4.241125768836701,E,2014-04-16
JNPR,JNPR.W^E14,2014-04-25,ESG-EGARCH(G),0.326572336888241,4.232122667485983,G,2014-04-16
JNPR,JNPR.W^E14,2014-04-25,ESG-EGARCH(S),0.3262926338812028,4.224876306552882,S,2014-04-16
JNPR,JNPR.W^E14,2014-04-25,ESG-GARCH,0.3422300419270429,4.64767466656292,all,2014-04-16
JNPR,JNPR.W^E14,2014-04-25,ESG-GARCH(E),0.3400993619149562,4.58998317360954,E,2014-04-16
JNPR,JNPR.W^E14,2014-04-25,ESG-GARCH(G),0.3405824918494376,4.603033085490962,G,2014-04-16
JNPR,JNPR.W^E14,2014-04-25,ESG-GARCH(S),0.3381821932940841,4.53838078814275,S,2014-04-16
JNPR,JNPR.W^E14,2014-04-25,ESG-GJR-GARCH,0.3721289300855357,5.495235738357362,all,2014-04-16
JNPR,JNPR.W^E14,2014-04-25,ESG-GJR-GARCH(E),0.370337250616334,5.442447587066088,E,2014-04-16
JNPR,JNPR.W^E14,2014-04-25,ESG-GJR-GARCH(G),0.3706203681296153,5.450772113989347,G,2014-04-16
JNPR,JNPR.W^E14,2014-04-25,ESG-GJR-GARCH(S),0.3682008448980558,5.37983580093818,S,2014-04-16
JNPR,JNPR.W^E14,2014-04-25,GARCH,0.3275221701677002,4.256776664736508,,2014-04-16
JNPR,JNPR.W^E14,2014-04-25,GJR-GARCH,0.3516289424068953,4.9064648070710986,,2014-04-16
JNPR,JNPR.W^E14,2014-04-28,EGARCH,0.3232379920069611,4.1461428363766775,,2014-04-16
JNPR,JNPR.W^E14,2014-04-28,ESG-EGARCH,0.3271821021859422,4.247941586936996,all,2014-04-16
JNPR,JNPR.W^E14,2014-04-28,ESG-EGARCH(E),0.3269195151328303,4.241125768836701,E,2014-04-16
JNPR,JNPR.W^E14,2014-04-28,ESG-EGARCH(G),0.326572336888241,4.232122667485983,G,2014-04-16
JNPR,JNPR.W^E14,2014-04-28,ESG-EGARCH(S),0.3262926338812028,4.224876306552882,S,2014-04-16
JNPR,JNPR.W^E14,2014-04-28,ESG-GARCH,0.3422300419270429,4.64767466656292,all,2014-04-16
JNPR,JNPR.W^E14,2014-04-28,ESG-GARCH(E),0.3400993619149562,4.58998317360954,E,2014-04-16
JNPR,JNPR.W^E14,2014-04-28,ESG-GARCH(G),0.3405824918494376,4.603033085490962,G,2014-04-16
JNPR,JNPR.W^E14,2014-04-28,ESG-GARCH(S),0.3381821932940841,4.53838078814275,S,2014-04-16
JNPR,JNPR.W^E14,2014-04-28,ESG-GJR-GARCH,0.3721289300855357,5.495235738357362,all,2014-04-16
JNPR,JNPR.W^E14,2014-04-28,ESG-GJR-GARCH(E),0.370337250616334,5.442447587066088,E,2014-04-16
JNPR,JNPR.W^E14,2014-04-28,ESG-GJR-GARCH(G),0.3706203681296153,5.450772113989347,G,2014-04-16
JNPR,JNPR.W^E14,2014-04-28,ESG-GJR-GARCH(S),0.3682008448980558,5.37983580093818,S,2014-04-16
JNPR,JNPR.W^E14,2014-04-28,GARCH,0.3275221701677002,4.256776664736508,,2014-04-16
JNPR,JNPR.W^E14,2014-04-28,GJR-GARCH,0.3516289424068953,4.9064648070710986,,2014-04-16
JNPR,JNPR.W^E14,2014-04-29,EGARCH,0.3232379920069611,4.1461428363766775,,2014-04-16
JNPR,JNPR.W^E14,2014-04-29,ESG-EGARCH,0.3271821021859422,4.247941586936996,all,2014-04-16
JNPR,JNPR.W^E14,2014-04-29,ESG-EGARCH(E),0.3269195151328303,4.241125768836701,E,2014-04-16
JNPR,JNPR.W^E14,2014-04-29,ESG-EGARCH(G),0.326572336888241,4.232122667485983,G,2014-04-16
JNPR,JNPR.W^E14,2014-04-29,ESG-EGARCH(S),0.3262926338812028,4.224876306552882,S,2014-04-16
JNPR,JNPR.W^E14,2014-04-29,ESG-GARCH,0.3422300419270429,4.64767466656292,all,2014-04-16
JNPR,JNPR.W^E14,2014-04-29,ESG-GARCH(E),0.3400993619149562,4.58998317360954,E,2014-04-16
JNPR,JNPR.W^E14,2014-04-29,ESG-GARCH(G),0.3405824918494376,4.603033085490962,G,2014-04-16
JNPR,JNPR.W^E14,2014-04-29,ESG-GARCH(S),0.3381821932940841,4.53838078814275,S,2014-04-16
JNPR,JNPR.W^E14,2014-04-29,ESG-GJR-GARCH,0.3721289300855357,5.495235738357362,all,2014-04-16
JNPR,JNPR.W^E14,2014-04-29,ESG-GJR-GARCH(E),0.370337250616334,5.442447587066088,E,2014-04-16
JNPR,JNPR.W^E14,2014-04-29,ESG-GJR-GARCH(G),0.3706203681296153,5.450772113989347,G,2014-04-16
JNPR,JNPR.W^E14,2014-04-29,ESG-GJR-GARCH(S),0.3682008448980558,5.37983580093818,S,2014-04-16
JNPR,JNPR.W^E14,2014-04-29,GARCH,0.3275221701677002,4.256776664736508,,2014-04-16
JNPR,JNPR.W^E14,2014-04-29,GJR-GARCH,0.3516289424068953,4.9064648070710986,,2014-04-16
JNPR,JNPR.W^E14,2014-04-30,EGARCH,0.3232379920069611,4.1461428363766775,,2014-04-16
JNPR,JNPR.W^E14,2014-04-30,ESG-EGARCH,0.3271821021859422,4.247941586936996,all,2014-04-16
JNPR,JNPR.W^E14,2014-04-30,ESG-EGARCH(E),0.3269195151328303,4.241125768836701,E,2014-04-16
JNPR,JNPR.W^E14,2014-04-30,ESG-EGARCH(G),0.326572336888241,4.232122667485983,G,2014-04-16
JNPR,JNPR.W^E14,2014-04-30,ESG-EGARCH(S),0.3262926338812028,4.224876306552882,S,2014-04-16
JNPR,JNPR.W^E14,2014-04-30,ESG-GARCH,0.3422300419270429,4.64767466656292,all,2014-04-16
JNPR,JNPR.W^E14,2014-04-30,ESG-GARCH(E),0.3400993619149562,4.58998317360954,E,2014-04-16
JNPR,JNPR.W^E14,2014-04-30,ESG-GARCH(G),0.3405824918494376,4.603033085490962,G,2014-04-16
JNPR,JNPR.W^E14,2014-04-30,ESG-GARCH(S),0.3381821932940841,4.53838078814275,S,2014-04-16
JNPR,JNPR.W^E14,2014-04-30,ESG-GJR-GARCH,0.3721289300855357,5.495235738357362,all,2014-04-16
JNPR,JNPR.W^E14,2014-04-30,ESG-GJR-GARCH(E),0.370337250616334,5.442447587066088,E,2014-04-16
JNPR,JNPR.W^E14,2014-04-30,ESG-GJR-GARCH(G),0.3706203681296153,5.450772113989347,G,2014-04-16
JNPR,JNPR.W^E14,2014-04-30,ESG-GJR-GARCH(S),0.3682008448980558,5.37983580093818,S,2014-04-16
JNPR,JNPR.W^E14,2014-04-30,GARCH,0.3275221701677002,4.256776664736508,,2014-04-16
JNPR,JNPR.W^E14,2014-04-30,GJR-GARCH,0.3516289424068953,4.9064648070710986,,2014-04-16
