ticker,RIC,Date,model,forecast_vol,forecast_var_pct2,esg_spec,refit_date
KHC,KHC.O,2016-07-14,EGARCH,0.2313907939653015,2.1246706163449454,,2016-07-14
KHC,KHC.O,2016-07-14,GARCH,0.2310077861455748,2.1176427484079228,,2016-07-14
KHC,KHC.O,2016-07-14,GJR-GARCH,0.232804194479421,2.1507060701274643,,2016-07-14
KHC,KHC.O,2016-07-15,EGARCH,0.2313907939653015,2.1246706163449454,,2016-07-14
KHC,KHC.O,2016-07-15,GARCH,0.2310077861455748,2.1176427484079228,,2016-07-14
KHC,KHC.O,2016-07-15,GJR-GARCH,0.232804194479421,2.1507060701274643,,2016-07-14
KHC,KHC.O,2016-07-18,EGARCH,0.2313907939653015,2.1246706163449454,,2016-07-14
KHC,KHC.O,2016-07-18,GARCH,0.2310077861455748,2.1176427484079228,,2016-07-14
KHC,KHC.O,2016-07-18,GJR-GARCH,0.232804194479421,2.1507060701274643,,2016-07-14
KHC,KHC.O,2016-07-19,EGARCH,0.2313907939653015,2.1246706163449454,,2016-07-14
KHC,KHC.O,2016-07-19,GARCH,0.2310077861455748,2.1176427484079228,,2016-07-14
KHC,KHC.O,2016-07-19,GJR-GARCH,0.232804194479421,2.1507060701274643,,2016-07-14
KHC,KHC.O,2016-07-20,EGARCH,0.2313907939653015,2.1246706163449454,,2016-07-14
KHC,KHC.O,2016-07-20,GARCH,0.2310077861455748,2.1176427484079228,,2016-07-14
KHC,KHC.O,2016-07-20,GJR-GARCH,0.232804194479421,2.1507060701274643,,2016-07-14
KHC,KHC.O,2016-07-21,EGARCH,0.2313907939653015,2.1246706163449454,,2016-07-14
KHC,KHC.O,2016-07-21,GARCH,0.2310077861455748,2.1176427484079228,,2016-07-14
KHC,KHC.O,2016-07-21,GJR-GARCH,0.232804194479421,2.1507060701274643,,2016-07-14
KHC,KHC.O,2016-07-22,EGARCH,0.2313907939653015,2.1246706163449454,,2016-07-14
KHC,KHC.O,2016-07-22,GARCH,0.2310077861455748,2.1176427484079228,,2016-07-14
KHC,KHC.O,2016-07-22,GJR-GARCH,0.232804194479421,2.1507060701274643,,2016-07-14
KHC,KHC.O,2016-07-25,EGARCH,0.2313907939653015,2.1246706163449454,,2016-07-14
KHC,KHC.O,2016-07-25,GARCH,0.2310077861455748,2.1176427484079228,,2016-07-14
KHC,KHC.O,2016-07-25,GJR-GARCH,0.232804194479421,2.1507060701274643,,2016-07-14
KHC,KHC.O,2016-07-26,EGARCH,0.2313907939653015,2.1246706163449454,,2016-07-14
KHC,KHC.O,2016-07-26,GARCH,0.2310077861455748,2.1176427484079228,,2016-07-14
KHC,KHC.O,2016-07-26,GJR-GARCH,0.232804194479421,2.1507060701274643,,2016-07-14
KHC,KHC.O,2016-07-27,EGARCH,0.2313907939653015,2.1246706163449454,,2016-07-14
KHC,KHC.O,2016-07-27,GARCH,0.2310077861455748,2.1176427484079228,,2016-07-14
KHC,KHC.O,2016-07-27,GJR-GARCH,0.232804194479421,2.1507060701274643,,2016-07-14
KHC,KHC.O,2016-07-28,EGARCH,0.2313907939653015,2.1246706163449454,,2016-07-14
KHC,KHC.O,2016-07-28,GARCH,0.2310077861455748,2.1176427484079228,,2016-07-14
KHC,KHC.O,2016-07-28,GJR-GARCH,0.232804194479421,2.1507060701274643,,2016-07-14
KHC,KHC.O,2016-07-29,EGARCH,0.2313907939653015,2.1246706163449454,,2016-07-14
KHC,KHC.O,2016-07-29,GARCH,0.2310077861455748,2.1176427484079228,,2016-07-14
KHC,KHC.O,2016-07-29,GJR-GARCH,0.232804194479421,2.1507060701274643,,2016-07-14
KHC,KHC.O,2016-08-01,EGARCH,0.2313907939653015,2.1246706163449454,,2016-07-14
KHC,KHC.O,2016-08-01,GARCH,0.2310077861455748,2.1176427484079228,,2016-07-14
KHC,KHC.O,2016-08-01,GJR-GARCH,0.232804194479421,2.1507060701274643,,2016-07-14
KHC,KHC.O,2016-08-02,EGARCH,0.2313907939653015,2.1246706163449454,,2016-07-14
KHC,KHC.O,2016-08-02,GARCH,0.2310077861455748,2.1176427484079228,,2016-07-14
KHC,KHC.O,2016-08-02,GJR-GARCH,0.232804194479421,2.1507060701274643,,2016-07-14
KHC,KHC.O,2016-08-03,EGARCH,0.2313907939653015,2.1246706163449454,,2016-07-14
KHC,KHC.O,2016-08-03,GARCH,0.2310077861455748,2.1176427484079228,,2016-07-14
KHC,KHC.O,2016-08-03,GJR-GARCH,0.232804194479421,2.1507060701274643,,2016-07-14
KHC,KHC.O,2016-08-04,EGARCH,0.2313907939653015,2.1246706163449454,,2016-07-14
KHC,KHC.O,2016-08-04,GARCH,0.2310077861455748,2.1176427484079228,,2016-07-14
KHC,KHC.O,2016-08-04,GJR-GARCH,0.232804194479421,2.1507060701274643,,2016-07-14
KHC,KHC.O,2016-08-05,EGARCH,0.2313907939653015,2.1246706163449454,,2016-07-14
KHC,KHC.O,2016-08-05,GARCH,0.2310077861455748,2.1176427484079228,,2016-07-14
KHC,KHC.O,2016-08-05,GJR-GARCH,0.232804194479421,2.1507060701274643,,2016-07-14
KHC,KHC.O,2016-08-08,EGARCH,0.2313907939653015,2.1246706163449454,,2016-07-14
KHC,KHC.O,2016-08-08,GARCH,0.2310077861455748,2.1176427484079228,,2016-07-14
KHC,KHC.O,2016-08-08,GJR-GARCH,0.232804194479421,2.1507060701274643,,2016-07-14
KHC,KHC.O,2016-08-09,EGARCH,0.2313907939653015,2.1246706163449454,,2016-07-14
KHC,KHC.O,2016-08-09,GARCH,0.2310077861455748,2.1176427484079228,,2016-07-14
KHC,KHC.O,2016-08-09,GJR-GARCH,0.232804194479421,2.1507060701274643,,2016-07-14
KHC,KHC.O,2016-08-10,EGARCH,0.2313907939653015,2.1246706163449454,,2016-07-14
KHC,KHC.O,2016-08-10,GARCH,0.2310077861455748,2.1176427484079228,,2016-07-14
KHC,KHC.O,2016-08-10,GJR-GARCH,0.232804194479421,2.1507060701274643,,2016-07-14
KHC,KHC.O,2016-08-11,EGARCH,0.2313907939653015,2.1246706163449454,,2016-07-14
KHC,KHC.O,2016-08-11,GARCH,0.2310077861455748,2.1176427484079228,,2016-07-14
KHC,KHC.O,2016-08-11,GJR-GARCH,0.232804194479421,2.1507060701274643,,2016-07-14
KHC,KHC.O,2016-08-12,EGARCH,0.2313907939653015,2.1246706163449454,,2016-07-14
KHC,KHC.O,2016-08-12,GARCH,0.2310077861455748,2.1176427484079228,,2016-07-14
KHC,KHC.O,2016-08-12,GJR-GARCH,0.232804194479421,2.1507060701274643,,2016-07-14
KHC,KHC.O,2016-08-15,EGARCH,0.2208010070904495,1.934646219530029,,2016-08-15
KHC,KHC.O,2016-08-15,GARCH,0.212193676904611,1.7867522427896203,,2016-08-15
KHC,KHC.O,2016-08-15,GJR-GARCH,0.2055865240433562,1.6772150344535512,,2016-08-15
KHC,KHC.O,2016-08-16,EGARCH,0.2208010070904495,1.934646219530029,,2016-08-15
KHC,KHC.O,2016-08-16,GARCH,0.212193676904611,1.7867522427896203,,2016-08-15
KHC,KHC.O,2016-08-16,GJR-GARCH,0.2055865240433562,1.6772150344535512,,2016-08-15
KHC,KHC.O,2016-08-17,EGARCH,0.2208010070904495,1.934646219530029,,2016-08-15
KHC,KHC.O,2016-08-17,GARCH,0.212193676904611,1.7867522427896203,,2016-08-15
KHC,KHC.O,2016-08-17,GJR-GARCH,0.2055865240433562,1.6772150344535512,,2016-08-15
KHC,KHC.O,2016-08-18,EGARCH,0.2208010070904495,1.934646219530029,,2016-08-15
KHC,KHC.O,2016-08-18,GARCH,0.212193676904611,1.7867522427896203,,2016-08-15
KHC,KHC.O,2016-08-18,GJR-GARCH,0.2055865240433562,1.6772150344535512,,2016-08-15
KHC,KHC.O,2016-08-19,EGARCH,0.2208010070904495,1.934646219530029,,2016-08-15
KHC,KHC.O,2016-08-19,GARCH,0.212193676904611,1.7867522427896203,,2016-08-15
KHC,KHC.O,2016-08-19,GJR-GARCH,0.2055865240433562,1.6772150344535512,,2016-08-15
KHC,KHC.O,2016-08-22,EGARCH,0.2208010070904495,1.934646219530029,,2016-08-15
KHC,KHC.O,2016-08-22,GARCH,0.212193676904611,1.7867522427896203,,2016-08-15
KHC,KHC.O,2016-08-22,GJR-GARCH,0.2055865240433562,1.6772150344535512,,2016-08-15
KHC,KHC.O,2016-08-23,EGARCH,0.2208010070904495,1.934646219530029,,2016-08-15
KHC,KHC.O,2016-08-23,GARCH,0.212193676904611,1.7867522427896203,,2016-08-15
KHC,KHC.O,2016-08-23,GJR-GARCH,0.2055865240433562,1.6772150344535512,,2016-08-15
KHC,KHC.O,2016-08-24,EGARCH,0.2208010070904495,1.934646219530029,,2016-08-15
KHC,KHC.O,2016-08-24,GARCH,0.212193676904611,1.7867522427896203,,2016-08-15
KHC,KHC.O,2016-08-24,GJR-GARCH,0.2055865240433562,1.6772150344535512,,2016-08-15
KHC,KHC.O,2016-08-25,EGARCH,0.2208010070904495,1.934646219530029,,2016-08-15
KHC,KHC.O,2016-08-25,GARCH,0.212193676904611,1.7867522427896203,,2016-08-15
KHC,KHC.O,2016-08-25,GJR-GARCH,0.2055865240433562,1.6772150344535512,,2016-08-15
KHC,KHC.O,2016-08-26,EGARCH,0.2208010070904495,1.934646219530029,,2016-08-15
KHC,KHC.O,2016-08-26,GARCH,0.212193676904611,1.7867522427896203,,2016-08-15
KHC,KHC.O,2016-08-26,GJR-GARCH,0.2055865240433562,1.6772150344535512,,2016-08-15
KHC,KHC.O,2016-08-29,EGARCH,0.2208010070904495,1.934646219530029,,2016-08-15
KHC,KHC.O,2016-08-29,GARCH,0.212193676904611,1.7867522427896203,,2016-08-15
KHC,KHC.O,2016-08-29,GJR-GARCH,0.2055865240433562,1.6772150344535512,,2016-08-15
KHC,KHC.O,2016-08-30,EGARCH,0.2208010070904495,1.934646219530029,,2016-08-15
KHC,KHC.O,2016-08-30,GARCH,0.212193676904611,1.7867522427896203,,2016-08-15
KHC,KHC.O,2016-08-30,GJR-GARCH,0.2055865240433562,1.6772150344535512,,2016-08-15
KHC,KHC.O,2016-08-31,EGARCH,0.2208010070904495,1.934646219530029,,2016-08-15
KHC,KHC.O,2016-08-31,GARCH,0.212193676904611,1.7867522427896203,,2016-08-15
KHC,KHC.O,2016-08-31,GJR-GARCH,0.2055865240433562,1.6772150344535512,,2016-08-15
KHC,KHC.O,2016-09-01,EGARCH,0.2208010070904495,1.934646219530029,,2016-08-15
KHC,KHC.O,2016-09-01,GARCH,0.212193676904611,1.7867522427896203,,2016-08-15
KHC,KHC.O,2016-09-01,GJR-GARCH,0.2055865240433562,1.6772150344535512,,2016-08-15
KHC,KHC.O,2016-09-02,EGARCH,0.2208010070904495,1.934646219530029,,2016-08-15
KHC,KHC.O,2016-09-02,GARCH,0.212193676904611,1.7867522427896203,,2016-08-15
KHC,KHC.O,2016-09-02,GJR-GARCH,0.2055865240433562,1.6772150344535512,,2016-08-15
KHC,KHC.O,2016-09-07,EGARCH,0.2208010070904495,1.934646219530029,,2016-08-15
KHC,KHC.O,2016-09-07,GARCH,0.212193676904611,1.7867522427896203,,2016-08-15
KHC,KHC.O,2016-09-07,GJR-GARCH,0.2055865240433562,1.6772150344535512,,2016-08-15
KHC,KHC.O,2016-09-08,EGARCH,0.2208010070904495,1.934646219530029,,2016-08-15
KHC,KHC.O,2016-09-08,GARCH,0.212193676904611,1.7867522427896203,,2016-08-15
KHC,KHC.O,2016-09-08,GJR-GARCH,0.2055865240433562,1.6772150344535512,,2016-08-15
KHC,KHC.O,2016-09-09,EGARCH,0.2208010070904495,1.934646219530029,,2016-08-15
KHC,KHC.O,2016-09-09,GARCH,0.212193676904611,1.7867522427896203,,2016-08-15
KHC,KHC.O,2016-09-09,GJR-GARCH,0.2055865240433562,1.6772150344535512,,2016-08-15
KHC,KHC.O,2016-09-12,EGARCH,0.2208010070904495,1.934646219530029,,2016-08-15
KHC,KHC.O,2016-09-12,GARCH,0.212193676904611,1.7867522427896203,,2016-08-15
KHC,KHC.O,2016-09-12,GJR-GARCH,0.2055865240433562,1.6772150344535512,,2016-08-15
KHC,KHC.O,2016-09-13,EGARCH,0.2208010070904495,1.934646219530029,,2016-08-15
KHC,KHC.O,2016-09-13,GARCH,0.212193676904611,1.7867522427896203,,2016-08-15
KHC,KHC.O,2016-09-13,GJR-GARCH,0.2055865240433562,1.6772150344535512,,2016-08-15
KHC,KHC.O,2016-09-14,EGARCH,0.2208010070904495,1.934646219530029,,2016-08-15
KHC,KHC.O,2016-09-14,GARCH,0.212193676904611,1.7867522427896203,,2016-08-15
KHC,KHC.O,2016-09-14,GJR-GARCH,0.2055865240433562,1.6772150344535512,,2016-08-15
KHC,KHC.O,2016-09-15,EGARCH,0.2208010070904495,1.934646219530029,,2016-08-15
KHC,KHC.O,2016-09-15,GARCH,0.212193676904611,1.7867522427896203,,2016-08-15
KHC,KHC.O,2016-09-15,GJR-GARCH,0.2055865240433562,1.6772150344535512,,2016-08-15
KHC,KHC.O,2016-09-16,EGARCH,0.2037741714525967,1.6477743234600115,,2016-09-16
KHC,KHC.O,2016-09-16,GARCH,0.2431039855920122,2.3452201512191,,2016-09-16
KHC,KHC.O,2016-09-16,GJR-GARCH,0.2412405945306397,2.3094057321228783,,2016-09-16
KHC,KHC.O,2016-09-19,EGARCH,0.2037741714525967,1.6477743234600115,,2016-09-16
KHC,KHC.O,2016-09-19,GARCH,0.2431039855920122,2.3452201512191,,2016-09-16
KHC,KHC.O,2016-09-19,GJR-GARCH,0.2412405945306397,2.3094057321228783,,2016-09-16
KHC,KHC.O,2016-09-20,EGARCH,0.2037741714525967,1.6477743234600115,,2016-09-16
KHC,KHC.O,2016-09-20,GARCH,0.2431039855920122,2.3452201512191,,2016-09-16
KHC,KHC.O,2016-09-20,GJR-GARCH,0.2412405945306397,2.3094057321228783,,2016-09-16
KHC,KHC.O,2016-09-21,EGARCH,0.2037741714525967,1.6477743234600115,,2016-09-16
KHC,KHC.O,2016-09-21,GARCH,0.2431039855920122,2.3452201512191,,2016-09-16
KHC,KHC.O,2016-09-21,GJR-GARCH,0.2412405945306397,2.3094057321228783,,2016-09-16
KHC,KHC.O,2016-09-22,EGARCH,0.2037741714525967,1.6477743234600115,,2016-09-16
KHC,KHC.O,2016-09-22,GARCH,0.2431039855920122,2.3452201512191,,2016-09-16
KHC,KHC.O,2016-09-22,GJR-GARCH,0.2412405945306397,2.3094057321228783,,2016-09-16
KHC,KHC.O,2016-09-23,EGARCH,0.2037741714525967,1.6477743234600115,,2016-09-16
KHC,KHC.O,2016-09-23,GARCH,0.2431039855920122,2.3452201512191,,2016-09-16
KHC,KHC.O,2016-09-23,GJR-GARCH,0.2412405945306397,2.3094057321228783,,2016-09-16
KHC,KHC.O,2016-09-26,EGARCH,0.2037741714525967,1.6477743234600115,,2016-09-16
KHC,KHC.O,2016-09-26,GARCH,0.2431039855920122,2.3452201512191,,2016-09-16
KHC,KHC.O,2016-09-26,GJR-GARCH,0.2412405945306397,2.3094057321228783,,2016-09-16
KHC,KHC.O,2016-09-27,EGARCH,0.2037741714525967,1.6477743234600115,,2016-09-16
KHC,KHC.O,2016-09-27,GARCH,0.2431039855920122,2.3452201512191,,2016-09-16
KHC,KHC.O,2016-09-27,GJR-GARCH,0.2412405945306397,2.3094057321228783,,2016-09-16
KHC,KHC.O,2016-09-28,EGARCH,0.2037741714525967,1.6477743234600115,,2016-09-16
KHC,KHC.O,2016-09-28,GARCH,0.2431039855920122,2.3452201512191,,2016-09-16
KHC,KHC.O,2016-09-28,GJR-GARCH,0.2412405945306397,2.3094057321228783,,2016-09-16
KHC,KHC.O,2016-09-29,EGARCH,0.2037741714525967,1.6477743234600115,,2016-09-16
KHC,KHC.O,2016-09-29,GARCH,0.2431039855920122,2.3452201512191,,2016-09-16
KHC,KHC.O,2016-09-29,GJR-GARCH,0.2412405945306397,2.3094057321228783,,2016-09-16
KHC,KHC.O,2016-09-30,EGARCH,0.2037741714525967,1.6477743234600115,,2016-09-16
KHC,KHC.O,2016-09-30,GARCH,0.2431039855920122,2.3452201512191,,2016-09-16
KHC,KHC.O,2016-09-30,GJR-GARCH,0.2412405945306397,2.3094057321228783,,2016-09-16
KHC,KHC.O,2016-10-03,EGARCH,0.2037741714525967,1.6477743234600115,,2016-09-16
KHC,KHC.O,2016-10-03,GARCH,0.2431039855920122,2.3452201512191,,2016-09-16
KHC,KHC.O,2016-10-03,GJR-GARCH,0.2412405945306397,2.3094057321228783,,2016-09-16
KHC,KHC.O,2016-10-04,EGARCH,0.2037741714525967,1.6477743234600115,,2016-09-16
KHC,KHC.O,2016-10-04,GARCH,0.2431039855920122,2.3452201512191,,2016-09-16
KHC,KHC.O,2016-10-04,GJR-GARCH,0.2412405945306397,2.3094057321228783,,2016-09-16
KHC,KHC.O,2016-10-05,EGARCH,0.2037741714525967,1.6477743234600115,,2016-09-16
KHC,KHC.O,2016-10-05,GARCH,0.2431039855920122,2.3452201512191,,2016-09-16
KHC,KHC.O,2016-10-05,GJR-GARCH,0.2412405945306397,2.3094057321228783,,2016-09-16
KHC,KHC.O,2016-10-06,EGARCH,0.2037741714525967,1.6477743234600115,,2016-09-16
KHC,KHC.O,2016-10-06,GARCH,0.2431039855920122,2.3452201512191,,2016-09-16
KHC,KHC.O,2016-10-06,GJR-GARCH,0.2412405945306397,2.3094057321228783,,2016-09-16
KHC,KHC.O,2016-10-07,EGARCH,0.2037741714525967,1.6477743234600115,,2016-09-16
KHC,KHC.O,2016-10-07,GARCH,0.2431039855920122,2.3452201512191,,2016-09-16
KHC,KHC.O,2016-10-07,GJR-GARCH,0.2412405945306397,2.3094057321228783,,2016-09-16
KHC,KHC.O,2016-10-10,EGARCH,0.2037741714525967,1.6477743234600115,,2016-09-16
KHC,KHC.O,2016-10-10,GARCH,0.2431039855920122,2.3452201512191,,2016-09-16
KHC,KHC.O,2016-10-10,GJR-GARCH,0.2412405945306397,2.3094057321228783,,2016-09-16
KHC,KHC.O,2016-10-11,EGARCH,0.2037741714525967,1.6477743234600115,,2016-09-16
KHC,KHC.O,2016-10-11,GARCH,0.2431039855920122,2.3452201512191,,2016-09-16
KHC,KHC.O,2016-10-11,GJR-GARCH,0.2412405945306397,2.3094057321228783,,2016-09-16
KHC,KHC.O,2016-10-12,EGARCH,0.2037741714525967,1.6477743234600115,,2016-09-16
KHC,KHC.O,2016-10-12,GARCH,0.2431039855920122,2.3452201512191,,2016-09-16
KHC,KHC.O,2016-10-12,GJR-GARCH,0.2412405945306397,2.3094057321228783,,2016-09-16
KHC,KHC.O,2016-10-13,EGARCH,0.2037741714525967,1.6477743234600115,,2016-09-16
KHC,KHC.O,2016-10-13,GARCH,0.2431039855920122,2.3452201512191,,2016-09-16
KHC,KHC.O,2016-10-13,GJR-GARCH,0.2412405945306397,2.3094057321228783,,2016-09-16
KHC,KHC.O,2016-10-14,EGARCH,0.2037741714525967,1.6477743234600115,,2016-09-16
KHC,KHC.O,2016-10-14,GARCH,0.2431039855920122,2.3452201512191,,2016-09-16
KHC,KHC.O,2016-10-14,GJR-GARCH,0.2412405945306397,2.3094057321228783,,2016-09-16
KHC,KHC.O,2016-10-17,EGARCH,0.2037741714525967,1.6477743234600115,,2016-09-16
KHC,KHC.O,2016-10-17,GARCH,0.2431039855920122,2.3452201512191,,2016-09-16
KHC,KHC.O,2016-10-17,GJR-GARCH,0.2412405945306397,2.3094057321228783,,2016-09-16
KHC,KHC.O,2016-10-18,EGARCH,0.193249526802566,1.4819595083101462,,2016-10-18
KHC,KHC.O,2016-10-18,GARCH,0.1976828919701285,1.5507351499076791,,2016-10-18
KHC,KHC.O,2016-10-18,GJR-GARCH,0.1938417196433185,1.491056042630115,,2016-10-18
KHC,KHC.O,2016-10-19,EGARCH,0.193249526802566,1.4819595083101462,,2016-10-18
KHC,KHC.O,2016-10-19,GARCH,0.1976828919701285,1.5507351499076791,,2016-10-18
KHC,KHC.O,2016-10-19,GJR-GARCH,0.1938417196433185,1.491056042630115,,2016-10-18
KHC,KHC.O,2016-10-20,EGARCH,0.193249526802566,1.4819595083101462,,2016-10-18
KHC,KHC.O,2016-10-20,GARCH,0.1976828919701285,1.5507351499076791,,2016-10-18
KHC,KHC.O,2016-10-20,GJR-GARCH,0.1938417196433185,1.491056042630115,,2016-10-18
KHC,KHC.O,2016-10-21,EGARCH,0.193249526802566,1.4819595083101462,,2016-10-18
KHC,KHC.O,2016-10-21,GARCH,0.1976828919701285,1.5507351499076791,,2016-10-18
KHC,KHC.O,2016-10-21,GJR-GARCH,0.1938417196433185,1.491056042630115,,2016-10-18
KHC,KHC.O,2016-10-24,EGARCH,0.193249526802566,1.4819595083101462,,2016-10-18
KHC,KHC.O,2016-10-24,GARCH,0.1976828919701285,1.5507351499076791,,2016-10-18
KHC,KHC.O,2016-10-24,GJR-GARCH,0.1938417196433185,1.491056042630115,,2016-10-18
KHC,KHC.O,2016-10-25,EGARCH,0.193249526802566,1.4819595083101462,,2016-10-18
KHC,KHC.O,2016-10-25,GARCH,0.1976828919701285,1.5507351499076791,,2016-10-18
KHC,KHC.O,2016-10-25,GJR-GARCH,0.1938417196433185,1.491056042630115,,2016-10-18
KHC,KHC.O,2016-10-26,EGARCH,0.193249526802566,1.4819595083101462,,2016-10-18
KHC,KHC.O,2016-10-26,GARCH,0.1976828919701285,1.5507351499076791,,2016-10-18
KHC,KHC.O,2016-10-26,GJR-GARCH,0.1938417196433185,1.491056042630115,,2016-10-18
KHC,KHC.O,2016-10-27,EGARCH,0.193249526802566,1.4819595083101462,,2016-10-18
KHC,KHC.O,2016-10-27,GARCH,0.1976828919701285,1.5507351499076791,,2016-10-18
KHC,KHC.O,2016-10-27,GJR-GARCH,0.1938417196433185,1.491056042630115,,2016-10-18
KHC,KHC.O,2016-10-28,EGARCH,0.193249526802566,1.4819595083101462,,2016-10-18
KHC,KHC.O,2016-10-28,GARCH,0.1976828919701285,1.5507351499076791,,2016-10-18
KHC,KHC.O,2016-10-28,GJR-GARCH,0.1938417196433185,1.491056042630115,,2016-10-18
KHC,KHC.O,2016-10-31,EGARCH,0.193249526802566,1.4819595083101462,,2016-10-18
KHC,KHC.O,2016-10-31,GARCH,0.1976828919701285,1.5507351499076791,,2016-10-18
KHC,KHC.O,2016-10-31,GJR-GARCH,0.1938417196433185,1.491056042630115,,2016-10-18
KHC,KHC.O,2016-11-01,EGARCH,0.193249526802566,1.4819595083101462,,2016-10-18
KHC,KHC.O,2016-11-01,GARCH,0.1976828919701285,1.5507351499076791,,2016-10-18
KHC,KHC.O,2016-11-01,GJR-GARCH,0.1938417196433185,1.491056042630115,,2016-10-18
KHC,KHC.O,2016-11-02,EGARCH,0.193249526802566,1.4819595083101462,,2016-10-18
KHC,KHC.O,2016-11-02,GARCH,0.1976828919701285,1.5507351499076791,,2016-10-18
KHC,KHC.O,2016-11-02,GJR-GARCH,0.1938417196433185,1.491056042630115,,2016-10-18
KHC,KHC.O,2016-11-03,EGARCH,0.193249526802566,1.4819595083101462,,2016-10-18
KHC,KHC.O,2016-11-03,GARCH,0.1976828919701285,1.5507351499076791,,2016-10-18
KHC,KHC.O,2016-11-03,GJR-GARCH,0.1938417196433185,1.491056042630115,,2016-10-18
KHC,KHC.O,2016-11-04,EGARCH,0.193249526802566,1.4819595083101462,,2016-10-18
KHC,KHC.O,2016-11-04,GARCH,0.1976828919701285,1.5507351499076791,,2016-10-18
KHC,KHC.O,2016-11-04,GJR-GARCH,0.1938417196433185,1.491056042630115,,2016-10-18
KHC,KHC.O,2016-11-07,EGARCH,0.193249526802566,1.4819595083101462,,2016-10-18
KHC,KHC.O,2016-11-07,GARCH,0.1976828919701285,1.5507351499076791,,2016-10-18
KHC,KHC.O,2016-11-07,GJR-GARCH,0.1938417196433185,1.491056042630115,,2016-10-18
KHC,KHC.O,2016-11-08,EGARCH,0.193249526802566,1.4819595083101462,,2016-10-18
KHC,KHC.O,2016-11-08,GARCH,0.1976828919701285,1.5507351499076791,,2016-10-18
KHC,KHC.O,2016-11-08,GJR-GARCH,0.1938417196433185,1.491056042630115,,2016-10-18
KHC,KHC.O,2016-11-09,EGARCH,0.193249526802566,1.4819595083101462,,2016-10-18
KHC,KHC.O,2016-11-09,GARCH,0.1976828919701285,1.5507351499076791,,2016-10-18
KHC,KHC.O,2016-11-09,GJR-GARCH,0.1938417196433185,1.491056042630115,,2016-10-18
KHC,KHC.O,2016-11-10,EGARCH,0.193249526802566,1.4819595083101462,,2016-10-18
KHC,KHC.O,2016-11-10,GARCH,0.1976828919701285,1.5507351499076791,,2016-10-18
KHC,KHC.O,2016-11-10,GJR-GARCH,0.1938417196433185,1.491056042630115,,2016-10-18
KHC,KHC.O,2016-11-11,EGARCH,0.193249526802566,1.4819595083101462,,2016-10-18
KHC,KHC.O,2016-11-11,GARCH,0.1976828919701285,1.5507351499076791,,2016-10-18
KHC,KHC.O,2016-11-11,GJR-GARCH,0.1938417196433185,1.491056042630115,,2016-10-18
KHC,KHC.O,2016-11-14,EGARCH,0.193249526802566,1.4819595083101462,,2016-10-18
KHC,KHC.O,2016-11-14,GARCH,0.1976828919701285,1.5507351499076791,,2016-10-18
KHC,KHC.O,2016-11-14,GJR-GARCH,0.1938417196433185,1.491056042630115,,2016-10-18
KHC,KHC.O,2016-11-15,EGARCH,0.193249526802566,1.4819595083101462,,2016-10-18
KHC,KHC.O,2016-11-15,GARCH,0.1976828919701285,1.5507351499076791,,2016-10-18
KHC,KHC.O,2016-11-15,GJR-GARCH,0.1938417196433185,1.491056042630115,,2016-10-18
KHC,KHC.O,2016-11-16,EGARCH,0.193249526802566,1.4819595083101462,,2016-10-18
KHC,KHC.O,2016-11-16,GARCH,0.1976828919701285,1.5507351499076791,,2016-10-18
KHC,KHC.O,2016-11-16,GJR-GARCH,0.1938417196433185,1.491056042630115,,2016-10-18
KHC,KHC.O,2016-11-17,EGARCH,0.2730930051287483,2.959515454375023,,2016-11-17
KHC,KHC.O,2016-11-17,GARCH,0.2749877276305151,3.000724220134696,,2016-11-17
KHC,KHC.O,2016-11-17,GJR-GARCH,0.2851792270957721,3.227269506624682,,2016-11-17
KHC,KHC.O,2016-11-18,EGARCH,0.2730930051287483,2.959515454375023,,2016-11-17
KHC,KHC.O,2016-11-18,GARCH,0.2749877276305151,3.000724220134696,,2016-11-17
KHC,KHC.O,2016-11-18,GJR-GARCH,0.2851792270957721,3.227269506624682,,2016-11-17
KHC,KHC.O,2016-11-21,EGARCH,0.2730930051287483,2.959515454375023,,2016-11-17
KHC,KHC.O,2016-11-21,GARCH,0.2749877276305151,3.000724220134696,,2016-11-17
KHC,KHC.O,2016-11-21,GJR-GARCH,0.2851792270957721,3.227269506624682,,2016-11-17
KHC,KHC.O,2016-11-22,EGARCH,0.2730930051287483,2.959515454375023,,2016-11-17
KHC,KHC.O,2016-11-22,GARCH,0.2749877276305151,3.000724220134696,,2016-11-17
KHC,KHC.O,2016-11-22,GJR-GARCH,0.2851792270957721,3.227269506624682,,2016-11-17
KHC,KHC.O,2016-11-23,EGARCH,0.2730930051287483,2.959515454375023,,2016-11-17
KHC,KHC.O,2016-11-23,GARCH,0.2749877276305151,3.000724220134696,,2016-11-17
KHC,KHC.O,2016-11-23,GJR-GARCH,0.2851792270957721,3.227269506624682,,2016-11-17
KHC,KHC.O,2016-11-28,EGARCH,0.2730930051287483,2.959515454375023,,2016-11-17
KHC,KHC.O,2016-11-28,GARCH,0.2749877276305151,3.000724220134696,,2016-11-17
KHC,KHC.O,2016-11-28,GJR-GARCH,0.2851792270957721,3.227269506624682,,2016-11-17
KHC,KHC.O,2016-11-29,EGARCH,0.2730930051287483,2.959515454375023,,2016-11-17
KHC,KHC.O,2016-11-29,GARCH,0.2749877276305151,3.000724220134696,,2016-11-17
KHC,KHC.O,2016-11-29,GJR-GARCH,0.2851792270957721,3.227269506624682,,2016-11-17
KHC,KHC.O,2016-11-30,EGARCH,0.2730930051287483,2.959515454375023,,2016-11-17
KHC,KHC.O,2016-11-30,GARCH,0.2749877276305151,3.000724220134696,,2016-11-17
KHC,KHC.O,2016-11-30,GJR-GARCH,0.2851792270957721,3.227269506624682,,2016-11-17
KHC,KHC.O,2016-12-01,EGARCH,0.2730930051287483,2.959515454375023,,2016-11-17
KHC,KHC.O,2016-12-01,GARCH,0.2749877276305151,3.000724220134696,,2016-11-17
KHC,KHC.O,2016-12-01,GJR-GARCH,0.2851792270957721,3.227269506624682,,2016-11-17
KHC,KHC.O,2016-12-02,EGARCH,0.2730930051287483,2.959515454375023,,2016-11-17
KHC,KHC.O,2016-12-02,GARCH,0.2749877276305151,3.000724220134696,,2016-11-17
KHC,KHC.O,2016-12-02,GJR-GARCH,0.2851792270957721,3.227269506624682,,2016-11-17
KHC,KHC.O,2016-12-05,EGARCH,0.2730930051287483,2.959515454375023,,2016-11-17
KHC,KHC.O,2016-12-05,GARCH,0.2749877276305151,3.000724220134696,,2016-11-17
KHC,KHC.O,2016-12-05,GJR-GARCH,0.2851792270957721,3.227269506624682,,2016-11-17
KHC,KHC.O,2016-12-06,EGARCH,0.2730930051287483,2.959515454375023,,2016-11-17
KHC,KHC.O,2016-12-06,GARCH,0.2749877276305151,3.000724220134696,,2016-11-17
KHC,KHC.O,2016-12-06,GJR-GARCH,0.2851792270957721,3.227269506624682,,2016-11-17
KHC,KHC.O,2016-12-07,EGARCH,0.2730930051287483,2.959515454375023,,2016-11-17
KHC,KHC.O,2016-12-07,GARCH,0.2749877276305151,3.000724220134696,,2016-11-17
KHC,KHC.O,2016-12-07,GJR-GARCH,0.2851792270957721,3.227269506624682,,2016-11-17
KHC,KHC.O,2016-12-08,EGARCH,0.2730930051287483,2.959515454375023,,2016-11-17
KHC,KHC.O,2016-12-08,GARCH,0.2749877276305151,3.000724220134696,,2016-11-17
KHC,KHC.O,2016-12-08,GJR-GARCH,0.2851792270957721,3.227269506624682,,2016-11-17
KHC,KHC.O,2016-12-09,EGARCH,0.2730930051287483,2.959515454375023,,2016-11-17
KHC,KHC.O,2016-12-09,GARCH,0.2749877276305151,3.000724220134696,,2016-11-17
KHC,KHC.O,2016-12-09,GJR-GARCH,0.2851792270957721,3.227269506624682,,2016-11-17
KHC,KHC.O,2016-12-12,EGARCH,0.2730930051287483,2.959515454375023,,2016-11-17
KHC,KHC.O,2016-12-12,GARCH,0.2749877276305151,3.000724220134696,,2016-11-17
KHC,KHC.O,2016-12-12,GJR-GARCH,0.2851792270957721,3.227269506624682,,2016-11-17
KHC,KHC.O,2016-12-13,EGARCH,0.2730930051287483,2.959515454375023,,2016-11-17
KHC,KHC.O,2016-12-13,GARCH,0.2749877276305151,3.000724220134696,,2016-11-17
KHC,KHC.O,2016-12-13,GJR-GARCH,0.2851792270957721,3.227269506624682,,2016-11-17
KHC,KHC.O,2016-12-14,EGARCH,0.2730930051287483,2.959515454375023,,2016-11-17
KHC,KHC.O,2016-12-14,GARCH,0.2749877276305151,3.000724220134696,,2016-11-17
KHC,KHC.O,2016-12-14,GJR-GARCH,0.2851792270957721,3.227269506624682,,2016-11-17
KHC,KHC.O,2016-12-15,EGARCH,0.2730930051287483,2.959515454375023,,2016-11-17
KHC,KHC.O,2016-12-15,GARCH,0.2749877276305151,3.000724220134696,,2016-11-17
KHC,KHC.O,2016-12-15,GJR-GARCH,0.2851792270957721,3.227269506624682,,2016-11-17
KHC,KHC.O,2016-12-16,EGARCH,0.2730930051287483,2.959515454375023,,2016-11-17
KHC,KHC.O,2016-12-16,GARCH,0.2749877276305151,3.000724220134696,,2016-11-17
KHC,KHC.O,2016-12-16,GJR-GARCH,0.2851792270957721,3.227269506624682,,2016-11-17
KHC,KHC.O,2016-12-19,EGARCH,0.2730930051287483,2.959515454375023,,2016-11-17
KHC,KHC.O,2016-12-19,GARCH,0.2749877276305151,3.000724220134696,,2016-11-17
KHC,KHC.O,2016-12-19,GJR-GARCH,0.2851792270957721,3.227269506624682,,2016-11-17
KHC,KHC.O,2016-12-20,EGARCH,0.2730930051287483,2.959515454375023,,2016-11-17
KHC,KHC.O,2016-12-20,GARCH,0.2749877276305151,3.000724220134696,,2016-11-17
KHC,KHC.O,2016-12-20,GJR-GARCH,0.2851792270957721,3.227269506624682,,2016-11-17
KHC,KHC.O,2016-12-21,EGARCH,0.2021582189853207,1.6217438691792418,,2016-12-21
KHC,KHC.O,2016-12-21,GARCH,0.1988355184267998,1.5688715630180254,,2016-12-21
KHC,KHC.O,2016-12-21,GJR-GARCH,0.1921258037870424,1.4647747809848064,,2016-12-21
KHC,KHC.O,2016-12-22,EGARCH,0.2021582189853207,1.6217438691792418,,2016-12-21
KHC,KHC.O,2016-12-22,GARCH,0.1988355184267998,1.5688715630180254,,2016-12-21
KHC,KHC.O,2016-12-22,GJR-GARCH,0.1921258037870424,1.4647747809848064,,2016-12-21
KHC,KHC.O,2016-12-23,EGARCH,0.2021582189853207,1.6217438691792418,,2016-12-21
KHC,KHC.O,2016-12-23,GARCH,0.1988355184267998,1.5688715630180254,,2016-12-21
KHC,KHC.O,2016-12-23,GJR-GARCH,0.1921258037870424,1.4647747809848064,,2016-12-21
KHC,KHC.O,2016-12-27,EGARCH,0.2021582189853207,1.6217438691792418,,2016-12-21
KHC,KHC.O,2016-12-27,GARCH,0.1988355184267998,1.5688715630180254,,2016-12-21
KHC,KHC.O,2016-12-27,GJR-GARCH,0.1921258037870424,1.4647747809848064,,2016-12-21
KHC,KHC.O,2016-12-28,EGARCH,0.2021582189853207,1.6217438691792418,,2016-12-21
KHC,KHC.O,2016-12-28,GARCH,0.1988355184267998,1.5688715630180254,,2016-12-21
KHC,KHC.O,2016-12-28,GJR-GARCH,0.1921258037870424,1.4647747809848064,,2016-12-21
KHC,KHC.O,2016-12-29,EGARCH,0.2021582189853207,1.6217438691792418,,2016-12-21
KHC,KHC.O,2016-12-29,GARCH,0.1988355184267998,1.5688715630180254,,2016-12-21
KHC,KHC.O,2016-12-29,GJR-GARCH,0.1921258037870424,1.4647747809848064,,2016-12-21
KHC,KHC.O,2016-12-30,EGARCH,0.2021582189853207,1.6217438691792418,,2016-12-21
KHC,KHC.O,2016-12-30,GARCH,0.1988355184267998,1.5688715630180254,,2016-12-21
KHC,KHC.O,2016-12-30,GJR-GARCH,0.1921258037870424,1.4647747809848064,,2016-12-21
KHC,KHC.O,2017-01-03,EGARCH,0.2021582189853207,1.6217438691792418,,2016-12-21
KHC,KHC.O,2017-01-03,GARCH,0.1988355184267998,1.5688715630180254,,2016-12-21
KHC,KHC.O,2017-01-03,GJR-GARCH,0.1921258037870424,1.4647747809848064,,2016-12-21
KHC,KHC.O,2017-01-04,EGARCH,0.2021582189853207,1.6217438691792418,,2016-12-21
KHC,KHC.O,2017-01-04,GARCH,0.1988355184267998,1.5688715630180254,,2016-12-21
KHC,KHC.O,2017-01-04,GJR-GARCH,0.1921258037870424,1.4647747809848064,,2016-12-21
KHC,KHC.O,2017-01-05,EGARCH,0.2021582189853207,1.6217438691792418,,2016-12-21
KHC,KHC.O,2017-01-05,GARCH,0.1988355184267998,1.5688715630180254,,2016-12-21
KHC,KHC.O,2017-01-05,GJR-GARCH,0.1921258037870424,1.4647747809848064,,2016-12-21
KHC,KHC.O,2017-01-06,EGARCH,0.2021582189853207,1.6217438691792418,,2016-12-21
KHC,KHC.O,2017-01-06,GARCH,0.1988355184267998,1.5688715630180254,,2016-12-21
KHC,KHC.O,2017-01-06,GJR-GARCH,0.1921258037870424,1.4647747809848064,,2016-12-21
KHC,KHC.O,2017-01-09,EGARCH,0.2021582189853207,1.6217438691792418,,2016-12-21
KHC,KHC.O,2017-01-09,GARCH,0.1988355184267998,1.5688715630180254,,2016-12-21
KHC,KHC.O,2017-01-09,GJR-GARCH,0.1921258037870424,1.4647747809848064,,2016-12-21
KHC,KHC.O,2017-01-10,EGARCH,0.2021582189853207,1.6217438691792418,,2016-12-21
KHC,KHC.O,2017-01-10,GARCH,0.1988355184267998,1.5688715630180254,,2016-12-21
KHC,KHC.O,2017-01-10,GJR-GARCH,0.1921258037870424,1.4647747809848064,,2016-12-21
KHC,KHC.O,2017-01-11,EGARCH,0.2021582189853207,1.6217438691792418,,2016-12-21
KHC,KHC.O,2017-01-11,GARCH,0.1988355184267998,1.5688715630180254,,2016-12-21
KHC,KHC.O,2017-01-11,GJR-GARCH,0.1921258037870424,1.4647747809848064,,2016-12-21
KHC,KHC.O,2017-01-12,EGARCH,0.2021582189853207,1.6217438691792418,,2016-12-21
KHC,KHC.O,2017-01-12,GARCH,0.1988355184267998,1.5688715630180254,,2016-12-21
KHC,KHC.O,2017-01-12,GJR-GARCH,0.1921258037870424,1.4647747809848064,,2016-12-21
KHC,KHC.O,2017-01-13,EGARCH,0.2021582189853207,1.6217438691792418,,2016-12-21
KHC,KHC.O,2017-01-13,GARCH,0.1988355184267998,1.5688715630180254,,2016-12-21
KHC,KHC.O,2017-01-13,GJR-GARCH,0.1921258037870424,1.4647747809848064,,2016-12-21
KHC,KHC.O,2017-01-18,EGARCH,0.2021582189853207,1.6217438691792418,,2016-12-21
KHC,KHC.O,2017-01-18,GARCH,0.1988355184267998,1.5688715630180254,,2016-12-21
KHC,KHC.O,2017-01-18,GJR-GARCH,0.1921258037870424,1.4647747809848064,,2016-12-21
KHC,KHC.O,2017-01-19,EGARCH,0.2021582189853207,1.6217438691792418,,2016-12-21
KHC,KHC.O,2017-01-19,GARCH,0.1988355184267998,1.5688715630180254,,2016-12-21
KHC,KHC.O,2017-01-19,GJR-GARCH,0.1921258037870424,1.4647747809848064,,2016-12-21
KHC,KHC.O,2017-01-20,EGARCH,0.2021582189853207,1.6217438691792418,,2016-12-21
KHC,KHC.O,2017-01-20,GARCH,0.1988355184267998,1.5688715630180254,,2016-12-21
KHC,KHC.O,2017-01-20,GJR-GARCH,0.1921258037870424,1.4647747809848064,,2016-12-21
KHC,KHC.O,2017-01-23,EGARCH,0.2021582189853207,1.6217438691792418,,2016-12-21
KHC,KHC.O,2017-01-23,GARCH,0.1988355184267998,1.5688715630180254,,2016-12-21
KHC,KHC.O,2017-01-23,GJR-GARCH,0.1921258037870424,1.4647747809848064,,2016-12-21
KHC,KHC.O,2017-01-24,EGARCH,0.2021582189853207,1.6217438691792418,,2016-12-21
KHC,KHC.O,2017-01-24,GARCH,0.1988355184267998,1.5688715630180254,,2016-12-21
KHC,KHC.O,2017-01-24,GJR-GARCH,0.1921258037870424,1.4647747809848064,,2016-12-21
KHC,KHC.O,2017-01-25,EGARCH,0.2021582189853207,1.6217438691792418,,2016-12-21
KHC,KHC.O,2017-01-25,GARCH,0.1988355184267998,1.5688715630180254,,2016-12-21
KHC,KHC.O,2017-01-25,GJR-GARCH,0.1921258037870424,1.4647747809848064,,2016-12-21
KHC,KHC.O,2017-01-26,EGARCH,0.1495710298701872,0.887757657794779,,2017-01-26
KHC,KHC.O,2017-01-26,GARCH,0.1614494759757437,1.0343624322556448,,2017-01-26
KHC,KHC.O,2017-01-26,GJR-GARCH,0.1542236119178627,0.9438461298806168,,2017-01-26
KHC,KHC.O,2017-01-27,EGARCH,0.1495710298701872,0.887757657794779,,2017-01-26
KHC,KHC.O,2017-01-27,GARCH,0.1614494759757437,1.0343624322556448,,2017-01-26
KHC,KHC.O,2017-01-27,GJR-GARCH,0.1542236119178627,0.9438461298806168,,2017-01-26
KHC,KHC.O,2017-01-30,EGARCH,0.1495710298701872,0.887757657794779,,2017-01-26
KHC,KHC.O,2017-01-30,GARCH,0.1614494759757437,1.0343624322556448,,2017-01-26
KHC,KHC.O,2017-01-30,GJR-GARCH,0.1542236119178627,0.9438461298806168,,2017-01-26
KHC,KHC.O,2017-01-31,EGARCH,0.1495710298701872,0.887757657794779,,2017-01-26
KHC,KHC.O,2017-01-31,GARCH,0.1614494759757437,1.0343624322556448,,2017-01-26
KHC,KHC.O,2017-01-31,GJR-GARCH,0.1542236119178627,0.9438461298806168,,2017-01-26
KHC,KHC.O,2017-02-01,EGARCH,0.1495710298701872,0.887757657794779,,2017-01-26
KHC,KHC.O,2017-02-01,GARCH,0.1614494759757437,1.0343624322556448,,2017-01-26
KHC,KHC.O,2017-02-01,GJR-GARCH,0.1542236119178627,0.9438461298806168,,2017-01-26
KHC,KHC.O,2017-02-02,EGARCH,0.1495710298701872,0.887757657794779,,2017-01-26
KHC,KHC.O,2017-02-02,GARCH,0.1614494759757437,1.0343624322556448,,2017-01-26
KHC,KHC.O,2017-02-02,GJR-GARCH,0.1542236119178627,0.9438461298806168,,2017-01-26
KHC,KHC.O,2017-02-03,EGARCH,0.1495710298701872,0.887757657794779,,2017-01-26
KHC,KHC.O,2017-02-03,GARCH,0.1614494759757437,1.0343624322556448,,2017-01-26
KHC,KHC.O,2017-02-03,GJR-GARCH,0.1542236119178627,0.9438461298806168,,2017-01-26
KHC,KHC.O,2017-02-06,EGARCH,0.1495710298701872,0.887757657794779,,2017-01-26
KHC,KHC.O,2017-02-06,GARCH,0.1614494759757437,1.0343624322556448,,2017-01-26
KHC,KHC.O,2017-02-06,GJR-GARCH,0.1542236119178627,0.9438461298806168,,2017-01-26
KHC,KHC.O,2017-02-07,EGARCH,0.1495710298701872,0.887757657794779,,2017-01-26
KHC,KHC.O,2017-02-07,GARCH,0.1614494759757437,1.0343624322556448,,2017-01-26
KHC,KHC.O,2017-02-07,GJR-GARCH,0.1542236119178627,0.9438461298806168,,2017-01-26
KHC,KHC.O,2017-02-08,EGARCH,0.1495710298701872,0.887757657794779,,2017-01-26
KHC,KHC.O,2017-02-08,GARCH,0.1614494759757437,1.0343624322556448,,2017-01-26
KHC,KHC.O,2017-02-08,GJR-GARCH,0.1542236119178627,0.9438461298806168,,2017-01-26
KHC,KHC.O,2017-02-09,EGARCH,0.1495710298701872,0.887757657794779,,2017-01-26
KHC,KHC.O,2017-02-09,GARCH,0.1614494759757437,1.0343624322556448,,2017-01-26
KHC,KHC.O,2017-02-09,GJR-GARCH,0.1542236119178627,0.9438461298806168,,2017-01-26
KHC,KHC.O,2017-02-10,EGARCH,0.1495710298701872,0.887757657794779,,2017-01-26
KHC,KHC.O,2017-02-10,GARCH,0.1614494759757437,1.0343624322556448,,2017-01-26
KHC,KHC.O,2017-02-10,GJR-GARCH,0.1542236119178627,0.9438461298806168,,2017-01-26
KHC,KHC.O,2017-02-13,EGARCH,0.1495710298701872,0.887757657794779,,2017-01-26
KHC,KHC.O,2017-02-13,GARCH,0.1614494759757437,1.0343624322556448,,2017-01-26
KHC,KHC.O,2017-02-13,GJR-GARCH,0.1542236119178627,0.9438461298806168,,2017-01-26
KHC,KHC.O,2017-02-14,EGARCH,0.1495710298701872,0.887757657794779,,2017-01-26
KHC,KHC.O,2017-02-14,GARCH,0.1614494759757437,1.0343624322556448,,2017-01-26
KHC,KHC.O,2017-02-14,GJR-GARCH,0.1542236119178627,0.9438461298806168,,2017-01-26
KHC,KHC.O,2017-02-15,EGARCH,0.1495710298701872,0.887757657794779,,2017-01-26
KHC,KHC.O,2017-02-15,GARCH,0.1614494759757437,1.0343624322556448,,2017-01-26
KHC,KHC.O,2017-02-15,GJR-GARCH,0.1542236119178627,0.9438461298806168,,2017-01-26
KHC,KHC.O,2017-02-16,EGARCH,0.1495710298701872,0.887757657794779,,2017-01-26
KHC,KHC.O,2017-02-16,GARCH,0.1614494759757437,1.0343624322556448,,2017-01-26
KHC,KHC.O,2017-02-16,GJR-GARCH,0.1542236119178627,0.9438461298806168,,2017-01-26
KHC,KHC.O,2017-02-17,EGARCH,0.1495710298701872,0.887757657794779,,2017-01-26
KHC,KHC.O,2017-02-17,GARCH,0.1614494759757437,1.0343624322556448,,2017-01-26
KHC,KHC.O,2017-02-17,GJR-GARCH,0.1542236119178627,0.9438461298806168,,2017-01-26
KHC,KHC.O,2017-02-22,EGARCH,0.1495710298701872,0.887757657794779,,2017-01-26
KHC,KHC.O,2017-02-22,GARCH,0.1614494759757437,1.0343624322556448,,2017-01-26
KHC,KHC.O,2017-02-22,GJR-GARCH,0.1542236119178627,0.9438461298806168,,2017-01-26
KHC,KHC.O,2017-02-23,EGARCH,0.1495710298701872,0.887757657794779,,2017-01-26
KHC,KHC.O,2017-02-23,GARCH,0.1614494759757437,1.0343624322556448,,2017-01-26
KHC,KHC.O,2017-02-23,GJR-GARCH,0.1542236119178627,0.9438461298806168,,2017-01-26
KHC,KHC.O,2017-02-24,EGARCH,0.1495710298701872,0.887757657794779,,2017-01-26
KHC,KHC.O,2017-02-24,GARCH,0.1614494759757437,1.0343624322556448,,2017-01-26
KHC,KHC.O,2017-02-24,GJR-GARCH,0.1542236119178627,0.9438461298806168,,2017-01-26
KHC,KHC.O,2017-02-27,EGARCH,0.1495710298701872,0.887757657794779,,2017-01-26
KHC,KHC.O,2017-02-27,GARCH,0.1614494759757437,1.0343624322556448,,2017-01-26
KHC,KHC.O,2017-02-27,GJR-GARCH,0.1542236119178627,0.9438461298806168,,2017-01-26
KHC,KHC.O,2017-02-28,EGARCH,0.1495710298701872,0.887757657794779,,2017-01-26
KHC,KHC.O,2017-02-28,GARCH,0.1614494759757437,1.0343624322556448,,2017-01-26
KHC,KHC.O,2017-02-28,GJR-GARCH,0.1542236119178627,0.9438461298806168,,2017-01-26
KHC,KHC.O,2017-03-01,EGARCH,0.273488742957678,2.968098909705194,,2017-03-01
KHC,KHC.O,2017-03-01,GARCH,0.3137853239127181,3.90719164694482,,2017-03-01
KHC,KHC.O,2017-03-01,GJR-GARCH,0.3166906717092277,3.9798802201445183,,2017-03-01
KHC,KHC.O,2017-03-02,EGARCH,0.273488742957678,2.968098909705194,,2017-03-01
KHC,KHC.O,2017-03-02,GARCH,0.3137853239127181,3.90719164694482,,2017-03-01
KHC,KHC.O,2017-03-02,GJR-GARCH,0.3166906717092277,3.9798802201445183,,2017-03-01
KHC,KHC.O,2017-03-03,EGARCH,0.273488742957678,2.968098909705194,,2017-03-01
KHC,KHC.O,2017-03-03,GARCH,0.3137853239127181,3.90719164694482,,2017-03-01
KHC,KHC.O,2017-03-03,GJR-GARCH,0.3166906717092277,3.9798802201445183,,2017-03-01
KHC,KHC.O,2017-03-06,EGARCH,0.273488742957678,2.968098909705194,,2017-03-01
KHC,KHC.O,2017-03-06,GARCH,0.3137853239127181,3.90719164694482,,2017-03-01
KHC,KHC.O,2017-03-06,GJR-GARCH,0.3166906717092277,3.9798802201445183,,2017-03-01
KHC,KHC.O,2017-03-07,EGARCH,0.273488742957678,2.968098909705194,,2017-03-01
KHC,KHC.O,2017-03-07,GARCH,0.3137853239127181,3.90719164694482,,2017-03-01
KHC,KHC.O,2017-03-07,GJR-GARCH,0.3166906717092277,3.9798802201445183,,2017-03-01
KHC,KHC.O,2017-03-08,EGARCH,0.273488742957678,2.968098909705194,,2017-03-01
KHC,KHC.O,2017-03-08,GARCH,0.3137853239127181,3.90719164694482,,2017-03-01
KHC,KHC.O,2017-03-08,GJR-GARCH,0.3166906717092277,3.9798802201445183,,2017-03-01
KHC,KHC.O,2017-03-09,EGARCH,0.273488742957678,2.968098909705194,,2017-03-01
KHC,KHC.O,2017-03-09,GARCH,0.3137853239127181,3.90719164694482,,2017-03-01
KHC,KHC.O,2017-03-09,GJR-GARCH,0.3166906717092277,3.9798802201445183,,2017-03-01
KHC,KHC.O,2017-03-10,EGARCH,0.273488742957678,2.968098909705194,,2017-03-01
KHC,KHC.O,2017-03-10,GARCH,0.3137853239127181,3.90719164694482,,2017-03-01
KHC,KHC.O,2017-03-10,GJR-GARCH,0.3166906717092277,3.9798802201445183,,2017-03-01
KHC,KHC.O,2017-03-13,EGARCH,0.273488742957678,2.968098909705194,,2017-03-01
KHC,KHC.O,2017-03-13,GARCH,0.3137853239127181,3.90719164694482,,2017-03-01
KHC,KHC.O,2017-03-13,GJR-GARCH,0.3166906717092277,3.9798802201445183,,2017-03-01
KHC,KHC.O,2017-03-14,EGARCH,0.273488742957678,2.968098909705194,,2017-03-01
KHC,KHC.O,2017-03-14,GARCH,0.3137853239127181,3.90719164694482,,2017-03-01
KHC,KHC.O,2017-03-14,GJR-GARCH,0.3166906717092277,3.9798802201445183,,2017-03-01
KHC,KHC.O,2017-03-15,EGARCH,0.273488742957678,2.968098909705194,,2017-03-01
KHC,KHC.O,2017-03-15,GARCH,0.3137853239127181,3.90719164694482,,2017-03-01
KHC,KHC.O,2017-03-15,GJR-GARCH,0.3166906717092277,3.9798802201445183,,2017-03-01
KHC,KHC.O,2017-03-16,EGARCH,0.273488742957678,2.968098909705194,,2017-03-01
KHC,KHC.O,2017-03-16,GARCH,0.3137853239127181,3.90719164694482,,2017-03-01
KHC,KHC.O,2017-03-16,GJR-GARCH,0.3166906717092277,3.9798802201445183,,2017-03-01
KHC,KHC.O,2017-03-17,EGARCH,0.273488742957678,2.968098909705194,,2017-03-01
KHC,KHC.O,2017-03-17,GARCH,0.3137853239127181,3.90719164694482,,2017-03-01
KHC,KHC.O,2017-03-17,GJR-GARCH,0.3166906717092277,3.9798802201445183,,2017-03-01
KHC,KHC.O,2017-03-20,EGARCH,0.273488742957678,2.968098909705194,,2017-03-01
KHC,KHC.O,2017-03-20,GARCH,0.3137853239127181,3.90719164694482,,2017-03-01
KHC,KHC.O,2017-03-20,GJR-GARCH,0.3166906717092277,3.9798802201445183,,2017-03-01
KHC,KHC.O,2017-03-21,EGARCH,0.273488742957678,2.968098909705194,,2017-03-01
KHC,KHC.O,2017-03-21,GARCH,0.3137853239127181,3.90719164694482,,2017-03-01
KHC,KHC.O,2017-03-21,GJR-GARCH,0.3166906717092277,3.9798802201445183,,2017-03-01
KHC,KHC.O,2017-03-22,EGARCH,0.273488742957678,2.968098909705194,,2017-03-01
KHC,KHC.O,2017-03-22,GARCH,0.3137853239127181,3.90719164694482,,2017-03-01
KHC,KHC.O,2017-03-22,GJR-GARCH,0.3166906717092277,3.9798802201445183,,2017-03-01
KHC,KHC.O,2017-03-23,EGARCH,0.273488742957678,2.968098909705194,,2017-03-01
KHC,KHC.O,2017-03-23,GARCH,0.3137853239127181,3.90719164694482,,2017-03-01
KHC,KHC.O,2017-03-23,GJR-GARCH,0.3166906717092277,3.9798802201445183,,2017-03-01
KHC,KHC.O,2017-03-24,EGARCH,0.273488742957678,2.968098909705194,,2017-03-01
KHC,KHC.O,2017-03-24,GARCH,0.3137853239127181,3.90719164694482,,2017-03-01
KHC,KHC.O,2017-03-24,GJR-GARCH,0.3166906717092277,3.9798802201445183,,2017-03-01
KHC,KHC.O,2017-03-27,EGARCH,0.273488742957678,2.968098909705194,,2017-03-01
KHC,KHC.O,2017-03-27,GARCH,0.3137853239127181,3.90719164694482,,2017-03-01
KHC,KHC.O,2017-03-27,GJR-GARCH,0.3166906717092277,3.9798802201445183,,2017-03-01
KHC,KHC.O,2017-03-28,EGARCH,0.273488742957678,2.968098909705194,,2017-03-01
KHC,KHC.O,2017-03-28,GARCH,0.3137853239127181,3.90719164694482,,2017-03-01
KHC,KHC.O,2017-03-28,GJR-GARCH,0.3166906717092277,3.9798802201445183,,2017-03-01
KHC,KHC.O,2017-03-29,EGARCH,0.273488742957678,2.968098909705194,,2017-03-01
KHC,KHC.O,2017-03-29,GARCH,0.3137853239127181,3.90719164694482,,2017-03-01
KHC,KHC.O,2017-03-29,GJR-GARCH,0.3166906717092277,3.9798802201445183,,2017-03-01
KHC,KHC.O,2017-03-30,EGARCH,0.273488742957678,2.968098909705194,,2017-03-01
KHC,KHC.O,2017-03-30,GARCH,0.3137853239127181,3.90719164694482,,2017-03-01
KHC,KHC.O,2017-03-30,GJR-GARCH,0.3166906717092277,3.9798802201445183,,2017-03-01
KHC,KHC.O,2017-03-31,EGARCH,0.1365741178549088,0.7401781614224816,,2017-03-31
KHC,KHC.O,2017-03-31,GARCH,0.1619173559130197,1.040366275629505,,2017-03-31
KHC,KHC.O,2017-03-31,GJR-GARCH,0.1620188135324702,1.0416704737487836,,2017-03-31
KHC,KHC.O,2017-04-03,EGARCH,0.1365741178549088,0.7401781614224816,,2017-03-31
KHC,KHC.O,2017-04-03,GARCH,0.1619173559130197,1.040366275629505,,2017-03-31
KHC,KHC.O,2017-04-03,GJR-GARCH,0.1620188135324702,1.0416704737487836,,2017-03-31
KHC,KHC.O,2017-04-04,EGARCH,0.1365741178549088,0.7401781614224816,,2017-03-31
KHC,KHC.O,2017-04-04,GARCH,0.1619173559130197,1.040366275629505,,2017-03-31
KHC,KHC.O,2017-04-04,GJR-GARCH,0.1620188135324702,1.0416704737487836,,2017-03-31
KHC,KHC.O,2017-04-05,EGARCH,0.1365741178549088,0.7401781614224816,,2017-03-31
KHC,KHC.O,2017-04-05,GARCH,0.1619173559130197,1.040366275629505,,2017-03-31
KHC,KHC.O,2017-04-05,GJR-GARCH,0.1620188135324702,1.0416704737487836,,2017-03-31
KHC,KHC.O,2017-04-06,EGARCH,0.1365741178549088,0.7401781614224816,,2017-03-31
KHC,KHC.O,2017-04-06,GARCH,0.1619173559130197,1.040366275629505,,2017-03-31
KHC,KHC.O,2017-04-06,GJR-GARCH,0.1620188135324702,1.0416704737487836,,2017-03-31
KHC,KHC.O,2017-04-07,EGARCH,0.1365741178549088,0.7401781614224816,,2017-03-31
KHC,KHC.O,2017-04-07,GARCH,0.1619173559130197,1.040366275629505,,2017-03-31
KHC,KHC.O,2017-04-07,GJR-GARCH,0.1620188135324702,1.0416704737487836,,2017-03-31
KHC,KHC.O,2017-04-10,EGARCH,0.1365741178549088,0.7401781614224816,,2017-03-31
KHC,KHC.O,2017-04-10,GARCH,0.1619173559130197,1.040366275629505,,2017-03-31
KHC,KHC.O,2017-04-10,GJR-GARCH,0.1620188135324702,1.0416704737487836,,2017-03-31
KHC,KHC.O,2017-04-11,EGARCH,0.1365741178549088,0.7401781614224816,,2017-03-31
KHC,KHC.O,2017-04-11,GARCH,0.1619173559130197,1.040366275629505,,2017-03-31
KHC,KHC.O,2017-04-11,GJR-GARCH,0.1620188135324702,1.0416704737487836,,2017-03-31
KHC,KHC.O,2017-04-12,EGARCH,0.1365741178549088,0.7401781614224816,,2017-03-31
KHC,KHC.O,2017-04-12,GARCH,0.1619173559130197,1.040366275629505,,2017-03-31
KHC,KHC.O,2017-04-12,GJR-GARCH,0.1620188135324702,1.0416704737487836,,2017-03-31
KHC,KHC.O,2017-04-13,EGARCH,0.1365741178549088,0.7401781614224816,,2017-03-31
KHC,KHC.O,2017-04-13,GARCH,0.1619173559130197,1.040366275629505,,2017-03-31
KHC,KHC.O,2017-04-13,GJR-GARCH,0.1620188135324702,1.0416704737487836,,2017-03-31
KHC,KHC.O,2017-04-17,EGARCH,0.1365741178549088,0.7401781614224816,,2017-03-31
KHC,KHC.O,2017-04-17,GARCH,0.1619173559130197,1.040366275629505,,2017-03-31
KHC,KHC.O,2017-04-17,GJR-GARCH,0.1620188135324702,1.0416704737487836,,2017-03-31
KHC,KHC.O,2017-04-18,EGARCH,0.1365741178549088,0.7401781614224816,,2017-03-31
KHC,KHC.O,2017-04-18,GARCH,0.1619173559130197,1.040366275629505,,2017-03-31
KHC,KHC.O,2017-04-18,GJR-GARCH,0.1620188135324702,1.0416704737487836,,2017-03-31
KHC,KHC.O,2017-04-19,EGARCH,0.1365741178549088,0.7401781614224816,,2017-03-31
KHC,KHC.O,2017-04-19,GARCH,0.1619173559130197,1.040366275629505,,2017-03-31
KHC,KHC.O,2017-04-19,GJR-GARCH,0.1620188135324702,1.0416704737487836,,2017-03-31
KHC,KHC.O,2017-04-20,EGARCH,0.1365741178549088,0.7401781614224816,,2017-03-31
KHC,KHC.O,2017-04-20,GARCH,0.1619173559130197,1.040366275629505,,2017-03-31
KHC,KHC.O,2017-04-20,GJR-GARCH,0.1620188135324702,1.0416704737487836,,2017-03-31
KHC,KHC.O,2017-04-21,EGARCH,0.1365741178549088,0.7401781614224816,,2017-03-31
KHC,KHC.O,2017-04-21,GARCH,0.1619173559130197,1.040366275629505,,2017-03-31
KHC,KHC.O,2017-04-21,GJR-GARCH,0.1620188135324702,1.0416704737487836,,2017-03-31
KHC,KHC.O,2017-04-24,EGARCH,0.1365741178549088,0.7401781614224816,,2017-03-31
KHC,KHC.O,2017-04-24,GARCH,0.1619173559130197,1.040366275629505,,2017-03-31
KHC,KHC.O,2017-04-24,GJR-GARCH,0.1620188135324702,1.0416704737487836,,2017-03-31
KHC,KHC.O,2017-04-25,EGARCH,0.1365741178549088,0.7401781614224816,,2017-03-31
KHC,KHC.O,2017-04-25,GARCH,0.1619173559130197,1.040366275629505,,2017-03-31
KHC,KHC.O,2017-04-25,GJR-GARCH,0.1620188135324702,1.0416704737487836,,2017-03-31
KHC,KHC.O,2017-04-26,EGARCH,0.1365741178549088,0.7401781614224816,,2017-03-31
KHC,KHC.O,2017-04-26,GARCH,0.1619173559130197,1.040366275629505,,2017-03-31
KHC,KHC.O,2017-04-26,GJR-GARCH,0.1620188135324702,1.0416704737487836,,2017-03-31
KHC,KHC.O,2017-04-27,EGARCH,0.1365741178549088,0.7401781614224816,,2017-03-31
KHC,KHC.O,2017-04-27,GARCH,0.1619173559130197,1.040366275629505,,2017-03-31
KHC,KHC.O,2017-04-27,GJR-GARCH,0.1620188135324702,1.0416704737487836,,2017-03-31
KHC,KHC.O,2017-04-28,EGARCH,0.1365741178549088,0.7401781614224816,,2017-03-31
KHC,KHC.O,2017-04-28,GARCH,0.1619173559130197,1.040366275629505,,2017-03-31
KHC,KHC.O,2017-04-28,GJR-GARCH,0.1620188135324702,1.0416704737487836,,2017-03-31
KHC,KHC.O,2017-05-01,EGARCH,0.1365741178549088,0.7401781614224816,,2017-03-31
KHC,KHC.O,2017-05-01,GARCH,0.1619173559130197,1.040366275629505,,2017-03-31
KHC,KHC.O,2017-05-01,GJR-GARCH,0.1620188135324702,1.0416704737487836,,2017-03-31
KHC,KHC.O,2017-05-02,EGARCH,0.1365741178549088,0.7401781614224816,,2017-03-31
KHC,KHC.O,2017-05-02,GARCH,0.1619173559130197,1.040366275629505,,2017-03-31
KHC,KHC.O,2017-05-02,GJR-GARCH,0.1620188135324702,1.0416704737487836,,2017-03-31
KHC,KHC.O,2017-05-03,EGARCH,0.1738569897825201,1.1994544800094968,,2017-05-03
KHC,KHC.O,2017-05-03,GARCH,0.1731856807278729,1.1902095241736808,,2017-05-03
KHC,KHC.O,2017-05-03,GJR-GARCH,0.1856910992280251,1.3683009655758838,,2017-05-03
KHC,KHC.O,2017-05-04,EGARCH,0.1738569897825201,1.1994544800094968,,2017-05-03
KHC,KHC.O,2017-05-04,GARCH,0.1731856807278729,1.1902095241736808,,2017-05-03
KHC,KHC.O,2017-05-04,GJR-GARCH,0.1856910992280251,1.3683009655758838,,2017-05-03
KHC,KHC.O,2017-05-05,EGARCH,0.1738569897825201,1.1994544800094968,,2017-05-03
KHC,KHC.O,2017-05-05,GARCH,0.1731856807278729,1.1902095241736808,,2017-05-03
KHC,KHC.O,2017-05-05,GJR-GARCH,0.1856910992280251,1.3683009655758838,,2017-05-03
KHC,KHC.O,2017-05-08,EGARCH,0.1738569897825201,1.1994544800094968,,2017-05-03
KHC,KHC.O,2017-05-08,GARCH,0.1731856807278729,1.1902095241736808,,2017-05-03
KHC,KHC.O,2017-05-08,GJR-GARCH,0.1856910992280251,1.3683009655758838,,2017-05-03
KHC,KHC.O,2017-05-09,EGARCH,0.1738569897825201,1.1994544800094968,,2017-05-03
KHC,KHC.O,2017-05-09,GARCH,0.1731856807278729,1.1902095241736808,,2017-05-03
KHC,KHC.O,2017-05-09,GJR-GARCH,0.1856910992280251,1.3683009655758838,,2017-05-03
KHC,KHC.O,2017-05-10,EGARCH,0.1738569897825201,1.1994544800094968,,2017-05-03
KHC,KHC.O,2017-05-10,GARCH,0.1731856807278729,1.1902095241736808,,2017-05-03
KHC,KHC.O,2017-05-10,GJR-GARCH,0.1856910992280251,1.3683009655758838,,2017-05-03
KHC,KHC.O,2017-05-11,EGARCH,0.1738569897825201,1.1994544800094968,,2017-05-03
KHC,KHC.O,2017-05-11,GARCH,0.1731856807278729,1.1902095241736808,,2017-05-03
KHC,KHC.O,2017-05-11,GJR-GARCH,0.1856910992280251,1.3683009655758838,,2017-05-03
KHC,KHC.O,2017-05-12,EGARCH,0.1738569897825201,1.1994544800094968,,2017-05-03
KHC,KHC.O,2017-05-12,GARCH,0.1731856807278729,1.1902095241736808,,2017-05-03
KHC,KHC.O,2017-05-12,GJR-GARCH,0.1856910992280251,1.3683009655758838,,2017-05-03
KHC,KHC.O,2017-05-15,EGARCH,0.1738569897825201,1.1994544800094968,,2017-05-03
KHC,KHC.O,2017-05-15,GARCH,0.1731856807278729,1.1902095241736808,,2017-05-03
KHC,KHC.O,2017-05-15,GJR-GARCH,0.1856910992280251,1.3683009655758838,,2017-05-03
KHC,KHC.O,2017-05-16,EGARCH,0.1738569897825201,1.1994544800094968,,2017-05-03
KHC,KHC.O,2017-05-16,GARCH,0.1731856807278729,1.1902095241736808,,2017-05-03
KHC,KHC.O,2017-05-16,GJR-GARCH,0.1856910992280251,1.3683009655758838,,2017-05-03
KHC,KHC.O,2017-05-17,EGARCH,0.1738569897825201,1.1994544800094968,,2017-05-03
KHC,KHC.O,2017-05-17,GARCH,0.1731856807278729,1.1902095241736808,,2017-05-03
KHC,KHC.O,2017-05-17,GJR-GARCH,0.1856910992280251,1.3683009655758838,,2017-05-03
KHC,KHC.O,2017-05-18,EGARCH,0.1738569897825201,1.1994544800094968,,2017-05-03
KHC,KHC.O,2017-05-18,GARCH,0.1731856807278729,1.1902095241736808,,2017-05-03
KHC,KHC.O,2017-05-18,GJR-GARCH,0.1856910992280251,1.3683009655758838,,2017-05-03
KHC,KHC.O,2017-05-19,EGARCH,0.1738569897825201,1.1994544800094968,,2017-05-03
KHC,KHC.O,2017-05-19,GARCH,0.1731856807278729,1.1902095241736808,,2017-05-03
KHC,KHC.O,2017-05-19,GJR-GARCH,0.1856910992280251,1.3683009655758838,,2017-05-03
KHC,KHC.O,2017-05-22,EGARCH,0.1738569897825201,1.1994544800094968,,2017-05-03
KHC,KHC.O,2017-05-22,GARCH,0.1731856807278729,1.1902095241736808,,2017-05-03
KHC,KHC.O,2017-05-22,GJR-GARCH,0.1856910992280251,1.3683009655758838,,2017-05-03
KHC,KHC.O,2017-05-23,EGARCH,0.1738569897825201,1.1994544800094968,,2017-05-03
KHC,KHC.O,2017-05-23,GARCH,0.1731856807278729,1.1902095241736808,,2017-05-03
KHC,KHC.O,2017-05-23,GJR-GARCH,0.1856910992280251,1.3683009655758838,,2017-05-03
KHC,KHC.O,2017-05-24,EGARCH,0.1738569897825201,1.1994544800094968,,2017-05-03
KHC,KHC.O,2017-05-24,GARCH,0.1731856807278729,1.1902095241736808,,2017-05-03
KHC,KHC.O,2017-05-24,GJR-GARCH,0.1856910992280251,1.3683009655758838,,2017-05-03
KHC,KHC.O,2017-05-25,EGARCH,0.1738569897825201,1.1994544800094968,,2017-05-03
KHC,KHC.O,2017-05-25,GARCH,0.1731856807278729,1.1902095241736808,,2017-05-03
KHC,KHC.O,2017-05-25,GJR-GARCH,0.1856910992280251,1.3683009655758838,,2017-05-03
KHC,KHC.O,2017-05-26,EGARCH,0.1738569897825201,1.1994544800094968,,2017-05-03
KHC,KHC.O,2017-05-26,GARCH,0.1731856807278729,1.1902095241736808,,2017-05-03
KHC,KHC.O,2017-05-26,GJR-GARCH,0.1856910992280251,1.3683009655758838,,2017-05-03
KHC,KHC.O,2017-05-31,EGARCH,0.1738569897825201,1.1994544800094968,,2017-05-03
KHC,KHC.O,2017-05-31,GARCH,0.1731856807278729,1.1902095241736808,,2017-05-03
KHC,KHC.O,2017-05-31,GJR-GARCH,0.1856910992280251,1.3683009655758838,,2017-05-03
KHC,KHC.O,2017-06-01,EGARCH,0.1738569897825201,1.1994544800094968,,2017-05-03
KHC,KHC.O,2017-06-01,GARCH,0.1731856807278729,1.1902095241736808,,2017-05-03
KHC,KHC.O,2017-06-01,GJR-GARCH,0.1856910992280251,1.3683009655758838,,2017-05-03
KHC,KHC.O,2017-06-02,EGARCH,0.1738569897825201,1.1994544800094968,,2017-05-03
KHC,KHC.O,2017-06-02,GARCH,0.1731856807278729,1.1902095241736808,,2017-05-03
KHC,KHC.O,2017-06-02,GJR-GARCH,0.1856910992280251,1.3683009655758838,,2017-05-03
KHC,KHC.O,2017-06-05,EGARCH,0.1738569897825201,1.1994544800094968,,2017-05-03
KHC,KHC.O,2017-06-05,GARCH,0.1731856807278729,1.1902095241736808,,2017-05-03
KHC,KHC.O,2017-06-05,GJR-GARCH,0.1856910992280251,1.3683009655758838,,2017-05-03
KHC,KHC.O,2017-06-06,EGARCH,0.1375363549955981,0.7506447994236183,,2017-06-06
KHC,KHC.O,2017-06-06,ESG-EGARCH,0.155629971680224,0.9611384160788627,all,2017-06-06
KHC,KHC.O,2017-06-06,ESG-EGARCH(E),0.1556299716802241,0.9611384160788636,E,2017-06-06
KHC,KHC.O,2017-06-06,ESG-EGARCH(G),0.1556299716802241,0.9611384160788636,G,2017-06-06
KHC,KHC.O,2017-06-06,ESG-EGARCH(S),0.1556299716802241,0.9611384160788636,S,2017-06-06
KHC,KHC.O,2017-06-06,ESG-GARCH,0.1565442907601515,0.9724648797459866,all,2017-06-06
KHC,KHC.O,2017-06-06,ESG-GARCH(E),0.1565442907601514,0.972464879745986,E,2017-06-06
KHC,KHC.O,2017-06-06,ESG-GARCH(G),0.1565442907601514,0.972464879745986,G,2017-06-06
KHC,KHC.O,2017-06-06,ESG-GARCH(S),0.1565442907601514,0.972464879745986,S,2017-06-06
KHC,KHC.O,2017-06-06,ESG-GJR-GARCH,0.144171267627294,0.8248156511611447,all,2017-06-06
KHC,KHC.O,2017-06-06,ESG-GJR-GARCH(E),0.144171267627294,0.8248156511611447,E,2017-06-06
KHC,KHC.O,2017-06-06,ESG-GJR-GARCH(G),0.144171267627294,0.8248156511611447,G,2017-06-06
KHC,KHC.O,2017-06-06,ESG-GJR-GARCH(S),0.144171267627294,0.8248156511611447,S,2017-06-06
KHC,KHC.O,2017-06-06,GARCH,0.1465440728290613,0.8521890984654454,,2017-06-06
KHC,KHC.O,2017-06-06,GJR-GARCH,0.1380344180056581,0.7560912918317758,,2017-06-06
KHC,KHC.O,2017-06-07,EGARCH,0.1375363549955981,0.7506447994236183,,2017-06-06
KHC,KHC.O,2017-06-07,ESG-EGARCH,0.155629971680224,0.9611384160788627,all,2017-06-06
KHC,KHC.O,2017-06-07,ESG-EGARCH(E),0.1556299716802241,0.9611384160788636,E,2017-06-06
KHC,KHC.O,2017-06-07,ESG-EGARCH(G),0.1556299716802241,0.9611384160788636,G,2017-06-06
KHC,KHC.O,2017-06-07,ESG-EGARCH(S),0.1556299716802241,0.9611384160788636,S,2017-06-06
KHC,KHC.O,2017-06-07,ESG-GARCH,0.1565442907601515,0.9724648797459866,all,2017-06-06
KHC,KHC.O,2017-06-07,ESG-GARCH(E),0.1565442907601514,0.972464879745986,E,2017-06-06
KHC,KHC.O,2017-06-07,ESG-GARCH(G),0.1565442907601514,0.972464879745986,G,2017-06-06
KHC,KHC.O,2017-06-07,ESG-GARCH(S),0.1565442907601514,0.972464879745986,S,2017-06-06
KHC,KHC.O,2017-06-07,ESG-GJR-GARCH,0.144171267627294,0.8248156511611447,all,2017-06-06
KHC,KHC.O,2017-06-07,ESG-GJR-GARCH(E),0.144171267627294,0.8248156511611447,E,2017-06-06
KHC,KHC.O,2017-06-07,ESG-GJR-GARCH(G),0.144171267627294,0.8248156511611447,G,2017-06-06
KHC,KHC.O,2017-06-07,ESG-GJR-GARCH(S),0.144171267627294,0.8248156511611447,S,2017-06-06
KHC,KHC.O,2017-06-07,GARCH,0.1465440728290613,0.8521890984654454,,2017-06-06
KHC,KHC.O,2017-06-07,GJR-GARCH,0.1380344180056581,0.7560912918317758,,2017-06-06
KHC,KHC.O,2017-06-08,EGARCH,0.1375363549955981,0.7506447994236183,,2017-06-06
KHC,KHC.O,2017-06-08,ESG-EGARCH,0.155629971680224,0.9611384160788627,all,2017-06-06
KHC,KHC.O,2017-06-08,ESG-EGARCH(E),0.1556299716802241,0.9611384160788636,E,2017-06-06
KHC,KHC.O,2017-06-08,ESG-EGARCH(G),0.1556299716802241,0.9611384160788636,G,2017-06-06
KHC,KHC.O,2017-06-08,ESG-EGARCH(S),0.1556299716802241,0.9611384160788636,S,2017-06-06
KHC,KHC.O,2017-06-08,ESG-GARCH,0.1565442907601515,0.9724648797459866,all,2017-06-06
KHC,KHC.O,2017-06-08,ESG-GARCH(E),0.1565442907601514,0.972464879745986,E,2017-06-06
KHC,KHC.O,2017-06-08,ESG-GARCH(G),0.1565442907601514,0.972464879745986,G,2017-06-06
KHC,KHC.O,2017-06-08,ESG-GARCH(S),0.1565442907601514,0.972464879745986,S,2017-06-06
KHC,KHC.O,2017-06-08,ESG-GJR-GARCH,0.144171267627294,0.8248156511611447,all,2017-06-06
KHC,KHC.O,2017-06-08,ESG-GJR-GARCH(E),0.144171267627294,0.8248156511611447,E,2017-06-06
KHC,KHC.O,2017-06-08,ESG-GJR-GARCH(G),0.144171267627294,0.8248156511611447,G,2017-06-06
KHC,KHC.O,2017-06-08,ESG-GJR-GARCH(S),0.144171267627294,0.8248156511611447,S,2017-06-06
KHC,KHC.O,2017-06-08,GARCH,0.1465440728290613,0.8521890984654454,,2017-06-06
KHC,KHC.O,2017-06-08,GJR-GARCH,0.1380344180056581,0.7560912918317758,,2017-06-06
KHC,KHC.O,2017-06-09,EGARCH,0.1375363549955981,0.7506447994236183,,2017-06-06
KHC,KHC.O,2017-06-09,ESG-EGARCH,0.155629971680224,0.9611384160788627,all,2017-06-06
KHC,KHC.O,2017-06-09,ESG-EGARCH(E),0.1556299716802241,0.9611384160788636,E,2017-06-06
KHC,KHC.O,2017-06-09,ESG-EGARCH(G),0.1556299716802241,0.9611384160788636,G,2017-06-06
KHC,KHC.O,2017-06-09,ESG-EGARCH(S),0.1556299716802241,0.9611384160788636,S,2017-06-06
KHC,KHC.O,2017-06-09,ESG-GARCH,0.1565442907601515,0.9724648797459866,all,2017-06-06
KHC,KHC.O,2017-06-09,ESG-GARCH(E),0.1565442907601514,0.972464879745986,E,2017-06-06
KHC,KHC.O,2017-06-09,ESG-GARCH(G),0.1565442907601514,0.972464879745986,G,2017-06-06
KHC,KHC.O,2017-06-09,ESG-GARCH(S),0.1565442907601514,0.972464879745986,S,2017-06-06
KHC,KHC.O,2017-06-09,ESG-GJR-GARCH,0.144171267627294,0.8248156511611447,all,2017-06-06
KHC,KHC.O,2017-06-09,ESG-GJR-GARCH(E),0.144171267627294,0.8248156511611447,E,2017-06-06
KHC,KHC.O,2017-06-09,ESG-GJR-GARCH(G),0.144171267627294,0.8248156511611447,G,2017-06-06
KHC,KHC.O,2017-06-09,ESG-GJR-GARCH(S),0.144171267627294,0.8248156511611447,S,2017-06-06
KHC,KHC.O,2017-06-09,GARCH,0.1465440728290613,0.8521890984654454,,2017-06-06
KHC,KHC.O,2017-06-09,GJR-GARCH,0.1380344180056581,0.7560912918317758,,2017-06-06
KHC,KHC.O,2017-06-12,EGARCH,0.1375363549955981,0.7506447994236183,,2017-06-06
KHC,KHC.O,2017-06-12,ESG-EGARCH,0.155629971680224,0.9611384160788627,all,2017-06-06
KHC,KHC.O,2017-06-12,ESG-EGARCH(E),0.1556299716802241,0.9611384160788636,E,2017-06-06
KHC,KHC.O,2017-06-12,ESG-EGARCH(G),0.1556299716802241,0.9611384160788636,G,2017-06-06
KHC,KHC.O,2017-06-12,ESG-EGARCH(S),0.1556299716802241,0.9611384160788636,S,2017-06-06
KHC,KHC.O,2017-06-12,ESG-GARCH,0.1565442907601515,0.9724648797459866,all,2017-06-06
KHC,KHC.O,2017-06-12,ESG-GARCH(E),0.1565442907601514,0.972464879745986,E,2017-06-06
KHC,KHC.O,2017-06-12,ESG-GARCH(G),0.1565442907601514,0.972464879745986,G,2017-06-06
KHC,KHC.O,2017-06-12,ESG-GARCH(S),0.1565442907601514,0.972464879745986,S,2017-06-06
KHC,KHC.O,2017-06-12,ESG-GJR-GARCH,0.144171267627294,0.8248156511611447,all,2017-06-06
KHC,KHC.O,2017-06-12,ESG-GJR-GARCH(E),0.144171267627294,0.8248156511611447,E,2017-06-06
KHC,KHC.O,2017-06-12,ESG-GJR-GARCH(G),0.144171267627294,0.8248156511611447,G,2017-06-06
KHC,KHC.O,2017-06-12,ESG-GJR-GARCH(S),0.144171267627294,0.8248156511611447,S,2017-06-06
KHC,KHC.O,2017-06-12,GARCH,0.1465440728290613,0.8521890984654454,,2017-06-06
KHC,KHC.O,2017-06-12,GJR-GARCH,0.1380344180056581,0.7560912918317758,,2017-06-06
KHC,KHC.O,2017-06-13,EGARCH,0.1375363549955981,0.7506447994236183,,2017-06-06
KHC,KHC.O,2017-06-13,ESG-EGARCH,0.155629971680224,0.9611384160788627,all,2017-06-06
KHC,KHC.O,2017-06-13,ESG-EGARCH(E),0.1556299716802241,0.9611384160788636,E,2017-06-06
KHC,KHC.O,2017-06-13,ESG-EGARCH(G),0.1556299716802241,0.9611384160788636,G,2017-06-06
KHC,KHC.O,2017-06-13,ESG-EGARCH(S),0.1556299716802241,0.9611384160788636,S,2017-06-06
KHC,KHC.O,2017-06-13,ESG-GARCH,0.1565442907601515,0.9724648797459866,all,2017-06-06
KHC,KHC.O,2017-06-13,ESG-GARCH(E),0.1565442907601514,0.972464879745986,E,2017-06-06
KHC,KHC.O,2017-06-13,ESG-GARCH(G),0.1565442907601514,0.972464879745986,G,2017-06-06
KHC,KHC.O,2017-06-13,ESG-GARCH(S),0.1565442907601514,0.972464879745986,S,2017-06-06
KHC,KHC.O,2017-06-13,ESG-GJR-GARCH,0.144171267627294,0.8248156511611447,all,2017-06-06
KHC,KHC.O,2017-06-13,ESG-GJR-GARCH(E),0.144171267627294,0.8248156511611447,E,2017-06-06
KHC,KHC.O,2017-06-13,ESG-GJR-GARCH(G),0.144171267627294,0.8248156511611447,G,2017-06-06
KHC,KHC.O,2017-06-13,ESG-GJR-GARCH(S),0.144171267627294,0.8248156511611447,S,2017-06-06
KHC,KHC.O,2017-06-13,GARCH,0.1465440728290613,0.8521890984654454,,2017-06-06
KHC,KHC.O,2017-06-13,GJR-GARCH,0.1380344180056581,0.7560912918317758,,2017-06-06
KHC,KHC.O,2017-06-14,EGARCH,0.1375363549955981,0.7506447994236183,,2017-06-06
KHC,KHC.O,2017-06-14,ESG-EGARCH,0.155629971680224,0.9611384160788627,all,2017-06-06
KHC,KHC.O,2017-06-14,ESG-EGARCH(E),0.1556299716802241,0.9611384160788636,E,2017-06-06
KHC,KHC.O,2017-06-14,ESG-EGARCH(G),0.1556299716802241,0.9611384160788636,G,2017-06-06
KHC,KHC.O,2017-06-14,ESG-EGARCH(S),0.1556299716802241,0.9611384160788636,S,2017-06-06
KHC,KHC.O,2017-06-14,ESG-GARCH,0.1565442907601515,0.9724648797459866,all,2017-06-06
KHC,KHC.O,2017-06-14,ESG-GARCH(E),0.1565442907601514,0.972464879745986,E,2017-06-06
KHC,KHC.O,2017-06-14,ESG-GARCH(G),0.1565442907601514,0.972464879745986,G,2017-06-06
KHC,KHC.O,2017-06-14,ESG-GARCH(S),0.1565442907601514,0.972464879745986,S,2017-06-06
KHC,KHC.O,2017-06-14,ESG-GJR-GARCH,0.144171267627294,0.8248156511611447,all,2017-06-06
KHC,KHC.O,2017-06-14,ESG-GJR-GARCH(E),0.144171267627294,0.8248156511611447,E,2017-06-06
KHC,KHC.O,2017-06-14,ESG-GJR-GARCH(G),0.144171267627294,0.8248156511611447,G,2017-06-06
KHC,KHC.O,2017-06-14,ESG-GJR-GARCH(S),0.144171267627294,0.8248156511611447,S,2017-06-06
KHC,KHC.O,2017-06-14,GARCH,0.1465440728290613,0.8521890984654454,,2017-06-06
KHC,KHC.O,2017-06-14,GJR-GARCH,0.1380344180056581,0.7560912918317758,,2017-06-06
KHC,KHC.O,2017-06-15,EGARCH,0.1375363549955981,0.7506447994236183,,2017-06-06
KHC,KHC.O,2017-06-15,ESG-EGARCH,0.155629971680224,0.9611384160788627,all,2017-06-06
KHC,KHC.O,2017-06-15,ESG-EGARCH(E),0.1556299716802241,0.9611384160788636,E,2017-06-06
KHC,KHC.O,2017-06-15,ESG-EGARCH(G),0.1556299716802241,0.9611384160788636,G,2017-06-06
KHC,KHC.O,2017-06-15,ESG-EGARCH(S),0.1556299716802241,0.9611384160788636,S,2017-06-06
KHC,KHC.O,2017-06-15,ESG-GARCH,0.1565442907601515,0.9724648797459866,all,2017-06-06
KHC,KHC.O,2017-06-15,ESG-GARCH(E),0.1565442907601514,0.972464879745986,E,2017-06-06
KHC,KHC.O,2017-06-15,ESG-GARCH(G),0.1565442907601514,0.972464879745986,G,2017-06-06
KHC,KHC.O,2017-06-15,ESG-GARCH(S),0.1565442907601514,0.972464879745986,S,2017-06-06
KHC,KHC.O,2017-06-15,ESG-GJR-GARCH,0.144171267627294,0.8248156511611447,all,2017-06-06
KHC,KHC.O,2017-06-15,ESG-GJR-GARCH(E),0.144171267627294,0.8248156511611447,E,2017-06-06
KHC,KHC.O,2017-06-15,ESG-GJR-GARCH(G),0.144171267627294,0.8248156511611447,G,2017-06-06
KHC,KHC.O,2017-06-15,ESG-GJR-GARCH(S),0.144171267627294,0.8248156511611447,S,2017-06-06
KHC,KHC.O,2017-06-15,GARCH,0.1465440728290613,0.8521890984654454,,2017-06-06
KHC,KHC.O,2017-06-15,GJR-GARCH,0.1380344180056581,0.7560912918317758,,2017-06-06
KHC,KHC.O,2017-06-16,EGARCH,0.1375363549955981,0.7506447994236183,,2017-06-06
KHC,KHC.O,2017-06-16,ESG-EGARCH,0.155629971680224,0.9611384160788627,all,2017-06-06
KHC,KHC.O,2017-06-16,ESG-EGARCH(E),0.1556299716802241,0.9611384160788636,E,2017-06-06
KHC,KHC.O,2017-06-16,ESG-EGARCH(G),0.1556299716802241,0.9611384160788636,G,2017-06-06
KHC,KHC.O,2017-06-16,ESG-EGARCH(S),0.1556299716802241,0.9611384160788636,S,2017-06-06
KHC,KHC.O,2017-06-16,ESG-GARCH,0.1565442907601515,0.9724648797459866,all,2017-06-06
KHC,KHC.O,2017-06-16,ESG-GARCH(E),0.1565442907601514,0.972464879745986,E,2017-06-06
KHC,KHC.O,2017-06-16,ESG-GARCH(G),0.1565442907601514,0.972464879745986,G,2017-06-06
KHC,KHC.O,2017-06-16,ESG-GARCH(S),0.1565442907601514,0.972464879745986,S,2017-06-06
KHC,KHC.O,2017-06-16,ESG-GJR-GARCH,0.144171267627294,0.8248156511611447,all,2017-06-06
KHC,KHC.O,2017-06-16,ESG-GJR-GARCH(E),0.144171267627294,0.8248156511611447,E,2017-06-06
KHC,KHC.O,2017-06-16,ESG-GJR-GARCH(G),0.144171267627294,0.8248156511611447,G,2017-06-06
KHC,KHC.O,2017-06-16,ESG-GJR-GARCH(S),0.144171267627294,0.8248156511611447,S,2017-06-06
KHC,KHC.O,2017-06-16,GARCH,0.1465440728290613,0.8521890984654454,,2017-06-06
KHC,KHC.O,2017-06-16,GJR-GARCH,0.1380344180056581,0.7560912918317758,,2017-06-06
KHC,KHC.O,2017-06-19,EGARCH,0.1375363549955981,0.7506447994236183,,2017-06-06
KHC,KHC.O,2017-06-19,ESG-EGARCH,0.155629971680224,0.9611384160788627,all,2017-06-06
KHC,KHC.O,2017-06-19,ESG-EGARCH(E),0.1556299716802241,0.9611384160788636,E,2017-06-06
KHC,KHC.O,2017-06-19,ESG-EGARCH(G),0.1556299716802241,0.9611384160788636,G,2017-06-06
KHC,KHC.O,2017-06-19,ESG-EGARCH(S),0.1556299716802241,0.9611384160788636,S,2017-06-06
KHC,KHC.O,2017-06-19,ESG-GARCH,0.1565442907601515,0.9724648797459866,all,2017-06-06
KHC,KHC.O,2017-06-19,ESG-GARCH(E),0.1565442907601514,0.972464879745986,E,2017-06-06
KHC,KHC.O,2017-06-19,ESG-GARCH(G),0.1565442907601514,0.972464879745986,G,2017-06-06
KHC,KHC.O,2017-06-19,ESG-GARCH(S),0.1565442907601514,0.972464879745986,S,2017-06-06
KHC,KHC.O,2017-06-19,ESG-GJR-GARCH,0.144171267627294,0.8248156511611447,all,2017-06-06
KHC,KHC.O,2017-06-19,ESG-GJR-GARCH(E),0.144171267627294,0.8248156511611447,E,2017-06-06
KHC,KHC.O,2017-06-19,ESG-GJR-GARCH(G),0.144171267627294,0.8248156511611447,G,2017-06-06
KHC,KHC.O,2017-06-19,ESG-GJR-GARCH(S),0.144171267627294,0.8248156511611447,S,2017-06-06
KHC,KHC.O,2017-06-19,GARCH,0.1465440728290613,0.8521890984654454,,2017-06-06
KHC,KHC.O,2017-06-19,GJR-GARCH,0.1380344180056581,0.7560912918317758,,2017-06-06
KHC,KHC.O,2017-06-20,EGARCH,0.1375363549955981,0.7506447994236183,,2017-06-06
KHC,KHC.O,2017-06-20,ESG-EGARCH,0.155629971680224,0.9611384160788627,all,2017-06-06
KHC,KHC.O,2017-06-20,ESG-EGARCH(E),0.1556299716802241,0.9611384160788636,E,2017-06-06
KHC,KHC.O,2017-06-20,ESG-EGARCH(G),0.1556299716802241,0.9611384160788636,G,2017-06-06
KHC,KHC.O,2017-06-20,ESG-EGARCH(S),0.1556299716802241,0.9611384160788636,S,2017-06-06
KHC,KHC.O,2017-06-20,ESG-GARCH,0.1565442907601515,0.9724648797459866,all,2017-06-06
KHC,KHC.O,2017-06-20,ESG-GARCH(E),0.1565442907601514,0.972464879745986,E,2017-06-06
KHC,KHC.O,2017-06-20,ESG-GARCH(G),0.1565442907601514,0.972464879745986,G,2017-06-06
KHC,KHC.O,2017-06-20,ESG-GARCH(S),0.1565442907601514,0.972464879745986,S,2017-06-06
KHC,KHC.O,2017-06-20,ESG-GJR-GARCH,0.144171267627294,0.8248156511611447,all,2017-06-06
KHC,KHC.O,2017-06-20,ESG-GJR-GARCH(E),0.144171267627294,0.8248156511611447,E,2017-06-06
KHC,KHC.O,2017-06-20,ESG-GJR-GARCH(G),0.144171267627294,0.8248156511611447,G,2017-06-06
KHC,KHC.O,2017-06-20,ESG-GJR-GARCH(S),0.144171267627294,0.8248156511611447,S,2017-06-06
KHC,KHC.O,2017-06-20,GARCH,0.1465440728290613,0.8521890984654454,,2017-06-06
KHC,KHC.O,2017-06-20,GJR-GARCH,0.1380344180056581,0.7560912918317758,,2017-06-06
KHC,KHC.O,2017-06-21,EGARCH,0.1375363549955981,0.7506447994236183,,2017-06-06
KHC,KHC.O,2017-06-21,ESG-EGARCH,0.155629971680224,0.9611384160788627,all,2017-06-06
KHC,KHC.O,2017-06-21,ESG-EGARCH(E),0.1556299716802241,0.9611384160788636,E,2017-06-06
KHC,KHC.O,2017-06-21,ESG-EGARCH(G),0.1556299716802241,0.9611384160788636,G,2017-06-06
KHC,KHC.O,2017-06-21,ESG-EGARCH(S),0.1556299716802241,0.9611384160788636,S,2017-06-06
KHC,KHC.O,2017-06-21,ESG-GARCH,0.1565442907601515,0.9724648797459866,all,2017-06-06
KHC,KHC.O,2017-06-21,ESG-GARCH(E),0.1565442907601514,0.972464879745986,E,2017-06-06
KHC,KHC.O,2017-06-21,ESG-GARCH(G),0.1565442907601514,0.972464879745986,G,2017-06-06
KHC,KHC.O,2017-06-21,ESG-GARCH(S),0.1565442907601514,0.972464879745986,S,2017-06-06
KHC,KHC.O,2017-06-21,ESG-GJR-GARCH,0.144171267627294,0.8248156511611447,all,2017-06-06
KHC,KHC.O,2017-06-21,ESG-GJR-GARCH(E),0.144171267627294,0.8248156511611447,E,2017-06-06
KHC,KHC.O,2017-06-21,ESG-GJR-GARCH(G),0.144171267627294,0.8248156511611447,G,2017-06-06
KHC,KHC.O,2017-06-21,ESG-GJR-GARCH(S),0.144171267627294,0.8248156511611447,S,2017-06-06
KHC,KHC.O,2017-06-21,GARCH,0.1465440728290613,0.8521890984654454,,2017-06-06
KHC,KHC.O,2017-06-21,GJR-GARCH,0.1380344180056581,0.7560912918317758,,2017-06-06
KHC,KHC.O,2017-06-22,EGARCH,0.1375363549955981,0.7506447994236183,,2017-06-06
KHC,KHC.O,2017-06-22,ESG-EGARCH,0.155629971680224,0.9611384160788627,all,2017-06-06
KHC,KHC.O,2017-06-22,ESG-EGARCH(E),0.1556299716802241,0.9611384160788636,E,2017-06-06
KHC,KHC.O,2017-06-22,ESG-EGARCH(G),0.1556299716802241,0.9611384160788636,G,2017-06-06
KHC,KHC.O,2017-06-22,ESG-EGARCH(S),0.1556299716802241,0.9611384160788636,S,2017-06-06
KHC,KHC.O,2017-06-22,ESG-GARCH,0.1565442907601515,0.9724648797459866,all,2017-06-06
KHC,KHC.O,2017-06-22,ESG-GARCH(E),0.1565442907601514,0.972464879745986,E,2017-06-06
KHC,KHC.O,2017-06-22,ESG-GARCH(G),0.1565442907601514,0.972464879745986,G,2017-06-06
KHC,KHC.O,2017-06-22,ESG-GARCH(S),0.1565442907601514,0.972464879745986,S,2017-06-06
KHC,KHC.O,2017-06-22,ESG-GJR-GARCH,0.144171267627294,0.8248156511611447,all,2017-06-06
KHC,KHC.O,2017-06-22,ESG-GJR-GARCH(E),0.144171267627294,0.8248156511611447,E,2017-06-06
KHC,KHC.O,2017-06-22,ESG-GJR-GARCH(G),0.144171267627294,0.8248156511611447,G,2017-06-06
KHC,KHC.O,2017-06-22,ESG-GJR-GARCH(S),0.144171267627294,0.8248156511611447,S,2017-06-06
KHC,KHC.O,2017-06-22,GARCH,0.1465440728290613,0.8521890984654454,,2017-06-06
KHC,KHC.O,2017-06-22,GJR-GARCH,0.1380344180056581,0.7560912918317758,,2017-06-06
KHC,KHC.O,2017-06-23,EGARCH,0.1375363549955981,0.7506447994236183,,2017-06-06
KHC,KHC.O,2017-06-23,ESG-EGARCH,0.155629971680224,0.9611384160788627,all,2017-06-06
KHC,KHC.O,2017-06-23,ESG-EGARCH(E),0.1556299716802241,0.9611384160788636,E,2017-06-06
KHC,KHC.O,2017-06-23,ESG-EGARCH(G),0.1556299716802241,0.9611384160788636,G,2017-06-06
KHC,KHC.O,2017-06-23,ESG-EGARCH(S),0.1556299716802241,0.9611384160788636,S,2017-06-06
KHC,KHC.O,2017-06-23,ESG-GARCH,0.1565442907601515,0.9724648797459866,all,2017-06-06
KHC,KHC.O,2017-06-23,ESG-GARCH(E),0.1565442907601514,0.972464879745986,E,2017-06-06
KHC,KHC.O,2017-06-23,ESG-GARCH(G),0.1565442907601514,0.972464879745986,G,2017-06-06
KHC,KHC.O,2017-06-23,ESG-GARCH(S),0.1565442907601514,0.972464879745986,S,2017-06-06
KHC,KHC.O,2017-06-23,ESG-GJR-GARCH,0.144171267627294,0.8248156511611447,all,2017-06-06
KHC,KHC.O,2017-06-23,ESG-GJR-GARCH(E),0.144171267627294,0.8248156511611447,E,2017-06-06
KHC,KHC.O,2017-06-23,ESG-GJR-GARCH(G),0.144171267627294,0.8248156511611447,G,2017-06-06
KHC,KHC.O,2017-06-23,ESG-GJR-GARCH(S),0.144171267627294,0.8248156511611447,S,2017-06-06
KHC,KHC.O,2017-06-23,GARCH,0.1465440728290613,0.8521890984654454,,2017-06-06
KHC,KHC.O,2017-06-23,GJR-GARCH,0.1380344180056581,0.7560912918317758,,2017-06-06
KHC,KHC.O,2017-06-26,EGARCH,0.1375363549955981,0.7506447994236183,,2017-06-06
KHC,KHC.O,2017-06-26,ESG-EGARCH,0.155629971680224,0.9611384160788627,all,2017-06-06
KHC,KHC.O,2017-06-26,ESG-EGARCH(E),0.1556299716802241,0.9611384160788636,E,2017-06-06
KHC,KHC.O,2017-06-26,ESG-EGARCH(G),0.1556299716802241,0.9611384160788636,G,2017-06-06
KHC,KHC.O,2017-06-26,ESG-EGARCH(S),0.1556299716802241,0.9611384160788636,S,2017-06-06
KHC,KHC.O,2017-06-26,ESG-GARCH,0.1565442907601515,0.9724648797459866,all,2017-06-06
KHC,KHC.O,2017-06-26,ESG-GARCH(E),0.1565442907601514,0.972464879745986,E,2017-06-06
KHC,KHC.O,2017-06-26,ESG-GARCH(G),0.1565442907601514,0.972464879745986,G,2017-06-06
KHC,KHC.O,2017-06-26,ESG-GARCH(S),0.1565442907601514,0.972464879745986,S,2017-06-06
KHC,KHC.O,2017-06-26,ESG-GJR-GARCH,0.144171267627294,0.8248156511611447,all,2017-06-06
KHC,KHC.O,2017-06-26,ESG-GJR-GARCH(E),0.144171267627294,0.8248156511611447,E,2017-06-06
KHC,KHC.O,2017-06-26,ESG-GJR-GARCH(G),0.144171267627294,0.8248156511611447,G,2017-06-06
KHC,KHC.O,2017-06-26,ESG-GJR-GARCH(S),0.144171267627294,0.8248156511611447,S,2017-06-06
KHC,KHC.O,2017-06-26,GARCH,0.1465440728290613,0.8521890984654454,,2017-06-06
KHC,KHC.O,2017-06-26,GJR-GARCH,0.1380344180056581,0.7560912918317758,,2017-06-06
KHC,KHC.O,2017-06-27,EGARCH,0.1375363549955981,0.7506447994236183,,2017-06-06
KHC,KHC.O,2017-06-27,ESG-EGARCH,0.155629971680224,0.9611384160788627,all,2017-06-06
KHC,KHC.O,2017-06-27,ESG-EGARCH(E),0.1556299716802241,0.9611384160788636,E,2017-06-06
KHC,KHC.O,2017-06-27,ESG-EGARCH(G),0.1556299716802241,0.9611384160788636,G,2017-06-06
KHC,KHC.O,2017-06-27,ESG-EGARCH(S),0.1556299716802241,0.9611384160788636,S,2017-06-06
KHC,KHC.O,2017-06-27,ESG-GARCH,0.1565442907601515,0.9724648797459866,all,2017-06-06
KHC,KHC.O,2017-06-27,ESG-GARCH(E),0.1565442907601514,0.972464879745986,E,2017-06-06
KHC,KHC.O,2017-06-27,ESG-GARCH(G),0.1565442907601514,0.972464879745986,G,2017-06-06
KHC,KHC.O,2017-06-27,ESG-GARCH(S),0.1565442907601514,0.972464879745986,S,2017-06-06
KHC,KHC.O,2017-06-27,ESG-GJR-GARCH,0.144171267627294,0.8248156511611447,all,2017-06-06
KHC,KHC.O,2017-06-27,ESG-GJR-GARCH(E),0.144171267627294,0.8248156511611447,E,2017-06-06
KHC,KHC.O,2017-06-27,ESG-GJR-GARCH(G),0.144171267627294,0.8248156511611447,G,2017-06-06
KHC,KHC.O,2017-06-27,ESG-GJR-GARCH(S),0.144171267627294,0.8248156511611447,S,2017-06-06
KHC,KHC.O,2017-06-27,GARCH,0.1465440728290613,0.8521890984654454,,2017-06-06
KHC,KHC.O,2017-06-27,GJR-GARCH,0.1380344180056581,0.7560912918317758,,2017-06-06
KHC,KHC.O,2017-06-28,EGARCH,0.1375363549955981,0.7506447994236183,,2017-06-06
KHC,KHC.O,2017-06-28,ESG-EGARCH,0.155629971680224,0.9611384160788627,all,2017-06-06
KHC,KHC.O,2017-06-28,ESG-EGARCH(E),0.1556299716802241,0.9611384160788636,E,2017-06-06
KHC,KHC.O,2017-06-28,ESG-EGARCH(G),0.1556299716802241,0.9611384160788636,G,2017-06-06
KHC,KHC.O,2017-06-28,ESG-EGARCH(S),0.1556299716802241,0.9611384160788636,S,2017-06-06
KHC,KHC.O,2017-06-28,ESG-GARCH,0.1565442907601515,0.9724648797459866,all,2017-06-06
KHC,KHC.O,2017-06-28,ESG-GARCH(E),0.1565442907601514,0.972464879745986,E,2017-06-06
KHC,KHC.O,2017-06-28,ESG-GARCH(G),0.1565442907601514,0.972464879745986,G,2017-06-06
KHC,KHC.O,2017-06-28,ESG-GARCH(S),0.1565442907601514,0.972464879745986,S,2017-06-06
KHC,KHC.O,2017-06-28,ESG-GJR-GARCH,0.144171267627294,0.8248156511611447,all,2017-06-06
KHC,KHC.O,2017-06-28,ESG-GJR-GARCH(E),0.144171267627294,0.8248156511611447,E,2017-06-06
KHC,KHC.O,2017-06-28,ESG-GJR-GARCH(G),0.144171267627294,0.8248156511611447,G,2017-06-06
KHC,KHC.O,2017-06-28,ESG-GJR-GARCH(S),0.144171267627294,0.8248156511611447,S,2017-06-06
KHC,KHC.O,2017-06-28,GARCH,0.1465440728290613,0.8521890984654454,,2017-06-06
KHC,KHC.O,2017-06-28,GJR-GARCH,0.1380344180056581,0.7560912918317758,,2017-06-06
KHC,KHC.O,2017-06-29,EGARCH,0.1375363549955981,0.7506447994236183,,2017-06-06
KHC,KHC.O,2017-06-29,ESG-EGARCH,0.155629971680224,0.9611384160788627,all,2017-06-06
KHC,KHC.O,2017-06-29,ESG-EGARCH(E),0.1556299716802241,0.9611384160788636,E,2017-06-06
KHC,KHC.O,2017-06-29,ESG-EGARCH(G),0.1556299716802241,0.9611384160788636,G,2017-06-06
KHC,KHC.O,2017-06-29,ESG-EGARCH(S),0.1556299716802241,0.9611384160788636,S,2017-06-06
KHC,KHC.O,2017-06-29,ESG-GARCH,0.1565442907601515,0.9724648797459866,all,2017-06-06
KHC,KHC.O,2017-06-29,ESG-GARCH(E),0.1565442907601514,0.972464879745986,E,2017-06-06
KHC,KHC.O,2017-06-29,ESG-GARCH(G),0.1565442907601514,0.972464879745986,G,2017-06-06
KHC,KHC.O,2017-06-29,ESG-GARCH(S),0.1565442907601514,0.972464879745986,S,2017-06-06
KHC,KHC.O,2017-06-29,ESG-GJR-GARCH,0.144171267627294,0.8248156511611447,all,2017-06-06
KHC,KHC.O,2017-06-29,ESG-GJR-GARCH(E),0.144171267627294,0.8248156511611447,E,2017-06-06
KHC,KHC.O,2017-06-29,ESG-GJR-GARCH(G),0.144171267627294,0.8248156511611447,G,2017-06-06
KHC,KHC.O,2017-06-29,ESG-GJR-GARCH(S),0.144171267627294,0.8248156511611447,S,2017-06-06
KHC,KHC.O,2017-06-29,GARCH,0.1465440728290613,0.8521890984654454,,2017-06-06
KHC,KHC.O,2017-06-29,GJR-GARCH,0.1380344180056581,0.7560912918317758,,2017-06-06
KHC,KHC.O,2017-06-30,EGARCH,0.1375363549955981,0.7506447994236183,,2017-06-06
KHC,KHC.O,2017-06-30,ESG-EGARCH,0.155629971680224,0.9611384160788627,all,2017-06-06
KHC,KHC.O,2017-06-30,ESG-EGARCH(E),0.1556299716802241,0.9611384160788636,E,2017-06-06
KHC,KHC.O,2017-06-30,ESG-EGARCH(G),0.1556299716802241,0.9611384160788636,G,2017-06-06
KHC,KHC.O,2017-06-30,ESG-EGARCH(S),0.1556299716802241,0.9611384160788636,S,2017-06-06
KHC,KHC.O,2017-06-30,ESG-GARCH,0.1565442907601515,0.9724648797459866,all,2017-06-06
KHC,KHC.O,2017-06-30,ESG-GARCH(E),0.1565442907601514,0.972464879745986,E,2017-06-06
KHC,KHC.O,2017-06-30,ESG-GARCH(G),0.1565442907601514,0.972464879745986,G,2017-06-06
KHC,KHC.O,2017-06-30,ESG-GARCH(S),0.1565442907601514,0.972464879745986,S,2017-06-06
KHC,KHC.O,2017-06-30,ESG-GJR-GARCH,0.144171267627294,0.8248156511611447,all,2017-06-06
KHC,KHC.O,2017-06-30,ESG-GJR-GARCH(E),0.144171267627294,0.8248156511611447,E,2017-06-06
KHC,KHC.O,2017-06-30,ESG-GJR-GARCH(G),0.144171267627294,0.8248156511611447,G,2017-06-06
KHC,KHC.O,2017-06-30,ESG-GJR-GARCH(S),0.144171267627294,0.8248156511611447,S,2017-06-06
KHC,KHC.O,2017-06-30,GARCH,0.1465440728290613,0.8521890984654454,,2017-06-06
KHC,KHC.O,2017-06-30,GJR-GARCH,0.1380344180056581,0.7560912918317758,,2017-06-06
KHC,KHC.O,2017-07-03,EGARCH,0.1375363549955981,0.7506447994236183,,2017-06-06
KHC,KHC.O,2017-07-03,ESG-EGARCH,0.155629971680224,0.9611384160788627,all,2017-06-06
KHC,KHC.O,2017-07-03,ESG-EGARCH(E),0.1556299716802241,0.9611384160788636,E,2017-06-06
KHC,KHC.O,2017-07-03,ESG-EGARCH(G),0.1556299716802241,0.9611384160788636,G,2017-06-06
KHC,KHC.O,2017-07-03,ESG-EGARCH(S),0.1556299716802241,0.9611384160788636,S,2017-06-06
KHC,KHC.O,2017-07-03,ESG-GARCH,0.1565442907601515,0.9724648797459866,all,2017-06-06
KHC,KHC.O,2017-07-03,ESG-GARCH(E),0.1565442907601514,0.972464879745986,E,2017-06-06
KHC,KHC.O,2017-07-03,ESG-GARCH(G),0.1565442907601514,0.972464879745986,G,2017-06-06
KHC,KHC.O,2017-07-03,ESG-GARCH(S),0.1565442907601514,0.972464879745986,S,2017-06-06
KHC,KHC.O,2017-07-03,ESG-GJR-GARCH,0.144171267627294,0.8248156511611447,all,2017-06-06
KHC,KHC.O,2017-07-03,ESG-GJR-GARCH(E),0.144171267627294,0.8248156511611447,E,2017-06-06
KHC,KHC.O,2017-07-03,ESG-GJR-GARCH(G),0.144171267627294,0.8248156511611447,G,2017-06-06
KHC,KHC.O,2017-07-03,ESG-GJR-GARCH(S),0.144171267627294,0.8248156511611447,S,2017-06-06
KHC,KHC.O,2017-07-03,GARCH,0.1465440728290613,0.8521890984654454,,2017-06-06
KHC,KHC.O,2017-07-03,GJR-GARCH,0.1380344180056581,0.7560912918317758,,2017-06-06
KHC,KHC.O,2017-07-06,EGARCH,0.1375363549955981,0.7506447994236183,,2017-06-06
KHC,KHC.O,2017-07-06,ESG-EGARCH,0.155629971680224,0.9611384160788627,all,2017-06-06
KHC,KHC.O,2017-07-06,ESG-EGARCH(E),0.1556299716802241,0.9611384160788636,E,2017-06-06
KHC,KHC.O,2017-07-06,ESG-EGARCH(G),0.1556299716802241,0.9611384160788636,G,2017-06-06
KHC,KHC.O,2017-07-06,ESG-EGARCH(S),0.1556299716802241,0.9611384160788636,S,2017-06-06
KHC,KHC.O,2017-07-06,ESG-GARCH,0.1565442907601515,0.9724648797459866,all,2017-06-06
KHC,KHC.O,2017-07-06,ESG-GARCH(E),0.1565442907601514,0.972464879745986,E,2017-06-06
KHC,KHC.O,2017-07-06,ESG-GARCH(G),0.1565442907601514,0.972464879745986,G,2017-06-06
KHC,KHC.O,2017-07-06,ESG-GARCH(S),0.1565442907601514,0.972464879745986,S,2017-06-06
KHC,KHC.O,2017-07-06,ESG-GJR-GARCH,0.144171267627294,0.8248156511611447,all,2017-06-06
KHC,KHC.O,2017-07-06,ESG-GJR-GARCH(E),0.144171267627294,0.8248156511611447,E,2017-06-06
KHC,KHC.O,2017-07-06,ESG-GJR-GARCH(G),0.144171267627294,0.8248156511611447,G,2017-06-06
KHC,KHC.O,2017-07-06,ESG-GJR-GARCH(S),0.144171267627294,0.8248156511611447,S,2017-06-06
KHC,KHC.O,2017-07-06,GARCH,0.1465440728290613,0.8521890984654454,,2017-06-06
KHC,KHC.O,2017-07-06,GJR-GARCH,0.1380344180056581,0.7560912918317758,,2017-06-06
KHC,KHC.O,2017-07-07,EGARCH,0.1375363549955981,0.7506447994236183,,2017-06-06
KHC,KHC.O,2017-07-07,ESG-EGARCH,0.155629971680224,0.9611384160788627,all,2017-06-06
KHC,KHC.O,2017-07-07,ESG-EGARCH(E),0.1556299716802241,0.9611384160788636,E,2017-06-06
KHC,KHC.O,2017-07-07,ESG-EGARCH(G),0.1556299716802241,0.9611384160788636,G,2017-06-06
KHC,KHC.O,2017-07-07,ESG-EGARCH(S),0.1556299716802241,0.9611384160788636,S,2017-06-06
KHC,KHC.O,2017-07-07,ESG-GARCH,0.1565442907601515,0.9724648797459866,all,2017-06-06
KHC,KHC.O,2017-07-07,ESG-GARCH(E),0.1565442907601514,0.972464879745986,E,2017-06-06
KHC,KHC.O,2017-07-07,ESG-GARCH(G),0.1565442907601514,0.972464879745986,G,2017-06-06
KHC,KHC.O,2017-07-07,ESG-GARCH(S),0.1565442907601514,0.972464879745986,S,2017-06-06
KHC,KHC.O,2017-07-07,ESG-GJR-GARCH,0.144171267627294,0.8248156511611447,all,2017-06-06
KHC,KHC.O,2017-07-07,ESG-GJR-GARCH(E),0.144171267627294,0.8248156511611447,E,2017-06-06
KHC,KHC.O,2017-07-07,ESG-GJR-GARCH(G),0.144171267627294,0.8248156511611447,G,2017-06-06
KHC,KHC.O,2017-07-07,ESG-GJR-GARCH(S),0.144171267627294,0.8248156511611447,S,2017-06-06
KHC,KHC.O,2017-07-07,GARCH,0.1465440728290613,0.8521890984654454,,2017-06-06
KHC,KHC.O,2017-07-07,GJR-GARCH,0.1380344180056581,0.7560912918317758,,2017-06-06
KHC,KHC.O,2017-07-10,EGARCH,0.1907509154801314,1.4438853871630262,,2017-07-10
KHC,KHC.O,2017-07-10,ESG-EGARCH,0.2107637220020287,1.7627518457201774,all,2017-07-10
KHC,KHC.O,2017-07-10,ESG-EGARCH(E),0.2107637220020287,1.7627518457201767,E,2017-07-10
KHC,KHC.O,2017-07-10,ESG-EGARCH(G),0.2107637220020287,1.7627518457201767,G,2017-07-10
KHC,KHC.O,2017-07-10,ESG-EGARCH(S),0.2107637220020287,1.7627518457201767,S,2017-07-10
KHC,KHC.O,2017-07-10,ESG-GARCH,0.2086830173682323,1.7281191165837286,all,2017-07-10
KHC,KHC.O,2017-07-10,ESG-GARCH(E),0.2086830173682322,1.7281191165837273,E,2017-07-10
KHC,KHC.O,2017-07-10,ESG-GARCH(G),0.2086830173682322,1.7281191165837273,G,2017-07-10
KHC,KHC.O,2017-07-10,ESG-GARCH(S),0.2086830173682322,1.7281191165837273,S,2017-07-10
KHC,KHC.O,2017-07-10,ESG-GJR-GARCH,0.2369073318822158,2.227185869029776,all,2017-07-10
KHC,KHC.O,2017-07-10,ESG-GJR-GARCH(E),0.236907331882216,2.22718586902978,E,2017-07-10
KHC,KHC.O,2017-07-10,ESG-GJR-GARCH(G),0.236907331882216,2.22718586902978,G,2017-07-10
KHC,KHC.O,2017-07-10,ESG-GJR-GARCH(S),0.236907331882216,2.22718586902978,S,2017-07-10
KHC,KHC.O,2017-07-10,GARCH,0.1880828231795943,1.403775729174864,,2017-07-10
KHC,KHC.O,2017-07-10,GJR-GARCH,0.2156154156459127,1.844841566038084,,2017-07-10
KHC,KHC.O,2017-07-11,EGARCH,0.1907509154801314,1.4438853871630262,,2017-07-10
KHC,KHC.O,2017-07-11,ESG-EGARCH,0.2107637220020287,1.7627518457201774,all,2017-07-10
KHC,KHC.O,2017-07-11,ESG-EGARCH(E),0.2107637220020287,1.7627518457201767,E,2017-07-10
KHC,KHC.O,2017-07-11,ESG-EGARCH(G),0.2107637220020287,1.7627518457201767,G,2017-07-10
KHC,KHC.O,2017-07-11,ESG-EGARCH(S),0.2107637220020287,1.7627518457201767,S,2017-07-10
KHC,KHC.O,2017-07-11,ESG-GARCH,0.2086830173682323,1.7281191165837286,all,2017-07-10
KHC,KHC.O,2017-07-11,ESG-GARCH(E),0.2086830173682322,1.7281191165837273,E,2017-07-10
KHC,KHC.O,2017-07-11,ESG-GARCH(G),0.2086830173682322,1.7281191165837273,G,2017-07-10
KHC,KHC.O,2017-07-11,ESG-GARCH(S),0.2086830173682322,1.7281191165837273,S,2017-07-10
KHC,KHC.O,2017-07-11,ESG-GJR-GARCH,0.2369073318822158,2.227185869029776,all,2017-07-10
KHC,KHC.O,2017-07-11,ESG-GJR-GARCH(E),0.236907331882216,2.22718586902978,E,2017-07-10
KHC,KHC.O,2017-07-11,ESG-GJR-GARCH(G),0.236907331882216,2.22718586902978,G,2017-07-10
KHC,KHC.O,2017-07-11,ESG-GJR-GARCH(S),0.236907331882216,2.22718586902978,S,2017-07-10
KHC,KHC.O,2017-07-11,GARCH,0.1880828231795943,1.403775729174864,,2017-07-10
KHC,KHC.O,2017-07-11,GJR-GARCH,0.2156154156459127,1.844841566038084,,2017-07-10
KHC,KHC.O,2017-07-12,EGARCH,0.1907509154801314,1.4438853871630262,,2017-07-10
KHC,KHC.O,2017-07-12,ESG-EGARCH,0.2107637220020287,1.7627518457201774,all,2017-07-10
KHC,KHC.O,2017-07-12,ESG-EGARCH(E),0.2107637220020287,1.7627518457201767,E,2017-07-10
KHC,KHC.O,2017-07-12,ESG-EGARCH(G),0.2107637220020287,1.7627518457201767,G,2017-07-10
KHC,KHC.O,2017-07-12,ESG-EGARCH(S),0.2107637220020287,1.7627518457201767,S,2017-07-10
KHC,KHC.O,2017-07-12,ESG-GARCH,0.2086830173682323,1.7281191165837286,all,2017-07-10
KHC,KHC.O,2017-07-12,ESG-GARCH(E),0.2086830173682322,1.7281191165837273,E,2017-07-10
KHC,KHC.O,2017-07-12,ESG-GARCH(G),0.2086830173682322,1.7281191165837273,G,2017-07-10
KHC,KHC.O,2017-07-12,ESG-GARCH(S),0.2086830173682322,1.7281191165837273,S,2017-07-10
KHC,KHC.O,2017-07-12,ESG-GJR-GARCH,0.2369073318822158,2.227185869029776,all,2017-07-10
KHC,KHC.O,2017-07-12,ESG-GJR-GARCH(E),0.236907331882216,2.22718586902978,E,2017-07-10
KHC,KHC.O,2017-07-12,ESG-GJR-GARCH(G),0.236907331882216,2.22718586902978,G,2017-07-10
KHC,KHC.O,2017-07-12,ESG-GJR-GARCH(S),0.236907331882216,2.22718586902978,S,2017-07-10
KHC,KHC.O,2017-07-12,GARCH,0.1880828231795943,1.403775729174864,,2017-07-10
KHC,KHC.O,2017-07-12,GJR-GARCH,0.2156154156459127,1.844841566038084,,2017-07-10
KHC,KHC.O,2017-07-13,EGARCH,0.1907509154801314,1.4438853871630262,,2017-07-10
KHC,KHC.O,2017-07-13,ESG-EGARCH,0.2107637220020287,1.7627518457201774,all,2017-07-10
KHC,KHC.O,2017-07-13,ESG-EGARCH(E),0.2107637220020287,1.7627518457201767,E,2017-07-10
KHC,KHC.O,2017-07-13,ESG-EGARCH(G),0.2107637220020287,1.7627518457201767,G,2017-07-10
KHC,KHC.O,2017-07-13,ESG-EGARCH(S),0.2107637220020287,1.7627518457201767,S,2017-07-10
KHC,KHC.O,2017-07-13,ESG-GARCH,0.2086830173682323,1.7281191165837286,all,2017-07-10
KHC,KHC.O,2017-07-13,ESG-GARCH(E),0.2086830173682322,1.7281191165837273,E,2017-07-10
KHC,KHC.O,2017-07-13,ESG-GARCH(G),0.2086830173682322,1.7281191165837273,G,2017-07-10
KHC,KHC.O,2017-07-13,ESG-GARCH(S),0.2086830173682322,1.7281191165837273,S,2017-07-10
KHC,KHC.O,2017-07-13,ESG-GJR-GARCH,0.2369073318822158,2.227185869029776,all,2017-07-10
KHC,KHC.O,2017-07-13,ESG-GJR-GARCH(E),0.236907331882216,2.22718586902978,E,2017-07-10
KHC,KHC.O,2017-07-13,ESG-GJR-GARCH(G),0.236907331882216,2.22718586902978,G,2017-07-10
KHC,KHC.O,2017-07-13,ESG-GJR-GARCH(S),0.236907331882216,2.22718586902978,S,2017-07-10
KHC,KHC.O,2017-07-13,GARCH,0.1880828231795943,1.403775729174864,,2017-07-10
KHC,KHC.O,2017-07-13,GJR-GARCH,0.2156154156459127,1.844841566038084,,2017-07-10
KHC,KHC.O,2017-07-14,EGARCH,0.1907509154801314,1.4438853871630262,,2017-07-10
KHC,KHC.O,2017-07-14,ESG-EGARCH,0.2107637220020287,1.7627518457201774,all,2017-07-10
KHC,KHC.O,2017-07-14,ESG-EGARCH(E),0.2107637220020287,1.7627518457201767,E,2017-07-10
KHC,KHC.O,2017-07-14,ESG-EGARCH(G),0.2107637220020287,1.7627518457201767,G,2017-07-10
KHC,KHC.O,2017-07-14,ESG-EGARCH(S),0.2107637220020287,1.7627518457201767,S,2017-07-10
KHC,KHC.O,2017-07-14,ESG-GARCH,0.2086830173682323,1.7281191165837286,all,2017-07-10
KHC,KHC.O,2017-07-14,ESG-GARCH(E),0.2086830173682322,1.7281191165837273,E,2017-07-10
KHC,KHC.O,2017-07-14,ESG-GARCH(G),0.2086830173682322,1.7281191165837273,G,2017-07-10
KHC,KHC.O,2017-07-14,ESG-GARCH(S),0.2086830173682322,1.7281191165837273,S,2017-07-10
KHC,KHC.O,2017-07-14,ESG-GJR-GARCH,0.2369073318822158,2.227185869029776,all,2017-07-10
KHC,KHC.O,2017-07-14,ESG-GJR-GARCH(E),0.236907331882216,2.22718586902978,E,2017-07-10
KHC,KHC.O,2017-07-14,ESG-GJR-GARCH(G),0.236907331882216,2.22718586902978,G,2017-07-10
KHC,KHC.O,2017-07-14,ESG-GJR-GARCH(S),0.236907331882216,2.22718586902978,S,2017-07-10
KHC,KHC.O,2017-07-14,GARCH,0.1880828231795943,1.403775729174864,,2017-07-10
KHC,KHC.O,2017-07-14,GJR-GARCH,0.2156154156459127,1.844841566038084,,2017-07-10
KHC,KHC.O,2017-07-17,EGARCH,0.1907509154801314,1.4438853871630262,,2017-07-10
KHC,KHC.O,2017-07-17,ESG-EGARCH,0.2107637220020287,1.7627518457201774,all,2017-07-10
KHC,KHC.O,2017-07-17,ESG-EGARCH(E),0.2107637220020287,1.7627518457201767,E,2017-07-10
KHC,KHC.O,2017-07-17,ESG-EGARCH(G),0.2107637220020287,1.7627518457201767,G,2017-07-10
KHC,KHC.O,2017-07-17,ESG-EGARCH(S),0.2107637220020287,1.7627518457201767,S,2017-07-10
KHC,KHC.O,2017-07-17,ESG-GARCH,0.2086830173682323,1.7281191165837286,all,2017-07-10
KHC,KHC.O,2017-07-17,ESG-GARCH(E),0.2086830173682322,1.7281191165837273,E,2017-07-10
KHC,KHC.O,2017-07-17,ESG-GARCH(G),0.2086830173682322,1.7281191165837273,G,2017-07-10
KHC,KHC.O,2017-07-17,ESG-GARCH(S),0.2086830173682322,1.7281191165837273,S,2017-07-10
KHC,KHC.O,2017-07-17,ESG-GJR-GARCH,0.2369073318822158,2.227185869029776,all,2017-07-10
KHC,KHC.O,2017-07-17,ESG-GJR-GARCH(E),0.236907331882216,2.22718586902978,E,2017-07-10
KHC,KHC.O,2017-07-17,ESG-GJR-GARCH(G),0.236907331882216,2.22718586902978,G,2017-07-10
KHC,KHC.O,2017-07-17,ESG-GJR-GARCH(S),0.236907331882216,2.22718586902978,S,2017-07-10
KHC,KHC.O,2017-07-17,GARCH,0.1880828231795943,1.403775729174864,,2017-07-10
KHC,KHC.O,2017-07-17,GJR-GARCH,0.2156154156459127,1.844841566038084,,2017-07-10
KHC,KHC.O,2017-07-18,EGARCH,0.1907509154801314,1.4438853871630262,,2017-07-10
KHC,KHC.O,2017-07-18,ESG-EGARCH,0.2107637220020287,1.7627518457201774,all,2017-07-10
KHC,KHC.O,2017-07-18,ESG-EGARCH(E),0.2107637220020287,1.7627518457201767,E,2017-07-10
KHC,KHC.O,2017-07-18,ESG-EGARCH(G),0.2107637220020287,1.7627518457201767,G,2017-07-10
KHC,KHC.O,2017-07-18,ESG-EGARCH(S),0.2107637220020287,1.7627518457201767,S,2017-07-10
KHC,KHC.O,2017-07-18,ESG-GARCH,0.2086830173682323,1.7281191165837286,all,2017-07-10
KHC,KHC.O,2017-07-18,ESG-GARCH(E),0.2086830173682322,1.7281191165837273,E,2017-07-10
KHC,KHC.O,2017-07-18,ESG-GARCH(G),0.2086830173682322,1.7281191165837273,G,2017-07-10
KHC,KHC.O,2017-07-18,ESG-GARCH(S),0.2086830173682322,1.7281191165837273,S,2017-07-10
KHC,KHC.O,2017-07-18,ESG-GJR-GARCH,0.2369073318822158,2.227185869029776,all,2017-07-10
KHC,KHC.O,2017-07-18,ESG-GJR-GARCH(E),0.236907331882216,2.22718586902978,E,2017-07-10
KHC,KHC.O,2017-07-18,ESG-GJR-GARCH(G),0.236907331882216,2.22718586902978,G,2017-07-10
KHC,KHC.O,2017-07-18,ESG-GJR-GARCH(S),0.236907331882216,2.22718586902978,S,2017-07-10
KHC,KHC.O,2017-07-18,GARCH,0.1880828231795943,1.403775729174864,,2017-07-10
KHC,KHC.O,2017-07-18,GJR-GARCH,0.2156154156459127,1.844841566038084,,2017-07-10
KHC,KHC.O,2017-07-19,EGARCH,0.1907509154801314,1.4438853871630262,,2017-07-10
KHC,KHC.O,2017-07-19,ESG-EGARCH,0.2107637220020287,1.7627518457201774,all,2017-07-10
KHC,KHC.O,2017-07-19,ESG-EGARCH(E),0.2107637220020287,1.7627518457201767,E,2017-07-10
KHC,KHC.O,2017-07-19,ESG-EGARCH(G),0.2107637220020287,1.7627518457201767,G,2017-07-10
KHC,KHC.O,2017-07-19,ESG-EGARCH(S),0.2107637220020287,1.7627518457201767,S,2017-07-10
KHC,KHC.O,2017-07-19,ESG-GARCH,0.2086830173682323,1.7281191165837286,all,2017-07-10
KHC,KHC.O,2017-07-19,ESG-GARCH(E),0.2086830173682322,1.7281191165837273,E,2017-07-10
KHC,KHC.O,2017-07-19,ESG-GARCH(G),0.2086830173682322,1.7281191165837273,G,2017-07-10
KHC,KHC.O,2017-07-19,ESG-GARCH(S),0.2086830173682322,1.7281191165837273,S,2017-07-10
KHC,KHC.O,2017-07-19,ESG-GJR-GARCH,0.2369073318822158,2.227185869029776,all,2017-07-10
KHC,KHC.O,2017-07-19,ESG-GJR-GARCH(E),0.236907331882216,2.22718586902978,E,2017-07-10
KHC,KHC.O,2017-07-19,ESG-GJR-GARCH(G),0.236907331882216,2.22718586902978,G,2017-07-10
KHC,KHC.O,2017-07-19,ESG-GJR-GARCH(S),0.236907331882216,2.22718586902978,S,2017-07-10
KHC,KHC.O,2017-07-19,GARCH,0.1880828231795943,1.403775729174864,,2017-07-10
KHC,KHC.O,2017-07-19,GJR-GARCH,0.2156154156459127,1.844841566038084,,2017-07-10
KHC,KHC.O,2017-07-20,EGARCH,0.1907509154801314,1.4438853871630262,,2017-07-10
KHC,KHC.O,2017-07-20,ESG-EGARCH,0.2107637220020287,1.7627518457201774,all,2017-07-10
KHC,KHC.O,2017-07-20,ESG-EGARCH(E),0.2107637220020287,1.7627518457201767,E,2017-07-10
KHC,KHC.O,2017-07-20,ESG-EGARCH(G),0.2107637220020287,1.7627518457201767,G,2017-07-10
KHC,KHC.O,2017-07-20,ESG-EGARCH(S),0.2107637220020287,1.7627518457201767,S,2017-07-10
KHC,KHC.O,2017-07-20,ESG-GARCH,0.2086830173682323,1.7281191165837286,all,2017-07-10
KHC,KHC.O,2017-07-20,ESG-GARCH(E),0.2086830173682322,1.7281191165837273,E,2017-07-10
KHC,KHC.O,2017-07-20,ESG-GARCH(G),0.2086830173682322,1.7281191165837273,G,2017-07-10
KHC,KHC.O,2017-07-20,ESG-GARCH(S),0.2086830173682322,1.7281191165837273,S,2017-07-10
KHC,KHC.O,2017-07-20,ESG-GJR-GARCH,0.2369073318822158,2.227185869029776,all,2017-07-10
KHC,KHC.O,2017-07-20,ESG-GJR-GARCH(E),0.236907331882216,2.22718586902978,E,2017-07-10
KHC,KHC.O,2017-07-20,ESG-GJR-GARCH(G),0.236907331882216,2.22718586902978,G,2017-07-10
KHC,KHC.O,2017-07-20,ESG-GJR-GARCH(S),0.236907331882216,2.22718586902978,S,2017-07-10
KHC,KHC.O,2017-07-20,GARCH,0.1880828231795943,1.403775729174864,,2017-07-10
KHC,KHC.O,2017-07-20,GJR-GARCH,0.2156154156459127,1.844841566038084,,2017-07-10
KHC,KHC.O,2017-07-21,EGARCH,0.1907509154801314,1.4438853871630262,,2017-07-10
KHC,KHC.O,2017-07-21,ESG-EGARCH,0.2107637220020287,1.7627518457201774,all,2017-07-10
KHC,KHC.O,2017-07-21,ESG-EGARCH(E),0.2107637220020287,1.7627518457201767,E,2017-07-10
KHC,KHC.O,2017-07-21,ESG-EGARCH(G),0.2107637220020287,1.7627518457201767,G,2017-07-10
KHC,KHC.O,2017-07-21,ESG-EGARCH(S),0.2107637220020287,1.7627518457201767,S,2017-07-10
KHC,KHC.O,2017-07-21,ESG-GARCH,0.2086830173682323,1.7281191165837286,all,2017-07-10
KHC,KHC.O,2017-07-21,ESG-GARCH(E),0.2086830173682322,1.7281191165837273,E,2017-07-10
KHC,KHC.O,2017-07-21,ESG-GARCH(G),0.2086830173682322,1.7281191165837273,G,2017-07-10
KHC,KHC.O,2017-07-21,ESG-GARCH(S),0.2086830173682322,1.7281191165837273,S,2017-07-10
KHC,KHC.O,2017-07-21,ESG-GJR-GARCH,0.2369073318822158,2.227185869029776,all,2017-07-10
KHC,KHC.O,2017-07-21,ESG-GJR-GARCH(E),0.236907331882216,2.22718586902978,E,2017-07-10
KHC,KHC.O,2017-07-21,ESG-GJR-GARCH(G),0.236907331882216,2.22718586902978,G,2017-07-10
KHC,KHC.O,2017-07-21,ESG-GJR-GARCH(S),0.236907331882216,2.22718586902978,S,2017-07-10
KHC,KHC.O,2017-07-21,GARCH,0.1880828231795943,1.403775729174864,,2017-07-10
KHC,KHC.O,2017-07-21,GJR-GARCH,0.2156154156459127,1.844841566038084,,2017-07-10
KHC,KHC.O,2017-07-24,EGARCH,0.1907509154801314,1.4438853871630262,,2017-07-10
KHC,KHC.O,2017-07-24,ESG-EGARCH,0.2107637220020287,1.7627518457201774,all,2017-07-10
KHC,KHC.O,2017-07-24,ESG-EGARCH(E),0.2107637220020287,1.7627518457201767,E,2017-07-10
KHC,KHC.O,2017-07-24,ESG-EGARCH(G),0.2107637220020287,1.7627518457201767,G,2017-07-10
KHC,KHC.O,2017-07-24,ESG-EGARCH(S),0.2107637220020287,1.7627518457201767,S,2017-07-10
KHC,KHC.O,2017-07-24,ESG-GARCH,0.2086830173682323,1.7281191165837286,all,2017-07-10
KHC,KHC.O,2017-07-24,ESG-GARCH(E),0.2086830173682322,1.7281191165837273,E,2017-07-10
KHC,KHC.O,2017-07-24,ESG-GARCH(G),0.2086830173682322,1.7281191165837273,G,2017-07-10
KHC,KHC.O,2017-07-24,ESG-GARCH(S),0.2086830173682322,1.7281191165837273,S,2017-07-10
KHC,KHC.O,2017-07-24,ESG-GJR-GARCH,0.2369073318822158,2.227185869029776,all,2017-07-10
KHC,KHC.O,2017-07-24,ESG-GJR-GARCH(E),0.236907331882216,2.22718586902978,E,2017-07-10
KHC,KHC.O,2017-07-24,ESG-GJR-GARCH(G),0.236907331882216,2.22718586902978,G,2017-07-10
KHC,KHC.O,2017-07-24,ESG-GJR-GARCH(S),0.236907331882216,2.22718586902978,S,2017-07-10
KHC,KHC.O,2017-07-24,GARCH,0.1880828231795943,1.403775729174864,,2017-07-10
KHC,KHC.O,2017-07-24,GJR-GARCH,0.2156154156459127,1.844841566038084,,2017-07-10
KHC,KHC.O,2017-07-25,EGARCH,0.1907509154801314,1.4438853871630262,,2017-07-10
KHC,KHC.O,2017-07-25,ESG-EGARCH,0.2107637220020287,1.7627518457201774,all,2017-07-10
KHC,KHC.O,2017-07-25,ESG-EGARCH(E),0.2107637220020287,1.7627518457201767,E,2017-07-10
KHC,KHC.O,2017-07-25,ESG-EGARCH(G),0.2107637220020287,1.7627518457201767,G,2017-07-10
KHC,KHC.O,2017-07-25,ESG-EGARCH(S),0.2107637220020287,1.7627518457201767,S,2017-07-10
KHC,KHC.O,2017-07-25,ESG-GARCH,0.2086830173682323,1.7281191165837286,all,2017-07-10
KHC,KHC.O,2017-07-25,ESG-GARCH(E),0.2086830173682322,1.7281191165837273,E,2017-07-10
KHC,KHC.O,2017-07-25,ESG-GARCH(G),0.2086830173682322,1.7281191165837273,G,2017-07-10
KHC,KHC.O,2017-07-25,ESG-GARCH(S),0.2086830173682322,1.7281191165837273,S,2017-07-10
KHC,KHC.O,2017-07-25,ESG-GJR-GARCH,0.2369073318822158,2.227185869029776,all,2017-07-10
KHC,KHC.O,2017-07-25,ESG-GJR-GARCH(E),0.236907331882216,2.22718586902978,E,2017-07-10
KHC,KHC.O,2017-07-25,ESG-GJR-GARCH(G),0.236907331882216,2.22718586902978,G,2017-07-10
KHC,KHC.O,2017-07-25,ESG-GJR-GARCH(S),0.236907331882216,2.22718586902978,S,2017-07-10
KHC,KHC.O,2017-07-25,GARCH,0.1880828231795943,1.403775729174864,,2017-07-10
KHC,KHC.O,2017-07-25,GJR-GARCH,0.2156154156459127,1.844841566038084,,2017-07-10
KHC,KHC.O,2017-07-26,EGARCH,0.1907509154801314,1.4438853871630262,,2017-07-10
KHC,KHC.O,2017-07-26,ESG-EGARCH,0.2107637220020287,1.7627518457201774,all,2017-07-10
KHC,KHC.O,2017-07-26,ESG-EGARCH(E),0.2107637220020287,1.7627518457201767,E,2017-07-10
KHC,KHC.O,2017-07-26,ESG-EGARCH(G),0.2107637220020287,1.7627518457201767,G,2017-07-10
KHC,KHC.O,2017-07-26,ESG-EGARCH(S),0.2107637220020287,1.7627518457201767,S,2017-07-10
KHC,KHC.O,2017-07-26,ESG-GARCH,0.2086830173682323,1.7281191165837286,all,2017-07-10
KHC,KHC.O,2017-07-26,ESG-GARCH(E),0.2086830173682322,1.7281191165837273,E,2017-07-10
KHC,KHC.O,2017-07-26,ESG-GARCH(G),0.2086830173682322,1.7281191165837273,G,2017-07-10
KHC,KHC.O,2017-07-26,ESG-GARCH(S),0.2086830173682322,1.7281191165837273,S,2017-07-10
KHC,KHC.O,2017-07-26,ESG-GJR-GARCH,0.2369073318822158,2.227185869029776,all,2017-07-10
KHC,KHC.O,2017-07-26,ESG-GJR-GARCH(E),0.236907331882216,2.22718586902978,E,2017-07-10
KHC,KHC.O,2017-07-26,ESG-GJR-GARCH(G),0.236907331882216,2.22718586902978,G,2017-07-10
KHC,KHC.O,2017-07-26,ESG-GJR-GARCH(S),0.236907331882216,2.22718586902978,S,2017-07-10
KHC,KHC.O,2017-07-26,GARCH,0.1880828231795943,1.403775729174864,,2017-07-10
KHC,KHC.O,2017-07-26,GJR-GARCH,0.2156154156459127,1.844841566038084,,2017-07-10
KHC,KHC.O,2017-07-27,EGARCH,0.1907509154801314,1.4438853871630262,,2017-07-10
KHC,KHC.O,2017-07-27,ESG-EGARCH,0.2107637220020287,1.7627518457201774,all,2017-07-10
KHC,KHC.O,2017-07-27,ESG-EGARCH(E),0.2107637220020287,1.7627518457201767,E,2017-07-10
KHC,KHC.O,2017-07-27,ESG-EGARCH(G),0.2107637220020287,1.7627518457201767,G,2017-07-10
KHC,KHC.O,2017-07-27,ESG-EGARCH(S),0.2107637220020287,1.7627518457201767,S,2017-07-10
KHC,KHC.O,2017-07-27,ESG-GARCH,0.2086830173682323,1.7281191165837286,all,2017-07-10
KHC,KHC.O,2017-07-27,ESG-GARCH(E),0.2086830173682322,1.7281191165837273,E,2017-07-10
KHC,KHC.O,2017-07-27,ESG-GARCH(G),0.2086830173682322,1.7281191165837273,G,2017-07-10
KHC,KHC.O,2017-07-27,ESG-GARCH(S),0.2086830173682322,1.7281191165837273,S,2017-07-10
KHC,KHC.O,2017-07-27,ESG-GJR-GARCH,0.2369073318822158,2.227185869029776,all,2017-07-10
KHC,KHC.O,2017-07-27,ESG-GJR-GARCH(E),0.236907331882216,2.22718586902978,E,2017-07-10
KHC,KHC.O,2017-07-27,ESG-GJR-GARCH(G),0.236907331882216,2.22718586902978,G,2017-07-10
KHC,KHC.O,2017-07-27,ESG-GJR-GARCH(S),0.236907331882216,2.22718586902978,S,2017-07-10
KHC,KHC.O,2017-07-27,GARCH,0.1880828231795943,1.403775729174864,,2017-07-10
KHC,KHC.O,2017-07-27,GJR-GARCH,0.2156154156459127,1.844841566038084,,2017-07-10
KHC,KHC.O,2017-07-28,EGARCH,0.1907509154801314,1.4438853871630262,,2017-07-10
KHC,KHC.O,2017-07-28,ESG-EGARCH,0.2107637220020287,1.7627518457201774,all,2017-07-10
KHC,KHC.O,2017-07-28,ESG-EGARCH(E),0.2107637220020287,1.7627518457201767,E,2017-07-10
KHC,KHC.O,2017-07-28,ESG-EGARCH(G),0.2107637220020287,1.7627518457201767,G,2017-07-10
KHC,KHC.O,2017-07-28,ESG-EGARCH(S),0.2107637220020287,1.7627518457201767,S,2017-07-10
KHC,KHC.O,2017-07-28,ESG-GARCH,0.2086830173682323,1.7281191165837286,all,2017-07-10
KHC,KHC.O,2017-07-28,ESG-GARCH(E),0.2086830173682322,1.7281191165837273,E,2017-07-10
KHC,KHC.O,2017-07-28,ESG-GARCH(G),0.2086830173682322,1.7281191165837273,G,2017-07-10
KHC,KHC.O,2017-07-28,ESG-GARCH(S),0.2086830173682322,1.7281191165837273,S,2017-07-10
KHC,KHC.O,2017-07-28,ESG-GJR-GARCH,0.2369073318822158,2.227185869029776,all,2017-07-10
KHC,KHC.O,2017-07-28,ESG-GJR-GARCH(E),0.236907331882216,2.22718586902978,E,2017-07-10
KHC,KHC.O,2017-07-28,ESG-GJR-GARCH(G),0.236907331882216,2.22718586902978,G,2017-07-10
KHC,KHC.O,2017-07-28,ESG-GJR-GARCH(S),0.236907331882216,2.22718586902978,S,2017-07-10
KHC,KHC.O,2017-07-28,GARCH,0.1880828231795943,1.403775729174864,,2017-07-10
KHC,KHC.O,2017-07-28,GJR-GARCH,0.2156154156459127,1.844841566038084,,2017-07-10
KHC,KHC.O,2017-07-31,EGARCH,0.1907509154801314,1.4438853871630262,,2017-07-10
KHC,KHC.O,2017-07-31,ESG-EGARCH,0.2107637220020287,1.7627518457201774,all,2017-07-10
KHC,KHC.O,2017-07-31,ESG-EGARCH(E),0.2107637220020287,1.7627518457201767,E,2017-07-10
KHC,KHC.O,2017-07-31,ESG-EGARCH(G),0.2107637220020287,1.7627518457201767,G,2017-07-10
KHC,KHC.O,2017-07-31,ESG-EGARCH(S),0.2107637220020287,1.7627518457201767,S,2017-07-10
KHC,KHC.O,2017-07-31,ESG-GARCH,0.2086830173682323,1.7281191165837286,all,2017-07-10
KHC,KHC.O,2017-07-31,ESG-GARCH(E),0.2086830173682322,1.7281191165837273,E,2017-07-10
KHC,KHC.O,2017-07-31,ESG-GARCH(G),0.2086830173682322,1.7281191165837273,G,2017-07-10
KHC,KHC.O,2017-07-31,ESG-GARCH(S),0.2086830173682322,1.7281191165837273,S,2017-07-10
KHC,KHC.O,2017-07-31,ESG-GJR-GARCH,0.2369073318822158,2.227185869029776,all,2017-07-10
KHC,KHC.O,2017-07-31,ESG-GJR-GARCH(E),0.236907331882216,2.22718586902978,E,2017-07-10
KHC,KHC.O,2017-07-31,ESG-GJR-GARCH(G),0.236907331882216,2.22718586902978,G,2017-07-10
KHC,KHC.O,2017-07-31,ESG-GJR-GARCH(S),0.236907331882216,2.22718586902978,S,2017-07-10
KHC,KHC.O,2017-07-31,GARCH,0.1880828231795943,1.403775729174864,,2017-07-10
KHC,KHC.O,2017-07-31,GJR-GARCH,0.2156154156459127,1.844841566038084,,2017-07-10
KHC,KHC.O,2017-08-01,EGARCH,0.1907509154801314,1.4438853871630262,,2017-07-10
KHC,KHC.O,2017-08-01,ESG-EGARCH,0.2107637220020287,1.7627518457201774,all,2017-07-10
KHC,KHC.O,2017-08-01,ESG-EGARCH(E),0.2107637220020287,1.7627518457201767,E,2017-07-10
KHC,KHC.O,2017-08-01,ESG-EGARCH(G),0.2107637220020287,1.7627518457201767,G,2017-07-10
KHC,KHC.O,2017-08-01,ESG-EGARCH(S),0.2107637220020287,1.7627518457201767,S,2017-07-10
KHC,KHC.O,2017-08-01,ESG-GARCH,0.2086830173682323,1.7281191165837286,all,2017-07-10
KHC,KHC.O,2017-08-01,ESG-GARCH(E),0.2086830173682322,1.7281191165837273,E,2017-07-10
KHC,KHC.O,2017-08-01,ESG-GARCH(G),0.2086830173682322,1.7281191165837273,G,2017-07-10
KHC,KHC.O,2017-08-01,ESG-GARCH(S),0.2086830173682322,1.7281191165837273,S,2017-07-10
KHC,KHC.O,2017-08-01,ESG-GJR-GARCH,0.2369073318822158,2.227185869029776,all,2017-07-10
KHC,KHC.O,2017-08-01,ESG-GJR-GARCH(E),0.236907331882216,2.22718586902978,E,2017-07-10
KHC,KHC.O,2017-08-01,ESG-GJR-GARCH(G),0.236907331882216,2.22718586902978,G,2017-07-10
KHC,KHC.O,2017-08-01,ESG-GJR-GARCH(S),0.236907331882216,2.22718586902978,S,2017-07-10
KHC,KHC.O,2017-08-01,GARCH,0.1880828231795943,1.403775729174864,,2017-07-10
KHC,KHC.O,2017-08-01,GJR-GARCH,0.2156154156459127,1.844841566038084,,2017-07-10
KHC,KHC.O,2017-08-02,EGARCH,0.1907509154801314,1.4438853871630262,,2017-07-10
KHC,KHC.O,2017-08-02,ESG-EGARCH,0.2107637220020287,1.7627518457201774,all,2017-07-10
KHC,KHC.O,2017-08-02,ESG-EGARCH(E),0.2107637220020287,1.7627518457201767,E,2017-07-10
KHC,KHC.O,2017-08-02,ESG-EGARCH(G),0.2107637220020287,1.7627518457201767,G,2017-07-10
KHC,KHC.O,2017-08-02,ESG-EGARCH(S),0.2107637220020287,1.7627518457201767,S,2017-07-10
KHC,KHC.O,2017-08-02,ESG-GARCH,0.2086830173682323,1.7281191165837286,all,2017-07-10
KHC,KHC.O,2017-08-02,ESG-GARCH(E),0.2086830173682322,1.7281191165837273,E,2017-07-10
KHC,KHC.O,2017-08-02,ESG-GARCH(G),0.2086830173682322,1.7281191165837273,G,2017-07-10
KHC,KHC.O,2017-08-02,ESG-GARCH(S),0.2086830173682322,1.7281191165837273,S,2017-07-10
KHC,KHC.O,2017-08-02,ESG-GJR-GARCH,0.2369073318822158,2.227185869029776,all,2017-07-10
KHC,KHC.O,2017-08-02,ESG-GJR-GARCH(E),0.236907331882216,2.22718586902978,E,2017-07-10
KHC,KHC.O,2017-08-02,ESG-GJR-GARCH(G),0.236907331882216,2.22718586902978,G,2017-07-10
KHC,KHC.O,2017-08-02,ESG-GJR-GARCH(S),0.236907331882216,2.22718586902978,S,2017-07-10
KHC,KHC.O,2017-08-02,GARCH,0.1880828231795943,1.403775729174864,,2017-07-10
KHC,KHC.O,2017-08-02,GJR-GARCH,0.2156154156459127,1.844841566038084,,2017-07-10
KHC,KHC.O,2017-08-03,EGARCH,0.1907509154801314,1.4438853871630262,,2017-07-10
KHC,KHC.O,2017-08-03,ESG-EGARCH,0.2107637220020287,1.7627518457201774,all,2017-07-10
KHC,KHC.O,2017-08-03,ESG-EGARCH(E),0.2107637220020287,1.7627518457201767,E,2017-07-10
KHC,KHC.O,2017-08-03,ESG-EGARCH(G),0.2107637220020287,1.7627518457201767,G,2017-07-10
KHC,KHC.O,2017-08-03,ESG-EGARCH(S),0.2107637220020287,1.7627518457201767,S,2017-07-10
KHC,KHC.O,2017-08-03,ESG-GARCH,0.2086830173682323,1.7281191165837286,all,2017-07-10
KHC,KHC.O,2017-08-03,ESG-GARCH(E),0.2086830173682322,1.7281191165837273,E,2017-07-10
KHC,KHC.O,2017-08-03,ESG-GARCH(G),0.2086830173682322,1.7281191165837273,G,2017-07-10
KHC,KHC.O,2017-08-03,ESG-GARCH(S),0.2086830173682322,1.7281191165837273,S,2017-07-10
KHC,KHC.O,2017-08-03,ESG-GJR-GARCH,0.2369073318822158,2.227185869029776,all,2017-07-10
KHC,KHC.O,2017-08-03,ESG-GJR-GARCH(E),0.236907331882216,2.22718586902978,E,2017-07-10
KHC,KHC.O,2017-08-03,ESG-GJR-GARCH(G),0.236907331882216,2.22718586902978,G,2017-07-10
KHC,KHC.O,2017-08-03,ESG-GJR-GARCH(S),0.236907331882216,2.22718586902978,S,2017-07-10
KHC,KHC.O,2017-08-03,GARCH,0.1880828231795943,1.403775729174864,,2017-07-10
KHC,KHC.O,2017-08-03,GJR-GARCH,0.2156154156459127,1.844841566038084,,2017-07-10
KHC,KHC.O,2017-08-04,EGARCH,0.1907509154801314,1.4438853871630262,,2017-07-10
KHC,KHC.O,2017-08-04,ESG-EGARCH,0.2107637220020287,1.7627518457201774,all,2017-07-10
KHC,KHC.O,2017-08-04,ESG-EGARCH(E),0.2107637220020287,1.7627518457201767,E,2017-07-10
KHC,KHC.O,2017-08-04,ESG-EGARCH(G),0.2107637220020287,1.7627518457201767,G,2017-07-10
KHC,KHC.O,2017-08-04,ESG-EGARCH(S),0.2107637220020287,1.7627518457201767,S,2017-07-10
KHC,KHC.O,2017-08-04,ESG-GARCH,0.2086830173682323,1.7281191165837286,all,2017-07-10
KHC,KHC.O,2017-08-04,ESG-GARCH(E),0.2086830173682322,1.7281191165837273,E,2017-07-10
KHC,KHC.O,2017-08-04,ESG-GARCH(G),0.2086830173682322,1.7281191165837273,G,2017-07-10
KHC,KHC.O,2017-08-04,ESG-GARCH(S),0.2086830173682322,1.7281191165837273,S,2017-07-10
KHC,KHC.O,2017-08-04,ESG-GJR-GARCH,0.2369073318822158,2.227185869029776,all,2017-07-10
KHC,KHC.O,2017-08-04,ESG-GJR-GARCH(E),0.236907331882216,2.22718586902978,E,2017-07-10
KHC,KHC.O,2017-08-04,ESG-GJR-GARCH(G),0.236907331882216,2.22718586902978,G,2017-07-10
KHC,KHC.O,2017-08-04,ESG-GJR-GARCH(S),0.236907331882216,2.22718586902978,S,2017-07-10
KHC,KHC.O,2017-08-04,GARCH,0.1880828231795943,1.403775729174864,,2017-07-10
KHC,KHC.O,2017-08-04,GJR-GARCH,0.2156154156459127,1.844841566038084,,2017-07-10
KHC,KHC.O,2017-08-07,EGARCH,0.1907509154801314,1.4438853871630262,,2017-07-10
KHC,KHC.O,2017-08-07,ESG-EGARCH,0.2107637220020287,1.7627518457201774,all,2017-07-10
KHC,KHC.O,2017-08-07,ESG-EGARCH(E),0.2107637220020287,1.7627518457201767,E,2017-07-10
KHC,KHC.O,2017-08-07,ESG-EGARCH(G),0.2107637220020287,1.7627518457201767,G,2017-07-10
KHC,KHC.O,2017-08-07,ESG-EGARCH(S),0.2107637220020287,1.7627518457201767,S,2017-07-10
KHC,KHC.O,2017-08-07,ESG-GARCH,0.2086830173682323,1.7281191165837286,all,2017-07-10
KHC,KHC.O,2017-08-07,ESG-GARCH(E),0.2086830173682322,1.7281191165837273,E,2017-07-10
KHC,KHC.O,2017-08-07,ESG-GARCH(G),0.2086830173682322,1.7281191165837273,G,2017-07-10
KHC,KHC.O,2017-08-07,ESG-GARCH(S),0.2086830173682322,1.7281191165837273,S,2017-07-10
KHC,KHC.O,2017-08-07,ESG-GJR-GARCH,0.2369073318822158,2.227185869029776,all,2017-07-10
KHC,KHC.O,2017-08-07,ESG-GJR-GARCH(E),0.236907331882216,2.22718586902978,E,2017-07-10
KHC,KHC.O,2017-08-07,ESG-GJR-GARCH(G),0.236907331882216,2.22718586902978,G,2017-07-10
KHC,KHC.O,2017-08-07,ESG-GJR-GARCH(S),0.236907331882216,2.22718586902978,S,2017-07-10
KHC,KHC.O,2017-08-07,GARCH,0.1880828231795943,1.403775729174864,,2017-07-10
KHC,KHC.O,2017-08-07,GJR-GARCH,0.2156154156459127,1.844841566038084,,2017-07-10
KHC,KHC.O,2017-08-08,EGARCH,0.1907509154801314,1.4438853871630262,,2017-07-10
KHC,KHC.O,2017-08-08,ESG-EGARCH,0.2107637220020287,1.7627518457201774,all,2017-07-10
KHC,KHC.O,2017-08-08,ESG-EGARCH(E),0.2107637220020287,1.7627518457201767,E,2017-07-10
KHC,KHC.O,2017-08-08,ESG-EGARCH(G),0.2107637220020287,1.7627518457201767,G,2017-07-10
KHC,KHC.O,2017-08-08,ESG-EGARCH(S),0.2107637220020287,1.7627518457201767,S,2017-07-10
KHC,KHC.O,2017-08-08,ESG-GARCH,0.2086830173682323,1.7281191165837286,all,2017-07-10
KHC,KHC.O,2017-08-08,ESG-GARCH(E),0.2086830173682322,1.7281191165837273,E,2017-07-10
KHC,KHC.O,2017-08-08,ESG-GARCH(G),0.2086830173682322,1.7281191165837273,G,2017-07-10
KHC,KHC.O,2017-08-08,ESG-GARCH(S),0.2086830173682322,1.7281191165837273,S,2017-07-10
KHC,KHC.O,2017-08-08,ESG-GJR-GARCH,0.2369073318822158,2.227185869029776,all,2017-07-10
KHC,KHC.O,2017-08-08,ESG-GJR-GARCH(E),0.236907331882216,2.22718586902978,E,2017-07-10
KHC,KHC.O,2017-08-08,ESG-GJR-GARCH(G),0.236907331882216,2.22718586902978,G,2017-07-10
KHC,KHC.O,2017-08-08,ESG-GJR-GARCH(S),0.236907331882216,2.22718586902978,S,2017-07-10
KHC,KHC.O,2017-08-08,GARCH,0.1880828231795943,1.403775729174864,,2017-07-10
KHC,KHC.O,2017-08-08,GJR-GARCH,0.2156154156459127,1.844841566038084,,2017-07-10
KHC,KHC.O,2017-08-09,EGARCH,0.1563941133243029,0.970599947718052,,2017-08-09
KHC,KHC.O,2017-08-09,ESG-EGARCH,0.1343510413796663,0.7162778698333656,all,2017-08-09
KHC,KHC.O,2017-08-09,ESG-EGARCH(E),0.1343510413796663,0.7162778698333656,E,2017-08-09
KHC,KHC.O,2017-08-09,ESG-EGARCH(G),0.1343510413796663,0.7162778698333659,G,2017-08-09
KHC,KHC.O,2017-08-09,ESG-EGARCH(S),0.1343510413796663,0.7162778698333656,S,2017-08-09
KHC,KHC.O,2017-08-09,ESG-GARCH,0.1421953165398478,0.8023614303915684,all,2017-08-09
KHC,KHC.O,2017-08-09,ESG-GARCH(E),0.1421953165398478,0.8023614303915686,E,2017-08-09
KHC,KHC.O,2017-08-09,ESG-GARCH(G),0.1421953165398478,0.8023614303915685,G,2017-08-09
KHC,KHC.O,2017-08-09,ESG-GARCH(S),0.1421953165398478,0.8023614303915686,S,2017-08-09
KHC,KHC.O,2017-08-09,ESG-GJR-GARCH,0.1417361385404332,0.7971878162044796,all,2017-08-09
KHC,KHC.O,2017-08-09,ESG-GJR-GARCH(E),0.1417361385404332,0.7971878162044798,E,2017-08-09
KHC,KHC.O,2017-08-09,ESG-GJR-GARCH(G),0.1417361385404332,0.7971878162044798,G,2017-08-09
KHC,KHC.O,2017-08-09,ESG-GJR-GARCH(S),0.1417361385404332,0.7971878162044798,S,2017-08-09
KHC,KHC.O,2017-08-09,GARCH,0.1588210224584918,1.0009570307444746,,2017-08-09
KHC,KHC.O,2017-08-09,GJR-GARCH,0.1662605764667923,1.0969277494869083,,2017-08-09
KHC,KHC.O,2017-08-10,EGARCH,0.1563941133243029,0.970599947718052,,2017-08-09
KHC,KHC.O,2017-08-10,ESG-EGARCH,0.1343510413796663,0.7162778698333656,all,2017-08-09
KHC,KHC.O,2017-08-10,ESG-EGARCH(E),0.1343510413796663,0.7162778698333656,E,2017-08-09
KHC,KHC.O,2017-08-10,ESG-EGARCH(G),0.1343510413796663,0.7162778698333659,G,2017-08-09
KHC,KHC.O,2017-08-10,ESG-EGARCH(S),0.1343510413796663,0.7162778698333656,S,2017-08-09
KHC,KHC.O,2017-08-10,ESG-GARCH,0.1421953165398478,0.8023614303915684,all,2017-08-09
KHC,KHC.O,2017-08-10,ESG-GARCH(E),0.1421953165398478,0.8023614303915686,E,2017-08-09
KHC,KHC.O,2017-08-10,ESG-GARCH(G),0.1421953165398478,0.8023614303915685,G,2017-08-09
KHC,KHC.O,2017-08-10,ESG-GARCH(S),0.1421953165398478,0.8023614303915686,S,2017-08-09
KHC,KHC.O,2017-08-10,ESG-GJR-GARCH,0.1417361385404332,0.7971878162044796,all,2017-08-09
KHC,KHC.O,2017-08-10,ESG-GJR-GARCH(E),0.1417361385404332,0.7971878162044798,E,2017-08-09
KHC,KHC.O,2017-08-10,ESG-GJR-GARCH(G),0.1417361385404332,0.7971878162044798,G,2017-08-09
KHC,KHC.O,2017-08-10,ESG-GJR-GARCH(S),0.1417361385404332,0.7971878162044798,S,2017-08-09
KHC,KHC.O,2017-08-10,GARCH,0.1588210224584918,1.0009570307444746,,2017-08-09
KHC,KHC.O,2017-08-10,GJR-GARCH,0.1662605764667923,1.0969277494869083,,2017-08-09
KHC,KHC.O,2017-08-11,EGARCH,0.1563941133243029,0.970599947718052,,2017-08-09
KHC,KHC.O,2017-08-11,ESG-EGARCH,0.1343510413796663,0.7162778698333656,all,2017-08-09
KHC,KHC.O,2017-08-11,ESG-EGARCH(E),0.1343510413796663,0.7162778698333656,E,2017-08-09
KHC,KHC.O,2017-08-11,ESG-EGARCH(G),0.1343510413796663,0.7162778698333659,G,2017-08-09
KHC,KHC.O,2017-08-11,ESG-EGARCH(S),0.1343510413796663,0.7162778698333656,S,2017-08-09
KHC,KHC.O,2017-08-11,ESG-GARCH,0.1421953165398478,0.8023614303915684,all,2017-08-09
KHC,KHC.O,2017-08-11,ESG-GARCH(E),0.1421953165398478,0.8023614303915686,E,2017-08-09
KHC,KHC.O,2017-08-11,ESG-GARCH(G),0.1421953165398478,0.8023614303915685,G,2017-08-09
KHC,KHC.O,2017-08-11,ESG-GARCH(S),0.1421953165398478,0.8023614303915686,S,2017-08-09
KHC,KHC.O,2017-08-11,ESG-GJR-GARCH,0.1417361385404332,0.7971878162044796,all,2017-08-09
KHC,KHC.O,2017-08-11,ESG-GJR-GARCH(E),0.1417361385404332,0.7971878162044798,E,2017-08-09
KHC,KHC.O,2017-08-11,ESG-GJR-GARCH(G),0.1417361385404332,0.7971878162044798,G,2017-08-09
KHC,KHC.O,2017-08-11,ESG-GJR-GARCH(S),0.1417361385404332,0.7971878162044798,S,2017-08-09
KHC,KHC.O,2017-08-11,GARCH,0.1588210224584918,1.0009570307444746,,2017-08-09
KHC,KHC.O,2017-08-11,GJR-GARCH,0.1662605764667923,1.0969277494869083,,2017-08-09
KHC,KHC.O,2017-08-14,EGARCH,0.1563941133243029,0.970599947718052,,2017-08-09
KHC,KHC.O,2017-08-14,ESG-EGARCH,0.1343510413796663,0.7162778698333656,all,2017-08-09
KHC,KHC.O,2017-08-14,ESG-EGARCH(E),0.1343510413796663,0.7162778698333656,E,2017-08-09
KHC,KHC.O,2017-08-14,ESG-EGARCH(G),0.1343510413796663,0.7162778698333659,G,2017-08-09
KHC,KHC.O,2017-08-14,ESG-EGARCH(S),0.1343510413796663,0.7162778698333656,S,2017-08-09
KHC,KHC.O,2017-08-14,ESG-GARCH,0.1421953165398478,0.8023614303915684,all,2017-08-09
KHC,KHC.O,2017-08-14,ESG-GARCH(E),0.1421953165398478,0.8023614303915686,E,2017-08-09
KHC,KHC.O,2017-08-14,ESG-GARCH(G),0.1421953165398478,0.8023614303915685,G,2017-08-09
KHC,KHC.O,2017-08-14,ESG-GARCH(S),0.1421953165398478,0.8023614303915686,S,2017-08-09
KHC,KHC.O,2017-08-14,ESG-GJR-GARCH,0.1417361385404332,0.7971878162044796,all,2017-08-09
KHC,KHC.O,2017-08-14,ESG-GJR-GARCH(E),0.1417361385404332,0.7971878162044798,E,2017-08-09
KHC,KHC.O,2017-08-14,ESG-GJR-GARCH(G),0.1417361385404332,0.7971878162044798,G,2017-08-09
KHC,KHC.O,2017-08-14,ESG-GJR-GARCH(S),0.1417361385404332,0.7971878162044798,S,2017-08-09
KHC,KHC.O,2017-08-14,GARCH,0.1588210224584918,1.0009570307444746,,2017-08-09
KHC,KHC.O,2017-08-14,GJR-GARCH,0.1662605764667923,1.0969277494869083,,2017-08-09
KHC,KHC.O,2017-08-15,EGARCH,0.1563941133243029,0.970599947718052,,2017-08-09
KHC,KHC.O,2017-08-15,ESG-EGARCH,0.1343510413796663,0.7162778698333656,all,2017-08-09
KHC,KHC.O,2017-08-15,ESG-EGARCH(E),0.1343510413796663,0.7162778698333656,E,2017-08-09
KHC,KHC.O,2017-08-15,ESG-EGARCH(G),0.1343510413796663,0.7162778698333659,G,2017-08-09
KHC,KHC.O,2017-08-15,ESG-EGARCH(S),0.1343510413796663,0.7162778698333656,S,2017-08-09
KHC,KHC.O,2017-08-15,ESG-GARCH,0.1421953165398478,0.8023614303915684,all,2017-08-09
KHC,KHC.O,2017-08-15,ESG-GARCH(E),0.1421953165398478,0.8023614303915686,E,2017-08-09
KHC,KHC.O,2017-08-15,ESG-GARCH(G),0.1421953165398478,0.8023614303915685,G,2017-08-09
KHC,KHC.O,2017-08-15,ESG-GARCH(S),0.1421953165398478,0.8023614303915686,S,2017-08-09
KHC,KHC.O,2017-08-15,ESG-GJR-GARCH,0.1417361385404332,0.7971878162044796,all,2017-08-09
KHC,KHC.O,2017-08-15,ESG-GJR-GARCH(E),0.1417361385404332,0.7971878162044798,E,2017-08-09
KHC,KHC.O,2017-08-15,ESG-GJR-GARCH(G),0.1417361385404332,0.7971878162044798,G,2017-08-09
KHC,KHC.O,2017-08-15,ESG-GJR-GARCH(S),0.1417361385404332,0.7971878162044798,S,2017-08-09
KHC,KHC.O,2017-08-15,GARCH,0.1588210224584918,1.0009570307444746,,2017-08-09
KHC,KHC.O,2017-08-15,GJR-GARCH,0.1662605764667923,1.0969277494869083,,2017-08-09
KHC,KHC.O,2017-08-16,EGARCH,0.1563941133243029,0.970599947718052,,2017-08-09
KHC,KHC.O,2017-08-16,ESG-EGARCH,0.1343510413796663,0.7162778698333656,all,2017-08-09
KHC,KHC.O,2017-08-16,ESG-EGARCH(E),0.1343510413796663,0.7162778698333656,E,2017-08-09
KHC,KHC.O,2017-08-16,ESG-EGARCH(G),0.1343510413796663,0.7162778698333659,G,2017-08-09
KHC,KHC.O,2017-08-16,ESG-EGARCH(S),0.1343510413796663,0.7162778698333656,S,2017-08-09
KHC,KHC.O,2017-08-16,ESG-GARCH,0.1421953165398478,0.8023614303915684,all,2017-08-09
KHC,KHC.O,2017-08-16,ESG-GARCH(E),0.1421953165398478,0.8023614303915686,E,2017-08-09
KHC,KHC.O,2017-08-16,ESG-GARCH(G),0.1421953165398478,0.8023614303915685,G,2017-08-09
KHC,KHC.O,2017-08-16,ESG-GARCH(S),0.1421953165398478,0.8023614303915686,S,2017-08-09
KHC,KHC.O,2017-08-16,ESG-GJR-GARCH,0.1417361385404332,0.7971878162044796,all,2017-08-09
KHC,KHC.O,2017-08-16,ESG-GJR-GARCH(E),0.1417361385404332,0.7971878162044798,E,2017-08-09
KHC,KHC.O,2017-08-16,ESG-GJR-GARCH(G),0.1417361385404332,0.7971878162044798,G,2017-08-09
KHC,KHC.O,2017-08-16,ESG-GJR-GARCH(S),0.1417361385404332,0.7971878162044798,S,2017-08-09
KHC,KHC.O,2017-08-16,GARCH,0.1588210224584918,1.0009570307444746,,2017-08-09
KHC,KHC.O,2017-08-16,GJR-GARCH,0.1662605764667923,1.0969277494869083,,2017-08-09
KHC,KHC.O,2017-08-17,EGARCH,0.1563941133243029,0.970599947718052,,2017-08-09
KHC,KHC.O,2017-08-17,ESG-EGARCH,0.1343510413796663,0.7162778698333656,all,2017-08-09
KHC,KHC.O,2017-08-17,ESG-EGARCH(E),0.1343510413796663,0.7162778698333656,E,2017-08-09
KHC,KHC.O,2017-08-17,ESG-EGARCH(G),0.1343510413796663,0.7162778698333659,G,2017-08-09
KHC,KHC.O,2017-08-17,ESG-EGARCH(S),0.1343510413796663,0.7162778698333656,S,2017-08-09
KHC,KHC.O,2017-08-17,ESG-GARCH,0.1421953165398478,0.8023614303915684,all,2017-08-09
KHC,KHC.O,2017-08-17,ESG-GARCH(E),0.1421953165398478,0.8023614303915686,E,2017-08-09
KHC,KHC.O,2017-08-17,ESG-GARCH(G),0.1421953165398478,0.8023614303915685,G,2017-08-09
KHC,KHC.O,2017-08-17,ESG-GARCH(S),0.1421953165398478,0.8023614303915686,S,2017-08-09
KHC,KHC.O,2017-08-17,ESG-GJR-GARCH,0.1417361385404332,0.7971878162044796,all,2017-08-09
KHC,KHC.O,2017-08-17,ESG-GJR-GARCH(E),0.1417361385404332,0.7971878162044798,E,2017-08-09
KHC,KHC.O,2017-08-17,ESG-GJR-GARCH(G),0.1417361385404332,0.7971878162044798,G,2017-08-09
KHC,KHC.O,2017-08-17,ESG-GJR-GARCH(S),0.1417361385404332,0.7971878162044798,S,2017-08-09
KHC,KHC.O,2017-08-17,GARCH,0.1588210224584918,1.0009570307444746,,2017-08-09
KHC,KHC.O,2017-08-17,GJR-GARCH,0.1662605764667923,1.0969277494869083,,2017-08-09
KHC,KHC.O,2017-08-18,EGARCH,0.1563941133243029,0.970599947718052,,2017-08-09
KHC,KHC.O,2017-08-18,ESG-EGARCH,0.1343510413796663,0.7162778698333656,all,2017-08-09
KHC,KHC.O,2017-08-18,ESG-EGARCH(E),0.1343510413796663,0.7162778698333656,E,2017-08-09
KHC,KHC.O,2017-08-18,ESG-EGARCH(G),0.1343510413796663,0.7162778698333659,G,2017-08-09
KHC,KHC.O,2017-08-18,ESG-EGARCH(S),0.1343510413796663,0.7162778698333656,S,2017-08-09
KHC,KHC.O,2017-08-18,ESG-GARCH,0.1421953165398478,0.8023614303915684,all,2017-08-09
KHC,KHC.O,2017-08-18,ESG-GARCH(E),0.1421953165398478,0.8023614303915686,E,2017-08-09
KHC,KHC.O,2017-08-18,ESG-GARCH(G),0.1421953165398478,0.8023614303915685,G,2017-08-09
KHC,KHC.O,2017-08-18,ESG-GARCH(S),0.1421953165398478,0.8023614303915686,S,2017-08-09
KHC,KHC.O,2017-08-18,ESG-GJR-GARCH,0.1417361385404332,0.7971878162044796,all,2017-08-09
KHC,KHC.O,2017-08-18,ESG-GJR-GARCH(E),0.1417361385404332,0.7971878162044798,E,2017-08-09
KHC,KHC.O,2017-08-18,ESG-GJR-GARCH(G),0.1417361385404332,0.7971878162044798,G,2017-08-09
KHC,KHC.O,2017-08-18,ESG-GJR-GARCH(S),0.1417361385404332,0.7971878162044798,S,2017-08-09
KHC,KHC.O,2017-08-18,GARCH,0.1588210224584918,1.0009570307444746,,2017-08-09
KHC,KHC.O,2017-08-18,GJR-GARCH,0.1662605764667923,1.0969277494869083,,2017-08-09
KHC,KHC.O,2017-08-21,EGARCH,0.1563941133243029,0.970599947718052,,2017-08-09
KHC,KHC.O,2017-08-21,ESG-EGARCH,0.1343510413796663,0.7162778698333656,all,2017-08-09
KHC,KHC.O,2017-08-21,ESG-EGARCH(E),0.1343510413796663,0.7162778698333656,E,2017-08-09
KHC,KHC.O,2017-08-21,ESG-EGARCH(G),0.1343510413796663,0.7162778698333659,G,2017-08-09
KHC,KHC.O,2017-08-21,ESG-EGARCH(S),0.1343510413796663,0.7162778698333656,S,2017-08-09
KHC,KHC.O,2017-08-21,ESG-GARCH,0.1421953165398478,0.8023614303915684,all,2017-08-09
KHC,KHC.O,2017-08-21,ESG-GARCH(E),0.1421953165398478,0.8023614303915686,E,2017-08-09
KHC,KHC.O,2017-08-21,ESG-GARCH(G),0.1421953165398478,0.8023614303915685,G,2017-08-09
KHC,KHC.O,2017-08-21,ESG-GARCH(S),0.1421953165398478,0.8023614303915686,S,2017-08-09
KHC,KHC.O,2017-08-21,ESG-GJR-GARCH,0.1417361385404332,0.7971878162044796,all,2017-08-09
KHC,KHC.O,2017-08-21,ESG-GJR-GARCH(E),0.1417361385404332,0.7971878162044798,E,2017-08-09
KHC,KHC.O,2017-08-21,ESG-GJR-GARCH(G),0.1417361385404332,0.7971878162044798,G,2017-08-09
KHC,KHC.O,2017-08-21,ESG-GJR-GARCH(S),0.1417361385404332,0.7971878162044798,S,2017-08-09
KHC,KHC.O,2017-08-21,GARCH,0.1588210224584918,1.0009570307444746,,2017-08-09
KHC,KHC.O,2017-08-21,GJR-GARCH,0.1662605764667923,1.0969277494869083,,2017-08-09
KHC,KHC.O,2017-08-22,EGARCH,0.1563941133243029,0.970599947718052,,2017-08-09
KHC,KHC.O,2017-08-22,ESG-EGARCH,0.1343510413796663,0.7162778698333656,all,2017-08-09
KHC,KHC.O,2017-08-22,ESG-EGARCH(E),0.1343510413796663,0.7162778698333656,E,2017-08-09
KHC,KHC.O,2017-08-22,ESG-EGARCH(G),0.1343510413796663,0.7162778698333659,G,2017-08-09
KHC,KHC.O,2017-08-22,ESG-EGARCH(S),0.1343510413796663,0.7162778698333656,S,2017-08-09
KHC,KHC.O,2017-08-22,ESG-GARCH,0.1421953165398478,0.8023614303915684,all,2017-08-09
KHC,KHC.O,2017-08-22,ESG-GARCH(E),0.1421953165398478,0.8023614303915686,E,2017-08-09
KHC,KHC.O,2017-08-22,ESG-GARCH(G),0.1421953165398478,0.8023614303915685,G,2017-08-09
KHC,KHC.O,2017-08-22,ESG-GARCH(S),0.1421953165398478,0.8023614303915686,S,2017-08-09
KHC,KHC.O,2017-08-22,ESG-GJR-GARCH,0.1417361385404332,0.7971878162044796,all,2017-08-09
KHC,KHC.O,2017-08-22,ESG-GJR-GARCH(E),0.1417361385404332,0.7971878162044798,E,2017-08-09
KHC,KHC.O,2017-08-22,ESG-GJR-GARCH(G),0.1417361385404332,0.7971878162044798,G,2017-08-09
KHC,KHC.O,2017-08-22,ESG-GJR-GARCH(S),0.1417361385404332,0.7971878162044798,S,2017-08-09
KHC,KHC.O,2017-08-22,GARCH,0.1588210224584918,1.0009570307444746,,2017-08-09
KHC,KHC.O,2017-08-22,GJR-GARCH,0.1662605764667923,1.0969277494869083,,2017-08-09
KHC,KHC.O,2017-08-23,EGARCH,0.1563941133243029,0.970599947718052,,2017-08-09
KHC,KHC.O,2017-08-23,ESG-EGARCH,0.1343510413796663,0.7162778698333656,all,2017-08-09
KHC,KHC.O,2017-08-23,ESG-EGARCH(E),0.1343510413796663,0.7162778698333656,E,2017-08-09
KHC,KHC.O,2017-08-23,ESG-EGARCH(G),0.1343510413796663,0.7162778698333659,G,2017-08-09
KHC,KHC.O,2017-08-23,ESG-EGARCH(S),0.1343510413796663,0.7162778698333656,S,2017-08-09
KHC,KHC.O,2017-08-23,ESG-GARCH,0.1421953165398478,0.8023614303915684,all,2017-08-09
KHC,KHC.O,2017-08-23,ESG-GARCH(E),0.1421953165398478,0.8023614303915686,E,2017-08-09
KHC,KHC.O,2017-08-23,ESG-GARCH(G),0.1421953165398478,0.8023614303915685,G,2017-08-09
KHC,KHC.O,2017-08-23,ESG-GARCH(S),0.1421953165398478,0.8023614303915686,S,2017-08-09
KHC,KHC.O,2017-08-23,ESG-GJR-GARCH,0.1417361385404332,0.7971878162044796,all,2017-08-09
KHC,KHC.O,2017-08-23,ESG-GJR-GARCH(E),0.1417361385404332,0.7971878162044798,E,2017-08-09
KHC,KHC.O,2017-08-23,ESG-GJR-GARCH(G),0.1417361385404332,0.7971878162044798,G,2017-08-09
KHC,KHC.O,2017-08-23,ESG-GJR-GARCH(S),0.1417361385404332,0.7971878162044798,S,2017-08-09
KHC,KHC.O,2017-08-23,GARCH,0.1588210224584918,1.0009570307444746,,2017-08-09
KHC,KHC.O,2017-08-23,GJR-GARCH,0.1662605764667923,1.0969277494869083,,2017-08-09
KHC,KHC.O,2017-08-24,EGARCH,0.1563941133243029,0.970599947718052,,2017-08-09
KHC,KHC.O,2017-08-24,ESG-EGARCH,0.1343510413796663,0.7162778698333656,all,2017-08-09
KHC,KHC.O,2017-08-24,ESG-EGARCH(E),0.1343510413796663,0.7162778698333656,E,2017-08-09
KHC,KHC.O,2017-08-24,ESG-EGARCH(G),0.1343510413796663,0.7162778698333659,G,2017-08-09
KHC,KHC.O,2017-08-24,ESG-EGARCH(S),0.1343510413796663,0.7162778698333656,S,2017-08-09
KHC,KHC.O,2017-08-24,ESG-GARCH,0.1421953165398478,0.8023614303915684,all,2017-08-09
KHC,KHC.O,2017-08-24,ESG-GARCH(E),0.1421953165398478,0.8023614303915686,E,2017-08-09
KHC,KHC.O,2017-08-24,ESG-GARCH(G),0.1421953165398478,0.8023614303915685,G,2017-08-09
KHC,KHC.O,2017-08-24,ESG-GARCH(S),0.1421953165398478,0.8023614303915686,S,2017-08-09
KHC,KHC.O,2017-08-24,ESG-GJR-GARCH,0.1417361385404332,0.7971878162044796,all,2017-08-09
KHC,KHC.O,2017-08-24,ESG-GJR-GARCH(E),0.1417361385404332,0.7971878162044798,E,2017-08-09
KHC,KHC.O,2017-08-24,ESG-GJR-GARCH(G),0.1417361385404332,0.7971878162044798,G,2017-08-09
KHC,KHC.O,2017-08-24,ESG-GJR-GARCH(S),0.1417361385404332,0.7971878162044798,S,2017-08-09
KHC,KHC.O,2017-08-24,GARCH,0.1588210224584918,1.0009570307444746,,2017-08-09
KHC,KHC.O,2017-08-24,GJR-GARCH,0.1662605764667923,1.0969277494869083,,2017-08-09
KHC,KHC.O,2017-08-25,EGARCH,0.1563941133243029,0.970599947718052,,2017-08-09
KHC,KHC.O,2017-08-25,ESG-EGARCH,0.1343510413796663,0.7162778698333656,all,2017-08-09
KHC,KHC.O,2017-08-25,ESG-EGARCH(E),0.1343510413796663,0.7162778698333656,E,2017-08-09
KHC,KHC.O,2017-08-25,ESG-EGARCH(G),0.1343510413796663,0.7162778698333659,G,2017-08-09
KHC,KHC.O,2017-08-25,ESG-EGARCH(S),0.1343510413796663,0.7162778698333656,S,2017-08-09
KHC,KHC.O,2017-08-25,ESG-GARCH,0.1421953165398478,0.8023614303915684,all,2017-08-09
KHC,KHC.O,2017-08-25,ESG-GARCH(E),0.1421953165398478,0.8023614303915686,E,2017-08-09
KHC,KHC.O,2017-08-25,ESG-GARCH(G),0.1421953165398478,0.8023614303915685,G,2017-08-09
KHC,KHC.O,2017-08-25,ESG-GARCH(S),0.1421953165398478,0.8023614303915686,S,2017-08-09
KHC,KHC.O,2017-08-25,ESG-GJR-GARCH,0.1417361385404332,0.7971878162044796,all,2017-08-09
KHC,KHC.O,2017-08-25,ESG-GJR-GARCH(E),0.1417361385404332,0.7971878162044798,E,2017-08-09
KHC,KHC.O,2017-08-25,ESG-GJR-GARCH(G),0.1417361385404332,0.7971878162044798,G,2017-08-09
KHC,KHC.O,2017-08-25,ESG-GJR-GARCH(S),0.1417361385404332,0.7971878162044798,S,2017-08-09
KHC,KHC.O,2017-08-25,GARCH,0.1588210224584918,1.0009570307444746,,2017-08-09
KHC,KHC.O,2017-08-25,GJR-GARCH,0.1662605764667923,1.0969277494869083,,2017-08-09
KHC,KHC.O,2017-08-28,EGARCH,0.1563941133243029,0.970599947718052,,2017-08-09
KHC,KHC.O,2017-08-28,ESG-EGARCH,0.1343510413796663,0.7162778698333656,all,2017-08-09
KHC,KHC.O,2017-08-28,ESG-EGARCH(E),0.1343510413796663,0.7162778698333656,E,2017-08-09
KHC,KHC.O,2017-08-28,ESG-EGARCH(G),0.1343510413796663,0.7162778698333659,G,2017-08-09
KHC,KHC.O,2017-08-28,ESG-EGARCH(S),0.1343510413796663,0.7162778698333656,S,2017-08-09
KHC,KHC.O,2017-08-28,ESG-GARCH,0.1421953165398478,0.8023614303915684,all,2017-08-09
KHC,KHC.O,2017-08-28,ESG-GARCH(E),0.1421953165398478,0.8023614303915686,E,2017-08-09
KHC,KHC.O,2017-08-28,ESG-GARCH(G),0.1421953165398478,0.8023614303915685,G,2017-08-09
KHC,KHC.O,2017-08-28,ESG-GARCH(S),0.1421953165398478,0.8023614303915686,S,2017-08-09
KHC,KHC.O,2017-08-28,ESG-GJR-GARCH,0.1417361385404332,0.7971878162044796,all,2017-08-09
KHC,KHC.O,2017-08-28,ESG-GJR-GARCH(E),0.1417361385404332,0.7971878162044798,E,2017-08-09
KHC,KHC.O,2017-08-28,ESG-GJR-GARCH(G),0.1417361385404332,0.7971878162044798,G,2017-08-09
KHC,KHC.O,2017-08-28,ESG-GJR-GARCH(S),0.1417361385404332,0.7971878162044798,S,2017-08-09
KHC,KHC.O,2017-08-28,GARCH,0.1588210224584918,1.0009570307444746,,2017-08-09
KHC,KHC.O,2017-08-28,GJR-GARCH,0.1662605764667923,1.0969277494869083,,2017-08-09
KHC,KHC.O,2017-08-29,EGARCH,0.1563941133243029,0.970599947718052,,2017-08-09
KHC,KHC.O,2017-08-29,ESG-EGARCH,0.1343510413796663,0.7162778698333656,all,2017-08-09
KHC,KHC.O,2017-08-29,ESG-EGARCH(E),0.1343510413796663,0.7162778698333656,E,2017-08-09
KHC,KHC.O,2017-08-29,ESG-EGARCH(G),0.1343510413796663,0.7162778698333659,G,2017-08-09
KHC,KHC.O,2017-08-29,ESG-EGARCH(S),0.1343510413796663,0.7162778698333656,S,2017-08-09
KHC,KHC.O,2017-08-29,ESG-GARCH,0.1421953165398478,0.8023614303915684,all,2017-08-09
KHC,KHC.O,2017-08-29,ESG-GARCH(E),0.1421953165398478,0.8023614303915686,E,2017-08-09
KHC,KHC.O,2017-08-29,ESG-GARCH(G),0.1421953165398478,0.8023614303915685,G,2017-08-09
KHC,KHC.O,2017-08-29,ESG-GARCH(S),0.1421953165398478,0.8023614303915686,S,2017-08-09
KHC,KHC.O,2017-08-29,ESG-GJR-GARCH,0.1417361385404332,0.7971878162044796,all,2017-08-09
KHC,KHC.O,2017-08-29,ESG-GJR-GARCH(E),0.1417361385404332,0.7971878162044798,E,2017-08-09
KHC,KHC.O,2017-08-29,ESG-GJR-GARCH(G),0.1417361385404332,0.7971878162044798,G,2017-08-09
KHC,KHC.O,2017-08-29,ESG-GJR-GARCH(S),0.1417361385404332,0.7971878162044798,S,2017-08-09
KHC,KHC.O,2017-08-29,GARCH,0.1588210224584918,1.0009570307444746,,2017-08-09
KHC,KHC.O,2017-08-29,GJR-GARCH,0.1662605764667923,1.0969277494869083,,2017-08-09
KHC,KHC.O,2017-08-30,EGARCH,0.1563941133243029,0.970599947718052,,2017-08-09
KHC,KHC.O,2017-08-30,ESG-EGARCH,0.1343510413796663,0.7162778698333656,all,2017-08-09
KHC,KHC.O,2017-08-30,ESG-EGARCH(E),0.1343510413796663,0.7162778698333656,E,2017-08-09
KHC,KHC.O,2017-08-30,ESG-EGARCH(G),0.1343510413796663,0.7162778698333659,G,2017-08-09
KHC,KHC.O,2017-08-30,ESG-EGARCH(S),0.1343510413796663,0.7162778698333656,S,2017-08-09
KHC,KHC.O,2017-08-30,ESG-GARCH,0.1421953165398478,0.8023614303915684,all,2017-08-09
KHC,KHC.O,2017-08-30,ESG-GARCH(E),0.1421953165398478,0.8023614303915686,E,2017-08-09
KHC,KHC.O,2017-08-30,ESG-GARCH(G),0.1421953165398478,0.8023614303915685,G,2017-08-09
KHC,KHC.O,2017-08-30,ESG-GARCH(S),0.1421953165398478,0.8023614303915686,S,2017-08-09
KHC,KHC.O,2017-08-30,ESG-GJR-GARCH,0.1417361385404332,0.7971878162044796,all,2017-08-09
KHC,KHC.O,2017-08-30,ESG-GJR-GARCH(E),0.1417361385404332,0.7971878162044798,E,2017-08-09
KHC,KHC.O,2017-08-30,ESG-GJR-GARCH(G),0.1417361385404332,0.7971878162044798,G,2017-08-09
KHC,KHC.O,2017-08-30,ESG-GJR-GARCH(S),0.1417361385404332,0.7971878162044798,S,2017-08-09
KHC,KHC.O,2017-08-30,GARCH,0.1588210224584918,1.0009570307444746,,2017-08-09
KHC,KHC.O,2017-08-30,GJR-GARCH,0.1662605764667923,1.0969277494869083,,2017-08-09
KHC,KHC.O,2017-08-31,EGARCH,0.1563941133243029,0.970599947718052,,2017-08-09
KHC,KHC.O,2017-08-31,ESG-EGARCH,0.1343510413796663,0.7162778698333656,all,2017-08-09
KHC,KHC.O,2017-08-31,ESG-EGARCH(E),0.1343510413796663,0.7162778698333656,E,2017-08-09
KHC,KHC.O,2017-08-31,ESG-EGARCH(G),0.1343510413796663,0.7162778698333659,G,2017-08-09
KHC,KHC.O,2017-08-31,ESG-EGARCH(S),0.1343510413796663,0.7162778698333656,S,2017-08-09
KHC,KHC.O,2017-08-31,ESG-GARCH,0.1421953165398478,0.8023614303915684,all,2017-08-09
KHC,KHC.O,2017-08-31,ESG-GARCH(E),0.1421953165398478,0.8023614303915686,E,2017-08-09
KHC,KHC.O,2017-08-31,ESG-GARCH(G),0.1421953165398478,0.8023614303915685,G,2017-08-09
KHC,KHC.O,2017-08-31,ESG-GARCH(S),0.1421953165398478,0.8023614303915686,S,2017-08-09
KHC,KHC.O,2017-08-31,ESG-GJR-GARCH,0.1417361385404332,0.7971878162044796,all,2017-08-09
KHC,KHC.O,2017-08-31,ESG-GJR-GARCH(E),0.1417361385404332,0.7971878162044798,E,2017-08-09
KHC,KHC.O,2017-08-31,ESG-GJR-GARCH(G),0.1417361385404332,0.7971878162044798,G,2017-08-09
KHC,KHC.O,2017-08-31,ESG-GJR-GARCH(S),0.1417361385404332,0.7971878162044798,S,2017-08-09
KHC,KHC.O,2017-08-31,GARCH,0.1588210224584918,1.0009570307444746,,2017-08-09
KHC,KHC.O,2017-08-31,GJR-GARCH,0.1662605764667923,1.0969277494869083,,2017-08-09
KHC,KHC.O,2017-09-01,EGARCH,0.1563941133243029,0.970599947718052,,2017-08-09
KHC,KHC.O,2017-09-01,ESG-EGARCH,0.1343510413796663,0.7162778698333656,all,2017-08-09
KHC,KHC.O,2017-09-01,ESG-EGARCH(E),0.1343510413796663,0.7162778698333656,E,2017-08-09
KHC,KHC.O,2017-09-01,ESG-EGARCH(G),0.1343510413796663,0.7162778698333659,G,2017-08-09
KHC,KHC.O,2017-09-01,ESG-EGARCH(S),0.1343510413796663,0.7162778698333656,S,2017-08-09
KHC,KHC.O,2017-09-01,ESG-GARCH,0.1421953165398478,0.8023614303915684,all,2017-08-09
KHC,KHC.O,2017-09-01,ESG-GARCH(E),0.1421953165398478,0.8023614303915686,E,2017-08-09
KHC,KHC.O,2017-09-01,ESG-GARCH(G),0.1421953165398478,0.8023614303915685,G,2017-08-09
KHC,KHC.O,2017-09-01,ESG-GARCH(S),0.1421953165398478,0.8023614303915686,S,2017-08-09
KHC,KHC.O,2017-09-01,ESG-GJR-GARCH,0.1417361385404332,0.7971878162044796,all,2017-08-09
KHC,KHC.O,2017-09-01,ESG-GJR-GARCH(E),0.1417361385404332,0.7971878162044798,E,2017-08-09
KHC,KHC.O,2017-09-01,ESG-GJR-GARCH(G),0.1417361385404332,0.7971878162044798,G,2017-08-09
KHC,KHC.O,2017-09-01,ESG-GJR-GARCH(S),0.1417361385404332,0.7971878162044798,S,2017-08-09
KHC,KHC.O,2017-09-01,GARCH,0.1588210224584918,1.0009570307444746,,2017-08-09
KHC,KHC.O,2017-09-01,GJR-GARCH,0.1662605764667923,1.0969277494869083,,2017-08-09
KHC,KHC.O,2017-09-06,EGARCH,0.1563941133243029,0.970599947718052,,2017-08-09
KHC,KHC.O,2017-09-06,ESG-EGARCH,0.1343510413796663,0.7162778698333656,all,2017-08-09
KHC,KHC.O,2017-09-06,ESG-EGARCH(E),0.1343510413796663,0.7162778698333656,E,2017-08-09
KHC,KHC.O,2017-09-06,ESG-EGARCH(G),0.1343510413796663,0.7162778698333659,G,2017-08-09
KHC,KHC.O,2017-09-06,ESG-EGARCH(S),0.1343510413796663,0.7162778698333656,S,2017-08-09
KHC,KHC.O,2017-09-06,ESG-GARCH,0.1421953165398478,0.8023614303915684,all,2017-08-09
KHC,KHC.O,2017-09-06,ESG-GARCH(E),0.1421953165398478,0.8023614303915686,E,2017-08-09
KHC,KHC.O,2017-09-06,ESG-GARCH(G),0.1421953165398478,0.8023614303915685,G,2017-08-09
KHC,KHC.O,2017-09-06,ESG-GARCH(S),0.1421953165398478,0.8023614303915686,S,2017-08-09
KHC,KHC.O,2017-09-06,ESG-GJR-GARCH,0.1417361385404332,0.7971878162044796,all,2017-08-09
KHC,KHC.O,2017-09-06,ESG-GJR-GARCH(E),0.1417361385404332,0.7971878162044798,E,2017-08-09
KHC,KHC.O,2017-09-06,ESG-GJR-GARCH(G),0.1417361385404332,0.7971878162044798,G,2017-08-09
KHC,KHC.O,2017-09-06,ESG-GJR-GARCH(S),0.1417361385404332,0.7971878162044798,S,2017-08-09
KHC,KHC.O,2017-09-06,GARCH,0.1588210224584918,1.0009570307444746,,2017-08-09
KHC,KHC.O,2017-09-06,GJR-GARCH,0.1662605764667923,1.0969277494869083,,2017-08-09
KHC,KHC.O,2017-09-07,EGARCH,0.1563941133243029,0.970599947718052,,2017-08-09
KHC,KHC.O,2017-09-07,ESG-EGARCH,0.1343510413796663,0.7162778698333656,all,2017-08-09
KHC,KHC.O,2017-09-07,ESG-EGARCH(E),0.1343510413796663,0.7162778698333656,E,2017-08-09
KHC,KHC.O,2017-09-07,ESG-EGARCH(G),0.1343510413796663,0.7162778698333659,G,2017-08-09
KHC,KHC.O,2017-09-07,ESG-EGARCH(S),0.1343510413796663,0.7162778698333656,S,2017-08-09
KHC,KHC.O,2017-09-07,ESG-GARCH,0.1421953165398478,0.8023614303915684,all,2017-08-09
KHC,KHC.O,2017-09-07,ESG-GARCH(E),0.1421953165398478,0.8023614303915686,E,2017-08-09
KHC,KHC.O,2017-09-07,ESG-GARCH(G),0.1421953165398478,0.8023614303915685,G,2017-08-09
KHC,KHC.O,2017-09-07,ESG-GARCH(S),0.1421953165398478,0.8023614303915686,S,2017-08-09
KHC,KHC.O,2017-09-07,ESG-GJR-GARCH,0.1417361385404332,0.7971878162044796,all,2017-08-09
KHC,KHC.O,2017-09-07,ESG-GJR-GARCH(E),0.1417361385404332,0.7971878162044798,E,2017-08-09
KHC,KHC.O,2017-09-07,ESG-GJR-GARCH(G),0.1417361385404332,0.7971878162044798,G,2017-08-09
KHC,KHC.O,2017-09-07,ESG-GJR-GARCH(S),0.1417361385404332,0.7971878162044798,S,2017-08-09
KHC,KHC.O,2017-09-07,GARCH,0.1588210224584918,1.0009570307444746,,2017-08-09
KHC,KHC.O,2017-09-07,GJR-GARCH,0.1662605764667923,1.0969277494869083,,2017-08-09
KHC,KHC.O,2017-09-08,EGARCH,0.1563941133243029,0.970599947718052,,2017-08-09
KHC,KHC.O,2017-09-08,ESG-EGARCH,0.1343510413796663,0.7162778698333656,all,2017-08-09
KHC,KHC.O,2017-09-08,ESG-EGARCH(E),0.1343510413796663,0.7162778698333656,E,2017-08-09
KHC,KHC.O,2017-09-08,ESG-EGARCH(G),0.1343510413796663,0.7162778698333659,G,2017-08-09
KHC,KHC.O,2017-09-08,ESG-EGARCH(S),0.1343510413796663,0.7162778698333656,S,2017-08-09
KHC,KHC.O,2017-09-08,ESG-GARCH,0.1421953165398478,0.8023614303915684,all,2017-08-09
KHC,KHC.O,2017-09-08,ESG-GARCH(E),0.1421953165398478,0.8023614303915686,E,2017-08-09
KHC,KHC.O,2017-09-08,ESG-GARCH(G),0.1421953165398478,0.8023614303915685,G,2017-08-09
KHC,KHC.O,2017-09-08,ESG-GARCH(S),0.1421953165398478,0.8023614303915686,S,2017-08-09
KHC,KHC.O,2017-09-08,ESG-GJR-GARCH,0.1417361385404332,0.7971878162044796,all,2017-08-09
KHC,KHC.O,2017-09-08,ESG-GJR-GARCH(E),0.1417361385404332,0.7971878162044798,E,2017-08-09
KHC,KHC.O,2017-09-08,ESG-GJR-GARCH(G),0.1417361385404332,0.7971878162044798,G,2017-08-09
KHC,KHC.O,2017-09-08,ESG-GJR-GARCH(S),0.1417361385404332,0.7971878162044798,S,2017-08-09
KHC,KHC.O,2017-09-08,GARCH,0.1588210224584918,1.0009570307444746,,2017-08-09
KHC,KHC.O,2017-09-08,GJR-GARCH,0.1662605764667923,1.0969277494869083,,2017-08-09
KHC,KHC.O,2017-09-11,EGARCH,0.1563941133243029,0.970599947718052,,2017-08-09
KHC,KHC.O,2017-09-11,ESG-EGARCH,0.1343510413796663,0.7162778698333656,all,2017-08-09
KHC,KHC.O,2017-09-11,ESG-EGARCH(E),0.1343510413796663,0.7162778698333656,E,2017-08-09
KHC,KHC.O,2017-09-11,ESG-EGARCH(G),0.1343510413796663,0.7162778698333659,G,2017-08-09
KHC,KHC.O,2017-09-11,ESG-EGARCH(S),0.1343510413796663,0.7162778698333656,S,2017-08-09
KHC,KHC.O,2017-09-11,ESG-GARCH,0.1421953165398478,0.8023614303915684,all,2017-08-09
KHC,KHC.O,2017-09-11,ESG-GARCH(E),0.1421953165398478,0.8023614303915686,E,2017-08-09
KHC,KHC.O,2017-09-11,ESG-GARCH(G),0.1421953165398478,0.8023614303915685,G,2017-08-09
KHC,KHC.O,2017-09-11,ESG-GARCH(S),0.1421953165398478,0.8023614303915686,S,2017-08-09
KHC,KHC.O,2017-09-11,ESG-GJR-GARCH,0.1417361385404332,0.7971878162044796,all,2017-08-09
KHC,KHC.O,2017-09-11,ESG-GJR-GARCH(E),0.1417361385404332,0.7971878162044798,E,2017-08-09
KHC,KHC.O,2017-09-11,ESG-GJR-GARCH(G),0.1417361385404332,0.7971878162044798,G,2017-08-09
KHC,KHC.O,2017-09-11,ESG-GJR-GARCH(S),0.1417361385404332,0.7971878162044798,S,2017-08-09
KHC,KHC.O,2017-09-11,GARCH,0.1588210224584918,1.0009570307444746,,2017-08-09
KHC,KHC.O,2017-09-11,GJR-GARCH,0.1662605764667923,1.0969277494869083,,2017-08-09
KHC,KHC.O,2017-09-12,EGARCH,0.1598175162002387,1.013557082714824,,2017-09-12
KHC,KHC.O,2017-09-12,ESG-EGARCH,0.1379832948146636,0.755531335234539,all,2017-09-12
KHC,KHC.O,2017-09-12,ESG-EGARCH(E),0.1379832948146636,0.7555313352345389,E,2017-09-12
KHC,KHC.O,2017-09-12,ESG-EGARCH(G),0.1379832948146636,0.755531335234539,G,2017-09-12
KHC,KHC.O,2017-09-12,ESG-EGARCH(S),0.1379832948146636,0.7555313352345389,S,2017-09-12
KHC,KHC.O,2017-09-12,ESG-GARCH,0.145842149462098,0.8440449428462279,all,2017-09-12
KHC,KHC.O,2017-09-12,ESG-GARCH(E),0.145842149462098,0.8440449428462281,E,2017-09-12
KHC,KHC.O,2017-09-12,ESG-GARCH(G),0.145842149462098,0.844044942846228,G,2017-09-12
KHC,KHC.O,2017-09-12,ESG-GARCH(S),0.145842149462098,0.8440449428462281,S,2017-09-12
KHC,KHC.O,2017-09-12,ESG-GJR-GARCH,0.1518954941462087,0.9155651246794017,all,2017-09-12
KHC,KHC.O,2017-09-12,ESG-GJR-GARCH(E),0.1518954941462087,0.9155651246794017,E,2017-09-12
KHC,KHC.O,2017-09-12,ESG-GJR-GARCH(G),0.1518954941462086,0.9155651246794012,G,2017-09-12
KHC,KHC.O,2017-09-12,ESG-GJR-GARCH(S),0.1518954941462087,0.9155651246794017,S,2017-09-12
KHC,KHC.O,2017-09-12,GARCH,0.1594973454858212,1.009500127659659,,2017-09-12
KHC,KHC.O,2017-09-12,GJR-GARCH,0.1522417993045073,0.919744660931504,,2017-09-12
KHC,KHC.O,2017-09-13,EGARCH,0.1598175162002387,1.013557082714824,,2017-09-12
KHC,KHC.O,2017-09-13,ESG-EGARCH,0.1379832948146636,0.755531335234539,all,2017-09-12
KHC,KHC.O,2017-09-13,ESG-EGARCH(E),0.1379832948146636,0.7555313352345389,E,2017-09-12
KHC,KHC.O,2017-09-13,ESG-EGARCH(G),0.1379832948146636,0.755531335234539,G,2017-09-12
KHC,KHC.O,2017-09-13,ESG-EGARCH(S),0.1379832948146636,0.7555313352345389,S,2017-09-12
KHC,KHC.O,2017-09-13,ESG-GARCH,0.145842149462098,0.8440449428462279,all,2017-09-12
KHC,KHC.O,2017-09-13,ESG-GARCH(E),0.145842149462098,0.8440449428462281,E,2017-09-12
KHC,KHC.O,2017-09-13,ESG-GARCH(G),0.145842149462098,0.844044942846228,G,2017-09-12
KHC,KHC.O,2017-09-13,ESG-GARCH(S),0.145842149462098,0.8440449428462281,S,2017-09-12
KHC,KHC.O,2017-09-13,ESG-GJR-GARCH,0.1518954941462087,0.9155651246794017,all,2017-09-12
KHC,KHC.O,2017-09-13,ESG-GJR-GARCH(E),0.1518954941462087,0.9155651246794017,E,2017-09-12
KHC,KHC.O,2017-09-13,ESG-GJR-GARCH(G),0.1518954941462086,0.9155651246794012,G,2017-09-12
KHC,KHC.O,2017-09-13,ESG-GJR-GARCH(S),0.1518954941462087,0.9155651246794017,S,2017-09-12
KHC,KHC.O,2017-09-13,GARCH,0.1594973454858212,1.009500127659659,,2017-09-12
KHC,KHC.O,2017-09-13,GJR-GARCH,0.1522417993045073,0.919744660931504,,2017-09-12
KHC,KHC.O,2017-09-14,EGARCH,0.1598175162002387,1.013557082714824,,2017-09-12
KHC,KHC.O,2017-09-14,ESG-EGARCH,0.1379832948146636,0.755531335234539,all,2017-09-12
KHC,KHC.O,2017-09-14,ESG-EGARCH(E),0.1379832948146636,0.7555313352345389,E,2017-09-12
KHC,KHC.O,2017-09-14,ESG-EGARCH(G),0.1379832948146636,0.755531335234539,G,2017-09-12
KHC,KHC.O,2017-09-14,ESG-EGARCH(S),0.1379832948146636,0.7555313352345389,S,2017-09-12
KHC,KHC.O,2017-09-14,ESG-GARCH,0.145842149462098,0.8440449428462279,all,2017-09-12
KHC,KHC.O,2017-09-14,ESG-GARCH(E),0.145842149462098,0.8440449428462281,E,2017-09-12
KHC,KHC.O,2017-09-14,ESG-GARCH(G),0.145842149462098,0.844044942846228,G,2017-09-12
KHC,KHC.O,2017-09-14,ESG-GARCH(S),0.145842149462098,0.8440449428462281,S,2017-09-12
KHC,KHC.O,2017-09-14,ESG-GJR-GARCH,0.1518954941462087,0.9155651246794017,all,2017-09-12
KHC,KHC.O,2017-09-14,ESG-GJR-GARCH(E),0.1518954941462087,0.9155651246794017,E,2017-09-12
KHC,KHC.O,2017-09-14,ESG-GJR-GARCH(G),0.1518954941462086,0.9155651246794012,G,2017-09-12
KHC,KHC.O,2017-09-14,ESG-GJR-GARCH(S),0.1518954941462087,0.9155651246794017,S,2017-09-12
KHC,KHC.O,2017-09-14,GARCH,0.1594973454858212,1.009500127659659,,2017-09-12
KHC,KHC.O,2017-09-14,GJR-GARCH,0.1522417993045073,0.919744660931504,,2017-09-12
KHC,KHC.O,2017-09-15,EGARCH,0.1598175162002387,1.013557082714824,,2017-09-12
KHC,KHC.O,2017-09-15,ESG-EGARCH,0.1379832948146636,0.755531335234539,all,2017-09-12
KHC,KHC.O,2017-09-15,ESG-EGARCH(E),0.1379832948146636,0.7555313352345389,E,2017-09-12
KHC,KHC.O,2017-09-15,ESG-EGARCH(G),0.1379832948146636,0.755531335234539,G,2017-09-12
KHC,KHC.O,2017-09-15,ESG-EGARCH(S),0.1379832948146636,0.7555313352345389,S,2017-09-12
KHC,KHC.O,2017-09-15,ESG-GARCH,0.145842149462098,0.8440449428462279,all,2017-09-12
KHC,KHC.O,2017-09-15,ESG-GARCH(E),0.145842149462098,0.8440449428462281,E,2017-09-12
KHC,KHC.O,2017-09-15,ESG-GARCH(G),0.145842149462098,0.844044942846228,G,2017-09-12
KHC,KHC.O,2017-09-15,ESG-GARCH(S),0.145842149462098,0.8440449428462281,S,2017-09-12
KHC,KHC.O,2017-09-15,ESG-GJR-GARCH,0.1518954941462087,0.9155651246794017,all,2017-09-12
KHC,KHC.O,2017-09-15,ESG-GJR-GARCH(E),0.1518954941462087,0.9155651246794017,E,2017-09-12
KHC,KHC.O,2017-09-15,ESG-GJR-GARCH(G),0.1518954941462086,0.9155651246794012,G,2017-09-12
KHC,KHC.O,2017-09-15,ESG-GJR-GARCH(S),0.1518954941462087,0.9155651246794017,S,2017-09-12
KHC,KHC.O,2017-09-15,GARCH,0.1594973454858212,1.009500127659659,,2017-09-12
KHC,KHC.O,2017-09-15,GJR-GARCH,0.1522417993045073,0.919744660931504,,2017-09-12
KHC,KHC.O,2017-09-18,EGARCH,0.1598175162002387,1.013557082714824,,2017-09-12
KHC,KHC.O,2017-09-18,ESG-EGARCH,0.1379832948146636,0.755531335234539,all,2017-09-12
KHC,KHC.O,2017-09-18,ESG-EGARCH(E),0.1379832948146636,0.7555313352345389,E,2017-09-12
KHC,KHC.O,2017-09-18,ESG-EGARCH(G),0.1379832948146636,0.755531335234539,G,2017-09-12
KHC,KHC.O,2017-09-18,ESG-EGARCH(S),0.1379832948146636,0.7555313352345389,S,2017-09-12
KHC,KHC.O,2017-09-18,ESG-GARCH,0.145842149462098,0.8440449428462279,all,2017-09-12
KHC,KHC.O,2017-09-18,ESG-GARCH(E),0.145842149462098,0.8440449428462281,E,2017-09-12
KHC,KHC.O,2017-09-18,ESG-GARCH(G),0.145842149462098,0.844044942846228,G,2017-09-12
KHC,KHC.O,2017-09-18,ESG-GARCH(S),0.145842149462098,0.8440449428462281,S,2017-09-12
KHC,KHC.O,2017-09-18,ESG-GJR-GARCH,0.1518954941462087,0.9155651246794017,all,2017-09-12
KHC,KHC.O,2017-09-18,ESG-GJR-GARCH(E),0.1518954941462087,0.9155651246794017,E,2017-09-12
KHC,KHC.O,2017-09-18,ESG-GJR-GARCH(G),0.1518954941462086,0.9155651246794012,G,2017-09-12
KHC,KHC.O,2017-09-18,ESG-GJR-GARCH(S),0.1518954941462087,0.9155651246794017,S,2017-09-12
KHC,KHC.O,2017-09-18,GARCH,0.1594973454858212,1.009500127659659,,2017-09-12
KHC,KHC.O,2017-09-18,GJR-GARCH,0.1522417993045073,0.919744660931504,,2017-09-12
KHC,KHC.O,2017-09-19,EGARCH,0.1598175162002387,1.013557082714824,,2017-09-12
KHC,KHC.O,2017-09-19,ESG-EGARCH,0.1379832948146636,0.755531335234539,all,2017-09-12
KHC,KHC.O,2017-09-19,ESG-EGARCH(E),0.1379832948146636,0.7555313352345389,E,2017-09-12
KHC,KHC.O,2017-09-19,ESG-EGARCH(G),0.1379832948146636,0.755531335234539,G,2017-09-12
KHC,KHC.O,2017-09-19,ESG-EGARCH(S),0.1379832948146636,0.7555313352345389,S,2017-09-12
KHC,KHC.O,2017-09-19,ESG-GARCH,0.145842149462098,0.8440449428462279,all,2017-09-12
KHC,KHC.O,2017-09-19,ESG-GARCH(E),0.145842149462098,0.8440449428462281,E,2017-09-12
KHC,KHC.O,2017-09-19,ESG-GARCH(G),0.145842149462098,0.844044942846228,G,2017-09-12
KHC,KHC.O,2017-09-19,ESG-GARCH(S),0.145842149462098,0.8440449428462281,S,2017-09-12
KHC,KHC.O,2017-09-19,ESG-GJR-GARCH,0.1518954941462087,0.9155651246794017,all,2017-09-12
KHC,KHC.O,2017-09-19,ESG-GJR-GARCH(E),0.1518954941462087,0.9155651246794017,E,2017-09-12
KHC,KHC.O,2017-09-19,ESG-GJR-GARCH(G),0.1518954941462086,0.9155651246794012,G,2017-09-12
KHC,KHC.O,2017-09-19,ESG-GJR-GARCH(S),0.1518954941462087,0.9155651246794017,S,2017-09-12
KHC,KHC.O,2017-09-19,GARCH,0.1594973454858212,1.009500127659659,,2017-09-12
KHC,KHC.O,2017-09-19,GJR-GARCH,0.1522417993045073,0.919744660931504,,2017-09-12
KHC,KHC.O,2017-09-20,EGARCH,0.1598175162002387,1.013557082714824,,2017-09-12
KHC,KHC.O,2017-09-20,ESG-EGARCH,0.1379832948146636,0.755531335234539,all,2017-09-12
KHC,KHC.O,2017-09-20,ESG-EGARCH(E),0.1379832948146636,0.7555313352345389,E,2017-09-12
KHC,KHC.O,2017-09-20,ESG-EGARCH(G),0.1379832948146636,0.755531335234539,G,2017-09-12
KHC,KHC.O,2017-09-20,ESG-EGARCH(S),0.1379832948146636,0.7555313352345389,S,2017-09-12
KHC,KHC.O,2017-09-20,ESG-GARCH,0.145842149462098,0.8440449428462279,all,2017-09-12
KHC,KHC.O,2017-09-20,ESG-GARCH(E),0.145842149462098,0.8440449428462281,E,2017-09-12
KHC,KHC.O,2017-09-20,ESG-GARCH(G),0.145842149462098,0.844044942846228,G,2017-09-12
KHC,KHC.O,2017-09-20,ESG-GARCH(S),0.145842149462098,0.8440449428462281,S,2017-09-12
KHC,KHC.O,2017-09-20,ESG-GJR-GARCH,0.1518954941462087,0.9155651246794017,all,2017-09-12
KHC,KHC.O,2017-09-20,ESG-GJR-GARCH(E),0.1518954941462087,0.9155651246794017,E,2017-09-12
KHC,KHC.O,2017-09-20,ESG-GJR-GARCH(G),0.1518954941462086,0.9155651246794012,G,2017-09-12
KHC,KHC.O,2017-09-20,ESG-GJR-GARCH(S),0.1518954941462087,0.9155651246794017,S,2017-09-12
KHC,KHC.O,2017-09-20,GARCH,0.1594973454858212,1.009500127659659,,2017-09-12
KHC,KHC.O,2017-09-20,GJR-GARCH,0.1522417993045073,0.919744660931504,,2017-09-12
KHC,KHC.O,2017-09-21,EGARCH,0.1598175162002387,1.013557082714824,,2017-09-12
KHC,KHC.O,2017-09-21,ESG-EGARCH,0.1379832948146636,0.755531335234539,all,2017-09-12
KHC,KHC.O,2017-09-21,ESG-EGARCH(E),0.1379832948146636,0.7555313352345389,E,2017-09-12
KHC,KHC.O,2017-09-21,ESG-EGARCH(G),0.1379832948146636,0.755531335234539,G,2017-09-12
KHC,KHC.O,2017-09-21,ESG-EGARCH(S),0.1379832948146636,0.7555313352345389,S,2017-09-12
KHC,KHC.O,2017-09-21,ESG-GARCH,0.145842149462098,0.8440449428462279,all,2017-09-12
KHC,KHC.O,2017-09-21,ESG-GARCH(E),0.145842149462098,0.8440449428462281,E,2017-09-12
KHC,KHC.O,2017-09-21,ESG-GARCH(G),0.145842149462098,0.844044942846228,G,2017-09-12
KHC,KHC.O,2017-09-21,ESG-GARCH(S),0.145842149462098,0.8440449428462281,S,2017-09-12
KHC,KHC.O,2017-09-21,ESG-GJR-GARCH,0.1518954941462087,0.9155651246794017,all,2017-09-12
KHC,KHC.O,2017-09-21,ESG-GJR-GARCH(E),0.1518954941462087,0.9155651246794017,E,2017-09-12
KHC,KHC.O,2017-09-21,ESG-GJR-GARCH(G),0.1518954941462086,0.9155651246794012,G,2017-09-12
KHC,KHC.O,2017-09-21,ESG-GJR-GARCH(S),0.1518954941462087,0.9155651246794017,S,2017-09-12
KHC,KHC.O,2017-09-21,GARCH,0.1594973454858212,1.009500127659659,,2017-09-12
KHC,KHC.O,2017-09-21,GJR-GARCH,0.1522417993045073,0.919744660931504,,2017-09-12
KHC,KHC.O,2017-09-22,EGARCH,0.1598175162002387,1.013557082714824,,2017-09-12
KHC,KHC.O,2017-09-22,ESG-EGARCH,0.1379832948146636,0.755531335234539,all,2017-09-12
KHC,KHC.O,2017-09-22,ESG-EGARCH(E),0.1379832948146636,0.7555313352345389,E,2017-09-12
KHC,KHC.O,2017-09-22,ESG-EGARCH(G),0.1379832948146636,0.755531335234539,G,2017-09-12
KHC,KHC.O,2017-09-22,ESG-EGARCH(S),0.1379832948146636,0.7555313352345389,S,2017-09-12
KHC,KHC.O,2017-09-22,ESG-GARCH,0.145842149462098,0.8440449428462279,all,2017-09-12
KHC,KHC.O,2017-09-22,ESG-GARCH(E),0.145842149462098,0.8440449428462281,E,2017-09-12
KHC,KHC.O,2017-09-22,ESG-GARCH(G),0.145842149462098,0.844044942846228,G,2017-09-12
KHC,KHC.O,2017-09-22,ESG-GARCH(S),0.145842149462098,0.8440449428462281,S,2017-09-12
KHC,KHC.O,2017-09-22,ESG-GJR-GARCH,0.1518954941462087,0.9155651246794017,all,2017-09-12
KHC,KHC.O,2017-09-22,ESG-GJR-GARCH(E),0.1518954941462087,0.9155651246794017,E,2017-09-12
KHC,KHC.O,2017-09-22,ESG-GJR-GARCH(G),0.1518954941462086,0.9155651246794012,G,2017-09-12
KHC,KHC.O,2017-09-22,ESG-GJR-GARCH(S),0.1518954941462087,0.9155651246794017,S,2017-09-12
KHC,KHC.O,2017-09-22,GARCH,0.1594973454858212,1.009500127659659,,2017-09-12
KHC,KHC.O,2017-09-22,GJR-GARCH,0.1522417993045073,0.919744660931504,,2017-09-12
KHC,KHC.O,2017-09-25,EGARCH,0.1598175162002387,1.013557082714824,,2017-09-12
KHC,KHC.O,2017-09-25,ESG-EGARCH,0.1379832948146636,0.755531335234539,all,2017-09-12
KHC,KHC.O,2017-09-25,ESG-EGARCH(E),0.1379832948146636,0.7555313352345389,E,2017-09-12
KHC,KHC.O,2017-09-25,ESG-EGARCH(G),0.1379832948146636,0.755531335234539,G,2017-09-12
KHC,KHC.O,2017-09-25,ESG-EGARCH(S),0.1379832948146636,0.7555313352345389,S,2017-09-12
KHC,KHC.O,2017-09-25,ESG-GARCH,0.145842149462098,0.8440449428462279,all,2017-09-12
KHC,KHC.O,2017-09-25,ESG-GARCH(E),0.145842149462098,0.8440449428462281,E,2017-09-12
KHC,KHC.O,2017-09-25,ESG-GARCH(G),0.145842149462098,0.844044942846228,G,2017-09-12
KHC,KHC.O,2017-09-25,ESG-GARCH(S),0.145842149462098,0.8440449428462281,S,2017-09-12
KHC,KHC.O,2017-09-25,ESG-GJR-GARCH,0.1518954941462087,0.9155651246794017,all,2017-09-12
KHC,KHC.O,2017-09-25,ESG-GJR-GARCH(E),0.1518954941462087,0.9155651246794017,E,2017-09-12
KHC,KHC.O,2017-09-25,ESG-GJR-GARCH(G),0.1518954941462086,0.9155651246794012,G,2017-09-12
KHC,KHC.O,2017-09-25,ESG-GJR-GARCH(S),0.1518954941462087,0.9155651246794017,S,2017-09-12
KHC,KHC.O,2017-09-25,GARCH,0.1594973454858212,1.009500127659659,,2017-09-12
KHC,KHC.O,2017-09-25,GJR-GARCH,0.1522417993045073,0.919744660931504,,2017-09-12
KHC,KHC.O,2017-09-26,EGARCH,0.1598175162002387,1.013557082714824,,2017-09-12
KHC,KHC.O,2017-09-26,ESG-EGARCH,0.1379832948146636,0.755531335234539,all,2017-09-12
KHC,KHC.O,2017-09-26,ESG-EGARCH(E),0.1379832948146636,0.7555313352345389,E,2017-09-12
KHC,KHC.O,2017-09-26,ESG-EGARCH(G),0.1379832948146636,0.755531335234539,G,2017-09-12
KHC,KHC.O,2017-09-26,ESG-EGARCH(S),0.1379832948146636,0.7555313352345389,S,2017-09-12
KHC,KHC.O,2017-09-26,ESG-GARCH,0.145842149462098,0.8440449428462279,all,2017-09-12
KHC,KHC.O,2017-09-26,ESG-GARCH(E),0.145842149462098,0.8440449428462281,E,2017-09-12
KHC,KHC.O,2017-09-26,ESG-GARCH(G),0.145842149462098,0.844044942846228,G,2017-09-12
KHC,KHC.O,2017-09-26,ESG-GARCH(S),0.145842149462098,0.8440449428462281,S,2017-09-12
KHC,KHC.O,2017-09-26,ESG-GJR-GARCH,0.1518954941462087,0.9155651246794017,all,2017-09-12
KHC,KHC.O,2017-09-26,ESG-GJR-GARCH(E),0.1518954941462087,0.9155651246794017,E,2017-09-12
KHC,KHC.O,2017-09-26,ESG-GJR-GARCH(G),0.1518954941462086,0.9155651246794012,G,2017-09-12
KHC,KHC.O,2017-09-26,ESG-GJR-GARCH(S),0.1518954941462087,0.9155651246794017,S,2017-09-12
KHC,KHC.O,2017-09-26,GARCH,0.1594973454858212,1.009500127659659,,2017-09-12
KHC,KHC.O,2017-09-26,GJR-GARCH,0.1522417993045073,0.919744660931504,,2017-09-12
KHC,KHC.O,2017-09-27,EGARCH,0.1598175162002387,1.013557082714824,,2017-09-12
KHC,KHC.O,2017-09-27,ESG-EGARCH,0.1379832948146636,0.755531335234539,all,2017-09-12
KHC,KHC.O,2017-09-27,ESG-EGARCH(E),0.1379832948146636,0.7555313352345389,E,2017-09-12
KHC,KHC.O,2017-09-27,ESG-EGARCH(G),0.1379832948146636,0.755531335234539,G,2017-09-12
KHC,KHC.O,2017-09-27,ESG-EGARCH(S),0.1379832948146636,0.7555313352345389,S,2017-09-12
KHC,KHC.O,2017-09-27,ESG-GARCH,0.145842149462098,0.8440449428462279,all,2017-09-12
KHC,KHC.O,2017-09-27,ESG-GARCH(E),0.145842149462098,0.8440449428462281,E,2017-09-12
KHC,KHC.O,2017-09-27,ESG-GARCH(G),0.145842149462098,0.844044942846228,G,2017-09-12
KHC,KHC.O,2017-09-27,ESG-GARCH(S),0.145842149462098,0.8440449428462281,S,2017-09-12
KHC,KHC.O,2017-09-27,ESG-GJR-GARCH,0.1518954941462087,0.9155651246794017,all,2017-09-12
KHC,KHC.O,2017-09-27,ESG-GJR-GARCH(E),0.1518954941462087,0.9155651246794017,E,2017-09-12
KHC,KHC.O,2017-09-27,ESG-GJR-GARCH(G),0.1518954941462086,0.9155651246794012,G,2017-09-12
KHC,KHC.O,2017-09-27,ESG-GJR-GARCH(S),0.1518954941462087,0.9155651246794017,S,2017-09-12
KHC,KHC.O,2017-09-27,GARCH,0.1594973454858212,1.009500127659659,,2017-09-12
KHC,KHC.O,2017-09-27,GJR-GARCH,0.1522417993045073,0.919744660931504,,2017-09-12
KHC,KHC.O,2017-09-28,EGARCH,0.1598175162002387,1.013557082714824,,2017-09-12
KHC,KHC.O,2017-09-28,ESG-EGARCH,0.1379832948146636,0.755531335234539,all,2017-09-12
KHC,KHC.O,2017-09-28,ESG-EGARCH(E),0.1379832948146636,0.7555313352345389,E,2017-09-12
KHC,KHC.O,2017-09-28,ESG-EGARCH(G),0.1379832948146636,0.755531335234539,G,2017-09-12
KHC,KHC.O,2017-09-28,ESG-EGARCH(S),0.1379832948146636,0.7555313352345389,S,2017-09-12
KHC,KHC.O,2017-09-28,ESG-GARCH,0.145842149462098,0.8440449428462279,all,2017-09-12
KHC,KHC.O,2017-09-28,ESG-GARCH(E),0.145842149462098,0.8440449428462281,E,2017-09-12
KHC,KHC.O,2017-09-28,ESG-GARCH(G),0.145842149462098,0.844044942846228,G,2017-09-12
KHC,KHC.O,2017-09-28,ESG-GARCH(S),0.145842149462098,0.8440449428462281,S,2017-09-12
KHC,KHC.O,2017-09-28,ESG-GJR-GARCH,0.1518954941462087,0.9155651246794017,all,2017-09-12
KHC,KHC.O,2017-09-28,ESG-GJR-GARCH(E),0.1518954941462087,0.9155651246794017,E,2017-09-12
KHC,KHC.O,2017-09-28,ESG-GJR-GARCH(G),0.1518954941462086,0.9155651246794012,G,2017-09-12
KHC,KHC.O,2017-09-28,ESG-GJR-GARCH(S),0.1518954941462087,0.9155651246794017,S,2017-09-12
KHC,KHC.O,2017-09-28,GARCH,0.1594973454858212,1.009500127659659,,2017-09-12
KHC,KHC.O,2017-09-28,GJR-GARCH,0.1522417993045073,0.919744660931504,,2017-09-12
KHC,KHC.O,2017-09-29,EGARCH,0.1598175162002387,1.013557082714824,,2017-09-12
KHC,KHC.O,2017-09-29,ESG-EGARCH,0.1379832948146636,0.755531335234539,all,2017-09-12
KHC,KHC.O,2017-09-29,ESG-EGARCH(E),0.1379832948146636,0.7555313352345389,E,2017-09-12
KHC,KHC.O,2017-09-29,ESG-EGARCH(G),0.1379832948146636,0.755531335234539,G,2017-09-12
KHC,KHC.O,2017-09-29,ESG-EGARCH(S),0.1379832948146636,0.7555313352345389,S,2017-09-12
KHC,KHC.O,2017-09-29,ESG-GARCH,0.145842149462098,0.8440449428462279,all,2017-09-12
KHC,KHC.O,2017-09-29,ESG-GARCH(E),0.145842149462098,0.8440449428462281,E,2017-09-12
KHC,KHC.O,2017-09-29,ESG-GARCH(G),0.145842149462098,0.844044942846228,G,2017-09-12
KHC,KHC.O,2017-09-29,ESG-GARCH(S),0.145842149462098,0.8440449428462281,S,2017-09-12
KHC,KHC.O,2017-09-29,ESG-GJR-GARCH,0.1518954941462087,0.9155651246794017,all,2017-09-12
KHC,KHC.O,2017-09-29,ESG-GJR-GARCH(E),0.1518954941462087,0.9155651246794017,E,2017-09-12
KHC,KHC.O,2017-09-29,ESG-GJR-GARCH(G),0.1518954941462086,0.9155651246794012,G,2017-09-12
KHC,KHC.O,2017-09-29,ESG-GJR-GARCH(S),0.1518954941462087,0.9155651246794017,S,2017-09-12
KHC,KHC.O,2017-09-29,GARCH,0.1594973454858212,1.009500127659659,,2017-09-12
KHC,KHC.O,2017-09-29,GJR-GARCH,0.1522417993045073,0.919744660931504,,2017-09-12
KHC,KHC.O,2017-10-02,EGARCH,0.1598175162002387,1.013557082714824,,2017-09-12
KHC,KHC.O,2017-10-02,ESG-EGARCH,0.1379832948146636,0.755531335234539,all,2017-09-12
KHC,KHC.O,2017-10-02,ESG-EGARCH(E),0.1379832948146636,0.7555313352345389,E,2017-09-12
KHC,KHC.O,2017-10-02,ESG-EGARCH(G),0.1379832948146636,0.755531335234539,G,2017-09-12
KHC,KHC.O,2017-10-02,ESG-EGARCH(S),0.1379832948146636,0.7555313352345389,S,2017-09-12
KHC,KHC.O,2017-10-02,ESG-GARCH,0.145842149462098,0.8440449428462279,all,2017-09-12
KHC,KHC.O,2017-10-02,ESG-GARCH(E),0.145842149462098,0.8440449428462281,E,2017-09-12
KHC,KHC.O,2017-10-02,ESG-GARCH(G),0.145842149462098,0.844044942846228,G,2017-09-12
KHC,KHC.O,2017-10-02,ESG-GARCH(S),0.145842149462098,0.8440449428462281,S,2017-09-12
KHC,KHC.O,2017-10-02,ESG-GJR-GARCH,0.1518954941462087,0.9155651246794017,all,2017-09-12
KHC,KHC.O,2017-10-02,ESG-GJR-GARCH(E),0.1518954941462087,0.9155651246794017,E,2017-09-12
KHC,KHC.O,2017-10-02,ESG-GJR-GARCH(G),0.1518954941462086,0.9155651246794012,G,2017-09-12
KHC,KHC.O,2017-10-02,ESG-GJR-GARCH(S),0.1518954941462087,0.9155651246794017,S,2017-09-12
KHC,KHC.O,2017-10-02,GARCH,0.1594973454858212,1.009500127659659,,2017-09-12
KHC,KHC.O,2017-10-02,GJR-GARCH,0.1522417993045073,0.919744660931504,,2017-09-12
KHC,KHC.O,2017-10-03,EGARCH,0.1598175162002387,1.013557082714824,,2017-09-12
KHC,KHC.O,2017-10-03,ESG-EGARCH,0.1379832948146636,0.755531335234539,all,2017-09-12
KHC,KHC.O,2017-10-03,ESG-EGARCH(E),0.1379832948146636,0.7555313352345389,E,2017-09-12
KHC,KHC.O,2017-10-03,ESG-EGARCH(G),0.1379832948146636,0.755531335234539,G,2017-09-12
KHC,KHC.O,2017-10-03,ESG-EGARCH(S),0.1379832948146636,0.7555313352345389,S,2017-09-12
KHC,KHC.O,2017-10-03,ESG-GARCH,0.145842149462098,0.8440449428462279,all,2017-09-12
KHC,KHC.O,2017-10-03,ESG-GARCH(E),0.145842149462098,0.8440449428462281,E,2017-09-12
KHC,KHC.O,2017-10-03,ESG-GARCH(G),0.145842149462098,0.844044942846228,G,2017-09-12
KHC,KHC.O,2017-10-03,ESG-GARCH(S),0.145842149462098,0.8440449428462281,S,2017-09-12
KHC,KHC.O,2017-10-03,ESG-GJR-GARCH,0.1518954941462087,0.9155651246794017,all,2017-09-12
KHC,KHC.O,2017-10-03,ESG-GJR-GARCH(E),0.1518954941462087,0.9155651246794017,E,2017-09-12
KHC,KHC.O,2017-10-03,ESG-GJR-GARCH(G),0.1518954941462086,0.9155651246794012,G,2017-09-12
KHC,KHC.O,2017-10-03,ESG-GJR-GARCH(S),0.1518954941462087,0.9155651246794017,S,2017-09-12
KHC,KHC.O,2017-10-03,GARCH,0.1594973454858212,1.009500127659659,,2017-09-12
KHC,KHC.O,2017-10-03,GJR-GARCH,0.1522417993045073,0.919744660931504,,2017-09-12
KHC,KHC.O,2017-10-04,EGARCH,0.1598175162002387,1.013557082714824,,2017-09-12
KHC,KHC.O,2017-10-04,ESG-EGARCH,0.1379832948146636,0.755531335234539,all,2017-09-12
KHC,KHC.O,2017-10-04,ESG-EGARCH(E),0.1379832948146636,0.7555313352345389,E,2017-09-12
KHC,KHC.O,2017-10-04,ESG-EGARCH(G),0.1379832948146636,0.755531335234539,G,2017-09-12
KHC,KHC.O,2017-10-04,ESG-EGARCH(S),0.1379832948146636,0.7555313352345389,S,2017-09-12
KHC,KHC.O,2017-10-04,ESG-GARCH,0.145842149462098,0.8440449428462279,all,2017-09-12
KHC,KHC.O,2017-10-04,ESG-GARCH(E),0.145842149462098,0.8440449428462281,E,2017-09-12
KHC,KHC.O,2017-10-04,ESG-GARCH(G),0.145842149462098,0.844044942846228,G,2017-09-12
KHC,KHC.O,2017-10-04,ESG-GARCH(S),0.145842149462098,0.8440449428462281,S,2017-09-12
KHC,KHC.O,2017-10-04,ESG-GJR-GARCH,0.1518954941462087,0.9155651246794017,all,2017-09-12
KHC,KHC.O,2017-10-04,ESG-GJR-GARCH(E),0.1518954941462087,0.9155651246794017,E,2017-09-12
KHC,KHC.O,2017-10-04,ESG-GJR-GARCH(G),0.1518954941462086,0.9155651246794012,G,2017-09-12
KHC,KHC.O,2017-10-04,ESG-GJR-GARCH(S),0.1518954941462087,0.9155651246794017,S,2017-09-12
KHC,KHC.O,2017-10-04,GARCH,0.1594973454858212,1.009500127659659,,2017-09-12
KHC,KHC.O,2017-10-04,GJR-GARCH,0.1522417993045073,0.919744660931504,,2017-09-12
KHC,KHC.O,2017-10-05,EGARCH,0.1598175162002387,1.013557082714824,,2017-09-12
KHC,KHC.O,2017-10-05,ESG-EGARCH,0.1379832948146636,0.755531335234539,all,2017-09-12
KHC,KHC.O,2017-10-05,ESG-EGARCH(E),0.1379832948146636,0.7555313352345389,E,2017-09-12
KHC,KHC.O,2017-10-05,ESG-EGARCH(G),0.1379832948146636,0.755531335234539,G,2017-09-12
KHC,KHC.O,2017-10-05,ESG-EGARCH(S),0.1379832948146636,0.7555313352345389,S,2017-09-12
KHC,KHC.O,2017-10-05,ESG-GARCH,0.145842149462098,0.8440449428462279,all,2017-09-12
KHC,KHC.O,2017-10-05,ESG-GARCH(E),0.145842149462098,0.8440449428462281,E,2017-09-12
KHC,KHC.O,2017-10-05,ESG-GARCH(G),0.145842149462098,0.844044942846228,G,2017-09-12
KHC,KHC.O,2017-10-05,ESG-GARCH(S),0.145842149462098,0.8440449428462281,S,2017-09-12
KHC,KHC.O,2017-10-05,ESG-GJR-GARCH,0.1518954941462087,0.9155651246794017,all,2017-09-12
KHC,KHC.O,2017-10-05,ESG-GJR-GARCH(E),0.1518954941462087,0.9155651246794017,E,2017-09-12
KHC,KHC.O,2017-10-05,ESG-GJR-GARCH(G),0.1518954941462086,0.9155651246794012,G,2017-09-12
KHC,KHC.O,2017-10-05,ESG-GJR-GARCH(S),0.1518954941462087,0.9155651246794017,S,2017-09-12
KHC,KHC.O,2017-10-05,GARCH,0.1594973454858212,1.009500127659659,,2017-09-12
KHC,KHC.O,2017-10-05,GJR-GARCH,0.1522417993045073,0.919744660931504,,2017-09-12
KHC,KHC.O,2017-10-06,EGARCH,0.1598175162002387,1.013557082714824,,2017-09-12
KHC,KHC.O,2017-10-06,ESG-EGARCH,0.1379832948146636,0.755531335234539,all,2017-09-12
KHC,KHC.O,2017-10-06,ESG-EGARCH(E),0.1379832948146636,0.7555313352345389,E,2017-09-12
KHC,KHC.O,2017-10-06,ESG-EGARCH(G),0.1379832948146636,0.755531335234539,G,2017-09-12
KHC,KHC.O,2017-10-06,ESG-EGARCH(S),0.1379832948146636,0.7555313352345389,S,2017-09-12
KHC,KHC.O,2017-10-06,ESG-GARCH,0.145842149462098,0.8440449428462279,all,2017-09-12
KHC,KHC.O,2017-10-06,ESG-GARCH(E),0.145842149462098,0.8440449428462281,E,2017-09-12
KHC,KHC.O,2017-10-06,ESG-GARCH(G),0.145842149462098,0.844044942846228,G,2017-09-12
KHC,KHC.O,2017-10-06,ESG-GARCH(S),0.145842149462098,0.8440449428462281,S,2017-09-12
KHC,KHC.O,2017-10-06,ESG-GJR-GARCH,0.1518954941462087,0.9155651246794017,all,2017-09-12
KHC,KHC.O,2017-10-06,ESG-GJR-GARCH(E),0.1518954941462087,0.9155651246794017,E,2017-09-12
KHC,KHC.O,2017-10-06,ESG-GJR-GARCH(G),0.1518954941462086,0.9155651246794012,G,2017-09-12
KHC,KHC.O,2017-10-06,ESG-GJR-GARCH(S),0.1518954941462087,0.9155651246794017,S,2017-09-12
KHC,KHC.O,2017-10-06,GARCH,0.1594973454858212,1.009500127659659,,2017-09-12
KHC,KHC.O,2017-10-06,GJR-GARCH,0.1522417993045073,0.919744660931504,,2017-09-12
KHC,KHC.O,2017-10-09,EGARCH,0.1598175162002387,1.013557082714824,,2017-09-12
KHC,KHC.O,2017-10-09,ESG-EGARCH,0.1379832948146636,0.755531335234539,all,2017-09-12
KHC,KHC.O,2017-10-09,ESG-EGARCH(E),0.1379832948146636,0.7555313352345389,E,2017-09-12
KHC,KHC.O,2017-10-09,ESG-EGARCH(G),0.1379832948146636,0.755531335234539,G,2017-09-12
KHC,KHC.O,2017-10-09,ESG-EGARCH(S),0.1379832948146636,0.7555313352345389,S,2017-09-12
KHC,KHC.O,2017-10-09,ESG-GARCH,0.145842149462098,0.8440449428462279,all,2017-09-12
KHC,KHC.O,2017-10-09,ESG-GARCH(E),0.145842149462098,0.8440449428462281,E,2017-09-12
KHC,KHC.O,2017-10-09,ESG-GARCH(G),0.145842149462098,0.844044942846228,G,2017-09-12
KHC,KHC.O,2017-10-09,ESG-GARCH(S),0.145842149462098,0.8440449428462281,S,2017-09-12
KHC,KHC.O,2017-10-09,ESG-GJR-GARCH,0.1518954941462087,0.9155651246794017,all,2017-09-12
KHC,KHC.O,2017-10-09,ESG-GJR-GARCH(E),0.1518954941462087,0.9155651246794017,E,2017-09-12
KHC,KHC.O,2017-10-09,ESG-GJR-GARCH(G),0.1518954941462086,0.9155651246794012,G,2017-09-12
KHC,KHC.O,2017-10-09,ESG-GJR-GARCH(S),0.1518954941462087,0.9155651246794017,S,2017-09-12
KHC,KHC.O,2017-10-09,GARCH,0.1594973454858212,1.009500127659659,,2017-09-12
KHC,KHC.O,2017-10-09,GJR-GARCH,0.1522417993045073,0.919744660931504,,2017-09-12
KHC,KHC.O,2017-10-10,EGARCH,0.1598175162002387,1.013557082714824,,2017-09-12
KHC,KHC.O,2017-10-10,ESG-EGARCH,0.1379832948146636,0.755531335234539,all,2017-09-12
KHC,KHC.O,2017-10-10,ESG-EGARCH(E),0.1379832948146636,0.7555313352345389,E,2017-09-12
KHC,KHC.O,2017-10-10,ESG-EGARCH(G),0.1379832948146636,0.755531335234539,G,2017-09-12
KHC,KHC.O,2017-10-10,ESG-EGARCH(S),0.1379832948146636,0.7555313352345389,S,2017-09-12
KHC,KHC.O,2017-10-10,ESG-GARCH,0.145842149462098,0.8440449428462279,all,2017-09-12
KHC,KHC.O,2017-10-10,ESG-GARCH(E),0.145842149462098,0.8440449428462281,E,2017-09-12
KHC,KHC.O,2017-10-10,ESG-GARCH(G),0.145842149462098,0.844044942846228,G,2017-09-12
KHC,KHC.O,2017-10-10,ESG-GARCH(S),0.145842149462098,0.8440449428462281,S,2017-09-12
KHC,KHC.O,2017-10-10,ESG-GJR-GARCH,0.1518954941462087,0.9155651246794017,all,2017-09-12
KHC,KHC.O,2017-10-10,ESG-GJR-GARCH(E),0.1518954941462087,0.9155651246794017,E,2017-09-12
KHC,KHC.O,2017-10-10,ESG-GJR-GARCH(G),0.1518954941462086,0.9155651246794012,G,2017-09-12
KHC,KHC.O,2017-10-10,ESG-GJR-GARCH(S),0.1518954941462087,0.9155651246794017,S,2017-09-12
KHC,KHC.O,2017-10-10,GARCH,0.1594973454858212,1.009500127659659,,2017-09-12
KHC,KHC.O,2017-10-10,GJR-GARCH,0.1522417993045073,0.919744660931504,,2017-09-12
KHC,KHC.O,2017-10-11,EGARCH,0.1598175162002387,1.013557082714824,,2017-09-12
KHC,KHC.O,2017-10-11,ESG-EGARCH,0.1379832948146636,0.755531335234539,all,2017-09-12
KHC,KHC.O,2017-10-11,ESG-EGARCH(E),0.1379832948146636,0.7555313352345389,E,2017-09-12
KHC,KHC.O,2017-10-11,ESG-EGARCH(G),0.1379832948146636,0.755531335234539,G,2017-09-12
KHC,KHC.O,2017-10-11,ESG-EGARCH(S),0.1379832948146636,0.7555313352345389,S,2017-09-12
KHC,KHC.O,2017-10-11,ESG-GARCH,0.145842149462098,0.8440449428462279,all,2017-09-12
KHC,KHC.O,2017-10-11,ESG-GARCH(E),0.145842149462098,0.8440449428462281,E,2017-09-12
KHC,KHC.O,2017-10-11,ESG-GARCH(G),0.145842149462098,0.844044942846228,G,2017-09-12
KHC,KHC.O,2017-10-11,ESG-GARCH(S),0.145842149462098,0.8440449428462281,S,2017-09-12
KHC,KHC.O,2017-10-11,ESG-GJR-GARCH,0.1518954941462087,0.9155651246794017,all,2017-09-12
KHC,KHC.O,2017-10-11,ESG-GJR-GARCH(E),0.1518954941462087,0.9155651246794017,E,2017-09-12
KHC,KHC.O,2017-10-11,ESG-GJR-GARCH(G),0.1518954941462086,0.9155651246794012,G,2017-09-12
KHC,KHC.O,2017-10-11,ESG-GJR-GARCH(S),0.1518954941462087,0.9155651246794017,S,2017-09-12
KHC,KHC.O,2017-10-11,GARCH,0.1594973454858212,1.009500127659659,,2017-09-12
KHC,KHC.O,2017-10-11,GJR-GARCH,0.1522417993045073,0.919744660931504,,2017-09-12
KHC,KHC.O,2017-10-12,EGARCH,0.1471369216024207,0.8590981626443214,,2017-10-12
KHC,KHC.O,2017-10-12,ESG-EGARCH,0.1673520391150756,1.1113771823799128,all,2017-10-12
KHC,KHC.O,2017-10-12,ESG-EGARCH(E),0.1673520391150756,1.1113771823799137,E,2017-10-12
KHC,KHC.O,2017-10-12,ESG-EGARCH(G),0.1673520391150756,1.1113771823799137,G,2017-10-12
KHC,KHC.O,2017-10-12,ESG-EGARCH(S),0.1673520391150756,1.1113771823799137,S,2017-10-12
KHC,KHC.O,2017-10-12,ESG-GARCH,0.1676750175046334,1.1156710910785366,all,2017-10-12
KHC,KHC.O,2017-10-12,ESG-GARCH(E),0.1676750175046334,1.1156710910785363,E,2017-10-12
KHC,KHC.O,2017-10-12,ESG-GARCH(G),0.1676750175046334,1.1156710910785363,G,2017-10-12
KHC,KHC.O,2017-10-12,ESG-GARCH(S),0.1676750175046334,1.1156710910785363,S,2017-10-12
KHC,KHC.O,2017-10-12,ESG-GJR-GARCH,0.1623506178007447,1.0459413928683934,all,2017-10-12
KHC,KHC.O,2017-10-12,ESG-GJR-GARCH(E),0.1623506178007448,1.0459413928683938,E,2017-10-12
KHC,KHC.O,2017-10-12,ESG-GJR-GARCH(G),0.1623506178007448,1.0459413928683938,G,2017-10-12
KHC,KHC.O,2017-10-12,ESG-GJR-GARCH(S),0.1623506178007448,1.0459413928683938,S,2017-10-12
KHC,KHC.O,2017-10-12,GARCH,0.1537850353243174,0.9384855987976808,,2017-10-12
KHC,KHC.O,2017-10-12,GJR-GARCH,0.150405166137088,0.897687063520835,,2017-10-12
KHC,KHC.O,2017-10-13,EGARCH,0.1471369216024207,0.8590981626443214,,2017-10-12
KHC,KHC.O,2017-10-13,ESG-EGARCH,0.1673520391150756,1.1113771823799128,all,2017-10-12
KHC,KHC.O,2017-10-13,ESG-EGARCH(E),0.1673520391150756,1.1113771823799137,E,2017-10-12
KHC,KHC.O,2017-10-13,ESG-EGARCH(G),0.1673520391150756,1.1113771823799137,G,2017-10-12
KHC,KHC.O,2017-10-13,ESG-EGARCH(S),0.1673520391150756,1.1113771823799137,S,2017-10-12
KHC,KHC.O,2017-10-13,ESG-GARCH,0.1676750175046334,1.1156710910785366,all,2017-10-12
KHC,KHC.O,2017-10-13,ESG-GARCH(E),0.1676750175046334,1.1156710910785363,E,2017-10-12
KHC,KHC.O,2017-10-13,ESG-GARCH(G),0.1676750175046334,1.1156710910785363,G,2017-10-12
KHC,KHC.O,2017-10-13,ESG-GARCH(S),0.1676750175046334,1.1156710910785363,S,2017-10-12
KHC,KHC.O,2017-10-13,ESG-GJR-GARCH,0.1623506178007447,1.0459413928683934,all,2017-10-12
KHC,KHC.O,2017-10-13,ESG-GJR-GARCH(E),0.1623506178007448,1.0459413928683938,E,2017-10-12
KHC,KHC.O,2017-10-13,ESG-GJR-GARCH(G),0.1623506178007448,1.0459413928683938,G,2017-10-12
KHC,KHC.O,2017-10-13,ESG-GJR-GARCH(S),0.1623506178007448,1.0459413928683938,S,2017-10-12
KHC,KHC.O,2017-10-13,GARCH,0.1537850353243174,0.9384855987976808,,2017-10-12
KHC,KHC.O,2017-10-13,GJR-GARCH,0.150405166137088,0.897687063520835,,2017-10-12
KHC,KHC.O,2017-10-16,EGARCH,0.1471369216024207,0.8590981626443214,,2017-10-12
KHC,KHC.O,2017-10-16,ESG-EGARCH,0.1673520391150756,1.1113771823799128,all,2017-10-12
KHC,KHC.O,2017-10-16,ESG-EGARCH(E),0.1673520391150756,1.1113771823799137,E,2017-10-12
KHC,KHC.O,2017-10-16,ESG-EGARCH(G),0.1673520391150756,1.1113771823799137,G,2017-10-12
KHC,KHC.O,2017-10-16,ESG-EGARCH(S),0.1673520391150756,1.1113771823799137,S,2017-10-12
KHC,KHC.O,2017-10-16,ESG-GARCH,0.1676750175046334,1.1156710910785366,all,2017-10-12
KHC,KHC.O,2017-10-16,ESG-GARCH(E),0.1676750175046334,1.1156710910785363,E,2017-10-12
KHC,KHC.O,2017-10-16,ESG-GARCH(G),0.1676750175046334,1.1156710910785363,G,2017-10-12
KHC,KHC.O,2017-10-16,ESG-GARCH(S),0.1676750175046334,1.1156710910785363,S,2017-10-12
KHC,KHC.O,2017-10-16,ESG-GJR-GARCH,0.1623506178007447,1.0459413928683934,all,2017-10-12
KHC,KHC.O,2017-10-16,ESG-GJR-GARCH(E),0.1623506178007448,1.0459413928683938,E,2017-10-12
KHC,KHC.O,2017-10-16,ESG-GJR-GARCH(G),0.1623506178007448,1.0459413928683938,G,2017-10-12
KHC,KHC.O,2017-10-16,ESG-GJR-GARCH(S),0.1623506178007448,1.0459413928683938,S,2017-10-12
KHC,KHC.O,2017-10-16,GARCH,0.1537850353243174,0.9384855987976808,,2017-10-12
KHC,KHC.O,2017-10-16,GJR-GARCH,0.150405166137088,0.897687063520835,,2017-10-12
KHC,KHC.O,2017-10-17,EGARCH,0.1471369216024207,0.8590981626443214,,2017-10-12
KHC,KHC.O,2017-10-17,ESG-EGARCH,0.1673520391150756,1.1113771823799128,all,2017-10-12
KHC,KHC.O,2017-10-17,ESG-EGARCH(E),0.1673520391150756,1.1113771823799137,E,2017-10-12
KHC,KHC.O,2017-10-17,ESG-EGARCH(G),0.1673520391150756,1.1113771823799137,G,2017-10-12
KHC,KHC.O,2017-10-17,ESG-EGARCH(S),0.1673520391150756,1.1113771823799137,S,2017-10-12
KHC,KHC.O,2017-10-17,ESG-GARCH,0.1676750175046334,1.1156710910785366,all,2017-10-12
KHC,KHC.O,2017-10-17,ESG-GARCH(E),0.1676750175046334,1.1156710910785363,E,2017-10-12
KHC,KHC.O,2017-10-17,ESG-GARCH(G),0.1676750175046334,1.1156710910785363,G,2017-10-12
KHC,KHC.O,2017-10-17,ESG-GARCH(S),0.1676750175046334,1.1156710910785363,S,2017-10-12
KHC,KHC.O,2017-10-17,ESG-GJR-GARCH,0.1623506178007447,1.0459413928683934,all,2017-10-12
KHC,KHC.O,2017-10-17,ESG-GJR-GARCH(E),0.1623506178007448,1.0459413928683938,E,2017-10-12
KHC,KHC.O,2017-10-17,ESG-GJR-GARCH(G),0.1623506178007448,1.0459413928683938,G,2017-10-12
KHC,KHC.O,2017-10-17,ESG-GJR-GARCH(S),0.1623506178007448,1.0459413928683938,S,2017-10-12
KHC,KHC.O,2017-10-17,GARCH,0.1537850353243174,0.9384855987976808,,2017-10-12
KHC,KHC.O,2017-10-17,GJR-GARCH,0.150405166137088,0.897687063520835,,2017-10-12
KHC,KHC.O,2017-10-18,EGARCH,0.1471369216024207,0.8590981626443214,,2017-10-12
KHC,KHC.O,2017-10-18,ESG-EGARCH,0.1673520391150756,1.1113771823799128,all,2017-10-12
KHC,KHC.O,2017-10-18,ESG-EGARCH(E),0.1673520391150756,1.1113771823799137,E,2017-10-12
KHC,KHC.O,2017-10-18,ESG-EGARCH(G),0.1673520391150756,1.1113771823799137,G,2017-10-12
KHC,KHC.O,2017-10-18,ESG-EGARCH(S),0.1673520391150756,1.1113771823799137,S,2017-10-12
KHC,KHC.O,2017-10-18,ESG-GARCH,0.1676750175046334,1.1156710910785366,all,2017-10-12
KHC,KHC.O,2017-10-18,ESG-GARCH(E),0.1676750175046334,1.1156710910785363,E,2017-10-12
KHC,KHC.O,2017-10-18,ESG-GARCH(G),0.1676750175046334,1.1156710910785363,G,2017-10-12
KHC,KHC.O,2017-10-18,ESG-GARCH(S),0.1676750175046334,1.1156710910785363,S,2017-10-12
KHC,KHC.O,2017-10-18,ESG-GJR-GARCH,0.1623506178007447,1.0459413928683934,all,2017-10-12
KHC,KHC.O,2017-10-18,ESG-GJR-GARCH(E),0.1623506178007448,1.0459413928683938,E,2017-10-12
KHC,KHC.O,2017-10-18,ESG-GJR-GARCH(G),0.1623506178007448,1.0459413928683938,G,2017-10-12
KHC,KHC.O,2017-10-18,ESG-GJR-GARCH(S),0.1623506178007448,1.0459413928683938,S,2017-10-12
KHC,KHC.O,2017-10-18,GARCH,0.1537850353243174,0.9384855987976808,,2017-10-12
KHC,KHC.O,2017-10-18,GJR-GARCH,0.150405166137088,0.897687063520835,,2017-10-12
KHC,KHC.O,2017-10-19,EGARCH,0.1471369216024207,0.8590981626443214,,2017-10-12
KHC,KHC.O,2017-10-19,ESG-EGARCH,0.1673520391150756,1.1113771823799128,all,2017-10-12
KHC,KHC.O,2017-10-19,ESG-EGARCH(E),0.1673520391150756,1.1113771823799137,E,2017-10-12
KHC,KHC.O,2017-10-19,ESG-EGARCH(G),0.1673520391150756,1.1113771823799137,G,2017-10-12
KHC,KHC.O,2017-10-19,ESG-EGARCH(S),0.1673520391150756,1.1113771823799137,S,2017-10-12
KHC,KHC.O,2017-10-19,ESG-GARCH,0.1676750175046334,1.1156710910785366,all,2017-10-12
KHC,KHC.O,2017-10-19,ESG-GARCH(E),0.1676750175046334,1.1156710910785363,E,2017-10-12
KHC,KHC.O,2017-10-19,ESG-GARCH(G),0.1676750175046334,1.1156710910785363,G,2017-10-12
KHC,KHC.O,2017-10-19,ESG-GARCH(S),0.1676750175046334,1.1156710910785363,S,2017-10-12
KHC,KHC.O,2017-10-19,ESG-GJR-GARCH,0.1623506178007447,1.0459413928683934,all,2017-10-12
KHC,KHC.O,2017-10-19,ESG-GJR-GARCH(E),0.1623506178007448,1.0459413928683938,E,2017-10-12
KHC,KHC.O,2017-10-19,ESG-GJR-GARCH(G),0.1623506178007448,1.0459413928683938,G,2017-10-12
KHC,KHC.O,2017-10-19,ESG-GJR-GARCH(S),0.1623506178007448,1.0459413928683938,S,2017-10-12
KHC,KHC.O,2017-10-19,GARCH,0.1537850353243174,0.9384855987976808,,2017-10-12
KHC,KHC.O,2017-10-19,GJR-GARCH,0.150405166137088,0.897687063520835,,2017-10-12
KHC,KHC.O,2017-10-20,EGARCH,0.1471369216024207,0.8590981626443214,,2017-10-12
KHC,KHC.O,2017-10-20,ESG-EGARCH,0.1673520391150756,1.1113771823799128,all,2017-10-12
KHC,KHC.O,2017-10-20,ESG-EGARCH(E),0.1673520391150756,1.1113771823799137,E,2017-10-12
KHC,KHC.O,2017-10-20,ESG-EGARCH(G),0.1673520391150756,1.1113771823799137,G,2017-10-12
KHC,KHC.O,2017-10-20,ESG-EGARCH(S),0.1673520391150756,1.1113771823799137,S,2017-10-12
KHC,KHC.O,2017-10-20,ESG-GARCH,0.1676750175046334,1.1156710910785366,all,2017-10-12
KHC,KHC.O,2017-10-20,ESG-GARCH(E),0.1676750175046334,1.1156710910785363,E,2017-10-12
KHC,KHC.O,2017-10-20,ESG-GARCH(G),0.1676750175046334,1.1156710910785363,G,2017-10-12
KHC,KHC.O,2017-10-20,ESG-GARCH(S),0.1676750175046334,1.1156710910785363,S,2017-10-12
KHC,KHC.O,2017-10-20,ESG-GJR-GARCH,0.1623506178007447,1.0459413928683934,all,2017-10-12
KHC,KHC.O,2017-10-20,ESG-GJR-GARCH(E),0.1623506178007448,1.0459413928683938,E,2017-10-12
KHC,KHC.O,2017-10-20,ESG-GJR-GARCH(G),0.1623506178007448,1.0459413928683938,G,2017-10-12
KHC,KHC.O,2017-10-20,ESG-GJR-GARCH(S),0.1623506178007448,1.0459413928683938,S,2017-10-12
KHC,KHC.O,2017-10-20,GARCH,0.1537850353243174,0.9384855987976808,,2017-10-12
KHC,KHC.O,2017-10-20,GJR-GARCH,0.150405166137088,0.897687063520835,,2017-10-12
KHC,KHC.O,2017-10-23,EGARCH,0.1471369216024207,0.8590981626443214,,2017-10-12
KHC,KHC.O,2017-10-23,ESG-EGARCH,0.1673520391150756,1.1113771823799128,all,2017-10-12
KHC,KHC.O,2017-10-23,ESG-EGARCH(E),0.1673520391150756,1.1113771823799137,E,2017-10-12
KHC,KHC.O,2017-10-23,ESG-EGARCH(G),0.1673520391150756,1.1113771823799137,G,2017-10-12
KHC,KHC.O,2017-10-23,ESG-EGARCH(S),0.1673520391150756,1.1113771823799137,S,2017-10-12
KHC,KHC.O,2017-10-23,ESG-GARCH,0.1676750175046334,1.1156710910785366,all,2017-10-12
KHC,KHC.O,2017-10-23,ESG-GARCH(E),0.1676750175046334,1.1156710910785363,E,2017-10-12
KHC,KHC.O,2017-10-23,ESG-GARCH(G),0.1676750175046334,1.1156710910785363,G,2017-10-12
KHC,KHC.O,2017-10-23,ESG-GARCH(S),0.1676750175046334,1.1156710910785363,S,2017-10-12
KHC,KHC.O,2017-10-23,ESG-GJR-GARCH,0.1623506178007447,1.0459413928683934,all,2017-10-12
KHC,KHC.O,2017-10-23,ESG-GJR-GARCH(E),0.1623506178007448,1.0459413928683938,E,2017-10-12
KHC,KHC.O,2017-10-23,ESG-GJR-GARCH(G),0.1623506178007448,1.0459413928683938,G,2017-10-12
KHC,KHC.O,2017-10-23,ESG-GJR-GARCH(S),0.1623506178007448,1.0459413928683938,S,2017-10-12
KHC,KHC.O,2017-10-23,GARCH,0.1537850353243174,0.9384855987976808,,2017-10-12
KHC,KHC.O,2017-10-23,GJR-GARCH,0.150405166137088,0.897687063520835,,2017-10-12
KHC,KHC.O,2017-10-24,EGARCH,0.1471369216024207,0.8590981626443214,,2017-10-12
KHC,KHC.O,2017-10-24,ESG-EGARCH,0.1673520391150756,1.1113771823799128,all,2017-10-12
KHC,KHC.O,2017-10-24,ESG-EGARCH(E),0.1673520391150756,1.1113771823799137,E,2017-10-12
KHC,KHC.O,2017-10-24,ESG-EGARCH(G),0.1673520391150756,1.1113771823799137,G,2017-10-12
KHC,KHC.O,2017-10-24,ESG-EGARCH(S),0.1673520391150756,1.1113771823799137,S,2017-10-12
KHC,KHC.O,2017-10-24,ESG-GARCH,0.1676750175046334,1.1156710910785366,all,2017-10-12
KHC,KHC.O,2017-10-24,ESG-GARCH(E),0.1676750175046334,1.1156710910785363,E,2017-10-12
KHC,KHC.O,2017-10-24,ESG-GARCH(G),0.1676750175046334,1.1156710910785363,G,2017-10-12
KHC,KHC.O,2017-10-24,ESG-GARCH(S),0.1676750175046334,1.1156710910785363,S,2017-10-12
KHC,KHC.O,2017-10-24,ESG-GJR-GARCH,0.1623506178007447,1.0459413928683934,all,2017-10-12
KHC,KHC.O,2017-10-24,ESG-GJR-GARCH(E),0.1623506178007448,1.0459413928683938,E,2017-10-12
KHC,KHC.O,2017-10-24,ESG-GJR-GARCH(G),0.1623506178007448,1.0459413928683938,G,2017-10-12
KHC,KHC.O,2017-10-24,ESG-GJR-GARCH(S),0.1623506178007448,1.0459413928683938,S,2017-10-12
KHC,KHC.O,2017-10-24,GARCH,0.1537850353243174,0.9384855987976808,,2017-10-12
KHC,KHC.O,2017-10-24,GJR-GARCH,0.150405166137088,0.897687063520835,,2017-10-12
KHC,KHC.O,2017-10-25,EGARCH,0.1471369216024207,0.8590981626443214,,2017-10-12
KHC,KHC.O,2017-10-25,ESG-EGARCH,0.1673520391150756,1.1113771823799128,all,2017-10-12
KHC,KHC.O,2017-10-25,ESG-EGARCH(E),0.1673520391150756,1.1113771823799137,E,2017-10-12
KHC,KHC.O,2017-10-25,ESG-EGARCH(G),0.1673520391150756,1.1113771823799137,G,2017-10-12
KHC,KHC.O,2017-10-25,ESG-EGARCH(S),0.1673520391150756,1.1113771823799137,S,2017-10-12
KHC,KHC.O,2017-10-25,ESG-GARCH,0.1676750175046334,1.1156710910785366,all,2017-10-12
KHC,KHC.O,2017-10-25,ESG-GARCH(E),0.1676750175046334,1.1156710910785363,E,2017-10-12
KHC,KHC.O,2017-10-25,ESG-GARCH(G),0.1676750175046334,1.1156710910785363,G,2017-10-12
KHC,KHC.O,2017-10-25,ESG-GARCH(S),0.1676750175046334,1.1156710910785363,S,2017-10-12
KHC,KHC.O,2017-10-25,ESG-GJR-GARCH,0.1623506178007447,1.0459413928683934,all,2017-10-12
KHC,KHC.O,2017-10-25,ESG-GJR-GARCH(E),0.1623506178007448,1.0459413928683938,E,2017-10-12
KHC,KHC.O,2017-10-25,ESG-GJR-GARCH(G),0.1623506178007448,1.0459413928683938,G,2017-10-12
KHC,KHC.O,2017-10-25,ESG-GJR-GARCH(S),0.1623506178007448,1.0459413928683938,S,2017-10-12
KHC,KHC.O,2017-10-25,GARCH,0.1537850353243174,0.9384855987976808,,2017-10-12
KHC,KHC.O,2017-10-25,GJR-GARCH,0.150405166137088,0.897687063520835,,2017-10-12
KHC,KHC.O,2017-10-26,EGARCH,0.1471369216024207,0.8590981626443214,,2017-10-12
KHC,KHC.O,2017-10-26,ESG-EGARCH,0.1673520391150756,1.1113771823799128,all,2017-10-12
KHC,KHC.O,2017-10-26,ESG-EGARCH(E),0.1673520391150756,1.1113771823799137,E,2017-10-12
KHC,KHC.O,2017-10-26,ESG-EGARCH(G),0.1673520391150756,1.1113771823799137,G,2017-10-12
KHC,KHC.O,2017-10-26,ESG-EGARCH(S),0.1673520391150756,1.1113771823799137,S,2017-10-12
KHC,KHC.O,2017-10-26,ESG-GARCH,0.1676750175046334,1.1156710910785366,all,2017-10-12
KHC,KHC.O,2017-10-26,ESG-GARCH(E),0.1676750175046334,1.1156710910785363,E,2017-10-12
KHC,KHC.O,2017-10-26,ESG-GARCH(G),0.1676750175046334,1.1156710910785363,G,2017-10-12
KHC,KHC.O,2017-10-26,ESG-GARCH(S),0.1676750175046334,1.1156710910785363,S,2017-10-12
KHC,KHC.O,2017-10-26,ESG-GJR-GARCH,0.1623506178007447,1.0459413928683934,all,2017-10-12
KHC,KHC.O,2017-10-26,ESG-GJR-GARCH(E),0.1623506178007448,1.0459413928683938,E,2017-10-12
KHC,KHC.O,2017-10-26,ESG-GJR-GARCH(G),0.1623506178007448,1.0459413928683938,G,2017-10-12
KHC,KHC.O,2017-10-26,ESG-GJR-GARCH(S),0.1623506178007448,1.0459413928683938,S,2017-10-12
KHC,KHC.O,2017-10-26,GARCH,0.1537850353243174,0.9384855987976808,,2017-10-12
KHC,KHC.O,2017-10-26,GJR-GARCH,0.150405166137088,0.897687063520835,,2017-10-12
KHC,KHC.O,2017-10-27,EGARCH,0.1471369216024207,0.8590981626443214,,2017-10-12
KHC,KHC.O,2017-10-27,ESG-EGARCH,0.1673520391150756,1.1113771823799128,all,2017-10-12
KHC,KHC.O,2017-10-27,ESG-EGARCH(E),0.1673520391150756,1.1113771823799137,E,2017-10-12
KHC,KHC.O,2017-10-27,ESG-EGARCH(G),0.1673520391150756,1.1113771823799137,G,2017-10-12
KHC,KHC.O,2017-10-27,ESG-EGARCH(S),0.1673520391150756,1.1113771823799137,S,2017-10-12
KHC,KHC.O,2017-10-27,ESG-GARCH,0.1676750175046334,1.1156710910785366,all,2017-10-12
KHC,KHC.O,2017-10-27,ESG-GARCH(E),0.1676750175046334,1.1156710910785363,E,2017-10-12
KHC,KHC.O,2017-10-27,ESG-GARCH(G),0.1676750175046334,1.1156710910785363,G,2017-10-12
KHC,KHC.O,2017-10-27,ESG-GARCH(S),0.1676750175046334,1.1156710910785363,S,2017-10-12
KHC,KHC.O,2017-10-27,ESG-GJR-GARCH,0.1623506178007447,1.0459413928683934,all,2017-10-12
KHC,KHC.O,2017-10-27,ESG-GJR-GARCH(E),0.1623506178007448,1.0459413928683938,E,2017-10-12
KHC,KHC.O,2017-10-27,ESG-GJR-GARCH(G),0.1623506178007448,1.0459413928683938,G,2017-10-12
KHC,KHC.O,2017-10-27,ESG-GJR-GARCH(S),0.1623506178007448,1.0459413928683938,S,2017-10-12
KHC,KHC.O,2017-10-27,GARCH,0.1537850353243174,0.9384855987976808,,2017-10-12
KHC,KHC.O,2017-10-27,GJR-GARCH,0.150405166137088,0.897687063520835,,2017-10-12
KHC,KHC.O,2017-10-30,EGARCH,0.1471369216024207,0.8590981626443214,,2017-10-12
KHC,KHC.O,2017-10-30,ESG-EGARCH,0.1673520391150756,1.1113771823799128,all,2017-10-12
KHC,KHC.O,2017-10-30,ESG-EGARCH(E),0.1673520391150756,1.1113771823799137,E,2017-10-12
KHC,KHC.O,2017-10-30,ESG-EGARCH(G),0.1673520391150756,1.1113771823799137,G,2017-10-12
KHC,KHC.O,2017-10-30,ESG-EGARCH(S),0.1673520391150756,1.1113771823799137,S,2017-10-12
KHC,KHC.O,2017-10-30,ESG-GARCH,0.1676750175046334,1.1156710910785366,all,2017-10-12
KHC,KHC.O,2017-10-30,ESG-GARCH(E),0.1676750175046334,1.1156710910785363,E,2017-10-12
KHC,KHC.O,2017-10-30,ESG-GARCH(G),0.1676750175046334,1.1156710910785363,G,2017-10-12
KHC,KHC.O,2017-10-30,ESG-GARCH(S),0.1676750175046334,1.1156710910785363,S,2017-10-12
KHC,KHC.O,2017-10-30,ESG-GJR-GARCH,0.1623506178007447,1.0459413928683934,all,2017-10-12
KHC,KHC.O,2017-10-30,ESG-GJR-GARCH(E),0.1623506178007448,1.0459413928683938,E,2017-10-12
KHC,KHC.O,2017-10-30,ESG-GJR-GARCH(G),0.1623506178007448,1.0459413928683938,G,2017-10-12
KHC,KHC.O,2017-10-30,ESG-GJR-GARCH(S),0.1623506178007448,1.0459413928683938,S,2017-10-12
KHC,KHC.O,2017-10-30,GARCH,0.1537850353243174,0.9384855987976808,,2017-10-12
KHC,KHC.O,2017-10-30,GJR-GARCH,0.150405166137088,0.897687063520835,,2017-10-12
KHC,KHC.O,2017-10-31,EGARCH,0.1471369216024207,0.8590981626443214,,2017-10-12
KHC,KHC.O,2017-10-31,ESG-EGARCH,0.1673520391150756,1.1113771823799128,all,2017-10-12
KHC,KHC.O,2017-10-31,ESG-EGARCH(E),0.1673520391150756,1.1113771823799137,E,2017-10-12
KHC,KHC.O,2017-10-31,ESG-EGARCH(G),0.1673520391150756,1.1113771823799137,G,2017-10-12
KHC,KHC.O,2017-10-31,ESG-EGARCH(S),0.1673520391150756,1.1113771823799137,S,2017-10-12
KHC,KHC.O,2017-10-31,ESG-GARCH,0.1676750175046334,1.1156710910785366,all,2017-10-12
KHC,KHC.O,2017-10-31,ESG-GARCH(E),0.1676750175046334,1.1156710910785363,E,2017-10-12
KHC,KHC.O,2017-10-31,ESG-GARCH(G),0.1676750175046334,1.1156710910785363,G,2017-10-12
KHC,KHC.O,2017-10-31,ESG-GARCH(S),0.1676750175046334,1.1156710910785363,S,2017-10-12
KHC,KHC.O,2017-10-31,ESG-GJR-GARCH,0.1623506178007447,1.0459413928683934,all,2017-10-12
KHC,KHC.O,2017-10-31,ESG-GJR-GARCH(E),0.1623506178007448,1.0459413928683938,E,2017-10-12
KHC,KHC.O,2017-10-31,ESG-GJR-GARCH(G),0.1623506178007448,1.0459413928683938,G,2017-10-12
KHC,KHC.O,2017-10-31,ESG-GJR-GARCH(S),0.1623506178007448,1.0459413928683938,S,2017-10-12
KHC,KHC.O,2017-10-31,GARCH,0.1537850353243174,0.9384855987976808,,2017-10-12
KHC,KHC.O,2017-10-31,GJR-GARCH,0.150405166137088,0.897687063520835,,2017-10-12
KHC,KHC.O,2017-11-01,EGARCH,0.1471369216024207,0.8590981626443214,,2017-10-12
KHC,KHC.O,2017-11-01,ESG-EGARCH,0.1673520391150756,1.1113771823799128,all,2017-10-12
KHC,KHC.O,2017-11-01,ESG-EGARCH(E),0.1673520391150756,1.1113771823799137,E,2017-10-12
KHC,KHC.O,2017-11-01,ESG-EGARCH(G),0.1673520391150756,1.1113771823799137,G,2017-10-12
KHC,KHC.O,2017-11-01,ESG-EGARCH(S),0.1673520391150756,1.1113771823799137,S,2017-10-12
KHC,KHC.O,2017-11-01,ESG-GARCH,0.1676750175046334,1.1156710910785366,all,2017-10-12
KHC,KHC.O,2017-11-01,ESG-GARCH(E),0.1676750175046334,1.1156710910785363,E,2017-10-12
KHC,KHC.O,2017-11-01,ESG-GARCH(G),0.1676750175046334,1.1156710910785363,G,2017-10-12
KHC,KHC.O,2017-11-01,ESG-GARCH(S),0.1676750175046334,1.1156710910785363,S,2017-10-12
KHC,KHC.O,2017-11-01,ESG-GJR-GARCH,0.1623506178007447,1.0459413928683934,all,2017-10-12
KHC,KHC.O,2017-11-01,ESG-GJR-GARCH(E),0.1623506178007448,1.0459413928683938,E,2017-10-12
KHC,KHC.O,2017-11-01,ESG-GJR-GARCH(G),0.1623506178007448,1.0459413928683938,G,2017-10-12
KHC,KHC.O,2017-11-01,ESG-GJR-GARCH(S),0.1623506178007448,1.0459413928683938,S,2017-10-12
KHC,KHC.O,2017-11-01,GARCH,0.1537850353243174,0.9384855987976808,,2017-10-12
KHC,KHC.O,2017-11-01,GJR-GARCH,0.150405166137088,0.897687063520835,,2017-10-12
KHC,KHC.O,2017-11-02,EGARCH,0.1471369216024207,0.8590981626443214,,2017-10-12
KHC,KHC.O,2017-11-02,ESG-EGARCH,0.1673520391150756,1.1113771823799128,all,2017-10-12
KHC,KHC.O,2017-11-02,ESG-EGARCH(E),0.1673520391150756,1.1113771823799137,E,2017-10-12
KHC,KHC.O,2017-11-02,ESG-EGARCH(G),0.1673520391150756,1.1113771823799137,G,2017-10-12
KHC,KHC.O,2017-11-02,ESG-EGARCH(S),0.1673520391150756,1.1113771823799137,S,2017-10-12
KHC,KHC.O,2017-11-02,ESG-GARCH,0.1676750175046334,1.1156710910785366,all,2017-10-12
KHC,KHC.O,2017-11-02,ESG-GARCH(E),0.1676750175046334,1.1156710910785363,E,2017-10-12
KHC,KHC.O,2017-11-02,ESG-GARCH(G),0.1676750175046334,1.1156710910785363,G,2017-10-12
KHC,KHC.O,2017-11-02,ESG-GARCH(S),0.1676750175046334,1.1156710910785363,S,2017-10-12
KHC,KHC.O,2017-11-02,ESG-GJR-GARCH,0.1623506178007447,1.0459413928683934,all,2017-10-12
KHC,KHC.O,2017-11-02,ESG-GJR-GARCH(E),0.1623506178007448,1.0459413928683938,E,2017-10-12
KHC,KHC.O,2017-11-02,ESG-GJR-GARCH(G),0.1623506178007448,1.0459413928683938,G,2017-10-12
KHC,KHC.O,2017-11-02,ESG-GJR-GARCH(S),0.1623506178007448,1.0459413928683938,S,2017-10-12
KHC,KHC.O,2017-11-02,GARCH,0.1537850353243174,0.9384855987976808,,2017-10-12
KHC,KHC.O,2017-11-02,GJR-GARCH,0.150405166137088,0.897687063520835,,2017-10-12
KHC,KHC.O,2017-11-03,EGARCH,0.1471369216024207,0.8590981626443214,,2017-10-12
KHC,KHC.O,2017-11-03,ESG-EGARCH,0.1673520391150756,1.1113771823799128,all,2017-10-12
KHC,KHC.O,2017-11-03,ESG-EGARCH(E),0.1673520391150756,1.1113771823799137,E,2017-10-12
KHC,KHC.O,2017-11-03,ESG-EGARCH(G),0.1673520391150756,1.1113771823799137,G,2017-10-12
KHC,KHC.O,2017-11-03,ESG-EGARCH(S),0.1673520391150756,1.1113771823799137,S,2017-10-12
KHC,KHC.O,2017-11-03,ESG-GARCH,0.1676750175046334,1.1156710910785366,all,2017-10-12
KHC,KHC.O,2017-11-03,ESG-GARCH(E),0.1676750175046334,1.1156710910785363,E,2017-10-12
KHC,KHC.O,2017-11-03,ESG-GARCH(G),0.1676750175046334,1.1156710910785363,G,2017-10-12
KHC,KHC.O,2017-11-03,ESG-GARCH(S),0.1676750175046334,1.1156710910785363,S,2017-10-12
KHC,KHC.O,2017-11-03,ESG-GJR-GARCH,0.1623506178007447,1.0459413928683934,all,2017-10-12
KHC,KHC.O,2017-11-03,ESG-GJR-GARCH(E),0.1623506178007448,1.0459413928683938,E,2017-10-12
KHC,KHC.O,2017-11-03,ESG-GJR-GARCH(G),0.1623506178007448,1.0459413928683938,G,2017-10-12
KHC,KHC.O,2017-11-03,ESG-GJR-GARCH(S),0.1623506178007448,1.0459413928683938,S,2017-10-12
KHC,KHC.O,2017-11-03,GARCH,0.1537850353243174,0.9384855987976808,,2017-10-12
KHC,KHC.O,2017-11-03,GJR-GARCH,0.150405166137088,0.897687063520835,,2017-10-12
KHC,KHC.O,2017-11-06,EGARCH,0.1471369216024207,0.8590981626443214,,2017-10-12
KHC,KHC.O,2017-11-06,ESG-EGARCH,0.1673520391150756,1.1113771823799128,all,2017-10-12
KHC,KHC.O,2017-11-06,ESG-EGARCH(E),0.1673520391150756,1.1113771823799137,E,2017-10-12
KHC,KHC.O,2017-11-06,ESG-EGARCH(G),0.1673520391150756,1.1113771823799137,G,2017-10-12
KHC,KHC.O,2017-11-06,ESG-EGARCH(S),0.1673520391150756,1.1113771823799137,S,2017-10-12
KHC,KHC.O,2017-11-06,ESG-GARCH,0.1676750175046334,1.1156710910785366,all,2017-10-12
KHC,KHC.O,2017-11-06,ESG-GARCH(E),0.1676750175046334,1.1156710910785363,E,2017-10-12
KHC,KHC.O,2017-11-06,ESG-GARCH(G),0.1676750175046334,1.1156710910785363,G,2017-10-12
KHC,KHC.O,2017-11-06,ESG-GARCH(S),0.1676750175046334,1.1156710910785363,S,2017-10-12
KHC,KHC.O,2017-11-06,ESG-GJR-GARCH,0.1623506178007447,1.0459413928683934,all,2017-10-12
KHC,KHC.O,2017-11-06,ESG-GJR-GARCH(E),0.1623506178007448,1.0459413928683938,E,2017-10-12
KHC,KHC.O,2017-11-06,ESG-GJR-GARCH(G),0.1623506178007448,1.0459413928683938,G,2017-10-12
KHC,KHC.O,2017-11-06,ESG-GJR-GARCH(S),0.1623506178007448,1.0459413928683938,S,2017-10-12
KHC,KHC.O,2017-11-06,GARCH,0.1537850353243174,0.9384855987976808,,2017-10-12
KHC,KHC.O,2017-11-06,GJR-GARCH,0.150405166137088,0.897687063520835,,2017-10-12
KHC,KHC.O,2017-11-07,EGARCH,0.1471369216024207,0.8590981626443214,,2017-10-12
KHC,KHC.O,2017-11-07,ESG-EGARCH,0.1673520391150756,1.1113771823799128,all,2017-10-12
KHC,KHC.O,2017-11-07,ESG-EGARCH(E),0.1673520391150756,1.1113771823799137,E,2017-10-12
KHC,KHC.O,2017-11-07,ESG-EGARCH(G),0.1673520391150756,1.1113771823799137,G,2017-10-12
KHC,KHC.O,2017-11-07,ESG-EGARCH(S),0.1673520391150756,1.1113771823799137,S,2017-10-12
KHC,KHC.O,2017-11-07,ESG-GARCH,0.1676750175046334,1.1156710910785366,all,2017-10-12
KHC,KHC.O,2017-11-07,ESG-GARCH(E),0.1676750175046334,1.1156710910785363,E,2017-10-12
KHC,KHC.O,2017-11-07,ESG-GARCH(G),0.1676750175046334,1.1156710910785363,G,2017-10-12
KHC,KHC.O,2017-11-07,ESG-GARCH(S),0.1676750175046334,1.1156710910785363,S,2017-10-12
KHC,KHC.O,2017-11-07,ESG-GJR-GARCH,0.1623506178007447,1.0459413928683934,all,2017-10-12
KHC,KHC.O,2017-11-07,ESG-GJR-GARCH(E),0.1623506178007448,1.0459413928683938,E,2017-10-12
KHC,KHC.O,2017-11-07,ESG-GJR-GARCH(G),0.1623506178007448,1.0459413928683938,G,2017-10-12
KHC,KHC.O,2017-11-07,ESG-GJR-GARCH(S),0.1623506178007448,1.0459413928683938,S,2017-10-12
KHC,KHC.O,2017-11-07,GARCH,0.1537850353243174,0.9384855987976808,,2017-10-12
KHC,KHC.O,2017-11-07,GJR-GARCH,0.150405166137088,0.897687063520835,,2017-10-12
KHC,KHC.O,2017-11-08,EGARCH,0.1471369216024207,0.8590981626443214,,2017-10-12
KHC,KHC.O,2017-11-08,ESG-EGARCH,0.1673520391150756,1.1113771823799128,all,2017-10-12
KHC,KHC.O,2017-11-08,ESG-EGARCH(E),0.1673520391150756,1.1113771823799137,E,2017-10-12
KHC,KHC.O,2017-11-08,ESG-EGARCH(G),0.1673520391150756,1.1113771823799137,G,2017-10-12
KHC,KHC.O,2017-11-08,ESG-EGARCH(S),0.1673520391150756,1.1113771823799137,S,2017-10-12
KHC,KHC.O,2017-11-08,ESG-GARCH,0.1676750175046334,1.1156710910785366,all,2017-10-12
KHC,KHC.O,2017-11-08,ESG-GARCH(E),0.1676750175046334,1.1156710910785363,E,2017-10-12
KHC,KHC.O,2017-11-08,ESG-GARCH(G),0.1676750175046334,1.1156710910785363,G,2017-10-12
KHC,KHC.O,2017-11-08,ESG-GARCH(S),0.1676750175046334,1.1156710910785363,S,2017-10-12
KHC,KHC.O,2017-11-08,ESG-GJR-GARCH,0.1623506178007447,1.0459413928683934,all,2017-10-12
KHC,KHC.O,2017-11-08,ESG-GJR-GARCH(E),0.1623506178007448,1.0459413928683938,E,2017-10-12
KHC,KHC.O,2017-11-08,ESG-GJR-GARCH(G),0.1623506178007448,1.0459413928683938,G,2017-10-12
KHC,KHC.O,2017-11-08,ESG-GJR-GARCH(S),0.1623506178007448,1.0459413928683938,S,2017-10-12
KHC,KHC.O,2017-11-08,GARCH,0.1537850353243174,0.9384855987976808,,2017-10-12
KHC,KHC.O,2017-11-08,GJR-GARCH,0.150405166137088,0.897687063520835,,2017-10-12
KHC,KHC.O,2017-11-09,EGARCH,0.1471369216024207,0.8590981626443214,,2017-10-12
KHC,KHC.O,2017-11-09,ESG-EGARCH,0.1673520391150756,1.1113771823799128,all,2017-10-12
KHC,KHC.O,2017-11-09,ESG-EGARCH(E),0.1673520391150756,1.1113771823799137,E,2017-10-12
KHC,KHC.O,2017-11-09,ESG-EGARCH(G),0.1673520391150756,1.1113771823799137,G,2017-10-12
KHC,KHC.O,2017-11-09,ESG-EGARCH(S),0.1673520391150756,1.1113771823799137,S,2017-10-12
KHC,KHC.O,2017-11-09,ESG-GARCH,0.1676750175046334,1.1156710910785366,all,2017-10-12
KHC,KHC.O,2017-11-09,ESG-GARCH(E),0.1676750175046334,1.1156710910785363,E,2017-10-12
KHC,KHC.O,2017-11-09,ESG-GARCH(G),0.1676750175046334,1.1156710910785363,G,2017-10-12
KHC,KHC.O,2017-11-09,ESG-GARCH(S),0.1676750175046334,1.1156710910785363,S,2017-10-12
KHC,KHC.O,2017-11-09,ESG-GJR-GARCH,0.1623506178007447,1.0459413928683934,all,2017-10-12
KHC,KHC.O,2017-11-09,ESG-GJR-GARCH(E),0.1623506178007448,1.0459413928683938,E,2017-10-12
KHC,KHC.O,2017-11-09,ESG-GJR-GARCH(G),0.1623506178007448,1.0459413928683938,G,2017-10-12
KHC,KHC.O,2017-11-09,ESG-GJR-GARCH(S),0.1623506178007448,1.0459413928683938,S,2017-10-12
KHC,KHC.O,2017-11-09,GARCH,0.1537850353243174,0.9384855987976808,,2017-10-12
KHC,KHC.O,2017-11-09,GJR-GARCH,0.150405166137088,0.897687063520835,,2017-10-12
KHC,KHC.O,2017-11-10,EGARCH,0.1471369216024207,0.8590981626443214,,2017-10-12
KHC,KHC.O,2017-11-10,ESG-EGARCH,0.1673520391150756,1.1113771823799128,all,2017-10-12
KHC,KHC.O,2017-11-10,ESG-EGARCH(E),0.1673520391150756,1.1113771823799137,E,2017-10-12
KHC,KHC.O,2017-11-10,ESG-EGARCH(G),0.1673520391150756,1.1113771823799137,G,2017-10-12
KHC,KHC.O,2017-11-10,ESG-EGARCH(S),0.1673520391150756,1.1113771823799137,S,2017-10-12
KHC,KHC.O,2017-11-10,ESG-GARCH,0.1676750175046334,1.1156710910785366,all,2017-10-12
KHC,KHC.O,2017-11-10,ESG-GARCH(E),0.1676750175046334,1.1156710910785363,E,2017-10-12
KHC,KHC.O,2017-11-10,ESG-GARCH(G),0.1676750175046334,1.1156710910785363,G,2017-10-12
KHC,KHC.O,2017-11-10,ESG-GARCH(S),0.1676750175046334,1.1156710910785363,S,2017-10-12
KHC,KHC.O,2017-11-10,ESG-GJR-GARCH,0.1623506178007447,1.0459413928683934,all,2017-10-12
KHC,KHC.O,2017-11-10,ESG-GJR-GARCH(E),0.1623506178007448,1.0459413928683938,E,2017-10-12
KHC,KHC.O,2017-11-10,ESG-GJR-GARCH(G),0.1623506178007448,1.0459413928683938,G,2017-10-12
KHC,KHC.O,2017-11-10,ESG-GJR-GARCH(S),0.1623506178007448,1.0459413928683938,S,2017-10-12
KHC,KHC.O,2017-11-10,GARCH,0.1537850353243174,0.9384855987976808,,2017-10-12
KHC,KHC.O,2017-11-10,GJR-GARCH,0.150405166137088,0.897687063520835,,2017-10-12
KHC,KHC.O,2017-11-13,EGARCH,0.1829669880454211,1.3284491553338598,,2017-11-13
KHC,KHC.O,2017-11-13,ESG-EGARCH,0.1934854230151475,1.4855797190218485,all,2017-11-13
KHC,KHC.O,2017-11-13,ESG-EGARCH(E),0.1934854230151475,1.485579719021848,E,2017-11-13
KHC,KHC.O,2017-11-13,ESG-EGARCH(G),0.1934854230151475,1.485579719021848,G,2017-11-13
KHC,KHC.O,2017-11-13,ESG-EGARCH(S),0.1934854230151475,1.485579719021848,S,2017-11-13
KHC,KHC.O,2017-11-13,ESG-GARCH,0.1957460899726867,1.5204972912537766,all,2017-11-13
KHC,KHC.O,2017-11-13,ESG-GARCH(E),0.1957460899726867,1.5204972912537764,E,2017-11-13
KHC,KHC.O,2017-11-13,ESG-GARCH(G),0.1957460899726867,1.5204972912537764,G,2017-11-13
KHC,KHC.O,2017-11-13,ESG-GARCH(S),0.1957460899726867,1.5204972912537764,S,2017-11-13
KHC,KHC.O,2017-11-13,ESG-GJR-GARCH,0.1779609160808686,1.2567495100135695,all,2017-11-13
KHC,KHC.O,2017-11-13,ESG-GJR-GARCH(E),0.1779609160808686,1.2567495100135693,E,2017-11-13
KHC,KHC.O,2017-11-13,ESG-GJR-GARCH(G),0.1779609160808686,1.2567495100135693,G,2017-11-13
KHC,KHC.O,2017-11-13,ESG-GJR-GARCH(S),0.1779609160808686,1.2567495100135693,S,2017-11-13
KHC,KHC.O,2017-11-13,GARCH,0.1800321926120354,1.2861742212975014,,2017-11-13
KHC,KHC.O,2017-11-13,GJR-GARCH,0.1656026934191276,1.0882639709392683,,2017-11-13
KHC,KHC.O,2017-11-14,EGARCH,0.1829669880454211,1.3284491553338598,,2017-11-13
KHC,KHC.O,2017-11-14,ESG-EGARCH,0.1934854230151475,1.4855797190218485,all,2017-11-13
KHC,KHC.O,2017-11-14,ESG-EGARCH(E),0.1934854230151475,1.485579719021848,E,2017-11-13
KHC,KHC.O,2017-11-14,ESG-EGARCH(G),0.1934854230151475,1.485579719021848,G,2017-11-13
KHC,KHC.O,2017-11-14,ESG-EGARCH(S),0.1934854230151475,1.485579719021848,S,2017-11-13
KHC,KHC.O,2017-11-14,ESG-GARCH,0.1957460899726867,1.5204972912537766,all,2017-11-13
KHC,KHC.O,2017-11-14,ESG-GARCH(E),0.1957460899726867,1.5204972912537764,E,2017-11-13
KHC,KHC.O,2017-11-14,ESG-GARCH(G),0.1957460899726867,1.5204972912537764,G,2017-11-13
KHC,KHC.O,2017-11-14,ESG-GARCH(S),0.1957460899726867,1.5204972912537764,S,2017-11-13
KHC,KHC.O,2017-11-14,ESG-GJR-GARCH,0.1779609160808686,1.2567495100135695,all,2017-11-13
KHC,KHC.O,2017-11-14,ESG-GJR-GARCH(E),0.1779609160808686,1.2567495100135693,E,2017-11-13
KHC,KHC.O,2017-11-14,ESG-GJR-GARCH(G),0.1779609160808686,1.2567495100135693,G,2017-11-13
KHC,KHC.O,2017-11-14,ESG-GJR-GARCH(S),0.1779609160808686,1.2567495100135693,S,2017-11-13
KHC,KHC.O,2017-11-14,GARCH,0.1800321926120354,1.2861742212975014,,2017-11-13
KHC,KHC.O,2017-11-14,GJR-GARCH,0.1656026934191276,1.0882639709392683,,2017-11-13
KHC,KHC.O,2017-11-15,EGARCH,0.1829669880454211,1.3284491553338598,,2017-11-13
KHC,KHC.O,2017-11-15,ESG-EGARCH,0.1934854230151475,1.4855797190218485,all,2017-11-13
KHC,KHC.O,2017-11-15,ESG-EGARCH(E),0.1934854230151475,1.485579719021848,E,2017-11-13
KHC,KHC.O,2017-11-15,ESG-EGARCH(G),0.1934854230151475,1.485579719021848,G,2017-11-13
KHC,KHC.O,2017-11-15,ESG-EGARCH(S),0.1934854230151475,1.485579719021848,S,2017-11-13
KHC,KHC.O,2017-11-15,ESG-GARCH,0.1957460899726867,1.5204972912537766,all,2017-11-13
KHC,KHC.O,2017-11-15,ESG-GARCH(E),0.1957460899726867,1.5204972912537764,E,2017-11-13
KHC,KHC.O,2017-11-15,ESG-GARCH(G),0.1957460899726867,1.5204972912537764,G,2017-11-13
KHC,KHC.O,2017-11-15,ESG-GARCH(S),0.1957460899726867,1.5204972912537764,S,2017-11-13
KHC,KHC.O,2017-11-15,ESG-GJR-GARCH,0.1779609160808686,1.2567495100135695,all,2017-11-13
KHC,KHC.O,2017-11-15,ESG-GJR-GARCH(E),0.1779609160808686,1.2567495100135693,E,2017-11-13
KHC,KHC.O,2017-11-15,ESG-GJR-GARCH(G),0.1779609160808686,1.2567495100135693,G,2017-11-13
KHC,KHC.O,2017-11-15,ESG-GJR-GARCH(S),0.1779609160808686,1.2567495100135693,S,2017-11-13
KHC,KHC.O,2017-11-15,GARCH,0.1800321926120354,1.2861742212975014,,2017-11-13
KHC,KHC.O,2017-11-15,GJR-GARCH,0.1656026934191276,1.0882639709392683,,2017-11-13
KHC,KHC.O,2017-11-16,EGARCH,0.1829669880454211,1.3284491553338598,,2017-11-13
KHC,KHC.O,2017-11-16,ESG-EGARCH,0.1934854230151475,1.4855797190218485,all,2017-11-13
KHC,KHC.O,2017-11-16,ESG-EGARCH(E),0.1934854230151475,1.485579719021848,E,2017-11-13
KHC,KHC.O,2017-11-16,ESG-EGARCH(G),0.1934854230151475,1.485579719021848,G,2017-11-13
KHC,KHC.O,2017-11-16,ESG-EGARCH(S),0.1934854230151475,1.485579719021848,S,2017-11-13
KHC,KHC.O,2017-11-16,ESG-GARCH,0.1957460899726867,1.5204972912537766,all,2017-11-13
KHC,KHC.O,2017-11-16,ESG-GARCH(E),0.1957460899726867,1.5204972912537764,E,2017-11-13
KHC,KHC.O,2017-11-16,ESG-GARCH(G),0.1957460899726867,1.5204972912537764,G,2017-11-13
KHC,KHC.O,2017-11-16,ESG-GARCH(S),0.1957460899726867,1.5204972912537764,S,2017-11-13
KHC,KHC.O,2017-11-16,ESG-GJR-GARCH,0.1779609160808686,1.2567495100135695,all,2017-11-13
KHC,KHC.O,2017-11-16,ESG-GJR-GARCH(E),0.1779609160808686,1.2567495100135693,E,2017-11-13
KHC,KHC.O,2017-11-16,ESG-GJR-GARCH(G),0.1779609160808686,1.2567495100135693,G,2017-11-13
KHC,KHC.O,2017-11-16,ESG-GJR-GARCH(S),0.1779609160808686,1.2567495100135693,S,2017-11-13
KHC,KHC.O,2017-11-16,GARCH,0.1800321926120354,1.2861742212975014,,2017-11-13
KHC,KHC.O,2017-11-16,GJR-GARCH,0.1656026934191276,1.0882639709392683,,2017-11-13
KHC,KHC.O,2017-11-17,EGARCH,0.1829669880454211,1.3284491553338598,,2017-11-13
KHC,KHC.O,2017-11-17,ESG-EGARCH,0.1934854230151475,1.4855797190218485,all,2017-11-13
KHC,KHC.O,2017-11-17,ESG-EGARCH(E),0.1934854230151475,1.485579719021848,E,2017-11-13
KHC,KHC.O,2017-11-17,ESG-EGARCH(G),0.1934854230151475,1.485579719021848,G,2017-11-13
KHC,KHC.O,2017-11-17,ESG-EGARCH(S),0.1934854230151475,1.485579719021848,S,2017-11-13
KHC,KHC.O,2017-11-17,ESG-GARCH,0.1957460899726867,1.5204972912537766,all,2017-11-13
KHC,KHC.O,2017-11-17,ESG-GARCH(E),0.1957460899726867,1.5204972912537764,E,2017-11-13
KHC,KHC.O,2017-11-17,ESG-GARCH(G),0.1957460899726867,1.5204972912537764,G,2017-11-13
KHC,KHC.O,2017-11-17,ESG-GARCH(S),0.1957460899726867,1.5204972912537764,S,2017-11-13
KHC,KHC.O,2017-11-17,ESG-GJR-GARCH,0.1779609160808686,1.2567495100135695,all,2017-11-13
KHC,KHC.O,2017-11-17,ESG-GJR-GARCH(E),0.1779609160808686,1.2567495100135693,E,2017-11-13
KHC,KHC.O,2017-11-17,ESG-GJR-GARCH(G),0.1779609160808686,1.2567495100135693,G,2017-11-13
KHC,KHC.O,2017-11-17,ESG-GJR-GARCH(S),0.1779609160808686,1.2567495100135693,S,2017-11-13
KHC,KHC.O,2017-11-17,GARCH,0.1800321926120354,1.2861742212975014,,2017-11-13
KHC,KHC.O,2017-11-17,GJR-GARCH,0.1656026934191276,1.0882639709392683,,2017-11-13
KHC,KHC.O,2017-11-20,EGARCH,0.1829669880454211,1.3284491553338598,,2017-11-13
KHC,KHC.O,2017-11-20,ESG-EGARCH,0.1934854230151475,1.4855797190218485,all,2017-11-13
KHC,KHC.O,2017-11-20,ESG-EGARCH(E),0.1934854230151475,1.485579719021848,E,2017-11-13
KHC,KHC.O,2017-11-20,ESG-EGARCH(G),0.1934854230151475,1.485579719021848,G,2017-11-13
KHC,KHC.O,2017-11-20,ESG-EGARCH(S),0.1934854230151475,1.485579719021848,S,2017-11-13
KHC,KHC.O,2017-11-20,ESG-GARCH,0.1957460899726867,1.5204972912537766,all,2017-11-13
KHC,KHC.O,2017-11-20,ESG-GARCH(E),0.1957460899726867,1.5204972912537764,E,2017-11-13
KHC,KHC.O,2017-11-20,ESG-GARCH(G),0.1957460899726867,1.5204972912537764,G,2017-11-13
KHC,KHC.O,2017-11-20,ESG-GARCH(S),0.1957460899726867,1.5204972912537764,S,2017-11-13
KHC,KHC.O,2017-11-20,ESG-GJR-GARCH,0.1779609160808686,1.2567495100135695,all,2017-11-13
KHC,KHC.O,2017-11-20,ESG-GJR-GARCH(E),0.1779609160808686,1.2567495100135693,E,2017-11-13
KHC,KHC.O,2017-11-20,ESG-GJR-GARCH(G),0.1779609160808686,1.2567495100135693,G,2017-11-13
KHC,KHC.O,2017-11-20,ESG-GJR-GARCH(S),0.1779609160808686,1.2567495100135693,S,2017-11-13
KHC,KHC.O,2017-11-20,GARCH,0.1800321926120354,1.2861742212975014,,2017-11-13
KHC,KHC.O,2017-11-20,GJR-GARCH,0.1656026934191276,1.0882639709392683,,2017-11-13
KHC,KHC.O,2017-11-21,EGARCH,0.1829669880454211,1.3284491553338598,,2017-11-13
KHC,KHC.O,2017-11-21,ESG-EGARCH,0.1934854230151475,1.4855797190218485,all,2017-11-13
KHC,KHC.O,2017-11-21,ESG-EGARCH(E),0.1934854230151475,1.485579719021848,E,2017-11-13
KHC,KHC.O,2017-11-21,ESG-EGARCH(G),0.1934854230151475,1.485579719021848,G,2017-11-13
KHC,KHC.O,2017-11-21,ESG-EGARCH(S),0.1934854230151475,1.485579719021848,S,2017-11-13
KHC,KHC.O,2017-11-21,ESG-GARCH,0.1957460899726867,1.5204972912537766,all,2017-11-13
KHC,KHC.O,2017-11-21,ESG-GARCH(E),0.1957460899726867,1.5204972912537764,E,2017-11-13
KHC,KHC.O,2017-11-21,ESG-GARCH(G),0.1957460899726867,1.5204972912537764,G,2017-11-13
KHC,KHC.O,2017-11-21,ESG-GARCH(S),0.1957460899726867,1.5204972912537764,S,2017-11-13
KHC,KHC.O,2017-11-21,ESG-GJR-GARCH,0.1779609160808686,1.2567495100135695,all,2017-11-13
KHC,KHC.O,2017-11-21,ESG-GJR-GARCH(E),0.1779609160808686,1.2567495100135693,E,2017-11-13
KHC,KHC.O,2017-11-21,ESG-GJR-GARCH(G),0.1779609160808686,1.2567495100135693,G,2017-11-13
KHC,KHC.O,2017-11-21,ESG-GJR-GARCH(S),0.1779609160808686,1.2567495100135693,S,2017-11-13
KHC,KHC.O,2017-11-21,GARCH,0.1800321926120354,1.2861742212975014,,2017-11-13
KHC,KHC.O,2017-11-21,GJR-GARCH,0.1656026934191276,1.0882639709392683,,2017-11-13
KHC,KHC.O,2017-11-22,EGARCH,0.1829669880454211,1.3284491553338598,,2017-11-13
KHC,KHC.O,2017-11-22,ESG-EGARCH,0.1934854230151475,1.4855797190218485,all,2017-11-13
KHC,KHC.O,2017-11-22,ESG-EGARCH(E),0.1934854230151475,1.485579719021848,E,2017-11-13
KHC,KHC.O,2017-11-22,ESG-EGARCH(G),0.1934854230151475,1.485579719021848,G,2017-11-13
KHC,KHC.O,2017-11-22,ESG-EGARCH(S),0.1934854230151475,1.485579719021848,S,2017-11-13
KHC,KHC.O,2017-11-22,ESG-GARCH,0.1957460899726867,1.5204972912537766,all,2017-11-13
KHC,KHC.O,2017-11-22,ESG-GARCH(E),0.1957460899726867,1.5204972912537764,E,2017-11-13
KHC,KHC.O,2017-11-22,ESG-GARCH(G),0.1957460899726867,1.5204972912537764,G,2017-11-13
KHC,KHC.O,2017-11-22,ESG-GARCH(S),0.1957460899726867,1.5204972912537764,S,2017-11-13
KHC,KHC.O,2017-11-22,ESG-GJR-GARCH,0.1779609160808686,1.2567495100135695,all,2017-11-13
KHC,KHC.O,2017-11-22,ESG-GJR-GARCH(E),0.1779609160808686,1.2567495100135693,E,2017-11-13
KHC,KHC.O,2017-11-22,ESG-GJR-GARCH(G),0.1779609160808686,1.2567495100135693,G,2017-11-13
KHC,KHC.O,2017-11-22,ESG-GJR-GARCH(S),0.1779609160808686,1.2567495100135693,S,2017-11-13
KHC,KHC.O,2017-11-22,GARCH,0.1800321926120354,1.2861742212975014,,2017-11-13
KHC,KHC.O,2017-11-22,GJR-GARCH,0.1656026934191276,1.0882639709392683,,2017-11-13
KHC,KHC.O,2017-11-27,EGARCH,0.1829669880454211,1.3284491553338598,,2017-11-13
KHC,KHC.O,2017-11-27,ESG-EGARCH,0.1934854230151475,1.4855797190218485,all,2017-11-13
KHC,KHC.O,2017-11-27,ESG-EGARCH(E),0.1934854230151475,1.485579719021848,E,2017-11-13
KHC,KHC.O,2017-11-27,ESG-EGARCH(G),0.1934854230151475,1.485579719021848,G,2017-11-13
KHC,KHC.O,2017-11-27,ESG-EGARCH(S),0.1934854230151475,1.485579719021848,S,2017-11-13
KHC,KHC.O,2017-11-27,ESG-GARCH,0.1957460899726867,1.5204972912537766,all,2017-11-13
KHC,KHC.O,2017-11-27,ESG-GARCH(E),0.1957460899726867,1.5204972912537764,E,2017-11-13
KHC,KHC.O,2017-11-27,ESG-GARCH(G),0.1957460899726867,1.5204972912537764,G,2017-11-13
KHC,KHC.O,2017-11-27,ESG-GARCH(S),0.1957460899726867,1.5204972912537764,S,2017-11-13
KHC,KHC.O,2017-11-27,ESG-GJR-GARCH,0.1779609160808686,1.2567495100135695,all,2017-11-13
KHC,KHC.O,2017-11-27,ESG-GJR-GARCH(E),0.1779609160808686,1.2567495100135693,E,2017-11-13
KHC,KHC.O,2017-11-27,ESG-GJR-GARCH(G),0.1779609160808686,1.2567495100135693,G,2017-11-13
KHC,KHC.O,2017-11-27,ESG-GJR-GARCH(S),0.1779609160808686,1.2567495100135693,S,2017-11-13
KHC,KHC.O,2017-11-27,GARCH,0.1800321926120354,1.2861742212975014,,2017-11-13
KHC,KHC.O,2017-11-27,GJR-GARCH,0.1656026934191276,1.0882639709392683,,2017-11-13
KHC,KHC.O,2017-11-28,EGARCH,0.1829669880454211,1.3284491553338598,,2017-11-13
KHC,KHC.O,2017-11-28,ESG-EGARCH,0.1934854230151475,1.4855797190218485,all,2017-11-13
KHC,KHC.O,2017-11-28,ESG-EGARCH(E),0.1934854230151475,1.485579719021848,E,2017-11-13
KHC,KHC.O,2017-11-28,ESG-EGARCH(G),0.1934854230151475,1.485579719021848,G,2017-11-13
KHC,KHC.O,2017-11-28,ESG-EGARCH(S),0.1934854230151475,1.485579719021848,S,2017-11-13
KHC,KHC.O,2017-11-28,ESG-GARCH,0.1957460899726867,1.5204972912537766,all,2017-11-13
KHC,KHC.O,2017-11-28,ESG-GARCH(E),0.1957460899726867,1.5204972912537764,E,2017-11-13
KHC,KHC.O,2017-11-28,ESG-GARCH(G),0.1957460899726867,1.5204972912537764,G,2017-11-13
KHC,KHC.O,2017-11-28,ESG-GARCH(S),0.1957460899726867,1.5204972912537764,S,2017-11-13
KHC,KHC.O,2017-11-28,ESG-GJR-GARCH,0.1779609160808686,1.2567495100135695,all,2017-11-13
KHC,KHC.O,2017-11-28,ESG-GJR-GARCH(E),0.1779609160808686,1.2567495100135693,E,2017-11-13
KHC,KHC.O,2017-11-28,ESG-GJR-GARCH(G),0.1779609160808686,1.2567495100135693,G,2017-11-13
KHC,KHC.O,2017-11-28,ESG-GJR-GARCH(S),0.1779609160808686,1.2567495100135693,S,2017-11-13
KHC,KHC.O,2017-11-28,GARCH,0.1800321926120354,1.2861742212975014,,2017-11-13
KHC,KHC.O,2017-11-28,GJR-GARCH,0.1656026934191276,1.0882639709392683,,2017-11-13
KHC,KHC.O,2017-11-29,EGARCH,0.1829669880454211,1.3284491553338598,,2017-11-13
KHC,KHC.O,2017-11-29,ESG-EGARCH,0.1934854230151475,1.4855797190218485,all,2017-11-13
KHC,KHC.O,2017-11-29,ESG-EGARCH(E),0.1934854230151475,1.485579719021848,E,2017-11-13
KHC,KHC.O,2017-11-29,ESG-EGARCH(G),0.1934854230151475,1.485579719021848,G,2017-11-13
KHC,KHC.O,2017-11-29,ESG-EGARCH(S),0.1934854230151475,1.485579719021848,S,2017-11-13
KHC,KHC.O,2017-11-29,ESG-GARCH,0.1957460899726867,1.5204972912537766,all,2017-11-13
KHC,KHC.O,2017-11-29,ESG-GARCH(E),0.1957460899726867,1.5204972912537764,E,2017-11-13
KHC,KHC.O,2017-11-29,ESG-GARCH(G),0.1957460899726867,1.5204972912537764,G,2017-11-13
KHC,KHC.O,2017-11-29,ESG-GARCH(S),0.1957460899726867,1.5204972912537764,S,2017-11-13
KHC,KHC.O,2017-11-29,ESG-GJR-GARCH,0.1779609160808686,1.2567495100135695,all,2017-11-13
KHC,KHC.O,2017-11-29,ESG-GJR-GARCH(E),0.1779609160808686,1.2567495100135693,E,2017-11-13
KHC,KHC.O,2017-11-29,ESG-GJR-GARCH(G),0.1779609160808686,1.2567495100135693,G,2017-11-13
KHC,KHC.O,2017-11-29,ESG-GJR-GARCH(S),0.1779609160808686,1.2567495100135693,S,2017-11-13
KHC,KHC.O,2017-11-29,GARCH,0.1800321926120354,1.2861742212975014,,2017-11-13
KHC,KHC.O,2017-11-29,GJR-GARCH,0.1656026934191276,1.0882639709392683,,2017-11-13
KHC,KHC.O,2017-11-30,EGARCH,0.1829669880454211,1.3284491553338598,,2017-11-13
KHC,KHC.O,2017-11-30,ESG-EGARCH,0.1934854230151475,1.4855797190218485,all,2017-11-13
KHC,KHC.O,2017-11-30,ESG-EGARCH(E),0.1934854230151475,1.485579719021848,E,2017-11-13
KHC,KHC.O,2017-11-30,ESG-EGARCH(G),0.1934854230151475,1.485579719021848,G,2017-11-13
KHC,KHC.O,2017-11-30,ESG-EGARCH(S),0.1934854230151475,1.485579719021848,S,2017-11-13
KHC,KHC.O,2017-11-30,ESG-GARCH,0.1957460899726867,1.5204972912537766,all,2017-11-13
KHC,KHC.O,2017-11-30,ESG-GARCH(E),0.1957460899726867,1.5204972912537764,E,2017-11-13
KHC,KHC.O,2017-11-30,ESG-GARCH(G),0.1957460899726867,1.5204972912537764,G,2017-11-13
KHC,KHC.O,2017-11-30,ESG-GARCH(S),0.1957460899726867,1.5204972912537764,S,2017-11-13
KHC,KHC.O,2017-11-30,ESG-GJR-GARCH,0.1779609160808686,1.2567495100135695,all,2017-11-13
KHC,KHC.O,2017-11-30,ESG-GJR-GARCH(E),0.1779609160808686,1.2567495100135693,E,2017-11-13
KHC,KHC.O,2017-11-30,ESG-GJR-GARCH(G),0.1779609160808686,1.2567495100135693,G,2017-11-13
KHC,KHC.O,2017-11-30,ESG-GJR-GARCH(S),0.1779609160808686,1.2567495100135693,S,2017-11-13
KHC,KHC.O,2017-11-30,GARCH,0.1800321926120354,1.2861742212975014,,2017-11-13
KHC,KHC.O,2017-11-30,GJR-GARCH,0.1656026934191276,1.0882639709392683,,2017-11-13
KHC,KHC.O,2017-12-01,EGARCH,0.1829669880454211,1.3284491553338598,,2017-11-13
KHC,KHC.O,2017-12-01,ESG-EGARCH,0.1934854230151475,1.4855797190218485,all,2017-11-13
KHC,KHC.O,2017-12-01,ESG-EGARCH(E),0.1934854230151475,1.485579719021848,E,2017-11-13
KHC,KHC.O,2017-12-01,ESG-EGARCH(G),0.1934854230151475,1.485579719021848,G,2017-11-13
KHC,KHC.O,2017-12-01,ESG-EGARCH(S),0.1934854230151475,1.485579719021848,S,2017-11-13
KHC,KHC.O,2017-12-01,ESG-GARCH,0.1957460899726867,1.5204972912537766,all,2017-11-13
KHC,KHC.O,2017-12-01,ESG-GARCH(E),0.1957460899726867,1.5204972912537764,E,2017-11-13
KHC,KHC.O,2017-12-01,ESG-GARCH(G),0.1957460899726867,1.5204972912537764,G,2017-11-13
KHC,KHC.O,2017-12-01,ESG-GARCH(S),0.1957460899726867,1.5204972912537764,S,2017-11-13
KHC,KHC.O,2017-12-01,ESG-GJR-GARCH,0.1779609160808686,1.2567495100135695,all,2017-11-13
KHC,KHC.O,2017-12-01,ESG-GJR-GARCH(E),0.1779609160808686,1.2567495100135693,E,2017-11-13
KHC,KHC.O,2017-12-01,ESG-GJR-GARCH(G),0.1779609160808686,1.2567495100135693,G,2017-11-13
KHC,KHC.O,2017-12-01,ESG-GJR-GARCH(S),0.1779609160808686,1.2567495100135693,S,2017-11-13
KHC,KHC.O,2017-12-01,GARCH,0.1800321926120354,1.2861742212975014,,2017-11-13
KHC,KHC.O,2017-12-01,GJR-GARCH,0.1656026934191276,1.0882639709392683,,2017-11-13
KHC,KHC.O,2017-12-04,EGARCH,0.1829669880454211,1.3284491553338598,,2017-11-13
KHC,KHC.O,2017-12-04,ESG-EGARCH,0.1934854230151475,1.4855797190218485,all,2017-11-13
KHC,KHC.O,2017-12-04,ESG-EGARCH(E),0.1934854230151475,1.485579719021848,E,2017-11-13
KHC,KHC.O,2017-12-04,ESG-EGARCH(G),0.1934854230151475,1.485579719021848,G,2017-11-13
KHC,KHC.O,2017-12-04,ESG-EGARCH(S),0.1934854230151475,1.485579719021848,S,2017-11-13
KHC,KHC.O,2017-12-04,ESG-GARCH,0.1957460899726867,1.5204972912537766,all,2017-11-13
KHC,KHC.O,2017-12-04,ESG-GARCH(E),0.1957460899726867,1.5204972912537764,E,2017-11-13
KHC,KHC.O,2017-12-04,ESG-GARCH(G),0.1957460899726867,1.5204972912537764,G,2017-11-13
KHC,KHC.O,2017-12-04,ESG-GARCH(S),0.1957460899726867,1.5204972912537764,S,2017-11-13
KHC,KHC.O,2017-12-04,ESG-GJR-GARCH,0.1779609160808686,1.2567495100135695,all,2017-11-13
KHC,KHC.O,2017-12-04,ESG-GJR-GARCH(E),0.1779609160808686,1.2567495100135693,E,2017-11-13
KHC,KHC.O,2017-12-04,ESG-GJR-GARCH(G),0.1779609160808686,1.2567495100135693,G,2017-11-13
KHC,KHC.O,2017-12-04,ESG-GJR-GARCH(S),0.1779609160808686,1.2567495100135693,S,2017-11-13
KHC,KHC.O,2017-12-04,GARCH,0.1800321926120354,1.2861742212975014,,2017-11-13
KHC,KHC.O,2017-12-04,GJR-GARCH,0.1656026934191276,1.0882639709392683,,2017-11-13
KHC,KHC.O,2017-12-05,EGARCH,0.1829669880454211,1.3284491553338598,,2017-11-13
KHC,KHC.O,2017-12-05,ESG-EGARCH,0.1934854230151475,1.4855797190218485,all,2017-11-13
KHC,KHC.O,2017-12-05,ESG-EGARCH(E),0.1934854230151475,1.485579719021848,E,2017-11-13
KHC,KHC.O,2017-12-05,ESG-EGARCH(G),0.1934854230151475,1.485579719021848,G,2017-11-13
KHC,KHC.O,2017-12-05,ESG-EGARCH(S),0.1934854230151475,1.485579719021848,S,2017-11-13
KHC,KHC.O,2017-12-05,ESG-GARCH,0.1957460899726867,1.5204972912537766,all,2017-11-13
KHC,KHC.O,2017-12-05,ESG-GARCH(E),0.1957460899726867,1.5204972912537764,E,2017-11-13
KHC,KHC.O,2017-12-05,ESG-GARCH(G),0.1957460899726867,1.5204972912537764,G,2017-11-13
KHC,KHC.O,2017-12-05,ESG-GARCH(S),0.1957460899726867,1.5204972912537764,S,2017-11-13
KHC,KHC.O,2017-12-05,ESG-GJR-GARCH,0.1779609160808686,1.2567495100135695,all,2017-11-13
KHC,KHC.O,2017-12-05,ESG-GJR-GARCH(E),0.1779609160808686,1.2567495100135693,E,2017-11-13
KHC,KHC.O,2017-12-05,ESG-GJR-GARCH(G),0.1779609160808686,1.2567495100135693,G,2017-11-13
KHC,KHC.O,2017-12-05,ESG-GJR-GARCH(S),0.1779609160808686,1.2567495100135693,S,2017-11-13
KHC,KHC.O,2017-12-05,GARCH,0.1800321926120354,1.2861742212975014,,2017-11-13
KHC,KHC.O,2017-12-05,GJR-GARCH,0.1656026934191276,1.0882639709392683,,2017-11-13
KHC,KHC.O,2017-12-06,EGARCH,0.1829669880454211,1.3284491553338598,,2017-11-13
KHC,KHC.O,2017-12-06,ESG-EGARCH,0.1934854230151475,1.4855797190218485,all,2017-11-13
KHC,KHC.O,2017-12-06,ESG-EGARCH(E),0.1934854230151475,1.485579719021848,E,2017-11-13
KHC,KHC.O,2017-12-06,ESG-EGARCH(G),0.1934854230151475,1.485579719021848,G,2017-11-13
KHC,KHC.O,2017-12-06,ESG-EGARCH(S),0.1934854230151475,1.485579719021848,S,2017-11-13
KHC,KHC.O,2017-12-06,ESG-GARCH,0.1957460899726867,1.5204972912537766,all,2017-11-13
KHC,KHC.O,2017-12-06,ESG-GARCH(E),0.1957460899726867,1.5204972912537764,E,2017-11-13
KHC,KHC.O,2017-12-06,ESG-GARCH(G),0.1957460899726867,1.5204972912537764,G,2017-11-13
KHC,KHC.O,2017-12-06,ESG-GARCH(S),0.1957460899726867,1.5204972912537764,S,2017-11-13
KHC,KHC.O,2017-12-06,ESG-GJR-GARCH,0.1779609160808686,1.2567495100135695,all,2017-11-13
KHC,KHC.O,2017-12-06,ESG-GJR-GARCH(E),0.1779609160808686,1.2567495100135693,E,2017-11-13
KHC,KHC.O,2017-12-06,ESG-GJR-GARCH(G),0.1779609160808686,1.2567495100135693,G,2017-11-13
KHC,KHC.O,2017-12-06,ESG-GJR-GARCH(S),0.1779609160808686,1.2567495100135693,S,2017-11-13
KHC,KHC.O,2017-12-06,GARCH,0.1800321926120354,1.2861742212975014,,2017-11-13
KHC,KHC.O,2017-12-06,GJR-GARCH,0.1656026934191276,1.0882639709392683,,2017-11-13
KHC,KHC.O,2017-12-07,EGARCH,0.1829669880454211,1.3284491553338598,,2017-11-13
KHC,KHC.O,2017-12-07,ESG-EGARCH,0.1934854230151475,1.4855797190218485,all,2017-11-13
KHC,KHC.O,2017-12-07,ESG-EGARCH(E),0.1934854230151475,1.485579719021848,E,2017-11-13
KHC,KHC.O,2017-12-07,ESG-EGARCH(G),0.1934854230151475,1.485579719021848,G,2017-11-13
KHC,KHC.O,2017-12-07,ESG-EGARCH(S),0.1934854230151475,1.485579719021848,S,2017-11-13
KHC,KHC.O,2017-12-07,ESG-GARCH,0.1957460899726867,1.5204972912537766,all,2017-11-13
KHC,KHC.O,2017-12-07,ESG-GARCH(E),0.1957460899726867,1.5204972912537764,E,2017-11-13
KHC,KHC.O,2017-12-07,ESG-GARCH(G),0.1957460899726867,1.5204972912537764,G,2017-11-13
KHC,KHC.O,2017-12-07,ESG-GARCH(S),0.1957460899726867,1.5204972912537764,S,2017-11-13
KHC,KHC.O,2017-12-07,ESG-GJR-GARCH,0.1779609160808686,1.2567495100135695,all,2017-11-13
KHC,KHC.O,2017-12-07,ESG-GJR-GARCH(E),0.1779609160808686,1.2567495100135693,E,2017-11-13
KHC,KHC.O,2017-12-07,ESG-GJR-GARCH(G),0.1779609160808686,1.2567495100135693,G,2017-11-13
KHC,KHC.O,2017-12-07,ESG-GJR-GARCH(S),0.1779609160808686,1.2567495100135693,S,2017-11-13
KHC,KHC.O,2017-12-07,GARCH,0.1800321926120354,1.2861742212975014,,2017-11-13
KHC,KHC.O,2017-12-07,GJR-GARCH,0.1656026934191276,1.0882639709392683,,2017-11-13
KHC,KHC.O,2017-12-08,EGARCH,0.1829669880454211,1.3284491553338598,,2017-11-13
KHC,KHC.O,2017-12-08,ESG-EGARCH,0.1934854230151475,1.4855797190218485,all,2017-11-13
KHC,KHC.O,2017-12-08,ESG-EGARCH(E),0.1934854230151475,1.485579719021848,E,2017-11-13
KHC,KHC.O,2017-12-08,ESG-EGARCH(G),0.1934854230151475,1.485579719021848,G,2017-11-13
KHC,KHC.O,2017-12-08,ESG-EGARCH(S),0.1934854230151475,1.485579719021848,S,2017-11-13
KHC,KHC.O,2017-12-08,ESG-GARCH,0.1957460899726867,1.5204972912537766,all,2017-11-13
KHC,KHC.O,2017-12-08,ESG-GARCH(E),0.1957460899726867,1.5204972912537764,E,2017-11-13
KHC,KHC.O,2017-12-08,ESG-GARCH(G),0.1957460899726867,1.5204972912537764,G,2017-11-13
KHC,KHC.O,2017-12-08,ESG-GARCH(S),0.1957460899726867,1.5204972912537764,S,2017-11-13
KHC,KHC.O,2017-12-08,ESG-GJR-GARCH,0.1779609160808686,1.2567495100135695,all,2017-11-13
KHC,KHC.O,2017-12-08,ESG-GJR-GARCH(E),0.1779609160808686,1.2567495100135693,E,2017-11-13
KHC,KHC.O,2017-12-08,ESG-GJR-GARCH(G),0.1779609160808686,1.2567495100135693,G,2017-11-13
KHC,KHC.O,2017-12-08,ESG-GJR-GARCH(S),0.1779609160808686,1.2567495100135693,S,2017-11-13
KHC,KHC.O,2017-12-08,GARCH,0.1800321926120354,1.2861742212975014,,2017-11-13
KHC,KHC.O,2017-12-08,GJR-GARCH,0.1656026934191276,1.0882639709392683,,2017-11-13
KHC,KHC.O,2017-12-11,EGARCH,0.1829669880454211,1.3284491553338598,,2017-11-13
KHC,KHC.O,2017-12-11,ESG-EGARCH,0.1934854230151475,1.4855797190218485,all,2017-11-13
KHC,KHC.O,2017-12-11,ESG-EGARCH(E),0.1934854230151475,1.485579719021848,E,2017-11-13
KHC,KHC.O,2017-12-11,ESG-EGARCH(G),0.1934854230151475,1.485579719021848,G,2017-11-13
KHC,KHC.O,2017-12-11,ESG-EGARCH(S),0.1934854230151475,1.485579719021848,S,2017-11-13
KHC,KHC.O,2017-12-11,ESG-GARCH,0.1957460899726867,1.5204972912537766,all,2017-11-13
KHC,KHC.O,2017-12-11,ESG-GARCH(E),0.1957460899726867,1.5204972912537764,E,2017-11-13
KHC,KHC.O,2017-12-11,ESG-GARCH(G),0.1957460899726867,1.5204972912537764,G,2017-11-13
KHC,KHC.O,2017-12-11,ESG-GARCH(S),0.1957460899726867,1.5204972912537764,S,2017-11-13
KHC,KHC.O,2017-12-11,ESG-GJR-GARCH,0.1779609160808686,1.2567495100135695,all,2017-11-13
KHC,KHC.O,2017-12-11,ESG-GJR-GARCH(E),0.1779609160808686,1.2567495100135693,E,2017-11-13
KHC,KHC.O,2017-12-11,ESG-GJR-GARCH(G),0.1779609160808686,1.2567495100135693,G,2017-11-13
KHC,KHC.O,2017-12-11,ESG-GJR-GARCH(S),0.1779609160808686,1.2567495100135693,S,2017-11-13
KHC,KHC.O,2017-12-11,GARCH,0.1800321926120354,1.2861742212975014,,2017-11-13
KHC,KHC.O,2017-12-11,GJR-GARCH,0.1656026934191276,1.0882639709392683,,2017-11-13
KHC,KHC.O,2017-12-12,EGARCH,0.1829669880454211,1.3284491553338598,,2017-11-13
KHC,KHC.O,2017-12-12,ESG-EGARCH,0.1934854230151475,1.4855797190218485,all,2017-11-13
KHC,KHC.O,2017-12-12,ESG-EGARCH(E),0.1934854230151475,1.485579719021848,E,2017-11-13
KHC,KHC.O,2017-12-12,ESG-EGARCH(G),0.1934854230151475,1.485579719021848,G,2017-11-13
KHC,KHC.O,2017-12-12,ESG-EGARCH(S),0.1934854230151475,1.485579719021848,S,2017-11-13
KHC,KHC.O,2017-12-12,ESG-GARCH,0.1957460899726867,1.5204972912537766,all,2017-11-13
KHC,KHC.O,2017-12-12,ESG-GARCH(E),0.1957460899726867,1.5204972912537764,E,2017-11-13
KHC,KHC.O,2017-12-12,ESG-GARCH(G),0.1957460899726867,1.5204972912537764,G,2017-11-13
KHC,KHC.O,2017-12-12,ESG-GARCH(S),0.1957460899726867,1.5204972912537764,S,2017-11-13
KHC,KHC.O,2017-12-12,ESG-GJR-GARCH,0.1779609160808686,1.2567495100135695,all,2017-11-13
KHC,KHC.O,2017-12-12,ESG-GJR-GARCH(E),0.1779609160808686,1.2567495100135693,E,2017-11-13
KHC,KHC.O,2017-12-12,ESG-GJR-GARCH(G),0.1779609160808686,1.2567495100135693,G,2017-11-13
KHC,KHC.O,2017-12-12,ESG-GJR-GARCH(S),0.1779609160808686,1.2567495100135693,S,2017-11-13
KHC,KHC.O,2017-12-12,GARCH,0.1800321926120354,1.2861742212975014,,2017-11-13
KHC,KHC.O,2017-12-12,GJR-GARCH,0.1656026934191276,1.0882639709392683,,2017-11-13
KHC,KHC.O,2017-12-13,EGARCH,0.1829669880454211,1.3284491553338598,,2017-11-13
KHC,KHC.O,2017-12-13,ESG-EGARCH,0.1934854230151475,1.4855797190218485,all,2017-11-13
KHC,KHC.O,2017-12-13,ESG-EGARCH(E),0.1934854230151475,1.485579719021848,E,2017-11-13
KHC,KHC.O,2017-12-13,ESG-EGARCH(G),0.1934854230151475,1.485579719021848,G,2017-11-13
KHC,KHC.O,2017-12-13,ESG-EGARCH(S),0.1934854230151475,1.485579719021848,S,2017-11-13
KHC,KHC.O,2017-12-13,ESG-GARCH,0.1957460899726867,1.5204972912537766,all,2017-11-13
KHC,KHC.O,2017-12-13,ESG-GARCH(E),0.1957460899726867,1.5204972912537764,E,2017-11-13
KHC,KHC.O,2017-12-13,ESG-GARCH(G),0.1957460899726867,1.5204972912537764,G,2017-11-13
KHC,KHC.O,2017-12-13,ESG-GARCH(S),0.1957460899726867,1.5204972912537764,S,2017-11-13
KHC,KHC.O,2017-12-13,ESG-GJR-GARCH,0.1779609160808686,1.2567495100135695,all,2017-11-13
KHC,KHC.O,2017-12-13,ESG-GJR-GARCH(E),0.1779609160808686,1.2567495100135693,E,2017-11-13
KHC,KHC.O,2017-12-13,ESG-GJR-GARCH(G),0.1779609160808686,1.2567495100135693,G,2017-11-13
KHC,KHC.O,2017-12-13,ESG-GJR-GARCH(S),0.1779609160808686,1.2567495100135693,S,2017-11-13
KHC,KHC.O,2017-12-13,GARCH,0.1800321926120354,1.2861742212975014,,2017-11-13
KHC,KHC.O,2017-12-13,GJR-GARCH,0.1656026934191276,1.0882639709392683,,2017-11-13
KHC,KHC.O,2017-12-14,EGARCH,0.1829669880454211,1.3284491553338598,,2017-11-13
KHC,KHC.O,2017-12-14,ESG-EGARCH,0.1934854230151475,1.4855797190218485,all,2017-11-13
KHC,KHC.O,2017-12-14,ESG-EGARCH(E),0.1934854230151475,1.485579719021848,E,2017-11-13
KHC,KHC.O,2017-12-14,ESG-EGARCH(G),0.1934854230151475,1.485579719021848,G,2017-11-13
KHC,KHC.O,2017-12-14,ESG-EGARCH(S),0.1934854230151475,1.485579719021848,S,2017-11-13
KHC,KHC.O,2017-12-14,ESG-GARCH,0.1957460899726867,1.5204972912537766,all,2017-11-13
KHC,KHC.O,2017-12-14,ESG-GARCH(E),0.1957460899726867,1.5204972912537764,E,2017-11-13
KHC,KHC.O,2017-12-14,ESG-GARCH(G),0.1957460899726867,1.5204972912537764,G,2017-11-13
KHC,KHC.O,2017-12-14,ESG-GARCH(S),0.1957460899726867,1.5204972912537764,S,2017-11-13
KHC,KHC.O,2017-12-14,ESG-GJR-GARCH,0.1779609160808686,1.2567495100135695,all,2017-11-13
KHC,KHC.O,2017-12-14,ESG-GJR-GARCH(E),0.1779609160808686,1.2567495100135693,E,2017-11-13
KHC,KHC.O,2017-12-14,ESG-GJR-GARCH(G),0.1779609160808686,1.2567495100135693,G,2017-11-13
KHC,KHC.O,2017-12-14,ESG-GJR-GARCH(S),0.1779609160808686,1.2567495100135693,S,2017-11-13
KHC,KHC.O,2017-12-14,GARCH,0.1800321926120354,1.2861742212975014,,2017-11-13
KHC,KHC.O,2017-12-14,GJR-GARCH,0.1656026934191276,1.0882639709392683,,2017-11-13
KHC,KHC.O,2017-12-15,EGARCH,0.1532011979359319,0.93137329559542,,2017-12-15
KHC,KHC.O,2017-12-15,ESG-EGARCH,0.1631046796662845,1.0556800209937025,all,2017-12-15
KHC,KHC.O,2017-12-15,ESG-EGARCH(E),0.1631046796662845,1.0556800209937018,E,2017-12-15
KHC,KHC.O,2017-12-15,ESG-EGARCH(G),0.1631046796662845,1.0556800209937018,G,2017-12-15
KHC,KHC.O,2017-12-15,ESG-EGARCH(S),0.1631046796662845,1.0556800209937018,S,2017-12-15
KHC,KHC.O,2017-12-15,ESG-GARCH,0.1583597516735073,0.9951512281783697,all,2017-12-15
KHC,KHC.O,2017-12-15,ESG-GARCH(E),0.1583597516735073,0.99515122817837,E,2017-12-15
KHC,KHC.O,2017-12-15,ESG-GARCH(G),0.1583597516735073,0.99515122817837,G,2017-12-15
KHC,KHC.O,2017-12-15,ESG-GARCH(S),0.1583597516735073,0.99515122817837,S,2017-12-15
KHC,KHC.O,2017-12-15,ESG-GJR-GARCH,0.1619069782404224,1.040232920751771,all,2017-12-15
KHC,KHC.O,2017-12-15,ESG-GJR-GARCH(E),0.1619069782404223,1.0402329207517704,E,2017-12-15
KHC,KHC.O,2017-12-15,ESG-GJR-GARCH(G),0.1619069782404223,1.0402329207517704,G,2017-12-15
KHC,KHC.O,2017-12-15,ESG-GJR-GARCH(S),0.1619069782404223,1.0402329207517704,S,2017-12-15
KHC,KHC.O,2017-12-15,GARCH,0.1497282260390208,0.889624669555243,,2017-12-15
KHC,KHC.O,2017-12-15,GJR-GARCH,0.1538892806170673,0.9397583606681946,,2017-12-15
KHC,KHC.O,2017-12-18,EGARCH,0.1532011979359319,0.93137329559542,,2017-12-15
KHC,KHC.O,2017-12-18,ESG-EGARCH,0.1631046796662845,1.0556800209937025,all,2017-12-15
KHC,KHC.O,2017-12-18,ESG-EGARCH(E),0.1631046796662845,1.0556800209937018,E,2017-12-15
KHC,KHC.O,2017-12-18,ESG-EGARCH(G),0.1631046796662845,1.0556800209937018,G,2017-12-15
KHC,KHC.O,2017-12-18,ESG-EGARCH(S),0.1631046796662845,1.0556800209937018,S,2017-12-15
KHC,KHC.O,2017-12-18,ESG-GARCH,0.1583597516735073,0.9951512281783697,all,2017-12-15
KHC,KHC.O,2017-12-18,ESG-GARCH(E),0.1583597516735073,0.99515122817837,E,2017-12-15
KHC,KHC.O,2017-12-18,ESG-GARCH(G),0.1583597516735073,0.99515122817837,G,2017-12-15
KHC,KHC.O,2017-12-18,ESG-GARCH(S),0.1583597516735073,0.99515122817837,S,2017-12-15
KHC,KHC.O,2017-12-18,ESG-GJR-GARCH,0.1619069782404224,1.040232920751771,all,2017-12-15
KHC,KHC.O,2017-12-18,ESG-GJR-GARCH(E),0.1619069782404223,1.0402329207517704,E,2017-12-15
KHC,KHC.O,2017-12-18,ESG-GJR-GARCH(G),0.1619069782404223,1.0402329207517704,G,2017-12-15
KHC,KHC.O,2017-12-18,ESG-GJR-GARCH(S),0.1619069782404223,1.0402329207517704,S,2017-12-15
KHC,KHC.O,2017-12-18,GARCH,0.1497282260390208,0.889624669555243,,2017-12-15
KHC,KHC.O,2017-12-18,GJR-GARCH,0.1538892806170673,0.9397583606681946,,2017-12-15
KHC,KHC.O,2017-12-19,EGARCH,0.1532011979359319,0.93137329559542,,2017-12-15
KHC,KHC.O,2017-12-19,ESG-EGARCH,0.1631046796662845,1.0556800209937025,all,2017-12-15
KHC,KHC.O,2017-12-19,ESG-EGARCH(E),0.1631046796662845,1.0556800209937018,E,2017-12-15
KHC,KHC.O,2017-12-19,ESG-EGARCH(G),0.1631046796662845,1.0556800209937018,G,2017-12-15
KHC,KHC.O,2017-12-19,ESG-EGARCH(S),0.1631046796662845,1.0556800209937018,S,2017-12-15
KHC,KHC.O,2017-12-19,ESG-GARCH,0.1583597516735073,0.9951512281783697,all,2017-12-15
KHC,KHC.O,2017-12-19,ESG-GARCH(E),0.1583597516735073,0.99515122817837,E,2017-12-15
KHC,KHC.O,2017-12-19,ESG-GARCH(G),0.1583597516735073,0.99515122817837,G,2017-12-15
KHC,KHC.O,2017-12-19,ESG-GARCH(S),0.1583597516735073,0.99515122817837,S,2017-12-15
KHC,KHC.O,2017-12-19,ESG-GJR-GARCH,0.1619069782404224,1.040232920751771,all,2017-12-15
KHC,KHC.O,2017-12-19,ESG-GJR-GARCH(E),0.1619069782404223,1.0402329207517704,E,2017-12-15
KHC,KHC.O,2017-12-19,ESG-GJR-GARCH(G),0.1619069782404223,1.0402329207517704,G,2017-12-15
KHC,KHC.O,2017-12-19,ESG-GJR-GARCH(S),0.1619069782404223,1.0402329207517704,S,2017-12-15
KHC,KHC.O,2017-12-19,GARCH,0.1497282260390208,0.889624669555243,,2017-12-15
KHC,KHC.O,2017-12-19,GJR-GARCH,0.1538892806170673,0.9397583606681946,,2017-12-15
KHC,KHC.O,2017-12-20,EGARCH,0.1532011979359319,0.93137329559542,,2017-12-15
KHC,KHC.O,2017-12-20,ESG-EGARCH,0.1631046796662845,1.0556800209937025,all,2017-12-15
KHC,KHC.O,2017-12-20,ESG-EGARCH(E),0.1631046796662845,1.0556800209937018,E,2017-12-15
KHC,KHC.O,2017-12-20,ESG-EGARCH(G),0.1631046796662845,1.0556800209937018,G,2017-12-15
KHC,KHC.O,2017-12-20,ESG-EGARCH(S),0.1631046796662845,1.0556800209937018,S,2017-12-15
KHC,KHC.O,2017-12-20,ESG-GARCH,0.1583597516735073,0.9951512281783697,all,2017-12-15
KHC,KHC.O,2017-12-20,ESG-GARCH(E),0.1583597516735073,0.99515122817837,E,2017-12-15
KHC,KHC.O,2017-12-20,ESG-GARCH(G),0.1583597516735073,0.99515122817837,G,2017-12-15
KHC,KHC.O,2017-12-20,ESG-GARCH(S),0.1583597516735073,0.99515122817837,S,2017-12-15
KHC,KHC.O,2017-12-20,ESG-GJR-GARCH,0.1619069782404224,1.040232920751771,all,2017-12-15
KHC,KHC.O,2017-12-20,ESG-GJR-GARCH(E),0.1619069782404223,1.0402329207517704,E,2017-12-15
KHC,KHC.O,2017-12-20,ESG-GJR-GARCH(G),0.1619069782404223,1.0402329207517704,G,2017-12-15
KHC,KHC.O,2017-12-20,ESG-GJR-GARCH(S),0.1619069782404223,1.0402329207517704,S,2017-12-15
KHC,KHC.O,2017-12-20,GARCH,0.1497282260390208,0.889624669555243,,2017-12-15
KHC,KHC.O,2017-12-20,GJR-GARCH,0.1538892806170673,0.9397583606681946,,2017-12-15
KHC,KHC.O,2017-12-21,EGARCH,0.1532011979359319,0.93137329559542,,2017-12-15
KHC,KHC.O,2017-12-21,ESG-EGARCH,0.1631046796662845,1.0556800209937025,all,2017-12-15
KHC,KHC.O,2017-12-21,ESG-EGARCH(E),0.1631046796662845,1.0556800209937018,E,2017-12-15
KHC,KHC.O,2017-12-21,ESG-EGARCH(G),0.1631046796662845,1.0556800209937018,G,2017-12-15
KHC,KHC.O,2017-12-21,ESG-EGARCH(S),0.1631046796662845,1.0556800209937018,S,2017-12-15
KHC,KHC.O,2017-12-21,ESG-GARCH,0.1583597516735073,0.9951512281783697,all,2017-12-15
KHC,KHC.O,2017-12-21,ESG-GARCH(E),0.1583597516735073,0.99515122817837,E,2017-12-15
KHC,KHC.O,2017-12-21,ESG-GARCH(G),0.1583597516735073,0.99515122817837,G,2017-12-15
KHC,KHC.O,2017-12-21,ESG-GARCH(S),0.1583597516735073,0.99515122817837,S,2017-12-15
KHC,KHC.O,2017-12-21,ESG-GJR-GARCH,0.1619069782404224,1.040232920751771,all,2017-12-15
KHC,KHC.O,2017-12-21,ESG-GJR-GARCH(E),0.1619069782404223,1.0402329207517704,E,2017-12-15
KHC,KHC.O,2017-12-21,ESG-GJR-GARCH(G),0.1619069782404223,1.0402329207517704,G,2017-12-15
KHC,KHC.O,2017-12-21,ESG-GJR-GARCH(S),0.1619069782404223,1.0402329207517704,S,2017-12-15
KHC,KHC.O,2017-12-21,GARCH,0.1497282260390208,0.889624669555243,,2017-12-15
KHC,KHC.O,2017-12-21,GJR-GARCH,0.1538892806170673,0.9397583606681946,,2017-12-15
KHC,KHC.O,2017-12-22,EGARCH,0.1532011979359319,0.93137329559542,,2017-12-15
KHC,KHC.O,2017-12-22,ESG-EGARCH,0.1631046796662845,1.0556800209937025,all,2017-12-15
KHC,KHC.O,2017-12-22,ESG-EGARCH(E),0.1631046796662845,1.0556800209937018,E,2017-12-15
KHC,KHC.O,2017-12-22,ESG-EGARCH(G),0.1631046796662845,1.0556800209937018,G,2017-12-15
KHC,KHC.O,2017-12-22,ESG-EGARCH(S),0.1631046796662845,1.0556800209937018,S,2017-12-15
KHC,KHC.O,2017-12-22,ESG-GARCH,0.1583597516735073,0.9951512281783697,all,2017-12-15
KHC,KHC.O,2017-12-22,ESG-GARCH(E),0.1583597516735073,0.99515122817837,E,2017-12-15
KHC,KHC.O,2017-12-22,ESG-GARCH(G),0.1583597516735073,0.99515122817837,G,2017-12-15
KHC,KHC.O,2017-12-22,ESG-GARCH(S),0.1583597516735073,0.99515122817837,S,2017-12-15
KHC,KHC.O,2017-12-22,ESG-GJR-GARCH,0.1619069782404224,1.040232920751771,all,2017-12-15
KHC,KHC.O,2017-12-22,ESG-GJR-GARCH(E),0.1619069782404223,1.0402329207517704,E,2017-12-15
KHC,KHC.O,2017-12-22,ESG-GJR-GARCH(G),0.1619069782404223,1.0402329207517704,G,2017-12-15
KHC,KHC.O,2017-12-22,ESG-GJR-GARCH(S),0.1619069782404223,1.0402329207517704,S,2017-12-15
KHC,KHC.O,2017-12-22,GARCH,0.1497282260390208,0.889624669555243,,2017-12-15
KHC,KHC.O,2017-12-22,GJR-GARCH,0.1538892806170673,0.9397583606681946,,2017-12-15
KHC,KHC.O,2017-12-26,EGARCH,0.1532011979359319,0.93137329559542,,2017-12-15
KHC,KHC.O,2017-12-26,ESG-EGARCH,0.1631046796662845,1.0556800209937025,all,2017-12-15
KHC,KHC.O,2017-12-26,ESG-EGARCH(E),0.1631046796662845,1.0556800209937018,E,2017-12-15
KHC,KHC.O,2017-12-26,ESG-EGARCH(G),0.1631046796662845,1.0556800209937018,G,2017-12-15
KHC,KHC.O,2017-12-26,ESG-EGARCH(S),0.1631046796662845,1.0556800209937018,S,2017-12-15
KHC,KHC.O,2017-12-26,ESG-GARCH,0.1583597516735073,0.9951512281783697,all,2017-12-15
KHC,KHC.O,2017-12-26,ESG-GARCH(E),0.1583597516735073,0.99515122817837,E,2017-12-15
KHC,KHC.O,2017-12-26,ESG-GARCH(G),0.1583597516735073,0.99515122817837,G,2017-12-15
KHC,KHC.O,2017-12-26,ESG-GARCH(S),0.1583597516735073,0.99515122817837,S,2017-12-15
KHC,KHC.O,2017-12-26,ESG-GJR-GARCH,0.1619069782404224,1.040232920751771,all,2017-12-15
KHC,KHC.O,2017-12-26,ESG-GJR-GARCH(E),0.1619069782404223,1.0402329207517704,E,2017-12-15
KHC,KHC.O,2017-12-26,ESG-GJR-GARCH(G),0.1619069782404223,1.0402329207517704,G,2017-12-15
KHC,KHC.O,2017-12-26,ESG-GJR-GARCH(S),0.1619069782404223,1.0402329207517704,S,2017-12-15
KHC,KHC.O,2017-12-26,GARCH,0.1497282260390208,0.889624669555243,,2017-12-15
KHC,KHC.O,2017-12-26,GJR-GARCH,0.1538892806170673,0.9397583606681946,,2017-12-15
KHC,KHC.O,2017-12-27,EGARCH,0.1532011979359319,0.93137329559542,,2017-12-15
KHC,KHC.O,2017-12-27,ESG-EGARCH,0.1631046796662845,1.0556800209937025,all,2017-12-15
KHC,KHC.O,2017-12-27,ESG-EGARCH(E),0.1631046796662845,1.0556800209937018,E,2017-12-15
KHC,KHC.O,2017-12-27,ESG-EGARCH(G),0.1631046796662845,1.0556800209937018,G,2017-12-15
KHC,KHC.O,2017-12-27,ESG-EGARCH(S),0.1631046796662845,1.0556800209937018,S,2017-12-15
KHC,KHC.O,2017-12-27,ESG-GARCH,0.1583597516735073,0.9951512281783697,all,2017-12-15
KHC,KHC.O,2017-12-27,ESG-GARCH(E),0.1583597516735073,0.99515122817837,E,2017-12-15
KHC,KHC.O,2017-12-27,ESG-GARCH(G),0.1583597516735073,0.99515122817837,G,2017-12-15
KHC,KHC.O,2017-12-27,ESG-GARCH(S),0.1583597516735073,0.99515122817837,S,2017-12-15
KHC,KHC.O,2017-12-27,ESG-GJR-GARCH,0.1619069782404224,1.040232920751771,all,2017-12-15
KHC,KHC.O,2017-12-27,ESG-GJR-GARCH(E),0.1619069782404223,1.0402329207517704,E,2017-12-15
KHC,KHC.O,2017-12-27,ESG-GJR-GARCH(G),0.1619069782404223,1.0402329207517704,G,2017-12-15
KHC,KHC.O,2017-12-27,ESG-GJR-GARCH(S),0.1619069782404223,1.0402329207517704,S,2017-12-15
KHC,KHC.O,2017-12-27,GARCH,0.1497282260390208,0.889624669555243,,2017-12-15
KHC,KHC.O,2017-12-27,GJR-GARCH,0.1538892806170673,0.9397583606681946,,2017-12-15
KHC,KHC.O,2017-12-28,EGARCH,0.1532011979359319,0.93137329559542,,2017-12-15
KHC,KHC.O,2017-12-28,ESG-EGARCH,0.1631046796662845,1.0556800209937025,all,2017-12-15
KHC,KHC.O,2017-12-28,ESG-EGARCH(E),0.1631046796662845,1.0556800209937018,E,2017-12-15
KHC,KHC.O,2017-12-28,ESG-EGARCH(G),0.1631046796662845,1.0556800209937018,G,2017-12-15
KHC,KHC.O,2017-12-28,ESG-EGARCH(S),0.1631046796662845,1.0556800209937018,S,2017-12-15
KHC,KHC.O,2017-12-28,ESG-GARCH,0.1583597516735073,0.9951512281783697,all,2017-12-15
KHC,KHC.O,2017-12-28,ESG-GARCH(E),0.1583597516735073,0.99515122817837,E,2017-12-15
KHC,KHC.O,2017-12-28,ESG-GARCH(G),0.1583597516735073,0.99515122817837,G,2017-12-15
KHC,KHC.O,2017-12-28,ESG-GARCH(S),0.1583597516735073,0.99515122817837,S,2017-12-15
KHC,KHC.O,2017-12-28,ESG-GJR-GARCH,0.1619069782404224,1.040232920751771,all,2017-12-15
KHC,KHC.O,2017-12-28,ESG-GJR-GARCH(E),0.1619069782404223,1.0402329207517704,E,2017-12-15
KHC,KHC.O,2017-12-28,ESG-GJR-GARCH(G),0.1619069782404223,1.0402329207517704,G,2017-12-15
KHC,KHC.O,2017-12-28,ESG-GJR-GARCH(S),0.1619069782404223,1.0402329207517704,S,2017-12-15
KHC,KHC.O,2017-12-28,GARCH,0.1497282260390208,0.889624669555243,,2017-12-15
KHC,KHC.O,2017-12-28,GJR-GARCH,0.1538892806170673,0.9397583606681946,,2017-12-15
KHC,KHC.O,2017-12-29,EGARCH,0.1532011979359319,0.93137329559542,,2017-12-15
KHC,KHC.O,2017-12-29,ESG-EGARCH,0.1631046796662845,1.0556800209937025,all,2017-12-15
KHC,KHC.O,2017-12-29,ESG-EGARCH(E),0.1631046796662845,1.0556800209937018,E,2017-12-15
KHC,KHC.O,2017-12-29,ESG-EGARCH(G),0.1631046796662845,1.0556800209937018,G,2017-12-15
KHC,KHC.O,2017-12-29,ESG-EGARCH(S),0.1631046796662845,1.0556800209937018,S,2017-12-15
KHC,KHC.O,2017-12-29,ESG-GARCH,0.1583597516735073,0.9951512281783697,all,2017-12-15
KHC,KHC.O,2017-12-29,ESG-GARCH(E),0.1583597516735073,0.99515122817837,E,2017-12-15
KHC,KHC.O,2017-12-29,ESG-GARCH(G),0.1583597516735073,0.99515122817837,G,2017-12-15
KHC,KHC.O,2017-12-29,ESG-GARCH(S),0.1583597516735073,0.99515122817837,S,2017-12-15
KHC,KHC.O,2017-12-29,ESG-GJR-GARCH,0.1619069782404224,1.040232920751771,all,2017-12-15
KHC,KHC.O,2017-12-29,ESG-GJR-GARCH(E),0.1619069782404223,1.0402329207517704,E,2017-12-15
KHC,KHC.O,2017-12-29,ESG-GJR-GARCH(G),0.1619069782404223,1.0402329207517704,G,2017-12-15
KHC,KHC.O,2017-12-29,ESG-GJR-GARCH(S),0.1619069782404223,1.0402329207517704,S,2017-12-15
KHC,KHC.O,2017-12-29,GARCH,0.1497282260390208,0.889624669555243,,2017-12-15
KHC,KHC.O,2017-12-29,GJR-GARCH,0.1538892806170673,0.9397583606681946,,2017-12-15
KHC,KHC.O,2018-01-02,EGARCH,0.1532011979359319,0.93137329559542,,2017-12-15
KHC,KHC.O,2018-01-02,ESG-EGARCH,1.93391096211406,148.4131591025766,all,2017-12-15
KHC,KHC.O,2018-01-02,ESG-EGARCH(E),0.0010696159264028,4.539992976248485e-05,E,2017-12-15
KHC,KHC.O,2018-01-02,ESG-EGARCH(G),1.93391096211406,148.4131591025766,G,2017-12-15
KHC,KHC.O,2018-01-02,ESG-EGARCH(S),1.93391096211406,148.4131591025766,S,2017-12-15
KHC,KHC.O,2018-01-02,ESG-GARCH,1.93391096211406,148.4131591025766,all,2017-12-15
KHC,KHC.O,2018-01-02,ESG-GARCH(E),0.0010696159264028,4.539992976248485e-05,E,2017-12-15
KHC,KHC.O,2018-01-02,ESG-GARCH(G),1.93391096211406,148.4131591025766,G,2017-12-15
KHC,KHC.O,2018-01-02,ESG-GARCH(S),1.93391096211406,148.4131591025766,S,2017-12-15
KHC,KHC.O,2018-01-02,ESG-GJR-GARCH,1.93391096211406,148.4131591025766,all,2017-12-15
KHC,KHC.O,2018-01-02,ESG-GJR-GARCH(E),0.0010696159264028,4.539992976248485e-05,E,2017-12-15
KHC,KHC.O,2018-01-02,ESG-GJR-GARCH(G),1.93391096211406,148.4131591025766,G,2017-12-15
KHC,KHC.O,2018-01-02,ESG-GJR-GARCH(S),1.93391096211406,148.4131591025766,S,2017-12-15
KHC,KHC.O,2018-01-02,GARCH,0.1497282260390208,0.889624669555243,,2017-12-15
KHC,KHC.O,2018-01-02,GJR-GARCH,0.1538892806170673,0.9397583606681946,,2017-12-15
KHC,KHC.O,2018-01-03,EGARCH,0.1532011979359319,0.93137329559542,,2017-12-15
KHC,KHC.O,2018-01-03,ESG-EGARCH,1.93391096211406,148.4131591025766,all,2017-12-15
KHC,KHC.O,2018-01-03,ESG-EGARCH(E),0.0010696159264028,4.539992976248485e-05,E,2017-12-15
KHC,KHC.O,2018-01-03,ESG-EGARCH(G),1.93391096211406,148.4131591025766,G,2017-12-15
KHC,KHC.O,2018-01-03,ESG-EGARCH(S),1.93391096211406,148.4131591025766,S,2017-12-15
KHC,KHC.O,2018-01-03,ESG-GARCH,1.93391096211406,148.4131591025766,all,2017-12-15
KHC,KHC.O,2018-01-03,ESG-GARCH(E),0.0010696159264028,4.539992976248485e-05,E,2017-12-15
KHC,KHC.O,2018-01-03,ESG-GARCH(G),1.93391096211406,148.4131591025766,G,2017-12-15
KHC,KHC.O,2018-01-03,ESG-GARCH(S),1.93391096211406,148.4131591025766,S,2017-12-15
KHC,KHC.O,2018-01-03,ESG-GJR-GARCH,1.93391096211406,148.4131591025766,all,2017-12-15
KHC,KHC.O,2018-01-03,ESG-GJR-GARCH(E),0.0010696159264028,4.539992976248485e-05,E,2017-12-15
KHC,KHC.O,2018-01-03,ESG-GJR-GARCH(G),1.93391096211406,148.4131591025766,G,2017-12-15
KHC,KHC.O,2018-01-03,ESG-GJR-GARCH(S),1.93391096211406,148.4131591025766,S,2017-12-15
KHC,KHC.O,2018-01-03,GARCH,0.1497282260390208,0.889624669555243,,2017-12-15
KHC,KHC.O,2018-01-03,GJR-GARCH,0.1538892806170673,0.9397583606681946,,2017-12-15
KHC,KHC.O,2018-01-04,EGARCH,0.1532011979359319,0.93137329559542,,2017-12-15
KHC,KHC.O,2018-01-04,ESG-EGARCH,1.93391096211406,148.4131591025766,all,2017-12-15
KHC,KHC.O,2018-01-04,ESG-EGARCH(E),0.0010696159264028,4.539992976248485e-05,E,2017-12-15
KHC,KHC.O,2018-01-04,ESG-EGARCH(G),1.93391096211406,148.4131591025766,G,2017-12-15
KHC,KHC.O,2018-01-04,ESG-EGARCH(S),1.93391096211406,148.4131591025766,S,2017-12-15
KHC,KHC.O,2018-01-04,ESG-GARCH,1.93391096211406,148.4131591025766,all,2017-12-15
KHC,KHC.O,2018-01-04,ESG-GARCH(E),0.0010696159264028,4.539992976248485e-05,E,2017-12-15
KHC,KHC.O,2018-01-04,ESG-GARCH(G),1.93391096211406,148.4131591025766,G,2017-12-15
KHC,KHC.O,2018-01-04,ESG-GARCH(S),1.93391096211406,148.4131591025766,S,2017-12-15
KHC,KHC.O,2018-01-04,ESG-GJR-GARCH,1.93391096211406,148.4131591025766,all,2017-12-15
KHC,KHC.O,2018-01-04,ESG-GJR-GARCH(E),0.0010696159264028,4.539992976248485e-05,E,2017-12-15
KHC,KHC.O,2018-01-04,ESG-GJR-GARCH(G),1.93391096211406,148.4131591025766,G,2017-12-15
KHC,KHC.O,2018-01-04,ESG-GJR-GARCH(S),1.93391096211406,148.4131591025766,S,2017-12-15
KHC,KHC.O,2018-01-04,GARCH,0.1497282260390208,0.889624669555243,,2017-12-15
KHC,KHC.O,2018-01-04,GJR-GARCH,0.1538892806170673,0.9397583606681946,,2017-12-15
KHC,KHC.O,2018-01-05,EGARCH,0.1532011979359319,0.93137329559542,,2017-12-15
KHC,KHC.O,2018-01-05,ESG-EGARCH,1.93391096211406,148.4131591025766,all,2017-12-15
KHC,KHC.O,2018-01-05,ESG-EGARCH(E),0.0010696159264028,4.539992976248485e-05,E,2017-12-15
KHC,KHC.O,2018-01-05,ESG-EGARCH(G),1.93391096211406,148.4131591025766,G,2017-12-15
KHC,KHC.O,2018-01-05,ESG-EGARCH(S),1.93391096211406,148.4131591025766,S,2017-12-15
KHC,KHC.O,2018-01-05,ESG-GARCH,1.93391096211406,148.4131591025766,all,2017-12-15
KHC,KHC.O,2018-01-05,ESG-GARCH(E),0.0010696159264028,4.539992976248485e-05,E,2017-12-15
KHC,KHC.O,2018-01-05,ESG-GARCH(G),1.93391096211406,148.4131591025766,G,2017-12-15
KHC,KHC.O,2018-01-05,ESG-GARCH(S),1.93391096211406,148.4131591025766,S,2017-12-15
KHC,KHC.O,2018-01-05,ESG-GJR-GARCH,1.93391096211406,148.4131591025766,all,2017-12-15
KHC,KHC.O,2018-01-05,ESG-GJR-GARCH(E),0.0010696159264028,4.539992976248485e-05,E,2017-12-15
KHC,KHC.O,2018-01-05,ESG-GJR-GARCH(G),1.93391096211406,148.4131591025766,G,2017-12-15
KHC,KHC.O,2018-01-05,ESG-GJR-GARCH(S),1.93391096211406,148.4131591025766,S,2017-12-15
KHC,KHC.O,2018-01-05,GARCH,0.1497282260390208,0.889624669555243,,2017-12-15
KHC,KHC.O,2018-01-05,GJR-GARCH,0.1538892806170673,0.9397583606681946,,2017-12-15
KHC,KHC.O,2018-01-08,EGARCH,0.1532011979359319,0.93137329559542,,2017-12-15
KHC,KHC.O,2018-01-08,ESG-EGARCH,1.93391096211406,148.4131591025766,all,2017-12-15
KHC,KHC.O,2018-01-08,ESG-EGARCH(E),0.0010696159264028,4.539992976248485e-05,E,2017-12-15
KHC,KHC.O,2018-01-08,ESG-EGARCH(G),1.93391096211406,148.4131591025766,G,2017-12-15
KHC,KHC.O,2018-01-08,ESG-EGARCH(S),1.93391096211406,148.4131591025766,S,2017-12-15
KHC,KHC.O,2018-01-08,ESG-GARCH,1.93391096211406,148.4131591025766,all,2017-12-15
KHC,KHC.O,2018-01-08,ESG-GARCH(E),0.0010696159264028,4.539992976248485e-05,E,2017-12-15
KHC,KHC.O,2018-01-08,ESG-GARCH(G),1.93391096211406,148.4131591025766,G,2017-12-15
KHC,KHC.O,2018-01-08,ESG-GARCH(S),1.93391096211406,148.4131591025766,S,2017-12-15
KHC,KHC.O,2018-01-08,ESG-GJR-GARCH,1.93391096211406,148.4131591025766,all,2017-12-15
KHC,KHC.O,2018-01-08,ESG-GJR-GARCH(E),0.0010696159264028,4.539992976248485e-05,E,2017-12-15
KHC,KHC.O,2018-01-08,ESG-GJR-GARCH(G),1.93391096211406,148.4131591025766,G,2017-12-15
KHC,KHC.O,2018-01-08,ESG-GJR-GARCH(S),1.93391096211406,148.4131591025766,S,2017-12-15
KHC,KHC.O,2018-01-08,GARCH,0.1497282260390208,0.889624669555243,,2017-12-15
KHC,KHC.O,2018-01-08,GJR-GARCH,0.1538892806170673,0.9397583606681946,,2017-12-15
KHC,KHC.O,2018-01-09,EGARCH,0.1532011979359319,0.93137329559542,,2017-12-15
KHC,KHC.O,2018-01-09,ESG-EGARCH,1.93391096211406,148.4131591025766,all,2017-12-15
KHC,KHC.O,2018-01-09,ESG-EGARCH(E),0.0010696159264028,4.539992976248485e-05,E,2017-12-15
KHC,KHC.O,2018-01-09,ESG-EGARCH(G),1.93391096211406,148.4131591025766,G,2017-12-15
KHC,KHC.O,2018-01-09,ESG-EGARCH(S),1.93391096211406,148.4131591025766,S,2017-12-15
KHC,KHC.O,2018-01-09,ESG-GARCH,1.93391096211406,148.4131591025766,all,2017-12-15
KHC,KHC.O,2018-01-09,ESG-GARCH(E),0.0010696159264028,4.539992976248485e-05,E,2017-12-15
KHC,KHC.O,2018-01-09,ESG-GARCH(G),1.93391096211406,148.4131591025766,G,2017-12-15
KHC,KHC.O,2018-01-09,ESG-GARCH(S),1.93391096211406,148.4131591025766,S,2017-12-15
KHC,KHC.O,2018-01-09,ESG-GJR-GARCH,1.93391096211406,148.4131591025766,all,2017-12-15
KHC,KHC.O,2018-01-09,ESG-GJR-GARCH(E),0.0010696159264028,4.539992976248485e-05,E,2017-12-15
KHC,KHC.O,2018-01-09,ESG-GJR-GARCH(G),1.93391096211406,148.4131591025766,G,2017-12-15
KHC,KHC.O,2018-01-09,ESG-GJR-GARCH(S),1.93391096211406,148.4131591025766,S,2017-12-15
KHC,KHC.O,2018-01-09,GARCH,0.1497282260390208,0.889624669555243,,2017-12-15
KHC,KHC.O,2018-01-09,GJR-GARCH,0.1538892806170673,0.9397583606681946,,2017-12-15
KHC,KHC.O,2018-01-10,EGARCH,0.1532011979359319,0.93137329559542,,2017-12-15
KHC,KHC.O,2018-01-10,ESG-EGARCH,1.93391096211406,148.4131591025766,all,2017-12-15
KHC,KHC.O,2018-01-10,ESG-EGARCH(E),0.0010696159264028,4.539992976248485e-05,E,2017-12-15
KHC,KHC.O,2018-01-10,ESG-EGARCH(G),1.93391096211406,148.4131591025766,G,2017-12-15
KHC,KHC.O,2018-01-10,ESG-EGARCH(S),1.93391096211406,148.4131591025766,S,2017-12-15
KHC,KHC.O,2018-01-10,ESG-GARCH,1.93391096211406,148.4131591025766,all,2017-12-15
KHC,KHC.O,2018-01-10,ESG-GARCH(E),0.0010696159264028,4.539992976248485e-05,E,2017-12-15
KHC,KHC.O,2018-01-10,ESG-GARCH(G),1.93391096211406,148.4131591025766,G,2017-12-15
KHC,KHC.O,2018-01-10,ESG-GARCH(S),1.93391096211406,148.4131591025766,S,2017-12-15
KHC,KHC.O,2018-01-10,ESG-GJR-GARCH,1.93391096211406,148.4131591025766,all,2017-12-15
KHC,KHC.O,2018-01-10,ESG-GJR-GARCH(E),0.0010696159264028,4.539992976248485e-05,E,2017-12-15
KHC,KHC.O,2018-01-10,ESG-GJR-GARCH(G),1.93391096211406,148.4131591025766,G,2017-12-15
KHC,KHC.O,2018-01-10,ESG-GJR-GARCH(S),1.93391096211406,148.4131591025766,S,2017-12-15
KHC,KHC.O,2018-01-10,GARCH,0.1497282260390208,0.889624669555243,,2017-12-15
KHC,KHC.O,2018-01-10,GJR-GARCH,0.1538892806170673,0.9397583606681946,,2017-12-15
KHC,KHC.O,2018-01-11,EGARCH,0.1532011979359319,0.93137329559542,,2017-12-15
KHC,KHC.O,2018-01-11,ESG-EGARCH,1.93391096211406,148.4131591025766,all,2017-12-15
KHC,KHC.O,2018-01-11,ESG-EGARCH(E),0.0010696159264028,4.539992976248485e-05,E,2017-12-15
KHC,KHC.O,2018-01-11,ESG-EGARCH(G),1.93391096211406,148.4131591025766,G,2017-12-15
KHC,KHC.O,2018-01-11,ESG-EGARCH(S),1.93391096211406,148.4131591025766,S,2017-12-15
KHC,KHC.O,2018-01-11,ESG-GARCH,1.93391096211406,148.4131591025766,all,2017-12-15
KHC,KHC.O,2018-01-11,ESG-GARCH(E),0.0010696159264028,4.539992976248485e-05,E,2017-12-15
KHC,KHC.O,2018-01-11,ESG-GARCH(G),1.93391096211406,148.4131591025766,G,2017-12-15
KHC,KHC.O,2018-01-11,ESG-GARCH(S),1.93391096211406,148.4131591025766,S,2017-12-15
KHC,KHC.O,2018-01-11,ESG-GJR-GARCH,1.93391096211406,148.4131591025766,all,2017-12-15
KHC,KHC.O,2018-01-11,ESG-GJR-GARCH(E),0.0010696159264028,4.539992976248485e-05,E,2017-12-15
KHC,KHC.O,2018-01-11,ESG-GJR-GARCH(G),1.93391096211406,148.4131591025766,G,2017-12-15
KHC,KHC.O,2018-01-11,ESG-GJR-GARCH(S),1.93391096211406,148.4131591025766,S,2017-12-15
KHC,KHC.O,2018-01-11,GARCH,0.1497282260390208,0.889624669555243,,2017-12-15
KHC,KHC.O,2018-01-11,GJR-GARCH,0.1538892806170673,0.9397583606681946,,2017-12-15
KHC,KHC.O,2018-01-12,EGARCH,0.1532011979359319,0.93137329559542,,2017-12-15
KHC,KHC.O,2018-01-12,ESG-EGARCH,1.93391096211406,148.4131591025766,all,2017-12-15
KHC,KHC.O,2018-01-12,ESG-EGARCH(E),0.0010696159264028,4.539992976248485e-05,E,2017-12-15
KHC,KHC.O,2018-01-12,ESG-EGARCH(G),1.93391096211406,148.4131591025766,G,2017-12-15
KHC,KHC.O,2018-01-12,ESG-EGARCH(S),1.93391096211406,148.4131591025766,S,2017-12-15
KHC,KHC.O,2018-01-12,ESG-GARCH,1.93391096211406,148.4131591025766,all,2017-12-15
KHC,KHC.O,2018-01-12,ESG-GARCH(E),0.0010696159264028,4.539992976248485e-05,E,2017-12-15
KHC,KHC.O,2018-01-12,ESG-GARCH(G),1.93391096211406,148.4131591025766,G,2017-12-15
KHC,KHC.O,2018-01-12,ESG-GARCH(S),1.93391096211406,148.4131591025766,S,2017-12-15
KHC,KHC.O,2018-01-12,ESG-GJR-GARCH,1.93391096211406,148.4131591025766,all,2017-12-15
KHC,KHC.O,2018-01-12,ESG-GJR-GARCH(E),0.0010696159264028,4.539992976248485e-05,E,2017-12-15
KHC,KHC.O,2018-01-12,ESG-GJR-GARCH(G),1.93391096211406,148.4131591025766,G,2017-12-15
KHC,KHC.O,2018-01-12,ESG-GJR-GARCH(S),1.93391096211406,148.4131591025766,S,2017-12-15
KHC,KHC.O,2018-01-12,GARCH,0.1497282260390208,0.889624669555243,,2017-12-15
KHC,KHC.O,2018-01-12,GJR-GARCH,0.1538892806170673,0.9397583606681946,,2017-12-15
KHC,KHC.O,2018-01-17,EGARCH,0.1532011979359319,0.93137329559542,,2017-12-15
KHC,KHC.O,2018-01-17,ESG-EGARCH,1.93391096211406,148.4131591025766,all,2017-12-15
KHC,KHC.O,2018-01-17,ESG-EGARCH(E),0.0010696159264028,4.539992976248485e-05,E,2017-12-15
KHC,KHC.O,2018-01-17,ESG-EGARCH(G),1.93391096211406,148.4131591025766,G,2017-12-15
KHC,KHC.O,2018-01-17,ESG-EGARCH(S),1.93391096211406,148.4131591025766,S,2017-12-15
KHC,KHC.O,2018-01-17,ESG-GARCH,1.93391096211406,148.4131591025766,all,2017-12-15
KHC,KHC.O,2018-01-17,ESG-GARCH(E),0.0010696159264028,4.539992976248485e-05,E,2017-12-15
KHC,KHC.O,2018-01-17,ESG-GARCH(G),1.93391096211406,148.4131591025766,G,2017-12-15
KHC,KHC.O,2018-01-17,ESG-GARCH(S),1.93391096211406,148.4131591025766,S,2017-12-15
KHC,KHC.O,2018-01-17,ESG-GJR-GARCH,1.93391096211406,148.4131591025766,all,2017-12-15
KHC,KHC.O,2018-01-17,ESG-GJR-GARCH(E),0.0010696159264028,4.539992976248485e-05,E,2017-12-15
KHC,KHC.O,2018-01-17,ESG-GJR-GARCH(G),1.93391096211406,148.4131591025766,G,2017-12-15
KHC,KHC.O,2018-01-17,ESG-GJR-GARCH(S),1.93391096211406,148.4131591025766,S,2017-12-15
KHC,KHC.O,2018-01-17,GARCH,0.1497282260390208,0.889624669555243,,2017-12-15
KHC,KHC.O,2018-01-17,GJR-GARCH,0.1538892806170673,0.9397583606681946,,2017-12-15
KHC,KHC.O,2018-01-18,EGARCH,0.1532011979359319,0.93137329559542,,2017-12-15
KHC,KHC.O,2018-01-18,ESG-EGARCH,1.93391096211406,148.4131591025766,all,2017-12-15
KHC,KHC.O,2018-01-18,ESG-EGARCH(E),0.0010696159264028,4.539992976248485e-05,E,2017-12-15
KHC,KHC.O,2018-01-18,ESG-EGARCH(G),1.93391096211406,148.4131591025766,G,2017-12-15
KHC,KHC.O,2018-01-18,ESG-EGARCH(S),1.93391096211406,148.4131591025766,S,2017-12-15
KHC,KHC.O,2018-01-18,ESG-GARCH,1.93391096211406,148.4131591025766,all,2017-12-15
KHC,KHC.O,2018-01-18,ESG-GARCH(E),0.0010696159264028,4.539992976248485e-05,E,2017-12-15
KHC,KHC.O,2018-01-18,ESG-GARCH(G),1.93391096211406,148.4131591025766,G,2017-12-15
KHC,KHC.O,2018-01-18,ESG-GARCH(S),1.93391096211406,148.4131591025766,S,2017-12-15
KHC,KHC.O,2018-01-18,ESG-GJR-GARCH,1.93391096211406,148.4131591025766,all,2017-12-15
KHC,KHC.O,2018-01-18,ESG-GJR-GARCH(E),0.0010696159264028,4.539992976248485e-05,E,2017-12-15
KHC,KHC.O,2018-01-18,ESG-GJR-GARCH(G),1.93391096211406,148.4131591025766,G,2017-12-15
KHC,KHC.O,2018-01-18,ESG-GJR-GARCH(S),1.93391096211406,148.4131591025766,S,2017-12-15
KHC,KHC.O,2018-01-18,GARCH,0.1497282260390208,0.889624669555243,,2017-12-15
KHC,KHC.O,2018-01-18,GJR-GARCH,0.1538892806170673,0.9397583606681946,,2017-12-15
KHC,KHC.O,2018-01-19,EGARCH,0.1532011979359319,0.93137329559542,,2017-12-15
KHC,KHC.O,2018-01-19,ESG-EGARCH,1.93391096211406,148.4131591025766,all,2017-12-15
KHC,KHC.O,2018-01-19,ESG-EGARCH(E),0.0010696159264028,4.539992976248485e-05,E,2017-12-15
KHC,KHC.O,2018-01-19,ESG-EGARCH(G),1.93391096211406,148.4131591025766,G,2017-12-15
KHC,KHC.O,2018-01-19,ESG-EGARCH(S),1.93391096211406,148.4131591025766,S,2017-12-15
KHC,KHC.O,2018-01-19,ESG-GARCH,1.93391096211406,148.4131591025766,all,2017-12-15
KHC,KHC.O,2018-01-19,ESG-GARCH(E),0.0010696159264028,4.539992976248485e-05,E,2017-12-15
KHC,KHC.O,2018-01-19,ESG-GARCH(G),1.93391096211406,148.4131591025766,G,2017-12-15
KHC,KHC.O,2018-01-19,ESG-GARCH(S),1.93391096211406,148.4131591025766,S,2017-12-15
KHC,KHC.O,2018-01-19,ESG-GJR-GARCH,1.93391096211406,148.4131591025766,all,2017-12-15
KHC,KHC.O,2018-01-19,ESG-GJR-GARCH(E),0.0010696159264028,4.539992976248485e-05,E,2017-12-15
KHC,KHC.O,2018-01-19,ESG-GJR-GARCH(G),1.93391096211406,148.4131591025766,G,2017-12-15
KHC,KHC.O,2018-01-19,ESG-GJR-GARCH(S),1.93391096211406,148.4131591025766,S,2017-12-15
KHC,KHC.O,2018-01-19,GARCH,0.1497282260390208,0.889624669555243,,2017-12-15
KHC,KHC.O,2018-01-19,GJR-GARCH,0.1538892806170673,0.9397583606681946,,2017-12-15
KHC,KHC.O,2018-01-22,EGARCH,0.1874112620569825,1.3937690930869435,,2018-01-22
KHC,KHC.O,2018-01-22,ESG-EGARCH,0.2007191531627857,1.5987372399359463,all,2018-01-22
KHC,KHC.O,2018-01-22,ESG-EGARCH(E),0.2007191531627857,1.5987372399359467,E,2018-01-22
KHC,KHC.O,2018-01-22,ESG-EGARCH(G),0.2007191531627857,1.5987372399359467,G,2018-01-22
KHC,KHC.O,2018-01-22,ESG-EGARCH(S),0.2007191531627857,1.5987372399359463,S,2018-01-22
KHC,KHC.O,2018-01-22,ESG-GARCH,0.1930943042431241,1.4795797750450863,all,2018-01-22
KHC,KHC.O,2018-01-22,ESG-GARCH(E),0.1930943042431241,1.4795797750450863,E,2018-01-22
KHC,KHC.O,2018-01-22,ESG-GARCH(G),0.1930943042431241,1.4795797750450863,G,2018-01-22
KHC,KHC.O,2018-01-22,ESG-GARCH(S),0.1930943042431241,1.4795797750450863,S,2018-01-22
KHC,KHC.O,2018-01-22,ESG-GJR-GARCH,0.1827336897007468,1.3250635457003503,all,2018-01-22
KHC,KHC.O,2018-01-22,ESG-GJR-GARCH(E),0.1827336897007468,1.3250635457003508,E,2018-01-22
KHC,KHC.O,2018-01-22,ESG-GJR-GARCH(G),0.1827336897007468,1.3250635457003508,G,2018-01-22
KHC,KHC.O,2018-01-22,ESG-GJR-GARCH(S),0.1827336897007468,1.3250635457003508,S,2018-01-22
KHC,KHC.O,2018-01-22,GARCH,0.1763206287965139,1.2336890531427795,,2018-01-22
KHC,KHC.O,2018-01-22,GJR-GARCH,0.1685854957952828,1.127820213989735,,2018-01-22
KHC,KHC.O,2018-01-23,EGARCH,0.1874112620569825,1.3937690930869435,,2018-01-22
KHC,KHC.O,2018-01-23,ESG-EGARCH,0.2007191531627857,1.5987372399359463,all,2018-01-22
KHC,KHC.O,2018-01-23,ESG-EGARCH(E),0.2007191531627857,1.5987372399359467,E,2018-01-22
KHC,KHC.O,2018-01-23,ESG-EGARCH(G),0.2007191531627857,1.5987372399359467,G,2018-01-22
KHC,KHC.O,2018-01-23,ESG-EGARCH(S),0.2007191531627857,1.5987372399359463,S,2018-01-22
KHC,KHC.O,2018-01-23,ESG-GARCH,0.1930943042431241,1.4795797750450863,all,2018-01-22
KHC,KHC.O,2018-01-23,ESG-GARCH(E),0.1930943042431241,1.4795797750450863,E,2018-01-22
KHC,KHC.O,2018-01-23,ESG-GARCH(G),0.1930943042431241,1.4795797750450863,G,2018-01-22
KHC,KHC.O,2018-01-23,ESG-GARCH(S),0.1930943042431241,1.4795797750450863,S,2018-01-22
KHC,KHC.O,2018-01-23,ESG-GJR-GARCH,0.1827336897007468,1.3250635457003503,all,2018-01-22
KHC,KHC.O,2018-01-23,ESG-GJR-GARCH(E),0.1827336897007468,1.3250635457003508,E,2018-01-22
KHC,KHC.O,2018-01-23,ESG-GJR-GARCH(G),0.1827336897007468,1.3250635457003508,G,2018-01-22
KHC,KHC.O,2018-01-23,ESG-GJR-GARCH(S),0.1827336897007468,1.3250635457003508,S,2018-01-22
KHC,KHC.O,2018-01-23,GARCH,0.1763206287965139,1.2336890531427795,,2018-01-22
KHC,KHC.O,2018-01-23,GJR-GARCH,0.1685854957952828,1.127820213989735,,2018-01-22
KHC,KHC.O,2018-01-24,EGARCH,0.1874112620569825,1.3937690930869435,,2018-01-22
KHC,KHC.O,2018-01-24,ESG-EGARCH,0.2007191531627857,1.5987372399359463,all,2018-01-22
KHC,KHC.O,2018-01-24,ESG-EGARCH(E),0.2007191531627857,1.5987372399359467,E,2018-01-22
KHC,KHC.O,2018-01-24,ESG-EGARCH(G),0.2007191531627857,1.5987372399359467,G,2018-01-22
KHC,KHC.O,2018-01-24,ESG-EGARCH(S),0.2007191531627857,1.5987372399359463,S,2018-01-22
KHC,KHC.O,2018-01-24,ESG-GARCH,0.1930943042431241,1.4795797750450863,all,2018-01-22
KHC,KHC.O,2018-01-24,ESG-GARCH(E),0.1930943042431241,1.4795797750450863,E,2018-01-22
KHC,KHC.O,2018-01-24,ESG-GARCH(G),0.1930943042431241,1.4795797750450863,G,2018-01-22
KHC,KHC.O,2018-01-24,ESG-GARCH(S),0.1930943042431241,1.4795797750450863,S,2018-01-22
KHC,KHC.O,2018-01-24,ESG-GJR-GARCH,0.1827336897007468,1.3250635457003503,all,2018-01-22
KHC,KHC.O,2018-01-24,ESG-GJR-GARCH(E),0.1827336897007468,1.3250635457003508,E,2018-01-22
KHC,KHC.O,2018-01-24,ESG-GJR-GARCH(G),0.1827336897007468,1.3250635457003508,G,2018-01-22
KHC,KHC.O,2018-01-24,ESG-GJR-GARCH(S),0.1827336897007468,1.3250635457003508,S,2018-01-22
KHC,KHC.O,2018-01-24,GARCH,0.1763206287965139,1.2336890531427795,,2018-01-22
KHC,KHC.O,2018-01-24,GJR-GARCH,0.1685854957952828,1.127820213989735,,2018-01-22
KHC,KHC.O,2018-01-25,EGARCH,0.1874112620569825,1.3937690930869435,,2018-01-22
KHC,KHC.O,2018-01-25,ESG-EGARCH,0.2007191531627857,1.5987372399359463,all,2018-01-22
KHC,KHC.O,2018-01-25,ESG-EGARCH(E),0.2007191531627857,1.5987372399359467,E,2018-01-22
KHC,KHC.O,2018-01-25,ESG-EGARCH(G),0.2007191531627857,1.5987372399359467,G,2018-01-22
KHC,KHC.O,2018-01-25,ESG-EGARCH(S),0.2007191531627857,1.5987372399359463,S,2018-01-22
KHC,KHC.O,2018-01-25,ESG-GARCH,0.1930943042431241,1.4795797750450863,all,2018-01-22
KHC,KHC.O,2018-01-25,ESG-GARCH(E),0.1930943042431241,1.4795797750450863,E,2018-01-22
KHC,KHC.O,2018-01-25,ESG-GARCH(G),0.1930943042431241,1.4795797750450863,G,2018-01-22
KHC,KHC.O,2018-01-25,ESG-GARCH(S),0.1930943042431241,1.4795797750450863,S,2018-01-22
KHC,KHC.O,2018-01-25,ESG-GJR-GARCH,0.1827336897007468,1.3250635457003503,all,2018-01-22
KHC,KHC.O,2018-01-25,ESG-GJR-GARCH(E),0.1827336897007468,1.3250635457003508,E,2018-01-22
KHC,KHC.O,2018-01-25,ESG-GJR-GARCH(G),0.1827336897007468,1.3250635457003508,G,2018-01-22
KHC,KHC.O,2018-01-25,ESG-GJR-GARCH(S),0.1827336897007468,1.3250635457003508,S,2018-01-22
KHC,KHC.O,2018-01-25,GARCH,0.1763206287965139,1.2336890531427795,,2018-01-22
KHC,KHC.O,2018-01-25,GJR-GARCH,0.1685854957952828,1.127820213989735,,2018-01-22
KHC,KHC.O,2018-01-26,EGARCH,0.1874112620569825,1.3937690930869435,,2018-01-22
KHC,KHC.O,2018-01-26,ESG-EGARCH,0.2007191531627857,1.5987372399359463,all,2018-01-22
KHC,KHC.O,2018-01-26,ESG-EGARCH(E),0.2007191531627857,1.5987372399359467,E,2018-01-22
KHC,KHC.O,2018-01-26,ESG-EGARCH(G),0.2007191531627857,1.5987372399359467,G,2018-01-22
KHC,KHC.O,2018-01-26,ESG-EGARCH(S),0.2007191531627857,1.5987372399359463,S,2018-01-22
KHC,KHC.O,2018-01-26,ESG-GARCH,0.1930943042431241,1.4795797750450863,all,2018-01-22
KHC,KHC.O,2018-01-26,ESG-GARCH(E),0.1930943042431241,1.4795797750450863,E,2018-01-22
KHC,KHC.O,2018-01-26,ESG-GARCH(G),0.1930943042431241,1.4795797750450863,G,2018-01-22
KHC,KHC.O,2018-01-26,ESG-GARCH(S),0.1930943042431241,1.4795797750450863,S,2018-01-22
KHC,KHC.O,2018-01-26,ESG-GJR-GARCH,0.1827336897007468,1.3250635457003503,all,2018-01-22
KHC,KHC.O,2018-01-26,ESG-GJR-GARCH(E),0.1827336897007468,1.3250635457003508,E,2018-01-22
KHC,KHC.O,2018-01-26,ESG-GJR-GARCH(G),0.1827336897007468,1.3250635457003508,G,2018-01-22
KHC,KHC.O,2018-01-26,ESG-GJR-GARCH(S),0.1827336897007468,1.3250635457003508,S,2018-01-22
KHC,KHC.O,2018-01-26,GARCH,0.1763206287965139,1.2336890531427795,,2018-01-22
KHC,KHC.O,2018-01-26,GJR-GARCH,0.1685854957952828,1.127820213989735,,2018-01-22
KHC,KHC.O,2018-01-29,EGARCH,0.1874112620569825,1.3937690930869435,,2018-01-22
KHC,KHC.O,2018-01-29,ESG-EGARCH,0.2007191531627857,1.5987372399359463,all,2018-01-22
KHC,KHC.O,2018-01-29,ESG-EGARCH(E),0.2007191531627857,1.5987372399359467,E,2018-01-22
KHC,KHC.O,2018-01-29,ESG-EGARCH(G),0.2007191531627857,1.5987372399359467,G,2018-01-22
KHC,KHC.O,2018-01-29,ESG-EGARCH(S),0.2007191531627857,1.5987372399359463,S,2018-01-22
KHC,KHC.O,2018-01-29,ESG-GARCH,0.1930943042431241,1.4795797750450863,all,2018-01-22
KHC,KHC.O,2018-01-29,ESG-GARCH(E),0.1930943042431241,1.4795797750450863,E,2018-01-22
KHC,KHC.O,2018-01-29,ESG-GARCH(G),0.1930943042431241,1.4795797750450863,G,2018-01-22
KHC,KHC.O,2018-01-29,ESG-GARCH(S),0.1930943042431241,1.4795797750450863,S,2018-01-22
KHC,KHC.O,2018-01-29,ESG-GJR-GARCH,0.1827336897007468,1.3250635457003503,all,2018-01-22
KHC,KHC.O,2018-01-29,ESG-GJR-GARCH(E),0.1827336897007468,1.3250635457003508,E,2018-01-22
KHC,KHC.O,2018-01-29,ESG-GJR-GARCH(G),0.1827336897007468,1.3250635457003508,G,2018-01-22
KHC,KHC.O,2018-01-29,ESG-GJR-GARCH(S),0.1827336897007468,1.3250635457003508,S,2018-01-22
KHC,KHC.O,2018-01-29,GARCH,0.1763206287965139,1.2336890531427795,,2018-01-22
KHC,KHC.O,2018-01-29,GJR-GARCH,0.1685854957952828,1.127820213989735,,2018-01-22
KHC,KHC.O,2018-01-30,EGARCH,0.1874112620569825,1.3937690930869435,,2018-01-22
KHC,KHC.O,2018-01-30,ESG-EGARCH,0.2007191531627857,1.5987372399359463,all,2018-01-22
KHC,KHC.O,2018-01-30,ESG-EGARCH(E),0.2007191531627857,1.5987372399359467,E,2018-01-22
KHC,KHC.O,2018-01-30,ESG-EGARCH(G),0.2007191531627857,1.5987372399359467,G,2018-01-22
KHC,KHC.O,2018-01-30,ESG-EGARCH(S),0.2007191531627857,1.5987372399359463,S,2018-01-22
KHC,KHC.O,2018-01-30,ESG-GARCH,0.1930943042431241,1.4795797750450863,all,2018-01-22
KHC,KHC.O,2018-01-30,ESG-GARCH(E),0.1930943042431241,1.4795797750450863,E,2018-01-22
KHC,KHC.O,2018-01-30,ESG-GARCH(G),0.1930943042431241,1.4795797750450863,G,2018-01-22
KHC,KHC.O,2018-01-30,ESG-GARCH(S),0.1930943042431241,1.4795797750450863,S,2018-01-22
KHC,KHC.O,2018-01-30,ESG-GJR-GARCH,0.1827336897007468,1.3250635457003503,all,2018-01-22
KHC,KHC.O,2018-01-30,ESG-GJR-GARCH(E),0.1827336897007468,1.3250635457003508,E,2018-01-22
KHC,KHC.O,2018-01-30,ESG-GJR-GARCH(G),0.1827336897007468,1.3250635457003508,G,2018-01-22
KHC,KHC.O,2018-01-30,ESG-GJR-GARCH(S),0.1827336897007468,1.3250635457003508,S,2018-01-22
KHC,KHC.O,2018-01-30,GARCH,0.1763206287965139,1.2336890531427795,,2018-01-22
KHC,KHC.O,2018-01-30,GJR-GARCH,0.1685854957952828,1.127820213989735,,2018-01-22
KHC,KHC.O,2018-01-31,EGARCH,0.1874112620569825,1.3937690930869435,,2018-01-22
KHC,KHC.O,2018-01-31,ESG-EGARCH,0.2007191531627857,1.5987372399359463,all,2018-01-22
KHC,KHC.O,2018-01-31,ESG-EGARCH(E),0.2007191531627857,1.5987372399359467,E,2018-01-22
KHC,KHC.O,2018-01-31,ESG-EGARCH(G),0.2007191531627857,1.5987372399359467,G,2018-01-22
KHC,KHC.O,2018-01-31,ESG-EGARCH(S),0.2007191531627857,1.5987372399359463,S,2018-01-22
KHC,KHC.O,2018-01-31,ESG-GARCH,0.1930943042431241,1.4795797750450863,all,2018-01-22
KHC,KHC.O,2018-01-31,ESG-GARCH(E),0.1930943042431241,1.4795797750450863,E,2018-01-22
KHC,KHC.O,2018-01-31,ESG-GARCH(G),0.1930943042431241,1.4795797750450863,G,2018-01-22
KHC,KHC.O,2018-01-31,ESG-GARCH(S),0.1930943042431241,1.4795797750450863,S,2018-01-22
KHC,KHC.O,2018-01-31,ESG-GJR-GARCH,0.1827336897007468,1.3250635457003503,all,2018-01-22
KHC,KHC.O,2018-01-31,ESG-GJR-GARCH(E),0.1827336897007468,1.3250635457003508,E,2018-01-22
KHC,KHC.O,2018-01-31,ESG-GJR-GARCH(G),0.1827336897007468,1.3250635457003508,G,2018-01-22
KHC,KHC.O,2018-01-31,ESG-GJR-GARCH(S),0.1827336897007468,1.3250635457003508,S,2018-01-22
KHC,KHC.O,2018-01-31,GARCH,0.1763206287965139,1.2336890531427795,,2018-01-22
KHC,KHC.O,2018-01-31,GJR-GARCH,0.1685854957952828,1.127820213989735,,2018-01-22
KHC,KHC.O,2018-02-01,EGARCH,0.1874112620569825,1.3937690930869435,,2018-01-22
KHC,KHC.O,2018-02-01,ESG-EGARCH,0.2007191531627857,1.5987372399359463,all,2018-01-22
KHC,KHC.O,2018-02-01,ESG-EGARCH(E),0.2007191531627857,1.5987372399359467,E,2018-01-22
KHC,KHC.O,2018-02-01,ESG-EGARCH(G),0.2007191531627857,1.5987372399359467,G,2018-01-22
KHC,KHC.O,2018-02-01,ESG-EGARCH(S),0.2007191531627857,1.5987372399359463,S,2018-01-22
KHC,KHC.O,2018-02-01,ESG-GARCH,0.1930943042431241,1.4795797750450863,all,2018-01-22
KHC,KHC.O,2018-02-01,ESG-GARCH(E),0.1930943042431241,1.4795797750450863,E,2018-01-22
KHC,KHC.O,2018-02-01,ESG-GARCH(G),0.1930943042431241,1.4795797750450863,G,2018-01-22
KHC,KHC.O,2018-02-01,ESG-GARCH(S),0.1930943042431241,1.4795797750450863,S,2018-01-22
KHC,KHC.O,2018-02-01,ESG-GJR-GARCH,0.1827336897007468,1.3250635457003503,all,2018-01-22
KHC,KHC.O,2018-02-01,ESG-GJR-GARCH(E),0.1827336897007468,1.3250635457003508,E,2018-01-22
KHC,KHC.O,2018-02-01,ESG-GJR-GARCH(G),0.1827336897007468,1.3250635457003508,G,2018-01-22
KHC,KHC.O,2018-02-01,ESG-GJR-GARCH(S),0.1827336897007468,1.3250635457003508,S,2018-01-22
KHC,KHC.O,2018-02-01,GARCH,0.1763206287965139,1.2336890531427795,,2018-01-22
KHC,KHC.O,2018-02-01,GJR-GARCH,0.1685854957952828,1.127820213989735,,2018-01-22
KHC,KHC.O,2018-02-02,EGARCH,0.1874112620569825,1.3937690930869435,,2018-01-22
KHC,KHC.O,2018-02-02,ESG-EGARCH,0.2007191531627857,1.5987372399359463,all,2018-01-22
KHC,KHC.O,2018-02-02,ESG-EGARCH(E),0.2007191531627857,1.5987372399359467,E,2018-01-22
KHC,KHC.O,2018-02-02,ESG-EGARCH(G),0.2007191531627857,1.5987372399359467,G,2018-01-22
KHC,KHC.O,2018-02-02,ESG-EGARCH(S),0.2007191531627857,1.5987372399359463,S,2018-01-22
KHC,KHC.O,2018-02-02,ESG-GARCH,0.1930943042431241,1.4795797750450863,all,2018-01-22
KHC,KHC.O,2018-02-02,ESG-GARCH(E),0.1930943042431241,1.4795797750450863,E,2018-01-22
KHC,KHC.O,2018-02-02,ESG-GARCH(G),0.1930943042431241,1.4795797750450863,G,2018-01-22
KHC,KHC.O,2018-02-02,ESG-GARCH(S),0.1930943042431241,1.4795797750450863,S,2018-01-22
KHC,KHC.O,2018-02-02,ESG-GJR-GARCH,0.1827336897007468,1.3250635457003503,all,2018-01-22
KHC,KHC.O,2018-02-02,ESG-GJR-GARCH(E),0.1827336897007468,1.3250635457003508,E,2018-01-22
KHC,KHC.O,2018-02-02,ESG-GJR-GARCH(G),0.1827336897007468,1.3250635457003508,G,2018-01-22
KHC,KHC.O,2018-02-02,ESG-GJR-GARCH(S),0.1827336897007468,1.3250635457003508,S,2018-01-22
KHC,KHC.O,2018-02-02,GARCH,0.1763206287965139,1.2336890531427795,,2018-01-22
KHC,KHC.O,2018-02-02,GJR-GARCH,0.1685854957952828,1.127820213989735,,2018-01-22
KHC,KHC.O,2018-02-05,EGARCH,0.1874112620569825,1.3937690930869435,,2018-01-22
KHC,KHC.O,2018-02-05,ESG-EGARCH,0.2007191531627857,1.5987372399359463,all,2018-01-22
KHC,KHC.O,2018-02-05,ESG-EGARCH(E),0.2007191531627857,1.5987372399359467,E,2018-01-22
KHC,KHC.O,2018-02-05,ESG-EGARCH(G),0.2007191531627857,1.5987372399359467,G,2018-01-22
KHC,KHC.O,2018-02-05,ESG-EGARCH(S),0.2007191531627857,1.5987372399359463,S,2018-01-22
KHC,KHC.O,2018-02-05,ESG-GARCH,0.1930943042431241,1.4795797750450863,all,2018-01-22
KHC,KHC.O,2018-02-05,ESG-GARCH(E),0.1930943042431241,1.4795797750450863,E,2018-01-22
KHC,KHC.O,2018-02-05,ESG-GARCH(G),0.1930943042431241,1.4795797750450863,G,2018-01-22
KHC,KHC.O,2018-02-05,ESG-GARCH(S),0.1930943042431241,1.4795797750450863,S,2018-01-22
KHC,KHC.O,2018-02-05,ESG-GJR-GARCH,0.1827336897007468,1.3250635457003503,all,2018-01-22
KHC,KHC.O,2018-02-05,ESG-GJR-GARCH(E),0.1827336897007468,1.3250635457003508,E,2018-01-22
KHC,KHC.O,2018-02-05,ESG-GJR-GARCH(G),0.1827336897007468,1.3250635457003508,G,2018-01-22
KHC,KHC.O,2018-02-05,ESG-GJR-GARCH(S),0.1827336897007468,1.3250635457003508,S,2018-01-22
KHC,KHC.O,2018-02-05,GARCH,0.1763206287965139,1.2336890531427795,,2018-01-22
KHC,KHC.O,2018-02-05,GJR-GARCH,0.1685854957952828,1.127820213989735,,2018-01-22
KHC,KHC.O,2018-02-06,EGARCH,0.1874112620569825,1.3937690930869435,,2018-01-22
KHC,KHC.O,2018-02-06,ESG-EGARCH,0.2007191531627857,1.5987372399359463,all,2018-01-22
KHC,KHC.O,2018-02-06,ESG-EGARCH(E),0.2007191531627857,1.5987372399359467,E,2018-01-22
KHC,KHC.O,2018-02-06,ESG-EGARCH(G),0.2007191531627857,1.5987372399359467,G,2018-01-22
KHC,KHC.O,2018-02-06,ESG-EGARCH(S),0.2007191531627857,1.5987372399359463,S,2018-01-22
KHC,KHC.O,2018-02-06,ESG-GARCH,0.1930943042431241,1.4795797750450863,all,2018-01-22
KHC,KHC.O,2018-02-06,ESG-GARCH(E),0.1930943042431241,1.4795797750450863,E,2018-01-22
KHC,KHC.O,2018-02-06,ESG-GARCH(G),0.1930943042431241,1.4795797750450863,G,2018-01-22
KHC,KHC.O,2018-02-06,ESG-GARCH(S),0.1930943042431241,1.4795797750450863,S,2018-01-22
KHC,KHC.O,2018-02-06,ESG-GJR-GARCH,0.1827336897007468,1.3250635457003503,all,2018-01-22
KHC,KHC.O,2018-02-06,ESG-GJR-GARCH(E),0.1827336897007468,1.3250635457003508,E,2018-01-22
KHC,KHC.O,2018-02-06,ESG-GJR-GARCH(G),0.1827336897007468,1.3250635457003508,G,2018-01-22
KHC,KHC.O,2018-02-06,ESG-GJR-GARCH(S),0.1827336897007468,1.3250635457003508,S,2018-01-22
KHC,KHC.O,2018-02-06,GARCH,0.1763206287965139,1.2336890531427795,,2018-01-22
KHC,KHC.O,2018-02-06,GJR-GARCH,0.1685854957952828,1.127820213989735,,2018-01-22
KHC,KHC.O,2018-02-07,EGARCH,0.1874112620569825,1.3937690930869435,,2018-01-22
KHC,KHC.O,2018-02-07,ESG-EGARCH,0.2007191531627857,1.5987372399359463,all,2018-01-22
KHC,KHC.O,2018-02-07,ESG-EGARCH(E),0.2007191531627857,1.5987372399359467,E,2018-01-22
KHC,KHC.O,2018-02-07,ESG-EGARCH(G),0.2007191531627857,1.5987372399359467,G,2018-01-22
KHC,KHC.O,2018-02-07,ESG-EGARCH(S),0.2007191531627857,1.5987372399359463,S,2018-01-22
KHC,KHC.O,2018-02-07,ESG-GARCH,0.1930943042431241,1.4795797750450863,all,2018-01-22
KHC,KHC.O,2018-02-07,ESG-GARCH(E),0.1930943042431241,1.4795797750450863,E,2018-01-22
KHC,KHC.O,2018-02-07,ESG-GARCH(G),0.1930943042431241,1.4795797750450863,G,2018-01-22
KHC,KHC.O,2018-02-07,ESG-GARCH(S),0.1930943042431241,1.4795797750450863,S,2018-01-22
KHC,KHC.O,2018-02-07,ESG-GJR-GARCH,0.1827336897007468,1.3250635457003503,all,2018-01-22
KHC,KHC.O,2018-02-07,ESG-GJR-GARCH(E),0.1827336897007468,1.3250635457003508,E,2018-01-22
KHC,KHC.O,2018-02-07,ESG-GJR-GARCH(G),0.1827336897007468,1.3250635457003508,G,2018-01-22
KHC,KHC.O,2018-02-07,ESG-GJR-GARCH(S),0.1827336897007468,1.3250635457003508,S,2018-01-22
KHC,KHC.O,2018-02-07,GARCH,0.1763206287965139,1.2336890531427795,,2018-01-22
KHC,KHC.O,2018-02-07,GJR-GARCH,0.1685854957952828,1.127820213989735,,2018-01-22
KHC,KHC.O,2018-02-08,EGARCH,0.1874112620569825,1.3937690930869435,,2018-01-22
KHC,KHC.O,2018-02-08,ESG-EGARCH,0.2007191531627857,1.5987372399359463,all,2018-01-22
KHC,KHC.O,2018-02-08,ESG-EGARCH(E),0.2007191531627857,1.5987372399359467,E,2018-01-22
KHC,KHC.O,2018-02-08,ESG-EGARCH(G),0.2007191531627857,1.5987372399359467,G,2018-01-22
KHC,KHC.O,2018-02-08,ESG-EGARCH(S),0.2007191531627857,1.5987372399359463,S,2018-01-22
KHC,KHC.O,2018-02-08,ESG-GARCH,0.1930943042431241,1.4795797750450863,all,2018-01-22
KHC,KHC.O,2018-02-08,ESG-GARCH(E),0.1930943042431241,1.4795797750450863,E,2018-01-22
KHC,KHC.O,2018-02-08,ESG-GARCH(G),0.1930943042431241,1.4795797750450863,G,2018-01-22
KHC,KHC.O,2018-02-08,ESG-GARCH(S),0.1930943042431241,1.4795797750450863,S,2018-01-22
KHC,KHC.O,2018-02-08,ESG-GJR-GARCH,0.1827336897007468,1.3250635457003503,all,2018-01-22
KHC,KHC.O,2018-02-08,ESG-GJR-GARCH(E),0.1827336897007468,1.3250635457003508,E,2018-01-22
KHC,KHC.O,2018-02-08,ESG-GJR-GARCH(G),0.1827336897007468,1.3250635457003508,G,2018-01-22
KHC,KHC.O,2018-02-08,ESG-GJR-GARCH(S),0.1827336897007468,1.3250635457003508,S,2018-01-22
KHC,KHC.O,2018-02-08,GARCH,0.1763206287965139,1.2336890531427795,,2018-01-22
KHC,KHC.O,2018-02-08,GJR-GARCH,0.1685854957952828,1.127820213989735,,2018-01-22
KHC,KHC.O,2018-02-09,EGARCH,0.1874112620569825,1.3937690930869435,,2018-01-22
KHC,KHC.O,2018-02-09,ESG-EGARCH,0.2007191531627857,1.5987372399359463,all,2018-01-22
KHC,KHC.O,2018-02-09,ESG-EGARCH(E),0.2007191531627857,1.5987372399359467,E,2018-01-22
KHC,KHC.O,2018-02-09,ESG-EGARCH(G),0.2007191531627857,1.5987372399359467,G,2018-01-22
KHC,KHC.O,2018-02-09,ESG-EGARCH(S),0.2007191531627857,1.5987372399359463,S,2018-01-22
KHC,KHC.O,2018-02-09,ESG-GARCH,0.1930943042431241,1.4795797750450863,all,2018-01-22
KHC,KHC.O,2018-02-09,ESG-GARCH(E),0.1930943042431241,1.4795797750450863,E,2018-01-22
KHC,KHC.O,2018-02-09,ESG-GARCH(G),0.1930943042431241,1.4795797750450863,G,2018-01-22
KHC,KHC.O,2018-02-09,ESG-GARCH(S),0.1930943042431241,1.4795797750450863,S,2018-01-22
KHC,KHC.O,2018-02-09,ESG-GJR-GARCH,0.1827336897007468,1.3250635457003503,all,2018-01-22
KHC,KHC.O,2018-02-09,ESG-GJR-GARCH(E),0.1827336897007468,1.3250635457003508,E,2018-01-22
KHC,KHC.O,2018-02-09,ESG-GJR-GARCH(G),0.1827336897007468,1.3250635457003508,G,2018-01-22
KHC,KHC.O,2018-02-09,ESG-GJR-GARCH(S),0.1827336897007468,1.3250635457003508,S,2018-01-22
KHC,KHC.O,2018-02-09,GARCH,0.1763206287965139,1.2336890531427795,,2018-01-22
KHC,KHC.O,2018-02-09,GJR-GARCH,0.1685854957952828,1.127820213989735,,2018-01-22
KHC,KHC.O,2018-02-12,EGARCH,0.1874112620569825,1.3937690930869435,,2018-01-22
KHC,KHC.O,2018-02-12,ESG-EGARCH,0.2007191531627857,1.5987372399359463,all,2018-01-22
KHC,KHC.O,2018-02-12,ESG-EGARCH(E),0.2007191531627857,1.5987372399359467,E,2018-01-22
KHC,KHC.O,2018-02-12,ESG-EGARCH(G),0.2007191531627857,1.5987372399359467,G,2018-01-22
KHC,KHC.O,2018-02-12,ESG-EGARCH(S),0.2007191531627857,1.5987372399359463,S,2018-01-22
KHC,KHC.O,2018-02-12,ESG-GARCH,0.1930943042431241,1.4795797750450863,all,2018-01-22
KHC,KHC.O,2018-02-12,ESG-GARCH(E),0.1930943042431241,1.4795797750450863,E,2018-01-22
KHC,KHC.O,2018-02-12,ESG-GARCH(G),0.1930943042431241,1.4795797750450863,G,2018-01-22
KHC,KHC.O,2018-02-12,ESG-GARCH(S),0.1930943042431241,1.4795797750450863,S,2018-01-22
KHC,KHC.O,2018-02-12,ESG-GJR-GARCH,0.1827336897007468,1.3250635457003503,all,2018-01-22
KHC,KHC.O,2018-02-12,ESG-GJR-GARCH(E),0.1827336897007468,1.3250635457003508,E,2018-01-22
KHC,KHC.O,2018-02-12,ESG-GJR-GARCH(G),0.1827336897007468,1.3250635457003508,G,2018-01-22
KHC,KHC.O,2018-02-12,ESG-GJR-GARCH(S),0.1827336897007468,1.3250635457003508,S,2018-01-22
KHC,KHC.O,2018-02-12,GARCH,0.1763206287965139,1.2336890531427795,,2018-01-22
KHC,KHC.O,2018-02-12,GJR-GARCH,0.1685854957952828,1.127820213989735,,2018-01-22
KHC,KHC.O,2018-02-13,EGARCH,0.1874112620569825,1.3937690930869435,,2018-01-22
KHC,KHC.O,2018-02-13,ESG-EGARCH,0.2007191531627857,1.5987372399359463,all,2018-01-22
KHC,KHC.O,2018-02-13,ESG-EGARCH(E),0.2007191531627857,1.5987372399359467,E,2018-01-22
KHC,KHC.O,2018-02-13,ESG-EGARCH(G),0.2007191531627857,1.5987372399359467,G,2018-01-22
KHC,KHC.O,2018-02-13,ESG-EGARCH(S),0.2007191531627857,1.5987372399359463,S,2018-01-22
KHC,KHC.O,2018-02-13,ESG-GARCH,0.1930943042431241,1.4795797750450863,all,2018-01-22
KHC,KHC.O,2018-02-13,ESG-GARCH(E),0.1930943042431241,1.4795797750450863,E,2018-01-22
KHC,KHC.O,2018-02-13,ESG-GARCH(G),0.1930943042431241,1.4795797750450863,G,2018-01-22
KHC,KHC.O,2018-02-13,ESG-GARCH(S),0.1930943042431241,1.4795797750450863,S,2018-01-22
KHC,KHC.O,2018-02-13,ESG-GJR-GARCH,0.1827336897007468,1.3250635457003503,all,2018-01-22
KHC,KHC.O,2018-02-13,ESG-GJR-GARCH(E),0.1827336897007468,1.3250635457003508,E,2018-01-22
KHC,KHC.O,2018-02-13,ESG-GJR-GARCH(G),0.1827336897007468,1.3250635457003508,G,2018-01-22
KHC,KHC.O,2018-02-13,ESG-GJR-GARCH(S),0.1827336897007468,1.3250635457003508,S,2018-01-22
KHC,KHC.O,2018-02-13,GARCH,0.1763206287965139,1.2336890531427795,,2018-01-22
KHC,KHC.O,2018-02-13,GJR-GARCH,0.1685854957952828,1.127820213989735,,2018-01-22
KHC,KHC.O,2018-02-14,EGARCH,0.1874112620569825,1.3937690930869435,,2018-01-22
KHC,KHC.O,2018-02-14,ESG-EGARCH,0.2007191531627857,1.5987372399359463,all,2018-01-22
KHC,KHC.O,2018-02-14,ESG-EGARCH(E),0.2007191531627857,1.5987372399359467,E,2018-01-22
KHC,KHC.O,2018-02-14,ESG-EGARCH(G),0.2007191531627857,1.5987372399359467,G,2018-01-22
KHC,KHC.O,2018-02-14,ESG-EGARCH(S),0.2007191531627857,1.5987372399359463,S,2018-01-22
KHC,KHC.O,2018-02-14,ESG-GARCH,0.1930943042431241,1.4795797750450863,all,2018-01-22
KHC,KHC.O,2018-02-14,ESG-GARCH(E),0.1930943042431241,1.4795797750450863,E,2018-01-22
KHC,KHC.O,2018-02-14,ESG-GARCH(G),0.1930943042431241,1.4795797750450863,G,2018-01-22
KHC,KHC.O,2018-02-14,ESG-GARCH(S),0.1930943042431241,1.4795797750450863,S,2018-01-22
KHC,KHC.O,2018-02-14,ESG-GJR-GARCH,0.1827336897007468,1.3250635457003503,all,2018-01-22
KHC,KHC.O,2018-02-14,ESG-GJR-GARCH(E),0.1827336897007468,1.3250635457003508,E,2018-01-22
KHC,KHC.O,2018-02-14,ESG-GJR-GARCH(G),0.1827336897007468,1.3250635457003508,G,2018-01-22
KHC,KHC.O,2018-02-14,ESG-GJR-GARCH(S),0.1827336897007468,1.3250635457003508,S,2018-01-22
KHC,KHC.O,2018-02-14,GARCH,0.1763206287965139,1.2336890531427795,,2018-01-22
KHC,KHC.O,2018-02-14,GJR-GARCH,0.1685854957952828,1.127820213989735,,2018-01-22
KHC,KHC.O,2018-02-15,EGARCH,0.1874112620569825,1.3937690930869435,,2018-01-22
KHC,KHC.O,2018-02-15,ESG-EGARCH,0.2007191531627857,1.5987372399359463,all,2018-01-22
KHC,KHC.O,2018-02-15,ESG-EGARCH(E),0.2007191531627857,1.5987372399359467,E,2018-01-22
KHC,KHC.O,2018-02-15,ESG-EGARCH(G),0.2007191531627857,1.5987372399359467,G,2018-01-22
KHC,KHC.O,2018-02-15,ESG-EGARCH(S),0.2007191531627857,1.5987372399359463,S,2018-01-22
KHC,KHC.O,2018-02-15,ESG-GARCH,0.1930943042431241,1.4795797750450863,all,2018-01-22
KHC,KHC.O,2018-02-15,ESG-GARCH(E),0.1930943042431241,1.4795797750450863,E,2018-01-22
KHC,KHC.O,2018-02-15,ESG-GARCH(G),0.1930943042431241,1.4795797750450863,G,2018-01-22
KHC,KHC.O,2018-02-15,ESG-GARCH(S),0.1930943042431241,1.4795797750450863,S,2018-01-22
KHC,KHC.O,2018-02-15,ESG-GJR-GARCH,0.1827336897007468,1.3250635457003503,all,2018-01-22
KHC,KHC.O,2018-02-15,ESG-GJR-GARCH(E),0.1827336897007468,1.3250635457003508,E,2018-01-22
KHC,KHC.O,2018-02-15,ESG-GJR-GARCH(G),0.1827336897007468,1.3250635457003508,G,2018-01-22
KHC,KHC.O,2018-02-15,ESG-GJR-GARCH(S),0.1827336897007468,1.3250635457003508,S,2018-01-22
KHC,KHC.O,2018-02-15,GARCH,0.1763206287965139,1.2336890531427795,,2018-01-22
KHC,KHC.O,2018-02-15,GJR-GARCH,0.1685854957952828,1.127820213989735,,2018-01-22
KHC,KHC.O,2018-02-16,EGARCH,0.1874112620569825,1.3937690930869435,,2018-01-22
KHC,KHC.O,2018-02-16,ESG-EGARCH,0.2007191531627857,1.5987372399359463,all,2018-01-22
KHC,KHC.O,2018-02-16,ESG-EGARCH(E),0.2007191531627857,1.5987372399359467,E,2018-01-22
KHC,KHC.O,2018-02-16,ESG-EGARCH(G),0.2007191531627857,1.5987372399359467,G,2018-01-22
KHC,KHC.O,2018-02-16,ESG-EGARCH(S),0.2007191531627857,1.5987372399359463,S,2018-01-22
KHC,KHC.O,2018-02-16,ESG-GARCH,0.1930943042431241,1.4795797750450863,all,2018-01-22
KHC,KHC.O,2018-02-16,ESG-GARCH(E),0.1930943042431241,1.4795797750450863,E,2018-01-22
KHC,KHC.O,2018-02-16,ESG-GARCH(G),0.1930943042431241,1.4795797750450863,G,2018-01-22
KHC,KHC.O,2018-02-16,ESG-GARCH(S),0.1930943042431241,1.4795797750450863,S,2018-01-22
KHC,KHC.O,2018-02-16,ESG-GJR-GARCH,0.1827336897007468,1.3250635457003503,all,2018-01-22
KHC,KHC.O,2018-02-16,ESG-GJR-GARCH(E),0.1827336897007468,1.3250635457003508,E,2018-01-22
KHC,KHC.O,2018-02-16,ESG-GJR-GARCH(G),0.1827336897007468,1.3250635457003508,G,2018-01-22
KHC,KHC.O,2018-02-16,ESG-GJR-GARCH(S),0.1827336897007468,1.3250635457003508,S,2018-01-22
KHC,KHC.O,2018-02-16,GARCH,0.1763206287965139,1.2336890531427795,,2018-01-22
KHC,KHC.O,2018-02-16,GJR-GARCH,0.1685854957952828,1.127820213989735,,2018-01-22
KHC,KHC.O,2018-02-21,EGARCH,0.1874112620569825,1.3937690930869435,,2018-01-22
KHC,KHC.O,2018-02-21,ESG-EGARCH,0.2007191531627857,1.5987372399359463,all,2018-01-22
KHC,KHC.O,2018-02-21,ESG-EGARCH(E),0.2007191531627857,1.5987372399359467,E,2018-01-22
KHC,KHC.O,2018-02-21,ESG-EGARCH(G),0.2007191531627857,1.5987372399359467,G,2018-01-22
KHC,KHC.O,2018-02-21,ESG-EGARCH(S),0.2007191531627857,1.5987372399359463,S,2018-01-22
KHC,KHC.O,2018-02-21,ESG-GARCH,0.1930943042431241,1.4795797750450863,all,2018-01-22
KHC,KHC.O,2018-02-21,ESG-GARCH(E),0.1930943042431241,1.4795797750450863,E,2018-01-22
KHC,KHC.O,2018-02-21,ESG-GARCH(G),0.1930943042431241,1.4795797750450863,G,2018-01-22
KHC,KHC.O,2018-02-21,ESG-GARCH(S),0.1930943042431241,1.4795797750450863,S,2018-01-22
KHC,KHC.O,2018-02-21,ESG-GJR-GARCH,0.1827336897007468,1.3250635457003503,all,2018-01-22
KHC,KHC.O,2018-02-21,ESG-GJR-GARCH(E),0.1827336897007468,1.3250635457003508,E,2018-01-22
KHC,KHC.O,2018-02-21,ESG-GJR-GARCH(G),0.1827336897007468,1.3250635457003508,G,2018-01-22
KHC,KHC.O,2018-02-21,ESG-GJR-GARCH(S),0.1827336897007468,1.3250635457003508,S,2018-01-22
KHC,KHC.O,2018-02-21,GARCH,0.1763206287965139,1.2336890531427795,,2018-01-22
KHC,KHC.O,2018-02-21,GJR-GARCH,0.1685854957952828,1.127820213989735,,2018-01-22
KHC,KHC.O,2018-02-22,EGARCH,0.1874112620569825,1.3937690930869435,,2018-01-22
KHC,KHC.O,2018-02-22,ESG-EGARCH,0.2007191531627857,1.5987372399359463,all,2018-01-22
KHC,KHC.O,2018-02-22,ESG-EGARCH(E),0.2007191531627857,1.5987372399359467,E,2018-01-22
KHC,KHC.O,2018-02-22,ESG-EGARCH(G),0.2007191531627857,1.5987372399359467,G,2018-01-22
KHC,KHC.O,2018-02-22,ESG-EGARCH(S),0.2007191531627857,1.5987372399359463,S,2018-01-22
KHC,KHC.O,2018-02-22,ESG-GARCH,0.1930943042431241,1.4795797750450863,all,2018-01-22
KHC,KHC.O,2018-02-22,ESG-GARCH(E),0.1930943042431241,1.4795797750450863,E,2018-01-22
KHC,KHC.O,2018-02-22,ESG-GARCH(G),0.1930943042431241,1.4795797750450863,G,2018-01-22
KHC,KHC.O,2018-02-22,ESG-GARCH(S),0.1930943042431241,1.4795797750450863,S,2018-01-22
KHC,KHC.O,2018-02-22,ESG-GJR-GARCH,0.1827336897007468,1.3250635457003503,all,2018-01-22
KHC,KHC.O,2018-02-22,ESG-GJR-GARCH(E),0.1827336897007468,1.3250635457003508,E,2018-01-22
KHC,KHC.O,2018-02-22,ESG-GJR-GARCH(G),0.1827336897007468,1.3250635457003508,G,2018-01-22
KHC,KHC.O,2018-02-22,ESG-GJR-GARCH(S),0.1827336897007468,1.3250635457003508,S,2018-01-22
KHC,KHC.O,2018-02-22,GARCH,0.1763206287965139,1.2336890531427795,,2018-01-22
KHC,KHC.O,2018-02-22,GJR-GARCH,0.1685854957952828,1.127820213989735,,2018-01-22
KHC,KHC.O,2018-02-23,EGARCH,0.2187691980468776,1.899204841828333,,2018-02-23
KHC,KHC.O,2018-02-23,ESG-EGARCH,0.2479372997897501,2.439400977263193,all,2018-02-23
KHC,KHC.O,2018-02-23,ESG-EGARCH(E),0.2479372997897503,2.439400977263195,E,2018-02-23
KHC,KHC.O,2018-02-23,ESG-EGARCH(G),0.2479372997897502,2.439400977263193,G,2018-02-23
KHC,KHC.O,2018-02-23,ESG-EGARCH(S),0.2479372997897502,2.439400977263194,S,2018-02-23
KHC,KHC.O,2018-02-23,ESG-GARCH,0.2520937520941703,2.521875390671309,all,2018-02-23
KHC,KHC.O,2018-02-23,ESG-GARCH(E),0.2520937520941704,2.5218753906713114,E,2018-02-23
KHC,KHC.O,2018-02-23,ESG-GARCH(G),0.2520937520941704,2.521875390671311,G,2018-02-23
KHC,KHC.O,2018-02-23,ESG-GARCH(S),0.2520937520941704,2.5218753906713114,S,2018-02-23
KHC,KHC.O,2018-02-23,ESG-GJR-GARCH,0.2894522091770236,3.324705611010296,all,2018-02-23
KHC,KHC.O,2018-02-23,ESG-GJR-GARCH(E),0.2894522091770238,3.3247056110103,E,2018-02-23
KHC,KHC.O,2018-02-23,ESG-GJR-GARCH(G),0.2894522091770238,3.3247056110103,G,2018-02-23
KHC,KHC.O,2018-02-23,ESG-GJR-GARCH(S),0.2894522091770239,3.324705611010302,S,2018-02-23
KHC,KHC.O,2018-02-23,GARCH,0.2221529295866135,1.958409687456939,,2018-02-23
KHC,KHC.O,2018-02-23,GJR-GARCH,0.2604716882826183,2.692281761777678,,2018-02-23
KHC,KHC.O,2018-02-26,EGARCH,0.2187691980468776,1.899204841828333,,2018-02-23
KHC,KHC.O,2018-02-26,ESG-EGARCH,0.2479372997897501,2.439400977263193,all,2018-02-23
KHC,KHC.O,2018-02-26,ESG-EGARCH(E),0.2479372997897503,2.439400977263195,E,2018-02-23
KHC,KHC.O,2018-02-26,ESG-EGARCH(G),0.2479372997897502,2.439400977263193,G,2018-02-23
KHC,KHC.O,2018-02-26,ESG-EGARCH(S),0.2479372997897502,2.439400977263194,S,2018-02-23
KHC,KHC.O,2018-02-26,ESG-GARCH,0.2520937520941703,2.521875390671309,all,2018-02-23
KHC,KHC.O,2018-02-26,ESG-GARCH(E),0.2520937520941704,2.5218753906713114,E,2018-02-23
KHC,KHC.O,2018-02-26,ESG-GARCH(G),0.2520937520941704,2.521875390671311,G,2018-02-23
KHC,KHC.O,2018-02-26,ESG-GARCH(S),0.2520937520941704,2.5218753906713114,S,2018-02-23
KHC,KHC.O,2018-02-26,ESG-GJR-GARCH,0.2894522091770236,3.324705611010296,all,2018-02-23
KHC,KHC.O,2018-02-26,ESG-GJR-GARCH(E),0.2894522091770238,3.3247056110103,E,2018-02-23
KHC,KHC.O,2018-02-26,ESG-GJR-GARCH(G),0.2894522091770238,3.3247056110103,G,2018-02-23
KHC,KHC.O,2018-02-26,ESG-GJR-GARCH(S),0.2894522091770239,3.324705611010302,S,2018-02-23
KHC,KHC.O,2018-02-26,GARCH,0.2221529295866135,1.958409687456939,,2018-02-23
KHC,KHC.O,2018-02-26,GJR-GARCH,0.2604716882826183,2.692281761777678,,2018-02-23
KHC,KHC.O,2018-02-27,EGARCH,0.2187691980468776,1.899204841828333,,2018-02-23
KHC,KHC.O,2018-02-27,ESG-EGARCH,0.2479372997897501,2.439400977263193,all,2018-02-23
KHC,KHC.O,2018-02-27,ESG-EGARCH(E),0.2479372997897503,2.439400977263195,E,2018-02-23
KHC,KHC.O,2018-02-27,ESG-EGARCH(G),0.2479372997897502,2.439400977263193,G,2018-02-23
KHC,KHC.O,2018-02-27,ESG-EGARCH(S),0.2479372997897502,2.439400977263194,S,2018-02-23
KHC,KHC.O,2018-02-27,ESG-GARCH,0.2520937520941703,2.521875390671309,all,2018-02-23
KHC,KHC.O,2018-02-27,ESG-GARCH(E),0.2520937520941704,2.5218753906713114,E,2018-02-23
KHC,KHC.O,2018-02-27,ESG-GARCH(G),0.2520937520941704,2.521875390671311,G,2018-02-23
KHC,KHC.O,2018-02-27,ESG-GARCH(S),0.2520937520941704,2.5218753906713114,S,2018-02-23
KHC,KHC.O,2018-02-27,ESG-GJR-GARCH,0.2894522091770236,3.324705611010296,all,2018-02-23
KHC,KHC.O,2018-02-27,ESG-GJR-GARCH(E),0.2894522091770238,3.3247056110103,E,2018-02-23
KHC,KHC.O,2018-02-27,ESG-GJR-GARCH(G),0.2894522091770238,3.3247056110103,G,2018-02-23
KHC,KHC.O,2018-02-27,ESG-GJR-GARCH(S),0.2894522091770239,3.324705611010302,S,2018-02-23
KHC,KHC.O,2018-02-27,GARCH,0.2221529295866135,1.958409687456939,,2018-02-23
KHC,KHC.O,2018-02-27,GJR-GARCH,0.2604716882826183,2.692281761777678,,2018-02-23
KHC,KHC.O,2018-02-28,EGARCH,0.2187691980468776,1.899204841828333,,2018-02-23
KHC,KHC.O,2018-02-28,ESG-EGARCH,0.2479372997897501,2.439400977263193,all,2018-02-23
KHC,KHC.O,2018-02-28,ESG-EGARCH(E),0.2479372997897503,2.439400977263195,E,2018-02-23
KHC,KHC.O,2018-02-28,ESG-EGARCH(G),0.2479372997897502,2.439400977263193,G,2018-02-23
KHC,KHC.O,2018-02-28,ESG-EGARCH(S),0.2479372997897502,2.439400977263194,S,2018-02-23
KHC,KHC.O,2018-02-28,ESG-GARCH,0.2520937520941703,2.521875390671309,all,2018-02-23
KHC,KHC.O,2018-02-28,ESG-GARCH(E),0.2520937520941704,2.5218753906713114,E,2018-02-23
KHC,KHC.O,2018-02-28,ESG-GARCH(G),0.2520937520941704,2.521875390671311,G,2018-02-23
KHC,KHC.O,2018-02-28,ESG-GARCH(S),0.2520937520941704,2.5218753906713114,S,2018-02-23
KHC,KHC.O,2018-02-28,ESG-GJR-GARCH,0.2894522091770236,3.324705611010296,all,2018-02-23
KHC,KHC.O,2018-02-28,ESG-GJR-GARCH(E),0.2894522091770238,3.3247056110103,E,2018-02-23
KHC,KHC.O,2018-02-28,ESG-GJR-GARCH(G),0.2894522091770238,3.3247056110103,G,2018-02-23
KHC,KHC.O,2018-02-28,ESG-GJR-GARCH(S),0.2894522091770239,3.324705611010302,S,2018-02-23
KHC,KHC.O,2018-02-28,GARCH,0.2221529295866135,1.958409687456939,,2018-02-23
KHC,KHC.O,2018-02-28,GJR-GARCH,0.2604716882826183,2.692281761777678,,2018-02-23
KHC,KHC.O,2018-03-01,EGARCH,0.2187691980468776,1.899204841828333,,2018-02-23
KHC,KHC.O,2018-03-01,ESG-EGARCH,0.2479372997897501,2.439400977263193,all,2018-02-23
KHC,KHC.O,2018-03-01,ESG-EGARCH(E),0.2479372997897503,2.439400977263195,E,2018-02-23
KHC,KHC.O,2018-03-01,ESG-EGARCH(G),0.2479372997897502,2.439400977263193,G,2018-02-23
KHC,KHC.O,2018-03-01,ESG-EGARCH(S),0.2479372997897502,2.439400977263194,S,2018-02-23
KHC,KHC.O,2018-03-01,ESG-GARCH,0.2520937520941703,2.521875390671309,all,2018-02-23
KHC,KHC.O,2018-03-01,ESG-GARCH(E),0.2520937520941704,2.5218753906713114,E,2018-02-23
KHC,KHC.O,2018-03-01,ESG-GARCH(G),0.2520937520941704,2.521875390671311,G,2018-02-23
KHC,KHC.O,2018-03-01,ESG-GARCH(S),0.2520937520941704,2.5218753906713114,S,2018-02-23
KHC,KHC.O,2018-03-01,ESG-GJR-GARCH,0.2894522091770236,3.324705611010296,all,2018-02-23
KHC,KHC.O,2018-03-01,ESG-GJR-GARCH(E),0.2894522091770238,3.3247056110103,E,2018-02-23
KHC,KHC.O,2018-03-01,ESG-GJR-GARCH(G),0.2894522091770238,3.3247056110103,G,2018-02-23
KHC,KHC.O,2018-03-01,ESG-GJR-GARCH(S),0.2894522091770239,3.324705611010302,S,2018-02-23
KHC,KHC.O,2018-03-01,GARCH,0.2221529295866135,1.958409687456939,,2018-02-23
KHC,KHC.O,2018-03-01,GJR-GARCH,0.2604716882826183,2.692281761777678,,2018-02-23
KHC,KHC.O,2018-03-02,EGARCH,0.2187691980468776,1.899204841828333,,2018-02-23
KHC,KHC.O,2018-03-02,ESG-EGARCH,0.2479372997897501,2.439400977263193,all,2018-02-23
KHC,KHC.O,2018-03-02,ESG-EGARCH(E),0.2479372997897503,2.439400977263195,E,2018-02-23
KHC,KHC.O,2018-03-02,ESG-EGARCH(G),0.2479372997897502,2.439400977263193,G,2018-02-23
KHC,KHC.O,2018-03-02,ESG-EGARCH(S),0.2479372997897502,2.439400977263194,S,2018-02-23
KHC,KHC.O,2018-03-02,ESG-GARCH,0.2520937520941703,2.521875390671309,all,2018-02-23
KHC,KHC.O,2018-03-02,ESG-GARCH(E),0.2520937520941704,2.5218753906713114,E,2018-02-23
KHC,KHC.O,2018-03-02,ESG-GARCH(G),0.2520937520941704,2.521875390671311,G,2018-02-23
KHC,KHC.O,2018-03-02,ESG-GARCH(S),0.2520937520941704,2.5218753906713114,S,2018-02-23
KHC,KHC.O,2018-03-02,ESG-GJR-GARCH,0.2894522091770236,3.324705611010296,all,2018-02-23
KHC,KHC.O,2018-03-02,ESG-GJR-GARCH(E),0.2894522091770238,3.3247056110103,E,2018-02-23
KHC,KHC.O,2018-03-02,ESG-GJR-GARCH(G),0.2894522091770238,3.3247056110103,G,2018-02-23
KHC,KHC.O,2018-03-02,ESG-GJR-GARCH(S),0.2894522091770239,3.324705611010302,S,2018-02-23
KHC,KHC.O,2018-03-02,GARCH,0.2221529295866135,1.958409687456939,,2018-02-23
KHC,KHC.O,2018-03-02,GJR-GARCH,0.2604716882826183,2.692281761777678,,2018-02-23
KHC,KHC.O,2018-03-05,EGARCH,0.2187691980468776,1.899204841828333,,2018-02-23
KHC,KHC.O,2018-03-05,ESG-EGARCH,0.2479372997897501,2.439400977263193,all,2018-02-23
KHC,KHC.O,2018-03-05,ESG-EGARCH(E),0.2479372997897503,2.439400977263195,E,2018-02-23
KHC,KHC.O,2018-03-05,ESG-EGARCH(G),0.2479372997897502,2.439400977263193,G,2018-02-23
KHC,KHC.O,2018-03-05,ESG-EGARCH(S),0.2479372997897502,2.439400977263194,S,2018-02-23
KHC,KHC.O,2018-03-05,ESG-GARCH,0.2520937520941703,2.521875390671309,all,2018-02-23
KHC,KHC.O,2018-03-05,ESG-GARCH(E),0.2520937520941704,2.5218753906713114,E,2018-02-23
KHC,KHC.O,2018-03-05,ESG-GARCH(G),0.2520937520941704,2.521875390671311,G,2018-02-23
KHC,KHC.O,2018-03-05,ESG-GARCH(S),0.2520937520941704,2.5218753906713114,S,2018-02-23
KHC,KHC.O,2018-03-05,ESG-GJR-GARCH,0.2894522091770236,3.324705611010296,all,2018-02-23
KHC,KHC.O,2018-03-05,ESG-GJR-GARCH(E),0.2894522091770238,3.3247056110103,E,2018-02-23
KHC,KHC.O,2018-03-05,ESG-GJR-GARCH(G),0.2894522091770238,3.3247056110103,G,2018-02-23
KHC,KHC.O,2018-03-05,ESG-GJR-GARCH(S),0.2894522091770239,3.324705611010302,S,2018-02-23
KHC,KHC.O,2018-03-05,GARCH,0.2221529295866135,1.958409687456939,,2018-02-23
KHC,KHC.O,2018-03-05,GJR-GARCH,0.2604716882826183,2.692281761777678,,2018-02-23
KHC,KHC.O,2018-03-06,EGARCH,0.2187691980468776,1.899204841828333,,2018-02-23
KHC,KHC.O,2018-03-06,ESG-EGARCH,0.2479372997897501,2.439400977263193,all,2018-02-23
KHC,KHC.O,2018-03-06,ESG-EGARCH(E),0.2479372997897503,2.439400977263195,E,2018-02-23
KHC,KHC.O,2018-03-06,ESG-EGARCH(G),0.2479372997897502,2.439400977263193,G,2018-02-23
KHC,KHC.O,2018-03-06,ESG-EGARCH(S),0.2479372997897502,2.439400977263194,S,2018-02-23
KHC,KHC.O,2018-03-06,ESG-GARCH,0.2520937520941703,2.521875390671309,all,2018-02-23
KHC,KHC.O,2018-03-06,ESG-GARCH(E),0.2520937520941704,2.5218753906713114,E,2018-02-23
KHC,KHC.O,2018-03-06,ESG-GARCH(G),0.2520937520941704,2.521875390671311,G,2018-02-23
KHC,KHC.O,2018-03-06,ESG-GARCH(S),0.2520937520941704,2.5218753906713114,S,2018-02-23
KHC,KHC.O,2018-03-06,ESG-GJR-GARCH,0.2894522091770236,3.324705611010296,all,2018-02-23
KHC,KHC.O,2018-03-06,ESG-GJR-GARCH(E),0.2894522091770238,3.3247056110103,E,2018-02-23
KHC,KHC.O,2018-03-06,ESG-GJR-GARCH(G),0.2894522091770238,3.3247056110103,G,2018-02-23
KHC,KHC.O,2018-03-06,ESG-GJR-GARCH(S),0.2894522091770239,3.324705611010302,S,2018-02-23
KHC,KHC.O,2018-03-06,GARCH,0.2221529295866135,1.958409687456939,,2018-02-23
KHC,KHC.O,2018-03-06,GJR-GARCH,0.2604716882826183,2.692281761777678,,2018-02-23
KHC,KHC.O,2018-03-07,EGARCH,0.2187691980468776,1.899204841828333,,2018-02-23
KHC,KHC.O,2018-03-07,ESG-EGARCH,0.2479372997897501,2.439400977263193,all,2018-02-23
KHC,KHC.O,2018-03-07,ESG-EGARCH(E),0.2479372997897503,2.439400977263195,E,2018-02-23
KHC,KHC.O,2018-03-07,ESG-EGARCH(G),0.2479372997897502,2.439400977263193,G,2018-02-23
KHC,KHC.O,2018-03-07,ESG-EGARCH(S),0.2479372997897502,2.439400977263194,S,2018-02-23
KHC,KHC.O,2018-03-07,ESG-GARCH,0.2520937520941703,2.521875390671309,all,2018-02-23
KHC,KHC.O,2018-03-07,ESG-GARCH(E),0.2520937520941704,2.5218753906713114,E,2018-02-23
KHC,KHC.O,2018-03-07,ESG-GARCH(G),0.2520937520941704,2.521875390671311,G,2018-02-23
KHC,KHC.O,2018-03-07,ESG-GARCH(S),0.2520937520941704,2.5218753906713114,S,2018-02-23
KHC,KHC.O,2018-03-07,ESG-GJR-GARCH,0.2894522091770236,3.324705611010296,all,2018-02-23
KHC,KHC.O,2018-03-07,ESG-GJR-GARCH(E),0.2894522091770238,3.3247056110103,E,2018-02-23
KHC,KHC.O,2018-03-07,ESG-GJR-GARCH(G),0.2894522091770238,3.3247056110103,G,2018-02-23
KHC,KHC.O,2018-03-07,ESG-GJR-GARCH(S),0.2894522091770239,3.324705611010302,S,2018-02-23
KHC,KHC.O,2018-03-07,GARCH,0.2221529295866135,1.958409687456939,,2018-02-23
KHC,KHC.O,2018-03-07,GJR-GARCH,0.2604716882826183,2.692281761777678,,2018-02-23
KHC,KHC.O,2018-03-08,EGARCH,0.2187691980468776,1.899204841828333,,2018-02-23
KHC,KHC.O,2018-03-08,ESG-EGARCH,0.2479372997897501,2.439400977263193,all,2018-02-23
KHC,KHC.O,2018-03-08,ESG-EGARCH(E),0.2479372997897503,2.439400977263195,E,2018-02-23
KHC,KHC.O,2018-03-08,ESG-EGARCH(G),0.2479372997897502,2.439400977263193,G,2018-02-23
KHC,KHC.O,2018-03-08,ESG-EGARCH(S),0.2479372997897502,2.439400977263194,S,2018-02-23
KHC,KHC.O,2018-03-08,ESG-GARCH,0.2520937520941703,2.521875390671309,all,2018-02-23
KHC,KHC.O,2018-03-08,ESG-GARCH(E),0.2520937520941704,2.5218753906713114,E,2018-02-23
KHC,KHC.O,2018-03-08,ESG-GARCH(G),0.2520937520941704,2.521875390671311,G,2018-02-23
KHC,KHC.O,2018-03-08,ESG-GARCH(S),0.2520937520941704,2.5218753906713114,S,2018-02-23
KHC,KHC.O,2018-03-08,ESG-GJR-GARCH,0.2894522091770236,3.324705611010296,all,2018-02-23
KHC,KHC.O,2018-03-08,ESG-GJR-GARCH(E),0.2894522091770238,3.3247056110103,E,2018-02-23
KHC,KHC.O,2018-03-08,ESG-GJR-GARCH(G),0.2894522091770238,3.3247056110103,G,2018-02-23
KHC,KHC.O,2018-03-08,ESG-GJR-GARCH(S),0.2894522091770239,3.324705611010302,S,2018-02-23
KHC,KHC.O,2018-03-08,GARCH,0.2221529295866135,1.958409687456939,,2018-02-23
KHC,KHC.O,2018-03-08,GJR-GARCH,0.2604716882826183,2.692281761777678,,2018-02-23
KHC,KHC.O,2018-03-09,EGARCH,0.2187691980468776,1.899204841828333,,2018-02-23
KHC,KHC.O,2018-03-09,ESG-EGARCH,0.2479372997897501,2.439400977263193,all,2018-02-23
KHC,KHC.O,2018-03-09,ESG-EGARCH(E),0.2479372997897503,2.439400977263195,E,2018-02-23
KHC,KHC.O,2018-03-09,ESG-EGARCH(G),0.2479372997897502,2.439400977263193,G,2018-02-23
KHC,KHC.O,2018-03-09,ESG-EGARCH(S),0.2479372997897502,2.439400977263194,S,2018-02-23
KHC,KHC.O,2018-03-09,ESG-GARCH,0.2520937520941703,2.521875390671309,all,2018-02-23
KHC,KHC.O,2018-03-09,ESG-GARCH(E),0.2520937520941704,2.5218753906713114,E,2018-02-23
KHC,KHC.O,2018-03-09,ESG-GARCH(G),0.2520937520941704,2.521875390671311,G,2018-02-23
KHC,KHC.O,2018-03-09,ESG-GARCH(S),0.2520937520941704,2.5218753906713114,S,2018-02-23
KHC,KHC.O,2018-03-09,ESG-GJR-GARCH,0.2894522091770236,3.324705611010296,all,2018-02-23
KHC,KHC.O,2018-03-09,ESG-GJR-GARCH(E),0.2894522091770238,3.3247056110103,E,2018-02-23
KHC,KHC.O,2018-03-09,ESG-GJR-GARCH(G),0.2894522091770238,3.3247056110103,G,2018-02-23
KHC,KHC.O,2018-03-09,ESG-GJR-GARCH(S),0.2894522091770239,3.324705611010302,S,2018-02-23
KHC,KHC.O,2018-03-09,GARCH,0.2221529295866135,1.958409687456939,,2018-02-23
KHC,KHC.O,2018-03-09,GJR-GARCH,0.2604716882826183,2.692281761777678,,2018-02-23
KHC,KHC.O,2018-03-12,EGARCH,0.2187691980468776,1.899204841828333,,2018-02-23
KHC,KHC.O,2018-03-12,ESG-EGARCH,0.2479372997897501,2.439400977263193,all,2018-02-23
KHC,KHC.O,2018-03-12,ESG-EGARCH(E),0.2479372997897503,2.439400977263195,E,2018-02-23
KHC,KHC.O,2018-03-12,ESG-EGARCH(G),0.2479372997897502,2.439400977263193,G,2018-02-23
KHC,KHC.O,2018-03-12,ESG-EGARCH(S),0.2479372997897502,2.439400977263194,S,2018-02-23
KHC,KHC.O,2018-03-12,ESG-GARCH,0.2520937520941703,2.521875390671309,all,2018-02-23
KHC,KHC.O,2018-03-12,ESG-GARCH(E),0.2520937520941704,2.5218753906713114,E,2018-02-23
KHC,KHC.O,2018-03-12,ESG-GARCH(G),0.2520937520941704,2.521875390671311,G,2018-02-23
KHC,KHC.O,2018-03-12,ESG-GARCH(S),0.2520937520941704,2.5218753906713114,S,2018-02-23
KHC,KHC.O,2018-03-12,ESG-GJR-GARCH,0.2894522091770236,3.324705611010296,all,2018-02-23
KHC,KHC.O,2018-03-12,ESG-GJR-GARCH(E),0.2894522091770238,3.3247056110103,E,2018-02-23
KHC,KHC.O,2018-03-12,ESG-GJR-GARCH(G),0.2894522091770238,3.3247056110103,G,2018-02-23
KHC,KHC.O,2018-03-12,ESG-GJR-GARCH(S),0.2894522091770239,3.324705611010302,S,2018-02-23
KHC,KHC.O,2018-03-12,GARCH,0.2221529295866135,1.958409687456939,,2018-02-23
KHC,KHC.O,2018-03-12,GJR-GARCH,0.2604716882826183,2.692281761777678,,2018-02-23
KHC,KHC.O,2018-03-13,EGARCH,0.2187691980468776,1.899204841828333,,2018-02-23
KHC,KHC.O,2018-03-13,ESG-EGARCH,0.2479372997897501,2.439400977263193,all,2018-02-23
KHC,KHC.O,2018-03-13,ESG-EGARCH(E),0.2479372997897503,2.439400977263195,E,2018-02-23
KHC,KHC.O,2018-03-13,ESG-EGARCH(G),0.2479372997897502,2.439400977263193,G,2018-02-23
KHC,KHC.O,2018-03-13,ESG-EGARCH(S),0.2479372997897502,2.439400977263194,S,2018-02-23
KHC,KHC.O,2018-03-13,ESG-GARCH,0.2520937520941703,2.521875390671309,all,2018-02-23
KHC,KHC.O,2018-03-13,ESG-GARCH(E),0.2520937520941704,2.5218753906713114,E,2018-02-23
KHC,KHC.O,2018-03-13,ESG-GARCH(G),0.2520937520941704,2.521875390671311,G,2018-02-23
KHC,KHC.O,2018-03-13,ESG-GARCH(S),0.2520937520941704,2.5218753906713114,S,2018-02-23
KHC,KHC.O,2018-03-13,ESG-GJR-GARCH,0.2894522091770236,3.324705611010296,all,2018-02-23
KHC,KHC.O,2018-03-13,ESG-GJR-GARCH(E),0.2894522091770238,3.3247056110103,E,2018-02-23
KHC,KHC.O,2018-03-13,ESG-GJR-GARCH(G),0.2894522091770238,3.3247056110103,G,2018-02-23
KHC,KHC.O,2018-03-13,ESG-GJR-GARCH(S),0.2894522091770239,3.324705611010302,S,2018-02-23
KHC,KHC.O,2018-03-13,GARCH,0.2221529295866135,1.958409687456939,,2018-02-23
KHC,KHC.O,2018-03-13,GJR-GARCH,0.2604716882826183,2.692281761777678,,2018-02-23
KHC,KHC.O,2018-03-14,EGARCH,0.2187691980468776,1.899204841828333,,2018-02-23
KHC,KHC.O,2018-03-14,ESG-EGARCH,0.2479372997897501,2.439400977263193,all,2018-02-23
KHC,KHC.O,2018-03-14,ESG-EGARCH(E),0.2479372997897503,2.439400977263195,E,2018-02-23
KHC,KHC.O,2018-03-14,ESG-EGARCH(G),0.2479372997897502,2.439400977263193,G,2018-02-23
KHC,KHC.O,2018-03-14,ESG-EGARCH(S),0.2479372997897502,2.439400977263194,S,2018-02-23
KHC,KHC.O,2018-03-14,ESG-GARCH,0.2520937520941703,2.521875390671309,all,2018-02-23
KHC,KHC.O,2018-03-14,ESG-GARCH(E),0.2520937520941704,2.5218753906713114,E,2018-02-23
KHC,KHC.O,2018-03-14,ESG-GARCH(G),0.2520937520941704,2.521875390671311,G,2018-02-23
KHC,KHC.O,2018-03-14,ESG-GARCH(S),0.2520937520941704,2.5218753906713114,S,2018-02-23
KHC,KHC.O,2018-03-14,ESG-GJR-GARCH,0.2894522091770236,3.324705611010296,all,2018-02-23
KHC,KHC.O,2018-03-14,ESG-GJR-GARCH(E),0.2894522091770238,3.3247056110103,E,2018-02-23
KHC,KHC.O,2018-03-14,ESG-GJR-GARCH(G),0.2894522091770238,3.3247056110103,G,2018-02-23
KHC,KHC.O,2018-03-14,ESG-GJR-GARCH(S),0.2894522091770239,3.324705611010302,S,2018-02-23
KHC,KHC.O,2018-03-14,GARCH,0.2221529295866135,1.958409687456939,,2018-02-23
KHC,KHC.O,2018-03-14,GJR-GARCH,0.2604716882826183,2.692281761777678,,2018-02-23
KHC,KHC.O,2018-03-15,EGARCH,0.2187691980468776,1.899204841828333,,2018-02-23
KHC,KHC.O,2018-03-15,ESG-EGARCH,0.2479372997897501,2.439400977263193,all,2018-02-23
KHC,KHC.O,2018-03-15,ESG-EGARCH(E),0.2479372997897503,2.439400977263195,E,2018-02-23
KHC,KHC.O,2018-03-15,ESG-EGARCH(G),0.2479372997897502,2.439400977263193,G,2018-02-23
KHC,KHC.O,2018-03-15,ESG-EGARCH(S),0.2479372997897502,2.439400977263194,S,2018-02-23
KHC,KHC.O,2018-03-15,ESG-GARCH,0.2520937520941703,2.521875390671309,all,2018-02-23
KHC,KHC.O,2018-03-15,ESG-GARCH(E),0.2520937520941704,2.5218753906713114,E,2018-02-23
KHC,KHC.O,2018-03-15,ESG-GARCH(G),0.2520937520941704,2.521875390671311,G,2018-02-23
KHC,KHC.O,2018-03-15,ESG-GARCH(S),0.2520937520941704,2.5218753906713114,S,2018-02-23
KHC,KHC.O,2018-03-15,ESG-GJR-GARCH,0.2894522091770236,3.324705611010296,all,2018-02-23
KHC,KHC.O,2018-03-15,ESG-GJR-GARCH(E),0.2894522091770238,3.3247056110103,E,2018-02-23
KHC,KHC.O,2018-03-15,ESG-GJR-GARCH(G),0.2894522091770238,3.3247056110103,G,2018-02-23
KHC,KHC.O,2018-03-15,ESG-GJR-GARCH(S),0.2894522091770239,3.324705611010302,S,2018-02-23
KHC,KHC.O,2018-03-15,GARCH,0.2221529295866135,1.958409687456939,,2018-02-23
KHC,KHC.O,2018-03-15,GJR-GARCH,0.2604716882826183,2.692281761777678,,2018-02-23
KHC,KHC.O,2018-03-16,EGARCH,0.2187691980468776,1.899204841828333,,2018-02-23
KHC,KHC.O,2018-03-16,ESG-EGARCH,0.2479372997897501,2.439400977263193,all,2018-02-23
KHC,KHC.O,2018-03-16,ESG-EGARCH(E),0.2479372997897503,2.439400977263195,E,2018-02-23
KHC,KHC.O,2018-03-16,ESG-EGARCH(G),0.2479372997897502,2.439400977263193,G,2018-02-23
KHC,KHC.O,2018-03-16,ESG-EGARCH(S),0.2479372997897502,2.439400977263194,S,2018-02-23
KHC,KHC.O,2018-03-16,ESG-GARCH,0.2520937520941703,2.521875390671309,all,2018-02-23
KHC,KHC.O,2018-03-16,ESG-GARCH(E),0.2520937520941704,2.5218753906713114,E,2018-02-23
KHC,KHC.O,2018-03-16,ESG-GARCH(G),0.2520937520941704,2.521875390671311,G,2018-02-23
KHC,KHC.O,2018-03-16,ESG-GARCH(S),0.2520937520941704,2.5218753906713114,S,2018-02-23
KHC,KHC.O,2018-03-16,ESG-GJR-GARCH,0.2894522091770236,3.324705611010296,all,2018-02-23
KHC,KHC.O,2018-03-16,ESG-GJR-GARCH(E),0.2894522091770238,3.3247056110103,E,2018-02-23
KHC,KHC.O,2018-03-16,ESG-GJR-GARCH(G),0.2894522091770238,3.3247056110103,G,2018-02-23
KHC,KHC.O,2018-03-16,ESG-GJR-GARCH(S),0.2894522091770239,3.324705611010302,S,2018-02-23
KHC,KHC.O,2018-03-16,GARCH,0.2221529295866135,1.958409687456939,,2018-02-23
KHC,KHC.O,2018-03-16,GJR-GARCH,0.2604716882826183,2.692281761777678,,2018-02-23
KHC,KHC.O,2018-03-19,EGARCH,0.2187691980468776,1.899204841828333,,2018-02-23
KHC,KHC.O,2018-03-19,ESG-EGARCH,0.2479372997897501,2.439400977263193,all,2018-02-23
KHC,KHC.O,2018-03-19,ESG-EGARCH(E),0.2479372997897503,2.439400977263195,E,2018-02-23
KHC,KHC.O,2018-03-19,ESG-EGARCH(G),0.2479372997897502,2.439400977263193,G,2018-02-23
KHC,KHC.O,2018-03-19,ESG-EGARCH(S),0.2479372997897502,2.439400977263194,S,2018-02-23
KHC,KHC.O,2018-03-19,ESG-GARCH,0.2520937520941703,2.521875390671309,all,2018-02-23
KHC,KHC.O,2018-03-19,ESG-GARCH(E),0.2520937520941704,2.5218753906713114,E,2018-02-23
KHC,KHC.O,2018-03-19,ESG-GARCH(G),0.2520937520941704,2.521875390671311,G,2018-02-23
KHC,KHC.O,2018-03-19,ESG-GARCH(S),0.2520937520941704,2.5218753906713114,S,2018-02-23
KHC,KHC.O,2018-03-19,ESG-GJR-GARCH,0.2894522091770236,3.324705611010296,all,2018-02-23
KHC,KHC.O,2018-03-19,ESG-GJR-GARCH(E),0.2894522091770238,3.3247056110103,E,2018-02-23
KHC,KHC.O,2018-03-19,ESG-GJR-GARCH(G),0.2894522091770238,3.3247056110103,G,2018-02-23
KHC,KHC.O,2018-03-19,ESG-GJR-GARCH(S),0.2894522091770239,3.324705611010302,S,2018-02-23
KHC,KHC.O,2018-03-19,GARCH,0.2221529295866135,1.958409687456939,,2018-02-23
KHC,KHC.O,2018-03-19,GJR-GARCH,0.2604716882826183,2.692281761777678,,2018-02-23
KHC,KHC.O,2018-03-20,EGARCH,0.2187691980468776,1.899204841828333,,2018-02-23
KHC,KHC.O,2018-03-20,ESG-EGARCH,0.2479372997897501,2.439400977263193,all,2018-02-23
KHC,KHC.O,2018-03-20,ESG-EGARCH(E),0.2479372997897503,2.439400977263195,E,2018-02-23
KHC,KHC.O,2018-03-20,ESG-EGARCH(G),0.2479372997897502,2.439400977263193,G,2018-02-23
KHC,KHC.O,2018-03-20,ESG-EGARCH(S),0.2479372997897502,2.439400977263194,S,2018-02-23
KHC,KHC.O,2018-03-20,ESG-GARCH,0.2520937520941703,2.521875390671309,all,2018-02-23
KHC,KHC.O,2018-03-20,ESG-GARCH(E),0.2520937520941704,2.5218753906713114,E,2018-02-23
KHC,KHC.O,2018-03-20,ESG-GARCH(G),0.2520937520941704,2.521875390671311,G,2018-02-23
KHC,KHC.O,2018-03-20,ESG-GARCH(S),0.2520937520941704,2.5218753906713114,S,2018-02-23
KHC,KHC.O,2018-03-20,ESG-GJR-GARCH,0.2894522091770236,3.324705611010296,all,2018-02-23
KHC,KHC.O,2018-03-20,ESG-GJR-GARCH(E),0.2894522091770238,3.3247056110103,E,2018-02-23
KHC,KHC.O,2018-03-20,ESG-GJR-GARCH(G),0.2894522091770238,3.3247056110103,G,2018-02-23
KHC,KHC.O,2018-03-20,ESG-GJR-GARCH(S),0.2894522091770239,3.324705611010302,S,2018-02-23
KHC,KHC.O,2018-03-20,GARCH,0.2221529295866135,1.958409687456939,,2018-02-23
KHC,KHC.O,2018-03-20,GJR-GARCH,0.2604716882826183,2.692281761777678,,2018-02-23
KHC,KHC.O,2018-03-21,EGARCH,0.2187691980468776,1.899204841828333,,2018-02-23
KHC,KHC.O,2018-03-21,ESG-EGARCH,0.2479372997897501,2.439400977263193,all,2018-02-23
KHC,KHC.O,2018-03-21,ESG-EGARCH(E),0.2479372997897503,2.439400977263195,E,2018-02-23
KHC,KHC.O,2018-03-21,ESG-EGARCH(G),0.2479372997897502,2.439400977263193,G,2018-02-23
KHC,KHC.O,2018-03-21,ESG-EGARCH(S),0.2479372997897502,2.439400977263194,S,2018-02-23
KHC,KHC.O,2018-03-21,ESG-GARCH,0.2520937520941703,2.521875390671309,all,2018-02-23
KHC,KHC.O,2018-03-21,ESG-GARCH(E),0.2520937520941704,2.5218753906713114,E,2018-02-23
KHC,KHC.O,2018-03-21,ESG-GARCH(G),0.2520937520941704,2.521875390671311,G,2018-02-23
KHC,KHC.O,2018-03-21,ESG-GARCH(S),0.2520937520941704,2.5218753906713114,S,2018-02-23
KHC,KHC.O,2018-03-21,ESG-GJR-GARCH,0.2894522091770236,3.324705611010296,all,2018-02-23
KHC,KHC.O,2018-03-21,ESG-GJR-GARCH(E),0.2894522091770238,3.3247056110103,E,2018-02-23
KHC,KHC.O,2018-03-21,ESG-GJR-GARCH(G),0.2894522091770238,3.3247056110103,G,2018-02-23
KHC,KHC.O,2018-03-21,ESG-GJR-GARCH(S),0.2894522091770239,3.324705611010302,S,2018-02-23
KHC,KHC.O,2018-03-21,GARCH,0.2221529295866135,1.958409687456939,,2018-02-23
KHC,KHC.O,2018-03-21,GJR-GARCH,0.2604716882826183,2.692281761777678,,2018-02-23
KHC,KHC.O,2018-03-22,EGARCH,0.2187691980468776,1.899204841828333,,2018-02-23
KHC,KHC.O,2018-03-22,ESG-EGARCH,0.2479372997897501,2.439400977263193,all,2018-02-23
KHC,KHC.O,2018-03-22,ESG-EGARCH(E),0.2479372997897503,2.439400977263195,E,2018-02-23
KHC,KHC.O,2018-03-22,ESG-EGARCH(G),0.2479372997897502,2.439400977263193,G,2018-02-23
KHC,KHC.O,2018-03-22,ESG-EGARCH(S),0.2479372997897502,2.439400977263194,S,2018-02-23
KHC,KHC.O,2018-03-22,ESG-GARCH,0.2520937520941703,2.521875390671309,all,2018-02-23
KHC,KHC.O,2018-03-22,ESG-GARCH(E),0.2520937520941704,2.5218753906713114,E,2018-02-23
KHC,KHC.O,2018-03-22,ESG-GARCH(G),0.2520937520941704,2.521875390671311,G,2018-02-23
KHC,KHC.O,2018-03-22,ESG-GARCH(S),0.2520937520941704,2.5218753906713114,S,2018-02-23
KHC,KHC.O,2018-03-22,ESG-GJR-GARCH,0.2894522091770236,3.324705611010296,all,2018-02-23
KHC,KHC.O,2018-03-22,ESG-GJR-GARCH(E),0.2894522091770238,3.3247056110103,E,2018-02-23
KHC,KHC.O,2018-03-22,ESG-GJR-GARCH(G),0.2894522091770238,3.3247056110103,G,2018-02-23
KHC,KHC.O,2018-03-22,ESG-GJR-GARCH(S),0.2894522091770239,3.324705611010302,S,2018-02-23
KHC,KHC.O,2018-03-22,GARCH,0.2221529295866135,1.958409687456939,,2018-02-23
KHC,KHC.O,2018-03-22,GJR-GARCH,0.2604716882826183,2.692281761777678,,2018-02-23
KHC,KHC.O,2018-03-23,EGARCH,0.2187691980468776,1.899204841828333,,2018-02-23
KHC,KHC.O,2018-03-23,ESG-EGARCH,0.2479372997897501,2.439400977263193,all,2018-02-23
KHC,KHC.O,2018-03-23,ESG-EGARCH(E),0.2479372997897503,2.439400977263195,E,2018-02-23
KHC,KHC.O,2018-03-23,ESG-EGARCH(G),0.2479372997897502,2.439400977263193,G,2018-02-23
KHC,KHC.O,2018-03-23,ESG-EGARCH(S),0.2479372997897502,2.439400977263194,S,2018-02-23
KHC,KHC.O,2018-03-23,ESG-GARCH,0.2520937520941703,2.521875390671309,all,2018-02-23
KHC,KHC.O,2018-03-23,ESG-GARCH(E),0.2520937520941704,2.5218753906713114,E,2018-02-23
KHC,KHC.O,2018-03-23,ESG-GARCH(G),0.2520937520941704,2.521875390671311,G,2018-02-23
KHC,KHC.O,2018-03-23,ESG-GARCH(S),0.2520937520941704,2.5218753906713114,S,2018-02-23
KHC,KHC.O,2018-03-23,ESG-GJR-GARCH,0.2894522091770236,3.324705611010296,all,2018-02-23
KHC,KHC.O,2018-03-23,ESG-GJR-GARCH(E),0.2894522091770238,3.3247056110103,E,2018-02-23
KHC,KHC.O,2018-03-23,ESG-GJR-GARCH(G),0.2894522091770238,3.3247056110103,G,2018-02-23
KHC,KHC.O,2018-03-23,ESG-GJR-GARCH(S),0.2894522091770239,3.324705611010302,S,2018-02-23
KHC,KHC.O,2018-03-23,GARCH,0.2221529295866135,1.958409687456939,,2018-02-23
KHC,KHC.O,2018-03-23,GJR-GARCH,0.2604716882826183,2.692281761777678,,2018-02-23
KHC,KHC.O,2018-03-26,EGARCH,0.2187691980468776,1.899204841828333,,2018-02-23
KHC,KHC.O,2018-03-26,ESG-EGARCH,0.2479372997897501,2.439400977263193,all,2018-02-23
KHC,KHC.O,2018-03-26,ESG-EGARCH(E),0.2479372997897503,2.439400977263195,E,2018-02-23
KHC,KHC.O,2018-03-26,ESG-EGARCH(G),0.2479372997897502,2.439400977263193,G,2018-02-23
KHC,KHC.O,2018-03-26,ESG-EGARCH(S),0.2479372997897502,2.439400977263194,S,2018-02-23
KHC,KHC.O,2018-03-26,ESG-GARCH,0.2520937520941703,2.521875390671309,all,2018-02-23
KHC,KHC.O,2018-03-26,ESG-GARCH(E),0.2520937520941704,2.5218753906713114,E,2018-02-23
KHC,KHC.O,2018-03-26,ESG-GARCH(G),0.2520937520941704,2.521875390671311,G,2018-02-23
KHC,KHC.O,2018-03-26,ESG-GARCH(S),0.2520937520941704,2.5218753906713114,S,2018-02-23
KHC,KHC.O,2018-03-26,ESG-GJR-GARCH,0.2894522091770236,3.324705611010296,all,2018-02-23
KHC,KHC.O,2018-03-26,ESG-GJR-GARCH(E),0.2894522091770238,3.3247056110103,E,2018-02-23
KHC,KHC.O,2018-03-26,ESG-GJR-GARCH(G),0.2894522091770238,3.3247056110103,G,2018-02-23
KHC,KHC.O,2018-03-26,ESG-GJR-GARCH(S),0.2894522091770239,3.324705611010302,S,2018-02-23
KHC,KHC.O,2018-03-26,GARCH,0.2221529295866135,1.958409687456939,,2018-02-23
KHC,KHC.O,2018-03-26,GJR-GARCH,0.2604716882826183,2.692281761777678,,2018-02-23
KHC,KHC.O,2018-03-27,EGARCH,0.300026148885495,3.572051191073859,,2018-03-27
KHC,KHC.O,2018-03-27,ESG-EGARCH,0.2321983415620725,2.1395265803244814,all,2018-03-27
KHC,KHC.O,2018-03-27,ESG-EGARCH(E),0.2321983415620726,2.139526580324482,E,2018-03-27
KHC,KHC.O,2018-03-27,ESG-EGARCH(G),0.2321983415620725,2.139526580324481,G,2018-03-27
KHC,KHC.O,2018-03-27,ESG-EGARCH(S),0.2321983415620725,2.1395265803244814,S,2018-03-27
KHC,KHC.O,2018-03-27,ESG-GARCH,0.2340652730136064,2.174069525037068,all,2018-03-27
KHC,KHC.O,2018-03-27,ESG-GARCH(E),0.2340652730136065,2.1740695250370696,E,2018-03-27
KHC,KHC.O,2018-03-27,ESG-GARCH(G),0.2340652730136065,2.17406952503707,G,2018-03-27
KHC,KHC.O,2018-03-27,ESG-GARCH(S),0.2340652730136065,2.1740695250370696,S,2018-03-27
KHC,KHC.O,2018-03-27,ESG-GJR-GARCH,0.273892609835713,2.9768714969292907,all,2018-03-27
KHC,KHC.O,2018-03-27,ESG-GJR-GARCH(E),0.2738926098357135,2.976871496929301,E,2018-03-27
KHC,KHC.O,2018-03-27,ESG-GJR-GARCH(G),0.2738926098357135,2.976871496929302,G,2018-03-27
KHC,KHC.O,2018-03-27,ESG-GJR-GARCH(S),0.2738926098357135,2.9768714969293018,S,2018-03-27
KHC,KHC.O,2018-03-27,GARCH,0.3004280481303107,3.581627464420171,,2018-03-27
KHC,KHC.O,2018-03-27,GJR-GARCH,0.280599736173399,3.124452854784967,,2018-03-27
KHC,KHC.O,2018-03-28,EGARCH,0.300026148885495,3.572051191073859,,2018-03-27
KHC,KHC.O,2018-03-28,ESG-EGARCH,0.2321983415620725,2.1395265803244814,all,2018-03-27
KHC,KHC.O,2018-03-28,ESG-EGARCH(E),0.2321983415620726,2.139526580324482,E,2018-03-27
KHC,KHC.O,2018-03-28,ESG-EGARCH(G),0.2321983415620725,2.139526580324481,G,2018-03-27
KHC,KHC.O,2018-03-28,ESG-EGARCH(S),0.2321983415620725,2.1395265803244814,S,2018-03-27
KHC,KHC.O,2018-03-28,ESG-GARCH,0.2340652730136064,2.174069525037068,all,2018-03-27
KHC,KHC.O,2018-03-28,ESG-GARCH(E),0.2340652730136065,2.1740695250370696,E,2018-03-27
KHC,KHC.O,2018-03-28,ESG-GARCH(G),0.2340652730136065,2.17406952503707,G,2018-03-27
KHC,KHC.O,2018-03-28,ESG-GARCH(S),0.2340652730136065,2.1740695250370696,S,2018-03-27
KHC,KHC.O,2018-03-28,ESG-GJR-GARCH,0.273892609835713,2.9768714969292907,all,2018-03-27
KHC,KHC.O,2018-03-28,ESG-GJR-GARCH(E),0.2738926098357135,2.976871496929301,E,2018-03-27
KHC,KHC.O,2018-03-28,ESG-GJR-GARCH(G),0.2738926098357135,2.976871496929302,G,2018-03-27
KHC,KHC.O,2018-03-28,ESG-GJR-GARCH(S),0.2738926098357135,2.9768714969293018,S,2018-03-27
KHC,KHC.O,2018-03-28,GARCH,0.3004280481303107,3.581627464420171,,2018-03-27
KHC,KHC.O,2018-03-28,GJR-GARCH,0.280599736173399,3.124452854784967,,2018-03-27
KHC,KHC.O,2018-03-29,EGARCH,0.300026148885495,3.572051191073859,,2018-03-27
KHC,KHC.O,2018-03-29,ESG-EGARCH,0.2321983415620725,2.1395265803244814,all,2018-03-27
KHC,KHC.O,2018-03-29,ESG-EGARCH(E),0.2321983415620726,2.139526580324482,E,2018-03-27
KHC,KHC.O,2018-03-29,ESG-EGARCH(G),0.2321983415620725,2.139526580324481,G,2018-03-27
KHC,KHC.O,2018-03-29,ESG-EGARCH(S),0.2321983415620725,2.1395265803244814,S,2018-03-27
KHC,KHC.O,2018-03-29,ESG-GARCH,0.2340652730136064,2.174069525037068,all,2018-03-27
KHC,KHC.O,2018-03-29,ESG-GARCH(E),0.2340652730136065,2.1740695250370696,E,2018-03-27
KHC,KHC.O,2018-03-29,ESG-GARCH(G),0.2340652730136065,2.17406952503707,G,2018-03-27
KHC,KHC.O,2018-03-29,ESG-GARCH(S),0.2340652730136065,2.1740695250370696,S,2018-03-27
KHC,KHC.O,2018-03-29,ESG-GJR-GARCH,0.273892609835713,2.9768714969292907,all,2018-03-27
KHC,KHC.O,2018-03-29,ESG-GJR-GARCH(E),0.2738926098357135,2.976871496929301,E,2018-03-27
KHC,KHC.O,2018-03-29,ESG-GJR-GARCH(G),0.2738926098357135,2.976871496929302,G,2018-03-27
KHC,KHC.O,2018-03-29,ESG-GJR-GARCH(S),0.2738926098357135,2.9768714969293018,S,2018-03-27
KHC,KHC.O,2018-03-29,GARCH,0.3004280481303107,3.581627464420171,,2018-03-27
KHC,KHC.O,2018-03-29,GJR-GARCH,0.280599736173399,3.124452854784967,,2018-03-27
KHC,KHC.O,2018-04-02,EGARCH,0.300026148885495,3.572051191073859,,2018-03-27
KHC,KHC.O,2018-04-02,ESG-EGARCH,0.2321983415620725,2.1395265803244814,all,2018-03-27
KHC,KHC.O,2018-04-02,ESG-EGARCH(E),0.2321983415620726,2.139526580324482,E,2018-03-27
KHC,KHC.O,2018-04-02,ESG-EGARCH(G),0.2321983415620725,2.139526580324481,G,2018-03-27
KHC,KHC.O,2018-04-02,ESG-EGARCH(S),0.2321983415620725,2.1395265803244814,S,2018-03-27
KHC,KHC.O,2018-04-02,ESG-GARCH,0.2340652730136064,2.174069525037068,all,2018-03-27
KHC,KHC.O,2018-04-02,ESG-GARCH(E),0.2340652730136065,2.1740695250370696,E,2018-03-27
KHC,KHC.O,2018-04-02,ESG-GARCH(G),0.2340652730136065,2.17406952503707,G,2018-03-27
KHC,KHC.O,2018-04-02,ESG-GARCH(S),0.2340652730136065,2.1740695250370696,S,2018-03-27
KHC,KHC.O,2018-04-02,ESG-GJR-GARCH,0.273892609835713,2.9768714969292907,all,2018-03-27
KHC,KHC.O,2018-04-02,ESG-GJR-GARCH(E),0.2738926098357135,2.976871496929301,E,2018-03-27
KHC,KHC.O,2018-04-02,ESG-GJR-GARCH(G),0.2738926098357135,2.976871496929302,G,2018-03-27
KHC,KHC.O,2018-04-02,ESG-GJR-GARCH(S),0.2738926098357135,2.9768714969293018,S,2018-03-27
KHC,KHC.O,2018-04-02,GARCH,0.3004280481303107,3.581627464420171,,2018-03-27
KHC,KHC.O,2018-04-02,GJR-GARCH,0.280599736173399,3.124452854784967,,2018-03-27
KHC,KHC.O,2018-04-03,EGARCH,0.300026148885495,3.572051191073859,,2018-03-27
KHC,KHC.O,2018-04-03,ESG-EGARCH,0.2321983415620725,2.1395265803244814,all,2018-03-27
KHC,KHC.O,2018-04-03,ESG-EGARCH(E),0.2321983415620726,2.139526580324482,E,2018-03-27
KHC,KHC.O,2018-04-03,ESG-EGARCH(G),0.2321983415620725,2.139526580324481,G,2018-03-27
KHC,KHC.O,2018-04-03,ESG-EGARCH(S),0.2321983415620725,2.1395265803244814,S,2018-03-27
KHC,KHC.O,2018-04-03,ESG-GARCH,0.2340652730136064,2.174069525037068,all,2018-03-27
KHC,KHC.O,2018-04-03,ESG-GARCH(E),0.2340652730136065,2.1740695250370696,E,2018-03-27
KHC,KHC.O,2018-04-03,ESG-GARCH(G),0.2340652730136065,2.17406952503707,G,2018-03-27
KHC,KHC.O,2018-04-03,ESG-GARCH(S),0.2340652730136065,2.1740695250370696,S,2018-03-27
KHC,KHC.O,2018-04-03,ESG-GJR-GARCH,0.273892609835713,2.9768714969292907,all,2018-03-27
KHC,KHC.O,2018-04-03,ESG-GJR-GARCH(E),0.2738926098357135,2.976871496929301,E,2018-03-27
KHC,KHC.O,2018-04-03,ESG-GJR-GARCH(G),0.2738926098357135,2.976871496929302,G,2018-03-27
KHC,KHC.O,2018-04-03,ESG-GJR-GARCH(S),0.2738926098357135,2.9768714969293018,S,2018-03-27
KHC,KHC.O,2018-04-03,GARCH,0.3004280481303107,3.581627464420171,,2018-03-27
KHC,KHC.O,2018-04-03,GJR-GARCH,0.280599736173399,3.124452854784967,,2018-03-27
KHC,KHC.O,2018-04-04,EGARCH,0.300026148885495,3.572051191073859,,2018-03-27
KHC,KHC.O,2018-04-04,ESG-EGARCH,0.2321983415620725,2.1395265803244814,all,2018-03-27
KHC,KHC.O,2018-04-04,ESG-EGARCH(E),0.2321983415620726,2.139526580324482,E,2018-03-27
KHC,KHC.O,2018-04-04,ESG-EGARCH(G),0.2321983415620725,2.139526580324481,G,2018-03-27
KHC,KHC.O,2018-04-04,ESG-EGARCH(S),0.2321983415620725,2.1395265803244814,S,2018-03-27
KHC,KHC.O,2018-04-04,ESG-GARCH,0.2340652730136064,2.174069525037068,all,2018-03-27
KHC,KHC.O,2018-04-04,ESG-GARCH(E),0.2340652730136065,2.1740695250370696,E,2018-03-27
KHC,KHC.O,2018-04-04,ESG-GARCH(G),0.2340652730136065,2.17406952503707,G,2018-03-27
KHC,KHC.O,2018-04-04,ESG-GARCH(S),0.2340652730136065,2.1740695250370696,S,2018-03-27
KHC,KHC.O,2018-04-04,ESG-GJR-GARCH,0.273892609835713,2.9768714969292907,all,2018-03-27
KHC,KHC.O,2018-04-04,ESG-GJR-GARCH(E),0.2738926098357135,2.976871496929301,E,2018-03-27
KHC,KHC.O,2018-04-04,ESG-GJR-GARCH(G),0.2738926098357135,2.976871496929302,G,2018-03-27
KHC,KHC.O,2018-04-04,ESG-GJR-GARCH(S),0.2738926098357135,2.9768714969293018,S,2018-03-27
KHC,KHC.O,2018-04-04,GARCH,0.3004280481303107,3.581627464420171,,2018-03-27
KHC,KHC.O,2018-04-04,GJR-GARCH,0.280599736173399,3.124452854784967,,2018-03-27
KHC,KHC.O,2018-04-05,EGARCH,0.300026148885495,3.572051191073859,,2018-03-27
KHC,KHC.O,2018-04-05,ESG-EGARCH,0.2321983415620725,2.1395265803244814,all,2018-03-27
KHC,KHC.O,2018-04-05,ESG-EGARCH(E),0.2321983415620726,2.139526580324482,E,2018-03-27
KHC,KHC.O,2018-04-05,ESG-EGARCH(G),0.2321983415620725,2.139526580324481,G,2018-03-27
KHC,KHC.O,2018-04-05,ESG-EGARCH(S),0.2321983415620725,2.1395265803244814,S,2018-03-27
KHC,KHC.O,2018-04-05,ESG-GARCH,0.2340652730136064,2.174069525037068,all,2018-03-27
KHC,KHC.O,2018-04-05,ESG-GARCH(E),0.2340652730136065,2.1740695250370696,E,2018-03-27
KHC,KHC.O,2018-04-05,ESG-GARCH(G),0.2340652730136065,2.17406952503707,G,2018-03-27
KHC,KHC.O,2018-04-05,ESG-GARCH(S),0.2340652730136065,2.1740695250370696,S,2018-03-27
KHC,KHC.O,2018-04-05,ESG-GJR-GARCH,0.273892609835713,2.9768714969292907,all,2018-03-27
KHC,KHC.O,2018-04-05,ESG-GJR-GARCH(E),0.2738926098357135,2.976871496929301,E,2018-03-27
KHC,KHC.O,2018-04-05,ESG-GJR-GARCH(G),0.2738926098357135,2.976871496929302,G,2018-03-27
KHC,KHC.O,2018-04-05,ESG-GJR-GARCH(S),0.2738926098357135,2.9768714969293018,S,2018-03-27
KHC,KHC.O,2018-04-05,GARCH,0.3004280481303107,3.581627464420171,,2018-03-27
KHC,KHC.O,2018-04-05,GJR-GARCH,0.280599736173399,3.124452854784967,,2018-03-27
KHC,KHC.O,2018-04-06,EGARCH,0.300026148885495,3.572051191073859,,2018-03-27
KHC,KHC.O,2018-04-06,ESG-EGARCH,0.2321983415620725,2.1395265803244814,all,2018-03-27
KHC,KHC.O,2018-04-06,ESG-EGARCH(E),0.2321983415620726,2.139526580324482,E,2018-03-27
KHC,KHC.O,2018-04-06,ESG-EGARCH(G),0.2321983415620725,2.139526580324481,G,2018-03-27
KHC,KHC.O,2018-04-06,ESG-EGARCH(S),0.2321983415620725,2.1395265803244814,S,2018-03-27
KHC,KHC.O,2018-04-06,ESG-GARCH,0.2340652730136064,2.174069525037068,all,2018-03-27
KHC,KHC.O,2018-04-06,ESG-GARCH(E),0.2340652730136065,2.1740695250370696,E,2018-03-27
KHC,KHC.O,2018-04-06,ESG-GARCH(G),0.2340652730136065,2.17406952503707,G,2018-03-27
KHC,KHC.O,2018-04-06,ESG-GARCH(S),0.2340652730136065,2.1740695250370696,S,2018-03-27
KHC,KHC.O,2018-04-06,ESG-GJR-GARCH,0.273892609835713,2.9768714969292907,all,2018-03-27
KHC,KHC.O,2018-04-06,ESG-GJR-GARCH(E),0.2738926098357135,2.976871496929301,E,2018-03-27
KHC,KHC.O,2018-04-06,ESG-GJR-GARCH(G),0.2738926098357135,2.976871496929302,G,2018-03-27
KHC,KHC.O,2018-04-06,ESG-GJR-GARCH(S),0.2738926098357135,2.9768714969293018,S,2018-03-27
KHC,KHC.O,2018-04-06,GARCH,0.3004280481303107,3.581627464420171,,2018-03-27
KHC,KHC.O,2018-04-06,GJR-GARCH,0.280599736173399,3.124452854784967,,2018-03-27
KHC,KHC.O,2018-04-09,EGARCH,0.300026148885495,3.572051191073859,,2018-03-27
KHC,KHC.O,2018-04-09,ESG-EGARCH,0.2321983415620725,2.1395265803244814,all,2018-03-27
KHC,KHC.O,2018-04-09,ESG-EGARCH(E),0.2321983415620726,2.139526580324482,E,2018-03-27
KHC,KHC.O,2018-04-09,ESG-EGARCH(G),0.2321983415620725,2.139526580324481,G,2018-03-27
KHC,KHC.O,2018-04-09,ESG-EGARCH(S),0.2321983415620725,2.1395265803244814,S,2018-03-27
KHC,KHC.O,2018-04-09,ESG-GARCH,0.2340652730136064,2.174069525037068,all,2018-03-27
KHC,KHC.O,2018-04-09,ESG-GARCH(E),0.2340652730136065,2.1740695250370696,E,2018-03-27
KHC,KHC.O,2018-04-09,ESG-GARCH(G),0.2340652730136065,2.17406952503707,G,2018-03-27
KHC,KHC.O,2018-04-09,ESG-GARCH(S),0.2340652730136065,2.1740695250370696,S,2018-03-27
KHC,KHC.O,2018-04-09,ESG-GJR-GARCH,0.273892609835713,2.9768714969292907,all,2018-03-27
KHC,KHC.O,2018-04-09,ESG-GJR-GARCH(E),0.2738926098357135,2.976871496929301,E,2018-03-27
KHC,KHC.O,2018-04-09,ESG-GJR-GARCH(G),0.2738926098357135,2.976871496929302,G,2018-03-27
KHC,KHC.O,2018-04-09,ESG-GJR-GARCH(S),0.2738926098357135,2.9768714969293018,S,2018-03-27
KHC,KHC.O,2018-04-09,GARCH,0.3004280481303107,3.581627464420171,,2018-03-27
KHC,KHC.O,2018-04-09,GJR-GARCH,0.280599736173399,3.124452854784967,,2018-03-27
KHC,KHC.O,2018-04-10,EGARCH,0.300026148885495,3.572051191073859,,2018-03-27
KHC,KHC.O,2018-04-10,ESG-EGARCH,0.2321983415620725,2.1395265803244814,all,2018-03-27
KHC,KHC.O,2018-04-10,ESG-EGARCH(E),0.2321983415620726,2.139526580324482,E,2018-03-27
KHC,KHC.O,2018-04-10,ESG-EGARCH(G),0.2321983415620725,2.139526580324481,G,2018-03-27
KHC,KHC.O,2018-04-10,ESG-EGARCH(S),0.2321983415620725,2.1395265803244814,S,2018-03-27
KHC,KHC.O,2018-04-10,ESG-GARCH,0.2340652730136064,2.174069525037068,all,2018-03-27
KHC,KHC.O,2018-04-10,ESG-GARCH(E),0.2340652730136065,2.1740695250370696,E,2018-03-27
KHC,KHC.O,2018-04-10,ESG-GARCH(G),0.2340652730136065,2.17406952503707,G,2018-03-27
KHC,KHC.O,2018-04-10,ESG-GARCH(S),0.2340652730136065,2.1740695250370696,S,2018-03-27
KHC,KHC.O,2018-04-10,ESG-GJR-GARCH,0.273892609835713,2.9768714969292907,all,2018-03-27
KHC,KHC.O,2018-04-10,ESG-GJR-GARCH(E),0.2738926098357135,2.976871496929301,E,2018-03-27
KHC,KHC.O,2018-04-10,ESG-GJR-GARCH(G),0.2738926098357135,2.976871496929302,G,2018-03-27
KHC,KHC.O,2018-04-10,ESG-GJR-GARCH(S),0.2738926098357135,2.9768714969293018,S,2018-03-27
KHC,KHC.O,2018-04-10,GARCH,0.3004280481303107,3.581627464420171,,2018-03-27
KHC,KHC.O,2018-04-10,GJR-GARCH,0.280599736173399,3.124452854784967,,2018-03-27
KHC,KHC.O,2018-04-11,EGARCH,0.300026148885495,3.572051191073859,,2018-03-27
KHC,KHC.O,2018-04-11,ESG-EGARCH,0.2321983415620725,2.1395265803244814,all,2018-03-27
KHC,KHC.O,2018-04-11,ESG-EGARCH(E),0.2321983415620726,2.139526580324482,E,2018-03-27
KHC,KHC.O,2018-04-11,ESG-EGARCH(G),0.2321983415620725,2.139526580324481,G,2018-03-27
KHC,KHC.O,2018-04-11,ESG-EGARCH(S),0.2321983415620725,2.1395265803244814,S,2018-03-27
KHC,KHC.O,2018-04-11,ESG-GARCH,0.2340652730136064,2.174069525037068,all,2018-03-27
KHC,KHC.O,2018-04-11,ESG-GARCH(E),0.2340652730136065,2.1740695250370696,E,2018-03-27
KHC,KHC.O,2018-04-11,ESG-GARCH(G),0.2340652730136065,2.17406952503707,G,2018-03-27
KHC,KHC.O,2018-04-11,ESG-GARCH(S),0.2340652730136065,2.1740695250370696,S,2018-03-27
KHC,KHC.O,2018-04-11,ESG-GJR-GARCH,0.273892609835713,2.9768714969292907,all,2018-03-27
KHC,KHC.O,2018-04-11,ESG-GJR-GARCH(E),0.2738926098357135,2.976871496929301,E,2018-03-27
KHC,KHC.O,2018-04-11,ESG-GJR-GARCH(G),0.2738926098357135,2.976871496929302,G,2018-03-27
KHC,KHC.O,2018-04-11,ESG-GJR-GARCH(S),0.2738926098357135,2.9768714969293018,S,2018-03-27
KHC,KHC.O,2018-04-11,GARCH,0.3004280481303107,3.581627464420171,,2018-03-27
KHC,KHC.O,2018-04-11,GJR-GARCH,0.280599736173399,3.124452854784967,,2018-03-27
KHC,KHC.O,2018-04-12,EGARCH,0.300026148885495,3.572051191073859,,2018-03-27
KHC,KHC.O,2018-04-12,ESG-EGARCH,0.2321983415620725,2.1395265803244814,all,2018-03-27
KHC,KHC.O,2018-04-12,ESG-EGARCH(E),0.2321983415620726,2.139526580324482,E,2018-03-27
KHC,KHC.O,2018-04-12,ESG-EGARCH(G),0.2321983415620725,2.139526580324481,G,2018-03-27
KHC,KHC.O,2018-04-12,ESG-EGARCH(S),0.2321983415620725,2.1395265803244814,S,2018-03-27
KHC,KHC.O,2018-04-12,ESG-GARCH,0.2340652730136064,2.174069525037068,all,2018-03-27
KHC,KHC.O,2018-04-12,ESG-GARCH(E),0.2340652730136065,2.1740695250370696,E,2018-03-27
KHC,KHC.O,2018-04-12,ESG-GARCH(G),0.2340652730136065,2.17406952503707,G,2018-03-27
KHC,KHC.O,2018-04-12,ESG-GARCH(S),0.2340652730136065,2.1740695250370696,S,2018-03-27
KHC,KHC.O,2018-04-12,ESG-GJR-GARCH,0.273892609835713,2.9768714969292907,all,2018-03-27
KHC,KHC.O,2018-04-12,ESG-GJR-GARCH(E),0.2738926098357135,2.976871496929301,E,2018-03-27
KHC,KHC.O,2018-04-12,ESG-GJR-GARCH(G),0.2738926098357135,2.976871496929302,G,2018-03-27
KHC,KHC.O,2018-04-12,ESG-GJR-GARCH(S),0.2738926098357135,2.9768714969293018,S,2018-03-27
KHC,KHC.O,2018-04-12,GARCH,0.3004280481303107,3.581627464420171,,2018-03-27
KHC,KHC.O,2018-04-12,GJR-GARCH,0.280599736173399,3.124452854784967,,2018-03-27
KHC,KHC.O,2018-04-13,EGARCH,0.300026148885495,3.572051191073859,,2018-03-27
KHC,KHC.O,2018-04-13,ESG-EGARCH,0.2321983415620725,2.1395265803244814,all,2018-03-27
KHC,KHC.O,2018-04-13,ESG-EGARCH(E),0.2321983415620726,2.139526580324482,E,2018-03-27
KHC,KHC.O,2018-04-13,ESG-EGARCH(G),0.2321983415620725,2.139526580324481,G,2018-03-27
KHC,KHC.O,2018-04-13,ESG-EGARCH(S),0.2321983415620725,2.1395265803244814,S,2018-03-27
KHC,KHC.O,2018-04-13,ESG-GARCH,0.2340652730136064,2.174069525037068,all,2018-03-27
KHC,KHC.O,2018-04-13,ESG-GARCH(E),0.2340652730136065,2.1740695250370696,E,2018-03-27
KHC,KHC.O,2018-04-13,ESG-GARCH(G),0.2340652730136065,2.17406952503707,G,2018-03-27
KHC,KHC.O,2018-04-13,ESG-GARCH(S),0.2340652730136065,2.1740695250370696,S,2018-03-27
KHC,KHC.O,2018-04-13,ESG-GJR-GARCH,0.273892609835713,2.9768714969292907,all,2018-03-27
KHC,KHC.O,2018-04-13,ESG-GJR-GARCH(E),0.2738926098357135,2.976871496929301,E,2018-03-27
KHC,KHC.O,2018-04-13,ESG-GJR-GARCH(G),0.2738926098357135,2.976871496929302,G,2018-03-27
KHC,KHC.O,2018-04-13,ESG-GJR-GARCH(S),0.2738926098357135,2.9768714969293018,S,2018-03-27
KHC,KHC.O,2018-04-13,GARCH,0.3004280481303107,3.581627464420171,,2018-03-27
KHC,KHC.O,2018-04-13,GJR-GARCH,0.280599736173399,3.124452854784967,,2018-03-27
KHC,KHC.O,2018-04-16,EGARCH,0.300026148885495,3.572051191073859,,2018-03-27
KHC,KHC.O,2018-04-16,ESG-EGARCH,0.2321983415620725,2.1395265803244814,all,2018-03-27
KHC,KHC.O,2018-04-16,ESG-EGARCH(E),0.2321983415620726,2.139526580324482,E,2018-03-27
KHC,KHC.O,2018-04-16,ESG-EGARCH(G),0.2321983415620725,2.139526580324481,G,2018-03-27
KHC,KHC.O,2018-04-16,ESG-EGARCH(S),0.2321983415620725,2.1395265803244814,S,2018-03-27
KHC,KHC.O,2018-04-16,ESG-GARCH,0.2340652730136064,2.174069525037068,all,2018-03-27
KHC,KHC.O,2018-04-16,ESG-GARCH(E),0.2340652730136065,2.1740695250370696,E,2018-03-27
KHC,KHC.O,2018-04-16,ESG-GARCH(G),0.2340652730136065,2.17406952503707,G,2018-03-27
KHC,KHC.O,2018-04-16,ESG-GARCH(S),0.2340652730136065,2.1740695250370696,S,2018-03-27
KHC,KHC.O,2018-04-16,ESG-GJR-GARCH,0.273892609835713,2.9768714969292907,all,2018-03-27
KHC,KHC.O,2018-04-16,ESG-GJR-GARCH(E),0.2738926098357135,2.976871496929301,E,2018-03-27
KHC,KHC.O,2018-04-16,ESG-GJR-GARCH(G),0.2738926098357135,2.976871496929302,G,2018-03-27
KHC,KHC.O,2018-04-16,ESG-GJR-GARCH(S),0.2738926098357135,2.9768714969293018,S,2018-03-27
KHC,KHC.O,2018-04-16,GARCH,0.3004280481303107,3.581627464420171,,2018-03-27
KHC,KHC.O,2018-04-16,GJR-GARCH,0.280599736173399,3.124452854784967,,2018-03-27
KHC,KHC.O,2018-04-17,EGARCH,0.300026148885495,3.572051191073859,,2018-03-27
KHC,KHC.O,2018-04-17,ESG-EGARCH,0.2321983415620725,2.1395265803244814,all,2018-03-27
KHC,KHC.O,2018-04-17,ESG-EGARCH(E),0.2321983415620726,2.139526580324482,E,2018-03-27
KHC,KHC.O,2018-04-17,ESG-EGARCH(G),0.2321983415620725,2.139526580324481,G,2018-03-27
KHC,KHC.O,2018-04-17,ESG-EGARCH(S),0.2321983415620725,2.1395265803244814,S,2018-03-27
KHC,KHC.O,2018-04-17,ESG-GARCH,0.2340652730136064,2.174069525037068,all,2018-03-27
KHC,KHC.O,2018-04-17,ESG-GARCH(E),0.2340652730136065,2.1740695250370696,E,2018-03-27
KHC,KHC.O,2018-04-17,ESG-GARCH(G),0.2340652730136065,2.17406952503707,G,2018-03-27
KHC,KHC.O,2018-04-17,ESG-GARCH(S),0.2340652730136065,2.1740695250370696,S,2018-03-27
KHC,KHC.O,2018-04-17,ESG-GJR-GARCH,0.273892609835713,2.9768714969292907,all,2018-03-27
KHC,KHC.O,2018-04-17,ESG-GJR-GARCH(E),0.2738926098357135,2.976871496929301,E,2018-03-27
KHC,KHC.O,2018-04-17,ESG-GJR-GARCH(G),0.2738926098357135,2.976871496929302,G,2018-03-27
KHC,KHC.O,2018-04-17,ESG-GJR-GARCH(S),0.2738926098357135,2.9768714969293018,S,2018-03-27
KHC,KHC.O,2018-04-17,GARCH,0.3004280481303107,3.581627464420171,,2018-03-27
KHC,KHC.O,2018-04-17,GJR-GARCH,0.280599736173399,3.124452854784967,,2018-03-27
KHC,KHC.O,2018-04-18,EGARCH,0.300026148885495,3.572051191073859,,2018-03-27
KHC,KHC.O,2018-04-18,ESG-EGARCH,0.2321983415620725,2.1395265803244814,all,2018-03-27
KHC,KHC.O,2018-04-18,ESG-EGARCH(E),0.2321983415620726,2.139526580324482,E,2018-03-27
KHC,KHC.O,2018-04-18,ESG-EGARCH(G),0.2321983415620725,2.139526580324481,G,2018-03-27
KHC,KHC.O,2018-04-18,ESG-EGARCH(S),0.2321983415620725,2.1395265803244814,S,2018-03-27
KHC,KHC.O,2018-04-18,ESG-GARCH,0.2340652730136064,2.174069525037068,all,2018-03-27
KHC,KHC.O,2018-04-18,ESG-GARCH(E),0.2340652730136065,2.1740695250370696,E,2018-03-27
KHC,KHC.O,2018-04-18,ESG-GARCH(G),0.2340652730136065,2.17406952503707,G,2018-03-27
KHC,KHC.O,2018-04-18,ESG-GARCH(S),0.2340652730136065,2.1740695250370696,S,2018-03-27
KHC,KHC.O,2018-04-18,ESG-GJR-GARCH,0.273892609835713,2.9768714969292907,all,2018-03-27
KHC,KHC.O,2018-04-18,ESG-GJR-GARCH(E),0.2738926098357135,2.976871496929301,E,2018-03-27
KHC,KHC.O,2018-04-18,ESG-GJR-GARCH(G),0.2738926098357135,2.976871496929302,G,2018-03-27
KHC,KHC.O,2018-04-18,ESG-GJR-GARCH(S),0.2738926098357135,2.9768714969293018,S,2018-03-27
KHC,KHC.O,2018-04-18,GARCH,0.3004280481303107,3.581627464420171,,2018-03-27
KHC,KHC.O,2018-04-18,GJR-GARCH,0.280599736173399,3.124452854784967,,2018-03-27
KHC,KHC.O,2018-04-19,EGARCH,0.300026148885495,3.572051191073859,,2018-03-27
KHC,KHC.O,2018-04-19,ESG-EGARCH,0.2321983415620725,2.1395265803244814,all,2018-03-27
KHC,KHC.O,2018-04-19,ESG-EGARCH(E),0.2321983415620726,2.139526580324482,E,2018-03-27
KHC,KHC.O,2018-04-19,ESG-EGARCH(G),0.2321983415620725,2.139526580324481,G,2018-03-27
KHC,KHC.O,2018-04-19,ESG-EGARCH(S),0.2321983415620725,2.1395265803244814,S,2018-03-27
KHC,KHC.O,2018-04-19,ESG-GARCH,0.2340652730136064,2.174069525037068,all,2018-03-27
KHC,KHC.O,2018-04-19,ESG-GARCH(E),0.2340652730136065,2.1740695250370696,E,2018-03-27
KHC,KHC.O,2018-04-19,ESG-GARCH(G),0.2340652730136065,2.17406952503707,G,2018-03-27
KHC,KHC.O,2018-04-19,ESG-GARCH(S),0.2340652730136065,2.1740695250370696,S,2018-03-27
KHC,KHC.O,2018-04-19,ESG-GJR-GARCH,0.273892609835713,2.9768714969292907,all,2018-03-27
KHC,KHC.O,2018-04-19,ESG-GJR-GARCH(E),0.2738926098357135,2.976871496929301,E,2018-03-27
KHC,KHC.O,2018-04-19,ESG-GJR-GARCH(G),0.2738926098357135,2.976871496929302,G,2018-03-27
KHC,KHC.O,2018-04-19,ESG-GJR-GARCH(S),0.2738926098357135,2.9768714969293018,S,2018-03-27
KHC,KHC.O,2018-04-19,GARCH,0.3004280481303107,3.581627464420171,,2018-03-27
KHC,KHC.O,2018-04-19,GJR-GARCH,0.280599736173399,3.124452854784967,,2018-03-27
KHC,KHC.O,2018-04-20,EGARCH,0.300026148885495,3.572051191073859,,2018-03-27
KHC,KHC.O,2018-04-20,ESG-EGARCH,0.2321983415620725,2.1395265803244814,all,2018-03-27
KHC,KHC.O,2018-04-20,ESG-EGARCH(E),0.2321983415620726,2.139526580324482,E,2018-03-27
KHC,KHC.O,2018-04-20,ESG-EGARCH(G),0.2321983415620725,2.139526580324481,G,2018-03-27
KHC,KHC.O,2018-04-20,ESG-EGARCH(S),0.2321983415620725,2.1395265803244814,S,2018-03-27
KHC,KHC.O,2018-04-20,ESG-GARCH,0.2340652730136064,2.174069525037068,all,2018-03-27
KHC,KHC.O,2018-04-20,ESG-GARCH(E),0.2340652730136065,2.1740695250370696,E,2018-03-27
KHC,KHC.O,2018-04-20,ESG-GARCH(G),0.2340652730136065,2.17406952503707,G,2018-03-27
KHC,KHC.O,2018-04-20,ESG-GARCH(S),0.2340652730136065,2.1740695250370696,S,2018-03-27
KHC,KHC.O,2018-04-20,ESG-GJR-GARCH,0.273892609835713,2.9768714969292907,all,2018-03-27
KHC,KHC.O,2018-04-20,ESG-GJR-GARCH(E),0.2738926098357135,2.976871496929301,E,2018-03-27
KHC,KHC.O,2018-04-20,ESG-GJR-GARCH(G),0.2738926098357135,2.976871496929302,G,2018-03-27
KHC,KHC.O,2018-04-20,ESG-GJR-GARCH(S),0.2738926098357135,2.9768714969293018,S,2018-03-27
KHC,KHC.O,2018-04-20,GARCH,0.3004280481303107,3.581627464420171,,2018-03-27
KHC,KHC.O,2018-04-20,GJR-GARCH,0.280599736173399,3.124452854784967,,2018-03-27
KHC,KHC.O,2018-04-23,EGARCH,0.300026148885495,3.572051191073859,,2018-03-27
KHC,KHC.O,2018-04-23,ESG-EGARCH,0.2321983415620725,2.1395265803244814,all,2018-03-27
KHC,KHC.O,2018-04-23,ESG-EGARCH(E),0.2321983415620726,2.139526580324482,E,2018-03-27
KHC,KHC.O,2018-04-23,ESG-EGARCH(G),0.2321983415620725,2.139526580324481,G,2018-03-27
KHC,KHC.O,2018-04-23,ESG-EGARCH(S),0.2321983415620725,2.1395265803244814,S,2018-03-27
KHC,KHC.O,2018-04-23,ESG-GARCH,0.2340652730136064,2.174069525037068,all,2018-03-27
KHC,KHC.O,2018-04-23,ESG-GARCH(E),0.2340652730136065,2.1740695250370696,E,2018-03-27
KHC,KHC.O,2018-04-23,ESG-GARCH(G),0.2340652730136065,2.17406952503707,G,2018-03-27
KHC,KHC.O,2018-04-23,ESG-GARCH(S),0.2340652730136065,2.1740695250370696,S,2018-03-27
KHC,KHC.O,2018-04-23,ESG-GJR-GARCH,0.273892609835713,2.9768714969292907,all,2018-03-27
KHC,KHC.O,2018-04-23,ESG-GJR-GARCH(E),0.2738926098357135,2.976871496929301,E,2018-03-27
KHC,KHC.O,2018-04-23,ESG-GJR-GARCH(G),0.2738926098357135,2.976871496929302,G,2018-03-27
KHC,KHC.O,2018-04-23,ESG-GJR-GARCH(S),0.2738926098357135,2.9768714969293018,S,2018-03-27
KHC,KHC.O,2018-04-23,GARCH,0.3004280481303107,3.581627464420171,,2018-03-27
KHC,KHC.O,2018-04-23,GJR-GARCH,0.280599736173399,3.124452854784967,,2018-03-27
KHC,KHC.O,2018-04-24,EGARCH,0.300026148885495,3.572051191073859,,2018-03-27
KHC,KHC.O,2018-04-24,ESG-EGARCH,0.2321983415620725,2.1395265803244814,all,2018-03-27
KHC,KHC.O,2018-04-24,ESG-EGARCH(E),0.2321983415620726,2.139526580324482,E,2018-03-27
KHC,KHC.O,2018-04-24,ESG-EGARCH(G),0.2321983415620725,2.139526580324481,G,2018-03-27
KHC,KHC.O,2018-04-24,ESG-EGARCH(S),0.2321983415620725,2.1395265803244814,S,2018-03-27
KHC,KHC.O,2018-04-24,ESG-GARCH,0.2340652730136064,2.174069525037068,all,2018-03-27
KHC,KHC.O,2018-04-24,ESG-GARCH(E),0.2340652730136065,2.1740695250370696,E,2018-03-27
KHC,KHC.O,2018-04-24,ESG-GARCH(G),0.2340652730136065,2.17406952503707,G,2018-03-27
KHC,KHC.O,2018-04-24,ESG-GARCH(S),0.2340652730136065,2.1740695250370696,S,2018-03-27
KHC,KHC.O,2018-04-24,ESG-GJR-GARCH,0.273892609835713,2.9768714969292907,all,2018-03-27
KHC,KHC.O,2018-04-24,ESG-GJR-GARCH(E),0.2738926098357135,2.976871496929301,E,2018-03-27
KHC,KHC.O,2018-04-24,ESG-GJR-GARCH(G),0.2738926098357135,2.976871496929302,G,2018-03-27
KHC,KHC.O,2018-04-24,ESG-GJR-GARCH(S),0.2738926098357135,2.9768714969293018,S,2018-03-27
KHC,KHC.O,2018-04-24,GARCH,0.3004280481303107,3.581627464420171,,2018-03-27
KHC,KHC.O,2018-04-24,GJR-GARCH,0.280599736173399,3.124452854784967,,2018-03-27
KHC,KHC.O,2018-04-25,EGARCH,0.300026148885495,3.572051191073859,,2018-03-27
KHC,KHC.O,2018-04-25,ESG-EGARCH,0.2321983415620725,2.1395265803244814,all,2018-03-27
KHC,KHC.O,2018-04-25,ESG-EGARCH(E),0.2321983415620726,2.139526580324482,E,2018-03-27
KHC,KHC.O,2018-04-25,ESG-EGARCH(G),0.2321983415620725,2.139526580324481,G,2018-03-27
KHC,KHC.O,2018-04-25,ESG-EGARCH(S),0.2321983415620725,2.1395265803244814,S,2018-03-27
KHC,KHC.O,2018-04-25,ESG-GARCH,0.2340652730136064,2.174069525037068,all,2018-03-27
KHC,KHC.O,2018-04-25,ESG-GARCH(E),0.2340652730136065,2.1740695250370696,E,2018-03-27
KHC,KHC.O,2018-04-25,ESG-GARCH(G),0.2340652730136065,2.17406952503707,G,2018-03-27
KHC,KHC.O,2018-04-25,ESG-GARCH(S),0.2340652730136065,2.1740695250370696,S,2018-03-27
KHC,KHC.O,2018-04-25,ESG-GJR-GARCH,0.273892609835713,2.9768714969292907,all,2018-03-27
KHC,KHC.O,2018-04-25,ESG-GJR-GARCH(E),0.2738926098357135,2.976871496929301,E,2018-03-27
KHC,KHC.O,2018-04-25,ESG-GJR-GARCH(G),0.2738926098357135,2.976871496929302,G,2018-03-27
KHC,KHC.O,2018-04-25,ESG-GJR-GARCH(S),0.2738926098357135,2.9768714969293018,S,2018-03-27
KHC,KHC.O,2018-04-25,GARCH,0.3004280481303107,3.581627464420171,,2018-03-27
KHC,KHC.O,2018-04-25,GJR-GARCH,0.280599736173399,3.124452854784967,,2018-03-27
KHC,KHC.O,2018-04-26,EGARCH,0.300026148885495,3.572051191073859,,2018-03-27
KHC,KHC.O,2018-04-26,ESG-EGARCH,0.2321983415620725,2.1395265803244814,all,2018-03-27
KHC,KHC.O,2018-04-26,ESG-EGARCH(E),0.2321983415620726,2.139526580324482,E,2018-03-27
KHC,KHC.O,2018-04-26,ESG-EGARCH(G),0.2321983415620725,2.139526580324481,G,2018-03-27
KHC,KHC.O,2018-04-26,ESG-EGARCH(S),0.2321983415620725,2.1395265803244814,S,2018-03-27
KHC,KHC.O,2018-04-26,ESG-GARCH,0.2340652730136064,2.174069525037068,all,2018-03-27
KHC,KHC.O,2018-04-26,ESG-GARCH(E),0.2340652730136065,2.1740695250370696,E,2018-03-27
KHC,KHC.O,2018-04-26,ESG-GARCH(G),0.2340652730136065,2.17406952503707,G,2018-03-27
KHC,KHC.O,2018-04-26,ESG-GARCH(S),0.2340652730136065,2.1740695250370696,S,2018-03-27
KHC,KHC.O,2018-04-26,ESG-GJR-GARCH,0.273892609835713,2.9768714969292907,all,2018-03-27
KHC,KHC.O,2018-04-26,ESG-GJR-GARCH(E),0.2738926098357135,2.976871496929301,E,2018-03-27
KHC,KHC.O,2018-04-26,ESG-GJR-GARCH(G),0.2738926098357135,2.976871496929302,G,2018-03-27
KHC,KHC.O,2018-04-26,ESG-GJR-GARCH(S),0.2738926098357135,2.9768714969293018,S,2018-03-27
KHC,KHC.O,2018-04-26,GARCH,0.3004280481303107,3.581627464420171,,2018-03-27
KHC,KHC.O,2018-04-26,GJR-GARCH,0.280599736173399,3.124452854784967,,2018-03-27
KHC,KHC.O,2018-04-27,EGARCH,0.2129462392399501,1.7994484446999242,,2018-04-27
KHC,KHC.O,2018-04-27,ESG-EGARCH,0.2210509507351076,1.9390286833688493,all,2018-04-27
KHC,KHC.O,2018-04-27,ESG-EGARCH(E),0.2210509507351077,1.9390286833688504,E,2018-04-27
KHC,KHC.O,2018-04-27,ESG-EGARCH(G),0.2210509507351077,1.9390286833688504,G,2018-04-27
KHC,KHC.O,2018-04-27,ESG-EGARCH(S),0.2210509507351077,1.939028683368852,S,2018-04-27
KHC,KHC.O,2018-04-27,ESG-GARCH,0.2191537412900856,1.905887393708008,all,2018-04-27
KHC,KHC.O,2018-04-27,ESG-GARCH(E),0.2191537412900866,1.905887393708025,E,2018-04-27
KHC,KHC.O,2018-04-27,ESG-GARCH(G),0.2191537412900867,1.905887393708026,G,2018-04-27
KHC,KHC.O,2018-04-27,ESG-GARCH(S),0.2191537412900867,1.9058873937080256,S,2018-04-27
KHC,KHC.O,2018-04-27,ESG-GJR-GARCH,0.2503519663968452,2.4871471063002835,all,2018-04-27
KHC,KHC.O,2018-04-27,ESG-GJR-GARCH(E),0.2503519663968453,2.4871471063002857,E,2018-04-27
KHC,KHC.O,2018-04-27,ESG-GJR-GARCH(G),0.2503519663968453,2.487147106300285,G,2018-04-27
KHC,KHC.O,2018-04-27,ESG-GJR-GARCH(S),0.2503519663968453,2.487147106300285,S,2018-04-27
KHC,KHC.O,2018-04-27,GARCH,0.203139409009945,1.6375245830519736,,2018-04-27
KHC,KHC.O,2018-04-27,GJR-GARCH,0.2259827428766319,2.026515876112936,,2018-04-27
KHC,KHC.O,2018-04-30,EGARCH,0.2129462392399501,1.7994484446999242,,2018-04-27
KHC,KHC.O,2018-04-30,ESG-EGARCH,0.2210509507351076,1.9390286833688493,all,2018-04-27
KHC,KHC.O,2018-04-30,ESG-EGARCH(E),0.2210509507351077,1.9390286833688504,E,2018-04-27
KHC,KHC.O,2018-04-30,ESG-EGARCH(G),0.2210509507351077,1.9390286833688504,G,2018-04-27
KHC,KHC.O,2018-04-30,ESG-EGARCH(S),0.2210509507351077,1.939028683368852,S,2018-04-27
KHC,KHC.O,2018-04-30,ESG-GARCH,0.2191537412900856,1.905887393708008,all,2018-04-27
KHC,KHC.O,2018-04-30,ESG-GARCH(E),0.2191537412900866,1.905887393708025,E,2018-04-27
KHC,KHC.O,2018-04-30,ESG-GARCH(G),0.2191537412900867,1.905887393708026,G,2018-04-27
KHC,KHC.O,2018-04-30,ESG-GARCH(S),0.2191537412900867,1.9058873937080256,S,2018-04-27
KHC,KHC.O,2018-04-30,ESG-GJR-GARCH,0.2503519663968452,2.4871471063002835,all,2018-04-27
KHC,KHC.O,2018-04-30,ESG-GJR-GARCH(E),0.2503519663968453,2.4871471063002857,E,2018-04-27
KHC,KHC.O,2018-04-30,ESG-GJR-GARCH(G),0.2503519663968453,2.487147106300285,G,2018-04-27
KHC,KHC.O,2018-04-30,ESG-GJR-GARCH(S),0.2503519663968453,2.487147106300285,S,2018-04-27
KHC,KHC.O,2018-04-30,GARCH,0.203139409009945,1.6375245830519736,,2018-04-27
KHC,KHC.O,2018-04-30,GJR-GARCH,0.2259827428766319,2.026515876112936,,2018-04-27
KHC,KHC.O,2018-05-01,EGARCH,0.2129462392399501,1.7994484446999242,,2018-04-27
KHC,KHC.O,2018-05-01,ESG-EGARCH,0.2210509507351076,1.9390286833688493,all,2018-04-27
KHC,KHC.O,2018-05-01,ESG-EGARCH(E),0.2210509507351077,1.9390286833688504,E,2018-04-27
KHC,KHC.O,2018-05-01,ESG-EGARCH(G),0.2210509507351077,1.9390286833688504,G,2018-04-27
KHC,KHC.O,2018-05-01,ESG-EGARCH(S),0.2210509507351077,1.939028683368852,S,2018-04-27
KHC,KHC.O,2018-05-01,ESG-GARCH,0.2191537412900856,1.905887393708008,all,2018-04-27
KHC,KHC.O,2018-05-01,ESG-GARCH(E),0.2191537412900866,1.905887393708025,E,2018-04-27
KHC,KHC.O,2018-05-01,ESG-GARCH(G),0.2191537412900867,1.905887393708026,G,2018-04-27
KHC,KHC.O,2018-05-01,ESG-GARCH(S),0.2191537412900867,1.9058873937080256,S,2018-04-27
KHC,KHC.O,2018-05-01,ESG-GJR-GARCH,0.2503519663968452,2.4871471063002835,all,2018-04-27
KHC,KHC.O,2018-05-01,ESG-GJR-GARCH(E),0.2503519663968453,2.4871471063002857,E,2018-04-27
KHC,KHC.O,2018-05-01,ESG-GJR-GARCH(G),0.2503519663968453,2.487147106300285,G,2018-04-27
KHC,KHC.O,2018-05-01,ESG-GJR-GARCH(S),0.2503519663968453,2.487147106300285,S,2018-04-27
KHC,KHC.O,2018-05-01,GARCH,0.203139409009945,1.6375245830519736,,2018-04-27
KHC,KHC.O,2018-05-01,GJR-GARCH,0.2259827428766319,2.026515876112936,,2018-04-27
KHC,KHC.O,2018-05-02,EGARCH,0.2129462392399501,1.7994484446999242,,2018-04-27
KHC,KHC.O,2018-05-02,ESG-EGARCH,0.2210509507351076,1.9390286833688493,all,2018-04-27
KHC,KHC.O,2018-05-02,ESG-EGARCH(E),0.2210509507351077,1.9390286833688504,E,2018-04-27
KHC,KHC.O,2018-05-02,ESG-EGARCH(G),0.2210509507351077,1.9390286833688504,G,2018-04-27
KHC,KHC.O,2018-05-02,ESG-EGARCH(S),0.2210509507351077,1.939028683368852,S,2018-04-27
KHC,KHC.O,2018-05-02,ESG-GARCH,0.2191537412900856,1.905887393708008,all,2018-04-27
KHC,KHC.O,2018-05-02,ESG-GARCH(E),0.2191537412900866,1.905887393708025,E,2018-04-27
KHC,KHC.O,2018-05-02,ESG-GARCH(G),0.2191537412900867,1.905887393708026,G,2018-04-27
KHC,KHC.O,2018-05-02,ESG-GARCH(S),0.2191537412900867,1.9058873937080256,S,2018-04-27
KHC,KHC.O,2018-05-02,ESG-GJR-GARCH,0.2503519663968452,2.4871471063002835,all,2018-04-27
KHC,KHC.O,2018-05-02,ESG-GJR-GARCH(E),0.2503519663968453,2.4871471063002857,E,2018-04-27
KHC,KHC.O,2018-05-02,ESG-GJR-GARCH(G),0.2503519663968453,2.487147106300285,G,2018-04-27
KHC,KHC.O,2018-05-02,ESG-GJR-GARCH(S),0.2503519663968453,2.487147106300285,S,2018-04-27
KHC,KHC.O,2018-05-02,GARCH,0.203139409009945,1.6375245830519736,,2018-04-27
KHC,KHC.O,2018-05-02,GJR-GARCH,0.2259827428766319,2.026515876112936,,2018-04-27
KHC,KHC.O,2018-05-03,EGARCH,0.2129462392399501,1.7994484446999242,,2018-04-27
KHC,KHC.O,2018-05-03,ESG-EGARCH,0.2210509507351076,1.9390286833688493,all,2018-04-27
KHC,KHC.O,2018-05-03,ESG-EGARCH(E),0.2210509507351077,1.9390286833688504,E,2018-04-27
KHC,KHC.O,2018-05-03,ESG-EGARCH(G),0.2210509507351077,1.9390286833688504,G,2018-04-27
KHC,KHC.O,2018-05-03,ESG-EGARCH(S),0.2210509507351077,1.939028683368852,S,2018-04-27
KHC,KHC.O,2018-05-03,ESG-GARCH,0.2191537412900856,1.905887393708008,all,2018-04-27
KHC,KHC.O,2018-05-03,ESG-GARCH(E),0.2191537412900866,1.905887393708025,E,2018-04-27
KHC,KHC.O,2018-05-03,ESG-GARCH(G),0.2191537412900867,1.905887393708026,G,2018-04-27
KHC,KHC.O,2018-05-03,ESG-GARCH(S),0.2191537412900867,1.9058873937080256,S,2018-04-27
KHC,KHC.O,2018-05-03,ESG-GJR-GARCH,0.2503519663968452,2.4871471063002835,all,2018-04-27
KHC,KHC.O,2018-05-03,ESG-GJR-GARCH(E),0.2503519663968453,2.4871471063002857,E,2018-04-27
KHC,KHC.O,2018-05-03,ESG-GJR-GARCH(G),0.2503519663968453,2.487147106300285,G,2018-04-27
KHC,KHC.O,2018-05-03,ESG-GJR-GARCH(S),0.2503519663968453,2.487147106300285,S,2018-04-27
KHC,KHC.O,2018-05-03,GARCH,0.203139409009945,1.6375245830519736,,2018-04-27
KHC,KHC.O,2018-05-03,GJR-GARCH,0.2259827428766319,2.026515876112936,,2018-04-27
KHC,KHC.O,2018-05-04,EGARCH,0.2129462392399501,1.7994484446999242,,2018-04-27
KHC,KHC.O,2018-05-04,ESG-EGARCH,0.2210509507351076,1.9390286833688493,all,2018-04-27
KHC,KHC.O,2018-05-04,ESG-EGARCH(E),0.2210509507351077,1.9390286833688504,E,2018-04-27
KHC,KHC.O,2018-05-04,ESG-EGARCH(G),0.2210509507351077,1.9390286833688504,G,2018-04-27
KHC,KHC.O,2018-05-04,ESG-EGARCH(S),0.2210509507351077,1.939028683368852,S,2018-04-27
KHC,KHC.O,2018-05-04,ESG-GARCH,0.2191537412900856,1.905887393708008,all,2018-04-27
KHC,KHC.O,2018-05-04,ESG-GARCH(E),0.2191537412900866,1.905887393708025,E,2018-04-27
KHC,KHC.O,2018-05-04,ESG-GARCH(G),0.2191537412900867,1.905887393708026,G,2018-04-27
KHC,KHC.O,2018-05-04,ESG-GARCH(S),0.2191537412900867,1.9058873937080256,S,2018-04-27
KHC,KHC.O,2018-05-04,ESG-GJR-GARCH,0.2503519663968452,2.4871471063002835,all,2018-04-27
KHC,KHC.O,2018-05-04,ESG-GJR-GARCH(E),0.2503519663968453,2.4871471063002857,E,2018-04-27
KHC,KHC.O,2018-05-04,ESG-GJR-GARCH(G),0.2503519663968453,2.487147106300285,G,2018-04-27
KHC,KHC.O,2018-05-04,ESG-GJR-GARCH(S),0.2503519663968453,2.487147106300285,S,2018-04-27
KHC,KHC.O,2018-05-04,GARCH,0.203139409009945,1.6375245830519736,,2018-04-27
KHC,KHC.O,2018-05-04,GJR-GARCH,0.2259827428766319,2.026515876112936,,2018-04-27
KHC,KHC.O,2018-05-07,EGARCH,0.2129462392399501,1.7994484446999242,,2018-04-27
KHC,KHC.O,2018-05-07,ESG-EGARCH,0.2210509507351076,1.9390286833688493,all,2018-04-27
KHC,KHC.O,2018-05-07,ESG-EGARCH(E),0.2210509507351077,1.9390286833688504,E,2018-04-27
KHC,KHC.O,2018-05-07,ESG-EGARCH(G),0.2210509507351077,1.9390286833688504,G,2018-04-27
KHC,KHC.O,2018-05-07,ESG-EGARCH(S),0.2210509507351077,1.939028683368852,S,2018-04-27
KHC,KHC.O,2018-05-07,ESG-GARCH,0.2191537412900856,1.905887393708008,all,2018-04-27
KHC,KHC.O,2018-05-07,ESG-GARCH(E),0.2191537412900866,1.905887393708025,E,2018-04-27
KHC,KHC.O,2018-05-07,ESG-GARCH(G),0.2191537412900867,1.905887393708026,G,2018-04-27
KHC,KHC.O,2018-05-07,ESG-GARCH(S),0.2191537412900867,1.9058873937080256,S,2018-04-27
KHC,KHC.O,2018-05-07,ESG-GJR-GARCH,0.2503519663968452,2.4871471063002835,all,2018-04-27
KHC,KHC.O,2018-05-07,ESG-GJR-GARCH(E),0.2503519663968453,2.4871471063002857,E,2018-04-27
KHC,KHC.O,2018-05-07,ESG-GJR-GARCH(G),0.2503519663968453,2.487147106300285,G,2018-04-27
KHC,KHC.O,2018-05-07,ESG-GJR-GARCH(S),0.2503519663968453,2.487147106300285,S,2018-04-27
KHC,KHC.O,2018-05-07,GARCH,0.203139409009945,1.6375245830519736,,2018-04-27
KHC,KHC.O,2018-05-07,GJR-GARCH,0.2259827428766319,2.026515876112936,,2018-04-27
KHC,KHC.O,2018-05-08,EGARCH,0.2129462392399501,1.7994484446999242,,2018-04-27
KHC,KHC.O,2018-05-08,ESG-EGARCH,0.2210509507351076,1.9390286833688493,all,2018-04-27
KHC,KHC.O,2018-05-08,ESG-EGARCH(E),0.2210509507351077,1.9390286833688504,E,2018-04-27
KHC,KHC.O,2018-05-08,ESG-EGARCH(G),0.2210509507351077,1.9390286833688504,G,2018-04-27
KHC,KHC.O,2018-05-08,ESG-EGARCH(S),0.2210509507351077,1.939028683368852,S,2018-04-27
KHC,KHC.O,2018-05-08,ESG-GARCH,0.2191537412900856,1.905887393708008,all,2018-04-27
KHC,KHC.O,2018-05-08,ESG-GARCH(E),0.2191537412900866,1.905887393708025,E,2018-04-27
KHC,KHC.O,2018-05-08,ESG-GARCH(G),0.2191537412900867,1.905887393708026,G,2018-04-27
KHC,KHC.O,2018-05-08,ESG-GARCH(S),0.2191537412900867,1.9058873937080256,S,2018-04-27
KHC,KHC.O,2018-05-08,ESG-GJR-GARCH,0.2503519663968452,2.4871471063002835,all,2018-04-27
KHC,KHC.O,2018-05-08,ESG-GJR-GARCH(E),0.2503519663968453,2.4871471063002857,E,2018-04-27
KHC,KHC.O,2018-05-08,ESG-GJR-GARCH(G),0.2503519663968453,2.487147106300285,G,2018-04-27
KHC,KHC.O,2018-05-08,ESG-GJR-GARCH(S),0.2503519663968453,2.487147106300285,S,2018-04-27
KHC,KHC.O,2018-05-08,GARCH,0.203139409009945,1.6375245830519736,,2018-04-27
KHC,KHC.O,2018-05-08,GJR-GARCH,0.2259827428766319,2.026515876112936,,2018-04-27
KHC,KHC.O,2018-05-09,EGARCH,0.2129462392399501,1.7994484446999242,,2018-04-27
KHC,KHC.O,2018-05-09,ESG-EGARCH,0.2210509507351076,1.9390286833688493,all,2018-04-27
KHC,KHC.O,2018-05-09,ESG-EGARCH(E),0.2210509507351077,1.9390286833688504,E,2018-04-27
KHC,KHC.O,2018-05-09,ESG-EGARCH(G),0.2210509507351077,1.9390286833688504,G,2018-04-27
KHC,KHC.O,2018-05-09,ESG-EGARCH(S),0.2210509507351077,1.939028683368852,S,2018-04-27
KHC,KHC.O,2018-05-09,ESG-GARCH,0.2191537412900856,1.905887393708008,all,2018-04-27
KHC,KHC.O,2018-05-09,ESG-GARCH(E),0.2191537412900866,1.905887393708025,E,2018-04-27
KHC,KHC.O,2018-05-09,ESG-GARCH(G),0.2191537412900867,1.905887393708026,G,2018-04-27
KHC,KHC.O,2018-05-09,ESG-GARCH(S),0.2191537412900867,1.9058873937080256,S,2018-04-27
KHC,KHC.O,2018-05-09,ESG-GJR-GARCH,0.2503519663968452,2.4871471063002835,all,2018-04-27
KHC,KHC.O,2018-05-09,ESG-GJR-GARCH(E),0.2503519663968453,2.4871471063002857,E,2018-04-27
KHC,KHC.O,2018-05-09,ESG-GJR-GARCH(G),0.2503519663968453,2.487147106300285,G,2018-04-27
KHC,KHC.O,2018-05-09,ESG-GJR-GARCH(S),0.2503519663968453,2.487147106300285,S,2018-04-27
KHC,KHC.O,2018-05-09,GARCH,0.203139409009945,1.6375245830519736,,2018-04-27
KHC,KHC.O,2018-05-09,GJR-GARCH,0.2259827428766319,2.026515876112936,,2018-04-27
KHC,KHC.O,2018-05-10,EGARCH,0.2129462392399501,1.7994484446999242,,2018-04-27
KHC,KHC.O,2018-05-10,ESG-EGARCH,0.2210509507351076,1.9390286833688493,all,2018-04-27
KHC,KHC.O,2018-05-10,ESG-EGARCH(E),0.2210509507351077,1.9390286833688504,E,2018-04-27
KHC,KHC.O,2018-05-10,ESG-EGARCH(G),0.2210509507351077,1.9390286833688504,G,2018-04-27
KHC,KHC.O,2018-05-10,ESG-EGARCH(S),0.2210509507351077,1.939028683368852,S,2018-04-27
KHC,KHC.O,2018-05-10,ESG-GARCH,0.2191537412900856,1.905887393708008,all,2018-04-27
KHC,KHC.O,2018-05-10,ESG-GARCH(E),0.2191537412900866,1.905887393708025,E,2018-04-27
KHC,KHC.O,2018-05-10,ESG-GARCH(G),0.2191537412900867,1.905887393708026,G,2018-04-27
KHC,KHC.O,2018-05-10,ESG-GARCH(S),0.2191537412900867,1.9058873937080256,S,2018-04-27
KHC,KHC.O,2018-05-10,ESG-GJR-GARCH,0.2503519663968452,2.4871471063002835,all,2018-04-27
KHC,KHC.O,2018-05-10,ESG-GJR-GARCH(E),0.2503519663968453,2.4871471063002857,E,2018-04-27
KHC,KHC.O,2018-05-10,ESG-GJR-GARCH(G),0.2503519663968453,2.487147106300285,G,2018-04-27
KHC,KHC.O,2018-05-10,ESG-GJR-GARCH(S),0.2503519663968453,2.487147106300285,S,2018-04-27
KHC,KHC.O,2018-05-10,GARCH,0.203139409009945,1.6375245830519736,,2018-04-27
KHC,KHC.O,2018-05-10,GJR-GARCH,0.2259827428766319,2.026515876112936,,2018-04-27
KHC,KHC.O,2018-05-11,EGARCH,0.2129462392399501,1.7994484446999242,,2018-04-27
KHC,KHC.O,2018-05-11,ESG-EGARCH,0.2210509507351076,1.9390286833688493,all,2018-04-27
KHC,KHC.O,2018-05-11,ESG-EGARCH(E),0.2210509507351077,1.9390286833688504,E,2018-04-27
KHC,KHC.O,2018-05-11,ESG-EGARCH(G),0.2210509507351077,1.9390286833688504,G,2018-04-27
KHC,KHC.O,2018-05-11,ESG-EGARCH(S),0.2210509507351077,1.939028683368852,S,2018-04-27
KHC,KHC.O,2018-05-11,ESG-GARCH,0.2191537412900856,1.905887393708008,all,2018-04-27
KHC,KHC.O,2018-05-11,ESG-GARCH(E),0.2191537412900866,1.905887393708025,E,2018-04-27
KHC,KHC.O,2018-05-11,ESG-GARCH(G),0.2191537412900867,1.905887393708026,G,2018-04-27
KHC,KHC.O,2018-05-11,ESG-GARCH(S),0.2191537412900867,1.9058873937080256,S,2018-04-27
KHC,KHC.O,2018-05-11,ESG-GJR-GARCH,0.2503519663968452,2.4871471063002835,all,2018-04-27
KHC,KHC.O,2018-05-11,ESG-GJR-GARCH(E),0.2503519663968453,2.4871471063002857,E,2018-04-27
KHC,KHC.O,2018-05-11,ESG-GJR-GARCH(G),0.2503519663968453,2.487147106300285,G,2018-04-27
KHC,KHC.O,2018-05-11,ESG-GJR-GARCH(S),0.2503519663968453,2.487147106300285,S,2018-04-27
KHC,KHC.O,2018-05-11,GARCH,0.203139409009945,1.6375245830519736,,2018-04-27
KHC,KHC.O,2018-05-11,GJR-GARCH,0.2259827428766319,2.026515876112936,,2018-04-27
KHC,KHC.O,2018-05-14,EGARCH,0.2129462392399501,1.7994484446999242,,2018-04-27
KHC,KHC.O,2018-05-14,ESG-EGARCH,0.2210509507351076,1.9390286833688493,all,2018-04-27
KHC,KHC.O,2018-05-14,ESG-EGARCH(E),0.2210509507351077,1.9390286833688504,E,2018-04-27
KHC,KHC.O,2018-05-14,ESG-EGARCH(G),0.2210509507351077,1.9390286833688504,G,2018-04-27
KHC,KHC.O,2018-05-14,ESG-EGARCH(S),0.2210509507351077,1.939028683368852,S,2018-04-27
KHC,KHC.O,2018-05-14,ESG-GARCH,0.2191537412900856,1.905887393708008,all,2018-04-27
KHC,KHC.O,2018-05-14,ESG-GARCH(E),0.2191537412900866,1.905887393708025,E,2018-04-27
KHC,KHC.O,2018-05-14,ESG-GARCH(G),0.2191537412900867,1.905887393708026,G,2018-04-27
KHC,KHC.O,2018-05-14,ESG-GARCH(S),0.2191537412900867,1.9058873937080256,S,2018-04-27
KHC,KHC.O,2018-05-14,ESG-GJR-GARCH,0.2503519663968452,2.4871471063002835,all,2018-04-27
KHC,KHC.O,2018-05-14,ESG-GJR-GARCH(E),0.2503519663968453,2.4871471063002857,E,2018-04-27
KHC,KHC.O,2018-05-14,ESG-GJR-GARCH(G),0.2503519663968453,2.487147106300285,G,2018-04-27
KHC,KHC.O,2018-05-14,ESG-GJR-GARCH(S),0.2503519663968453,2.487147106300285,S,2018-04-27
KHC,KHC.O,2018-05-14,GARCH,0.203139409009945,1.6375245830519736,,2018-04-27
KHC,KHC.O,2018-05-14,GJR-GARCH,0.2259827428766319,2.026515876112936,,2018-04-27
KHC,KHC.O,2018-05-15,EGARCH,0.2129462392399501,1.7994484446999242,,2018-04-27
KHC,KHC.O,2018-05-15,ESG-EGARCH,0.2210509507351076,1.9390286833688493,all,2018-04-27
KHC,KHC.O,2018-05-15,ESG-EGARCH(E),0.2210509507351077,1.9390286833688504,E,2018-04-27
KHC,KHC.O,2018-05-15,ESG-EGARCH(G),0.2210509507351077,1.9390286833688504,G,2018-04-27
KHC,KHC.O,2018-05-15,ESG-EGARCH(S),0.2210509507351077,1.939028683368852,S,2018-04-27
KHC,KHC.O,2018-05-15,ESG-GARCH,0.2191537412900856,1.905887393708008,all,2018-04-27
KHC,KHC.O,2018-05-15,ESG-GARCH(E),0.2191537412900866,1.905887393708025,E,2018-04-27
KHC,KHC.O,2018-05-15,ESG-GARCH(G),0.2191537412900867,1.905887393708026,G,2018-04-27
KHC,KHC.O,2018-05-15,ESG-GARCH(S),0.2191537412900867,1.9058873937080256,S,2018-04-27
KHC,KHC.O,2018-05-15,ESG-GJR-GARCH,0.2503519663968452,2.4871471063002835,all,2018-04-27
KHC,KHC.O,2018-05-15,ESG-GJR-GARCH(E),0.2503519663968453,2.4871471063002857,E,2018-04-27
KHC,KHC.O,2018-05-15,ESG-GJR-GARCH(G),0.2503519663968453,2.487147106300285,G,2018-04-27
KHC,KHC.O,2018-05-15,ESG-GJR-GARCH(S),0.2503519663968453,2.487147106300285,S,2018-04-27
KHC,KHC.O,2018-05-15,GARCH,0.203139409009945,1.6375245830519736,,2018-04-27
KHC,KHC.O,2018-05-15,GJR-GARCH,0.2259827428766319,2.026515876112936,,2018-04-27
KHC,KHC.O,2018-05-16,EGARCH,0.2129462392399501,1.7994484446999242,,2018-04-27
KHC,KHC.O,2018-05-16,ESG-EGARCH,0.2210509507351076,1.9390286833688493,all,2018-04-27
KHC,KHC.O,2018-05-16,ESG-EGARCH(E),0.2210509507351077,1.9390286833688504,E,2018-04-27
KHC,KHC.O,2018-05-16,ESG-EGARCH(G),0.2210509507351077,1.9390286833688504,G,2018-04-27
KHC,KHC.O,2018-05-16,ESG-EGARCH(S),0.2210509507351077,1.939028683368852,S,2018-04-27
KHC,KHC.O,2018-05-16,ESG-GARCH,0.2191537412900856,1.905887393708008,all,2018-04-27
KHC,KHC.O,2018-05-16,ESG-GARCH(E),0.2191537412900866,1.905887393708025,E,2018-04-27
KHC,KHC.O,2018-05-16,ESG-GARCH(G),0.2191537412900867,1.905887393708026,G,2018-04-27
KHC,KHC.O,2018-05-16,ESG-GARCH(S),0.2191537412900867,1.9058873937080256,S,2018-04-27
KHC,KHC.O,2018-05-16,ESG-GJR-GARCH,0.2503519663968452,2.4871471063002835,all,2018-04-27
KHC,KHC.O,2018-05-16,ESG-GJR-GARCH(E),0.2503519663968453,2.4871471063002857,E,2018-04-27
KHC,KHC.O,2018-05-16,ESG-GJR-GARCH(G),0.2503519663968453,2.487147106300285,G,2018-04-27
KHC,KHC.O,2018-05-16,ESG-GJR-GARCH(S),0.2503519663968453,2.487147106300285,S,2018-04-27
KHC,KHC.O,2018-05-16,GARCH,0.203139409009945,1.6375245830519736,,2018-04-27
KHC,KHC.O,2018-05-16,GJR-GARCH,0.2259827428766319,2.026515876112936,,2018-04-27
KHC,KHC.O,2018-05-17,EGARCH,0.2129462392399501,1.7994484446999242,,2018-04-27
KHC,KHC.O,2018-05-17,ESG-EGARCH,0.2210509507351076,1.9390286833688493,all,2018-04-27
KHC,KHC.O,2018-05-17,ESG-EGARCH(E),0.2210509507351077,1.9390286833688504,E,2018-04-27
KHC,KHC.O,2018-05-17,ESG-EGARCH(G),0.2210509507351077,1.9390286833688504,G,2018-04-27
KHC,KHC.O,2018-05-17,ESG-EGARCH(S),0.2210509507351077,1.939028683368852,S,2018-04-27
KHC,KHC.O,2018-05-17,ESG-GARCH,0.2191537412900856,1.905887393708008,all,2018-04-27
KHC,KHC.O,2018-05-17,ESG-GARCH(E),0.2191537412900866,1.905887393708025,E,2018-04-27
KHC,KHC.O,2018-05-17,ESG-GARCH(G),0.2191537412900867,1.905887393708026,G,2018-04-27
KHC,KHC.O,2018-05-17,ESG-GARCH(S),0.2191537412900867,1.9058873937080256,S,2018-04-27
KHC,KHC.O,2018-05-17,ESG-GJR-GARCH,0.2503519663968452,2.4871471063002835,all,2018-04-27
KHC,KHC.O,2018-05-17,ESG-GJR-GARCH(E),0.2503519663968453,2.4871471063002857,E,2018-04-27
KHC,KHC.O,2018-05-17,ESG-GJR-GARCH(G),0.2503519663968453,2.487147106300285,G,2018-04-27
KHC,KHC.O,2018-05-17,ESG-GJR-GARCH(S),0.2503519663968453,2.487147106300285,S,2018-04-27
KHC,KHC.O,2018-05-17,GARCH,0.203139409009945,1.6375245830519736,,2018-04-27
KHC,KHC.O,2018-05-17,GJR-GARCH,0.2259827428766319,2.026515876112936,,2018-04-27
KHC,KHC.O,2018-05-18,EGARCH,0.2129462392399501,1.7994484446999242,,2018-04-27
KHC,KHC.O,2018-05-18,ESG-EGARCH,0.2210509507351076,1.9390286833688493,all,2018-04-27
KHC,KHC.O,2018-05-18,ESG-EGARCH(E),0.2210509507351077,1.9390286833688504,E,2018-04-27
KHC,KHC.O,2018-05-18,ESG-EGARCH(G),0.2210509507351077,1.9390286833688504,G,2018-04-27
KHC,KHC.O,2018-05-18,ESG-EGARCH(S),0.2210509507351077,1.939028683368852,S,2018-04-27
KHC,KHC.O,2018-05-18,ESG-GARCH,0.2191537412900856,1.905887393708008,all,2018-04-27
KHC,KHC.O,2018-05-18,ESG-GARCH(E),0.2191537412900866,1.905887393708025,E,2018-04-27
KHC,KHC.O,2018-05-18,ESG-GARCH(G),0.2191537412900867,1.905887393708026,G,2018-04-27
KHC,KHC.O,2018-05-18,ESG-GARCH(S),0.2191537412900867,1.9058873937080256,S,2018-04-27
KHC,KHC.O,2018-05-18,ESG-GJR-GARCH,0.2503519663968452,2.4871471063002835,all,2018-04-27
KHC,KHC.O,2018-05-18,ESG-GJR-GARCH(E),0.2503519663968453,2.4871471063002857,E,2018-04-27
KHC,KHC.O,2018-05-18,ESG-GJR-GARCH(G),0.2503519663968453,2.487147106300285,G,2018-04-27
KHC,KHC.O,2018-05-18,ESG-GJR-GARCH(S),0.2503519663968453,2.487147106300285,S,2018-04-27
KHC,KHC.O,2018-05-18,GARCH,0.203139409009945,1.6375245830519736,,2018-04-27
KHC,KHC.O,2018-05-18,GJR-GARCH,0.2259827428766319,2.026515876112936,,2018-04-27
KHC,KHC.O,2018-05-21,EGARCH,0.2129462392399501,1.7994484446999242,,2018-04-27
KHC,KHC.O,2018-05-21,ESG-EGARCH,0.2210509507351076,1.9390286833688493,all,2018-04-27
KHC,KHC.O,2018-05-21,ESG-EGARCH(E),0.2210509507351077,1.9390286833688504,E,2018-04-27
KHC,KHC.O,2018-05-21,ESG-EGARCH(G),0.2210509507351077,1.9390286833688504,G,2018-04-27
KHC,KHC.O,2018-05-21,ESG-EGARCH(S),0.2210509507351077,1.939028683368852,S,2018-04-27
KHC,KHC.O,2018-05-21,ESG-GARCH,0.2191537412900856,1.905887393708008,all,2018-04-27
KHC,KHC.O,2018-05-21,ESG-GARCH(E),0.2191537412900866,1.905887393708025,E,2018-04-27
KHC,KHC.O,2018-05-21,ESG-GARCH(G),0.2191537412900867,1.905887393708026,G,2018-04-27
KHC,KHC.O,2018-05-21,ESG-GARCH(S),0.2191537412900867,1.9058873937080256,S,2018-04-27
KHC,KHC.O,2018-05-21,ESG-GJR-GARCH,0.2503519663968452,2.4871471063002835,all,2018-04-27
KHC,KHC.O,2018-05-21,ESG-GJR-GARCH(E),0.2503519663968453,2.4871471063002857,E,2018-04-27
KHC,KHC.O,2018-05-21,ESG-GJR-GARCH(G),0.2503519663968453,2.487147106300285,G,2018-04-27
KHC,KHC.O,2018-05-21,ESG-GJR-GARCH(S),0.2503519663968453,2.487147106300285,S,2018-04-27
KHC,KHC.O,2018-05-21,GARCH,0.203139409009945,1.6375245830519736,,2018-04-27
KHC,KHC.O,2018-05-21,GJR-GARCH,0.2259827428766319,2.026515876112936,,2018-04-27
KHC,KHC.O,2018-05-22,EGARCH,0.2129462392399501,1.7994484446999242,,2018-04-27
KHC,KHC.O,2018-05-22,ESG-EGARCH,0.2210509507351076,1.9390286833688493,all,2018-04-27
KHC,KHC.O,2018-05-22,ESG-EGARCH(E),0.2210509507351077,1.9390286833688504,E,2018-04-27
KHC,KHC.O,2018-05-22,ESG-EGARCH(G),0.2210509507351077,1.9390286833688504,G,2018-04-27
KHC,KHC.O,2018-05-22,ESG-EGARCH(S),0.2210509507351077,1.939028683368852,S,2018-04-27
KHC,KHC.O,2018-05-22,ESG-GARCH,0.2191537412900856,1.905887393708008,all,2018-04-27
KHC,KHC.O,2018-05-22,ESG-GARCH(E),0.2191537412900866,1.905887393708025,E,2018-04-27
KHC,KHC.O,2018-05-22,ESG-GARCH(G),0.2191537412900867,1.905887393708026,G,2018-04-27
KHC,KHC.O,2018-05-22,ESG-GARCH(S),0.2191537412900867,1.9058873937080256,S,2018-04-27
KHC,KHC.O,2018-05-22,ESG-GJR-GARCH,0.2503519663968452,2.4871471063002835,all,2018-04-27
KHC,KHC.O,2018-05-22,ESG-GJR-GARCH(E),0.2503519663968453,2.4871471063002857,E,2018-04-27
KHC,KHC.O,2018-05-22,ESG-GJR-GARCH(G),0.2503519663968453,2.487147106300285,G,2018-04-27
KHC,KHC.O,2018-05-22,ESG-GJR-GARCH(S),0.2503519663968453,2.487147106300285,S,2018-04-27
KHC,KHC.O,2018-05-22,GARCH,0.203139409009945,1.6375245830519736,,2018-04-27
KHC,KHC.O,2018-05-22,GJR-GARCH,0.2259827428766319,2.026515876112936,,2018-04-27
KHC,KHC.O,2018-05-23,EGARCH,0.2129462392399501,1.7994484446999242,,2018-04-27
KHC,KHC.O,2018-05-23,ESG-EGARCH,0.2210509507351076,1.9390286833688493,all,2018-04-27
KHC,KHC.O,2018-05-23,ESG-EGARCH(E),0.2210509507351077,1.9390286833688504,E,2018-04-27
KHC,KHC.O,2018-05-23,ESG-EGARCH(G),0.2210509507351077,1.9390286833688504,G,2018-04-27
KHC,KHC.O,2018-05-23,ESG-EGARCH(S),0.2210509507351077,1.939028683368852,S,2018-04-27
KHC,KHC.O,2018-05-23,ESG-GARCH,0.2191537412900856,1.905887393708008,all,2018-04-27
KHC,KHC.O,2018-05-23,ESG-GARCH(E),0.2191537412900866,1.905887393708025,E,2018-04-27
KHC,KHC.O,2018-05-23,ESG-GARCH(G),0.2191537412900867,1.905887393708026,G,2018-04-27
KHC,KHC.O,2018-05-23,ESG-GARCH(S),0.2191537412900867,1.9058873937080256,S,2018-04-27
KHC,KHC.O,2018-05-23,ESG-GJR-GARCH,0.2503519663968452,2.4871471063002835,all,2018-04-27
KHC,KHC.O,2018-05-23,ESG-GJR-GARCH(E),0.2503519663968453,2.4871471063002857,E,2018-04-27
KHC,KHC.O,2018-05-23,ESG-GJR-GARCH(G),0.2503519663968453,2.487147106300285,G,2018-04-27
KHC,KHC.O,2018-05-23,ESG-GJR-GARCH(S),0.2503519663968453,2.487147106300285,S,2018-04-27
KHC,KHC.O,2018-05-23,GARCH,0.203139409009945,1.6375245830519736,,2018-04-27
KHC,KHC.O,2018-05-23,GJR-GARCH,0.2259827428766319,2.026515876112936,,2018-04-27
KHC,KHC.O,2018-05-24,EGARCH,0.2129462392399501,1.7994484446999242,,2018-04-27
KHC,KHC.O,2018-05-24,ESG-EGARCH,0.2210509507351076,1.9390286833688493,all,2018-04-27
KHC,KHC.O,2018-05-24,ESG-EGARCH(E),0.2210509507351077,1.9390286833688504,E,2018-04-27
KHC,KHC.O,2018-05-24,ESG-EGARCH(G),0.2210509507351077,1.9390286833688504,G,2018-04-27
KHC,KHC.O,2018-05-24,ESG-EGARCH(S),0.2210509507351077,1.939028683368852,S,2018-04-27
KHC,KHC.O,2018-05-24,ESG-GARCH,0.2191537412900856,1.905887393708008,all,2018-04-27
KHC,KHC.O,2018-05-24,ESG-GARCH(E),0.2191537412900866,1.905887393708025,E,2018-04-27
KHC,KHC.O,2018-05-24,ESG-GARCH(G),0.2191537412900867,1.905887393708026,G,2018-04-27
KHC,KHC.O,2018-05-24,ESG-GARCH(S),0.2191537412900867,1.9058873937080256,S,2018-04-27
KHC,KHC.O,2018-05-24,ESG-GJR-GARCH,0.2503519663968452,2.4871471063002835,all,2018-04-27
KHC,KHC.O,2018-05-24,ESG-GJR-GARCH(E),0.2503519663968453,2.4871471063002857,E,2018-04-27
KHC,KHC.O,2018-05-24,ESG-GJR-GARCH(G),0.2503519663968453,2.487147106300285,G,2018-04-27
KHC,KHC.O,2018-05-24,ESG-GJR-GARCH(S),0.2503519663968453,2.487147106300285,S,2018-04-27
KHC,KHC.O,2018-05-24,GARCH,0.203139409009945,1.6375245830519736,,2018-04-27
KHC,KHC.O,2018-05-24,GJR-GARCH,0.2259827428766319,2.026515876112936,,2018-04-27
KHC,KHC.O,2018-05-25,EGARCH,0.2129462392399501,1.7994484446999242,,2018-04-27
KHC,KHC.O,2018-05-25,ESG-EGARCH,0.2210509507351076,1.9390286833688493,all,2018-04-27
KHC,KHC.O,2018-05-25,ESG-EGARCH(E),0.2210509507351077,1.9390286833688504,E,2018-04-27
KHC,KHC.O,2018-05-25,ESG-EGARCH(G),0.2210509507351077,1.9390286833688504,G,2018-04-27
KHC,KHC.O,2018-05-25,ESG-EGARCH(S),0.2210509507351077,1.939028683368852,S,2018-04-27
KHC,KHC.O,2018-05-25,ESG-GARCH,0.2191537412900856,1.905887393708008,all,2018-04-27
KHC,KHC.O,2018-05-25,ESG-GARCH(E),0.2191537412900866,1.905887393708025,E,2018-04-27
KHC,KHC.O,2018-05-25,ESG-GARCH(G),0.2191537412900867,1.905887393708026,G,2018-04-27
KHC,KHC.O,2018-05-25,ESG-GARCH(S),0.2191537412900867,1.9058873937080256,S,2018-04-27
KHC,KHC.O,2018-05-25,ESG-GJR-GARCH,0.2503519663968452,2.4871471063002835,all,2018-04-27
KHC,KHC.O,2018-05-25,ESG-GJR-GARCH(E),0.2503519663968453,2.4871471063002857,E,2018-04-27
KHC,KHC.O,2018-05-25,ESG-GJR-GARCH(G),0.2503519663968453,2.487147106300285,G,2018-04-27
KHC,KHC.O,2018-05-25,ESG-GJR-GARCH(S),0.2503519663968453,2.487147106300285,S,2018-04-27
KHC,KHC.O,2018-05-25,GARCH,0.203139409009945,1.6375245830519736,,2018-04-27
KHC,KHC.O,2018-05-25,GJR-GARCH,0.2259827428766319,2.026515876112936,,2018-04-27
KHC,KHC.O,2018-05-30,EGARCH,0.2129462392399501,1.7994484446999242,,2018-04-27
KHC,KHC.O,2018-05-30,ESG-EGARCH,0.2210509507351076,1.9390286833688493,all,2018-04-27
KHC,KHC.O,2018-05-30,ESG-EGARCH(E),0.2210509507351077,1.9390286833688504,E,2018-04-27
KHC,KHC.O,2018-05-30,ESG-EGARCH(G),0.2210509507351077,1.9390286833688504,G,2018-04-27
KHC,KHC.O,2018-05-30,ESG-EGARCH(S),0.2210509507351077,1.939028683368852,S,2018-04-27
KHC,KHC.O,2018-05-30,ESG-GARCH,0.2191537412900856,1.905887393708008,all,2018-04-27
KHC,KHC.O,2018-05-30,ESG-GARCH(E),0.2191537412900866,1.905887393708025,E,2018-04-27
KHC,KHC.O,2018-05-30,ESG-GARCH(G),0.2191537412900867,1.905887393708026,G,2018-04-27
KHC,KHC.O,2018-05-30,ESG-GARCH(S),0.2191537412900867,1.9058873937080256,S,2018-04-27
KHC,KHC.O,2018-05-30,ESG-GJR-GARCH,0.2503519663968452,2.4871471063002835,all,2018-04-27
KHC,KHC.O,2018-05-30,ESG-GJR-GARCH(E),0.2503519663968453,2.4871471063002857,E,2018-04-27
KHC,KHC.O,2018-05-30,ESG-GJR-GARCH(G),0.2503519663968453,2.487147106300285,G,2018-04-27
KHC,KHC.O,2018-05-30,ESG-GJR-GARCH(S),0.2503519663968453,2.487147106300285,S,2018-04-27
KHC,KHC.O,2018-05-30,GARCH,0.203139409009945,1.6375245830519736,,2018-04-27
KHC,KHC.O,2018-05-30,GJR-GARCH,0.2259827428766319,2.026515876112936,,2018-04-27
KHC,KHC.O,2018-05-31,EGARCH,0.2706544770472985,2.90689864864074,,2018-05-31
KHC,KHC.O,2018-05-31,ESG-EGARCH,0.1953179991158095,1.5138539991509277,all,2018-05-31
KHC,KHC.O,2018-05-31,ESG-EGARCH(E),0.1953179991158095,1.5138539991509272,E,2018-05-31
KHC,KHC.O,2018-05-31,ESG-EGARCH(G),0.1953179991158095,1.513853999150928,G,2018-05-31
KHC,KHC.O,2018-05-31,ESG-EGARCH(S),0.1953179991158095,1.5138539991509274,S,2018-05-31
KHC,KHC.O,2018-05-31,ESG-GARCH,0.1880938324253606,1.4039400712880812,all,2018-05-31
KHC,KHC.O,2018-05-31,ESG-GARCH(E),0.1880938324253606,1.4039400712880812,E,2018-05-31
KHC,KHC.O,2018-05-31,ESG-GARCH(G),0.1880938324253606,1.403940071288082,G,2018-05-31
KHC,KHC.O,2018-05-31,ESG-GARCH(S),0.1880938324253606,1.4039400712880812,S,2018-05-31
KHC,KHC.O,2018-05-31,ESG-GJR-GARCH,0.1814711488083084,1.3068165813415562,all,2018-05-31
KHC,KHC.O,2018-05-31,ESG-GJR-GARCH(E),0.1814711488083084,1.3068165813415558,E,2018-05-31
KHC,KHC.O,2018-05-31,ESG-GJR-GARCH(G),0.1814711488083084,1.3068165813415566,G,2018-05-31
KHC,KHC.O,2018-05-31,ESG-GJR-GARCH(S),0.1814711488083084,1.3068165813415555,S,2018-05-31
KHC,KHC.O,2018-05-31,GARCH,0.2677989672395444,2.8458843989907368,,2018-05-31
KHC,KHC.O,2018-05-31,GJR-GARCH,0.2017045984807904,1.6144740098530512,,2018-05-31
KHC,KHC.O,2018-06-01,EGARCH,0.2706544770472985,2.90689864864074,,2018-05-31
KHC,KHC.O,2018-06-01,ESG-EGARCH,0.1953179991158095,1.5138539991509277,all,2018-05-31
KHC,KHC.O,2018-06-01,ESG-EGARCH(E),0.1953179991158095,1.5138539991509272,E,2018-05-31
KHC,KHC.O,2018-06-01,ESG-EGARCH(G),0.1953179991158095,1.513853999150928,G,2018-05-31
KHC,KHC.O,2018-06-01,ESG-EGARCH(S),0.1953179991158095,1.5138539991509274,S,2018-05-31
KHC,KHC.O,2018-06-01,ESG-GARCH,0.1880938324253606,1.4039400712880812,all,2018-05-31
KHC,KHC.O,2018-06-01,ESG-GARCH(E),0.1880938324253606,1.4039400712880812,E,2018-05-31
KHC,KHC.O,2018-06-01,ESG-GARCH(G),0.1880938324253606,1.403940071288082,G,2018-05-31
KHC,KHC.O,2018-06-01,ESG-GARCH(S),0.1880938324253606,1.4039400712880812,S,2018-05-31
KHC,KHC.O,2018-06-01,ESG-GJR-GARCH,0.1814711488083084,1.3068165813415562,all,2018-05-31
KHC,KHC.O,2018-06-01,ESG-GJR-GARCH(E),0.1814711488083084,1.3068165813415558,E,2018-05-31
KHC,KHC.O,2018-06-01,ESG-GJR-GARCH(G),0.1814711488083084,1.3068165813415566,G,2018-05-31
KHC,KHC.O,2018-06-01,ESG-GJR-GARCH(S),0.1814711488083084,1.3068165813415555,S,2018-05-31
KHC,KHC.O,2018-06-01,GARCH,0.2677989672395444,2.8458843989907368,,2018-05-31
KHC,KHC.O,2018-06-01,GJR-GARCH,0.2017045984807904,1.6144740098530512,,2018-05-31
KHC,KHC.O,2018-06-04,EGARCH,0.2706544770472985,2.90689864864074,,2018-05-31
KHC,KHC.O,2018-06-04,ESG-EGARCH,0.1953179991158095,1.5138539991509277,all,2018-05-31
KHC,KHC.O,2018-06-04,ESG-EGARCH(E),0.1953179991158095,1.5138539991509272,E,2018-05-31
KHC,KHC.O,2018-06-04,ESG-EGARCH(G),0.1953179991158095,1.513853999150928,G,2018-05-31
KHC,KHC.O,2018-06-04,ESG-EGARCH(S),0.1953179991158095,1.5138539991509274,S,2018-05-31
KHC,KHC.O,2018-06-04,ESG-GARCH,0.1880938324253606,1.4039400712880812,all,2018-05-31
KHC,KHC.O,2018-06-04,ESG-GARCH(E),0.1880938324253606,1.4039400712880812,E,2018-05-31
KHC,KHC.O,2018-06-04,ESG-GARCH(G),0.1880938324253606,1.403940071288082,G,2018-05-31
KHC,KHC.O,2018-06-04,ESG-GARCH(S),0.1880938324253606,1.4039400712880812,S,2018-05-31
KHC,KHC.O,2018-06-04,ESG-GJR-GARCH,0.1814711488083084,1.3068165813415562,all,2018-05-31
KHC,KHC.O,2018-06-04,ESG-GJR-GARCH(E),0.1814711488083084,1.3068165813415558,E,2018-05-31
KHC,KHC.O,2018-06-04,ESG-GJR-GARCH(G),0.1814711488083084,1.3068165813415566,G,2018-05-31
KHC,KHC.O,2018-06-04,ESG-GJR-GARCH(S),0.1814711488083084,1.3068165813415555,S,2018-05-31
KHC,KHC.O,2018-06-04,GARCH,0.2677989672395444,2.8458843989907368,,2018-05-31
KHC,KHC.O,2018-06-04,GJR-GARCH,0.2017045984807904,1.6144740098530512,,2018-05-31
KHC,KHC.O,2018-06-05,EGARCH,0.2706544770472985,2.90689864864074,,2018-05-31
KHC,KHC.O,2018-06-05,ESG-EGARCH,0.1953179991158095,1.5138539991509277,all,2018-05-31
KHC,KHC.O,2018-06-05,ESG-EGARCH(E),0.1953179991158095,1.5138539991509272,E,2018-05-31
KHC,KHC.O,2018-06-05,ESG-EGARCH(G),0.1953179991158095,1.513853999150928,G,2018-05-31
KHC,KHC.O,2018-06-05,ESG-EGARCH(S),0.1953179991158095,1.5138539991509274,S,2018-05-31
KHC,KHC.O,2018-06-05,ESG-GARCH,0.1880938324253606,1.4039400712880812,all,2018-05-31
KHC,KHC.O,2018-06-05,ESG-GARCH(E),0.1880938324253606,1.4039400712880812,E,2018-05-31
KHC,KHC.O,2018-06-05,ESG-GARCH(G),0.1880938324253606,1.403940071288082,G,2018-05-31
KHC,KHC.O,2018-06-05,ESG-GARCH(S),0.1880938324253606,1.4039400712880812,S,2018-05-31
KHC,KHC.O,2018-06-05,ESG-GJR-GARCH,0.1814711488083084,1.3068165813415562,all,2018-05-31
KHC,KHC.O,2018-06-05,ESG-GJR-GARCH(E),0.1814711488083084,1.3068165813415558,E,2018-05-31
KHC,KHC.O,2018-06-05,ESG-GJR-GARCH(G),0.1814711488083084,1.3068165813415566,G,2018-05-31
KHC,KHC.O,2018-06-05,ESG-GJR-GARCH(S),0.1814711488083084,1.3068165813415555,S,2018-05-31
KHC,KHC.O,2018-06-05,GARCH,0.2677989672395444,2.8458843989907368,,2018-05-31
KHC,KHC.O,2018-06-05,GJR-GARCH,0.2017045984807904,1.6144740098530512,,2018-05-31
KHC,KHC.O,2018-06-06,EGARCH,0.2706544770472985,2.90689864864074,,2018-05-31
KHC,KHC.O,2018-06-06,ESG-EGARCH,0.1953179991158095,1.5138539991509277,all,2018-05-31
KHC,KHC.O,2018-06-06,ESG-EGARCH(E),0.1953179991158095,1.5138539991509272,E,2018-05-31
KHC,KHC.O,2018-06-06,ESG-EGARCH(G),0.1953179991158095,1.513853999150928,G,2018-05-31
KHC,KHC.O,2018-06-06,ESG-EGARCH(S),0.1953179991158095,1.5138539991509274,S,2018-05-31
KHC,KHC.O,2018-06-06,ESG-GARCH,0.1880938324253606,1.4039400712880812,all,2018-05-31
KHC,KHC.O,2018-06-06,ESG-GARCH(E),0.1880938324253606,1.4039400712880812,E,2018-05-31
KHC,KHC.O,2018-06-06,ESG-GARCH(G),0.1880938324253606,1.403940071288082,G,2018-05-31
KHC,KHC.O,2018-06-06,ESG-GARCH(S),0.1880938324253606,1.4039400712880812,S,2018-05-31
KHC,KHC.O,2018-06-06,ESG-GJR-GARCH,0.1814711488083084,1.3068165813415562,all,2018-05-31
KHC,KHC.O,2018-06-06,ESG-GJR-GARCH(E),0.1814711488083084,1.3068165813415558,E,2018-05-31
KHC,KHC.O,2018-06-06,ESG-GJR-GARCH(G),0.1814711488083084,1.3068165813415566,G,2018-05-31
KHC,KHC.O,2018-06-06,ESG-GJR-GARCH(S),0.1814711488083084,1.3068165813415555,S,2018-05-31
KHC,KHC.O,2018-06-06,GARCH,0.2677989672395444,2.8458843989907368,,2018-05-31
KHC,KHC.O,2018-06-06,GJR-GARCH,0.2017045984807904,1.6144740098530512,,2018-05-31
KHC,KHC.O,2018-06-07,EGARCH,0.2706544770472985,2.90689864864074,,2018-05-31
KHC,KHC.O,2018-06-07,ESG-EGARCH,0.1953179991158095,1.5138539991509277,all,2018-05-31
KHC,KHC.O,2018-06-07,ESG-EGARCH(E),0.1953179991158095,1.5138539991509272,E,2018-05-31
KHC,KHC.O,2018-06-07,ESG-EGARCH(G),0.1953179991158095,1.513853999150928,G,2018-05-31
KHC,KHC.O,2018-06-07,ESG-EGARCH(S),0.1953179991158095,1.5138539991509274,S,2018-05-31
KHC,KHC.O,2018-06-07,ESG-GARCH,0.1880938324253606,1.4039400712880812,all,2018-05-31
KHC,KHC.O,2018-06-07,ESG-GARCH(E),0.1880938324253606,1.4039400712880812,E,2018-05-31
KHC,KHC.O,2018-06-07,ESG-GARCH(G),0.1880938324253606,1.403940071288082,G,2018-05-31
KHC,KHC.O,2018-06-07,ESG-GARCH(S),0.1880938324253606,1.4039400712880812,S,2018-05-31
KHC,KHC.O,2018-06-07,ESG-GJR-GARCH,0.1814711488083084,1.3068165813415562,all,2018-05-31
KHC,KHC.O,2018-06-07,ESG-GJR-GARCH(E),0.1814711488083084,1.3068165813415558,E,2018-05-31
KHC,KHC.O,2018-06-07,ESG-GJR-GARCH(G),0.1814711488083084,1.3068165813415566,G,2018-05-31
KHC,KHC.O,2018-06-07,ESG-GJR-GARCH(S),0.1814711488083084,1.3068165813415555,S,2018-05-31
KHC,KHC.O,2018-06-07,GARCH,0.2677989672395444,2.8458843989907368,,2018-05-31
KHC,KHC.O,2018-06-07,GJR-GARCH,0.2017045984807904,1.6144740098530512,,2018-05-31
KHC,KHC.O,2018-06-08,EGARCH,0.2706544770472985,2.90689864864074,,2018-05-31
KHC,KHC.O,2018-06-08,ESG-EGARCH,0.1953179991158095,1.5138539991509277,all,2018-05-31
KHC,KHC.O,2018-06-08,ESG-EGARCH(E),0.1953179991158095,1.5138539991509272,E,2018-05-31
KHC,KHC.O,2018-06-08,ESG-EGARCH(G),0.1953179991158095,1.513853999150928,G,2018-05-31
KHC,KHC.O,2018-06-08,ESG-EGARCH(S),0.1953179991158095,1.5138539991509274,S,2018-05-31
KHC,KHC.O,2018-06-08,ESG-GARCH,0.1880938324253606,1.4039400712880812,all,2018-05-31
KHC,KHC.O,2018-06-08,ESG-GARCH(E),0.1880938324253606,1.4039400712880812,E,2018-05-31
KHC,KHC.O,2018-06-08,ESG-GARCH(G),0.1880938324253606,1.403940071288082,G,2018-05-31
KHC,KHC.O,2018-06-08,ESG-GARCH(S),0.1880938324253606,1.4039400712880812,S,2018-05-31
KHC,KHC.O,2018-06-08,ESG-GJR-GARCH,0.1814711488083084,1.3068165813415562,all,2018-05-31
KHC,KHC.O,2018-06-08,ESG-GJR-GARCH(E),0.1814711488083084,1.3068165813415558,E,2018-05-31
KHC,KHC.O,2018-06-08,ESG-GJR-GARCH(G),0.1814711488083084,1.3068165813415566,G,2018-05-31
KHC,KHC.O,2018-06-08,ESG-GJR-GARCH(S),0.1814711488083084,1.3068165813415555,S,2018-05-31
KHC,KHC.O,2018-06-08,GARCH,0.2677989672395444,2.8458843989907368,,2018-05-31
KHC,KHC.O,2018-06-08,GJR-GARCH,0.2017045984807904,1.6144740098530512,,2018-05-31
KHC,KHC.O,2018-06-11,EGARCH,0.2706544770472985,2.90689864864074,,2018-05-31
KHC,KHC.O,2018-06-11,ESG-EGARCH,0.1953179991158095,1.5138539991509277,all,2018-05-31
KHC,KHC.O,2018-06-11,ESG-EGARCH(E),0.1953179991158095,1.5138539991509272,E,2018-05-31
KHC,KHC.O,2018-06-11,ESG-EGARCH(G),0.1953179991158095,1.513853999150928,G,2018-05-31
KHC,KHC.O,2018-06-11,ESG-EGARCH(S),0.1953179991158095,1.5138539991509274,S,2018-05-31
KHC,KHC.O,2018-06-11,ESG-GARCH,0.1880938324253606,1.4039400712880812,all,2018-05-31
KHC,KHC.O,2018-06-11,ESG-GARCH(E),0.1880938324253606,1.4039400712880812,E,2018-05-31
KHC,KHC.O,2018-06-11,ESG-GARCH(G),0.1880938324253606,1.403940071288082,G,2018-05-31
KHC,KHC.O,2018-06-11,ESG-GARCH(S),0.1880938324253606,1.4039400712880812,S,2018-05-31
KHC,KHC.O,2018-06-11,ESG-GJR-GARCH,0.1814711488083084,1.3068165813415562,all,2018-05-31
KHC,KHC.O,2018-06-11,ESG-GJR-GARCH(E),0.1814711488083084,1.3068165813415558,E,2018-05-31
KHC,KHC.O,2018-06-11,ESG-GJR-GARCH(G),0.1814711488083084,1.3068165813415566,G,2018-05-31
KHC,KHC.O,2018-06-11,ESG-GJR-GARCH(S),0.1814711488083084,1.3068165813415555,S,2018-05-31
KHC,KHC.O,2018-06-11,GARCH,0.2677989672395444,2.8458843989907368,,2018-05-31
KHC,KHC.O,2018-06-11,GJR-GARCH,0.2017045984807904,1.6144740098530512,,2018-05-31
KHC,KHC.O,2018-06-12,EGARCH,0.2706544770472985,2.90689864864074,,2018-05-31
KHC,KHC.O,2018-06-12,ESG-EGARCH,0.1953179991158095,1.5138539991509277,all,2018-05-31
KHC,KHC.O,2018-06-12,ESG-EGARCH(E),0.1953179991158095,1.5138539991509272,E,2018-05-31
KHC,KHC.O,2018-06-12,ESG-EGARCH(G),0.1953179991158095,1.513853999150928,G,2018-05-31
KHC,KHC.O,2018-06-12,ESG-EGARCH(S),0.1953179991158095,1.5138539991509274,S,2018-05-31
KHC,KHC.O,2018-06-12,ESG-GARCH,0.1880938324253606,1.4039400712880812,all,2018-05-31
KHC,KHC.O,2018-06-12,ESG-GARCH(E),0.1880938324253606,1.4039400712880812,E,2018-05-31
KHC,KHC.O,2018-06-12,ESG-GARCH(G),0.1880938324253606,1.403940071288082,G,2018-05-31
KHC,KHC.O,2018-06-12,ESG-GARCH(S),0.1880938324253606,1.4039400712880812,S,2018-05-31
KHC,KHC.O,2018-06-12,ESG-GJR-GARCH,0.1814711488083084,1.3068165813415562,all,2018-05-31
KHC,KHC.O,2018-06-12,ESG-GJR-GARCH(E),0.1814711488083084,1.3068165813415558,E,2018-05-31
KHC,KHC.O,2018-06-12,ESG-GJR-GARCH(G),0.1814711488083084,1.3068165813415566,G,2018-05-31
KHC,KHC.O,2018-06-12,ESG-GJR-GARCH(S),0.1814711488083084,1.3068165813415555,S,2018-05-31
KHC,KHC.O,2018-06-12,GARCH,0.2677989672395444,2.8458843989907368,,2018-05-31
KHC,KHC.O,2018-06-12,GJR-GARCH,0.2017045984807904,1.6144740098530512,,2018-05-31
KHC,KHC.O,2018-06-13,EGARCH,0.2706544770472985,2.90689864864074,,2018-05-31
KHC,KHC.O,2018-06-13,ESG-EGARCH,0.1953179991158095,1.5138539991509277,all,2018-05-31
KHC,KHC.O,2018-06-13,ESG-EGARCH(E),0.1953179991158095,1.5138539991509272,E,2018-05-31
KHC,KHC.O,2018-06-13,ESG-EGARCH(G),0.1953179991158095,1.513853999150928,G,2018-05-31
KHC,KHC.O,2018-06-13,ESG-EGARCH(S),0.1953179991158095,1.5138539991509274,S,2018-05-31
KHC,KHC.O,2018-06-13,ESG-GARCH,0.1880938324253606,1.4039400712880812,all,2018-05-31
KHC,KHC.O,2018-06-13,ESG-GARCH(E),0.1880938324253606,1.4039400712880812,E,2018-05-31
KHC,KHC.O,2018-06-13,ESG-GARCH(G),0.1880938324253606,1.403940071288082,G,2018-05-31
KHC,KHC.O,2018-06-13,ESG-GARCH(S),0.1880938324253606,1.4039400712880812,S,2018-05-31
KHC,KHC.O,2018-06-13,ESG-GJR-GARCH,0.1814711488083084,1.3068165813415562,all,2018-05-31
KHC,KHC.O,2018-06-13,ESG-GJR-GARCH(E),0.1814711488083084,1.3068165813415558,E,2018-05-31
KHC,KHC.O,2018-06-13,ESG-GJR-GARCH(G),0.1814711488083084,1.3068165813415566,G,2018-05-31
KHC,KHC.O,2018-06-13,ESG-GJR-GARCH(S),0.1814711488083084,1.3068165813415555,S,2018-05-31
KHC,KHC.O,2018-06-13,GARCH,0.2677989672395444,2.8458843989907368,,2018-05-31
KHC,KHC.O,2018-06-13,GJR-GARCH,0.2017045984807904,1.6144740098530512,,2018-05-31
KHC,KHC.O,2018-06-14,EGARCH,0.2706544770472985,2.90689864864074,,2018-05-31
KHC,KHC.O,2018-06-14,ESG-EGARCH,0.1953179991158095,1.5138539991509277,all,2018-05-31
KHC,KHC.O,2018-06-14,ESG-EGARCH(E),0.1953179991158095,1.5138539991509272,E,2018-05-31
KHC,KHC.O,2018-06-14,ESG-EGARCH(G),0.1953179991158095,1.513853999150928,G,2018-05-31
KHC,KHC.O,2018-06-14,ESG-EGARCH(S),0.1953179991158095,1.5138539991509274,S,2018-05-31
KHC,KHC.O,2018-06-14,ESG-GARCH,0.1880938324253606,1.4039400712880812,all,2018-05-31
KHC,KHC.O,2018-06-14,ESG-GARCH(E),0.1880938324253606,1.4039400712880812,E,2018-05-31
KHC,KHC.O,2018-06-14,ESG-GARCH(G),0.1880938324253606,1.403940071288082,G,2018-05-31
KHC,KHC.O,2018-06-14,ESG-GARCH(S),0.1880938324253606,1.4039400712880812,S,2018-05-31
KHC,KHC.O,2018-06-14,ESG-GJR-GARCH,0.1814711488083084,1.3068165813415562,all,2018-05-31
KHC,KHC.O,2018-06-14,ESG-GJR-GARCH(E),0.1814711488083084,1.3068165813415558,E,2018-05-31
KHC,KHC.O,2018-06-14,ESG-GJR-GARCH(G),0.1814711488083084,1.3068165813415566,G,2018-05-31
KHC,KHC.O,2018-06-14,ESG-GJR-GARCH(S),0.1814711488083084,1.3068165813415555,S,2018-05-31
KHC,KHC.O,2018-06-14,GARCH,0.2677989672395444,2.8458843989907368,,2018-05-31
KHC,KHC.O,2018-06-14,GJR-GARCH,0.2017045984807904,1.6144740098530512,,2018-05-31
KHC,KHC.O,2018-06-15,EGARCH,0.2706544770472985,2.90689864864074,,2018-05-31
KHC,KHC.O,2018-06-15,ESG-EGARCH,0.1953179991158095,1.5138539991509277,all,2018-05-31
KHC,KHC.O,2018-06-15,ESG-EGARCH(E),0.1953179991158095,1.5138539991509272,E,2018-05-31
KHC,KHC.O,2018-06-15,ESG-EGARCH(G),0.1953179991158095,1.513853999150928,G,2018-05-31
KHC,KHC.O,2018-06-15,ESG-EGARCH(S),0.1953179991158095,1.5138539991509274,S,2018-05-31
KHC,KHC.O,2018-06-15,ESG-GARCH,0.1880938324253606,1.4039400712880812,all,2018-05-31
KHC,KHC.O,2018-06-15,ESG-GARCH(E),0.1880938324253606,1.4039400712880812,E,2018-05-31
KHC,KHC.O,2018-06-15,ESG-GARCH(G),0.1880938324253606,1.403940071288082,G,2018-05-31
KHC,KHC.O,2018-06-15,ESG-GARCH(S),0.1880938324253606,1.4039400712880812,S,2018-05-31
KHC,KHC.O,2018-06-15,ESG-GJR-GARCH,0.1814711488083084,1.3068165813415562,all,2018-05-31
KHC,KHC.O,2018-06-15,ESG-GJR-GARCH(E),0.1814711488083084,1.3068165813415558,E,2018-05-31
KHC,KHC.O,2018-06-15,ESG-GJR-GARCH(G),0.1814711488083084,1.3068165813415566,G,2018-05-31
KHC,KHC.O,2018-06-15,ESG-GJR-GARCH(S),0.1814711488083084,1.3068165813415555,S,2018-05-31
KHC,KHC.O,2018-06-15,GARCH,0.2677989672395444,2.8458843989907368,,2018-05-31
KHC,KHC.O,2018-06-15,GJR-GARCH,0.2017045984807904,1.6144740098530512,,2018-05-31
KHC,KHC.O,2018-06-18,EGARCH,0.2706544770472985,2.90689864864074,,2018-05-31
KHC,KHC.O,2018-06-18,ESG-EGARCH,0.1953179991158095,1.5138539991509277,all,2018-05-31
KHC,KHC.O,2018-06-18,ESG-EGARCH(E),0.1953179991158095,1.5138539991509272,E,2018-05-31
KHC,KHC.O,2018-06-18,ESG-EGARCH(G),0.1953179991158095,1.513853999150928,G,2018-05-31
KHC,KHC.O,2018-06-18,ESG-EGARCH(S),0.1953179991158095,1.5138539991509274,S,2018-05-31
KHC,KHC.O,2018-06-18,ESG-GARCH,0.1880938324253606,1.4039400712880812,all,2018-05-31
KHC,KHC.O,2018-06-18,ESG-GARCH(E),0.1880938324253606,1.4039400712880812,E,2018-05-31
KHC,KHC.O,2018-06-18,ESG-GARCH(G),0.1880938324253606,1.403940071288082,G,2018-05-31
KHC,KHC.O,2018-06-18,ESG-GARCH(S),0.1880938324253606,1.4039400712880812,S,2018-05-31
KHC,KHC.O,2018-06-18,ESG-GJR-GARCH,0.1814711488083084,1.3068165813415562,all,2018-05-31
KHC,KHC.O,2018-06-18,ESG-GJR-GARCH(E),0.1814711488083084,1.3068165813415558,E,2018-05-31
KHC,KHC.O,2018-06-18,ESG-GJR-GARCH(G),0.1814711488083084,1.3068165813415566,G,2018-05-31
KHC,KHC.O,2018-06-18,ESG-GJR-GARCH(S),0.1814711488083084,1.3068165813415555,S,2018-05-31
KHC,KHC.O,2018-06-18,GARCH,0.2677989672395444,2.8458843989907368,,2018-05-31
KHC,KHC.O,2018-06-18,GJR-GARCH,0.2017045984807904,1.6144740098530512,,2018-05-31
KHC,KHC.O,2018-06-19,EGARCH,0.2706544770472985,2.90689864864074,,2018-05-31
KHC,KHC.O,2018-06-19,ESG-EGARCH,0.1953179991158095,1.5138539991509277,all,2018-05-31
KHC,KHC.O,2018-06-19,ESG-EGARCH(E),0.1953179991158095,1.5138539991509272,E,2018-05-31
KHC,KHC.O,2018-06-19,ESG-EGARCH(G),0.1953179991158095,1.513853999150928,G,2018-05-31
KHC,KHC.O,2018-06-19,ESG-EGARCH(S),0.1953179991158095,1.5138539991509274,S,2018-05-31
KHC,KHC.O,2018-06-19,ESG-GARCH,0.1880938324253606,1.4039400712880812,all,2018-05-31
KHC,KHC.O,2018-06-19,ESG-GARCH(E),0.1880938324253606,1.4039400712880812,E,2018-05-31
KHC,KHC.O,2018-06-19,ESG-GARCH(G),0.1880938324253606,1.403940071288082,G,2018-05-31
KHC,KHC.O,2018-06-19,ESG-GARCH(S),0.1880938324253606,1.4039400712880812,S,2018-05-31
KHC,KHC.O,2018-06-19,ESG-GJR-GARCH,0.1814711488083084,1.3068165813415562,all,2018-05-31
KHC,KHC.O,2018-06-19,ESG-GJR-GARCH(E),0.1814711488083084,1.3068165813415558,E,2018-05-31
KHC,KHC.O,2018-06-19,ESG-GJR-GARCH(G),0.1814711488083084,1.3068165813415566,G,2018-05-31
KHC,KHC.O,2018-06-19,ESG-GJR-GARCH(S),0.1814711488083084,1.3068165813415555,S,2018-05-31
KHC,KHC.O,2018-06-19,GARCH,0.2677989672395444,2.8458843989907368,,2018-05-31
KHC,KHC.O,2018-06-19,GJR-GARCH,0.2017045984807904,1.6144740098530512,,2018-05-31
KHC,KHC.O,2018-06-20,EGARCH,0.2706544770472985,2.90689864864074,,2018-05-31
KHC,KHC.O,2018-06-20,ESG-EGARCH,0.1953179991158095,1.5138539991509277,all,2018-05-31
KHC,KHC.O,2018-06-20,ESG-EGARCH(E),0.1953179991158095,1.5138539991509272,E,2018-05-31
KHC,KHC.O,2018-06-20,ESG-EGARCH(G),0.1953179991158095,1.513853999150928,G,2018-05-31
KHC,KHC.O,2018-06-20,ESG-EGARCH(S),0.1953179991158095,1.5138539991509274,S,2018-05-31
KHC,KHC.O,2018-06-20,ESG-GARCH,0.1880938324253606,1.4039400712880812,all,2018-05-31
KHC,KHC.O,2018-06-20,ESG-GARCH(E),0.1880938324253606,1.4039400712880812,E,2018-05-31
KHC,KHC.O,2018-06-20,ESG-GARCH(G),0.1880938324253606,1.403940071288082,G,2018-05-31
KHC,KHC.O,2018-06-20,ESG-GARCH(S),0.1880938324253606,1.4039400712880812,S,2018-05-31
KHC,KHC.O,2018-06-20,ESG-GJR-GARCH,0.1814711488083084,1.3068165813415562,all,2018-05-31
KHC,KHC.O,2018-06-20,ESG-GJR-GARCH(E),0.1814711488083084,1.3068165813415558,E,2018-05-31
KHC,KHC.O,2018-06-20,ESG-GJR-GARCH(G),0.1814711488083084,1.3068165813415566,G,2018-05-31
KHC,KHC.O,2018-06-20,ESG-GJR-GARCH(S),0.1814711488083084,1.3068165813415555,S,2018-05-31
KHC,KHC.O,2018-06-20,GARCH,0.2677989672395444,2.8458843989907368,,2018-05-31
KHC,KHC.O,2018-06-20,GJR-GARCH,0.2017045984807904,1.6144740098530512,,2018-05-31
KHC,KHC.O,2018-06-21,EGARCH,0.2706544770472985,2.90689864864074,,2018-05-31
KHC,KHC.O,2018-06-21,ESG-EGARCH,0.1953179991158095,1.5138539991509277,all,2018-05-31
KHC,KHC.O,2018-06-21,ESG-EGARCH(E),0.1953179991158095,1.5138539991509272,E,2018-05-31
KHC,KHC.O,2018-06-21,ESG-EGARCH(G),0.1953179991158095,1.513853999150928,G,2018-05-31
KHC,KHC.O,2018-06-21,ESG-EGARCH(S),0.1953179991158095,1.5138539991509274,S,2018-05-31
KHC,KHC.O,2018-06-21,ESG-GARCH,0.1880938324253606,1.4039400712880812,all,2018-05-31
KHC,KHC.O,2018-06-21,ESG-GARCH(E),0.1880938324253606,1.4039400712880812,E,2018-05-31
KHC,KHC.O,2018-06-21,ESG-GARCH(G),0.1880938324253606,1.403940071288082,G,2018-05-31
KHC,KHC.O,2018-06-21,ESG-GARCH(S),0.1880938324253606,1.4039400712880812,S,2018-05-31
KHC,KHC.O,2018-06-21,ESG-GJR-GARCH,0.1814711488083084,1.3068165813415562,all,2018-05-31
KHC,KHC.O,2018-06-21,ESG-GJR-GARCH(E),0.1814711488083084,1.3068165813415558,E,2018-05-31
KHC,KHC.O,2018-06-21,ESG-GJR-GARCH(G),0.1814711488083084,1.3068165813415566,G,2018-05-31
KHC,KHC.O,2018-06-21,ESG-GJR-GARCH(S),0.1814711488083084,1.3068165813415555,S,2018-05-31
KHC,KHC.O,2018-06-21,GARCH,0.2677989672395444,2.8458843989907368,,2018-05-31
KHC,KHC.O,2018-06-21,GJR-GARCH,0.2017045984807904,1.6144740098530512,,2018-05-31
KHC,KHC.O,2018-06-22,EGARCH,0.2706544770472985,2.90689864864074,,2018-05-31
KHC,KHC.O,2018-06-22,ESG-EGARCH,0.1953179991158095,1.5138539991509277,all,2018-05-31
KHC,KHC.O,2018-06-22,ESG-EGARCH(E),0.1953179991158095,1.5138539991509272,E,2018-05-31
KHC,KHC.O,2018-06-22,ESG-EGARCH(G),0.1953179991158095,1.513853999150928,G,2018-05-31
KHC,KHC.O,2018-06-22,ESG-EGARCH(S),0.1953179991158095,1.5138539991509274,S,2018-05-31
KHC,KHC.O,2018-06-22,ESG-GARCH,0.1880938324253606,1.4039400712880812,all,2018-05-31
KHC,KHC.O,2018-06-22,ESG-GARCH(E),0.1880938324253606,1.4039400712880812,E,2018-05-31
KHC,KHC.O,2018-06-22,ESG-GARCH(G),0.1880938324253606,1.403940071288082,G,2018-05-31
KHC,KHC.O,2018-06-22,ESG-GARCH(S),0.1880938324253606,1.4039400712880812,S,2018-05-31
KHC,KHC.O,2018-06-22,ESG-GJR-GARCH,0.1814711488083084,1.3068165813415562,all,2018-05-31
KHC,KHC.O,2018-06-22,ESG-GJR-GARCH(E),0.1814711488083084,1.3068165813415558,E,2018-05-31
KHC,KHC.O,2018-06-22,ESG-GJR-GARCH(G),0.1814711488083084,1.3068165813415566,G,2018-05-31
KHC,KHC.O,2018-06-22,ESG-GJR-GARCH(S),0.1814711488083084,1.3068165813415555,S,2018-05-31
KHC,KHC.O,2018-06-22,GARCH,0.2677989672395444,2.8458843989907368,,2018-05-31
KHC,KHC.O,2018-06-22,GJR-GARCH,0.2017045984807904,1.6144740098530512,,2018-05-31
KHC,KHC.O,2018-06-25,EGARCH,0.2706544770472985,2.90689864864074,,2018-05-31
KHC,KHC.O,2018-06-25,ESG-EGARCH,0.1953179991158095,1.5138539991509277,all,2018-05-31
KHC,KHC.O,2018-06-25,ESG-EGARCH(E),0.1953179991158095,1.5138539991509272,E,2018-05-31
KHC,KHC.O,2018-06-25,ESG-EGARCH(G),0.1953179991158095,1.513853999150928,G,2018-05-31
KHC,KHC.O,2018-06-25,ESG-EGARCH(S),0.1953179991158095,1.5138539991509274,S,2018-05-31
KHC,KHC.O,2018-06-25,ESG-GARCH,0.1880938324253606,1.4039400712880812,all,2018-05-31
KHC,KHC.O,2018-06-25,ESG-GARCH(E),0.1880938324253606,1.4039400712880812,E,2018-05-31
KHC,KHC.O,2018-06-25,ESG-GARCH(G),0.1880938324253606,1.403940071288082,G,2018-05-31
KHC,KHC.O,2018-06-25,ESG-GARCH(S),0.1880938324253606,1.4039400712880812,S,2018-05-31
KHC,KHC.O,2018-06-25,ESG-GJR-GARCH,0.1814711488083084,1.3068165813415562,all,2018-05-31
KHC,KHC.O,2018-06-25,ESG-GJR-GARCH(E),0.1814711488083084,1.3068165813415558,E,2018-05-31
KHC,KHC.O,2018-06-25,ESG-GJR-GARCH(G),0.1814711488083084,1.3068165813415566,G,2018-05-31
KHC,KHC.O,2018-06-25,ESG-GJR-GARCH(S),0.1814711488083084,1.3068165813415555,S,2018-05-31
KHC,KHC.O,2018-06-25,GARCH,0.2677989672395444,2.8458843989907368,,2018-05-31
KHC,KHC.O,2018-06-25,GJR-GARCH,0.2017045984807904,1.6144740098530512,,2018-05-31
KHC,KHC.O,2018-06-26,EGARCH,0.2706544770472985,2.90689864864074,,2018-05-31
KHC,KHC.O,2018-06-26,ESG-EGARCH,0.1953179991158095,1.5138539991509277,all,2018-05-31
KHC,KHC.O,2018-06-26,ESG-EGARCH(E),0.1953179991158095,1.5138539991509272,E,2018-05-31
KHC,KHC.O,2018-06-26,ESG-EGARCH(G),0.1953179991158095,1.513853999150928,G,2018-05-31
KHC,KHC.O,2018-06-26,ESG-EGARCH(S),0.1953179991158095,1.5138539991509274,S,2018-05-31
KHC,KHC.O,2018-06-26,ESG-GARCH,0.1880938324253606,1.4039400712880812,all,2018-05-31
KHC,KHC.O,2018-06-26,ESG-GARCH(E),0.1880938324253606,1.4039400712880812,E,2018-05-31
KHC,KHC.O,2018-06-26,ESG-GARCH(G),0.1880938324253606,1.403940071288082,G,2018-05-31
KHC,KHC.O,2018-06-26,ESG-GARCH(S),0.1880938324253606,1.4039400712880812,S,2018-05-31
KHC,KHC.O,2018-06-26,ESG-GJR-GARCH,0.1814711488083084,1.3068165813415562,all,2018-05-31
KHC,KHC.O,2018-06-26,ESG-GJR-GARCH(E),0.1814711488083084,1.3068165813415558,E,2018-05-31
KHC,KHC.O,2018-06-26,ESG-GJR-GARCH(G),0.1814711488083084,1.3068165813415566,G,2018-05-31
KHC,KHC.O,2018-06-26,ESG-GJR-GARCH(S),0.1814711488083084,1.3068165813415555,S,2018-05-31
KHC,KHC.O,2018-06-26,GARCH,0.2677989672395444,2.8458843989907368,,2018-05-31
KHC,KHC.O,2018-06-26,GJR-GARCH,0.2017045984807904,1.6144740098530512,,2018-05-31
KHC,KHC.O,2018-06-27,EGARCH,0.2706544770472985,2.90689864864074,,2018-05-31
KHC,KHC.O,2018-06-27,ESG-EGARCH,0.1953179991158095,1.5138539991509277,all,2018-05-31
KHC,KHC.O,2018-06-27,ESG-EGARCH(E),0.1953179991158095,1.5138539991509272,E,2018-05-31
KHC,KHC.O,2018-06-27,ESG-EGARCH(G),0.1953179991158095,1.513853999150928,G,2018-05-31
KHC,KHC.O,2018-06-27,ESG-EGARCH(S),0.1953179991158095,1.5138539991509274,S,2018-05-31
KHC,KHC.O,2018-06-27,ESG-GARCH,0.1880938324253606,1.4039400712880812,all,2018-05-31
KHC,KHC.O,2018-06-27,ESG-GARCH(E),0.1880938324253606,1.4039400712880812,E,2018-05-31
KHC,KHC.O,2018-06-27,ESG-GARCH(G),0.1880938324253606,1.403940071288082,G,2018-05-31
KHC,KHC.O,2018-06-27,ESG-GARCH(S),0.1880938324253606,1.4039400712880812,S,2018-05-31
KHC,KHC.O,2018-06-27,ESG-GJR-GARCH,0.1814711488083084,1.3068165813415562,all,2018-05-31
KHC,KHC.O,2018-06-27,ESG-GJR-GARCH(E),0.1814711488083084,1.3068165813415558,E,2018-05-31
KHC,KHC.O,2018-06-27,ESG-GJR-GARCH(G),0.1814711488083084,1.3068165813415566,G,2018-05-31
KHC,KHC.O,2018-06-27,ESG-GJR-GARCH(S),0.1814711488083084,1.3068165813415555,S,2018-05-31
KHC,KHC.O,2018-06-27,GARCH,0.2677989672395444,2.8458843989907368,,2018-05-31
KHC,KHC.O,2018-06-27,GJR-GARCH,0.2017045984807904,1.6144740098530512,,2018-05-31
KHC,KHC.O,2018-06-28,EGARCH,0.2706544770472985,2.90689864864074,,2018-05-31
KHC,KHC.O,2018-06-28,ESG-EGARCH,0.1953179991158095,1.5138539991509277,all,2018-05-31
KHC,KHC.O,2018-06-28,ESG-EGARCH(E),0.1953179991158095,1.5138539991509272,E,2018-05-31
KHC,KHC.O,2018-06-28,ESG-EGARCH(G),0.1953179991158095,1.513853999150928,G,2018-05-31
KHC,KHC.O,2018-06-28,ESG-EGARCH(S),0.1953179991158095,1.5138539991509274,S,2018-05-31
KHC,KHC.O,2018-06-28,ESG-GARCH,0.1880938324253606,1.4039400712880812,all,2018-05-31
KHC,KHC.O,2018-06-28,ESG-GARCH(E),0.1880938324253606,1.4039400712880812,E,2018-05-31
KHC,KHC.O,2018-06-28,ESG-GARCH(G),0.1880938324253606,1.403940071288082,G,2018-05-31
KHC,KHC.O,2018-06-28,ESG-GARCH(S),0.1880938324253606,1.4039400712880812,S,2018-05-31
KHC,KHC.O,2018-06-28,ESG-GJR-GARCH,0.1814711488083084,1.3068165813415562,all,2018-05-31
KHC,KHC.O,2018-06-28,ESG-GJR-GARCH(E),0.1814711488083084,1.3068165813415558,E,2018-05-31
KHC,KHC.O,2018-06-28,ESG-GJR-GARCH(G),0.1814711488083084,1.3068165813415566,G,2018-05-31
KHC,KHC.O,2018-06-28,ESG-GJR-GARCH(S),0.1814711488083084,1.3068165813415555,S,2018-05-31
KHC,KHC.O,2018-06-28,GARCH,0.2677989672395444,2.8458843989907368,,2018-05-31
KHC,KHC.O,2018-06-28,GJR-GARCH,0.2017045984807904,1.6144740098530512,,2018-05-31
KHC,KHC.O,2018-06-29,EGARCH,0.2706544770472985,2.90689864864074,,2018-05-31
KHC,KHC.O,2018-06-29,ESG-EGARCH,0.1953179991158095,1.5138539991509277,all,2018-05-31
KHC,KHC.O,2018-06-29,ESG-EGARCH(E),0.1953179991158095,1.5138539991509272,E,2018-05-31
KHC,KHC.O,2018-06-29,ESG-EGARCH(G),0.1953179991158095,1.513853999150928,G,2018-05-31
KHC,KHC.O,2018-06-29,ESG-EGARCH(S),0.1953179991158095,1.5138539991509274,S,2018-05-31
KHC,KHC.O,2018-06-29,ESG-GARCH,0.1880938324253606,1.4039400712880812,all,2018-05-31
KHC,KHC.O,2018-06-29,ESG-GARCH(E),0.1880938324253606,1.4039400712880812,E,2018-05-31
KHC,KHC.O,2018-06-29,ESG-GARCH(G),0.1880938324253606,1.403940071288082,G,2018-05-31
KHC,KHC.O,2018-06-29,ESG-GARCH(S),0.1880938324253606,1.4039400712880812,S,2018-05-31
KHC,KHC.O,2018-06-29,ESG-GJR-GARCH,0.1814711488083084,1.3068165813415562,all,2018-05-31
KHC,KHC.O,2018-06-29,ESG-GJR-GARCH(E),0.1814711488083084,1.3068165813415558,E,2018-05-31
KHC,KHC.O,2018-06-29,ESG-GJR-GARCH(G),0.1814711488083084,1.3068165813415566,G,2018-05-31
KHC,KHC.O,2018-06-29,ESG-GJR-GARCH(S),0.1814711488083084,1.3068165813415555,S,2018-05-31
KHC,KHC.O,2018-06-29,GARCH,0.2677989672395444,2.8458843989907368,,2018-05-31
KHC,KHC.O,2018-06-29,GJR-GARCH,0.2017045984807904,1.6144740098530512,,2018-05-31
KHC,KHC.O,2018-07-02,EGARCH,0.136955346346254,0.7443161465405712,,2018-07-02
KHC,KHC.O,2018-07-02,ESG-EGARCH,0.1554689632140235,0.959150735033468,all,2018-07-02
KHC,KHC.O,2018-07-02,ESG-EGARCH(E),0.1554689632140235,0.9591507350334684,E,2018-07-02
KHC,KHC.O,2018-07-02,ESG-EGARCH(G),0.1554689632140235,0.959150735033468,G,2018-07-02
KHC,KHC.O,2018-07-02,ESG-EGARCH(S),0.1554689632140235,0.9591507350334684,S,2018-07-02
KHC,KHC.O,2018-07-02,ESG-GARCH,0.1589639383197955,1.0027592732595143,all,2018-07-02
KHC,KHC.O,2018-07-02,ESG-GARCH(E),0.1589639383197955,1.002759273259514,E,2018-07-02
KHC,KHC.O,2018-07-02,ESG-GARCH(G),0.1589639383197955,1.002759273259514,G,2018-07-02
KHC,KHC.O,2018-07-02,ESG-GARCH(S),0.1589639383197955,1.002759273259514,S,2018-07-02
KHC,KHC.O,2018-07-02,ESG-GJR-GARCH,0.1592703317143692,1.006628514460525,all,2018-07-02
KHC,KHC.O,2018-07-02,ESG-GJR-GARCH(E),0.1592703317143692,1.0066285144605245,E,2018-07-02
KHC,KHC.O,2018-07-02,ESG-GJR-GARCH(G),0.1592703317143692,1.0066285144605247,G,2018-07-02
KHC,KHC.O,2018-07-02,ESG-GJR-GARCH(S),0.1592703317143692,1.0066285144605245,S,2018-07-02
KHC,KHC.O,2018-07-02,GARCH,0.1435065059418964,0.8172268749068081,,2018-07-02
KHC,KHC.O,2018-07-02,GJR-GARCH,0.143515954065647,0.8173344869592419,,2018-07-02
KHC,KHC.O,2018-07-03,EGARCH,0.136955346346254,0.7443161465405712,,2018-07-02
KHC,KHC.O,2018-07-03,ESG-EGARCH,0.1554689632140235,0.959150735033468,all,2018-07-02
KHC,KHC.O,2018-07-03,ESG-EGARCH(E),0.1554689632140235,0.9591507350334684,E,2018-07-02
KHC,KHC.O,2018-07-03,ESG-EGARCH(G),0.1554689632140235,0.959150735033468,G,2018-07-02
KHC,KHC.O,2018-07-03,ESG-EGARCH(S),0.1554689632140235,0.9591507350334684,S,2018-07-02
KHC,KHC.O,2018-07-03,ESG-GARCH,0.1589639383197955,1.0027592732595143,all,2018-07-02
KHC,KHC.O,2018-07-03,ESG-GARCH(E),0.1589639383197955,1.002759273259514,E,2018-07-02
KHC,KHC.O,2018-07-03,ESG-GARCH(G),0.1589639383197955,1.002759273259514,G,2018-07-02
KHC,KHC.O,2018-07-03,ESG-GARCH(S),0.1589639383197955,1.002759273259514,S,2018-07-02
KHC,KHC.O,2018-07-03,ESG-GJR-GARCH,0.1592703317143692,1.006628514460525,all,2018-07-02
KHC,KHC.O,2018-07-03,ESG-GJR-GARCH(E),0.1592703317143692,1.0066285144605245,E,2018-07-02
KHC,KHC.O,2018-07-03,ESG-GJR-GARCH(G),0.1592703317143692,1.0066285144605247,G,2018-07-02
KHC,KHC.O,2018-07-03,ESG-GJR-GARCH(S),0.1592703317143692,1.0066285144605245,S,2018-07-02
KHC,KHC.O,2018-07-03,GARCH,0.1435065059418964,0.8172268749068081,,2018-07-02
KHC,KHC.O,2018-07-03,GJR-GARCH,0.143515954065647,0.8173344869592419,,2018-07-02
KHC,KHC.O,2018-07-06,EGARCH,0.136955346346254,0.7443161465405712,,2018-07-02
KHC,KHC.O,2018-07-06,ESG-EGARCH,0.1554689632140235,0.959150735033468,all,2018-07-02
KHC,KHC.O,2018-07-06,ESG-EGARCH(E),0.1554689632140235,0.9591507350334684,E,2018-07-02
KHC,KHC.O,2018-07-06,ESG-EGARCH(G),0.1554689632140235,0.959150735033468,G,2018-07-02
KHC,KHC.O,2018-07-06,ESG-EGARCH(S),0.1554689632140235,0.9591507350334684,S,2018-07-02
KHC,KHC.O,2018-07-06,ESG-GARCH,0.1589639383197955,1.0027592732595143,all,2018-07-02
KHC,KHC.O,2018-07-06,ESG-GARCH(E),0.1589639383197955,1.002759273259514,E,2018-07-02
KHC,KHC.O,2018-07-06,ESG-GARCH(G),0.1589639383197955,1.002759273259514,G,2018-07-02
KHC,KHC.O,2018-07-06,ESG-GARCH(S),0.1589639383197955,1.002759273259514,S,2018-07-02
KHC,KHC.O,2018-07-06,ESG-GJR-GARCH,0.1592703317143692,1.006628514460525,all,2018-07-02
KHC,KHC.O,2018-07-06,ESG-GJR-GARCH(E),0.1592703317143692,1.0066285144605245,E,2018-07-02
KHC,KHC.O,2018-07-06,ESG-GJR-GARCH(G),0.1592703317143692,1.0066285144605247,G,2018-07-02
KHC,KHC.O,2018-07-06,ESG-GJR-GARCH(S),0.1592703317143692,1.0066285144605245,S,2018-07-02
KHC,KHC.O,2018-07-06,GARCH,0.1435065059418964,0.8172268749068081,,2018-07-02
KHC,KHC.O,2018-07-06,GJR-GARCH,0.143515954065647,0.8173344869592419,,2018-07-02
KHC,KHC.O,2018-07-09,EGARCH,0.136955346346254,0.7443161465405712,,2018-07-02
KHC,KHC.O,2018-07-09,ESG-EGARCH,0.1554689632140235,0.959150735033468,all,2018-07-02
KHC,KHC.O,2018-07-09,ESG-EGARCH(E),0.1554689632140235,0.9591507350334684,E,2018-07-02
KHC,KHC.O,2018-07-09,ESG-EGARCH(G),0.1554689632140235,0.959150735033468,G,2018-07-02
KHC,KHC.O,2018-07-09,ESG-EGARCH(S),0.1554689632140235,0.9591507350334684,S,2018-07-02
KHC,KHC.O,2018-07-09,ESG-GARCH,0.1589639383197955,1.0027592732595143,all,2018-07-02
KHC,KHC.O,2018-07-09,ESG-GARCH(E),0.1589639383197955,1.002759273259514,E,2018-07-02
KHC,KHC.O,2018-07-09,ESG-GARCH(G),0.1589639383197955,1.002759273259514,G,2018-07-02
KHC,KHC.O,2018-07-09,ESG-GARCH(S),0.1589639383197955,1.002759273259514,S,2018-07-02
KHC,KHC.O,2018-07-09,ESG-GJR-GARCH,0.1592703317143692,1.006628514460525,all,2018-07-02
KHC,KHC.O,2018-07-09,ESG-GJR-GARCH(E),0.1592703317143692,1.0066285144605245,E,2018-07-02
KHC,KHC.O,2018-07-09,ESG-GJR-GARCH(G),0.1592703317143692,1.0066285144605247,G,2018-07-02
KHC,KHC.O,2018-07-09,ESG-GJR-GARCH(S),0.1592703317143692,1.0066285144605245,S,2018-07-02
KHC,KHC.O,2018-07-09,GARCH,0.1435065059418964,0.8172268749068081,,2018-07-02
KHC,KHC.O,2018-07-09,GJR-GARCH,0.143515954065647,0.8173344869592419,,2018-07-02
KHC,KHC.O,2018-07-10,EGARCH,0.136955346346254,0.7443161465405712,,2018-07-02
KHC,KHC.O,2018-07-10,ESG-EGARCH,0.1554689632140235,0.959150735033468,all,2018-07-02
KHC,KHC.O,2018-07-10,ESG-EGARCH(E),0.1554689632140235,0.9591507350334684,E,2018-07-02
KHC,KHC.O,2018-07-10,ESG-EGARCH(G),0.1554689632140235,0.959150735033468,G,2018-07-02
KHC,KHC.O,2018-07-10,ESG-EGARCH(S),0.1554689632140235,0.9591507350334684,S,2018-07-02
KHC,KHC.O,2018-07-10,ESG-GARCH,0.1589639383197955,1.0027592732595143,all,2018-07-02
KHC,KHC.O,2018-07-10,ESG-GARCH(E),0.1589639383197955,1.002759273259514,E,2018-07-02
KHC,KHC.O,2018-07-10,ESG-GARCH(G),0.1589639383197955,1.002759273259514,G,2018-07-02
KHC,KHC.O,2018-07-10,ESG-GARCH(S),0.1589639383197955,1.002759273259514,S,2018-07-02
KHC,KHC.O,2018-07-10,ESG-GJR-GARCH,0.1592703317143692,1.006628514460525,all,2018-07-02
KHC,KHC.O,2018-07-10,ESG-GJR-GARCH(E),0.1592703317143692,1.0066285144605245,E,2018-07-02
KHC,KHC.O,2018-07-10,ESG-GJR-GARCH(G),0.1592703317143692,1.0066285144605247,G,2018-07-02
KHC,KHC.O,2018-07-10,ESG-GJR-GARCH(S),0.1592703317143692,1.0066285144605245,S,2018-07-02
KHC,KHC.O,2018-07-10,GARCH,0.1435065059418964,0.8172268749068081,,2018-07-02
KHC,KHC.O,2018-07-10,GJR-GARCH,0.143515954065647,0.8173344869592419,,2018-07-02
KHC,KHC.O,2018-07-11,EGARCH,0.136955346346254,0.7443161465405712,,2018-07-02
KHC,KHC.O,2018-07-11,ESG-EGARCH,0.1554689632140235,0.959150735033468,all,2018-07-02
KHC,KHC.O,2018-07-11,ESG-EGARCH(E),0.1554689632140235,0.9591507350334684,E,2018-07-02
KHC,KHC.O,2018-07-11,ESG-EGARCH(G),0.1554689632140235,0.959150735033468,G,2018-07-02
KHC,KHC.O,2018-07-11,ESG-EGARCH(S),0.1554689632140235,0.9591507350334684,S,2018-07-02
KHC,KHC.O,2018-07-11,ESG-GARCH,0.1589639383197955,1.0027592732595143,all,2018-07-02
KHC,KHC.O,2018-07-11,ESG-GARCH(E),0.1589639383197955,1.002759273259514,E,2018-07-02
KHC,KHC.O,2018-07-11,ESG-GARCH(G),0.1589639383197955,1.002759273259514,G,2018-07-02
KHC,KHC.O,2018-07-11,ESG-GARCH(S),0.1589639383197955,1.002759273259514,S,2018-07-02
KHC,KHC.O,2018-07-11,ESG-GJR-GARCH,0.1592703317143692,1.006628514460525,all,2018-07-02
KHC,KHC.O,2018-07-11,ESG-GJR-GARCH(E),0.1592703317143692,1.0066285144605245,E,2018-07-02
KHC,KHC.O,2018-07-11,ESG-GJR-GARCH(G),0.1592703317143692,1.0066285144605247,G,2018-07-02
KHC,KHC.O,2018-07-11,ESG-GJR-GARCH(S),0.1592703317143692,1.0066285144605245,S,2018-07-02
KHC,KHC.O,2018-07-11,GARCH,0.1435065059418964,0.8172268749068081,,2018-07-02
KHC,KHC.O,2018-07-11,GJR-GARCH,0.143515954065647,0.8173344869592419,,2018-07-02
KHC,KHC.O,2018-07-12,EGARCH,0.136955346346254,0.7443161465405712,,2018-07-02
KHC,KHC.O,2018-07-12,ESG-EGARCH,0.1554689632140235,0.959150735033468,all,2018-07-02
KHC,KHC.O,2018-07-12,ESG-EGARCH(E),0.1554689632140235,0.9591507350334684,E,2018-07-02
KHC,KHC.O,2018-07-12,ESG-EGARCH(G),0.1554689632140235,0.959150735033468,G,2018-07-02
KHC,KHC.O,2018-07-12,ESG-EGARCH(S),0.1554689632140235,0.9591507350334684,S,2018-07-02
KHC,KHC.O,2018-07-12,ESG-GARCH,0.1589639383197955,1.0027592732595143,all,2018-07-02
KHC,KHC.O,2018-07-12,ESG-GARCH(E),0.1589639383197955,1.002759273259514,E,2018-07-02
KHC,KHC.O,2018-07-12,ESG-GARCH(G),0.1589639383197955,1.002759273259514,G,2018-07-02
KHC,KHC.O,2018-07-12,ESG-GARCH(S),0.1589639383197955,1.002759273259514,S,2018-07-02
KHC,KHC.O,2018-07-12,ESG-GJR-GARCH,0.1592703317143692,1.006628514460525,all,2018-07-02
KHC,KHC.O,2018-07-12,ESG-GJR-GARCH(E),0.1592703317143692,1.0066285144605245,E,2018-07-02
KHC,KHC.O,2018-07-12,ESG-GJR-GARCH(G),0.1592703317143692,1.0066285144605247,G,2018-07-02
KHC,KHC.O,2018-07-12,ESG-GJR-GARCH(S),0.1592703317143692,1.0066285144605245,S,2018-07-02
KHC,KHC.O,2018-07-12,GARCH,0.1435065059418964,0.8172268749068081,,2018-07-02
KHC,KHC.O,2018-07-12,GJR-GARCH,0.143515954065647,0.8173344869592419,,2018-07-02
KHC,KHC.O,2018-07-13,EGARCH,0.136955346346254,0.7443161465405712,,2018-07-02
KHC,KHC.O,2018-07-13,ESG-EGARCH,0.1554689632140235,0.959150735033468,all,2018-07-02
KHC,KHC.O,2018-07-13,ESG-EGARCH(E),0.1554689632140235,0.9591507350334684,E,2018-07-02
KHC,KHC.O,2018-07-13,ESG-EGARCH(G),0.1554689632140235,0.959150735033468,G,2018-07-02
KHC,KHC.O,2018-07-13,ESG-EGARCH(S),0.1554689632140235,0.9591507350334684,S,2018-07-02
KHC,KHC.O,2018-07-13,ESG-GARCH,0.1589639383197955,1.0027592732595143,all,2018-07-02
KHC,KHC.O,2018-07-13,ESG-GARCH(E),0.1589639383197955,1.002759273259514,E,2018-07-02
KHC,KHC.O,2018-07-13,ESG-GARCH(G),0.1589639383197955,1.002759273259514,G,2018-07-02
KHC,KHC.O,2018-07-13,ESG-GARCH(S),0.1589639383197955,1.002759273259514,S,2018-07-02
KHC,KHC.O,2018-07-13,ESG-GJR-GARCH,0.1592703317143692,1.006628514460525,all,2018-07-02
KHC,KHC.O,2018-07-13,ESG-GJR-GARCH(E),0.1592703317143692,1.0066285144605245,E,2018-07-02
KHC,KHC.O,2018-07-13,ESG-GJR-GARCH(G),0.1592703317143692,1.0066285144605247,G,2018-07-02
KHC,KHC.O,2018-07-13,ESG-GJR-GARCH(S),0.1592703317143692,1.0066285144605245,S,2018-07-02
KHC,KHC.O,2018-07-13,GARCH,0.1435065059418964,0.8172268749068081,,2018-07-02
KHC,KHC.O,2018-07-13,GJR-GARCH,0.143515954065647,0.8173344869592419,,2018-07-02
KHC,KHC.O,2018-07-16,EGARCH,0.136955346346254,0.7443161465405712,,2018-07-02
KHC,KHC.O,2018-07-16,ESG-EGARCH,0.1554689632140235,0.959150735033468,all,2018-07-02
KHC,KHC.O,2018-07-16,ESG-EGARCH(E),0.1554689632140235,0.9591507350334684,E,2018-07-02
KHC,KHC.O,2018-07-16,ESG-EGARCH(G),0.1554689632140235,0.959150735033468,G,2018-07-02
KHC,KHC.O,2018-07-16,ESG-EGARCH(S),0.1554689632140235,0.9591507350334684,S,2018-07-02
KHC,KHC.O,2018-07-16,ESG-GARCH,0.1589639383197955,1.0027592732595143,all,2018-07-02
KHC,KHC.O,2018-07-16,ESG-GARCH(E),0.1589639383197955,1.002759273259514,E,2018-07-02
KHC,KHC.O,2018-07-16,ESG-GARCH(G),0.1589639383197955,1.002759273259514,G,2018-07-02
KHC,KHC.O,2018-07-16,ESG-GARCH(S),0.1589639383197955,1.002759273259514,S,2018-07-02
KHC,KHC.O,2018-07-16,ESG-GJR-GARCH,0.1592703317143692,1.006628514460525,all,2018-07-02
KHC,KHC.O,2018-07-16,ESG-GJR-GARCH(E),0.1592703317143692,1.0066285144605245,E,2018-07-02
KHC,KHC.O,2018-07-16,ESG-GJR-GARCH(G),0.1592703317143692,1.0066285144605247,G,2018-07-02
KHC,KHC.O,2018-07-16,ESG-GJR-GARCH(S),0.1592703317143692,1.0066285144605245,S,2018-07-02
KHC,KHC.O,2018-07-16,GARCH,0.1435065059418964,0.8172268749068081,,2018-07-02
KHC,KHC.O,2018-07-16,GJR-GARCH,0.143515954065647,0.8173344869592419,,2018-07-02
KHC,KHC.O,2018-07-17,EGARCH,0.136955346346254,0.7443161465405712,,2018-07-02
KHC,KHC.O,2018-07-17,ESG-EGARCH,0.1554689632140235,0.959150735033468,all,2018-07-02
KHC,KHC.O,2018-07-17,ESG-EGARCH(E),0.1554689632140235,0.9591507350334684,E,2018-07-02
KHC,KHC.O,2018-07-17,ESG-EGARCH(G),0.1554689632140235,0.959150735033468,G,2018-07-02
KHC,KHC.O,2018-07-17,ESG-EGARCH(S),0.1554689632140235,0.9591507350334684,S,2018-07-02
KHC,KHC.O,2018-07-17,ESG-GARCH,0.1589639383197955,1.0027592732595143,all,2018-07-02
KHC,KHC.O,2018-07-17,ESG-GARCH(E),0.1589639383197955,1.002759273259514,E,2018-07-02
KHC,KHC.O,2018-07-17,ESG-GARCH(G),0.1589639383197955,1.002759273259514,G,2018-07-02
KHC,KHC.O,2018-07-17,ESG-GARCH(S),0.1589639383197955,1.002759273259514,S,2018-07-02
KHC,KHC.O,2018-07-17,ESG-GJR-GARCH,0.1592703317143692,1.006628514460525,all,2018-07-02
KHC,KHC.O,2018-07-17,ESG-GJR-GARCH(E),0.1592703317143692,1.0066285144605245,E,2018-07-02
KHC,KHC.O,2018-07-17,ESG-GJR-GARCH(G),0.1592703317143692,1.0066285144605247,G,2018-07-02
KHC,KHC.O,2018-07-17,ESG-GJR-GARCH(S),0.1592703317143692,1.0066285144605245,S,2018-07-02
KHC,KHC.O,2018-07-17,GARCH,0.1435065059418964,0.8172268749068081,,2018-07-02
KHC,KHC.O,2018-07-17,GJR-GARCH,0.143515954065647,0.8173344869592419,,2018-07-02
KHC,KHC.O,2018-07-18,EGARCH,0.136955346346254,0.7443161465405712,,2018-07-02
KHC,KHC.O,2018-07-18,ESG-EGARCH,0.1554689632140235,0.959150735033468,all,2018-07-02
KHC,KHC.O,2018-07-18,ESG-EGARCH(E),0.1554689632140235,0.9591507350334684,E,2018-07-02
KHC,KHC.O,2018-07-18,ESG-EGARCH(G),0.1554689632140235,0.959150735033468,G,2018-07-02
KHC,KHC.O,2018-07-18,ESG-EGARCH(S),0.1554689632140235,0.9591507350334684,S,2018-07-02
KHC,KHC.O,2018-07-18,ESG-GARCH,0.1589639383197955,1.0027592732595143,all,2018-07-02
KHC,KHC.O,2018-07-18,ESG-GARCH(E),0.1589639383197955,1.002759273259514,E,2018-07-02
KHC,KHC.O,2018-07-18,ESG-GARCH(G),0.1589639383197955,1.002759273259514,G,2018-07-02
KHC,KHC.O,2018-07-18,ESG-GARCH(S),0.1589639383197955,1.002759273259514,S,2018-07-02
KHC,KHC.O,2018-07-18,ESG-GJR-GARCH,0.1592703317143692,1.006628514460525,all,2018-07-02
KHC,KHC.O,2018-07-18,ESG-GJR-GARCH(E),0.1592703317143692,1.0066285144605245,E,2018-07-02
KHC,KHC.O,2018-07-18,ESG-GJR-GARCH(G),0.1592703317143692,1.0066285144605247,G,2018-07-02
KHC,KHC.O,2018-07-18,ESG-GJR-GARCH(S),0.1592703317143692,1.0066285144605245,S,2018-07-02
KHC,KHC.O,2018-07-18,GARCH,0.1435065059418964,0.8172268749068081,,2018-07-02
KHC,KHC.O,2018-07-18,GJR-GARCH,0.143515954065647,0.8173344869592419,,2018-07-02
KHC,KHC.O,2018-07-19,EGARCH,0.136955346346254,0.7443161465405712,,2018-07-02
KHC,KHC.O,2018-07-19,ESG-EGARCH,0.1554689632140235,0.959150735033468,all,2018-07-02
KHC,KHC.O,2018-07-19,ESG-EGARCH(E),0.1554689632140235,0.9591507350334684,E,2018-07-02
KHC,KHC.O,2018-07-19,ESG-EGARCH(G),0.1554689632140235,0.959150735033468,G,2018-07-02
KHC,KHC.O,2018-07-19,ESG-EGARCH(S),0.1554689632140235,0.9591507350334684,S,2018-07-02
KHC,KHC.O,2018-07-19,ESG-GARCH,0.1589639383197955,1.0027592732595143,all,2018-07-02
KHC,KHC.O,2018-07-19,ESG-GARCH(E),0.1589639383197955,1.002759273259514,E,2018-07-02
KHC,KHC.O,2018-07-19,ESG-GARCH(G),0.1589639383197955,1.002759273259514,G,2018-07-02
KHC,KHC.O,2018-07-19,ESG-GARCH(S),0.1589639383197955,1.002759273259514,S,2018-07-02
KHC,KHC.O,2018-07-19,ESG-GJR-GARCH,0.1592703317143692,1.006628514460525,all,2018-07-02
KHC,KHC.O,2018-07-19,ESG-GJR-GARCH(E),0.1592703317143692,1.0066285144605245,E,2018-07-02
KHC,KHC.O,2018-07-19,ESG-GJR-GARCH(G),0.1592703317143692,1.0066285144605247,G,2018-07-02
KHC,KHC.O,2018-07-19,ESG-GJR-GARCH(S),0.1592703317143692,1.0066285144605245,S,2018-07-02
KHC,KHC.O,2018-07-19,GARCH,0.1435065059418964,0.8172268749068081,,2018-07-02
KHC,KHC.O,2018-07-19,GJR-GARCH,0.143515954065647,0.8173344869592419,,2018-07-02
KHC,KHC.O,2018-07-20,EGARCH,0.136955346346254,0.7443161465405712,,2018-07-02
KHC,KHC.O,2018-07-20,ESG-EGARCH,0.1554689632140235,0.959150735033468,all,2018-07-02
KHC,KHC.O,2018-07-20,ESG-EGARCH(E),0.1554689632140235,0.9591507350334684,E,2018-07-02
KHC,KHC.O,2018-07-20,ESG-EGARCH(G),0.1554689632140235,0.959150735033468,G,2018-07-02
KHC,KHC.O,2018-07-20,ESG-EGARCH(S),0.1554689632140235,0.9591507350334684,S,2018-07-02
KHC,KHC.O,2018-07-20,ESG-GARCH,0.1589639383197955,1.0027592732595143,all,2018-07-02
KHC,KHC.O,2018-07-20,ESG-GARCH(E),0.1589639383197955,1.002759273259514,E,2018-07-02
KHC,KHC.O,2018-07-20,ESG-GARCH(G),0.1589639383197955,1.002759273259514,G,2018-07-02
KHC,KHC.O,2018-07-20,ESG-GARCH(S),0.1589639383197955,1.002759273259514,S,2018-07-02
KHC,KHC.O,2018-07-20,ESG-GJR-GARCH,0.1592703317143692,1.006628514460525,all,2018-07-02
KHC,KHC.O,2018-07-20,ESG-GJR-GARCH(E),0.1592703317143692,1.0066285144605245,E,2018-07-02
KHC,KHC.O,2018-07-20,ESG-GJR-GARCH(G),0.1592703317143692,1.0066285144605247,G,2018-07-02
KHC,KHC.O,2018-07-20,ESG-GJR-GARCH(S),0.1592703317143692,1.0066285144605245,S,2018-07-02
KHC,KHC.O,2018-07-20,GARCH,0.1435065059418964,0.8172268749068081,,2018-07-02
KHC,KHC.O,2018-07-20,GJR-GARCH,0.143515954065647,0.8173344869592419,,2018-07-02
KHC,KHC.O,2018-07-23,EGARCH,0.136955346346254,0.7443161465405712,,2018-07-02
KHC,KHC.O,2018-07-23,ESG-EGARCH,0.1554689632140235,0.959150735033468,all,2018-07-02
KHC,KHC.O,2018-07-23,ESG-EGARCH(E),0.1554689632140235,0.9591507350334684,E,2018-07-02
KHC,KHC.O,2018-07-23,ESG-EGARCH(G),0.1554689632140235,0.959150735033468,G,2018-07-02
KHC,KHC.O,2018-07-23,ESG-EGARCH(S),0.1554689632140235,0.9591507350334684,S,2018-07-02
KHC,KHC.O,2018-07-23,ESG-GARCH,0.1589639383197955,1.0027592732595143,all,2018-07-02
KHC,KHC.O,2018-07-23,ESG-GARCH(E),0.1589639383197955,1.002759273259514,E,2018-07-02
KHC,KHC.O,2018-07-23,ESG-GARCH(G),0.1589639383197955,1.002759273259514,G,2018-07-02
KHC,KHC.O,2018-07-23,ESG-GARCH(S),0.1589639383197955,1.002759273259514,S,2018-07-02
KHC,KHC.O,2018-07-23,ESG-GJR-GARCH,0.1592703317143692,1.006628514460525,all,2018-07-02
KHC,KHC.O,2018-07-23,ESG-GJR-GARCH(E),0.1592703317143692,1.0066285144605245,E,2018-07-02
KHC,KHC.O,2018-07-23,ESG-GJR-GARCH(G),0.1592703317143692,1.0066285144605247,G,2018-07-02
KHC,KHC.O,2018-07-23,ESG-GJR-GARCH(S),0.1592703317143692,1.0066285144605245,S,2018-07-02
KHC,KHC.O,2018-07-23,GARCH,0.1435065059418964,0.8172268749068081,,2018-07-02
KHC,KHC.O,2018-07-23,GJR-GARCH,0.143515954065647,0.8173344869592419,,2018-07-02
KHC,KHC.O,2018-07-24,EGARCH,0.136955346346254,0.7443161465405712,,2018-07-02
KHC,KHC.O,2018-07-24,ESG-EGARCH,0.1554689632140235,0.959150735033468,all,2018-07-02
KHC,KHC.O,2018-07-24,ESG-EGARCH(E),0.1554689632140235,0.9591507350334684,E,2018-07-02
KHC,KHC.O,2018-07-24,ESG-EGARCH(G),0.1554689632140235,0.959150735033468,G,2018-07-02
KHC,KHC.O,2018-07-24,ESG-EGARCH(S),0.1554689632140235,0.9591507350334684,S,2018-07-02
KHC,KHC.O,2018-07-24,ESG-GARCH,0.1589639383197955,1.0027592732595143,all,2018-07-02
KHC,KHC.O,2018-07-24,ESG-GARCH(E),0.1589639383197955,1.002759273259514,E,2018-07-02
KHC,KHC.O,2018-07-24,ESG-GARCH(G),0.1589639383197955,1.002759273259514,G,2018-07-02
KHC,KHC.O,2018-07-24,ESG-GARCH(S),0.1589639383197955,1.002759273259514,S,2018-07-02
KHC,KHC.O,2018-07-24,ESG-GJR-GARCH,0.1592703317143692,1.006628514460525,all,2018-07-02
KHC,KHC.O,2018-07-24,ESG-GJR-GARCH(E),0.1592703317143692,1.0066285144605245,E,2018-07-02
KHC,KHC.O,2018-07-24,ESG-GJR-GARCH(G),0.1592703317143692,1.0066285144605247,G,2018-07-02
KHC,KHC.O,2018-07-24,ESG-GJR-GARCH(S),0.1592703317143692,1.0066285144605245,S,2018-07-02
KHC,KHC.O,2018-07-24,GARCH,0.1435065059418964,0.8172268749068081,,2018-07-02
KHC,KHC.O,2018-07-24,GJR-GARCH,0.143515954065647,0.8173344869592419,,2018-07-02
KHC,KHC.O,2018-07-25,EGARCH,0.136955346346254,0.7443161465405712,,2018-07-02
KHC,KHC.O,2018-07-25,ESG-EGARCH,0.1554689632140235,0.959150735033468,all,2018-07-02
KHC,KHC.O,2018-07-25,ESG-EGARCH(E),0.1554689632140235,0.9591507350334684,E,2018-07-02
KHC,KHC.O,2018-07-25,ESG-EGARCH(G),0.1554689632140235,0.959150735033468,G,2018-07-02
KHC,KHC.O,2018-07-25,ESG-EGARCH(S),0.1554689632140235,0.9591507350334684,S,2018-07-02
KHC,KHC.O,2018-07-25,ESG-GARCH,0.1589639383197955,1.0027592732595143,all,2018-07-02
KHC,KHC.O,2018-07-25,ESG-GARCH(E),0.1589639383197955,1.002759273259514,E,2018-07-02
KHC,KHC.O,2018-07-25,ESG-GARCH(G),0.1589639383197955,1.002759273259514,G,2018-07-02
KHC,KHC.O,2018-07-25,ESG-GARCH(S),0.1589639383197955,1.002759273259514,S,2018-07-02
KHC,KHC.O,2018-07-25,ESG-GJR-GARCH,0.1592703317143692,1.006628514460525,all,2018-07-02
KHC,KHC.O,2018-07-25,ESG-GJR-GARCH(E),0.1592703317143692,1.0066285144605245,E,2018-07-02
KHC,KHC.O,2018-07-25,ESG-GJR-GARCH(G),0.1592703317143692,1.0066285144605247,G,2018-07-02
KHC,KHC.O,2018-07-25,ESG-GJR-GARCH(S),0.1592703317143692,1.0066285144605245,S,2018-07-02
KHC,KHC.O,2018-07-25,GARCH,0.1435065059418964,0.8172268749068081,,2018-07-02
KHC,KHC.O,2018-07-25,GJR-GARCH,0.143515954065647,0.8173344869592419,,2018-07-02
KHC,KHC.O,2018-07-26,EGARCH,0.136955346346254,0.7443161465405712,,2018-07-02
KHC,KHC.O,2018-07-26,ESG-EGARCH,0.1554689632140235,0.959150735033468,all,2018-07-02
KHC,KHC.O,2018-07-26,ESG-EGARCH(E),0.1554689632140235,0.9591507350334684,E,2018-07-02
KHC,KHC.O,2018-07-26,ESG-EGARCH(G),0.1554689632140235,0.959150735033468,G,2018-07-02
KHC,KHC.O,2018-07-26,ESG-EGARCH(S),0.1554689632140235,0.9591507350334684,S,2018-07-02
KHC,KHC.O,2018-07-26,ESG-GARCH,0.1589639383197955,1.0027592732595143,all,2018-07-02
KHC,KHC.O,2018-07-26,ESG-GARCH(E),0.1589639383197955,1.002759273259514,E,2018-07-02
KHC,KHC.O,2018-07-26,ESG-GARCH(G),0.1589639383197955,1.002759273259514,G,2018-07-02
KHC,KHC.O,2018-07-26,ESG-GARCH(S),0.1589639383197955,1.002759273259514,S,2018-07-02
KHC,KHC.O,2018-07-26,ESG-GJR-GARCH,0.1592703317143692,1.006628514460525,all,2018-07-02
KHC,KHC.O,2018-07-26,ESG-GJR-GARCH(E),0.1592703317143692,1.0066285144605245,E,2018-07-02
KHC,KHC.O,2018-07-26,ESG-GJR-GARCH(G),0.1592703317143692,1.0066285144605247,G,2018-07-02
KHC,KHC.O,2018-07-26,ESG-GJR-GARCH(S),0.1592703317143692,1.0066285144605245,S,2018-07-02
KHC,KHC.O,2018-07-26,GARCH,0.1435065059418964,0.8172268749068081,,2018-07-02
KHC,KHC.O,2018-07-26,GJR-GARCH,0.143515954065647,0.8173344869592419,,2018-07-02
KHC,KHC.O,2018-07-27,EGARCH,0.136955346346254,0.7443161465405712,,2018-07-02
KHC,KHC.O,2018-07-27,ESG-EGARCH,0.1554689632140235,0.959150735033468,all,2018-07-02
KHC,KHC.O,2018-07-27,ESG-EGARCH(E),0.1554689632140235,0.9591507350334684,E,2018-07-02
KHC,KHC.O,2018-07-27,ESG-EGARCH(G),0.1554689632140235,0.959150735033468,G,2018-07-02
KHC,KHC.O,2018-07-27,ESG-EGARCH(S),0.1554689632140235,0.9591507350334684,S,2018-07-02
KHC,KHC.O,2018-07-27,ESG-GARCH,0.1589639383197955,1.0027592732595143,all,2018-07-02
KHC,KHC.O,2018-07-27,ESG-GARCH(E),0.1589639383197955,1.002759273259514,E,2018-07-02
KHC,KHC.O,2018-07-27,ESG-GARCH(G),0.1589639383197955,1.002759273259514,G,2018-07-02
KHC,KHC.O,2018-07-27,ESG-GARCH(S),0.1589639383197955,1.002759273259514,S,2018-07-02
KHC,KHC.O,2018-07-27,ESG-GJR-GARCH,0.1592703317143692,1.006628514460525,all,2018-07-02
KHC,KHC.O,2018-07-27,ESG-GJR-GARCH(E),0.1592703317143692,1.0066285144605245,E,2018-07-02
KHC,KHC.O,2018-07-27,ESG-GJR-GARCH(G),0.1592703317143692,1.0066285144605247,G,2018-07-02
KHC,KHC.O,2018-07-27,ESG-GJR-GARCH(S),0.1592703317143692,1.0066285144605245,S,2018-07-02
KHC,KHC.O,2018-07-27,GARCH,0.1435065059418964,0.8172268749068081,,2018-07-02
KHC,KHC.O,2018-07-27,GJR-GARCH,0.143515954065647,0.8173344869592419,,2018-07-02
KHC,KHC.O,2018-07-30,EGARCH,0.136955346346254,0.7443161465405712,,2018-07-02
KHC,KHC.O,2018-07-30,ESG-EGARCH,0.1554689632140235,0.959150735033468,all,2018-07-02
KHC,KHC.O,2018-07-30,ESG-EGARCH(E),0.1554689632140235,0.9591507350334684,E,2018-07-02
KHC,KHC.O,2018-07-30,ESG-EGARCH(G),0.1554689632140235,0.959150735033468,G,2018-07-02
KHC,KHC.O,2018-07-30,ESG-EGARCH(S),0.1554689632140235,0.9591507350334684,S,2018-07-02
KHC,KHC.O,2018-07-30,ESG-GARCH,0.1589639383197955,1.0027592732595143,all,2018-07-02
KHC,KHC.O,2018-07-30,ESG-GARCH(E),0.1589639383197955,1.002759273259514,E,2018-07-02
KHC,KHC.O,2018-07-30,ESG-GARCH(G),0.1589639383197955,1.002759273259514,G,2018-07-02
KHC,KHC.O,2018-07-30,ESG-GARCH(S),0.1589639383197955,1.002759273259514,S,2018-07-02
KHC,KHC.O,2018-07-30,ESG-GJR-GARCH,0.1592703317143692,1.006628514460525,all,2018-07-02
KHC,KHC.O,2018-07-30,ESG-GJR-GARCH(E),0.1592703317143692,1.0066285144605245,E,2018-07-02
KHC,KHC.O,2018-07-30,ESG-GJR-GARCH(G),0.1592703317143692,1.0066285144605247,G,2018-07-02
KHC,KHC.O,2018-07-30,ESG-GJR-GARCH(S),0.1592703317143692,1.0066285144605245,S,2018-07-02
KHC,KHC.O,2018-07-30,GARCH,0.1435065059418964,0.8172268749068081,,2018-07-02
KHC,KHC.O,2018-07-30,GJR-GARCH,0.143515954065647,0.8173344869592419,,2018-07-02
KHC,KHC.O,2018-07-31,EGARCH,0.136955346346254,0.7443161465405712,,2018-07-02
KHC,KHC.O,2018-07-31,ESG-EGARCH,0.1554689632140235,0.959150735033468,all,2018-07-02
KHC,KHC.O,2018-07-31,ESG-EGARCH(E),0.1554689632140235,0.9591507350334684,E,2018-07-02
KHC,KHC.O,2018-07-31,ESG-EGARCH(G),0.1554689632140235,0.959150735033468,G,2018-07-02
KHC,KHC.O,2018-07-31,ESG-EGARCH(S),0.1554689632140235,0.9591507350334684,S,2018-07-02
KHC,KHC.O,2018-07-31,ESG-GARCH,0.1589639383197955,1.0027592732595143,all,2018-07-02
KHC,KHC.O,2018-07-31,ESG-GARCH(E),0.1589639383197955,1.002759273259514,E,2018-07-02
KHC,KHC.O,2018-07-31,ESG-GARCH(G),0.1589639383197955,1.002759273259514,G,2018-07-02
KHC,KHC.O,2018-07-31,ESG-GARCH(S),0.1589639383197955,1.002759273259514,S,2018-07-02
KHC,KHC.O,2018-07-31,ESG-GJR-GARCH,0.1592703317143692,1.006628514460525,all,2018-07-02
KHC,KHC.O,2018-07-31,ESG-GJR-GARCH(E),0.1592703317143692,1.0066285144605245,E,2018-07-02
KHC,KHC.O,2018-07-31,ESG-GJR-GARCH(G),0.1592703317143692,1.0066285144605247,G,2018-07-02
KHC,KHC.O,2018-07-31,ESG-GJR-GARCH(S),0.1592703317143692,1.0066285144605245,S,2018-07-02
KHC,KHC.O,2018-07-31,GARCH,0.1435065059418964,0.8172268749068081,,2018-07-02
KHC,KHC.O,2018-07-31,GJR-GARCH,0.143515954065647,0.8173344869592419,,2018-07-02
KHC,KHC.O,2018-08-01,EGARCH,0.136955346346254,0.7443161465405712,,2018-07-02
KHC,KHC.O,2018-08-01,ESG-EGARCH,0.1554689632140235,0.959150735033468,all,2018-07-02
KHC,KHC.O,2018-08-01,ESG-EGARCH(E),0.1554689632140235,0.9591507350334684,E,2018-07-02
KHC,KHC.O,2018-08-01,ESG-EGARCH(G),0.1554689632140235,0.959150735033468,G,2018-07-02
KHC,KHC.O,2018-08-01,ESG-EGARCH(S),0.1554689632140235,0.9591507350334684,S,2018-07-02
KHC,KHC.O,2018-08-01,ESG-GARCH,0.1589639383197955,1.0027592732595143,all,2018-07-02
KHC,KHC.O,2018-08-01,ESG-GARCH(E),0.1589639383197955,1.002759273259514,E,2018-07-02
KHC,KHC.O,2018-08-01,ESG-GARCH(G),0.1589639383197955,1.002759273259514,G,2018-07-02
KHC,KHC.O,2018-08-01,ESG-GARCH(S),0.1589639383197955,1.002759273259514,S,2018-07-02
KHC,KHC.O,2018-08-01,ESG-GJR-GARCH,0.1592703317143692,1.006628514460525,all,2018-07-02
KHC,KHC.O,2018-08-01,ESG-GJR-GARCH(E),0.1592703317143692,1.0066285144605245,E,2018-07-02
KHC,KHC.O,2018-08-01,ESG-GJR-GARCH(G),0.1592703317143692,1.0066285144605247,G,2018-07-02
KHC,KHC.O,2018-08-01,ESG-GJR-GARCH(S),0.1592703317143692,1.0066285144605245,S,2018-07-02
KHC,KHC.O,2018-08-01,GARCH,0.1435065059418964,0.8172268749068081,,2018-07-02
KHC,KHC.O,2018-08-01,GJR-GARCH,0.143515954065647,0.8173344869592419,,2018-07-02
KHC,KHC.O,2018-08-02,EGARCH,0.136955346346254,0.7443161465405712,,2018-07-02
KHC,KHC.O,2018-08-02,ESG-EGARCH,0.1554689632140235,0.959150735033468,all,2018-07-02
KHC,KHC.O,2018-08-02,ESG-EGARCH(E),0.1554689632140235,0.9591507350334684,E,2018-07-02
KHC,KHC.O,2018-08-02,ESG-EGARCH(G),0.1554689632140235,0.959150735033468,G,2018-07-02
KHC,KHC.O,2018-08-02,ESG-EGARCH(S),0.1554689632140235,0.9591507350334684,S,2018-07-02
KHC,KHC.O,2018-08-02,ESG-GARCH,0.1589639383197955,1.0027592732595143,all,2018-07-02
KHC,KHC.O,2018-08-02,ESG-GARCH(E),0.1589639383197955,1.002759273259514,E,2018-07-02
KHC,KHC.O,2018-08-02,ESG-GARCH(G),0.1589639383197955,1.002759273259514,G,2018-07-02
KHC,KHC.O,2018-08-02,ESG-GARCH(S),0.1589639383197955,1.002759273259514,S,2018-07-02
KHC,KHC.O,2018-08-02,ESG-GJR-GARCH,0.1592703317143692,1.006628514460525,all,2018-07-02
KHC,KHC.O,2018-08-02,ESG-GJR-GARCH(E),0.1592703317143692,1.0066285144605245,E,2018-07-02
KHC,KHC.O,2018-08-02,ESG-GJR-GARCH(G),0.1592703317143692,1.0066285144605247,G,2018-07-02
KHC,KHC.O,2018-08-02,ESG-GJR-GARCH(S),0.1592703317143692,1.0066285144605245,S,2018-07-02
KHC,KHC.O,2018-08-02,GARCH,0.1435065059418964,0.8172268749068081,,2018-07-02
KHC,KHC.O,2018-08-02,GJR-GARCH,0.143515954065647,0.8173344869592419,,2018-07-02
KHC,KHC.O,2018-08-03,EGARCH,0.1656422576139979,1.0887840280738914,,2018-08-03
KHC,KHC.O,2018-08-03,ESG-EGARCH,0.1910749082693442,1.4487944670689803,all,2018-08-03
KHC,KHC.O,2018-08-03,ESG-EGARCH(E),0.1910749082693445,1.4487944670689858,E,2018-08-03
KHC,KHC.O,2018-08-03,ESG-EGARCH(G),0.1910749082693446,1.448794467068986,G,2018-08-03
KHC,KHC.O,2018-08-03,ESG-EGARCH(S),0.1910749082693445,1.4487944670689856,S,2018-08-03
KHC,KHC.O,2018-08-03,ESG-GARCH,0.1925522545013939,1.4712845521257776,all,2018-08-03
KHC,KHC.O,2018-08-03,ESG-GARCH(E),0.1925522545013939,1.4712845521257774,E,2018-08-03
KHC,KHC.O,2018-08-03,ESG-GARCH(G),0.1925522545013939,1.4712845521257776,G,2018-08-03
KHC,KHC.O,2018-08-03,ESG-GARCH(S),0.1925522545013939,1.4712845521257774,S,2018-08-03
KHC,KHC.O,2018-08-03,ESG-GJR-GARCH,0.2035783417003641,1.64460877815358,all,2018-08-03
KHC,KHC.O,2018-08-03,ESG-GJR-GARCH(E),0.2035783417003641,1.6446087781535794,E,2018-08-03
KHC,KHC.O,2018-08-03,ESG-GJR-GARCH(G),0.2035783417003641,1.6446087781535794,G,2018-08-03
KHC,KHC.O,2018-08-03,ESG-GJR-GARCH(S),0.2035783417003641,1.6446087781535803,S,2018-08-03
KHC,KHC.O,2018-08-03,GARCH,0.1688606883091431,1.1315052403268882,,2018-08-03
KHC,KHC.O,2018-08-03,GJR-GARCH,0.181424670565692,1.306147265471027,,2018-08-03
KHC,KHC.O,2018-08-06,EGARCH,0.1656422576139979,1.0887840280738914,,2018-08-03
KHC,KHC.O,2018-08-06,ESG-EGARCH,0.1910749082693442,1.4487944670689803,all,2018-08-03
KHC,KHC.O,2018-08-06,ESG-EGARCH(E),0.1910749082693445,1.4487944670689858,E,2018-08-03
KHC,KHC.O,2018-08-06,ESG-EGARCH(G),0.1910749082693446,1.448794467068986,G,2018-08-03
KHC,KHC.O,2018-08-06,ESG-EGARCH(S),0.1910749082693445,1.4487944670689856,S,2018-08-03
KHC,KHC.O,2018-08-06,ESG-GARCH,0.1925522545013939,1.4712845521257776,all,2018-08-03
KHC,KHC.O,2018-08-06,ESG-GARCH(E),0.1925522545013939,1.4712845521257774,E,2018-08-03
KHC,KHC.O,2018-08-06,ESG-GARCH(G),0.1925522545013939,1.4712845521257776,G,2018-08-03
KHC,KHC.O,2018-08-06,ESG-GARCH(S),0.1925522545013939,1.4712845521257774,S,2018-08-03
KHC,KHC.O,2018-08-06,ESG-GJR-GARCH,0.2035783417003641,1.64460877815358,all,2018-08-03
KHC,KHC.O,2018-08-06,ESG-GJR-GARCH(E),0.2035783417003641,1.6446087781535794,E,2018-08-03
KHC,KHC.O,2018-08-06,ESG-GJR-GARCH(G),0.2035783417003641,1.6446087781535794,G,2018-08-03
KHC,KHC.O,2018-08-06,ESG-GJR-GARCH(S),0.2035783417003641,1.6446087781535803,S,2018-08-03
KHC,KHC.O,2018-08-06,GARCH,0.1688606883091431,1.1315052403268882,,2018-08-03
KHC,KHC.O,2018-08-06,GJR-GARCH,0.181424670565692,1.306147265471027,,2018-08-03
KHC,KHC.O,2018-08-07,EGARCH,0.1656422576139979,1.0887840280738914,,2018-08-03
KHC,KHC.O,2018-08-07,ESG-EGARCH,0.1910749082693442,1.4487944670689803,all,2018-08-03
KHC,KHC.O,2018-08-07,ESG-EGARCH(E),0.1910749082693445,1.4487944670689858,E,2018-08-03
KHC,KHC.O,2018-08-07,ESG-EGARCH(G),0.1910749082693446,1.448794467068986,G,2018-08-03
KHC,KHC.O,2018-08-07,ESG-EGARCH(S),0.1910749082693445,1.4487944670689856,S,2018-08-03
KHC,KHC.O,2018-08-07,ESG-GARCH,0.1925522545013939,1.4712845521257776,all,2018-08-03
KHC,KHC.O,2018-08-07,ESG-GARCH(E),0.1925522545013939,1.4712845521257774,E,2018-08-03
KHC,KHC.O,2018-08-07,ESG-GARCH(G),0.1925522545013939,1.4712845521257776,G,2018-08-03
KHC,KHC.O,2018-08-07,ESG-GARCH(S),0.1925522545013939,1.4712845521257774,S,2018-08-03
KHC,KHC.O,2018-08-07,ESG-GJR-GARCH,0.2035783417003641,1.64460877815358,all,2018-08-03
KHC,KHC.O,2018-08-07,ESG-GJR-GARCH(E),0.2035783417003641,1.6446087781535794,E,2018-08-03
KHC,KHC.O,2018-08-07,ESG-GJR-GARCH(G),0.2035783417003641,1.6446087781535794,G,2018-08-03
KHC,KHC.O,2018-08-07,ESG-GJR-GARCH(S),0.2035783417003641,1.6446087781535803,S,2018-08-03
KHC,KHC.O,2018-08-07,GARCH,0.1688606883091431,1.1315052403268882,,2018-08-03
KHC,KHC.O,2018-08-07,GJR-GARCH,0.181424670565692,1.306147265471027,,2018-08-03
KHC,KHC.O,2018-08-08,EGARCH,0.1656422576139979,1.0887840280738914,,2018-08-03
KHC,KHC.O,2018-08-08,ESG-EGARCH,0.1910749082693442,1.4487944670689803,all,2018-08-03
KHC,KHC.O,2018-08-08,ESG-EGARCH(E),0.1910749082693445,1.4487944670689858,E,2018-08-03
KHC,KHC.O,2018-08-08,ESG-EGARCH(G),0.1910749082693446,1.448794467068986,G,2018-08-03
KHC,KHC.O,2018-08-08,ESG-EGARCH(S),0.1910749082693445,1.4487944670689856,S,2018-08-03
KHC,KHC.O,2018-08-08,ESG-GARCH,0.1925522545013939,1.4712845521257776,all,2018-08-03
KHC,KHC.O,2018-08-08,ESG-GARCH(E),0.1925522545013939,1.4712845521257774,E,2018-08-03
KHC,KHC.O,2018-08-08,ESG-GARCH(G),0.1925522545013939,1.4712845521257776,G,2018-08-03
KHC,KHC.O,2018-08-08,ESG-GARCH(S),0.1925522545013939,1.4712845521257774,S,2018-08-03
KHC,KHC.O,2018-08-08,ESG-GJR-GARCH,0.2035783417003641,1.64460877815358,all,2018-08-03
KHC,KHC.O,2018-08-08,ESG-GJR-GARCH(E),0.2035783417003641,1.6446087781535794,E,2018-08-03
KHC,KHC.O,2018-08-08,ESG-GJR-GARCH(G),0.2035783417003641,1.6446087781535794,G,2018-08-03
KHC,KHC.O,2018-08-08,ESG-GJR-GARCH(S),0.2035783417003641,1.6446087781535803,S,2018-08-03
KHC,KHC.O,2018-08-08,GARCH,0.1688606883091431,1.1315052403268882,,2018-08-03
KHC,KHC.O,2018-08-08,GJR-GARCH,0.181424670565692,1.306147265471027,,2018-08-03
KHC,KHC.O,2018-08-09,EGARCH,0.1656422576139979,1.0887840280738914,,2018-08-03
KHC,KHC.O,2018-08-09,ESG-EGARCH,0.1910749082693442,1.4487944670689803,all,2018-08-03
KHC,KHC.O,2018-08-09,ESG-EGARCH(E),0.1910749082693445,1.4487944670689858,E,2018-08-03
KHC,KHC.O,2018-08-09,ESG-EGARCH(G),0.1910749082693446,1.448794467068986,G,2018-08-03
KHC,KHC.O,2018-08-09,ESG-EGARCH(S),0.1910749082693445,1.4487944670689856,S,2018-08-03
KHC,KHC.O,2018-08-09,ESG-GARCH,0.1925522545013939,1.4712845521257776,all,2018-08-03
KHC,KHC.O,2018-08-09,ESG-GARCH(E),0.1925522545013939,1.4712845521257774,E,2018-08-03
KHC,KHC.O,2018-08-09,ESG-GARCH(G),0.1925522545013939,1.4712845521257776,G,2018-08-03
KHC,KHC.O,2018-08-09,ESG-GARCH(S),0.1925522545013939,1.4712845521257774,S,2018-08-03
KHC,KHC.O,2018-08-09,ESG-GJR-GARCH,0.2035783417003641,1.64460877815358,all,2018-08-03
KHC,KHC.O,2018-08-09,ESG-GJR-GARCH(E),0.2035783417003641,1.6446087781535794,E,2018-08-03
KHC,KHC.O,2018-08-09,ESG-GJR-GARCH(G),0.2035783417003641,1.6446087781535794,G,2018-08-03
KHC,KHC.O,2018-08-09,ESG-GJR-GARCH(S),0.2035783417003641,1.6446087781535803,S,2018-08-03
KHC,KHC.O,2018-08-09,GARCH,0.1688606883091431,1.1315052403268882,,2018-08-03
KHC,KHC.O,2018-08-09,GJR-GARCH,0.181424670565692,1.306147265471027,,2018-08-03
KHC,KHC.O,2018-08-10,EGARCH,0.1656422576139979,1.0887840280738914,,2018-08-03
KHC,KHC.O,2018-08-10,ESG-EGARCH,0.1910749082693442,1.4487944670689803,all,2018-08-03
KHC,KHC.O,2018-08-10,ESG-EGARCH(E),0.1910749082693445,1.4487944670689858,E,2018-08-03
KHC,KHC.O,2018-08-10,ESG-EGARCH(G),0.1910749082693446,1.448794467068986,G,2018-08-03
KHC,KHC.O,2018-08-10,ESG-EGARCH(S),0.1910749082693445,1.4487944670689856,S,2018-08-03
KHC,KHC.O,2018-08-10,ESG-GARCH,0.1925522545013939,1.4712845521257776,all,2018-08-03
KHC,KHC.O,2018-08-10,ESG-GARCH(E),0.1925522545013939,1.4712845521257774,E,2018-08-03
KHC,KHC.O,2018-08-10,ESG-GARCH(G),0.1925522545013939,1.4712845521257776,G,2018-08-03
KHC,KHC.O,2018-08-10,ESG-GARCH(S),0.1925522545013939,1.4712845521257774,S,2018-08-03
KHC,KHC.O,2018-08-10,ESG-GJR-GARCH,0.2035783417003641,1.64460877815358,all,2018-08-03
KHC,KHC.O,2018-08-10,ESG-GJR-GARCH(E),0.2035783417003641,1.6446087781535794,E,2018-08-03
KHC,KHC.O,2018-08-10,ESG-GJR-GARCH(G),0.2035783417003641,1.6446087781535794,G,2018-08-03
KHC,KHC.O,2018-08-10,ESG-GJR-GARCH(S),0.2035783417003641,1.6446087781535803,S,2018-08-03
KHC,KHC.O,2018-08-10,GARCH,0.1688606883091431,1.1315052403268882,,2018-08-03
KHC,KHC.O,2018-08-10,GJR-GARCH,0.181424670565692,1.306147265471027,,2018-08-03
KHC,KHC.O,2018-08-13,EGARCH,0.1656422576139979,1.0887840280738914,,2018-08-03
KHC,KHC.O,2018-08-13,ESG-EGARCH,0.1910749082693442,1.4487944670689803,all,2018-08-03
KHC,KHC.O,2018-08-13,ESG-EGARCH(E),0.1910749082693445,1.4487944670689858,E,2018-08-03
KHC,KHC.O,2018-08-13,ESG-EGARCH(G),0.1910749082693446,1.448794467068986,G,2018-08-03
KHC,KHC.O,2018-08-13,ESG-EGARCH(S),0.1910749082693445,1.4487944670689856,S,2018-08-03
KHC,KHC.O,2018-08-13,ESG-GARCH,0.1925522545013939,1.4712845521257776,all,2018-08-03
KHC,KHC.O,2018-08-13,ESG-GARCH(E),0.1925522545013939,1.4712845521257774,E,2018-08-03
KHC,KHC.O,2018-08-13,ESG-GARCH(G),0.1925522545013939,1.4712845521257776,G,2018-08-03
KHC,KHC.O,2018-08-13,ESG-GARCH(S),0.1925522545013939,1.4712845521257774,S,2018-08-03
KHC,KHC.O,2018-08-13,ESG-GJR-GARCH,0.2035783417003641,1.64460877815358,all,2018-08-03
KHC,KHC.O,2018-08-13,ESG-GJR-GARCH(E),0.2035783417003641,1.6446087781535794,E,2018-08-03
KHC,KHC.O,2018-08-13,ESG-GJR-GARCH(G),0.2035783417003641,1.6446087781535794,G,2018-08-03
KHC,KHC.O,2018-08-13,ESG-GJR-GARCH(S),0.2035783417003641,1.6446087781535803,S,2018-08-03
KHC,KHC.O,2018-08-13,GARCH,0.1688606883091431,1.1315052403268882,,2018-08-03
KHC,KHC.O,2018-08-13,GJR-GARCH,0.181424670565692,1.306147265471027,,2018-08-03
KHC,KHC.O,2018-08-14,EGARCH,0.1656422576139979,1.0887840280738914,,2018-08-03
KHC,KHC.O,2018-08-14,ESG-EGARCH,0.1910749082693442,1.4487944670689803,all,2018-08-03
KHC,KHC.O,2018-08-14,ESG-EGARCH(E),0.1910749082693445,1.4487944670689858,E,2018-08-03
KHC,KHC.O,2018-08-14,ESG-EGARCH(G),0.1910749082693446,1.448794467068986,G,2018-08-03
KHC,KHC.O,2018-08-14,ESG-EGARCH(S),0.1910749082693445,1.4487944670689856,S,2018-08-03
KHC,KHC.O,2018-08-14,ESG-GARCH,0.1925522545013939,1.4712845521257776,all,2018-08-03
KHC,KHC.O,2018-08-14,ESG-GARCH(E),0.1925522545013939,1.4712845521257774,E,2018-08-03
KHC,KHC.O,2018-08-14,ESG-GARCH(G),0.1925522545013939,1.4712845521257776,G,2018-08-03
KHC,KHC.O,2018-08-14,ESG-GARCH(S),0.1925522545013939,1.4712845521257774,S,2018-08-03
KHC,KHC.O,2018-08-14,ESG-GJR-GARCH,0.2035783417003641,1.64460877815358,all,2018-08-03
KHC,KHC.O,2018-08-14,ESG-GJR-GARCH(E),0.2035783417003641,1.6446087781535794,E,2018-08-03
KHC,KHC.O,2018-08-14,ESG-GJR-GARCH(G),0.2035783417003641,1.6446087781535794,G,2018-08-03
KHC,KHC.O,2018-08-14,ESG-GJR-GARCH(S),0.2035783417003641,1.6446087781535803,S,2018-08-03
KHC,KHC.O,2018-08-14,GARCH,0.1688606883091431,1.1315052403268882,,2018-08-03
KHC,KHC.O,2018-08-14,GJR-GARCH,0.181424670565692,1.306147265471027,,2018-08-03
KHC,KHC.O,2018-08-15,EGARCH,0.1656422576139979,1.0887840280738914,,2018-08-03
KHC,KHC.O,2018-08-15,ESG-EGARCH,0.1910749082693442,1.4487944670689803,all,2018-08-03
KHC,KHC.O,2018-08-15,ESG-EGARCH(E),0.1910749082693445,1.4487944670689858,E,2018-08-03
KHC,KHC.O,2018-08-15,ESG-EGARCH(G),0.1910749082693446,1.448794467068986,G,2018-08-03
KHC,KHC.O,2018-08-15,ESG-EGARCH(S),0.1910749082693445,1.4487944670689856,S,2018-08-03
KHC,KHC.O,2018-08-15,ESG-GARCH,0.1925522545013939,1.4712845521257776,all,2018-08-03
KHC,KHC.O,2018-08-15,ESG-GARCH(E),0.1925522545013939,1.4712845521257774,E,2018-08-03
KHC,KHC.O,2018-08-15,ESG-GARCH(G),0.1925522545013939,1.4712845521257776,G,2018-08-03
KHC,KHC.O,2018-08-15,ESG-GARCH(S),0.1925522545013939,1.4712845521257774,S,2018-08-03
KHC,KHC.O,2018-08-15,ESG-GJR-GARCH,0.2035783417003641,1.64460877815358,all,2018-08-03
KHC,KHC.O,2018-08-15,ESG-GJR-GARCH(E),0.2035783417003641,1.6446087781535794,E,2018-08-03
KHC,KHC.O,2018-08-15,ESG-GJR-GARCH(G),0.2035783417003641,1.6446087781535794,G,2018-08-03
KHC,KHC.O,2018-08-15,ESG-GJR-GARCH(S),0.2035783417003641,1.6446087781535803,S,2018-08-03
KHC,KHC.O,2018-08-15,GARCH,0.1688606883091431,1.1315052403268882,,2018-08-03
KHC,KHC.O,2018-08-15,GJR-GARCH,0.181424670565692,1.306147265471027,,2018-08-03
KHC,KHC.O,2018-08-16,EGARCH,0.1656422576139979,1.0887840280738914,,2018-08-03
KHC,KHC.O,2018-08-16,ESG-EGARCH,0.1910749082693442,1.4487944670689803,all,2018-08-03
KHC,KHC.O,2018-08-16,ESG-EGARCH(E),0.1910749082693445,1.4487944670689858,E,2018-08-03
KHC,KHC.O,2018-08-16,ESG-EGARCH(G),0.1910749082693446,1.448794467068986,G,2018-08-03
KHC,KHC.O,2018-08-16,ESG-EGARCH(S),0.1910749082693445,1.4487944670689856,S,2018-08-03
KHC,KHC.O,2018-08-16,ESG-GARCH,0.1925522545013939,1.4712845521257776,all,2018-08-03
KHC,KHC.O,2018-08-16,ESG-GARCH(E),0.1925522545013939,1.4712845521257774,E,2018-08-03
KHC,KHC.O,2018-08-16,ESG-GARCH(G),0.1925522545013939,1.4712845521257776,G,2018-08-03
KHC,KHC.O,2018-08-16,ESG-GARCH(S),0.1925522545013939,1.4712845521257774,S,2018-08-03
KHC,KHC.O,2018-08-16,ESG-GJR-GARCH,0.2035783417003641,1.64460877815358,all,2018-08-03
KHC,KHC.O,2018-08-16,ESG-GJR-GARCH(E),0.2035783417003641,1.6446087781535794,E,2018-08-03
KHC,KHC.O,2018-08-16,ESG-GJR-GARCH(G),0.2035783417003641,1.6446087781535794,G,2018-08-03
KHC,KHC.O,2018-08-16,ESG-GJR-GARCH(S),0.2035783417003641,1.6446087781535803,S,2018-08-03
KHC,KHC.O,2018-08-16,GARCH,0.1688606883091431,1.1315052403268882,,2018-08-03
KHC,KHC.O,2018-08-16,GJR-GARCH,0.181424670565692,1.306147265471027,,2018-08-03
KHC,KHC.O,2018-08-17,EGARCH,0.1656422576139979,1.0887840280738914,,2018-08-03
KHC,KHC.O,2018-08-17,ESG-EGARCH,0.1910749082693442,1.4487944670689803,all,2018-08-03
KHC,KHC.O,2018-08-17,ESG-EGARCH(E),0.1910749082693445,1.4487944670689858,E,2018-08-03
KHC,KHC.O,2018-08-17,ESG-EGARCH(G),0.1910749082693446,1.448794467068986,G,2018-08-03
KHC,KHC.O,2018-08-17,ESG-EGARCH(S),0.1910749082693445,1.4487944670689856,S,2018-08-03
KHC,KHC.O,2018-08-17,ESG-GARCH,0.1925522545013939,1.4712845521257776,all,2018-08-03
KHC,KHC.O,2018-08-17,ESG-GARCH(E),0.1925522545013939,1.4712845521257774,E,2018-08-03
KHC,KHC.O,2018-08-17,ESG-GARCH(G),0.1925522545013939,1.4712845521257776,G,2018-08-03
KHC,KHC.O,2018-08-17,ESG-GARCH(S),0.1925522545013939,1.4712845521257774,S,2018-08-03
KHC,KHC.O,2018-08-17,ESG-GJR-GARCH,0.2035783417003641,1.64460877815358,all,2018-08-03
KHC,KHC.O,2018-08-17,ESG-GJR-GARCH(E),0.2035783417003641,1.6446087781535794,E,2018-08-03
KHC,KHC.O,2018-08-17,ESG-GJR-GARCH(G),0.2035783417003641,1.6446087781535794,G,2018-08-03
KHC,KHC.O,2018-08-17,ESG-GJR-GARCH(S),0.2035783417003641,1.6446087781535803,S,2018-08-03
KHC,KHC.O,2018-08-17,GARCH,0.1688606883091431,1.1315052403268882,,2018-08-03
KHC,KHC.O,2018-08-17,GJR-GARCH,0.181424670565692,1.306147265471027,,2018-08-03
KHC,KHC.O,2018-08-20,EGARCH,0.1656422576139979,1.0887840280738914,,2018-08-03
KHC,KHC.O,2018-08-20,ESG-EGARCH,0.1910749082693442,1.4487944670689803,all,2018-08-03
KHC,KHC.O,2018-08-20,ESG-EGARCH(E),0.1910749082693445,1.4487944670689858,E,2018-08-03
KHC,KHC.O,2018-08-20,ESG-EGARCH(G),0.1910749082693446,1.448794467068986,G,2018-08-03
KHC,KHC.O,2018-08-20,ESG-EGARCH(S),0.1910749082693445,1.4487944670689856,S,2018-08-03
KHC,KHC.O,2018-08-20,ESG-GARCH,0.1925522545013939,1.4712845521257776,all,2018-08-03
KHC,KHC.O,2018-08-20,ESG-GARCH(E),0.1925522545013939,1.4712845521257774,E,2018-08-03
KHC,KHC.O,2018-08-20,ESG-GARCH(G),0.1925522545013939,1.4712845521257776,G,2018-08-03
KHC,KHC.O,2018-08-20,ESG-GARCH(S),0.1925522545013939,1.4712845521257774,S,2018-08-03
KHC,KHC.O,2018-08-20,ESG-GJR-GARCH,0.2035783417003641,1.64460877815358,all,2018-08-03
KHC,KHC.O,2018-08-20,ESG-GJR-GARCH(E),0.2035783417003641,1.6446087781535794,E,2018-08-03
KHC,KHC.O,2018-08-20,ESG-GJR-GARCH(G),0.2035783417003641,1.6446087781535794,G,2018-08-03
KHC,KHC.O,2018-08-20,ESG-GJR-GARCH(S),0.2035783417003641,1.6446087781535803,S,2018-08-03
KHC,KHC.O,2018-08-20,GARCH,0.1688606883091431,1.1315052403268882,,2018-08-03
KHC,KHC.O,2018-08-20,GJR-GARCH,0.181424670565692,1.306147265471027,,2018-08-03
KHC,KHC.O,2018-08-21,EGARCH,0.1656422576139979,1.0887840280738914,,2018-08-03
KHC,KHC.O,2018-08-21,ESG-EGARCH,0.1910749082693442,1.4487944670689803,all,2018-08-03
KHC,KHC.O,2018-08-21,ESG-EGARCH(E),0.1910749082693445,1.4487944670689858,E,2018-08-03
KHC,KHC.O,2018-08-21,ESG-EGARCH(G),0.1910749082693446,1.448794467068986,G,2018-08-03
KHC,KHC.O,2018-08-21,ESG-EGARCH(S),0.1910749082693445,1.4487944670689856,S,2018-08-03
KHC,KHC.O,2018-08-21,ESG-GARCH,0.1925522545013939,1.4712845521257776,all,2018-08-03
KHC,KHC.O,2018-08-21,ESG-GARCH(E),0.1925522545013939,1.4712845521257774,E,2018-08-03
KHC,KHC.O,2018-08-21,ESG-GARCH(G),0.1925522545013939,1.4712845521257776,G,2018-08-03
KHC,KHC.O,2018-08-21,ESG-GARCH(S),0.1925522545013939,1.4712845521257774,S,2018-08-03
KHC,KHC.O,2018-08-21,ESG-GJR-GARCH,0.2035783417003641,1.64460877815358,all,2018-08-03
KHC,KHC.O,2018-08-21,ESG-GJR-GARCH(E),0.2035783417003641,1.6446087781535794,E,2018-08-03
KHC,KHC.O,2018-08-21,ESG-GJR-GARCH(G),0.2035783417003641,1.6446087781535794,G,2018-08-03
KHC,KHC.O,2018-08-21,ESG-GJR-GARCH(S),0.2035783417003641,1.6446087781535803,S,2018-08-03
KHC,KHC.O,2018-08-21,GARCH,0.1688606883091431,1.1315052403268882,,2018-08-03
KHC,KHC.O,2018-08-21,GJR-GARCH,0.181424670565692,1.306147265471027,,2018-08-03
KHC,KHC.O,2018-08-22,EGARCH,0.1656422576139979,1.0887840280738914,,2018-08-03
KHC,KHC.O,2018-08-22,ESG-EGARCH,0.1910749082693442,1.4487944670689803,all,2018-08-03
KHC,KHC.O,2018-08-22,ESG-EGARCH(E),0.1910749082693445,1.4487944670689858,E,2018-08-03
KHC,KHC.O,2018-08-22,ESG-EGARCH(G),0.1910749082693446,1.448794467068986,G,2018-08-03
KHC,KHC.O,2018-08-22,ESG-EGARCH(S),0.1910749082693445,1.4487944670689856,S,2018-08-03
KHC,KHC.O,2018-08-22,ESG-GARCH,0.1925522545013939,1.4712845521257776,all,2018-08-03
KHC,KHC.O,2018-08-22,ESG-GARCH(E),0.1925522545013939,1.4712845521257774,E,2018-08-03
KHC,KHC.O,2018-08-22,ESG-GARCH(G),0.1925522545013939,1.4712845521257776,G,2018-08-03
KHC,KHC.O,2018-08-22,ESG-GARCH(S),0.1925522545013939,1.4712845521257774,S,2018-08-03
KHC,KHC.O,2018-08-22,ESG-GJR-GARCH,0.2035783417003641,1.64460877815358,all,2018-08-03
KHC,KHC.O,2018-08-22,ESG-GJR-GARCH(E),0.2035783417003641,1.6446087781535794,E,2018-08-03
KHC,KHC.O,2018-08-22,ESG-GJR-GARCH(G),0.2035783417003641,1.6446087781535794,G,2018-08-03
KHC,KHC.O,2018-08-22,ESG-GJR-GARCH(S),0.2035783417003641,1.6446087781535803,S,2018-08-03
KHC,KHC.O,2018-08-22,GARCH,0.1688606883091431,1.1315052403268882,,2018-08-03
KHC,KHC.O,2018-08-22,GJR-GARCH,0.181424670565692,1.306147265471027,,2018-08-03
KHC,KHC.O,2018-08-23,EGARCH,0.1656422576139979,1.0887840280738914,,2018-08-03
KHC,KHC.O,2018-08-23,ESG-EGARCH,0.1910749082693442,1.4487944670689803,all,2018-08-03
KHC,KHC.O,2018-08-23,ESG-EGARCH(E),0.1910749082693445,1.4487944670689858,E,2018-08-03
KHC,KHC.O,2018-08-23,ESG-EGARCH(G),0.1910749082693446,1.448794467068986,G,2018-08-03
KHC,KHC.O,2018-08-23,ESG-EGARCH(S),0.1910749082693445,1.4487944670689856,S,2018-08-03
KHC,KHC.O,2018-08-23,ESG-GARCH,0.1925522545013939,1.4712845521257776,all,2018-08-03
KHC,KHC.O,2018-08-23,ESG-GARCH(E),0.1925522545013939,1.4712845521257774,E,2018-08-03
KHC,KHC.O,2018-08-23,ESG-GARCH(G),0.1925522545013939,1.4712845521257776,G,2018-08-03
KHC,KHC.O,2018-08-23,ESG-GARCH(S),0.1925522545013939,1.4712845521257774,S,2018-08-03
KHC,KHC.O,2018-08-23,ESG-GJR-GARCH,0.2035783417003641,1.64460877815358,all,2018-08-03
KHC,KHC.O,2018-08-23,ESG-GJR-GARCH(E),0.2035783417003641,1.6446087781535794,E,2018-08-03
KHC,KHC.O,2018-08-23,ESG-GJR-GARCH(G),0.2035783417003641,1.6446087781535794,G,2018-08-03
KHC,KHC.O,2018-08-23,ESG-GJR-GARCH(S),0.2035783417003641,1.6446087781535803,S,2018-08-03
KHC,KHC.O,2018-08-23,GARCH,0.1688606883091431,1.1315052403268882,,2018-08-03
KHC,KHC.O,2018-08-23,GJR-GARCH,0.181424670565692,1.306147265471027,,2018-08-03
KHC,KHC.O,2018-08-24,EGARCH,0.1656422576139979,1.0887840280738914,,2018-08-03
KHC,KHC.O,2018-08-24,ESG-EGARCH,0.1910749082693442,1.4487944670689803,all,2018-08-03
KHC,KHC.O,2018-08-24,ESG-EGARCH(E),0.1910749082693445,1.4487944670689858,E,2018-08-03
KHC,KHC.O,2018-08-24,ESG-EGARCH(G),0.1910749082693446,1.448794467068986,G,2018-08-03
KHC,KHC.O,2018-08-24,ESG-EGARCH(S),0.1910749082693445,1.4487944670689856,S,2018-08-03
KHC,KHC.O,2018-08-24,ESG-GARCH,0.1925522545013939,1.4712845521257776,all,2018-08-03
KHC,KHC.O,2018-08-24,ESG-GARCH(E),0.1925522545013939,1.4712845521257774,E,2018-08-03
KHC,KHC.O,2018-08-24,ESG-GARCH(G),0.1925522545013939,1.4712845521257776,G,2018-08-03
KHC,KHC.O,2018-08-24,ESG-GARCH(S),0.1925522545013939,1.4712845521257774,S,2018-08-03
KHC,KHC.O,2018-08-24,ESG-GJR-GARCH,0.2035783417003641,1.64460877815358,all,2018-08-03
KHC,KHC.O,2018-08-24,ESG-GJR-GARCH(E),0.2035783417003641,1.6446087781535794,E,2018-08-03
KHC,KHC.O,2018-08-24,ESG-GJR-GARCH(G),0.2035783417003641,1.6446087781535794,G,2018-08-03
KHC,KHC.O,2018-08-24,ESG-GJR-GARCH(S),0.2035783417003641,1.6446087781535803,S,2018-08-03
KHC,KHC.O,2018-08-24,GARCH,0.1688606883091431,1.1315052403268882,,2018-08-03
KHC,KHC.O,2018-08-24,GJR-GARCH,0.181424670565692,1.306147265471027,,2018-08-03
KHC,KHC.O,2018-08-27,EGARCH,0.1656422576139979,1.0887840280738914,,2018-08-03
KHC,KHC.O,2018-08-27,ESG-EGARCH,0.1910749082693442,1.4487944670689803,all,2018-08-03
KHC,KHC.O,2018-08-27,ESG-EGARCH(E),0.1910749082693445,1.4487944670689858,E,2018-08-03
KHC,KHC.O,2018-08-27,ESG-EGARCH(G),0.1910749082693446,1.448794467068986,G,2018-08-03
KHC,KHC.O,2018-08-27,ESG-EGARCH(S),0.1910749082693445,1.4487944670689856,S,2018-08-03
KHC,KHC.O,2018-08-27,ESG-GARCH,0.1925522545013939,1.4712845521257776,all,2018-08-03
KHC,KHC.O,2018-08-27,ESG-GARCH(E),0.1925522545013939,1.4712845521257774,E,2018-08-03
KHC,KHC.O,2018-08-27,ESG-GARCH(G),0.1925522545013939,1.4712845521257776,G,2018-08-03
KHC,KHC.O,2018-08-27,ESG-GARCH(S),0.1925522545013939,1.4712845521257774,S,2018-08-03
KHC,KHC.O,2018-08-27,ESG-GJR-GARCH,0.2035783417003641,1.64460877815358,all,2018-08-03
KHC,KHC.O,2018-08-27,ESG-GJR-GARCH(E),0.2035783417003641,1.6446087781535794,E,2018-08-03
KHC,KHC.O,2018-08-27,ESG-GJR-GARCH(G),0.2035783417003641,1.6446087781535794,G,2018-08-03
KHC,KHC.O,2018-08-27,ESG-GJR-GARCH(S),0.2035783417003641,1.6446087781535803,S,2018-08-03
KHC,KHC.O,2018-08-27,GARCH,0.1688606883091431,1.1315052403268882,,2018-08-03
KHC,KHC.O,2018-08-27,GJR-GARCH,0.181424670565692,1.306147265471027,,2018-08-03
KHC,KHC.O,2018-08-28,EGARCH,0.1656422576139979,1.0887840280738914,,2018-08-03
KHC,KHC.O,2018-08-28,ESG-EGARCH,0.1910749082693442,1.4487944670689803,all,2018-08-03
KHC,KHC.O,2018-08-28,ESG-EGARCH(E),0.1910749082693445,1.4487944670689858,E,2018-08-03
KHC,KHC.O,2018-08-28,ESG-EGARCH(G),0.1910749082693446,1.448794467068986,G,2018-08-03
KHC,KHC.O,2018-08-28,ESG-EGARCH(S),0.1910749082693445,1.4487944670689856,S,2018-08-03
KHC,KHC.O,2018-08-28,ESG-GARCH,0.1925522545013939,1.4712845521257776,all,2018-08-03
KHC,KHC.O,2018-08-28,ESG-GARCH(E),0.1925522545013939,1.4712845521257774,E,2018-08-03
KHC,KHC.O,2018-08-28,ESG-GARCH(G),0.1925522545013939,1.4712845521257776,G,2018-08-03
KHC,KHC.O,2018-08-28,ESG-GARCH(S),0.1925522545013939,1.4712845521257774,S,2018-08-03
KHC,KHC.O,2018-08-28,ESG-GJR-GARCH,0.2035783417003641,1.64460877815358,all,2018-08-03
KHC,KHC.O,2018-08-28,ESG-GJR-GARCH(E),0.2035783417003641,1.6446087781535794,E,2018-08-03
KHC,KHC.O,2018-08-28,ESG-GJR-GARCH(G),0.2035783417003641,1.6446087781535794,G,2018-08-03
KHC,KHC.O,2018-08-28,ESG-GJR-GARCH(S),0.2035783417003641,1.6446087781535803,S,2018-08-03
KHC,KHC.O,2018-08-28,GARCH,0.1688606883091431,1.1315052403268882,,2018-08-03
KHC,KHC.O,2018-08-28,GJR-GARCH,0.181424670565692,1.306147265471027,,2018-08-03
KHC,KHC.O,2018-08-29,EGARCH,0.1656422576139979,1.0887840280738914,,2018-08-03
KHC,KHC.O,2018-08-29,ESG-EGARCH,0.1910749082693442,1.4487944670689803,all,2018-08-03
KHC,KHC.O,2018-08-29,ESG-EGARCH(E),0.1910749082693445,1.4487944670689858,E,2018-08-03
KHC,KHC.O,2018-08-29,ESG-EGARCH(G),0.1910749082693446,1.448794467068986,G,2018-08-03
KHC,KHC.O,2018-08-29,ESG-EGARCH(S),0.1910749082693445,1.4487944670689856,S,2018-08-03
KHC,KHC.O,2018-08-29,ESG-GARCH,0.1925522545013939,1.4712845521257776,all,2018-08-03
KHC,KHC.O,2018-08-29,ESG-GARCH(E),0.1925522545013939,1.4712845521257774,E,2018-08-03
KHC,KHC.O,2018-08-29,ESG-GARCH(G),0.1925522545013939,1.4712845521257776,G,2018-08-03
KHC,KHC.O,2018-08-29,ESG-GARCH(S),0.1925522545013939,1.4712845521257774,S,2018-08-03
KHC,KHC.O,2018-08-29,ESG-GJR-GARCH,0.2035783417003641,1.64460877815358,all,2018-08-03
KHC,KHC.O,2018-08-29,ESG-GJR-GARCH(E),0.2035783417003641,1.6446087781535794,E,2018-08-03
KHC,KHC.O,2018-08-29,ESG-GJR-GARCH(G),0.2035783417003641,1.6446087781535794,G,2018-08-03
KHC,KHC.O,2018-08-29,ESG-GJR-GARCH(S),0.2035783417003641,1.6446087781535803,S,2018-08-03
KHC,KHC.O,2018-08-29,GARCH,0.1688606883091431,1.1315052403268882,,2018-08-03
KHC,KHC.O,2018-08-29,GJR-GARCH,0.181424670565692,1.306147265471027,,2018-08-03
KHC,KHC.O,2018-08-30,EGARCH,0.1656422576139979,1.0887840280738914,,2018-08-03
KHC,KHC.O,2018-08-30,ESG-EGARCH,0.1910749082693442,1.4487944670689803,all,2018-08-03
KHC,KHC.O,2018-08-30,ESG-EGARCH(E),0.1910749082693445,1.4487944670689858,E,2018-08-03
KHC,KHC.O,2018-08-30,ESG-EGARCH(G),0.1910749082693446,1.448794467068986,G,2018-08-03
KHC,KHC.O,2018-08-30,ESG-EGARCH(S),0.1910749082693445,1.4487944670689856,S,2018-08-03
KHC,KHC.O,2018-08-30,ESG-GARCH,0.1925522545013939,1.4712845521257776,all,2018-08-03
KHC,KHC.O,2018-08-30,ESG-GARCH(E),0.1925522545013939,1.4712845521257774,E,2018-08-03
KHC,KHC.O,2018-08-30,ESG-GARCH(G),0.1925522545013939,1.4712845521257776,G,2018-08-03
KHC,KHC.O,2018-08-30,ESG-GARCH(S),0.1925522545013939,1.4712845521257774,S,2018-08-03
KHC,KHC.O,2018-08-30,ESG-GJR-GARCH,0.2035783417003641,1.64460877815358,all,2018-08-03
KHC,KHC.O,2018-08-30,ESG-GJR-GARCH(E),0.2035783417003641,1.6446087781535794,E,2018-08-03
KHC,KHC.O,2018-08-30,ESG-GJR-GARCH(G),0.2035783417003641,1.6446087781535794,G,2018-08-03
KHC,KHC.O,2018-08-30,ESG-GJR-GARCH(S),0.2035783417003641,1.6446087781535803,S,2018-08-03
KHC,KHC.O,2018-08-30,GARCH,0.1688606883091431,1.1315052403268882,,2018-08-03
KHC,KHC.O,2018-08-30,GJR-GARCH,0.181424670565692,1.306147265471027,,2018-08-03
KHC,KHC.O,2018-08-31,EGARCH,0.1656422576139979,1.0887840280738914,,2018-08-03
KHC,KHC.O,2018-08-31,ESG-EGARCH,0.1910749082693442,1.4487944670689803,all,2018-08-03
KHC,KHC.O,2018-08-31,ESG-EGARCH(E),0.1910749082693445,1.4487944670689858,E,2018-08-03
KHC,KHC.O,2018-08-31,ESG-EGARCH(G),0.1910749082693446,1.448794467068986,G,2018-08-03
KHC,KHC.O,2018-08-31,ESG-EGARCH(S),0.1910749082693445,1.4487944670689856,S,2018-08-03
KHC,KHC.O,2018-08-31,ESG-GARCH,0.1925522545013939,1.4712845521257776,all,2018-08-03
KHC,KHC.O,2018-08-31,ESG-GARCH(E),0.1925522545013939,1.4712845521257774,E,2018-08-03
KHC,KHC.O,2018-08-31,ESG-GARCH(G),0.1925522545013939,1.4712845521257776,G,2018-08-03
KHC,KHC.O,2018-08-31,ESG-GARCH(S),0.1925522545013939,1.4712845521257774,S,2018-08-03
KHC,KHC.O,2018-08-31,ESG-GJR-GARCH,0.2035783417003641,1.64460877815358,all,2018-08-03
KHC,KHC.O,2018-08-31,ESG-GJR-GARCH(E),0.2035783417003641,1.6446087781535794,E,2018-08-03
KHC,KHC.O,2018-08-31,ESG-GJR-GARCH(G),0.2035783417003641,1.6446087781535794,G,2018-08-03
KHC,KHC.O,2018-08-31,ESG-GJR-GARCH(S),0.2035783417003641,1.6446087781535803,S,2018-08-03
KHC,KHC.O,2018-08-31,GARCH,0.1688606883091431,1.1315052403268882,,2018-08-03
KHC,KHC.O,2018-08-31,GJR-GARCH,0.181424670565692,1.306147265471027,,2018-08-03
KHC,KHC.O,2018-09-05,EGARCH,0.1656422576139979,1.0887840280738914,,2018-08-03
KHC,KHC.O,2018-09-05,ESG-EGARCH,0.1910749082693442,1.4487944670689803,all,2018-08-03
KHC,KHC.O,2018-09-05,ESG-EGARCH(E),0.1910749082693445,1.4487944670689858,E,2018-08-03
KHC,KHC.O,2018-09-05,ESG-EGARCH(G),0.1910749082693446,1.448794467068986,G,2018-08-03
KHC,KHC.O,2018-09-05,ESG-EGARCH(S),0.1910749082693445,1.4487944670689856,S,2018-08-03
KHC,KHC.O,2018-09-05,ESG-GARCH,0.1925522545013939,1.4712845521257776,all,2018-08-03
KHC,KHC.O,2018-09-05,ESG-GARCH(E),0.1925522545013939,1.4712845521257774,E,2018-08-03
KHC,KHC.O,2018-09-05,ESG-GARCH(G),0.1925522545013939,1.4712845521257776,G,2018-08-03
KHC,KHC.O,2018-09-05,ESG-GARCH(S),0.1925522545013939,1.4712845521257774,S,2018-08-03
KHC,KHC.O,2018-09-05,ESG-GJR-GARCH,0.2035783417003641,1.64460877815358,all,2018-08-03
KHC,KHC.O,2018-09-05,ESG-GJR-GARCH(E),0.2035783417003641,1.6446087781535794,E,2018-08-03
KHC,KHC.O,2018-09-05,ESG-GJR-GARCH(G),0.2035783417003641,1.6446087781535794,G,2018-08-03
KHC,KHC.O,2018-09-05,ESG-GJR-GARCH(S),0.2035783417003641,1.6446087781535803,S,2018-08-03
KHC,KHC.O,2018-09-05,GARCH,0.1688606883091431,1.1315052403268882,,2018-08-03
KHC,KHC.O,2018-09-05,GJR-GARCH,0.181424670565692,1.306147265471027,,2018-08-03
KHC,KHC.O,2018-09-06,EGARCH,0.1848789756015055,1.35635855632786,,2018-09-06
KHC,KHC.O,2018-09-06,ESG-EGARCH,0.1983335780155961,1.560960641605896,all,2018-09-06
KHC,KHC.O,2018-09-06,ESG-EGARCH(E),0.1983335780155961,1.560960641605895,E,2018-09-06
KHC,KHC.O,2018-09-06,ESG-EGARCH(G),0.1983335780155961,1.560960641605895,G,2018-09-06
KHC,KHC.O,2018-09-06,ESG-EGARCH(S),0.1983335780155961,1.5609606416058943,S,2018-09-06
KHC,KHC.O,2018-09-06,ESG-GARCH,0.1971874353118741,1.542971612891847,all,2018-09-06
KHC,KHC.O,2018-09-06,ESG-GARCH(E),0.1971874353118741,1.5429716128918465,E,2018-09-06
KHC,KHC.O,2018-09-06,ESG-GARCH(G),0.1971874353118741,1.5429716128918471,G,2018-09-06
KHC,KHC.O,2018-09-06,ESG-GARCH(S),0.1971874353118741,1.542971612891847,S,2018-09-06
KHC,KHC.O,2018-09-06,ESG-GJR-GARCH,0.2166880357788435,1.8632422559402129,all,2018-09-06
KHC,KHC.O,2018-09-06,ESG-GJR-GARCH(E),0.2166880357788436,1.8632422559402144,E,2018-09-06
KHC,KHC.O,2018-09-06,ESG-GJR-GARCH(G),0.2166880357788435,1.863242255940213,G,2018-09-06
KHC,KHC.O,2018-09-06,ESG-GJR-GARCH(S),0.2166880357788435,1.8632422559402133,S,2018-09-06
KHC,KHC.O,2018-09-06,GARCH,0.1791577691540833,1.273710565407453,,2018-09-06
KHC,KHC.O,2018-09-06,GJR-GARCH,0.1935978415785939,1.4873065184083474,,2018-09-06
KHC,KHC.O,2018-09-07,EGARCH,0.1848789756015055,1.35635855632786,,2018-09-06
KHC,KHC.O,2018-09-07,ESG-EGARCH,0.1983335780155961,1.560960641605896,all,2018-09-06
KHC,KHC.O,2018-09-07,ESG-EGARCH(E),0.1983335780155961,1.560960641605895,E,2018-09-06
KHC,KHC.O,2018-09-07,ESG-EGARCH(G),0.1983335780155961,1.560960641605895,G,2018-09-06
KHC,KHC.O,2018-09-07,ESG-EGARCH(S),0.1983335780155961,1.5609606416058943,S,2018-09-06
KHC,KHC.O,2018-09-07,ESG-GARCH,0.1971874353118741,1.542971612891847,all,2018-09-06
KHC,KHC.O,2018-09-07,ESG-GARCH(E),0.1971874353118741,1.5429716128918465,E,2018-09-06
KHC,KHC.O,2018-09-07,ESG-GARCH(G),0.1971874353118741,1.5429716128918471,G,2018-09-06
KHC,KHC.O,2018-09-07,ESG-GARCH(S),0.1971874353118741,1.542971612891847,S,2018-09-06
KHC,KHC.O,2018-09-07,ESG-GJR-GARCH,0.2166880357788435,1.8632422559402129,all,2018-09-06
KHC,KHC.O,2018-09-07,ESG-GJR-GARCH(E),0.2166880357788436,1.8632422559402144,E,2018-09-06
KHC,KHC.O,2018-09-07,ESG-GJR-GARCH(G),0.2166880357788435,1.863242255940213,G,2018-09-06
KHC,KHC.O,2018-09-07,ESG-GJR-GARCH(S),0.2166880357788435,1.8632422559402133,S,2018-09-06
KHC,KHC.O,2018-09-07,GARCH,0.1791577691540833,1.273710565407453,,2018-09-06
KHC,KHC.O,2018-09-07,GJR-GARCH,0.1935978415785939,1.4873065184083474,,2018-09-06
KHC,KHC.O,2018-09-10,EGARCH,0.1848789756015055,1.35635855632786,,2018-09-06
KHC,KHC.O,2018-09-10,ESG-EGARCH,0.1983335780155961,1.560960641605896,all,2018-09-06
KHC,KHC.O,2018-09-10,ESG-EGARCH(E),0.1983335780155961,1.560960641605895,E,2018-09-06
KHC,KHC.O,2018-09-10,ESG-EGARCH(G),0.1983335780155961,1.560960641605895,G,2018-09-06
KHC,KHC.O,2018-09-10,ESG-EGARCH(S),0.1983335780155961,1.5609606416058943,S,2018-09-06
KHC,KHC.O,2018-09-10,ESG-GARCH,0.1971874353118741,1.542971612891847,all,2018-09-06
KHC,KHC.O,2018-09-10,ESG-GARCH(E),0.1971874353118741,1.5429716128918465,E,2018-09-06
KHC,KHC.O,2018-09-10,ESG-GARCH(G),0.1971874353118741,1.5429716128918471,G,2018-09-06
KHC,KHC.O,2018-09-10,ESG-GARCH(S),0.1971874353118741,1.542971612891847,S,2018-09-06
KHC,KHC.O,2018-09-10,ESG-GJR-GARCH,0.2166880357788435,1.8632422559402129,all,2018-09-06
KHC,KHC.O,2018-09-10,ESG-GJR-GARCH(E),0.2166880357788436,1.8632422559402144,E,2018-09-06
KHC,KHC.O,2018-09-10,ESG-GJR-GARCH(G),0.2166880357788435,1.863242255940213,G,2018-09-06
KHC,KHC.O,2018-09-10,ESG-GJR-GARCH(S),0.2166880357788435,1.8632422559402133,S,2018-09-06
KHC,KHC.O,2018-09-10,GARCH,0.1791577691540833,1.273710565407453,,2018-09-06
KHC,KHC.O,2018-09-10,GJR-GARCH,0.1935978415785939,1.4873065184083474,,2018-09-06
KHC,KHC.O,2018-09-11,EGARCH,0.1848789756015055,1.35635855632786,,2018-09-06
KHC,KHC.O,2018-09-11,ESG-EGARCH,0.1983335780155961,1.560960641605896,all,2018-09-06
KHC,KHC.O,2018-09-11,ESG-EGARCH(E),0.1983335780155961,1.560960641605895,E,2018-09-06
KHC,KHC.O,2018-09-11,ESG-EGARCH(G),0.1983335780155961,1.560960641605895,G,2018-09-06
KHC,KHC.O,2018-09-11,ESG-EGARCH(S),0.1983335780155961,1.5609606416058943,S,2018-09-06
KHC,KHC.O,2018-09-11,ESG-GARCH,0.1971874353118741,1.542971612891847,all,2018-09-06
KHC,KHC.O,2018-09-11,ESG-GARCH(E),0.1971874353118741,1.5429716128918465,E,2018-09-06
KHC,KHC.O,2018-09-11,ESG-GARCH(G),0.1971874353118741,1.5429716128918471,G,2018-09-06
KHC,KHC.O,2018-09-11,ESG-GARCH(S),0.1971874353118741,1.542971612891847,S,2018-09-06
KHC,KHC.O,2018-09-11,ESG-GJR-GARCH,0.2166880357788435,1.8632422559402129,all,2018-09-06
KHC,KHC.O,2018-09-11,ESG-GJR-GARCH(E),0.2166880357788436,1.8632422559402144,E,2018-09-06
KHC,KHC.O,2018-09-11,ESG-GJR-GARCH(G),0.2166880357788435,1.863242255940213,G,2018-09-06
KHC,KHC.O,2018-09-11,ESG-GJR-GARCH(S),0.2166880357788435,1.8632422559402133,S,2018-09-06
KHC,KHC.O,2018-09-11,GARCH,0.1791577691540833,1.273710565407453,,2018-09-06
KHC,KHC.O,2018-09-11,GJR-GARCH,0.1935978415785939,1.4873065184083474,,2018-09-06
KHC,KHC.O,2018-09-12,EGARCH,0.1848789756015055,1.35635855632786,,2018-09-06
KHC,KHC.O,2018-09-12,ESG-EGARCH,0.1983335780155961,1.560960641605896,all,2018-09-06
KHC,KHC.O,2018-09-12,ESG-EGARCH(E),0.1983335780155961,1.560960641605895,E,2018-09-06
KHC,KHC.O,2018-09-12,ESG-EGARCH(G),0.1983335780155961,1.560960641605895,G,2018-09-06
KHC,KHC.O,2018-09-12,ESG-EGARCH(S),0.1983335780155961,1.5609606416058943,S,2018-09-06
KHC,KHC.O,2018-09-12,ESG-GARCH,0.1971874353118741,1.542971612891847,all,2018-09-06
KHC,KHC.O,2018-09-12,ESG-GARCH(E),0.1971874353118741,1.5429716128918465,E,2018-09-06
KHC,KHC.O,2018-09-12,ESG-GARCH(G),0.1971874353118741,1.5429716128918471,G,2018-09-06
KHC,KHC.O,2018-09-12,ESG-GARCH(S),0.1971874353118741,1.542971612891847,S,2018-09-06
KHC,KHC.O,2018-09-12,ESG-GJR-GARCH,0.2166880357788435,1.8632422559402129,all,2018-09-06
KHC,KHC.O,2018-09-12,ESG-GJR-GARCH(E),0.2166880357788436,1.8632422559402144,E,2018-09-06
KHC,KHC.O,2018-09-12,ESG-GJR-GARCH(G),0.2166880357788435,1.863242255940213,G,2018-09-06
KHC,KHC.O,2018-09-12,ESG-GJR-GARCH(S),0.2166880357788435,1.8632422559402133,S,2018-09-06
KHC,KHC.O,2018-09-12,GARCH,0.1791577691540833,1.273710565407453,,2018-09-06
KHC,KHC.O,2018-09-12,GJR-GARCH,0.1935978415785939,1.4873065184083474,,2018-09-06
KHC,KHC.O,2018-09-13,EGARCH,0.1848789756015055,1.35635855632786,,2018-09-06
KHC,KHC.O,2018-09-13,ESG-EGARCH,0.1983335780155961,1.560960641605896,all,2018-09-06
KHC,KHC.O,2018-09-13,ESG-EGARCH(E),0.1983335780155961,1.560960641605895,E,2018-09-06
KHC,KHC.O,2018-09-13,ESG-EGARCH(G),0.1983335780155961,1.560960641605895,G,2018-09-06
KHC,KHC.O,2018-09-13,ESG-EGARCH(S),0.1983335780155961,1.5609606416058943,S,2018-09-06
KHC,KHC.O,2018-09-13,ESG-GARCH,0.1971874353118741,1.542971612891847,all,2018-09-06
KHC,KHC.O,2018-09-13,ESG-GARCH(E),0.1971874353118741,1.5429716128918465,E,2018-09-06
KHC,KHC.O,2018-09-13,ESG-GARCH(G),0.1971874353118741,1.5429716128918471,G,2018-09-06
KHC,KHC.O,2018-09-13,ESG-GARCH(S),0.1971874353118741,1.542971612891847,S,2018-09-06
KHC,KHC.O,2018-09-13,ESG-GJR-GARCH,0.2166880357788435,1.8632422559402129,all,2018-09-06
KHC,KHC.O,2018-09-13,ESG-GJR-GARCH(E),0.2166880357788436,1.8632422559402144,E,2018-09-06
KHC,KHC.O,2018-09-13,ESG-GJR-GARCH(G),0.2166880357788435,1.863242255940213,G,2018-09-06
KHC,KHC.O,2018-09-13,ESG-GJR-GARCH(S),0.2166880357788435,1.8632422559402133,S,2018-09-06
KHC,KHC.O,2018-09-13,GARCH,0.1791577691540833,1.273710565407453,,2018-09-06
KHC,KHC.O,2018-09-13,GJR-GARCH,0.1935978415785939,1.4873065184083474,,2018-09-06
KHC,KHC.O,2018-09-14,EGARCH,0.1848789756015055,1.35635855632786,,2018-09-06
KHC,KHC.O,2018-09-14,ESG-EGARCH,0.1983335780155961,1.560960641605896,all,2018-09-06
KHC,KHC.O,2018-09-14,ESG-EGARCH(E),0.1983335780155961,1.560960641605895,E,2018-09-06
KHC,KHC.O,2018-09-14,ESG-EGARCH(G),0.1983335780155961,1.560960641605895,G,2018-09-06
KHC,KHC.O,2018-09-14,ESG-EGARCH(S),0.1983335780155961,1.5609606416058943,S,2018-09-06
KHC,KHC.O,2018-09-14,ESG-GARCH,0.1971874353118741,1.542971612891847,all,2018-09-06
KHC,KHC.O,2018-09-14,ESG-GARCH(E),0.1971874353118741,1.5429716128918465,E,2018-09-06
KHC,KHC.O,2018-09-14,ESG-GARCH(G),0.1971874353118741,1.5429716128918471,G,2018-09-06
KHC,KHC.O,2018-09-14,ESG-GARCH(S),0.1971874353118741,1.542971612891847,S,2018-09-06
KHC,KHC.O,2018-09-14,ESG-GJR-GARCH,0.2166880357788435,1.8632422559402129,all,2018-09-06
KHC,KHC.O,2018-09-14,ESG-GJR-GARCH(E),0.2166880357788436,1.8632422559402144,E,2018-09-06
KHC,KHC.O,2018-09-14,ESG-GJR-GARCH(G),0.2166880357788435,1.863242255940213,G,2018-09-06
KHC,KHC.O,2018-09-14,ESG-GJR-GARCH(S),0.2166880357788435,1.8632422559402133,S,2018-09-06
KHC,KHC.O,2018-09-14,GARCH,0.1791577691540833,1.273710565407453,,2018-09-06
KHC,KHC.O,2018-09-14,GJR-GARCH,0.1935978415785939,1.4873065184083474,,2018-09-06
KHC,KHC.O,2018-09-17,EGARCH,0.1848789756015055,1.35635855632786,,2018-09-06
KHC,KHC.O,2018-09-17,ESG-EGARCH,0.1983335780155961,1.560960641605896,all,2018-09-06
KHC,KHC.O,2018-09-17,ESG-EGARCH(E),0.1983335780155961,1.560960641605895,E,2018-09-06
KHC,KHC.O,2018-09-17,ESG-EGARCH(G),0.1983335780155961,1.560960641605895,G,2018-09-06
KHC,KHC.O,2018-09-17,ESG-EGARCH(S),0.1983335780155961,1.5609606416058943,S,2018-09-06
KHC,KHC.O,2018-09-17,ESG-GARCH,0.1971874353118741,1.542971612891847,all,2018-09-06
KHC,KHC.O,2018-09-17,ESG-GARCH(E),0.1971874353118741,1.5429716128918465,E,2018-09-06
KHC,KHC.O,2018-09-17,ESG-GARCH(G),0.1971874353118741,1.5429716128918471,G,2018-09-06
KHC,KHC.O,2018-09-17,ESG-GARCH(S),0.1971874353118741,1.542971612891847,S,2018-09-06
KHC,KHC.O,2018-09-17,ESG-GJR-GARCH,0.2166880357788435,1.8632422559402129,all,2018-09-06
KHC,KHC.O,2018-09-17,ESG-GJR-GARCH(E),0.2166880357788436,1.8632422559402144,E,2018-09-06
KHC,KHC.O,2018-09-17,ESG-GJR-GARCH(G),0.2166880357788435,1.863242255940213,G,2018-09-06
KHC,KHC.O,2018-09-17,ESG-GJR-GARCH(S),0.2166880357788435,1.8632422559402133,S,2018-09-06
KHC,KHC.O,2018-09-17,GARCH,0.1791577691540833,1.273710565407453,,2018-09-06
KHC,KHC.O,2018-09-17,GJR-GARCH,0.1935978415785939,1.4873065184083474,,2018-09-06
KHC,KHC.O,2018-09-18,EGARCH,0.1848789756015055,1.35635855632786,,2018-09-06
KHC,KHC.O,2018-09-18,ESG-EGARCH,0.1983335780155961,1.560960641605896,all,2018-09-06
KHC,KHC.O,2018-09-18,ESG-EGARCH(E),0.1983335780155961,1.560960641605895,E,2018-09-06
KHC,KHC.O,2018-09-18,ESG-EGARCH(G),0.1983335780155961,1.560960641605895,G,2018-09-06
KHC,KHC.O,2018-09-18,ESG-EGARCH(S),0.1983335780155961,1.5609606416058943,S,2018-09-06
KHC,KHC.O,2018-09-18,ESG-GARCH,0.1971874353118741,1.542971612891847,all,2018-09-06
KHC,KHC.O,2018-09-18,ESG-GARCH(E),0.1971874353118741,1.5429716128918465,E,2018-09-06
KHC,KHC.O,2018-09-18,ESG-GARCH(G),0.1971874353118741,1.5429716128918471,G,2018-09-06
KHC,KHC.O,2018-09-18,ESG-GARCH(S),0.1971874353118741,1.542971612891847,S,2018-09-06
KHC,KHC.O,2018-09-18,ESG-GJR-GARCH,0.2166880357788435,1.8632422559402129,all,2018-09-06
KHC,KHC.O,2018-09-18,ESG-GJR-GARCH(E),0.2166880357788436,1.8632422559402144,E,2018-09-06
KHC,KHC.O,2018-09-18,ESG-GJR-GARCH(G),0.2166880357788435,1.863242255940213,G,2018-09-06
KHC,KHC.O,2018-09-18,ESG-GJR-GARCH(S),0.2166880357788435,1.8632422559402133,S,2018-09-06
KHC,KHC.O,2018-09-18,GARCH,0.1791577691540833,1.273710565407453,,2018-09-06
KHC,KHC.O,2018-09-18,GJR-GARCH,0.1935978415785939,1.4873065184083474,,2018-09-06
KHC,KHC.O,2018-09-19,EGARCH,0.1848789756015055,1.35635855632786,,2018-09-06
KHC,KHC.O,2018-09-19,ESG-EGARCH,0.1983335780155961,1.560960641605896,all,2018-09-06
KHC,KHC.O,2018-09-19,ESG-EGARCH(E),0.1983335780155961,1.560960641605895,E,2018-09-06
KHC,KHC.O,2018-09-19,ESG-EGARCH(G),0.1983335780155961,1.560960641605895,G,2018-09-06
KHC,KHC.O,2018-09-19,ESG-EGARCH(S),0.1983335780155961,1.5609606416058943,S,2018-09-06
KHC,KHC.O,2018-09-19,ESG-GARCH,0.1971874353118741,1.542971612891847,all,2018-09-06
KHC,KHC.O,2018-09-19,ESG-GARCH(E),0.1971874353118741,1.5429716128918465,E,2018-09-06
KHC,KHC.O,2018-09-19,ESG-GARCH(G),0.1971874353118741,1.5429716128918471,G,2018-09-06
KHC,KHC.O,2018-09-19,ESG-GARCH(S),0.1971874353118741,1.542971612891847,S,2018-09-06
KHC,KHC.O,2018-09-19,ESG-GJR-GARCH,0.2166880357788435,1.8632422559402129,all,2018-09-06
KHC,KHC.O,2018-09-19,ESG-GJR-GARCH(E),0.2166880357788436,1.8632422559402144,E,2018-09-06
KHC,KHC.O,2018-09-19,ESG-GJR-GARCH(G),0.2166880357788435,1.863242255940213,G,2018-09-06
KHC,KHC.O,2018-09-19,ESG-GJR-GARCH(S),0.2166880357788435,1.8632422559402133,S,2018-09-06
KHC,KHC.O,2018-09-19,GARCH,0.1791577691540833,1.273710565407453,,2018-09-06
KHC,KHC.O,2018-09-19,GJR-GARCH,0.1935978415785939,1.4873065184083474,,2018-09-06
KHC,KHC.O,2018-09-20,EGARCH,0.1848789756015055,1.35635855632786,,2018-09-06
KHC,KHC.O,2018-09-20,ESG-EGARCH,0.1983335780155961,1.560960641605896,all,2018-09-06
KHC,KHC.O,2018-09-20,ESG-EGARCH(E),0.1983335780155961,1.560960641605895,E,2018-09-06
KHC,KHC.O,2018-09-20,ESG-EGARCH(G),0.1983335780155961,1.560960641605895,G,2018-09-06
KHC,KHC.O,2018-09-20,ESG-EGARCH(S),0.1983335780155961,1.5609606416058943,S,2018-09-06
KHC,KHC.O,2018-09-20,ESG-GARCH,0.1971874353118741,1.542971612891847,all,2018-09-06
KHC,KHC.O,2018-09-20,ESG-GARCH(E),0.1971874353118741,1.5429716128918465,E,2018-09-06
KHC,KHC.O,2018-09-20,ESG-GARCH(G),0.1971874353118741,1.5429716128918471,G,2018-09-06
KHC,KHC.O,2018-09-20,ESG-GARCH(S),0.1971874353118741,1.542971612891847,S,2018-09-06
KHC,KHC.O,2018-09-20,ESG-GJR-GARCH,0.2166880357788435,1.8632422559402129,all,2018-09-06
KHC,KHC.O,2018-09-20,ESG-GJR-GARCH(E),0.2166880357788436,1.8632422559402144,E,2018-09-06
KHC,KHC.O,2018-09-20,ESG-GJR-GARCH(G),0.2166880357788435,1.863242255940213,G,2018-09-06
KHC,KHC.O,2018-09-20,ESG-GJR-GARCH(S),0.2166880357788435,1.8632422559402133,S,2018-09-06
KHC,KHC.O,2018-09-20,GARCH,0.1791577691540833,1.273710565407453,,2018-09-06
KHC,KHC.O,2018-09-20,GJR-GARCH,0.1935978415785939,1.4873065184083474,,2018-09-06
KHC,KHC.O,2018-09-21,EGARCH,0.1848789756015055,1.35635855632786,,2018-09-06
KHC,KHC.O,2018-09-21,ESG-EGARCH,0.1983335780155961,1.560960641605896,all,2018-09-06
KHC,KHC.O,2018-09-21,ESG-EGARCH(E),0.1983335780155961,1.560960641605895,E,2018-09-06
KHC,KHC.O,2018-09-21,ESG-EGARCH(G),0.1983335780155961,1.560960641605895,G,2018-09-06
KHC,KHC.O,2018-09-21,ESG-EGARCH(S),0.1983335780155961,1.5609606416058943,S,2018-09-06
KHC,KHC.O,2018-09-21,ESG-GARCH,0.1971874353118741,1.542971612891847,all,2018-09-06
KHC,KHC.O,2018-09-21,ESG-GARCH(E),0.1971874353118741,1.5429716128918465,E,2018-09-06
KHC,KHC.O,2018-09-21,ESG-GARCH(G),0.1971874353118741,1.5429716128918471,G,2018-09-06
KHC,KHC.O,2018-09-21,ESG-GARCH(S),0.1971874353118741,1.542971612891847,S,2018-09-06
KHC,KHC.O,2018-09-21,ESG-GJR-GARCH,0.2166880357788435,1.8632422559402129,all,2018-09-06
KHC,KHC.O,2018-09-21,ESG-GJR-GARCH(E),0.2166880357788436,1.8632422559402144,E,2018-09-06
KHC,KHC.O,2018-09-21,ESG-GJR-GARCH(G),0.2166880357788435,1.863242255940213,G,2018-09-06
KHC,KHC.O,2018-09-21,ESG-GJR-GARCH(S),0.2166880357788435,1.8632422559402133,S,2018-09-06
KHC,KHC.O,2018-09-21,GARCH,0.1791577691540833,1.273710565407453,,2018-09-06
KHC,KHC.O,2018-09-21,GJR-GARCH,0.1935978415785939,1.4873065184083474,,2018-09-06
KHC,KHC.O,2018-09-24,EGARCH,0.1848789756015055,1.35635855632786,,2018-09-06
KHC,KHC.O,2018-09-24,ESG-EGARCH,0.1983335780155961,1.560960641605896,all,2018-09-06
KHC,KHC.O,2018-09-24,ESG-EGARCH(E),0.1983335780155961,1.560960641605895,E,2018-09-06
KHC,KHC.O,2018-09-24,ESG-EGARCH(G),0.1983335780155961,1.560960641605895,G,2018-09-06
KHC,KHC.O,2018-09-24,ESG-EGARCH(S),0.1983335780155961,1.5609606416058943,S,2018-09-06
KHC,KHC.O,2018-09-24,ESG-GARCH,0.1971874353118741,1.542971612891847,all,2018-09-06
KHC,KHC.O,2018-09-24,ESG-GARCH(E),0.1971874353118741,1.5429716128918465,E,2018-09-06
KHC,KHC.O,2018-09-24,ESG-GARCH(G),0.1971874353118741,1.5429716128918471,G,2018-09-06
KHC,KHC.O,2018-09-24,ESG-GARCH(S),0.1971874353118741,1.542971612891847,S,2018-09-06
KHC,KHC.O,2018-09-24,ESG-GJR-GARCH,0.2166880357788435,1.8632422559402129,all,2018-09-06
KHC,KHC.O,2018-09-24,ESG-GJR-GARCH(E),0.2166880357788436,1.8632422559402144,E,2018-09-06
KHC,KHC.O,2018-09-24,ESG-GJR-GARCH(G),0.2166880357788435,1.863242255940213,G,2018-09-06
KHC,KHC.O,2018-09-24,ESG-GJR-GARCH(S),0.2166880357788435,1.8632422559402133,S,2018-09-06
KHC,KHC.O,2018-09-24,GARCH,0.1791577691540833,1.273710565407453,,2018-09-06
KHC,KHC.O,2018-09-24,GJR-GARCH,0.1935978415785939,1.4873065184083474,,2018-09-06
KHC,KHC.O,2018-09-25,EGARCH,0.1848789756015055,1.35635855632786,,2018-09-06
KHC,KHC.O,2018-09-25,ESG-EGARCH,0.1983335780155961,1.560960641605896,all,2018-09-06
KHC,KHC.O,2018-09-25,ESG-EGARCH(E),0.1983335780155961,1.560960641605895,E,2018-09-06
KHC,KHC.O,2018-09-25,ESG-EGARCH(G),0.1983335780155961,1.560960641605895,G,2018-09-06
KHC,KHC.O,2018-09-25,ESG-EGARCH(S),0.1983335780155961,1.5609606416058943,S,2018-09-06
KHC,KHC.O,2018-09-25,ESG-GARCH,0.1971874353118741,1.542971612891847,all,2018-09-06
KHC,KHC.O,2018-09-25,ESG-GARCH(E),0.1971874353118741,1.5429716128918465,E,2018-09-06
KHC,KHC.O,2018-09-25,ESG-GARCH(G),0.1971874353118741,1.5429716128918471,G,2018-09-06
KHC,KHC.O,2018-09-25,ESG-GARCH(S),0.1971874353118741,1.542971612891847,S,2018-09-06
KHC,KHC.O,2018-09-25,ESG-GJR-GARCH,0.2166880357788435,1.8632422559402129,all,2018-09-06
KHC,KHC.O,2018-09-25,ESG-GJR-GARCH(E),0.2166880357788436,1.8632422559402144,E,2018-09-06
KHC,KHC.O,2018-09-25,ESG-GJR-GARCH(G),0.2166880357788435,1.863242255940213,G,2018-09-06
KHC,KHC.O,2018-09-25,ESG-GJR-GARCH(S),0.2166880357788435,1.8632422559402133,S,2018-09-06
KHC,KHC.O,2018-09-25,GARCH,0.1791577691540833,1.273710565407453,,2018-09-06
KHC,KHC.O,2018-09-25,GJR-GARCH,0.1935978415785939,1.4873065184083474,,2018-09-06
KHC,KHC.O,2018-09-26,EGARCH,0.1848789756015055,1.35635855632786,,2018-09-06
KHC,KHC.O,2018-09-26,ESG-EGARCH,0.1983335780155961,1.560960641605896,all,2018-09-06
KHC,KHC.O,2018-09-26,ESG-EGARCH(E),0.1983335780155961,1.560960641605895,E,2018-09-06
KHC,KHC.O,2018-09-26,ESG-EGARCH(G),0.1983335780155961,1.560960641605895,G,2018-09-06
KHC,KHC.O,2018-09-26,ESG-EGARCH(S),0.1983335780155961,1.5609606416058943,S,2018-09-06
KHC,KHC.O,2018-09-26,ESG-GARCH,0.1971874353118741,1.542971612891847,all,2018-09-06
KHC,KHC.O,2018-09-26,ESG-GARCH(E),0.1971874353118741,1.5429716128918465,E,2018-09-06
KHC,KHC.O,2018-09-26,ESG-GARCH(G),0.1971874353118741,1.5429716128918471,G,2018-09-06
KHC,KHC.O,2018-09-26,ESG-GARCH(S),0.1971874353118741,1.542971612891847,S,2018-09-06
KHC,KHC.O,2018-09-26,ESG-GJR-GARCH,0.2166880357788435,1.8632422559402129,all,2018-09-06
KHC,KHC.O,2018-09-26,ESG-GJR-GARCH(E),0.2166880357788436,1.8632422559402144,E,2018-09-06
KHC,KHC.O,2018-09-26,ESG-GJR-GARCH(G),0.2166880357788435,1.863242255940213,G,2018-09-06
KHC,KHC.O,2018-09-26,ESG-GJR-GARCH(S),0.2166880357788435,1.8632422559402133,S,2018-09-06
KHC,KHC.O,2018-09-26,GARCH,0.1791577691540833,1.273710565407453,,2018-09-06
KHC,KHC.O,2018-09-26,GJR-GARCH,0.1935978415785939,1.4873065184083474,,2018-09-06
KHC,KHC.O,2018-09-27,EGARCH,0.1848789756015055,1.35635855632786,,2018-09-06
KHC,KHC.O,2018-09-27,ESG-EGARCH,0.1983335780155961,1.560960641605896,all,2018-09-06
KHC,KHC.O,2018-09-27,ESG-EGARCH(E),0.1983335780155961,1.560960641605895,E,2018-09-06
KHC,KHC.O,2018-09-27,ESG-EGARCH(G),0.1983335780155961,1.560960641605895,G,2018-09-06
KHC,KHC.O,2018-09-27,ESG-EGARCH(S),0.1983335780155961,1.5609606416058943,S,2018-09-06
KHC,KHC.O,2018-09-27,ESG-GARCH,0.1971874353118741,1.542971612891847,all,2018-09-06
KHC,KHC.O,2018-09-27,ESG-GARCH(E),0.1971874353118741,1.5429716128918465,E,2018-09-06
KHC,KHC.O,2018-09-27,ESG-GARCH(G),0.1971874353118741,1.5429716128918471,G,2018-09-06
KHC,KHC.O,2018-09-27,ESG-GARCH(S),0.1971874353118741,1.542971612891847,S,2018-09-06
KHC,KHC.O,2018-09-27,ESG-GJR-GARCH,0.2166880357788435,1.8632422559402129,all,2018-09-06
KHC,KHC.O,2018-09-27,ESG-GJR-GARCH(E),0.2166880357788436,1.8632422559402144,E,2018-09-06
KHC,KHC.O,2018-09-27,ESG-GJR-GARCH(G),0.2166880357788435,1.863242255940213,G,2018-09-06
KHC,KHC.O,2018-09-27,ESG-GJR-GARCH(S),0.2166880357788435,1.8632422559402133,S,2018-09-06
KHC,KHC.O,2018-09-27,GARCH,0.1791577691540833,1.273710565407453,,2018-09-06
KHC,KHC.O,2018-09-27,GJR-GARCH,0.1935978415785939,1.4873065184083474,,2018-09-06
KHC,KHC.O,2018-09-28,EGARCH,0.1848789756015055,1.35635855632786,,2018-09-06
KHC,KHC.O,2018-09-28,ESG-EGARCH,0.1983335780155961,1.560960641605896,all,2018-09-06
KHC,KHC.O,2018-09-28,ESG-EGARCH(E),0.1983335780155961,1.560960641605895,E,2018-09-06
KHC,KHC.O,2018-09-28,ESG-EGARCH(G),0.1983335780155961,1.560960641605895,G,2018-09-06
KHC,KHC.O,2018-09-28,ESG-EGARCH(S),0.1983335780155961,1.5609606416058943,S,2018-09-06
KHC,KHC.O,2018-09-28,ESG-GARCH,0.1971874353118741,1.542971612891847,all,2018-09-06
KHC,KHC.O,2018-09-28,ESG-GARCH(E),0.1971874353118741,1.5429716128918465,E,2018-09-06
KHC,KHC.O,2018-09-28,ESG-GARCH(G),0.1971874353118741,1.5429716128918471,G,2018-09-06
KHC,KHC.O,2018-09-28,ESG-GARCH(S),0.1971874353118741,1.542971612891847,S,2018-09-06
KHC,KHC.O,2018-09-28,ESG-GJR-GARCH,0.2166880357788435,1.8632422559402129,all,2018-09-06
KHC,KHC.O,2018-09-28,ESG-GJR-GARCH(E),0.2166880357788436,1.8632422559402144,E,2018-09-06
KHC,KHC.O,2018-09-28,ESG-GJR-GARCH(G),0.2166880357788435,1.863242255940213,G,2018-09-06
KHC,KHC.O,2018-09-28,ESG-GJR-GARCH(S),0.2166880357788435,1.8632422559402133,S,2018-09-06
KHC,KHC.O,2018-09-28,GARCH,0.1791577691540833,1.273710565407453,,2018-09-06
KHC,KHC.O,2018-09-28,GJR-GARCH,0.1935978415785939,1.4873065184083474,,2018-09-06
KHC,KHC.O,2018-10-01,EGARCH,0.1848789756015055,1.35635855632786,,2018-09-06
KHC,KHC.O,2018-10-01,ESG-EGARCH,0.1983335780155961,1.560960641605896,all,2018-09-06
KHC,KHC.O,2018-10-01,ESG-EGARCH(E),0.1983335780155961,1.560960641605895,E,2018-09-06
KHC,KHC.O,2018-10-01,ESG-EGARCH(G),0.1983335780155961,1.560960641605895,G,2018-09-06
KHC,KHC.O,2018-10-01,ESG-EGARCH(S),0.1983335780155961,1.5609606416058943,S,2018-09-06
KHC,KHC.O,2018-10-01,ESG-GARCH,0.1971874353118741,1.542971612891847,all,2018-09-06
KHC,KHC.O,2018-10-01,ESG-GARCH(E),0.1971874353118741,1.5429716128918465,E,2018-09-06
KHC,KHC.O,2018-10-01,ESG-GARCH(G),0.1971874353118741,1.5429716128918471,G,2018-09-06
KHC,KHC.O,2018-10-01,ESG-GARCH(S),0.1971874353118741,1.542971612891847,S,2018-09-06
KHC,KHC.O,2018-10-01,ESG-GJR-GARCH,0.2166880357788435,1.8632422559402129,all,2018-09-06
KHC,KHC.O,2018-10-01,ESG-GJR-GARCH(E),0.2166880357788436,1.8632422559402144,E,2018-09-06
KHC,KHC.O,2018-10-01,ESG-GJR-GARCH(G),0.2166880357788435,1.863242255940213,G,2018-09-06
KHC,KHC.O,2018-10-01,ESG-GJR-GARCH(S),0.2166880357788435,1.8632422559402133,S,2018-09-06
KHC,KHC.O,2018-10-01,GARCH,0.1791577691540833,1.273710565407453,,2018-09-06
KHC,KHC.O,2018-10-01,GJR-GARCH,0.1935978415785939,1.4873065184083474,,2018-09-06
KHC,KHC.O,2018-10-02,EGARCH,0.1848789756015055,1.35635855632786,,2018-09-06
KHC,KHC.O,2018-10-02,ESG-EGARCH,0.1983335780155961,1.560960641605896,all,2018-09-06
KHC,KHC.O,2018-10-02,ESG-EGARCH(E),0.1983335780155961,1.560960641605895,E,2018-09-06
KHC,KHC.O,2018-10-02,ESG-EGARCH(G),0.1983335780155961,1.560960641605895,G,2018-09-06
KHC,KHC.O,2018-10-02,ESG-EGARCH(S),0.1983335780155961,1.5609606416058943,S,2018-09-06
KHC,KHC.O,2018-10-02,ESG-GARCH,0.1971874353118741,1.542971612891847,all,2018-09-06
KHC,KHC.O,2018-10-02,ESG-GARCH(E),0.1971874353118741,1.5429716128918465,E,2018-09-06
KHC,KHC.O,2018-10-02,ESG-GARCH(G),0.1971874353118741,1.5429716128918471,G,2018-09-06
KHC,KHC.O,2018-10-02,ESG-GARCH(S),0.1971874353118741,1.542971612891847,S,2018-09-06
KHC,KHC.O,2018-10-02,ESG-GJR-GARCH,0.2166880357788435,1.8632422559402129,all,2018-09-06
KHC,KHC.O,2018-10-02,ESG-GJR-GARCH(E),0.2166880357788436,1.8632422559402144,E,2018-09-06
KHC,KHC.O,2018-10-02,ESG-GJR-GARCH(G),0.2166880357788435,1.863242255940213,G,2018-09-06
KHC,KHC.O,2018-10-02,ESG-GJR-GARCH(S),0.2166880357788435,1.8632422559402133,S,2018-09-06
KHC,KHC.O,2018-10-02,GARCH,0.1791577691540833,1.273710565407453,,2018-09-06
KHC,KHC.O,2018-10-02,GJR-GARCH,0.1935978415785939,1.4873065184083474,,2018-09-06
KHC,KHC.O,2018-10-03,EGARCH,0.1848789756015055,1.35635855632786,,2018-09-06
KHC,KHC.O,2018-10-03,ESG-EGARCH,0.1983335780155961,1.560960641605896,all,2018-09-06
KHC,KHC.O,2018-10-03,ESG-EGARCH(E),0.1983335780155961,1.560960641605895,E,2018-09-06
KHC,KHC.O,2018-10-03,ESG-EGARCH(G),0.1983335780155961,1.560960641605895,G,2018-09-06
KHC,KHC.O,2018-10-03,ESG-EGARCH(S),0.1983335780155961,1.5609606416058943,S,2018-09-06
KHC,KHC.O,2018-10-03,ESG-GARCH,0.1971874353118741,1.542971612891847,all,2018-09-06
KHC,KHC.O,2018-10-03,ESG-GARCH(E),0.1971874353118741,1.5429716128918465,E,2018-09-06
KHC,KHC.O,2018-10-03,ESG-GARCH(G),0.1971874353118741,1.5429716128918471,G,2018-09-06
KHC,KHC.O,2018-10-03,ESG-GARCH(S),0.1971874353118741,1.542971612891847,S,2018-09-06
KHC,KHC.O,2018-10-03,ESG-GJR-GARCH,0.2166880357788435,1.8632422559402129,all,2018-09-06
KHC,KHC.O,2018-10-03,ESG-GJR-GARCH(E),0.2166880357788436,1.8632422559402144,E,2018-09-06
KHC,KHC.O,2018-10-03,ESG-GJR-GARCH(G),0.2166880357788435,1.863242255940213,G,2018-09-06
KHC,KHC.O,2018-10-03,ESG-GJR-GARCH(S),0.2166880357788435,1.8632422559402133,S,2018-09-06
KHC,KHC.O,2018-10-03,GARCH,0.1791577691540833,1.273710565407453,,2018-09-06
KHC,KHC.O,2018-10-03,GJR-GARCH,0.1935978415785939,1.4873065184083474,,2018-09-06
KHC,KHC.O,2018-10-04,EGARCH,0.1848789756015055,1.35635855632786,,2018-09-06
KHC,KHC.O,2018-10-04,ESG-EGARCH,0.1983335780155961,1.560960641605896,all,2018-09-06
KHC,KHC.O,2018-10-04,ESG-EGARCH(E),0.1983335780155961,1.560960641605895,E,2018-09-06
KHC,KHC.O,2018-10-04,ESG-EGARCH(G),0.1983335780155961,1.560960641605895,G,2018-09-06
KHC,KHC.O,2018-10-04,ESG-EGARCH(S),0.1983335780155961,1.5609606416058943,S,2018-09-06
KHC,KHC.O,2018-10-04,ESG-GARCH,0.1971874353118741,1.542971612891847,all,2018-09-06
KHC,KHC.O,2018-10-04,ESG-GARCH(E),0.1971874353118741,1.5429716128918465,E,2018-09-06
KHC,KHC.O,2018-10-04,ESG-GARCH(G),0.1971874353118741,1.5429716128918471,G,2018-09-06
KHC,KHC.O,2018-10-04,ESG-GARCH(S),0.1971874353118741,1.542971612891847,S,2018-09-06
KHC,KHC.O,2018-10-04,ESG-GJR-GARCH,0.2166880357788435,1.8632422559402129,all,2018-09-06
KHC,KHC.O,2018-10-04,ESG-GJR-GARCH(E),0.2166880357788436,1.8632422559402144,E,2018-09-06
KHC,KHC.O,2018-10-04,ESG-GJR-GARCH(G),0.2166880357788435,1.863242255940213,G,2018-09-06
KHC,KHC.O,2018-10-04,ESG-GJR-GARCH(S),0.2166880357788435,1.8632422559402133,S,2018-09-06
KHC,KHC.O,2018-10-04,GARCH,0.1791577691540833,1.273710565407453,,2018-09-06
KHC,KHC.O,2018-10-04,GJR-GARCH,0.1935978415785939,1.4873065184083474,,2018-09-06
KHC,KHC.O,2018-10-05,EGARCH,0.1848789756015055,1.35635855632786,,2018-09-06
KHC,KHC.O,2018-10-05,ESG-EGARCH,0.1983335780155961,1.560960641605896,all,2018-09-06
KHC,KHC.O,2018-10-05,ESG-EGARCH(E),0.1983335780155961,1.560960641605895,E,2018-09-06
KHC,KHC.O,2018-10-05,ESG-EGARCH(G),0.1983335780155961,1.560960641605895,G,2018-09-06
KHC,KHC.O,2018-10-05,ESG-EGARCH(S),0.1983335780155961,1.5609606416058943,S,2018-09-06
KHC,KHC.O,2018-10-05,ESG-GARCH,0.1971874353118741,1.542971612891847,all,2018-09-06
KHC,KHC.O,2018-10-05,ESG-GARCH(E),0.1971874353118741,1.5429716128918465,E,2018-09-06
KHC,KHC.O,2018-10-05,ESG-GARCH(G),0.1971874353118741,1.5429716128918471,G,2018-09-06
KHC,KHC.O,2018-10-05,ESG-GARCH(S),0.1971874353118741,1.542971612891847,S,2018-09-06
KHC,KHC.O,2018-10-05,ESG-GJR-GARCH,0.2166880357788435,1.8632422559402129,all,2018-09-06
KHC,KHC.O,2018-10-05,ESG-GJR-GARCH(E),0.2166880357788436,1.8632422559402144,E,2018-09-06
KHC,KHC.O,2018-10-05,ESG-GJR-GARCH(G),0.2166880357788435,1.863242255940213,G,2018-09-06
KHC,KHC.O,2018-10-05,ESG-GJR-GARCH(S),0.2166880357788435,1.8632422559402133,S,2018-09-06
KHC,KHC.O,2018-10-05,GARCH,0.1791577691540833,1.273710565407453,,2018-09-06
KHC,KHC.O,2018-10-05,GJR-GARCH,0.1935978415785939,1.4873065184083474,,2018-09-06
KHC,KHC.O,2018-10-08,EGARCH,0.1644173206813858,1.072740291271654,,2018-10-08
KHC,KHC.O,2018-10-08,ESG-EGARCH,0.1677719382751336,1.116961240976002,all,2018-10-08
KHC,KHC.O,2018-10-08,ESG-EGARCH(E),0.1677719382751336,1.1169612409760017,E,2018-10-08
KHC,KHC.O,2018-10-08,ESG-EGARCH(G),0.1677719382751336,1.116961240976002,G,2018-10-08
KHC,KHC.O,2018-10-08,ESG-EGARCH(S),0.1677719382751336,1.1169612409760017,S,2018-10-08
KHC,KHC.O,2018-10-08,ESG-GARCH,0.1665827470714594,1.1011830008680097,all,2018-10-08
KHC,KHC.O,2018-10-08,ESG-GARCH(E),0.1665827470714594,1.1011830008680097,E,2018-10-08
KHC,KHC.O,2018-10-08,ESG-GARCH(G),0.1665827470714594,1.1011830008680097,G,2018-10-08
KHC,KHC.O,2018-10-08,ESG-GARCH(S),0.1665827470714594,1.10118300086801,S,2018-10-08
KHC,KHC.O,2018-10-08,ESG-GJR-GARCH,0.1620819649007499,1.0424826724638074,all,2018-10-08
KHC,KHC.O,2018-10-08,ESG-GJR-GARCH(E),0.1620819649007499,1.0424826724638068,E,2018-10-08
KHC,KHC.O,2018-10-08,ESG-GJR-GARCH(G),0.1620819649007499,1.042482672463807,G,2018-10-08
KHC,KHC.O,2018-10-08,ESG-GJR-GARCH(S),0.1620819649007499,1.0424826724638072,S,2018-10-08
KHC,KHC.O,2018-10-08,GARCH,0.1611283973573263,1.030252398211923,,2018-10-08
KHC,KHC.O,2018-10-08,GJR-GARCH,0.1497424177655814,0.8897933205667423,,2018-10-08
KHC,KHC.O,2018-10-09,EGARCH,0.1644173206813858,1.072740291271654,,2018-10-08
KHC,KHC.O,2018-10-09,ESG-EGARCH,0.1677719382751336,1.116961240976002,all,2018-10-08
KHC,KHC.O,2018-10-09,ESG-EGARCH(E),0.1677719382751336,1.1169612409760017,E,2018-10-08
KHC,KHC.O,2018-10-09,ESG-EGARCH(G),0.1677719382751336,1.116961240976002,G,2018-10-08
KHC,KHC.O,2018-10-09,ESG-EGARCH(S),0.1677719382751336,1.1169612409760017,S,2018-10-08
KHC,KHC.O,2018-10-09,ESG-GARCH,0.1665827470714594,1.1011830008680097,all,2018-10-08
KHC,KHC.O,2018-10-09,ESG-GARCH(E),0.1665827470714594,1.1011830008680097,E,2018-10-08
KHC,KHC.O,2018-10-09,ESG-GARCH(G),0.1665827470714594,1.1011830008680097,G,2018-10-08
KHC,KHC.O,2018-10-09,ESG-GARCH(S),0.1665827470714594,1.10118300086801,S,2018-10-08
KHC,KHC.O,2018-10-09,ESG-GJR-GARCH,0.1620819649007499,1.0424826724638074,all,2018-10-08
KHC,KHC.O,2018-10-09,ESG-GJR-GARCH(E),0.1620819649007499,1.0424826724638068,E,2018-10-08
KHC,KHC.O,2018-10-09,ESG-GJR-GARCH(G),0.1620819649007499,1.042482672463807,G,2018-10-08
KHC,KHC.O,2018-10-09,ESG-GJR-GARCH(S),0.1620819649007499,1.0424826724638072,S,2018-10-08
KHC,KHC.O,2018-10-09,GARCH,0.1611283973573263,1.030252398211923,,2018-10-08
KHC,KHC.O,2018-10-09,GJR-GARCH,0.1497424177655814,0.8897933205667423,,2018-10-08
KHC,KHC.O,2018-10-10,EGARCH,0.1644173206813858,1.072740291271654,,2018-10-08
KHC,KHC.O,2018-10-10,ESG-EGARCH,0.1677719382751336,1.116961240976002,all,2018-10-08
KHC,KHC.O,2018-10-10,ESG-EGARCH(E),0.1677719382751336,1.1169612409760017,E,2018-10-08
KHC,KHC.O,2018-10-10,ESG-EGARCH(G),0.1677719382751336,1.116961240976002,G,2018-10-08
KHC,KHC.O,2018-10-10,ESG-EGARCH(S),0.1677719382751336,1.1169612409760017,S,2018-10-08
KHC,KHC.O,2018-10-10,ESG-GARCH,0.1665827470714594,1.1011830008680097,all,2018-10-08
KHC,KHC.O,2018-10-10,ESG-GARCH(E),0.1665827470714594,1.1011830008680097,E,2018-10-08
KHC,KHC.O,2018-10-10,ESG-GARCH(G),0.1665827470714594,1.1011830008680097,G,2018-10-08
KHC,KHC.O,2018-10-10,ESG-GARCH(S),0.1665827470714594,1.10118300086801,S,2018-10-08
KHC,KHC.O,2018-10-10,ESG-GJR-GARCH,0.1620819649007499,1.0424826724638074,all,2018-10-08
KHC,KHC.O,2018-10-10,ESG-GJR-GARCH(E),0.1620819649007499,1.0424826724638068,E,2018-10-08
KHC,KHC.O,2018-10-10,ESG-GJR-GARCH(G),0.1620819649007499,1.042482672463807,G,2018-10-08
KHC,KHC.O,2018-10-10,ESG-GJR-GARCH(S),0.1620819649007499,1.0424826724638072,S,2018-10-08
KHC,KHC.O,2018-10-10,GARCH,0.1611283973573263,1.030252398211923,,2018-10-08
KHC,KHC.O,2018-10-10,GJR-GARCH,0.1497424177655814,0.8897933205667423,,2018-10-08
KHC,KHC.O,2018-10-11,EGARCH,0.1644173206813858,1.072740291271654,,2018-10-08
KHC,KHC.O,2018-10-11,ESG-EGARCH,0.1677719382751336,1.116961240976002,all,2018-10-08
KHC,KHC.O,2018-10-11,ESG-EGARCH(E),0.1677719382751336,1.1169612409760017,E,2018-10-08
KHC,KHC.O,2018-10-11,ESG-EGARCH(G),0.1677719382751336,1.116961240976002,G,2018-10-08
KHC,KHC.O,2018-10-11,ESG-EGARCH(S),0.1677719382751336,1.1169612409760017,S,2018-10-08
KHC,KHC.O,2018-10-11,ESG-GARCH,0.1665827470714594,1.1011830008680097,all,2018-10-08
KHC,KHC.O,2018-10-11,ESG-GARCH(E),0.1665827470714594,1.1011830008680097,E,2018-10-08
KHC,KHC.O,2018-10-11,ESG-GARCH(G),0.1665827470714594,1.1011830008680097,G,2018-10-08
KHC,KHC.O,2018-10-11,ESG-GARCH(S),0.1665827470714594,1.10118300086801,S,2018-10-08
KHC,KHC.O,2018-10-11,ESG-GJR-GARCH,0.1620819649007499,1.0424826724638074,all,2018-10-08
KHC,KHC.O,2018-10-11,ESG-GJR-GARCH(E),0.1620819649007499,1.0424826724638068,E,2018-10-08
KHC,KHC.O,2018-10-11,ESG-GJR-GARCH(G),0.1620819649007499,1.042482672463807,G,2018-10-08
KHC,KHC.O,2018-10-11,ESG-GJR-GARCH(S),0.1620819649007499,1.0424826724638072,S,2018-10-08
KHC,KHC.O,2018-10-11,GARCH,0.1611283973573263,1.030252398211923,,2018-10-08
KHC,KHC.O,2018-10-11,GJR-GARCH,0.1497424177655814,0.8897933205667423,,2018-10-08
KHC,KHC.O,2018-10-12,EGARCH,0.1644173206813858,1.072740291271654,,2018-10-08
KHC,KHC.O,2018-10-12,ESG-EGARCH,0.1677719382751336,1.116961240976002,all,2018-10-08
KHC,KHC.O,2018-10-12,ESG-EGARCH(E),0.1677719382751336,1.1169612409760017,E,2018-10-08
KHC,KHC.O,2018-10-12,ESG-EGARCH(G),0.1677719382751336,1.116961240976002,G,2018-10-08
KHC,KHC.O,2018-10-12,ESG-EGARCH(S),0.1677719382751336,1.1169612409760017,S,2018-10-08
KHC,KHC.O,2018-10-12,ESG-GARCH,0.1665827470714594,1.1011830008680097,all,2018-10-08
KHC,KHC.O,2018-10-12,ESG-GARCH(E),0.1665827470714594,1.1011830008680097,E,2018-10-08
KHC,KHC.O,2018-10-12,ESG-GARCH(G),0.1665827470714594,1.1011830008680097,G,2018-10-08
KHC,KHC.O,2018-10-12,ESG-GARCH(S),0.1665827470714594,1.10118300086801,S,2018-10-08
KHC,KHC.O,2018-10-12,ESG-GJR-GARCH,0.1620819649007499,1.0424826724638074,all,2018-10-08
KHC,KHC.O,2018-10-12,ESG-GJR-GARCH(E),0.1620819649007499,1.0424826724638068,E,2018-10-08
KHC,KHC.O,2018-10-12,ESG-GJR-GARCH(G),0.1620819649007499,1.042482672463807,G,2018-10-08
KHC,KHC.O,2018-10-12,ESG-GJR-GARCH(S),0.1620819649007499,1.0424826724638072,S,2018-10-08
KHC,KHC.O,2018-10-12,GARCH,0.1611283973573263,1.030252398211923,,2018-10-08
KHC,KHC.O,2018-10-12,GJR-GARCH,0.1497424177655814,0.8897933205667423,,2018-10-08
KHC,KHC.O,2018-10-15,EGARCH,0.1644173206813858,1.072740291271654,,2018-10-08
KHC,KHC.O,2018-10-15,ESG-EGARCH,0.1677719382751336,1.116961240976002,all,2018-10-08
KHC,KHC.O,2018-10-15,ESG-EGARCH(E),0.1677719382751336,1.1169612409760017,E,2018-10-08
KHC,KHC.O,2018-10-15,ESG-EGARCH(G),0.1677719382751336,1.116961240976002,G,2018-10-08
KHC,KHC.O,2018-10-15,ESG-EGARCH(S),0.1677719382751336,1.1169612409760017,S,2018-10-08
KHC,KHC.O,2018-10-15,ESG-GARCH,0.1665827470714594,1.1011830008680097,all,2018-10-08
KHC,KHC.O,2018-10-15,ESG-GARCH(E),0.1665827470714594,1.1011830008680097,E,2018-10-08
KHC,KHC.O,2018-10-15,ESG-GARCH(G),0.1665827470714594,1.1011830008680097,G,2018-10-08
KHC,KHC.O,2018-10-15,ESG-GARCH(S),0.1665827470714594,1.10118300086801,S,2018-10-08
KHC,KHC.O,2018-10-15,ESG-GJR-GARCH,0.1620819649007499,1.0424826724638074,all,2018-10-08
KHC,KHC.O,2018-10-15,ESG-GJR-GARCH(E),0.1620819649007499,1.0424826724638068,E,2018-10-08
KHC,KHC.O,2018-10-15,ESG-GJR-GARCH(G),0.1620819649007499,1.042482672463807,G,2018-10-08
KHC,KHC.O,2018-10-15,ESG-GJR-GARCH(S),0.1620819649007499,1.0424826724638072,S,2018-10-08
KHC,KHC.O,2018-10-15,GARCH,0.1611283973573263,1.030252398211923,,2018-10-08
KHC,KHC.O,2018-10-15,GJR-GARCH,0.1497424177655814,0.8897933205667423,,2018-10-08
KHC,KHC.O,2018-10-16,EGARCH,0.1644173206813858,1.072740291271654,,2018-10-08
KHC,KHC.O,2018-10-16,ESG-EGARCH,0.1677719382751336,1.116961240976002,all,2018-10-08
KHC,KHC.O,2018-10-16,ESG-EGARCH(E),0.1677719382751336,1.1169612409760017,E,2018-10-08
KHC,KHC.O,2018-10-16,ESG-EGARCH(G),0.1677719382751336,1.116961240976002,G,2018-10-08
KHC,KHC.O,2018-10-16,ESG-EGARCH(S),0.1677719382751336,1.1169612409760017,S,2018-10-08
KHC,KHC.O,2018-10-16,ESG-GARCH,0.1665827470714594,1.1011830008680097,all,2018-10-08
KHC,KHC.O,2018-10-16,ESG-GARCH(E),0.1665827470714594,1.1011830008680097,E,2018-10-08
KHC,KHC.O,2018-10-16,ESG-GARCH(G),0.1665827470714594,1.1011830008680097,G,2018-10-08
KHC,KHC.O,2018-10-16,ESG-GARCH(S),0.1665827470714594,1.10118300086801,S,2018-10-08
KHC,KHC.O,2018-10-16,ESG-GJR-GARCH,0.1620819649007499,1.0424826724638074,all,2018-10-08
KHC,KHC.O,2018-10-16,ESG-GJR-GARCH(E),0.1620819649007499,1.0424826724638068,E,2018-10-08
KHC,KHC.O,2018-10-16,ESG-GJR-GARCH(G),0.1620819649007499,1.042482672463807,G,2018-10-08
KHC,KHC.O,2018-10-16,ESG-GJR-GARCH(S),0.1620819649007499,1.0424826724638072,S,2018-10-08
KHC,KHC.O,2018-10-16,GARCH,0.1611283973573263,1.030252398211923,,2018-10-08
KHC,KHC.O,2018-10-16,GJR-GARCH,0.1497424177655814,0.8897933205667423,,2018-10-08
KHC,KHC.O,2018-10-17,EGARCH,0.1644173206813858,1.072740291271654,,2018-10-08
KHC,KHC.O,2018-10-17,ESG-EGARCH,0.1677719382751336,1.116961240976002,all,2018-10-08
KHC,KHC.O,2018-10-17,ESG-EGARCH(E),0.1677719382751336,1.1169612409760017,E,2018-10-08
KHC,KHC.O,2018-10-17,ESG-EGARCH(G),0.1677719382751336,1.116961240976002,G,2018-10-08
KHC,KHC.O,2018-10-17,ESG-EGARCH(S),0.1677719382751336,1.1169612409760017,S,2018-10-08
KHC,KHC.O,2018-10-17,ESG-GARCH,0.1665827470714594,1.1011830008680097,all,2018-10-08
KHC,KHC.O,2018-10-17,ESG-GARCH(E),0.1665827470714594,1.1011830008680097,E,2018-10-08
KHC,KHC.O,2018-10-17,ESG-GARCH(G),0.1665827470714594,1.1011830008680097,G,2018-10-08
KHC,KHC.O,2018-10-17,ESG-GARCH(S),0.1665827470714594,1.10118300086801,S,2018-10-08
KHC,KHC.O,2018-10-17,ESG-GJR-GARCH,0.1620819649007499,1.0424826724638074,all,2018-10-08
KHC,KHC.O,2018-10-17,ESG-GJR-GARCH(E),0.1620819649007499,1.0424826724638068,E,2018-10-08
KHC,KHC.O,2018-10-17,ESG-GJR-GARCH(G),0.1620819649007499,1.042482672463807,G,2018-10-08
KHC,KHC.O,2018-10-17,ESG-GJR-GARCH(S),0.1620819649007499,1.0424826724638072,S,2018-10-08
KHC,KHC.O,2018-10-17,GARCH,0.1611283973573263,1.030252398211923,,2018-10-08
KHC,KHC.O,2018-10-17,GJR-GARCH,0.1497424177655814,0.8897933205667423,,2018-10-08
KHC,KHC.O,2018-10-18,EGARCH,0.1644173206813858,1.072740291271654,,2018-10-08
KHC,KHC.O,2018-10-18,ESG-EGARCH,0.1677719382751336,1.116961240976002,all,2018-10-08
KHC,KHC.O,2018-10-18,ESG-EGARCH(E),0.1677719382751336,1.1169612409760017,E,2018-10-08
KHC,KHC.O,2018-10-18,ESG-EGARCH(G),0.1677719382751336,1.116961240976002,G,2018-10-08
KHC,KHC.O,2018-10-18,ESG-EGARCH(S),0.1677719382751336,1.1169612409760017,S,2018-10-08
KHC,KHC.O,2018-10-18,ESG-GARCH,0.1665827470714594,1.1011830008680097,all,2018-10-08
KHC,KHC.O,2018-10-18,ESG-GARCH(E),0.1665827470714594,1.1011830008680097,E,2018-10-08
KHC,KHC.O,2018-10-18,ESG-GARCH(G),0.1665827470714594,1.1011830008680097,G,2018-10-08
KHC,KHC.O,2018-10-18,ESG-GARCH(S),0.1665827470714594,1.10118300086801,S,2018-10-08
KHC,KHC.O,2018-10-18,ESG-GJR-GARCH,0.1620819649007499,1.0424826724638074,all,2018-10-08
KHC,KHC.O,2018-10-18,ESG-GJR-GARCH(E),0.1620819649007499,1.0424826724638068,E,2018-10-08
KHC,KHC.O,2018-10-18,ESG-GJR-GARCH(G),0.1620819649007499,1.042482672463807,G,2018-10-08
KHC,KHC.O,2018-10-18,ESG-GJR-GARCH(S),0.1620819649007499,1.0424826724638072,S,2018-10-08
KHC,KHC.O,2018-10-18,GARCH,0.1611283973573263,1.030252398211923,,2018-10-08
KHC,KHC.O,2018-10-18,GJR-GARCH,0.1497424177655814,0.8897933205667423,,2018-10-08
KHC,KHC.O,2018-10-19,EGARCH,0.1644173206813858,1.072740291271654,,2018-10-08
KHC,KHC.O,2018-10-19,ESG-EGARCH,0.1677719382751336,1.116961240976002,all,2018-10-08
KHC,KHC.O,2018-10-19,ESG-EGARCH(E),0.1677719382751336,1.1169612409760017,E,2018-10-08
KHC,KHC.O,2018-10-19,ESG-EGARCH(G),0.1677719382751336,1.116961240976002,G,2018-10-08
KHC,KHC.O,2018-10-19,ESG-EGARCH(S),0.1677719382751336,1.1169612409760017,S,2018-10-08
KHC,KHC.O,2018-10-19,ESG-GARCH,0.1665827470714594,1.1011830008680097,all,2018-10-08
KHC,KHC.O,2018-10-19,ESG-GARCH(E),0.1665827470714594,1.1011830008680097,E,2018-10-08
KHC,KHC.O,2018-10-19,ESG-GARCH(G),0.1665827470714594,1.1011830008680097,G,2018-10-08
KHC,KHC.O,2018-10-19,ESG-GARCH(S),0.1665827470714594,1.10118300086801,S,2018-10-08
KHC,KHC.O,2018-10-19,ESG-GJR-GARCH,0.1620819649007499,1.0424826724638074,all,2018-10-08
KHC,KHC.O,2018-10-19,ESG-GJR-GARCH(E),0.1620819649007499,1.0424826724638068,E,2018-10-08
KHC,KHC.O,2018-10-19,ESG-GJR-GARCH(G),0.1620819649007499,1.042482672463807,G,2018-10-08
KHC,KHC.O,2018-10-19,ESG-GJR-GARCH(S),0.1620819649007499,1.0424826724638072,S,2018-10-08
KHC,KHC.O,2018-10-19,GARCH,0.1611283973573263,1.030252398211923,,2018-10-08
KHC,KHC.O,2018-10-19,GJR-GARCH,0.1497424177655814,0.8897933205667423,,2018-10-08
KHC,KHC.O,2018-10-22,EGARCH,0.1644173206813858,1.072740291271654,,2018-10-08
KHC,KHC.O,2018-10-22,ESG-EGARCH,0.1677719382751336,1.116961240976002,all,2018-10-08
KHC,KHC.O,2018-10-22,ESG-EGARCH(E),0.1677719382751336,1.1169612409760017,E,2018-10-08
KHC,KHC.O,2018-10-22,ESG-EGARCH(G),0.1677719382751336,1.116961240976002,G,2018-10-08
KHC,KHC.O,2018-10-22,ESG-EGARCH(S),0.1677719382751336,1.1169612409760017,S,2018-10-08
KHC,KHC.O,2018-10-22,ESG-GARCH,0.1665827470714594,1.1011830008680097,all,2018-10-08
KHC,KHC.O,2018-10-22,ESG-GARCH(E),0.1665827470714594,1.1011830008680097,E,2018-10-08
KHC,KHC.O,2018-10-22,ESG-GARCH(G),0.1665827470714594,1.1011830008680097,G,2018-10-08
KHC,KHC.O,2018-10-22,ESG-GARCH(S),0.1665827470714594,1.10118300086801,S,2018-10-08
KHC,KHC.O,2018-10-22,ESG-GJR-GARCH,0.1620819649007499,1.0424826724638074,all,2018-10-08
KHC,KHC.O,2018-10-22,ESG-GJR-GARCH(E),0.1620819649007499,1.0424826724638068,E,2018-10-08
KHC,KHC.O,2018-10-22,ESG-GJR-GARCH(G),0.1620819649007499,1.042482672463807,G,2018-10-08
KHC,KHC.O,2018-10-22,ESG-GJR-GARCH(S),0.1620819649007499,1.0424826724638072,S,2018-10-08
KHC,KHC.O,2018-10-22,GARCH,0.1611283973573263,1.030252398211923,,2018-10-08
KHC,KHC.O,2018-10-22,GJR-GARCH,0.1497424177655814,0.8897933205667423,,2018-10-08
KHC,KHC.O,2018-10-23,EGARCH,0.1644173206813858,1.072740291271654,,2018-10-08
KHC,KHC.O,2018-10-23,ESG-EGARCH,0.1677719382751336,1.116961240976002,all,2018-10-08
KHC,KHC.O,2018-10-23,ESG-EGARCH(E),0.1677719382751336,1.1169612409760017,E,2018-10-08
KHC,KHC.O,2018-10-23,ESG-EGARCH(G),0.1677719382751336,1.116961240976002,G,2018-10-08
KHC,KHC.O,2018-10-23,ESG-EGARCH(S),0.1677719382751336,1.1169612409760017,S,2018-10-08
KHC,KHC.O,2018-10-23,ESG-GARCH,0.1665827470714594,1.1011830008680097,all,2018-10-08
KHC,KHC.O,2018-10-23,ESG-GARCH(E),0.1665827470714594,1.1011830008680097,E,2018-10-08
KHC,KHC.O,2018-10-23,ESG-GARCH(G),0.1665827470714594,1.1011830008680097,G,2018-10-08
KHC,KHC.O,2018-10-23,ESG-GARCH(S),0.1665827470714594,1.10118300086801,S,2018-10-08
KHC,KHC.O,2018-10-23,ESG-GJR-GARCH,0.1620819649007499,1.0424826724638074,all,2018-10-08
KHC,KHC.O,2018-10-23,ESG-GJR-GARCH(E),0.1620819649007499,1.0424826724638068,E,2018-10-08
KHC,KHC.O,2018-10-23,ESG-GJR-GARCH(G),0.1620819649007499,1.042482672463807,G,2018-10-08
KHC,KHC.O,2018-10-23,ESG-GJR-GARCH(S),0.1620819649007499,1.0424826724638072,S,2018-10-08
KHC,KHC.O,2018-10-23,GARCH,0.1611283973573263,1.030252398211923,,2018-10-08
KHC,KHC.O,2018-10-23,GJR-GARCH,0.1497424177655814,0.8897933205667423,,2018-10-08
KHC,KHC.O,2018-10-24,EGARCH,0.1644173206813858,1.072740291271654,,2018-10-08
KHC,KHC.O,2018-10-24,ESG-EGARCH,0.1677719382751336,1.116961240976002,all,2018-10-08
KHC,KHC.O,2018-10-24,ESG-EGARCH(E),0.1677719382751336,1.1169612409760017,E,2018-10-08
KHC,KHC.O,2018-10-24,ESG-EGARCH(G),0.1677719382751336,1.116961240976002,G,2018-10-08
KHC,KHC.O,2018-10-24,ESG-EGARCH(S),0.1677719382751336,1.1169612409760017,S,2018-10-08
KHC,KHC.O,2018-10-24,ESG-GARCH,0.1665827470714594,1.1011830008680097,all,2018-10-08
KHC,KHC.O,2018-10-24,ESG-GARCH(E),0.1665827470714594,1.1011830008680097,E,2018-10-08
KHC,KHC.O,2018-10-24,ESG-GARCH(G),0.1665827470714594,1.1011830008680097,G,2018-10-08
KHC,KHC.O,2018-10-24,ESG-GARCH(S),0.1665827470714594,1.10118300086801,S,2018-10-08
KHC,KHC.O,2018-10-24,ESG-GJR-GARCH,0.1620819649007499,1.0424826724638074,all,2018-10-08
KHC,KHC.O,2018-10-24,ESG-GJR-GARCH(E),0.1620819649007499,1.0424826724638068,E,2018-10-08
KHC,KHC.O,2018-10-24,ESG-GJR-GARCH(G),0.1620819649007499,1.042482672463807,G,2018-10-08
KHC,KHC.O,2018-10-24,ESG-GJR-GARCH(S),0.1620819649007499,1.0424826724638072,S,2018-10-08
KHC,KHC.O,2018-10-24,GARCH,0.1611283973573263,1.030252398211923,,2018-10-08
KHC,KHC.O,2018-10-24,GJR-GARCH,0.1497424177655814,0.8897933205667423,,2018-10-08
KHC,KHC.O,2018-10-25,EGARCH,0.1644173206813858,1.072740291271654,,2018-10-08
KHC,KHC.O,2018-10-25,ESG-EGARCH,0.1677719382751336,1.116961240976002,all,2018-10-08
KHC,KHC.O,2018-10-25,ESG-EGARCH(E),0.1677719382751336,1.1169612409760017,E,2018-10-08
KHC,KHC.O,2018-10-25,ESG-EGARCH(G),0.1677719382751336,1.116961240976002,G,2018-10-08
KHC,KHC.O,2018-10-25,ESG-EGARCH(S),0.1677719382751336,1.1169612409760017,S,2018-10-08
KHC,KHC.O,2018-10-25,ESG-GARCH,0.1665827470714594,1.1011830008680097,all,2018-10-08
KHC,KHC.O,2018-10-25,ESG-GARCH(E),0.1665827470714594,1.1011830008680097,E,2018-10-08
KHC,KHC.O,2018-10-25,ESG-GARCH(G),0.1665827470714594,1.1011830008680097,G,2018-10-08
KHC,KHC.O,2018-10-25,ESG-GARCH(S),0.1665827470714594,1.10118300086801,S,2018-10-08
KHC,KHC.O,2018-10-25,ESG-GJR-GARCH,0.1620819649007499,1.0424826724638074,all,2018-10-08
KHC,KHC.O,2018-10-25,ESG-GJR-GARCH(E),0.1620819649007499,1.0424826724638068,E,2018-10-08
KHC,KHC.O,2018-10-25,ESG-GJR-GARCH(G),0.1620819649007499,1.042482672463807,G,2018-10-08
KHC,KHC.O,2018-10-25,ESG-GJR-GARCH(S),0.1620819649007499,1.0424826724638072,S,2018-10-08
KHC,KHC.O,2018-10-25,GARCH,0.1611283973573263,1.030252398211923,,2018-10-08
KHC,KHC.O,2018-10-25,GJR-GARCH,0.1497424177655814,0.8897933205667423,,2018-10-08
KHC,KHC.O,2018-10-26,EGARCH,0.1644173206813858,1.072740291271654,,2018-10-08
KHC,KHC.O,2018-10-26,ESG-EGARCH,0.1677719382751336,1.116961240976002,all,2018-10-08
KHC,KHC.O,2018-10-26,ESG-EGARCH(E),0.1677719382751336,1.1169612409760017,E,2018-10-08
KHC,KHC.O,2018-10-26,ESG-EGARCH(G),0.1677719382751336,1.116961240976002,G,2018-10-08
KHC,KHC.O,2018-10-26,ESG-EGARCH(S),0.1677719382751336,1.1169612409760017,S,2018-10-08
KHC,KHC.O,2018-10-26,ESG-GARCH,0.1665827470714594,1.1011830008680097,all,2018-10-08
KHC,KHC.O,2018-10-26,ESG-GARCH(E),0.1665827470714594,1.1011830008680097,E,2018-10-08
KHC,KHC.O,2018-10-26,ESG-GARCH(G),0.1665827470714594,1.1011830008680097,G,2018-10-08
KHC,KHC.O,2018-10-26,ESG-GARCH(S),0.1665827470714594,1.10118300086801,S,2018-10-08
KHC,KHC.O,2018-10-26,ESG-GJR-GARCH,0.1620819649007499,1.0424826724638074,all,2018-10-08
KHC,KHC.O,2018-10-26,ESG-GJR-GARCH(E),0.1620819649007499,1.0424826724638068,E,2018-10-08
KHC,KHC.O,2018-10-26,ESG-GJR-GARCH(G),0.1620819649007499,1.042482672463807,G,2018-10-08
KHC,KHC.O,2018-10-26,ESG-GJR-GARCH(S),0.1620819649007499,1.0424826724638072,S,2018-10-08
KHC,KHC.O,2018-10-26,GARCH,0.1611283973573263,1.030252398211923,,2018-10-08
KHC,KHC.O,2018-10-26,GJR-GARCH,0.1497424177655814,0.8897933205667423,,2018-10-08
KHC,KHC.O,2018-10-29,EGARCH,0.1644173206813858,1.072740291271654,,2018-10-08
KHC,KHC.O,2018-10-29,ESG-EGARCH,0.1677719382751336,1.116961240976002,all,2018-10-08
KHC,KHC.O,2018-10-29,ESG-EGARCH(E),0.1677719382751336,1.1169612409760017,E,2018-10-08
KHC,KHC.O,2018-10-29,ESG-EGARCH(G),0.1677719382751336,1.116961240976002,G,2018-10-08
KHC,KHC.O,2018-10-29,ESG-EGARCH(S),0.1677719382751336,1.1169612409760017,S,2018-10-08
KHC,KHC.O,2018-10-29,ESG-GARCH,0.1665827470714594,1.1011830008680097,all,2018-10-08
KHC,KHC.O,2018-10-29,ESG-GARCH(E),0.1665827470714594,1.1011830008680097,E,2018-10-08
KHC,KHC.O,2018-10-29,ESG-GARCH(G),0.1665827470714594,1.1011830008680097,G,2018-10-08
KHC,KHC.O,2018-10-29,ESG-GARCH(S),0.1665827470714594,1.10118300086801,S,2018-10-08
KHC,KHC.O,2018-10-29,ESG-GJR-GARCH,0.1620819649007499,1.0424826724638074,all,2018-10-08
KHC,KHC.O,2018-10-29,ESG-GJR-GARCH(E),0.1620819649007499,1.0424826724638068,E,2018-10-08
KHC,KHC.O,2018-10-29,ESG-GJR-GARCH(G),0.1620819649007499,1.042482672463807,G,2018-10-08
KHC,KHC.O,2018-10-29,ESG-GJR-GARCH(S),0.1620819649007499,1.0424826724638072,S,2018-10-08
KHC,KHC.O,2018-10-29,GARCH,0.1611283973573263,1.030252398211923,,2018-10-08
KHC,KHC.O,2018-10-29,GJR-GARCH,0.1497424177655814,0.8897933205667423,,2018-10-08
KHC,KHC.O,2018-10-30,EGARCH,0.1644173206813858,1.072740291271654,,2018-10-08
KHC,KHC.O,2018-10-30,ESG-EGARCH,0.1677719382751336,1.116961240976002,all,2018-10-08
KHC,KHC.O,2018-10-30,ESG-EGARCH(E),0.1677719382751336,1.1169612409760017,E,2018-10-08
KHC,KHC.O,2018-10-30,ESG-EGARCH(G),0.1677719382751336,1.116961240976002,G,2018-10-08
KHC,KHC.O,2018-10-30,ESG-EGARCH(S),0.1677719382751336,1.1169612409760017,S,2018-10-08
KHC,KHC.O,2018-10-30,ESG-GARCH,0.1665827470714594,1.1011830008680097,all,2018-10-08
KHC,KHC.O,2018-10-30,ESG-GARCH(E),0.1665827470714594,1.1011830008680097,E,2018-10-08
KHC,KHC.O,2018-10-30,ESG-GARCH(G),0.1665827470714594,1.1011830008680097,G,2018-10-08
KHC,KHC.O,2018-10-30,ESG-GARCH(S),0.1665827470714594,1.10118300086801,S,2018-10-08
KHC,KHC.O,2018-10-30,ESG-GJR-GARCH,0.1620819649007499,1.0424826724638074,all,2018-10-08
KHC,KHC.O,2018-10-30,ESG-GJR-GARCH(E),0.1620819649007499,1.0424826724638068,E,2018-10-08
KHC,KHC.O,2018-10-30,ESG-GJR-GARCH(G),0.1620819649007499,1.042482672463807,G,2018-10-08
KHC,KHC.O,2018-10-30,ESG-GJR-GARCH(S),0.1620819649007499,1.0424826724638072,S,2018-10-08
KHC,KHC.O,2018-10-30,GARCH,0.1611283973573263,1.030252398211923,,2018-10-08
KHC,KHC.O,2018-10-30,GJR-GARCH,0.1497424177655814,0.8897933205667423,,2018-10-08
KHC,KHC.O,2018-10-31,EGARCH,0.1644173206813858,1.072740291271654,,2018-10-08
KHC,KHC.O,2018-10-31,ESG-EGARCH,0.1677719382751336,1.116961240976002,all,2018-10-08
KHC,KHC.O,2018-10-31,ESG-EGARCH(E),0.1677719382751336,1.1169612409760017,E,2018-10-08
KHC,KHC.O,2018-10-31,ESG-EGARCH(G),0.1677719382751336,1.116961240976002,G,2018-10-08
KHC,KHC.O,2018-10-31,ESG-EGARCH(S),0.1677719382751336,1.1169612409760017,S,2018-10-08
KHC,KHC.O,2018-10-31,ESG-GARCH,0.1665827470714594,1.1011830008680097,all,2018-10-08
KHC,KHC.O,2018-10-31,ESG-GARCH(E),0.1665827470714594,1.1011830008680097,E,2018-10-08
KHC,KHC.O,2018-10-31,ESG-GARCH(G),0.1665827470714594,1.1011830008680097,G,2018-10-08
KHC,KHC.O,2018-10-31,ESG-GARCH(S),0.1665827470714594,1.10118300086801,S,2018-10-08
KHC,KHC.O,2018-10-31,ESG-GJR-GARCH,0.1620819649007499,1.0424826724638074,all,2018-10-08
KHC,KHC.O,2018-10-31,ESG-GJR-GARCH(E),0.1620819649007499,1.0424826724638068,E,2018-10-08
KHC,KHC.O,2018-10-31,ESG-GJR-GARCH(G),0.1620819649007499,1.042482672463807,G,2018-10-08
KHC,KHC.O,2018-10-31,ESG-GJR-GARCH(S),0.1620819649007499,1.0424826724638072,S,2018-10-08
KHC,KHC.O,2018-10-31,GARCH,0.1611283973573263,1.030252398211923,,2018-10-08
KHC,KHC.O,2018-10-31,GJR-GARCH,0.1497424177655814,0.8897933205667423,,2018-10-08
KHC,KHC.O,2018-11-01,EGARCH,0.1644173206813858,1.072740291271654,,2018-10-08
KHC,KHC.O,2018-11-01,ESG-EGARCH,0.1677719382751336,1.116961240976002,all,2018-10-08
KHC,KHC.O,2018-11-01,ESG-EGARCH(E),0.1677719382751336,1.1169612409760017,E,2018-10-08
KHC,KHC.O,2018-11-01,ESG-EGARCH(G),0.1677719382751336,1.116961240976002,G,2018-10-08
KHC,KHC.O,2018-11-01,ESG-EGARCH(S),0.1677719382751336,1.1169612409760017,S,2018-10-08
KHC,KHC.O,2018-11-01,ESG-GARCH,0.1665827470714594,1.1011830008680097,all,2018-10-08
KHC,KHC.O,2018-11-01,ESG-GARCH(E),0.1665827470714594,1.1011830008680097,E,2018-10-08
KHC,KHC.O,2018-11-01,ESG-GARCH(G),0.1665827470714594,1.1011830008680097,G,2018-10-08
KHC,KHC.O,2018-11-01,ESG-GARCH(S),0.1665827470714594,1.10118300086801,S,2018-10-08
KHC,KHC.O,2018-11-01,ESG-GJR-GARCH,0.1620819649007499,1.0424826724638074,all,2018-10-08
KHC,KHC.O,2018-11-01,ESG-GJR-GARCH(E),0.1620819649007499,1.0424826724638068,E,2018-10-08
KHC,KHC.O,2018-11-01,ESG-GJR-GARCH(G),0.1620819649007499,1.042482672463807,G,2018-10-08
KHC,KHC.O,2018-11-01,ESG-GJR-GARCH(S),0.1620819649007499,1.0424826724638072,S,2018-10-08
KHC,KHC.O,2018-11-01,GARCH,0.1611283973573263,1.030252398211923,,2018-10-08
KHC,KHC.O,2018-11-01,GJR-GARCH,0.1497424177655814,0.8897933205667423,,2018-10-08
KHC,KHC.O,2018-11-02,EGARCH,0.1644173206813858,1.072740291271654,,2018-10-08
KHC,KHC.O,2018-11-02,ESG-EGARCH,0.1677719382751336,1.116961240976002,all,2018-10-08
KHC,KHC.O,2018-11-02,ESG-EGARCH(E),0.1677719382751336,1.1169612409760017,E,2018-10-08
KHC,KHC.O,2018-11-02,ESG-EGARCH(G),0.1677719382751336,1.116961240976002,G,2018-10-08
KHC,KHC.O,2018-11-02,ESG-EGARCH(S),0.1677719382751336,1.1169612409760017,S,2018-10-08
KHC,KHC.O,2018-11-02,ESG-GARCH,0.1665827470714594,1.1011830008680097,all,2018-10-08
KHC,KHC.O,2018-11-02,ESG-GARCH(E),0.1665827470714594,1.1011830008680097,E,2018-10-08
KHC,KHC.O,2018-11-02,ESG-GARCH(G),0.1665827470714594,1.1011830008680097,G,2018-10-08
KHC,KHC.O,2018-11-02,ESG-GARCH(S),0.1665827470714594,1.10118300086801,S,2018-10-08
KHC,KHC.O,2018-11-02,ESG-GJR-GARCH,0.1620819649007499,1.0424826724638074,all,2018-10-08
KHC,KHC.O,2018-11-02,ESG-GJR-GARCH(E),0.1620819649007499,1.0424826724638068,E,2018-10-08
KHC,KHC.O,2018-11-02,ESG-GJR-GARCH(G),0.1620819649007499,1.042482672463807,G,2018-10-08
KHC,KHC.O,2018-11-02,ESG-GJR-GARCH(S),0.1620819649007499,1.0424826724638072,S,2018-10-08
KHC,KHC.O,2018-11-02,GARCH,0.1611283973573263,1.030252398211923,,2018-10-08
KHC,KHC.O,2018-11-02,GJR-GARCH,0.1497424177655814,0.8897933205667423,,2018-10-08
KHC,KHC.O,2018-11-05,EGARCH,0.1644173206813858,1.072740291271654,,2018-10-08
KHC,KHC.O,2018-11-05,ESG-EGARCH,0.1677719382751336,1.116961240976002,all,2018-10-08
KHC,KHC.O,2018-11-05,ESG-EGARCH(E),0.1677719382751336,1.1169612409760017,E,2018-10-08
KHC,KHC.O,2018-11-05,ESG-EGARCH(G),0.1677719382751336,1.116961240976002,G,2018-10-08
KHC,KHC.O,2018-11-05,ESG-EGARCH(S),0.1677719382751336,1.1169612409760017,S,2018-10-08
KHC,KHC.O,2018-11-05,ESG-GARCH,0.1665827470714594,1.1011830008680097,all,2018-10-08
KHC,KHC.O,2018-11-05,ESG-GARCH(E),0.1665827470714594,1.1011830008680097,E,2018-10-08
KHC,KHC.O,2018-11-05,ESG-GARCH(G),0.1665827470714594,1.1011830008680097,G,2018-10-08
KHC,KHC.O,2018-11-05,ESG-GARCH(S),0.1665827470714594,1.10118300086801,S,2018-10-08
KHC,KHC.O,2018-11-05,ESG-GJR-GARCH,0.1620819649007499,1.0424826724638074,all,2018-10-08
KHC,KHC.O,2018-11-05,ESG-GJR-GARCH(E),0.1620819649007499,1.0424826724638068,E,2018-10-08
KHC,KHC.O,2018-11-05,ESG-GJR-GARCH(G),0.1620819649007499,1.042482672463807,G,2018-10-08
KHC,KHC.O,2018-11-05,ESG-GJR-GARCH(S),0.1620819649007499,1.0424826724638072,S,2018-10-08
KHC,KHC.O,2018-11-05,GARCH,0.1611283973573263,1.030252398211923,,2018-10-08
KHC,KHC.O,2018-11-05,GJR-GARCH,0.1497424177655814,0.8897933205667423,,2018-10-08
KHC,KHC.O,2018-11-06,EGARCH,0.1644173206813858,1.072740291271654,,2018-10-08
KHC,KHC.O,2018-11-06,ESG-EGARCH,0.1677719382751336,1.116961240976002,all,2018-10-08
KHC,KHC.O,2018-11-06,ESG-EGARCH(E),0.1677719382751336,1.1169612409760017,E,2018-10-08
KHC,KHC.O,2018-11-06,ESG-EGARCH(G),0.1677719382751336,1.116961240976002,G,2018-10-08
KHC,KHC.O,2018-11-06,ESG-EGARCH(S),0.1677719382751336,1.1169612409760017,S,2018-10-08
KHC,KHC.O,2018-11-06,ESG-GARCH,0.1665827470714594,1.1011830008680097,all,2018-10-08
KHC,KHC.O,2018-11-06,ESG-GARCH(E),0.1665827470714594,1.1011830008680097,E,2018-10-08
KHC,KHC.O,2018-11-06,ESG-GARCH(G),0.1665827470714594,1.1011830008680097,G,2018-10-08
KHC,KHC.O,2018-11-06,ESG-GARCH(S),0.1665827470714594,1.10118300086801,S,2018-10-08
KHC,KHC.O,2018-11-06,ESG-GJR-GARCH,0.1620819649007499,1.0424826724638074,all,2018-10-08
KHC,KHC.O,2018-11-06,ESG-GJR-GARCH(E),0.1620819649007499,1.0424826724638068,E,2018-10-08
KHC,KHC.O,2018-11-06,ESG-GJR-GARCH(G),0.1620819649007499,1.042482672463807,G,2018-10-08
KHC,KHC.O,2018-11-06,ESG-GJR-GARCH(S),0.1620819649007499,1.0424826724638072,S,2018-10-08
KHC,KHC.O,2018-11-06,GARCH,0.1611283973573263,1.030252398211923,,2018-10-08
KHC,KHC.O,2018-11-06,GJR-GARCH,0.1497424177655814,0.8897933205667423,,2018-10-08
KHC,KHC.O,2018-11-07,EGARCH,0.4407086252686726,7.707305253420768,,2018-11-07
KHC,KHC.O,2018-11-07,ESG-EGARCH,0.4548377497795022,8.209419786685755,all,2018-11-07
KHC,KHC.O,2018-11-07,ESG-EGARCH(E),0.4548377497795025,8.209419786685768,E,2018-11-07
KHC,KHC.O,2018-11-07,ESG-EGARCH(G),0.4548377497795025,8.209419786685768,G,2018-11-07
KHC,KHC.O,2018-11-07,ESG-EGARCH(S),0.454837749779502,8.209419786685752,S,2018-11-07
KHC,KHC.O,2018-11-07,ESG-GARCH,0.5732537272108555,13.040469673061033,all,2018-11-07
KHC,KHC.O,2018-11-07,ESG-GARCH(E),0.5732537272108563,13.040469673061066,E,2018-11-07
KHC,KHC.O,2018-11-07,ESG-GARCH(G),0.5732537272108562,13.04046967306106,G,2018-11-07
KHC,KHC.O,2018-11-07,ESG-GARCH(S),0.5732537272108561,13.040469673061056,S,2018-11-07
KHC,KHC.O,2018-11-07,ESG-GJR-GARCH,0.7262345063189539,20.92922849874344,all,2018-11-07
KHC,KHC.O,2018-11-07,ESG-GJR-GARCH(E),0.7262345063189537,20.92922849874343,E,2018-11-07
KHC,KHC.O,2018-11-07,ESG-GJR-GARCH(G),0.7262345063189537,20.92922849874343,G,2018-11-07
KHC,KHC.O,2018-11-07,ESG-GJR-GARCH(S),0.7262345063189537,20.92922849874343,S,2018-11-07
KHC,KHC.O,2018-11-07,GARCH,0.5871118391438566,13.6785837961461,,2018-11-07
KHC,KHC.O,2018-11-07,GJR-GARCH,0.7551687030836483,22.630149607819025,,2018-11-07
KHC,KHC.O,2018-11-08,EGARCH,0.4407086252686726,7.707305253420768,,2018-11-07
KHC,KHC.O,2018-11-08,ESG-EGARCH,0.4548377497795022,8.209419786685755,all,2018-11-07
KHC,KHC.O,2018-11-08,ESG-EGARCH(E),0.4548377497795025,8.209419786685768,E,2018-11-07
KHC,KHC.O,2018-11-08,ESG-EGARCH(G),0.4548377497795025,8.209419786685768,G,2018-11-07
KHC,KHC.O,2018-11-08,ESG-EGARCH(S),0.454837749779502,8.209419786685752,S,2018-11-07
KHC,KHC.O,2018-11-08,ESG-GARCH,0.5732537272108555,13.040469673061033,all,2018-11-07
KHC,KHC.O,2018-11-08,ESG-GARCH(E),0.5732537272108563,13.040469673061066,E,2018-11-07
KHC,KHC.O,2018-11-08,ESG-GARCH(G),0.5732537272108562,13.04046967306106,G,2018-11-07
KHC,KHC.O,2018-11-08,ESG-GARCH(S),0.5732537272108561,13.040469673061056,S,2018-11-07
KHC,KHC.O,2018-11-08,ESG-GJR-GARCH,0.7262345063189539,20.92922849874344,all,2018-11-07
KHC,KHC.O,2018-11-08,ESG-GJR-GARCH(E),0.7262345063189537,20.92922849874343,E,2018-11-07
KHC,KHC.O,2018-11-08,ESG-GJR-GARCH(G),0.7262345063189537,20.92922849874343,G,2018-11-07
KHC,KHC.O,2018-11-08,ESG-GJR-GARCH(S),0.7262345063189537,20.92922849874343,S,2018-11-07
KHC,KHC.O,2018-11-08,GARCH,0.5871118391438566,13.6785837961461,,2018-11-07
KHC,KHC.O,2018-11-08,GJR-GARCH,0.7551687030836483,22.630149607819025,,2018-11-07
KHC,KHC.O,2018-11-09,EGARCH,0.4407086252686726,7.707305253420768,,2018-11-07
KHC,KHC.O,2018-11-09,ESG-EGARCH,0.4548377497795022,8.209419786685755,all,2018-11-07
KHC,KHC.O,2018-11-09,ESG-EGARCH(E),0.4548377497795025,8.209419786685768,E,2018-11-07
KHC,KHC.O,2018-11-09,ESG-EGARCH(G),0.4548377497795025,8.209419786685768,G,2018-11-07
KHC,KHC.O,2018-11-09,ESG-EGARCH(S),0.454837749779502,8.209419786685752,S,2018-11-07
KHC,KHC.O,2018-11-09,ESG-GARCH,0.5732537272108555,13.040469673061033,all,2018-11-07
KHC,KHC.O,2018-11-09,ESG-GARCH(E),0.5732537272108563,13.040469673061066,E,2018-11-07
KHC,KHC.O,2018-11-09,ESG-GARCH(G),0.5732537272108562,13.04046967306106,G,2018-11-07
KHC,KHC.O,2018-11-09,ESG-GARCH(S),0.5732537272108561,13.040469673061056,S,2018-11-07
KHC,KHC.O,2018-11-09,ESG-GJR-GARCH,0.7262345063189539,20.92922849874344,all,2018-11-07
KHC,KHC.O,2018-11-09,ESG-GJR-GARCH(E),0.7262345063189537,20.92922849874343,E,2018-11-07
KHC,KHC.O,2018-11-09,ESG-GJR-GARCH(G),0.7262345063189537,20.92922849874343,G,2018-11-07
KHC,KHC.O,2018-11-09,ESG-GJR-GARCH(S),0.7262345063189537,20.92922849874343,S,2018-11-07
KHC,KHC.O,2018-11-09,GARCH,0.5871118391438566,13.6785837961461,,2018-11-07
KHC,KHC.O,2018-11-09,GJR-GARCH,0.7551687030836483,22.630149607819025,,2018-11-07
KHC,KHC.O,2018-11-12,EGARCH,0.4407086252686726,7.707305253420768,,2018-11-07
KHC,KHC.O,2018-11-12,ESG-EGARCH,0.4548377497795022,8.209419786685755,all,2018-11-07
KHC,KHC.O,2018-11-12,ESG-EGARCH(E),0.4548377497795025,8.209419786685768,E,2018-11-07
KHC,KHC.O,2018-11-12,ESG-EGARCH(G),0.4548377497795025,8.209419786685768,G,2018-11-07
KHC,KHC.O,2018-11-12,ESG-EGARCH(S),0.454837749779502,8.209419786685752,S,2018-11-07
KHC,KHC.O,2018-11-12,ESG-GARCH,0.5732537272108555,13.040469673061033,all,2018-11-07
KHC,KHC.O,2018-11-12,ESG-GARCH(E),0.5732537272108563,13.040469673061066,E,2018-11-07
KHC,KHC.O,2018-11-12,ESG-GARCH(G),0.5732537272108562,13.04046967306106,G,2018-11-07
KHC,KHC.O,2018-11-12,ESG-GARCH(S),0.5732537272108561,13.040469673061056,S,2018-11-07
KHC,KHC.O,2018-11-12,ESG-GJR-GARCH,0.7262345063189539,20.92922849874344,all,2018-11-07
KHC,KHC.O,2018-11-12,ESG-GJR-GARCH(E),0.7262345063189537,20.92922849874343,E,2018-11-07
KHC,KHC.O,2018-11-12,ESG-GJR-GARCH(G),0.7262345063189537,20.92922849874343,G,2018-11-07
KHC,KHC.O,2018-11-12,ESG-GJR-GARCH(S),0.7262345063189537,20.92922849874343,S,2018-11-07
KHC,KHC.O,2018-11-12,GARCH,0.5871118391438566,13.6785837961461,,2018-11-07
KHC,KHC.O,2018-11-12,GJR-GARCH,0.7551687030836483,22.630149607819025,,2018-11-07
KHC,KHC.O,2018-11-13,EGARCH,0.4407086252686726,7.707305253420768,,2018-11-07
KHC,KHC.O,2018-11-13,ESG-EGARCH,0.4548377497795022,8.209419786685755,all,2018-11-07
KHC,KHC.O,2018-11-13,ESG-EGARCH(E),0.4548377497795025,8.209419786685768,E,2018-11-07
KHC,KHC.O,2018-11-13,ESG-EGARCH(G),0.4548377497795025,8.209419786685768,G,2018-11-07
KHC,KHC.O,2018-11-13,ESG-EGARCH(S),0.454837749779502,8.209419786685752,S,2018-11-07
KHC,KHC.O,2018-11-13,ESG-GARCH,0.5732537272108555,13.040469673061033,all,2018-11-07
KHC,KHC.O,2018-11-13,ESG-GARCH(E),0.5732537272108563,13.040469673061066,E,2018-11-07
KHC,KHC.O,2018-11-13,ESG-GARCH(G),0.5732537272108562,13.04046967306106,G,2018-11-07
KHC,KHC.O,2018-11-13,ESG-GARCH(S),0.5732537272108561,13.040469673061056,S,2018-11-07
KHC,KHC.O,2018-11-13,ESG-GJR-GARCH,0.7262345063189539,20.92922849874344,all,2018-11-07
KHC,KHC.O,2018-11-13,ESG-GJR-GARCH(E),0.7262345063189537,20.92922849874343,E,2018-11-07
KHC,KHC.O,2018-11-13,ESG-GJR-GARCH(G),0.7262345063189537,20.92922849874343,G,2018-11-07
KHC,KHC.O,2018-11-13,ESG-GJR-GARCH(S),0.7262345063189537,20.92922849874343,S,2018-11-07
KHC,KHC.O,2018-11-13,GARCH,0.5871118391438566,13.6785837961461,,2018-11-07
KHC,KHC.O,2018-11-13,GJR-GARCH,0.7551687030836483,22.630149607819025,,2018-11-07
KHC,KHC.O,2018-11-14,EGARCH,0.4407086252686726,7.707305253420768,,2018-11-07
KHC,KHC.O,2018-11-14,ESG-EGARCH,0.4548377497795022,8.209419786685755,all,2018-11-07
KHC,KHC.O,2018-11-14,ESG-EGARCH(E),0.4548377497795025,8.209419786685768,E,2018-11-07
KHC,KHC.O,2018-11-14,ESG-EGARCH(G),0.4548377497795025,8.209419786685768,G,2018-11-07
KHC,KHC.O,2018-11-14,ESG-EGARCH(S),0.454837749779502,8.209419786685752,S,2018-11-07
KHC,KHC.O,2018-11-14,ESG-GARCH,0.5732537272108555,13.040469673061033,all,2018-11-07
KHC,KHC.O,2018-11-14,ESG-GARCH(E),0.5732537272108563,13.040469673061066,E,2018-11-07
KHC,KHC.O,2018-11-14,ESG-GARCH(G),0.5732537272108562,13.04046967306106,G,2018-11-07
KHC,KHC.O,2018-11-14,ESG-GARCH(S),0.5732537272108561,13.040469673061056,S,2018-11-07
KHC,KHC.O,2018-11-14,ESG-GJR-GARCH,0.7262345063189539,20.92922849874344,all,2018-11-07
KHC,KHC.O,2018-11-14,ESG-GJR-GARCH(E),0.7262345063189537,20.92922849874343,E,2018-11-07
KHC,KHC.O,2018-11-14,ESG-GJR-GARCH(G),0.7262345063189537,20.92922849874343,G,2018-11-07
KHC,KHC.O,2018-11-14,ESG-GJR-GARCH(S),0.7262345063189537,20.92922849874343,S,2018-11-07
KHC,KHC.O,2018-11-14,GARCH,0.5871118391438566,13.6785837961461,,2018-11-07
KHC,KHC.O,2018-11-14,GJR-GARCH,0.7551687030836483,22.630149607819025,,2018-11-07
KHC,KHC.O,2018-11-15,EGARCH,0.4407086252686726,7.707305253420768,,2018-11-07
KHC,KHC.O,2018-11-15,ESG-EGARCH,0.4548377497795022,8.209419786685755,all,2018-11-07
KHC,KHC.O,2018-11-15,ESG-EGARCH(E),0.4548377497795025,8.209419786685768,E,2018-11-07
KHC,KHC.O,2018-11-15,ESG-EGARCH(G),0.4548377497795025,8.209419786685768,G,2018-11-07
KHC,KHC.O,2018-11-15,ESG-EGARCH(S),0.454837749779502,8.209419786685752,S,2018-11-07
KHC,KHC.O,2018-11-15,ESG-GARCH,0.5732537272108555,13.040469673061033,all,2018-11-07
KHC,KHC.O,2018-11-15,ESG-GARCH(E),0.5732537272108563,13.040469673061066,E,2018-11-07
KHC,KHC.O,2018-11-15,ESG-GARCH(G),0.5732537272108562,13.04046967306106,G,2018-11-07
KHC,KHC.O,2018-11-15,ESG-GARCH(S),0.5732537272108561,13.040469673061056,S,2018-11-07
KHC,KHC.O,2018-11-15,ESG-GJR-GARCH,0.7262345063189539,20.92922849874344,all,2018-11-07
KHC,KHC.O,2018-11-15,ESG-GJR-GARCH(E),0.7262345063189537,20.92922849874343,E,2018-11-07
KHC,KHC.O,2018-11-15,ESG-GJR-GARCH(G),0.7262345063189537,20.92922849874343,G,2018-11-07
KHC,KHC.O,2018-11-15,ESG-GJR-GARCH(S),0.7262345063189537,20.92922849874343,S,2018-11-07
KHC,KHC.O,2018-11-15,GARCH,0.5871118391438566,13.6785837961461,,2018-11-07
KHC,KHC.O,2018-11-15,GJR-GARCH,0.7551687030836483,22.630149607819025,,2018-11-07
KHC,KHC.O,2018-11-16,EGARCH,0.4407086252686726,7.707305253420768,,2018-11-07
KHC,KHC.O,2018-11-16,ESG-EGARCH,0.4548377497795022,8.209419786685755,all,2018-11-07
KHC,KHC.O,2018-11-16,ESG-EGARCH(E),0.4548377497795025,8.209419786685768,E,2018-11-07
KHC,KHC.O,2018-11-16,ESG-EGARCH(G),0.4548377497795025,8.209419786685768,G,2018-11-07
KHC,KHC.O,2018-11-16,ESG-EGARCH(S),0.454837749779502,8.209419786685752,S,2018-11-07
KHC,KHC.O,2018-11-16,ESG-GARCH,0.5732537272108555,13.040469673061033,all,2018-11-07
KHC,KHC.O,2018-11-16,ESG-GARCH(E),0.5732537272108563,13.040469673061066,E,2018-11-07
KHC,KHC.O,2018-11-16,ESG-GARCH(G),0.5732537272108562,13.04046967306106,G,2018-11-07
KHC,KHC.O,2018-11-16,ESG-GARCH(S),0.5732537272108561,13.040469673061056,S,2018-11-07
KHC,KHC.O,2018-11-16,ESG-GJR-GARCH,0.7262345063189539,20.92922849874344,all,2018-11-07
KHC,KHC.O,2018-11-16,ESG-GJR-GARCH(E),0.7262345063189537,20.92922849874343,E,2018-11-07
KHC,KHC.O,2018-11-16,ESG-GJR-GARCH(G),0.7262345063189537,20.92922849874343,G,2018-11-07
KHC,KHC.O,2018-11-16,ESG-GJR-GARCH(S),0.7262345063189537,20.92922849874343,S,2018-11-07
KHC,KHC.O,2018-11-16,GARCH,0.5871118391438566,13.6785837961461,,2018-11-07
KHC,KHC.O,2018-11-16,GJR-GARCH,0.7551687030836483,22.630149607819025,,2018-11-07
KHC,KHC.O,2018-11-19,EGARCH,0.4407086252686726,7.707305253420768,,2018-11-07
KHC,KHC.O,2018-11-19,ESG-EGARCH,0.4548377497795022,8.209419786685755,all,2018-11-07
KHC,KHC.O,2018-11-19,ESG-EGARCH(E),0.4548377497795025,8.209419786685768,E,2018-11-07
KHC,KHC.O,2018-11-19,ESG-EGARCH(G),0.4548377497795025,8.209419786685768,G,2018-11-07
KHC,KHC.O,2018-11-19,ESG-EGARCH(S),0.454837749779502,8.209419786685752,S,2018-11-07
KHC,KHC.O,2018-11-19,ESG-GARCH,0.5732537272108555,13.040469673061033,all,2018-11-07
KHC,KHC.O,2018-11-19,ESG-GARCH(E),0.5732537272108563,13.040469673061066,E,2018-11-07
KHC,KHC.O,2018-11-19,ESG-GARCH(G),0.5732537272108562,13.04046967306106,G,2018-11-07
KHC,KHC.O,2018-11-19,ESG-GARCH(S),0.5732537272108561,13.040469673061056,S,2018-11-07
KHC,KHC.O,2018-11-19,ESG-GJR-GARCH,0.7262345063189539,20.92922849874344,all,2018-11-07
KHC,KHC.O,2018-11-19,ESG-GJR-GARCH(E),0.7262345063189537,20.92922849874343,E,2018-11-07
KHC,KHC.O,2018-11-19,ESG-GJR-GARCH(G),0.7262345063189537,20.92922849874343,G,2018-11-07
KHC,KHC.O,2018-11-19,ESG-GJR-GARCH(S),0.7262345063189537,20.92922849874343,S,2018-11-07
KHC,KHC.O,2018-11-19,GARCH,0.5871118391438566,13.6785837961461,,2018-11-07
KHC,KHC.O,2018-11-19,GJR-GARCH,0.7551687030836483,22.630149607819025,,2018-11-07
KHC,KHC.O,2018-11-20,EGARCH,0.4407086252686726,7.707305253420768,,2018-11-07
KHC,KHC.O,2018-11-20,ESG-EGARCH,0.4548377497795022,8.209419786685755,all,2018-11-07
KHC,KHC.O,2018-11-20,ESG-EGARCH(E),0.4548377497795025,8.209419786685768,E,2018-11-07
KHC,KHC.O,2018-11-20,ESG-EGARCH(G),0.4548377497795025,8.209419786685768,G,2018-11-07
KHC,KHC.O,2018-11-20,ESG-EGARCH(S),0.454837749779502,8.209419786685752,S,2018-11-07
KHC,KHC.O,2018-11-20,ESG-GARCH,0.5732537272108555,13.040469673061033,all,2018-11-07
KHC,KHC.O,2018-11-20,ESG-GARCH(E),0.5732537272108563,13.040469673061066,E,2018-11-07
KHC,KHC.O,2018-11-20,ESG-GARCH(G),0.5732537272108562,13.04046967306106,G,2018-11-07
KHC,KHC.O,2018-11-20,ESG-GARCH(S),0.5732537272108561,13.040469673061056,S,2018-11-07
KHC,KHC.O,2018-11-20,ESG-GJR-GARCH,0.7262345063189539,20.92922849874344,all,2018-11-07
KHC,KHC.O,2018-11-20,ESG-GJR-GARCH(E),0.7262345063189537,20.92922849874343,E,2018-11-07
KHC,KHC.O,2018-11-20,ESG-GJR-GARCH(G),0.7262345063189537,20.92922849874343,G,2018-11-07
KHC,KHC.O,2018-11-20,ESG-GJR-GARCH(S),0.7262345063189537,20.92922849874343,S,2018-11-07
KHC,KHC.O,2018-11-20,GARCH,0.5871118391438566,13.6785837961461,,2018-11-07
KHC,KHC.O,2018-11-20,GJR-GARCH,0.7551687030836483,22.630149607819025,,2018-11-07
KHC,KHC.O,2018-11-21,EGARCH,0.4407086252686726,7.707305253420768,,2018-11-07
KHC,KHC.O,2018-11-21,ESG-EGARCH,0.4548377497795022,8.209419786685755,all,2018-11-07
KHC,KHC.O,2018-11-21,ESG-EGARCH(E),0.4548377497795025,8.209419786685768,E,2018-11-07
KHC,KHC.O,2018-11-21,ESG-EGARCH(G),0.4548377497795025,8.209419786685768,G,2018-11-07
KHC,KHC.O,2018-11-21,ESG-EGARCH(S),0.454837749779502,8.209419786685752,S,2018-11-07
KHC,KHC.O,2018-11-21,ESG-GARCH,0.5732537272108555,13.040469673061033,all,2018-11-07
KHC,KHC.O,2018-11-21,ESG-GARCH(E),0.5732537272108563,13.040469673061066,E,2018-11-07
KHC,KHC.O,2018-11-21,ESG-GARCH(G),0.5732537272108562,13.04046967306106,G,2018-11-07
KHC,KHC.O,2018-11-21,ESG-GARCH(S),0.5732537272108561,13.040469673061056,S,2018-11-07
KHC,KHC.O,2018-11-21,ESG-GJR-GARCH,0.7262345063189539,20.92922849874344,all,2018-11-07
KHC,KHC.O,2018-11-21,ESG-GJR-GARCH(E),0.7262345063189537,20.92922849874343,E,2018-11-07
KHC,KHC.O,2018-11-21,ESG-GJR-GARCH(G),0.7262345063189537,20.92922849874343,G,2018-11-07
KHC,KHC.O,2018-11-21,ESG-GJR-GARCH(S),0.7262345063189537,20.92922849874343,S,2018-11-07
KHC,KHC.O,2018-11-21,GARCH,0.5871118391438566,13.6785837961461,,2018-11-07
KHC,KHC.O,2018-11-21,GJR-GARCH,0.7551687030836483,22.630149607819025,,2018-11-07
KHC,KHC.O,2018-11-26,EGARCH,0.4407086252686726,7.707305253420768,,2018-11-07
KHC,KHC.O,2018-11-26,ESG-EGARCH,0.4548377497795022,8.209419786685755,all,2018-11-07
KHC,KHC.O,2018-11-26,ESG-EGARCH(E),0.4548377497795025,8.209419786685768,E,2018-11-07
KHC,KHC.O,2018-11-26,ESG-EGARCH(G),0.4548377497795025,8.209419786685768,G,2018-11-07
KHC,KHC.O,2018-11-26,ESG-EGARCH(S),0.454837749779502,8.209419786685752,S,2018-11-07
KHC,KHC.O,2018-11-26,ESG-GARCH,0.5732537272108555,13.040469673061033,all,2018-11-07
KHC,KHC.O,2018-11-26,ESG-GARCH(E),0.5732537272108563,13.040469673061066,E,2018-11-07
KHC,KHC.O,2018-11-26,ESG-GARCH(G),0.5732537272108562,13.04046967306106,G,2018-11-07
KHC,KHC.O,2018-11-26,ESG-GARCH(S),0.5732537272108561,13.040469673061056,S,2018-11-07
KHC,KHC.O,2018-11-26,ESG-GJR-GARCH,0.7262345063189539,20.92922849874344,all,2018-11-07
KHC,KHC.O,2018-11-26,ESG-GJR-GARCH(E),0.7262345063189537,20.92922849874343,E,2018-11-07
KHC,KHC.O,2018-11-26,ESG-GJR-GARCH(G),0.7262345063189537,20.92922849874343,G,2018-11-07
KHC,KHC.O,2018-11-26,ESG-GJR-GARCH(S),0.7262345063189537,20.92922849874343,S,2018-11-07
KHC,KHC.O,2018-11-26,GARCH,0.5871118391438566,13.6785837961461,,2018-11-07
KHC,KHC.O,2018-11-26,GJR-GARCH,0.7551687030836483,22.630149607819025,,2018-11-07
KHC,KHC.O,2018-11-27,EGARCH,0.4407086252686726,7.707305253420768,,2018-11-07
KHC,KHC.O,2018-11-27,ESG-EGARCH,0.4548377497795022,8.209419786685755,all,2018-11-07
KHC,KHC.O,2018-11-27,ESG-EGARCH(E),0.4548377497795025,8.209419786685768,E,2018-11-07
KHC,KHC.O,2018-11-27,ESG-EGARCH(G),0.4548377497795025,8.209419786685768,G,2018-11-07
KHC,KHC.O,2018-11-27,ESG-EGARCH(S),0.454837749779502,8.209419786685752,S,2018-11-07
KHC,KHC.O,2018-11-27,ESG-GARCH,0.5732537272108555,13.040469673061033,all,2018-11-07
KHC,KHC.O,2018-11-27,ESG-GARCH(E),0.5732537272108563,13.040469673061066,E,2018-11-07
KHC,KHC.O,2018-11-27,ESG-GARCH(G),0.5732537272108562,13.04046967306106,G,2018-11-07
KHC,KHC.O,2018-11-27,ESG-GARCH(S),0.5732537272108561,13.040469673061056,S,2018-11-07
KHC,KHC.O,2018-11-27,ESG-GJR-GARCH,0.7262345063189539,20.92922849874344,all,2018-11-07
KHC,KHC.O,2018-11-27,ESG-GJR-GARCH(E),0.7262345063189537,20.92922849874343,E,2018-11-07
KHC,KHC.O,2018-11-27,ESG-GJR-GARCH(G),0.7262345063189537,20.92922849874343,G,2018-11-07
KHC,KHC.O,2018-11-27,ESG-GJR-GARCH(S),0.7262345063189537,20.92922849874343,S,2018-11-07
KHC,KHC.O,2018-11-27,GARCH,0.5871118391438566,13.6785837961461,,2018-11-07
KHC,KHC.O,2018-11-27,GJR-GARCH,0.7551687030836483,22.630149607819025,,2018-11-07
KHC,KHC.O,2018-11-28,EGARCH,0.4407086252686726,7.707305253420768,,2018-11-07
KHC,KHC.O,2018-11-28,ESG-EGARCH,0.4548377497795022,8.209419786685755,all,2018-11-07
KHC,KHC.O,2018-11-28,ESG-EGARCH(E),0.4548377497795025,8.209419786685768,E,2018-11-07
KHC,KHC.O,2018-11-28,ESG-EGARCH(G),0.4548377497795025,8.209419786685768,G,2018-11-07
KHC,KHC.O,2018-11-28,ESG-EGARCH(S),0.454837749779502,8.209419786685752,S,2018-11-07
KHC,KHC.O,2018-11-28,ESG-GARCH,0.5732537272108555,13.040469673061033,all,2018-11-07
KHC,KHC.O,2018-11-28,ESG-GARCH(E),0.5732537272108563,13.040469673061066,E,2018-11-07
KHC,KHC.O,2018-11-28,ESG-GARCH(G),0.5732537272108562,13.04046967306106,G,2018-11-07
KHC,KHC.O,2018-11-28,ESG-GARCH(S),0.5732537272108561,13.040469673061056,S,2018-11-07
KHC,KHC.O,2018-11-28,ESG-GJR-GARCH,0.7262345063189539,20.92922849874344,all,2018-11-07
KHC,KHC.O,2018-11-28,ESG-GJR-GARCH(E),0.7262345063189537,20.92922849874343,E,2018-11-07
KHC,KHC.O,2018-11-28,ESG-GJR-GARCH(G),0.7262345063189537,20.92922849874343,G,2018-11-07
KHC,KHC.O,2018-11-28,ESG-GJR-GARCH(S),0.7262345063189537,20.92922849874343,S,2018-11-07
KHC,KHC.O,2018-11-28,GARCH,0.5871118391438566,13.6785837961461,,2018-11-07
KHC,KHC.O,2018-11-28,GJR-GARCH,0.7551687030836483,22.630149607819025,,2018-11-07
KHC,KHC.O,2018-11-29,EGARCH,0.4407086252686726,7.707305253420768,,2018-11-07
KHC,KHC.O,2018-11-29,ESG-EGARCH,0.4548377497795022,8.209419786685755,all,2018-11-07
KHC,KHC.O,2018-11-29,ESG-EGARCH(E),0.4548377497795025,8.209419786685768,E,2018-11-07
KHC,KHC.O,2018-11-29,ESG-EGARCH(G),0.4548377497795025,8.209419786685768,G,2018-11-07
KHC,KHC.O,2018-11-29,ESG-EGARCH(S),0.454837749779502,8.209419786685752,S,2018-11-07
KHC,KHC.O,2018-11-29,ESG-GARCH,0.5732537272108555,13.040469673061033,all,2018-11-07
KHC,KHC.O,2018-11-29,ESG-GARCH(E),0.5732537272108563,13.040469673061066,E,2018-11-07
KHC,KHC.O,2018-11-29,ESG-GARCH(G),0.5732537272108562,13.04046967306106,G,2018-11-07
KHC,KHC.O,2018-11-29,ESG-GARCH(S),0.5732537272108561,13.040469673061056,S,2018-11-07
KHC,KHC.O,2018-11-29,ESG-GJR-GARCH,0.7262345063189539,20.92922849874344,all,2018-11-07
KHC,KHC.O,2018-11-29,ESG-GJR-GARCH(E),0.7262345063189537,20.92922849874343,E,2018-11-07
KHC,KHC.O,2018-11-29,ESG-GJR-GARCH(G),0.7262345063189537,20.92922849874343,G,2018-11-07
KHC,KHC.O,2018-11-29,ESG-GJR-GARCH(S),0.7262345063189537,20.92922849874343,S,2018-11-07
KHC,KHC.O,2018-11-29,GARCH,0.5871118391438566,13.6785837961461,,2018-11-07
KHC,KHC.O,2018-11-29,GJR-GARCH,0.7551687030836483,22.630149607819025,,2018-11-07
KHC,KHC.O,2018-11-30,EGARCH,0.4407086252686726,7.707305253420768,,2018-11-07
KHC,KHC.O,2018-11-30,ESG-EGARCH,0.4548377497795022,8.209419786685755,all,2018-11-07
KHC,KHC.O,2018-11-30,ESG-EGARCH(E),0.4548377497795025,8.209419786685768,E,2018-11-07
KHC,KHC.O,2018-11-30,ESG-EGARCH(G),0.4548377497795025,8.209419786685768,G,2018-11-07
KHC,KHC.O,2018-11-30,ESG-EGARCH(S),0.454837749779502,8.209419786685752,S,2018-11-07
KHC,KHC.O,2018-11-30,ESG-GARCH,0.5732537272108555,13.040469673061033,all,2018-11-07
KHC,KHC.O,2018-11-30,ESG-GARCH(E),0.5732537272108563,13.040469673061066,E,2018-11-07
KHC,KHC.O,2018-11-30,ESG-GARCH(G),0.5732537272108562,13.04046967306106,G,2018-11-07
KHC,KHC.O,2018-11-30,ESG-GARCH(S),0.5732537272108561,13.040469673061056,S,2018-11-07
KHC,KHC.O,2018-11-30,ESG-GJR-GARCH,0.7262345063189539,20.92922849874344,all,2018-11-07
KHC,KHC.O,2018-11-30,ESG-GJR-GARCH(E),0.7262345063189537,20.92922849874343,E,2018-11-07
KHC,KHC.O,2018-11-30,ESG-GJR-GARCH(G),0.7262345063189537,20.92922849874343,G,2018-11-07
KHC,KHC.O,2018-11-30,ESG-GJR-GARCH(S),0.7262345063189537,20.92922849874343,S,2018-11-07
KHC,KHC.O,2018-11-30,GARCH,0.5871118391438566,13.6785837961461,,2018-11-07
KHC,KHC.O,2018-11-30,GJR-GARCH,0.7551687030836483,22.630149607819025,,2018-11-07
KHC,KHC.O,2018-12-03,EGARCH,0.4407086252686726,7.707305253420768,,2018-11-07
KHC,KHC.O,2018-12-03,ESG-EGARCH,0.4548377497795022,8.209419786685755,all,2018-11-07
KHC,KHC.O,2018-12-03,ESG-EGARCH(E),0.4548377497795025,8.209419786685768,E,2018-11-07
KHC,KHC.O,2018-12-03,ESG-EGARCH(G),0.4548377497795025,8.209419786685768,G,2018-11-07
KHC,KHC.O,2018-12-03,ESG-EGARCH(S),0.454837749779502,8.209419786685752,S,2018-11-07
KHC,KHC.O,2018-12-03,ESG-GARCH,0.5732537272108555,13.040469673061033,all,2018-11-07
KHC,KHC.O,2018-12-03,ESG-GARCH(E),0.5732537272108563,13.040469673061066,E,2018-11-07
KHC,KHC.O,2018-12-03,ESG-GARCH(G),0.5732537272108562,13.04046967306106,G,2018-11-07
KHC,KHC.O,2018-12-03,ESG-GARCH(S),0.5732537272108561,13.040469673061056,S,2018-11-07
KHC,KHC.O,2018-12-03,ESG-GJR-GARCH,0.7262345063189539,20.92922849874344,all,2018-11-07
KHC,KHC.O,2018-12-03,ESG-GJR-GARCH(E),0.7262345063189537,20.92922849874343,E,2018-11-07
KHC,KHC.O,2018-12-03,ESG-GJR-GARCH(G),0.7262345063189537,20.92922849874343,G,2018-11-07
KHC,KHC.O,2018-12-03,ESG-GJR-GARCH(S),0.7262345063189537,20.92922849874343,S,2018-11-07
KHC,KHC.O,2018-12-03,GARCH,0.5871118391438566,13.6785837961461,,2018-11-07
KHC,KHC.O,2018-12-03,GJR-GARCH,0.7551687030836483,22.630149607819025,,2018-11-07
KHC,KHC.O,2018-12-04,EGARCH,0.4407086252686726,7.707305253420768,,2018-11-07
KHC,KHC.O,2018-12-04,ESG-EGARCH,0.4548377497795022,8.209419786685755,all,2018-11-07
KHC,KHC.O,2018-12-04,ESG-EGARCH(E),0.4548377497795025,8.209419786685768,E,2018-11-07
KHC,KHC.O,2018-12-04,ESG-EGARCH(G),0.4548377497795025,8.209419786685768,G,2018-11-07
KHC,KHC.O,2018-12-04,ESG-EGARCH(S),0.454837749779502,8.209419786685752,S,2018-11-07
KHC,KHC.O,2018-12-04,ESG-GARCH,0.5732537272108555,13.040469673061033,all,2018-11-07
KHC,KHC.O,2018-12-04,ESG-GARCH(E),0.5732537272108563,13.040469673061066,E,2018-11-07
KHC,KHC.O,2018-12-04,ESG-GARCH(G),0.5732537272108562,13.04046967306106,G,2018-11-07
KHC,KHC.O,2018-12-04,ESG-GARCH(S),0.5732537272108561,13.040469673061056,S,2018-11-07
KHC,KHC.O,2018-12-04,ESG-GJR-GARCH,0.7262345063189539,20.92922849874344,all,2018-11-07
KHC,KHC.O,2018-12-04,ESG-GJR-GARCH(E),0.7262345063189537,20.92922849874343,E,2018-11-07
KHC,KHC.O,2018-12-04,ESG-GJR-GARCH(G),0.7262345063189537,20.92922849874343,G,2018-11-07
KHC,KHC.O,2018-12-04,ESG-GJR-GARCH(S),0.7262345063189537,20.92922849874343,S,2018-11-07
KHC,KHC.O,2018-12-04,GARCH,0.5871118391438566,13.6785837961461,,2018-11-07
KHC,KHC.O,2018-12-04,GJR-GARCH,0.7551687030836483,22.630149607819025,,2018-11-07
KHC,KHC.O,2018-12-07,EGARCH,0.4407086252686726,7.707305253420768,,2018-11-07
KHC,KHC.O,2018-12-07,ESG-EGARCH,0.4548377497795022,8.209419786685755,all,2018-11-07
KHC,KHC.O,2018-12-07,ESG-EGARCH(E),0.4548377497795025,8.209419786685768,E,2018-11-07
KHC,KHC.O,2018-12-07,ESG-EGARCH(G),0.4548377497795025,8.209419786685768,G,2018-11-07
KHC,KHC.O,2018-12-07,ESG-EGARCH(S),0.454837749779502,8.209419786685752,S,2018-11-07
KHC,KHC.O,2018-12-07,ESG-GARCH,0.5732537272108555,13.040469673061033,all,2018-11-07
KHC,KHC.O,2018-12-07,ESG-GARCH(E),0.5732537272108563,13.040469673061066,E,2018-11-07
KHC,KHC.O,2018-12-07,ESG-GARCH(G),0.5732537272108562,13.04046967306106,G,2018-11-07
KHC,KHC.O,2018-12-07,ESG-GARCH(S),0.5732537272108561,13.040469673061056,S,2018-11-07
KHC,KHC.O,2018-12-07,ESG-GJR-GARCH,0.7262345063189539,20.92922849874344,all,2018-11-07
KHC,KHC.O,2018-12-07,ESG-GJR-GARCH(E),0.7262345063189537,20.92922849874343,E,2018-11-07
KHC,KHC.O,2018-12-07,ESG-GJR-GARCH(G),0.7262345063189537,20.92922849874343,G,2018-11-07
KHC,KHC.O,2018-12-07,ESG-GJR-GARCH(S),0.7262345063189537,20.92922849874343,S,2018-11-07
KHC,KHC.O,2018-12-07,GARCH,0.5871118391438566,13.6785837961461,,2018-11-07
KHC,KHC.O,2018-12-07,GJR-GARCH,0.7551687030836483,22.630149607819025,,2018-11-07
KHC,KHC.O,2018-12-10,EGARCH,0.4407086252686726,7.707305253420768,,2018-11-07
KHC,KHC.O,2018-12-10,ESG-EGARCH,0.4548377497795022,8.209419786685755,all,2018-11-07
KHC,KHC.O,2018-12-10,ESG-EGARCH(E),0.4548377497795025,8.209419786685768,E,2018-11-07
KHC,KHC.O,2018-12-10,ESG-EGARCH(G),0.4548377497795025,8.209419786685768,G,2018-11-07
KHC,KHC.O,2018-12-10,ESG-EGARCH(S),0.454837749779502,8.209419786685752,S,2018-11-07
KHC,KHC.O,2018-12-10,ESG-GARCH,0.5732537272108555,13.040469673061033,all,2018-11-07
KHC,KHC.O,2018-12-10,ESG-GARCH(E),0.5732537272108563,13.040469673061066,E,2018-11-07
KHC,KHC.O,2018-12-10,ESG-GARCH(G),0.5732537272108562,13.04046967306106,G,2018-11-07
KHC,KHC.O,2018-12-10,ESG-GARCH(S),0.5732537272108561,13.040469673061056,S,2018-11-07
KHC,KHC.O,2018-12-10,ESG-GJR-GARCH,0.7262345063189539,20.92922849874344,all,2018-11-07
KHC,KHC.O,2018-12-10,ESG-GJR-GARCH(E),0.7262345063189537,20.92922849874343,E,2018-11-07
KHC,KHC.O,2018-12-10,ESG-GJR-GARCH(G),0.7262345063189537,20.92922849874343,G,2018-11-07
KHC,KHC.O,2018-12-10,ESG-GJR-GARCH(S),0.7262345063189537,20.92922849874343,S,2018-11-07
KHC,KHC.O,2018-12-10,GARCH,0.5871118391438566,13.6785837961461,,2018-11-07
KHC,KHC.O,2018-12-10,GJR-GARCH,0.7551687030836483,22.630149607819025,,2018-11-07
KHC,KHC.O,2018-12-11,EGARCH,0.4407086252686726,7.707305253420768,,2018-11-07
KHC,KHC.O,2018-12-11,ESG-EGARCH,0.4548377497795022,8.209419786685755,all,2018-11-07
KHC,KHC.O,2018-12-11,ESG-EGARCH(E),0.4548377497795025,8.209419786685768,E,2018-11-07
KHC,KHC.O,2018-12-11,ESG-EGARCH(G),0.4548377497795025,8.209419786685768,G,2018-11-07
KHC,KHC.O,2018-12-11,ESG-EGARCH(S),0.454837749779502,8.209419786685752,S,2018-11-07
KHC,KHC.O,2018-12-11,ESG-GARCH,0.5732537272108555,13.040469673061033,all,2018-11-07
KHC,KHC.O,2018-12-11,ESG-GARCH(E),0.5732537272108563,13.040469673061066,E,2018-11-07
KHC,KHC.O,2018-12-11,ESG-GARCH(G),0.5732537272108562,13.04046967306106,G,2018-11-07
KHC,KHC.O,2018-12-11,ESG-GARCH(S),0.5732537272108561,13.040469673061056,S,2018-11-07
KHC,KHC.O,2018-12-11,ESG-GJR-GARCH,0.7262345063189539,20.92922849874344,all,2018-11-07
KHC,KHC.O,2018-12-11,ESG-GJR-GARCH(E),0.7262345063189537,20.92922849874343,E,2018-11-07
KHC,KHC.O,2018-12-11,ESG-GJR-GARCH(G),0.7262345063189537,20.92922849874343,G,2018-11-07
KHC,KHC.O,2018-12-11,ESG-GJR-GARCH(S),0.7262345063189537,20.92922849874343,S,2018-11-07
KHC,KHC.O,2018-12-11,GARCH,0.5871118391438566,13.6785837961461,,2018-11-07
KHC,KHC.O,2018-12-11,GJR-GARCH,0.7551687030836483,22.630149607819025,,2018-11-07
KHC,KHC.O,2018-12-12,EGARCH,0.4407086252686726,7.707305253420768,,2018-11-07
KHC,KHC.O,2018-12-12,ESG-EGARCH,0.4548377497795022,8.209419786685755,all,2018-11-07
KHC,KHC.O,2018-12-12,ESG-EGARCH(E),0.4548377497795025,8.209419786685768,E,2018-11-07
KHC,KHC.O,2018-12-12,ESG-EGARCH(G),0.4548377497795025,8.209419786685768,G,2018-11-07
KHC,KHC.O,2018-12-12,ESG-EGARCH(S),0.454837749779502,8.209419786685752,S,2018-11-07
KHC,KHC.O,2018-12-12,ESG-GARCH,0.5732537272108555,13.040469673061033,all,2018-11-07
KHC,KHC.O,2018-12-12,ESG-GARCH(E),0.5732537272108563,13.040469673061066,E,2018-11-07
KHC,KHC.O,2018-12-12,ESG-GARCH(G),0.5732537272108562,13.04046967306106,G,2018-11-07
KHC,KHC.O,2018-12-12,ESG-GARCH(S),0.5732537272108561,13.040469673061056,S,2018-11-07
KHC,KHC.O,2018-12-12,ESG-GJR-GARCH,0.7262345063189539,20.92922849874344,all,2018-11-07
KHC,KHC.O,2018-12-12,ESG-GJR-GARCH(E),0.7262345063189537,20.92922849874343,E,2018-11-07
KHC,KHC.O,2018-12-12,ESG-GJR-GARCH(G),0.7262345063189537,20.92922849874343,G,2018-11-07
KHC,KHC.O,2018-12-12,ESG-GJR-GARCH(S),0.7262345063189537,20.92922849874343,S,2018-11-07
KHC,KHC.O,2018-12-12,GARCH,0.5871118391438566,13.6785837961461,,2018-11-07
KHC,KHC.O,2018-12-12,GJR-GARCH,0.7551687030836483,22.630149607819025,,2018-11-07
KHC,KHC.O,2018-12-13,EGARCH,0.1673661173542473,1.1115641761204642,,2018-12-13
KHC,KHC.O,2018-12-13,ESG-EGARCH,0.2028384900320066,1.6326767078755735,all,2018-12-13
KHC,KHC.O,2018-12-13,ESG-EGARCH(E),0.2028384900320066,1.6326767078755735,E,2018-12-13
KHC,KHC.O,2018-12-13,ESG-EGARCH(G),0.2028384900320066,1.6326767078755735,G,2018-12-13
KHC,KHC.O,2018-12-13,ESG-EGARCH(S),0.2028384900320066,1.6326767078755735,S,2018-12-13
KHC,KHC.O,2018-12-13,ESG-GARCH,0.198371172190093,1.561552458574268,all,2018-12-13
KHC,KHC.O,2018-12-13,ESG-GARCH(E),0.198371172190093,1.5615524585742673,E,2018-12-13
KHC,KHC.O,2018-12-13,ESG-GARCH(G),0.198371172190093,1.561552458574267,G,2018-12-13
KHC,KHC.O,2018-12-13,ESG-GARCH(S),0.198371172190093,1.5615524585742675,S,2018-12-13
KHC,KHC.O,2018-12-13,ESG-GJR-GARCH,0.2238891844233404,1.98914154372018,all,2018-12-13
KHC,KHC.O,2018-12-13,ESG-GJR-GARCH(E),0.2238891844233404,1.98914154372018,E,2018-12-13
KHC,KHC.O,2018-12-13,ESG-GJR-GARCH(G),0.2238891844233403,1.9891415437201792,G,2018-12-13
KHC,KHC.O,2018-12-13,ESG-GJR-GARCH(S),0.2238891844233403,1.98914154372018,S,2018-12-13
KHC,KHC.O,2018-12-13,GARCH,0.1687342232120286,1.1298110350383606,,2018-12-13
KHC,KHC.O,2018-12-13,GJR-GARCH,0.1917729315603092,1.4593990983823442,,2018-12-13
KHC,KHC.O,2018-12-14,EGARCH,0.1673661173542473,1.1115641761204642,,2018-12-13
KHC,KHC.O,2018-12-14,ESG-EGARCH,0.2028384900320066,1.6326767078755735,all,2018-12-13
KHC,KHC.O,2018-12-14,ESG-EGARCH(E),0.2028384900320066,1.6326767078755735,E,2018-12-13
KHC,KHC.O,2018-12-14,ESG-EGARCH(G),0.2028384900320066,1.6326767078755735,G,2018-12-13
KHC,KHC.O,2018-12-14,ESG-EGARCH(S),0.2028384900320066,1.6326767078755735,S,2018-12-13
KHC,KHC.O,2018-12-14,ESG-GARCH,0.198371172190093,1.561552458574268,all,2018-12-13
KHC,KHC.O,2018-12-14,ESG-GARCH(E),0.198371172190093,1.5615524585742673,E,2018-12-13
KHC,KHC.O,2018-12-14,ESG-GARCH(G),0.198371172190093,1.561552458574267,G,2018-12-13
KHC,KHC.O,2018-12-14,ESG-GARCH(S),0.198371172190093,1.5615524585742675,S,2018-12-13
KHC,KHC.O,2018-12-14,ESG-GJR-GARCH,0.2238891844233404,1.98914154372018,all,2018-12-13
KHC,KHC.O,2018-12-14,ESG-GJR-GARCH(E),0.2238891844233404,1.98914154372018,E,2018-12-13
KHC,KHC.O,2018-12-14,ESG-GJR-GARCH(G),0.2238891844233403,1.9891415437201792,G,2018-12-13
KHC,KHC.O,2018-12-14,ESG-GJR-GARCH(S),0.2238891844233403,1.98914154372018,S,2018-12-13
KHC,KHC.O,2018-12-14,GARCH,0.1687342232120286,1.1298110350383606,,2018-12-13
KHC,KHC.O,2018-12-14,GJR-GARCH,0.1917729315603092,1.4593990983823442,,2018-12-13
KHC,KHC.O,2018-12-17,EGARCH,0.1673661173542473,1.1115641761204642,,2018-12-13
KHC,KHC.O,2018-12-17,ESG-EGARCH,0.2028384900320066,1.6326767078755735,all,2018-12-13
KHC,KHC.O,2018-12-17,ESG-EGARCH(E),0.2028384900320066,1.6326767078755735,E,2018-12-13
KHC,KHC.O,2018-12-17,ESG-EGARCH(G),0.2028384900320066,1.6326767078755735,G,2018-12-13
KHC,KHC.O,2018-12-17,ESG-EGARCH(S),0.2028384900320066,1.6326767078755735,S,2018-12-13
KHC,KHC.O,2018-12-17,ESG-GARCH,0.198371172190093,1.561552458574268,all,2018-12-13
KHC,KHC.O,2018-12-17,ESG-GARCH(E),0.198371172190093,1.5615524585742673,E,2018-12-13
KHC,KHC.O,2018-12-17,ESG-GARCH(G),0.198371172190093,1.561552458574267,G,2018-12-13
KHC,KHC.O,2018-12-17,ESG-GARCH(S),0.198371172190093,1.5615524585742675,S,2018-12-13
KHC,KHC.O,2018-12-17,ESG-GJR-GARCH,0.2238891844233404,1.98914154372018,all,2018-12-13
KHC,KHC.O,2018-12-17,ESG-GJR-GARCH(E),0.2238891844233404,1.98914154372018,E,2018-12-13
KHC,KHC.O,2018-12-17,ESG-GJR-GARCH(G),0.2238891844233403,1.9891415437201792,G,2018-12-13
KHC,KHC.O,2018-12-17,ESG-GJR-GARCH(S),0.2238891844233403,1.98914154372018,S,2018-12-13
KHC,KHC.O,2018-12-17,GARCH,0.1687342232120286,1.1298110350383606,,2018-12-13
KHC,KHC.O,2018-12-17,GJR-GARCH,0.1917729315603092,1.4593990983823442,,2018-12-13
KHC,KHC.O,2018-12-18,EGARCH,0.1673661173542473,1.1115641761204642,,2018-12-13
KHC,KHC.O,2018-12-18,ESG-EGARCH,0.2028384900320066,1.6326767078755735,all,2018-12-13
KHC,KHC.O,2018-12-18,ESG-EGARCH(E),0.2028384900320066,1.6326767078755735,E,2018-12-13
KHC,KHC.O,2018-12-18,ESG-EGARCH(G),0.2028384900320066,1.6326767078755735,G,2018-12-13
KHC,KHC.O,2018-12-18,ESG-EGARCH(S),0.2028384900320066,1.6326767078755735,S,2018-12-13
KHC,KHC.O,2018-12-18,ESG-GARCH,0.198371172190093,1.561552458574268,all,2018-12-13
KHC,KHC.O,2018-12-18,ESG-GARCH(E),0.198371172190093,1.5615524585742673,E,2018-12-13
KHC,KHC.O,2018-12-18,ESG-GARCH(G),0.198371172190093,1.561552458574267,G,2018-12-13
KHC,KHC.O,2018-12-18,ESG-GARCH(S),0.198371172190093,1.5615524585742675,S,2018-12-13
KHC,KHC.O,2018-12-18,ESG-GJR-GARCH,0.2238891844233404,1.98914154372018,all,2018-12-13
KHC,KHC.O,2018-12-18,ESG-GJR-GARCH(E),0.2238891844233404,1.98914154372018,E,2018-12-13
KHC,KHC.O,2018-12-18,ESG-GJR-GARCH(G),0.2238891844233403,1.9891415437201792,G,2018-12-13
KHC,KHC.O,2018-12-18,ESG-GJR-GARCH(S),0.2238891844233403,1.98914154372018,S,2018-12-13
KHC,KHC.O,2018-12-18,GARCH,0.1687342232120286,1.1298110350383606,,2018-12-13
KHC,KHC.O,2018-12-18,GJR-GARCH,0.1917729315603092,1.4593990983823442,,2018-12-13
KHC,KHC.O,2018-12-19,EGARCH,0.1673661173542473,1.1115641761204642,,2018-12-13
KHC,KHC.O,2018-12-19,ESG-EGARCH,0.2028384900320066,1.6326767078755735,all,2018-12-13
KHC,KHC.O,2018-12-19,ESG-EGARCH(E),0.2028384900320066,1.6326767078755735,E,2018-12-13
KHC,KHC.O,2018-12-19,ESG-EGARCH(G),0.2028384900320066,1.6326767078755735,G,2018-12-13
KHC,KHC.O,2018-12-19,ESG-EGARCH(S),0.2028384900320066,1.6326767078755735,S,2018-12-13
KHC,KHC.O,2018-12-19,ESG-GARCH,0.198371172190093,1.561552458574268,all,2018-12-13
KHC,KHC.O,2018-12-19,ESG-GARCH(E),0.198371172190093,1.5615524585742673,E,2018-12-13
KHC,KHC.O,2018-12-19,ESG-GARCH(G),0.198371172190093,1.561552458574267,G,2018-12-13
KHC,KHC.O,2018-12-19,ESG-GARCH(S),0.198371172190093,1.5615524585742675,S,2018-12-13
KHC,KHC.O,2018-12-19,ESG-GJR-GARCH,0.2238891844233404,1.98914154372018,all,2018-12-13
KHC,KHC.O,2018-12-19,ESG-GJR-GARCH(E),0.2238891844233404,1.98914154372018,E,2018-12-13
KHC,KHC.O,2018-12-19,ESG-GJR-GARCH(G),0.2238891844233403,1.9891415437201792,G,2018-12-13
KHC,KHC.O,2018-12-19,ESG-GJR-GARCH(S),0.2238891844233403,1.98914154372018,S,2018-12-13
KHC,KHC.O,2018-12-19,GARCH,0.1687342232120286,1.1298110350383606,,2018-12-13
KHC,KHC.O,2018-12-19,GJR-GARCH,0.1917729315603092,1.4593990983823442,,2018-12-13
KHC,KHC.O,2018-12-20,EGARCH,0.1673661173542473,1.1115641761204642,,2018-12-13
KHC,KHC.O,2018-12-20,ESG-EGARCH,0.2028384900320066,1.6326767078755735,all,2018-12-13
KHC,KHC.O,2018-12-20,ESG-EGARCH(E),0.2028384900320066,1.6326767078755735,E,2018-12-13
KHC,KHC.O,2018-12-20,ESG-EGARCH(G),0.2028384900320066,1.6326767078755735,G,2018-12-13
KHC,KHC.O,2018-12-20,ESG-EGARCH(S),0.2028384900320066,1.6326767078755735,S,2018-12-13
KHC,KHC.O,2018-12-20,ESG-GARCH,0.198371172190093,1.561552458574268,all,2018-12-13
KHC,KHC.O,2018-12-20,ESG-GARCH(E),0.198371172190093,1.5615524585742673,E,2018-12-13
KHC,KHC.O,2018-12-20,ESG-GARCH(G),0.198371172190093,1.561552458574267,G,2018-12-13
KHC,KHC.O,2018-12-20,ESG-GARCH(S),0.198371172190093,1.5615524585742675,S,2018-12-13
KHC,KHC.O,2018-12-20,ESG-GJR-GARCH,0.2238891844233404,1.98914154372018,all,2018-12-13
KHC,KHC.O,2018-12-20,ESG-GJR-GARCH(E),0.2238891844233404,1.98914154372018,E,2018-12-13
KHC,KHC.O,2018-12-20,ESG-GJR-GARCH(G),0.2238891844233403,1.9891415437201792,G,2018-12-13
KHC,KHC.O,2018-12-20,ESG-GJR-GARCH(S),0.2238891844233403,1.98914154372018,S,2018-12-13
KHC,KHC.O,2018-12-20,GARCH,0.1687342232120286,1.1298110350383606,,2018-12-13
KHC,KHC.O,2018-12-20,GJR-GARCH,0.1917729315603092,1.4593990983823442,,2018-12-13
KHC,KHC.O,2018-12-21,EGARCH,0.1673661173542473,1.1115641761204642,,2018-12-13
KHC,KHC.O,2018-12-21,ESG-EGARCH,0.2028384900320066,1.6326767078755735,all,2018-12-13
KHC,KHC.O,2018-12-21,ESG-EGARCH(E),0.2028384900320066,1.6326767078755735,E,2018-12-13
KHC,KHC.O,2018-12-21,ESG-EGARCH(G),0.2028384900320066,1.6326767078755735,G,2018-12-13
KHC,KHC.O,2018-12-21,ESG-EGARCH(S),0.2028384900320066,1.6326767078755735,S,2018-12-13
KHC,KHC.O,2018-12-21,ESG-GARCH,0.198371172190093,1.561552458574268,all,2018-12-13
KHC,KHC.O,2018-12-21,ESG-GARCH(E),0.198371172190093,1.5615524585742673,E,2018-12-13
KHC,KHC.O,2018-12-21,ESG-GARCH(G),0.198371172190093,1.561552458574267,G,2018-12-13
KHC,KHC.O,2018-12-21,ESG-GARCH(S),0.198371172190093,1.5615524585742675,S,2018-12-13
KHC,KHC.O,2018-12-21,ESG-GJR-GARCH,0.2238891844233404,1.98914154372018,all,2018-12-13
KHC,KHC.O,2018-12-21,ESG-GJR-GARCH(E),0.2238891844233404,1.98914154372018,E,2018-12-13
KHC,KHC.O,2018-12-21,ESG-GJR-GARCH(G),0.2238891844233403,1.9891415437201792,G,2018-12-13
KHC,KHC.O,2018-12-21,ESG-GJR-GARCH(S),0.2238891844233403,1.98914154372018,S,2018-12-13
KHC,KHC.O,2018-12-21,GARCH,0.1687342232120286,1.1298110350383606,,2018-12-13
KHC,KHC.O,2018-12-21,GJR-GARCH,0.1917729315603092,1.4593990983823442,,2018-12-13
KHC,KHC.O,2018-12-24,EGARCH,0.1673661173542473,1.1115641761204642,,2018-12-13
KHC,KHC.O,2018-12-24,ESG-EGARCH,0.2028384900320066,1.6326767078755735,all,2018-12-13
KHC,KHC.O,2018-12-24,ESG-EGARCH(E),0.2028384900320066,1.6326767078755735,E,2018-12-13
KHC,KHC.O,2018-12-24,ESG-EGARCH(G),0.2028384900320066,1.6326767078755735,G,2018-12-13
KHC,KHC.O,2018-12-24,ESG-EGARCH(S),0.2028384900320066,1.6326767078755735,S,2018-12-13
KHC,KHC.O,2018-12-24,ESG-GARCH,0.198371172190093,1.561552458574268,all,2018-12-13
KHC,KHC.O,2018-12-24,ESG-GARCH(E),0.198371172190093,1.5615524585742673,E,2018-12-13
KHC,KHC.O,2018-12-24,ESG-GARCH(G),0.198371172190093,1.561552458574267,G,2018-12-13
KHC,KHC.O,2018-12-24,ESG-GARCH(S),0.198371172190093,1.5615524585742675,S,2018-12-13
KHC,KHC.O,2018-12-24,ESG-GJR-GARCH,0.2238891844233404,1.98914154372018,all,2018-12-13
KHC,KHC.O,2018-12-24,ESG-GJR-GARCH(E),0.2238891844233404,1.98914154372018,E,2018-12-13
KHC,KHC.O,2018-12-24,ESG-GJR-GARCH(G),0.2238891844233403,1.9891415437201792,G,2018-12-13
KHC,KHC.O,2018-12-24,ESG-GJR-GARCH(S),0.2238891844233403,1.98914154372018,S,2018-12-13
KHC,KHC.O,2018-12-24,GARCH,0.1687342232120286,1.1298110350383606,,2018-12-13
KHC,KHC.O,2018-12-24,GJR-GARCH,0.1917729315603092,1.4593990983823442,,2018-12-13
KHC,KHC.O,2018-12-26,EGARCH,0.1673661173542473,1.1115641761204642,,2018-12-13
KHC,KHC.O,2018-12-26,ESG-EGARCH,0.2028384900320066,1.6326767078755735,all,2018-12-13
KHC,KHC.O,2018-12-26,ESG-EGARCH(E),0.2028384900320066,1.6326767078755735,E,2018-12-13
KHC,KHC.O,2018-12-26,ESG-EGARCH(G),0.2028384900320066,1.6326767078755735,G,2018-12-13
KHC,KHC.O,2018-12-26,ESG-EGARCH(S),0.2028384900320066,1.6326767078755735,S,2018-12-13
KHC,KHC.O,2018-12-26,ESG-GARCH,0.198371172190093,1.561552458574268,all,2018-12-13
KHC,KHC.O,2018-12-26,ESG-GARCH(E),0.198371172190093,1.5615524585742673,E,2018-12-13
KHC,KHC.O,2018-12-26,ESG-GARCH(G),0.198371172190093,1.561552458574267,G,2018-12-13
KHC,KHC.O,2018-12-26,ESG-GARCH(S),0.198371172190093,1.5615524585742675,S,2018-12-13
KHC,KHC.O,2018-12-26,ESG-GJR-GARCH,0.2238891844233404,1.98914154372018,all,2018-12-13
KHC,KHC.O,2018-12-26,ESG-GJR-GARCH(E),0.2238891844233404,1.98914154372018,E,2018-12-13
KHC,KHC.O,2018-12-26,ESG-GJR-GARCH(G),0.2238891844233403,1.9891415437201792,G,2018-12-13
KHC,KHC.O,2018-12-26,ESG-GJR-GARCH(S),0.2238891844233403,1.98914154372018,S,2018-12-13
KHC,KHC.O,2018-12-26,GARCH,0.1687342232120286,1.1298110350383606,,2018-12-13
KHC,KHC.O,2018-12-26,GJR-GARCH,0.1917729315603092,1.4593990983823442,,2018-12-13
KHC,KHC.O,2018-12-27,EGARCH,0.1673661173542473,1.1115641761204642,,2018-12-13
KHC,KHC.O,2018-12-27,ESG-EGARCH,0.2028384900320066,1.6326767078755735,all,2018-12-13
KHC,KHC.O,2018-12-27,ESG-EGARCH(E),0.2028384900320066,1.6326767078755735,E,2018-12-13
KHC,KHC.O,2018-12-27,ESG-EGARCH(G),0.2028384900320066,1.6326767078755735,G,2018-12-13
KHC,KHC.O,2018-12-27,ESG-EGARCH(S),0.2028384900320066,1.6326767078755735,S,2018-12-13
KHC,KHC.O,2018-12-27,ESG-GARCH,0.198371172190093,1.561552458574268,all,2018-12-13
KHC,KHC.O,2018-12-27,ESG-GARCH(E),0.198371172190093,1.5615524585742673,E,2018-12-13
KHC,KHC.O,2018-12-27,ESG-GARCH(G),0.198371172190093,1.561552458574267,G,2018-12-13
KHC,KHC.O,2018-12-27,ESG-GARCH(S),0.198371172190093,1.5615524585742675,S,2018-12-13
KHC,KHC.O,2018-12-27,ESG-GJR-GARCH,0.2238891844233404,1.98914154372018,all,2018-12-13
KHC,KHC.O,2018-12-27,ESG-GJR-GARCH(E),0.2238891844233404,1.98914154372018,E,2018-12-13
KHC,KHC.O,2018-12-27,ESG-GJR-GARCH(G),0.2238891844233403,1.9891415437201792,G,2018-12-13
KHC,KHC.O,2018-12-27,ESG-GJR-GARCH(S),0.2238891844233403,1.98914154372018,S,2018-12-13
KHC,KHC.O,2018-12-27,GARCH,0.1687342232120286,1.1298110350383606,,2018-12-13
KHC,KHC.O,2018-12-27,GJR-GARCH,0.1917729315603092,1.4593990983823442,,2018-12-13
KHC,KHC.O,2018-12-28,EGARCH,0.1673661173542473,1.1115641761204642,,2018-12-13
KHC,KHC.O,2018-12-28,ESG-EGARCH,0.2028384900320066,1.6326767078755735,all,2018-12-13
KHC,KHC.O,2018-12-28,ESG-EGARCH(E),0.2028384900320066,1.6326767078755735,E,2018-12-13
KHC,KHC.O,2018-12-28,ESG-EGARCH(G),0.2028384900320066,1.6326767078755735,G,2018-12-13
KHC,KHC.O,2018-12-28,ESG-EGARCH(S),0.2028384900320066,1.6326767078755735,S,2018-12-13
KHC,KHC.O,2018-12-28,ESG-GARCH,0.198371172190093,1.561552458574268,all,2018-12-13
KHC,KHC.O,2018-12-28,ESG-GARCH(E),0.198371172190093,1.5615524585742673,E,2018-12-13
KHC,KHC.O,2018-12-28,ESG-GARCH(G),0.198371172190093,1.561552458574267,G,2018-12-13
KHC,KHC.O,2018-12-28,ESG-GARCH(S),0.198371172190093,1.5615524585742675,S,2018-12-13
KHC,KHC.O,2018-12-28,ESG-GJR-GARCH,0.2238891844233404,1.98914154372018,all,2018-12-13
KHC,KHC.O,2018-12-28,ESG-GJR-GARCH(E),0.2238891844233404,1.98914154372018,E,2018-12-13
KHC,KHC.O,2018-12-28,ESG-GJR-GARCH(G),0.2238891844233403,1.9891415437201792,G,2018-12-13
KHC,KHC.O,2018-12-28,ESG-GJR-GARCH(S),0.2238891844233403,1.98914154372018,S,2018-12-13
KHC,KHC.O,2018-12-28,GARCH,0.1687342232120286,1.1298110350383606,,2018-12-13
KHC,KHC.O,2018-12-28,GJR-GARCH,0.1917729315603092,1.4593990983823442,,2018-12-13
KHC,KHC.O,2018-12-31,EGARCH,0.1673661173542473,1.1115641761204642,,2018-12-13
KHC,KHC.O,2018-12-31,ESG-EGARCH,0.2028384900320066,1.6326767078755735,all,2018-12-13
KHC,KHC.O,2018-12-31,ESG-EGARCH(E),0.2028384900320066,1.6326767078755735,E,2018-12-13
KHC,KHC.O,2018-12-31,ESG-EGARCH(G),0.2028384900320066,1.6326767078755735,G,2018-12-13
KHC,KHC.O,2018-12-31,ESG-EGARCH(S),0.2028384900320066,1.6326767078755735,S,2018-12-13
KHC,KHC.O,2018-12-31,ESG-GARCH,0.198371172190093,1.561552458574268,all,2018-12-13
KHC,KHC.O,2018-12-31,ESG-GARCH(E),0.198371172190093,1.5615524585742673,E,2018-12-13
KHC,KHC.O,2018-12-31,ESG-GARCH(G),0.198371172190093,1.561552458574267,G,2018-12-13
KHC,KHC.O,2018-12-31,ESG-GARCH(S),0.198371172190093,1.5615524585742675,S,2018-12-13
KHC,KHC.O,2018-12-31,ESG-GJR-GARCH,0.2238891844233404,1.98914154372018,all,2018-12-13
KHC,KHC.O,2018-12-31,ESG-GJR-GARCH(E),0.2238891844233404,1.98914154372018,E,2018-12-13
KHC,KHC.O,2018-12-31,ESG-GJR-GARCH(G),0.2238891844233403,1.9891415437201792,G,2018-12-13
KHC,KHC.O,2018-12-31,ESG-GJR-GARCH(S),0.2238891844233403,1.98914154372018,S,2018-12-13
KHC,KHC.O,2018-12-31,GARCH,0.1687342232120286,1.1298110350383606,,2018-12-13
KHC,KHC.O,2018-12-31,GJR-GARCH,0.1917729315603092,1.4593990983823442,,2018-12-13
KHC,KHC.O,2019-01-02,EGARCH,0.1673661173542473,1.1115641761204642,,2018-12-13
KHC,KHC.O,2019-01-02,ESG-EGARCH,0.2240198081577515,1.9914632717077705,all,2018-12-13
KHC,KHC.O,2019-01-02,ESG-EGARCH(E),0.4192803560321774,6.976032418828154,E,2018-12-13
KHC,KHC.O,2019-01-02,ESG-EGARCH(G),0.1595729975591184,1.0104579980159696,G,2018-12-13
KHC,KHC.O,2019-01-02,ESG-EGARCH(S),0.1680332952103365,1.120443980128735,S,2018-12-13
KHC,KHC.O,2019-01-02,ESG-GARCH,0.2134192991411902,1.8074522716633663,all,2018-12-13
KHC,KHC.O,2019-01-02,ESG-GARCH(E),0.3385558737350261,4.5484158587494825,E,2018-12-13
KHC,KHC.O,2019-01-02,ESG-GARCH(G),0.1662559175482203,1.0968662745952635,G,2018-12-13
KHC,KHC.O,2019-01-02,ESG-GARCH(S),0.1727005032365683,1.1835501515144429,S,2018-12-13
KHC,KHC.O,2019-01-02,ESG-GJR-GARCH,0.2409179862249716,2.3032331780434765,all,2018-12-13
KHC,KHC.O,2019-01-02,ESG-GJR-GARCH(E),0.3826281598052492,5.809694788728227,E,2018-12-13
KHC,KHC.O,2019-01-02,ESG-GJR-GARCH(G),0.187558204573625,1.3959555596381663,G,2018-12-13
KHC,KHC.O,2019-01-02,ESG-GJR-GARCH(S),0.1948474278959135,1.5065682602243349,S,2018-12-13
KHC,KHC.O,2019-01-02,GARCH,0.1687342232120286,1.1298110350383606,,2018-12-13
KHC,KHC.O,2019-01-02,GJR-GARCH,0.1917729315603092,1.4593990983823442,,2018-12-13
KHC,KHC.O,2019-01-03,EGARCH,0.1673661173542473,1.1115641761204642,,2018-12-13
KHC,KHC.O,2019-01-03,ESG-EGARCH,0.2240198081577515,1.9914632717077705,all,2018-12-13
KHC,KHC.O,2019-01-03,ESG-EGARCH(E),0.4192803560321774,6.976032418828154,E,2018-12-13
KHC,KHC.O,2019-01-03,ESG-EGARCH(G),0.1595729975591184,1.0104579980159696,G,2018-12-13
KHC,KHC.O,2019-01-03,ESG-EGARCH(S),0.1680332952103365,1.120443980128735,S,2018-12-13
KHC,KHC.O,2019-01-03,ESG-GARCH,0.2134192991411902,1.8074522716633663,all,2018-12-13
KHC,KHC.O,2019-01-03,ESG-GARCH(E),0.3385558737350261,4.5484158587494825,E,2018-12-13
KHC,KHC.O,2019-01-03,ESG-GARCH(G),0.1662559175482203,1.0968662745952635,G,2018-12-13
KHC,KHC.O,2019-01-03,ESG-GARCH(S),0.1727005032365683,1.1835501515144429,S,2018-12-13
KHC,KHC.O,2019-01-03,ESG-GJR-GARCH,0.2409179862249716,2.3032331780434765,all,2018-12-13
KHC,KHC.O,2019-01-03,ESG-GJR-GARCH(E),0.3826281598052492,5.809694788728227,E,2018-12-13
KHC,KHC.O,2019-01-03,ESG-GJR-GARCH(G),0.187558204573625,1.3959555596381663,G,2018-12-13
KHC,KHC.O,2019-01-03,ESG-GJR-GARCH(S),0.1948474278959135,1.5065682602243349,S,2018-12-13
KHC,KHC.O,2019-01-03,GARCH,0.1687342232120286,1.1298110350383606,,2018-12-13
KHC,KHC.O,2019-01-03,GJR-GARCH,0.1917729315603092,1.4593990983823442,,2018-12-13
KHC,KHC.O,2019-01-04,EGARCH,0.1673661173542473,1.1115641761204642,,2018-12-13
KHC,KHC.O,2019-01-04,ESG-EGARCH,0.2240198081577515,1.9914632717077705,all,2018-12-13
KHC,KHC.O,2019-01-04,ESG-EGARCH(E),0.4192803560321774,6.976032418828154,E,2018-12-13
KHC,KHC.O,2019-01-04,ESG-EGARCH(G),0.1595729975591184,1.0104579980159696,G,2018-12-13
KHC,KHC.O,2019-01-04,ESG-EGARCH(S),0.1680332952103365,1.120443980128735,S,2018-12-13
KHC,KHC.O,2019-01-04,ESG-GARCH,0.2134192991411902,1.8074522716633663,all,2018-12-13
KHC,KHC.O,2019-01-04,ESG-GARCH(E),0.3385558737350261,4.5484158587494825,E,2018-12-13
KHC,KHC.O,2019-01-04,ESG-GARCH(G),0.1662559175482203,1.0968662745952635,G,2018-12-13
KHC,KHC.O,2019-01-04,ESG-GARCH(S),0.1727005032365683,1.1835501515144429,S,2018-12-13
KHC,KHC.O,2019-01-04,ESG-GJR-GARCH,0.2409179862249716,2.3032331780434765,all,2018-12-13
KHC,KHC.O,2019-01-04,ESG-GJR-GARCH(E),0.3826281598052492,5.809694788728227,E,2018-12-13
KHC,KHC.O,2019-01-04,ESG-GJR-GARCH(G),0.187558204573625,1.3959555596381663,G,2018-12-13
KHC,KHC.O,2019-01-04,ESG-GJR-GARCH(S),0.1948474278959135,1.5065682602243349,S,2018-12-13
KHC,KHC.O,2019-01-04,GARCH,0.1687342232120286,1.1298110350383606,,2018-12-13
KHC,KHC.O,2019-01-04,GJR-GARCH,0.1917729315603092,1.4593990983823442,,2018-12-13
KHC,KHC.O,2019-01-07,EGARCH,0.1673661173542473,1.1115641761204642,,2018-12-13
KHC,KHC.O,2019-01-07,ESG-EGARCH,0.2240198081577515,1.9914632717077705,all,2018-12-13
KHC,KHC.O,2019-01-07,ESG-EGARCH(E),0.4192803560321774,6.976032418828154,E,2018-12-13
KHC,KHC.O,2019-01-07,ESG-EGARCH(G),0.1595729975591184,1.0104579980159696,G,2018-12-13
KHC,KHC.O,2019-01-07,ESG-EGARCH(S),0.1680332952103365,1.120443980128735,S,2018-12-13
KHC,KHC.O,2019-01-07,ESG-GARCH,0.2134192991411902,1.8074522716633663,all,2018-12-13
KHC,KHC.O,2019-01-07,ESG-GARCH(E),0.3385558737350261,4.5484158587494825,E,2018-12-13
KHC,KHC.O,2019-01-07,ESG-GARCH(G),0.1662559175482203,1.0968662745952635,G,2018-12-13
KHC,KHC.O,2019-01-07,ESG-GARCH(S),0.1727005032365683,1.1835501515144429,S,2018-12-13
KHC,KHC.O,2019-01-07,ESG-GJR-GARCH,0.2409179862249716,2.3032331780434765,all,2018-12-13
KHC,KHC.O,2019-01-07,ESG-GJR-GARCH(E),0.3826281598052492,5.809694788728227,E,2018-12-13
KHC,KHC.O,2019-01-07,ESG-GJR-GARCH(G),0.187558204573625,1.3959555596381663,G,2018-12-13
KHC,KHC.O,2019-01-07,ESG-GJR-GARCH(S),0.1948474278959135,1.5065682602243349,S,2018-12-13
KHC,KHC.O,2019-01-07,GARCH,0.1687342232120286,1.1298110350383606,,2018-12-13
KHC,KHC.O,2019-01-07,GJR-GARCH,0.1917729315603092,1.4593990983823442,,2018-12-13
KHC,KHC.O,2019-01-08,EGARCH,0.1673661173542473,1.1115641761204642,,2018-12-13
KHC,KHC.O,2019-01-08,ESG-EGARCH,0.2240198081577515,1.9914632717077705,all,2018-12-13
KHC,KHC.O,2019-01-08,ESG-EGARCH(E),0.4192803560321774,6.976032418828154,E,2018-12-13
KHC,KHC.O,2019-01-08,ESG-EGARCH(G),0.1595729975591184,1.0104579980159696,G,2018-12-13
KHC,KHC.O,2019-01-08,ESG-EGARCH(S),0.1680332952103365,1.120443980128735,S,2018-12-13
KHC,KHC.O,2019-01-08,ESG-GARCH,0.2134192991411902,1.8074522716633663,all,2018-12-13
KHC,KHC.O,2019-01-08,ESG-GARCH(E),0.3385558737350261,4.5484158587494825,E,2018-12-13
KHC,KHC.O,2019-01-08,ESG-GARCH(G),0.1662559175482203,1.0968662745952635,G,2018-12-13
KHC,KHC.O,2019-01-08,ESG-GARCH(S),0.1727005032365683,1.1835501515144429,S,2018-12-13
KHC,KHC.O,2019-01-08,ESG-GJR-GARCH,0.2409179862249716,2.3032331780434765,all,2018-12-13
KHC,KHC.O,2019-01-08,ESG-GJR-GARCH(E),0.3826281598052492,5.809694788728227,E,2018-12-13
KHC,KHC.O,2019-01-08,ESG-GJR-GARCH(G),0.187558204573625,1.3959555596381663,G,2018-12-13
KHC,KHC.O,2019-01-08,ESG-GJR-GARCH(S),0.1948474278959135,1.5065682602243349,S,2018-12-13
KHC,KHC.O,2019-01-08,GARCH,0.1687342232120286,1.1298110350383606,,2018-12-13
KHC,KHC.O,2019-01-08,GJR-GARCH,0.1917729315603092,1.4593990983823442,,2018-12-13
KHC,KHC.O,2019-01-09,EGARCH,0.1673661173542473,1.1115641761204642,,2018-12-13
KHC,KHC.O,2019-01-09,ESG-EGARCH,0.2240198081577515,1.9914632717077705,all,2018-12-13
KHC,KHC.O,2019-01-09,ESG-EGARCH(E),0.4192803560321774,6.976032418828154,E,2018-12-13
KHC,KHC.O,2019-01-09,ESG-EGARCH(G),0.1595729975591184,1.0104579980159696,G,2018-12-13
KHC,KHC.O,2019-01-09,ESG-EGARCH(S),0.1680332952103365,1.120443980128735,S,2018-12-13
KHC,KHC.O,2019-01-09,ESG-GARCH,0.2134192991411902,1.8074522716633663,all,2018-12-13
KHC,KHC.O,2019-01-09,ESG-GARCH(E),0.3385558737350261,4.5484158587494825,E,2018-12-13
KHC,KHC.O,2019-01-09,ESG-GARCH(G),0.1662559175482203,1.0968662745952635,G,2018-12-13
KHC,KHC.O,2019-01-09,ESG-GARCH(S),0.1727005032365683,1.1835501515144429,S,2018-12-13
KHC,KHC.O,2019-01-09,ESG-GJR-GARCH,0.2409179862249716,2.3032331780434765,all,2018-12-13
KHC,KHC.O,2019-01-09,ESG-GJR-GARCH(E),0.3826281598052492,5.809694788728227,E,2018-12-13
KHC,KHC.O,2019-01-09,ESG-GJR-GARCH(G),0.187558204573625,1.3959555596381663,G,2018-12-13
KHC,KHC.O,2019-01-09,ESG-GJR-GARCH(S),0.1948474278959135,1.5065682602243349,S,2018-12-13
KHC,KHC.O,2019-01-09,GARCH,0.1687342232120286,1.1298110350383606,,2018-12-13
KHC,KHC.O,2019-01-09,GJR-GARCH,0.1917729315603092,1.4593990983823442,,2018-12-13
KHC,KHC.O,2019-01-10,EGARCH,0.1673661173542473,1.1115641761204642,,2018-12-13
KHC,KHC.O,2019-01-10,ESG-EGARCH,0.2240198081577515,1.9914632717077705,all,2018-12-13
KHC,KHC.O,2019-01-10,ESG-EGARCH(E),0.4192803560321774,6.976032418828154,E,2018-12-13
KHC,KHC.O,2019-01-10,ESG-EGARCH(G),0.1595729975591184,1.0104579980159696,G,2018-12-13
KHC,KHC.O,2019-01-10,ESG-EGARCH(S),0.1680332952103365,1.120443980128735,S,2018-12-13
KHC,KHC.O,2019-01-10,ESG-GARCH,0.2134192991411902,1.8074522716633663,all,2018-12-13
KHC,KHC.O,2019-01-10,ESG-GARCH(E),0.3385558737350261,4.5484158587494825,E,2018-12-13
KHC,KHC.O,2019-01-10,ESG-GARCH(G),0.1662559175482203,1.0968662745952635,G,2018-12-13
KHC,KHC.O,2019-01-10,ESG-GARCH(S),0.1727005032365683,1.1835501515144429,S,2018-12-13
KHC,KHC.O,2019-01-10,ESG-GJR-GARCH,0.2409179862249716,2.3032331780434765,all,2018-12-13
KHC,KHC.O,2019-01-10,ESG-GJR-GARCH(E),0.3826281598052492,5.809694788728227,E,2018-12-13
KHC,KHC.O,2019-01-10,ESG-GJR-GARCH(G),0.187558204573625,1.3959555596381663,G,2018-12-13
KHC,KHC.O,2019-01-10,ESG-GJR-GARCH(S),0.1948474278959135,1.5065682602243349,S,2018-12-13
KHC,KHC.O,2019-01-10,GARCH,0.1687342232120286,1.1298110350383606,,2018-12-13
KHC,KHC.O,2019-01-10,GJR-GARCH,0.1917729315603092,1.4593990983823442,,2018-12-13
KHC,KHC.O,2019-01-11,EGARCH,0.1673661173542473,1.1115641761204642,,2018-12-13
KHC,KHC.O,2019-01-11,ESG-EGARCH,0.2240198081577515,1.9914632717077705,all,2018-12-13
KHC,KHC.O,2019-01-11,ESG-EGARCH(E),0.4192803560321774,6.976032418828154,E,2018-12-13
KHC,KHC.O,2019-01-11,ESG-EGARCH(G),0.1595729975591184,1.0104579980159696,G,2018-12-13
KHC,KHC.O,2019-01-11,ESG-EGARCH(S),0.1680332952103365,1.120443980128735,S,2018-12-13
KHC,KHC.O,2019-01-11,ESG-GARCH,0.2134192991411902,1.8074522716633663,all,2018-12-13
KHC,KHC.O,2019-01-11,ESG-GARCH(E),0.3385558737350261,4.5484158587494825,E,2018-12-13
KHC,KHC.O,2019-01-11,ESG-GARCH(G),0.1662559175482203,1.0968662745952635,G,2018-12-13
KHC,KHC.O,2019-01-11,ESG-GARCH(S),0.1727005032365683,1.1835501515144429,S,2018-12-13
KHC,KHC.O,2019-01-11,ESG-GJR-GARCH,0.2409179862249716,2.3032331780434765,all,2018-12-13
KHC,KHC.O,2019-01-11,ESG-GJR-GARCH(E),0.3826281598052492,5.809694788728227,E,2018-12-13
KHC,KHC.O,2019-01-11,ESG-GJR-GARCH(G),0.187558204573625,1.3959555596381663,G,2018-12-13
KHC,KHC.O,2019-01-11,ESG-GJR-GARCH(S),0.1948474278959135,1.5065682602243349,S,2018-12-13
KHC,KHC.O,2019-01-11,GARCH,0.1687342232120286,1.1298110350383606,,2018-12-13
KHC,KHC.O,2019-01-11,GJR-GARCH,0.1917729315603092,1.4593990983823442,,2018-12-13
KHC,KHC.O,2019-01-14,EGARCH,0.1673661173542473,1.1115641761204642,,2018-12-13
KHC,KHC.O,2019-01-14,ESG-EGARCH,0.2240198081577515,1.9914632717077705,all,2018-12-13
KHC,KHC.O,2019-01-14,ESG-EGARCH(E),0.4192803560321774,6.976032418828154,E,2018-12-13
KHC,KHC.O,2019-01-14,ESG-EGARCH(G),0.1595729975591184,1.0104579980159696,G,2018-12-13
KHC,KHC.O,2019-01-14,ESG-EGARCH(S),0.1680332952103365,1.120443980128735,S,2018-12-13
KHC,KHC.O,2019-01-14,ESG-GARCH,0.2134192991411902,1.8074522716633663,all,2018-12-13
KHC,KHC.O,2019-01-14,ESG-GARCH(E),0.3385558737350261,4.5484158587494825,E,2018-12-13
KHC,KHC.O,2019-01-14,ESG-GARCH(G),0.1662559175482203,1.0968662745952635,G,2018-12-13
KHC,KHC.O,2019-01-14,ESG-GARCH(S),0.1727005032365683,1.1835501515144429,S,2018-12-13
KHC,KHC.O,2019-01-14,ESG-GJR-GARCH,0.2409179862249716,2.3032331780434765,all,2018-12-13
KHC,KHC.O,2019-01-14,ESG-GJR-GARCH(E),0.3826281598052492,5.809694788728227,E,2018-12-13
KHC,KHC.O,2019-01-14,ESG-GJR-GARCH(G),0.187558204573625,1.3959555596381663,G,2018-12-13
KHC,KHC.O,2019-01-14,ESG-GJR-GARCH(S),0.1948474278959135,1.5065682602243349,S,2018-12-13
KHC,KHC.O,2019-01-14,GARCH,0.1687342232120286,1.1298110350383606,,2018-12-13
KHC,KHC.O,2019-01-14,GJR-GARCH,0.1917729315603092,1.4593990983823442,,2018-12-13
KHC,KHC.O,2019-01-15,EGARCH,0.1673661173542473,1.1115641761204642,,2018-12-13
KHC,KHC.O,2019-01-15,ESG-EGARCH,0.2240198081577515,1.9914632717077705,all,2018-12-13
KHC,KHC.O,2019-01-15,ESG-EGARCH(E),0.4192803560321774,6.976032418828154,E,2018-12-13
KHC,KHC.O,2019-01-15,ESG-EGARCH(G),0.1595729975591184,1.0104579980159696,G,2018-12-13
KHC,KHC.O,2019-01-15,ESG-EGARCH(S),0.1680332952103365,1.120443980128735,S,2018-12-13
KHC,KHC.O,2019-01-15,ESG-GARCH,0.2134192991411902,1.8074522716633663,all,2018-12-13
KHC,KHC.O,2019-01-15,ESG-GARCH(E),0.3385558737350261,4.5484158587494825,E,2018-12-13
KHC,KHC.O,2019-01-15,ESG-GARCH(G),0.1662559175482203,1.0968662745952635,G,2018-12-13
KHC,KHC.O,2019-01-15,ESG-GARCH(S),0.1727005032365683,1.1835501515144429,S,2018-12-13
KHC,KHC.O,2019-01-15,ESG-GJR-GARCH,0.2409179862249716,2.3032331780434765,all,2018-12-13
KHC,KHC.O,2019-01-15,ESG-GJR-GARCH(E),0.3826281598052492,5.809694788728227,E,2018-12-13
KHC,KHC.O,2019-01-15,ESG-GJR-GARCH(G),0.187558204573625,1.3959555596381663,G,2018-12-13
KHC,KHC.O,2019-01-15,ESG-GJR-GARCH(S),0.1948474278959135,1.5065682602243349,S,2018-12-13
KHC,KHC.O,2019-01-15,GARCH,0.1687342232120286,1.1298110350383606,,2018-12-13
KHC,KHC.O,2019-01-15,GJR-GARCH,0.1917729315603092,1.4593990983823442,,2018-12-13
KHC,KHC.O,2019-01-16,EGARCH,0.2355104916525941,2.200999669779628,,2019-01-16
KHC,KHC.O,2019-01-16,ESG-EGARCH,0.2157831798347744,1.847713519825659,all,2019-01-16
KHC,KHC.O,2019-01-16,ESG-EGARCH(E),0.2334714989638578,2.163053207477407,E,2019-01-16
KHC,KHC.O,2019-01-16,ESG-EGARCH(G),0.1867193703783033,1.3834969553361112,G,2019-01-16
KHC,KHC.O,2019-01-16,ESG-EGARCH(S),0.1885930214659922,1.411401894669532,S,2019-01-16
KHC,KHC.O,2019-01-16,ESG-GARCH,0.2105391390419732,1.758997185259339,all,2019-01-16
KHC,KHC.O,2019-01-16,ESG-GARCH(E),0.2236686958321769,1.985225614891544,E,2019-01-16
KHC,KHC.O,2019-01-16,ESG-GARCH(G),0.189251146665739,1.4212697029482964,G,2019-01-16
KHC,KHC.O,2019-01-16,ESG-GARCH(S),0.1909483143173908,1.4468753468513134,S,2019-01-16
KHC,KHC.O,2019-01-16,ESG-GJR-GARCH,0.1784045547349954,1.263023220245713,all,2019-01-16
KHC,KHC.O,2019-01-16,ESG-GJR-GARCH(E),0.1883555530409827,1.407849776245018,E,2019-01-16
KHC,KHC.O,2019-01-16,ESG-GJR-GARCH(G),0.1652803326702423,1.0840312844280149,G,2019-01-16
KHC,KHC.O,2019-01-16,ESG-GJR-GARCH(S),0.1675824978962561,1.1144402222678056,S,2019-01-16
KHC,KHC.O,2019-01-16,GARCH,0.2258769964465534,2.0246197430046164,,2019-01-16
KHC,KHC.O,2019-01-16,GJR-GARCH,0.1870610446195108,1.3885648577040728,,2019-01-16
KHC,KHC.O,2019-01-17,EGARCH,0.2355104916525941,2.200999669779628,,2019-01-16
KHC,KHC.O,2019-01-17,ESG-EGARCH,0.2157831798347744,1.847713519825659,all,2019-01-16
KHC,KHC.O,2019-01-17,ESG-EGARCH(E),0.2334714989638578,2.163053207477407,E,2019-01-16
KHC,KHC.O,2019-01-17,ESG-EGARCH(G),0.1867193703783033,1.3834969553361112,G,2019-01-16
KHC,KHC.O,2019-01-17,ESG-EGARCH(S),0.1885930214659922,1.411401894669532,S,2019-01-16
KHC,KHC.O,2019-01-17,ESG-GARCH,0.2105391390419732,1.758997185259339,all,2019-01-16
KHC,KHC.O,2019-01-17,ESG-GARCH(E),0.2236686958321769,1.985225614891544,E,2019-01-16
KHC,KHC.O,2019-01-17,ESG-GARCH(G),0.189251146665739,1.4212697029482964,G,2019-01-16
KHC,KHC.O,2019-01-17,ESG-GARCH(S),0.1909483143173908,1.4468753468513134,S,2019-01-16
KHC,KHC.O,2019-01-17,ESG-GJR-GARCH,0.1784045547349954,1.263023220245713,all,2019-01-16
KHC,KHC.O,2019-01-17,ESG-GJR-GARCH(E),0.1883555530409827,1.407849776245018,E,2019-01-16
KHC,KHC.O,2019-01-17,ESG-GJR-GARCH(G),0.1652803326702423,1.0840312844280149,G,2019-01-16
KHC,KHC.O,2019-01-17,ESG-GJR-GARCH(S),0.1675824978962561,1.1144402222678056,S,2019-01-16
KHC,KHC.O,2019-01-17,GARCH,0.2258769964465534,2.0246197430046164,,2019-01-16
KHC,KHC.O,2019-01-17,GJR-GARCH,0.1870610446195108,1.3885648577040728,,2019-01-16
KHC,KHC.O,2019-01-18,EGARCH,0.2355104916525941,2.200999669779628,,2019-01-16
KHC,KHC.O,2019-01-18,ESG-EGARCH,0.2157831798347744,1.847713519825659,all,2019-01-16
KHC,KHC.O,2019-01-18,ESG-EGARCH(E),0.2334714989638578,2.163053207477407,E,2019-01-16
KHC,KHC.O,2019-01-18,ESG-EGARCH(G),0.1867193703783033,1.3834969553361112,G,2019-01-16
KHC,KHC.O,2019-01-18,ESG-EGARCH(S),0.1885930214659922,1.411401894669532,S,2019-01-16
KHC,KHC.O,2019-01-18,ESG-GARCH,0.2105391390419732,1.758997185259339,all,2019-01-16
KHC,KHC.O,2019-01-18,ESG-GARCH(E),0.2236686958321769,1.985225614891544,E,2019-01-16
KHC,KHC.O,2019-01-18,ESG-GARCH(G),0.189251146665739,1.4212697029482964,G,2019-01-16
KHC,KHC.O,2019-01-18,ESG-GARCH(S),0.1909483143173908,1.4468753468513134,S,2019-01-16
KHC,KHC.O,2019-01-18,ESG-GJR-GARCH,0.1784045547349954,1.263023220245713,all,2019-01-16
KHC,KHC.O,2019-01-18,ESG-GJR-GARCH(E),0.1883555530409827,1.407849776245018,E,2019-01-16
KHC,KHC.O,2019-01-18,ESG-GJR-GARCH(G),0.1652803326702423,1.0840312844280149,G,2019-01-16
KHC,KHC.O,2019-01-18,ESG-GJR-GARCH(S),0.1675824978962561,1.1144402222678056,S,2019-01-16
KHC,KHC.O,2019-01-18,GARCH,0.2258769964465534,2.0246197430046164,,2019-01-16
KHC,KHC.O,2019-01-18,GJR-GARCH,0.1870610446195108,1.3885648577040728,,2019-01-16
KHC,KHC.O,2019-01-23,EGARCH,0.2355104916525941,2.200999669779628,,2019-01-16
KHC,KHC.O,2019-01-23,ESG-EGARCH,0.2157831798347744,1.847713519825659,all,2019-01-16
KHC,KHC.O,2019-01-23,ESG-EGARCH(E),0.2334714989638578,2.163053207477407,E,2019-01-16
KHC,KHC.O,2019-01-23,ESG-EGARCH(G),0.1867193703783033,1.3834969553361112,G,2019-01-16
KHC,KHC.O,2019-01-23,ESG-EGARCH(S),0.1885930214659922,1.411401894669532,S,2019-01-16
KHC,KHC.O,2019-01-23,ESG-GARCH,0.2105391390419732,1.758997185259339,all,2019-01-16
KHC,KHC.O,2019-01-23,ESG-GARCH(E),0.2236686958321769,1.985225614891544,E,2019-01-16
KHC,KHC.O,2019-01-23,ESG-GARCH(G),0.189251146665739,1.4212697029482964,G,2019-01-16
KHC,KHC.O,2019-01-23,ESG-GARCH(S),0.1909483143173908,1.4468753468513134,S,2019-01-16
KHC,KHC.O,2019-01-23,ESG-GJR-GARCH,0.1784045547349954,1.263023220245713,all,2019-01-16
KHC,KHC.O,2019-01-23,ESG-GJR-GARCH(E),0.1883555530409827,1.407849776245018,E,2019-01-16
KHC,KHC.O,2019-01-23,ESG-GJR-GARCH(G),0.1652803326702423,1.0840312844280149,G,2019-01-16
KHC,KHC.O,2019-01-23,ESG-GJR-GARCH(S),0.1675824978962561,1.1144402222678056,S,2019-01-16
KHC,KHC.O,2019-01-23,GARCH,0.2258769964465534,2.0246197430046164,,2019-01-16
KHC,KHC.O,2019-01-23,GJR-GARCH,0.1870610446195108,1.3885648577040728,,2019-01-16
KHC,KHC.O,2019-01-24,EGARCH,0.2355104916525941,2.200999669779628,,2019-01-16
KHC,KHC.O,2019-01-24,ESG-EGARCH,0.2157831798347744,1.847713519825659,all,2019-01-16
KHC,KHC.O,2019-01-24,ESG-EGARCH(E),0.2334714989638578,2.163053207477407,E,2019-01-16
KHC,KHC.O,2019-01-24,ESG-EGARCH(G),0.1867193703783033,1.3834969553361112,G,2019-01-16
KHC,KHC.O,2019-01-24,ESG-EGARCH(S),0.1885930214659922,1.411401894669532,S,2019-01-16
KHC,KHC.O,2019-01-24,ESG-GARCH,0.2105391390419732,1.758997185259339,all,2019-01-16
KHC,KHC.O,2019-01-24,ESG-GARCH(E),0.2236686958321769,1.985225614891544,E,2019-01-16
KHC,KHC.O,2019-01-24,ESG-GARCH(G),0.189251146665739,1.4212697029482964,G,2019-01-16
KHC,KHC.O,2019-01-24,ESG-GARCH(S),0.1909483143173908,1.4468753468513134,S,2019-01-16
KHC,KHC.O,2019-01-24,ESG-GJR-GARCH,0.1784045547349954,1.263023220245713,all,2019-01-16
KHC,KHC.O,2019-01-24,ESG-GJR-GARCH(E),0.1883555530409827,1.407849776245018,E,2019-01-16
KHC,KHC.O,2019-01-24,ESG-GJR-GARCH(G),0.1652803326702423,1.0840312844280149,G,2019-01-16
KHC,KHC.O,2019-01-24,ESG-GJR-GARCH(S),0.1675824978962561,1.1144402222678056,S,2019-01-16
KHC,KHC.O,2019-01-24,GARCH,0.2258769964465534,2.0246197430046164,,2019-01-16
KHC,KHC.O,2019-01-24,GJR-GARCH,0.1870610446195108,1.3885648577040728,,2019-01-16
KHC,KHC.O,2019-01-25,EGARCH,0.2355104916525941,2.200999669779628,,2019-01-16
KHC,KHC.O,2019-01-25,ESG-EGARCH,0.2157831798347744,1.847713519825659,all,2019-01-16
KHC,KHC.O,2019-01-25,ESG-EGARCH(E),0.2334714989638578,2.163053207477407,E,2019-01-16
KHC,KHC.O,2019-01-25,ESG-EGARCH(G),0.1867193703783033,1.3834969553361112,G,2019-01-16
KHC,KHC.O,2019-01-25,ESG-EGARCH(S),0.1885930214659922,1.411401894669532,S,2019-01-16
KHC,KHC.O,2019-01-25,ESG-GARCH,0.2105391390419732,1.758997185259339,all,2019-01-16
KHC,KHC.O,2019-01-25,ESG-GARCH(E),0.2236686958321769,1.985225614891544,E,2019-01-16
KHC,KHC.O,2019-01-25,ESG-GARCH(G),0.189251146665739,1.4212697029482964,G,2019-01-16
KHC,KHC.O,2019-01-25,ESG-GARCH(S),0.1909483143173908,1.4468753468513134,S,2019-01-16
KHC,KHC.O,2019-01-25,ESG-GJR-GARCH,0.1784045547349954,1.263023220245713,all,2019-01-16
KHC,KHC.O,2019-01-25,ESG-GJR-GARCH(E),0.1883555530409827,1.407849776245018,E,2019-01-16
KHC,KHC.O,2019-01-25,ESG-GJR-GARCH(G),0.1652803326702423,1.0840312844280149,G,2019-01-16
KHC,KHC.O,2019-01-25,ESG-GJR-GARCH(S),0.1675824978962561,1.1144402222678056,S,2019-01-16
KHC,KHC.O,2019-01-25,GARCH,0.2258769964465534,2.0246197430046164,,2019-01-16
KHC,KHC.O,2019-01-25,GJR-GARCH,0.1870610446195108,1.3885648577040728,,2019-01-16
KHC,KHC.O,2019-01-28,EGARCH,0.2355104916525941,2.200999669779628,,2019-01-16
KHC,KHC.O,2019-01-28,ESG-EGARCH,0.2157831798347744,1.847713519825659,all,2019-01-16
KHC,KHC.O,2019-01-28,ESG-EGARCH(E),0.2334714989638578,2.163053207477407,E,2019-01-16
KHC,KHC.O,2019-01-28,ESG-EGARCH(G),0.1867193703783033,1.3834969553361112,G,2019-01-16
KHC,KHC.O,2019-01-28,ESG-EGARCH(S),0.1885930214659922,1.411401894669532,S,2019-01-16
KHC,KHC.O,2019-01-28,ESG-GARCH,0.2105391390419732,1.758997185259339,all,2019-01-16
KHC,KHC.O,2019-01-28,ESG-GARCH(E),0.2236686958321769,1.985225614891544,E,2019-01-16
KHC,KHC.O,2019-01-28,ESG-GARCH(G),0.189251146665739,1.4212697029482964,G,2019-01-16
KHC,KHC.O,2019-01-28,ESG-GARCH(S),0.1909483143173908,1.4468753468513134,S,2019-01-16
KHC,KHC.O,2019-01-28,ESG-GJR-GARCH,0.1784045547349954,1.263023220245713,all,2019-01-16
KHC,KHC.O,2019-01-28,ESG-GJR-GARCH(E),0.1883555530409827,1.407849776245018,E,2019-01-16
KHC,KHC.O,2019-01-28,ESG-GJR-GARCH(G),0.1652803326702423,1.0840312844280149,G,2019-01-16
KHC,KHC.O,2019-01-28,ESG-GJR-GARCH(S),0.1675824978962561,1.1144402222678056,S,2019-01-16
KHC,KHC.O,2019-01-28,GARCH,0.2258769964465534,2.0246197430046164,,2019-01-16
KHC,KHC.O,2019-01-28,GJR-GARCH,0.1870610446195108,1.3885648577040728,,2019-01-16
KHC,KHC.O,2019-01-29,EGARCH,0.2355104916525941,2.200999669779628,,2019-01-16
KHC,KHC.O,2019-01-29,ESG-EGARCH,0.2157831798347744,1.847713519825659,all,2019-01-16
KHC,KHC.O,2019-01-29,ESG-EGARCH(E),0.2334714989638578,2.163053207477407,E,2019-01-16
KHC,KHC.O,2019-01-29,ESG-EGARCH(G),0.1867193703783033,1.3834969553361112,G,2019-01-16
KHC,KHC.O,2019-01-29,ESG-EGARCH(S),0.1885930214659922,1.411401894669532,S,2019-01-16
KHC,KHC.O,2019-01-29,ESG-GARCH,0.2105391390419732,1.758997185259339,all,2019-01-16
KHC,KHC.O,2019-01-29,ESG-GARCH(E),0.2236686958321769,1.985225614891544,E,2019-01-16
KHC,KHC.O,2019-01-29,ESG-GARCH(G),0.189251146665739,1.4212697029482964,G,2019-01-16
KHC,KHC.O,2019-01-29,ESG-GARCH(S),0.1909483143173908,1.4468753468513134,S,2019-01-16
KHC,KHC.O,2019-01-29,ESG-GJR-GARCH,0.1784045547349954,1.263023220245713,all,2019-01-16
KHC,KHC.O,2019-01-29,ESG-GJR-GARCH(E),0.1883555530409827,1.407849776245018,E,2019-01-16
KHC,KHC.O,2019-01-29,ESG-GJR-GARCH(G),0.1652803326702423,1.0840312844280149,G,2019-01-16
KHC,KHC.O,2019-01-29,ESG-GJR-GARCH(S),0.1675824978962561,1.1144402222678056,S,2019-01-16
KHC,KHC.O,2019-01-29,GARCH,0.2258769964465534,2.0246197430046164,,2019-01-16
KHC,KHC.O,2019-01-29,GJR-GARCH,0.1870610446195108,1.3885648577040728,,2019-01-16
KHC,KHC.O,2019-01-30,EGARCH,0.2355104916525941,2.200999669779628,,2019-01-16
KHC,KHC.O,2019-01-30,ESG-EGARCH,0.2157831798347744,1.847713519825659,all,2019-01-16
KHC,KHC.O,2019-01-30,ESG-EGARCH(E),0.2334714989638578,2.163053207477407,E,2019-01-16
KHC,KHC.O,2019-01-30,ESG-EGARCH(G),0.1867193703783033,1.3834969553361112,G,2019-01-16
KHC,KHC.O,2019-01-30,ESG-EGARCH(S),0.1885930214659922,1.411401894669532,S,2019-01-16
KHC,KHC.O,2019-01-30,ESG-GARCH,0.2105391390419732,1.758997185259339,all,2019-01-16
KHC,KHC.O,2019-01-30,ESG-GARCH(E),0.2236686958321769,1.985225614891544,E,2019-01-16
KHC,KHC.O,2019-01-30,ESG-GARCH(G),0.189251146665739,1.4212697029482964,G,2019-01-16
KHC,KHC.O,2019-01-30,ESG-GARCH(S),0.1909483143173908,1.4468753468513134,S,2019-01-16
KHC,KHC.O,2019-01-30,ESG-GJR-GARCH,0.1784045547349954,1.263023220245713,all,2019-01-16
KHC,KHC.O,2019-01-30,ESG-GJR-GARCH(E),0.1883555530409827,1.407849776245018,E,2019-01-16
KHC,KHC.O,2019-01-30,ESG-GJR-GARCH(G),0.1652803326702423,1.0840312844280149,G,2019-01-16
KHC,KHC.O,2019-01-30,ESG-GJR-GARCH(S),0.1675824978962561,1.1144402222678056,S,2019-01-16
KHC,KHC.O,2019-01-30,GARCH,0.2258769964465534,2.0246197430046164,,2019-01-16
KHC,KHC.O,2019-01-30,GJR-GARCH,0.1870610446195108,1.3885648577040728,,2019-01-16
KHC,KHC.O,2019-01-31,EGARCH,0.2355104916525941,2.200999669779628,,2019-01-16
KHC,KHC.O,2019-01-31,ESG-EGARCH,0.2157831798347744,1.847713519825659,all,2019-01-16
KHC,KHC.O,2019-01-31,ESG-EGARCH(E),0.2334714989638578,2.163053207477407,E,2019-01-16
KHC,KHC.O,2019-01-31,ESG-EGARCH(G),0.1867193703783033,1.3834969553361112,G,2019-01-16
KHC,KHC.O,2019-01-31,ESG-EGARCH(S),0.1885930214659922,1.411401894669532,S,2019-01-16
KHC,KHC.O,2019-01-31,ESG-GARCH,0.2105391390419732,1.758997185259339,all,2019-01-16
KHC,KHC.O,2019-01-31,ESG-GARCH(E),0.2236686958321769,1.985225614891544,E,2019-01-16
KHC,KHC.O,2019-01-31,ESG-GARCH(G),0.189251146665739,1.4212697029482964,G,2019-01-16
KHC,KHC.O,2019-01-31,ESG-GARCH(S),0.1909483143173908,1.4468753468513134,S,2019-01-16
KHC,KHC.O,2019-01-31,ESG-GJR-GARCH,0.1784045547349954,1.263023220245713,all,2019-01-16
KHC,KHC.O,2019-01-31,ESG-GJR-GARCH(E),0.1883555530409827,1.407849776245018,E,2019-01-16
KHC,KHC.O,2019-01-31,ESG-GJR-GARCH(G),0.1652803326702423,1.0840312844280149,G,2019-01-16
KHC,KHC.O,2019-01-31,ESG-GJR-GARCH(S),0.1675824978962561,1.1144402222678056,S,2019-01-16
KHC,KHC.O,2019-01-31,GARCH,0.2258769964465534,2.0246197430046164,,2019-01-16
KHC,KHC.O,2019-01-31,GJR-GARCH,0.1870610446195108,1.3885648577040728,,2019-01-16
KHC,KHC.O,2019-02-01,EGARCH,0.2355104916525941,2.200999669779628,,2019-01-16
KHC,KHC.O,2019-02-01,ESG-EGARCH,0.2157831798347744,1.847713519825659,all,2019-01-16
KHC,KHC.O,2019-02-01,ESG-EGARCH(E),0.2334714989638578,2.163053207477407,E,2019-01-16
KHC,KHC.O,2019-02-01,ESG-EGARCH(G),0.1867193703783033,1.3834969553361112,G,2019-01-16
KHC,KHC.O,2019-02-01,ESG-EGARCH(S),0.1885930214659922,1.411401894669532,S,2019-01-16
KHC,KHC.O,2019-02-01,ESG-GARCH,0.2105391390419732,1.758997185259339,all,2019-01-16
KHC,KHC.O,2019-02-01,ESG-GARCH(E),0.2236686958321769,1.985225614891544,E,2019-01-16
KHC,KHC.O,2019-02-01,ESG-GARCH(G),0.189251146665739,1.4212697029482964,G,2019-01-16
KHC,KHC.O,2019-02-01,ESG-GARCH(S),0.1909483143173908,1.4468753468513134,S,2019-01-16
KHC,KHC.O,2019-02-01,ESG-GJR-GARCH,0.1784045547349954,1.263023220245713,all,2019-01-16
KHC,KHC.O,2019-02-01,ESG-GJR-GARCH(E),0.1883555530409827,1.407849776245018,E,2019-01-16
KHC,KHC.O,2019-02-01,ESG-GJR-GARCH(G),0.1652803326702423,1.0840312844280149,G,2019-01-16
KHC,KHC.O,2019-02-01,ESG-GJR-GARCH(S),0.1675824978962561,1.1144402222678056,S,2019-01-16
KHC,KHC.O,2019-02-01,GARCH,0.2258769964465534,2.0246197430046164,,2019-01-16
KHC,KHC.O,2019-02-01,GJR-GARCH,0.1870610446195108,1.3885648577040728,,2019-01-16
KHC,KHC.O,2019-02-04,EGARCH,0.2355104916525941,2.200999669779628,,2019-01-16
KHC,KHC.O,2019-02-04,ESG-EGARCH,0.2157831798347744,1.847713519825659,all,2019-01-16
KHC,KHC.O,2019-02-04,ESG-EGARCH(E),0.2334714989638578,2.163053207477407,E,2019-01-16
KHC,KHC.O,2019-02-04,ESG-EGARCH(G),0.1867193703783033,1.3834969553361112,G,2019-01-16
KHC,KHC.O,2019-02-04,ESG-EGARCH(S),0.1885930214659922,1.411401894669532,S,2019-01-16
KHC,KHC.O,2019-02-04,ESG-GARCH,0.2105391390419732,1.758997185259339,all,2019-01-16
KHC,KHC.O,2019-02-04,ESG-GARCH(E),0.2236686958321769,1.985225614891544,E,2019-01-16
KHC,KHC.O,2019-02-04,ESG-GARCH(G),0.189251146665739,1.4212697029482964,G,2019-01-16
KHC,KHC.O,2019-02-04,ESG-GARCH(S),0.1909483143173908,1.4468753468513134,S,2019-01-16
KHC,KHC.O,2019-02-04,ESG-GJR-GARCH,0.1784045547349954,1.263023220245713,all,2019-01-16
KHC,KHC.O,2019-02-04,ESG-GJR-GARCH(E),0.1883555530409827,1.407849776245018,E,2019-01-16
KHC,KHC.O,2019-02-04,ESG-GJR-GARCH(G),0.1652803326702423,1.0840312844280149,G,2019-01-16
KHC,KHC.O,2019-02-04,ESG-GJR-GARCH(S),0.1675824978962561,1.1144402222678056,S,2019-01-16
KHC,KHC.O,2019-02-04,GARCH,0.2258769964465534,2.0246197430046164,,2019-01-16
KHC,KHC.O,2019-02-04,GJR-GARCH,0.1870610446195108,1.3885648577040728,,2019-01-16
KHC,KHC.O,2019-02-05,EGARCH,0.2355104916525941,2.200999669779628,,2019-01-16
KHC,KHC.O,2019-02-05,ESG-EGARCH,0.2157831798347744,1.847713519825659,all,2019-01-16
KHC,KHC.O,2019-02-05,ESG-EGARCH(E),0.2334714989638578,2.163053207477407,E,2019-01-16
KHC,KHC.O,2019-02-05,ESG-EGARCH(G),0.1867193703783033,1.3834969553361112,G,2019-01-16
KHC,KHC.O,2019-02-05,ESG-EGARCH(S),0.1885930214659922,1.411401894669532,S,2019-01-16
KHC,KHC.O,2019-02-05,ESG-GARCH,0.2105391390419732,1.758997185259339,all,2019-01-16
KHC,KHC.O,2019-02-05,ESG-GARCH(E),0.2236686958321769,1.985225614891544,E,2019-01-16
KHC,KHC.O,2019-02-05,ESG-GARCH(G),0.189251146665739,1.4212697029482964,G,2019-01-16
KHC,KHC.O,2019-02-05,ESG-GARCH(S),0.1909483143173908,1.4468753468513134,S,2019-01-16
KHC,KHC.O,2019-02-05,ESG-GJR-GARCH,0.1784045547349954,1.263023220245713,all,2019-01-16
KHC,KHC.O,2019-02-05,ESG-GJR-GARCH(E),0.1883555530409827,1.407849776245018,E,2019-01-16
KHC,KHC.O,2019-02-05,ESG-GJR-GARCH(G),0.1652803326702423,1.0840312844280149,G,2019-01-16
KHC,KHC.O,2019-02-05,ESG-GJR-GARCH(S),0.1675824978962561,1.1144402222678056,S,2019-01-16
KHC,KHC.O,2019-02-05,GARCH,0.2258769964465534,2.0246197430046164,,2019-01-16
KHC,KHC.O,2019-02-05,GJR-GARCH,0.1870610446195108,1.3885648577040728,,2019-01-16
KHC,KHC.O,2019-02-06,EGARCH,0.2355104916525941,2.200999669779628,,2019-01-16
KHC,KHC.O,2019-02-06,ESG-EGARCH,0.2157831798347744,1.847713519825659,all,2019-01-16
KHC,KHC.O,2019-02-06,ESG-EGARCH(E),0.2334714989638578,2.163053207477407,E,2019-01-16
KHC,KHC.O,2019-02-06,ESG-EGARCH(G),0.1867193703783033,1.3834969553361112,G,2019-01-16
KHC,KHC.O,2019-02-06,ESG-EGARCH(S),0.1885930214659922,1.411401894669532,S,2019-01-16
KHC,KHC.O,2019-02-06,ESG-GARCH,0.2105391390419732,1.758997185259339,all,2019-01-16
KHC,KHC.O,2019-02-06,ESG-GARCH(E),0.2236686958321769,1.985225614891544,E,2019-01-16
KHC,KHC.O,2019-02-06,ESG-GARCH(G),0.189251146665739,1.4212697029482964,G,2019-01-16
KHC,KHC.O,2019-02-06,ESG-GARCH(S),0.1909483143173908,1.4468753468513134,S,2019-01-16
KHC,KHC.O,2019-02-06,ESG-GJR-GARCH,0.1784045547349954,1.263023220245713,all,2019-01-16
KHC,KHC.O,2019-02-06,ESG-GJR-GARCH(E),0.1883555530409827,1.407849776245018,E,2019-01-16
KHC,KHC.O,2019-02-06,ESG-GJR-GARCH(G),0.1652803326702423,1.0840312844280149,G,2019-01-16
KHC,KHC.O,2019-02-06,ESG-GJR-GARCH(S),0.1675824978962561,1.1144402222678056,S,2019-01-16
KHC,KHC.O,2019-02-06,GARCH,0.2258769964465534,2.0246197430046164,,2019-01-16
KHC,KHC.O,2019-02-06,GJR-GARCH,0.1870610446195108,1.3885648577040728,,2019-01-16
KHC,KHC.O,2019-02-07,EGARCH,0.2355104916525941,2.200999669779628,,2019-01-16
KHC,KHC.O,2019-02-07,ESG-EGARCH,0.2157831798347744,1.847713519825659,all,2019-01-16
KHC,KHC.O,2019-02-07,ESG-EGARCH(E),0.2334714989638578,2.163053207477407,E,2019-01-16
KHC,KHC.O,2019-02-07,ESG-EGARCH(G),0.1867193703783033,1.3834969553361112,G,2019-01-16
KHC,KHC.O,2019-02-07,ESG-EGARCH(S),0.1885930214659922,1.411401894669532,S,2019-01-16
KHC,KHC.O,2019-02-07,ESG-GARCH,0.2105391390419732,1.758997185259339,all,2019-01-16
KHC,KHC.O,2019-02-07,ESG-GARCH(E),0.2236686958321769,1.985225614891544,E,2019-01-16
KHC,KHC.O,2019-02-07,ESG-GARCH(G),0.189251146665739,1.4212697029482964,G,2019-01-16
KHC,KHC.O,2019-02-07,ESG-GARCH(S),0.1909483143173908,1.4468753468513134,S,2019-01-16
KHC,KHC.O,2019-02-07,ESG-GJR-GARCH,0.1784045547349954,1.263023220245713,all,2019-01-16
KHC,KHC.O,2019-02-07,ESG-GJR-GARCH(E),0.1883555530409827,1.407849776245018,E,2019-01-16
KHC,KHC.O,2019-02-07,ESG-GJR-GARCH(G),0.1652803326702423,1.0840312844280149,G,2019-01-16
KHC,KHC.O,2019-02-07,ESG-GJR-GARCH(S),0.1675824978962561,1.1144402222678056,S,2019-01-16
KHC,KHC.O,2019-02-07,GARCH,0.2258769964465534,2.0246197430046164,,2019-01-16
KHC,KHC.O,2019-02-07,GJR-GARCH,0.1870610446195108,1.3885648577040728,,2019-01-16
KHC,KHC.O,2019-02-08,EGARCH,0.2355104916525941,2.200999669779628,,2019-01-16
KHC,KHC.O,2019-02-08,ESG-EGARCH,0.2157831798347744,1.847713519825659,all,2019-01-16
KHC,KHC.O,2019-02-08,ESG-EGARCH(E),0.2334714989638578,2.163053207477407,E,2019-01-16
KHC,KHC.O,2019-02-08,ESG-EGARCH(G),0.1867193703783033,1.3834969553361112,G,2019-01-16
KHC,KHC.O,2019-02-08,ESG-EGARCH(S),0.1885930214659922,1.411401894669532,S,2019-01-16
KHC,KHC.O,2019-02-08,ESG-GARCH,0.2105391390419732,1.758997185259339,all,2019-01-16
KHC,KHC.O,2019-02-08,ESG-GARCH(E),0.2236686958321769,1.985225614891544,E,2019-01-16
KHC,KHC.O,2019-02-08,ESG-GARCH(G),0.189251146665739,1.4212697029482964,G,2019-01-16
KHC,KHC.O,2019-02-08,ESG-GARCH(S),0.1909483143173908,1.4468753468513134,S,2019-01-16
KHC,KHC.O,2019-02-08,ESG-GJR-GARCH,0.1784045547349954,1.263023220245713,all,2019-01-16
KHC,KHC.O,2019-02-08,ESG-GJR-GARCH(E),0.1883555530409827,1.407849776245018,E,2019-01-16
KHC,KHC.O,2019-02-08,ESG-GJR-GARCH(G),0.1652803326702423,1.0840312844280149,G,2019-01-16
KHC,KHC.O,2019-02-08,ESG-GJR-GARCH(S),0.1675824978962561,1.1144402222678056,S,2019-01-16
KHC,KHC.O,2019-02-08,GARCH,0.2258769964465534,2.0246197430046164,,2019-01-16
KHC,KHC.O,2019-02-08,GJR-GARCH,0.1870610446195108,1.3885648577040728,,2019-01-16
KHC,KHC.O,2019-02-11,EGARCH,0.2355104916525941,2.200999669779628,,2019-01-16
KHC,KHC.O,2019-02-11,ESG-EGARCH,0.2157831798347744,1.847713519825659,all,2019-01-16
KHC,KHC.O,2019-02-11,ESG-EGARCH(E),0.2334714989638578,2.163053207477407,E,2019-01-16
KHC,KHC.O,2019-02-11,ESG-EGARCH(G),0.1867193703783033,1.3834969553361112,G,2019-01-16
KHC,KHC.O,2019-02-11,ESG-EGARCH(S),0.1885930214659922,1.411401894669532,S,2019-01-16
KHC,KHC.O,2019-02-11,ESG-GARCH,0.2105391390419732,1.758997185259339,all,2019-01-16
KHC,KHC.O,2019-02-11,ESG-GARCH(E),0.2236686958321769,1.985225614891544,E,2019-01-16
KHC,KHC.O,2019-02-11,ESG-GARCH(G),0.189251146665739,1.4212697029482964,G,2019-01-16
KHC,KHC.O,2019-02-11,ESG-GARCH(S),0.1909483143173908,1.4468753468513134,S,2019-01-16
KHC,KHC.O,2019-02-11,ESG-GJR-GARCH,0.1784045547349954,1.263023220245713,all,2019-01-16
KHC,KHC.O,2019-02-11,ESG-GJR-GARCH(E),0.1883555530409827,1.407849776245018,E,2019-01-16
KHC,KHC.O,2019-02-11,ESG-GJR-GARCH(G),0.1652803326702423,1.0840312844280149,G,2019-01-16
KHC,KHC.O,2019-02-11,ESG-GJR-GARCH(S),0.1675824978962561,1.1144402222678056,S,2019-01-16
KHC,KHC.O,2019-02-11,GARCH,0.2258769964465534,2.0246197430046164,,2019-01-16
KHC,KHC.O,2019-02-11,GJR-GARCH,0.1870610446195108,1.3885648577040728,,2019-01-16
KHC,KHC.O,2019-02-12,EGARCH,0.2355104916525941,2.200999669779628,,2019-01-16
KHC,KHC.O,2019-02-12,ESG-EGARCH,0.2157831798347744,1.847713519825659,all,2019-01-16
KHC,KHC.O,2019-02-12,ESG-EGARCH(E),0.2334714989638578,2.163053207477407,E,2019-01-16
KHC,KHC.O,2019-02-12,ESG-EGARCH(G),0.1867193703783033,1.3834969553361112,G,2019-01-16
KHC,KHC.O,2019-02-12,ESG-EGARCH(S),0.1885930214659922,1.411401894669532,S,2019-01-16
KHC,KHC.O,2019-02-12,ESG-GARCH,0.2105391390419732,1.758997185259339,all,2019-01-16
KHC,KHC.O,2019-02-12,ESG-GARCH(E),0.2236686958321769,1.985225614891544,E,2019-01-16
KHC,KHC.O,2019-02-12,ESG-GARCH(G),0.189251146665739,1.4212697029482964,G,2019-01-16
KHC,KHC.O,2019-02-12,ESG-GARCH(S),0.1909483143173908,1.4468753468513134,S,2019-01-16
KHC,KHC.O,2019-02-12,ESG-GJR-GARCH,0.1784045547349954,1.263023220245713,all,2019-01-16
KHC,KHC.O,2019-02-12,ESG-GJR-GARCH(E),0.1883555530409827,1.407849776245018,E,2019-01-16
KHC,KHC.O,2019-02-12,ESG-GJR-GARCH(G),0.1652803326702423,1.0840312844280149,G,2019-01-16
KHC,KHC.O,2019-02-12,ESG-GJR-GARCH(S),0.1675824978962561,1.1144402222678056,S,2019-01-16
KHC,KHC.O,2019-02-12,GARCH,0.2258769964465534,2.0246197430046164,,2019-01-16
KHC,KHC.O,2019-02-12,GJR-GARCH,0.1870610446195108,1.3885648577040728,,2019-01-16
KHC,KHC.O,2019-02-13,EGARCH,0.2355104916525941,2.200999669779628,,2019-01-16
KHC,KHC.O,2019-02-13,ESG-EGARCH,0.2157831798347744,1.847713519825659,all,2019-01-16
KHC,KHC.O,2019-02-13,ESG-EGARCH(E),0.2334714989638578,2.163053207477407,E,2019-01-16
KHC,KHC.O,2019-02-13,ESG-EGARCH(G),0.1867193703783033,1.3834969553361112,G,2019-01-16
KHC,KHC.O,2019-02-13,ESG-EGARCH(S),0.1885930214659922,1.411401894669532,S,2019-01-16
KHC,KHC.O,2019-02-13,ESG-GARCH,0.2105391390419732,1.758997185259339,all,2019-01-16
KHC,KHC.O,2019-02-13,ESG-GARCH(E),0.2236686958321769,1.985225614891544,E,2019-01-16
KHC,KHC.O,2019-02-13,ESG-GARCH(G),0.189251146665739,1.4212697029482964,G,2019-01-16
KHC,KHC.O,2019-02-13,ESG-GARCH(S),0.1909483143173908,1.4468753468513134,S,2019-01-16
KHC,KHC.O,2019-02-13,ESG-GJR-GARCH,0.1784045547349954,1.263023220245713,all,2019-01-16
KHC,KHC.O,2019-02-13,ESG-GJR-GARCH(E),0.1883555530409827,1.407849776245018,E,2019-01-16
KHC,KHC.O,2019-02-13,ESG-GJR-GARCH(G),0.1652803326702423,1.0840312844280149,G,2019-01-16
KHC,KHC.O,2019-02-13,ESG-GJR-GARCH(S),0.1675824978962561,1.1144402222678056,S,2019-01-16
KHC,KHC.O,2019-02-13,GARCH,0.2258769964465534,2.0246197430046164,,2019-01-16
KHC,KHC.O,2019-02-13,GJR-GARCH,0.1870610446195108,1.3885648577040728,,2019-01-16
KHC,KHC.O,2019-02-14,EGARCH,0.2355104916525941,2.200999669779628,,2019-01-16
KHC,KHC.O,2019-02-14,ESG-EGARCH,0.2157831798347744,1.847713519825659,all,2019-01-16
KHC,KHC.O,2019-02-14,ESG-EGARCH(E),0.2334714989638578,2.163053207477407,E,2019-01-16
KHC,KHC.O,2019-02-14,ESG-EGARCH(G),0.1867193703783033,1.3834969553361112,G,2019-01-16
KHC,KHC.O,2019-02-14,ESG-EGARCH(S),0.1885930214659922,1.411401894669532,S,2019-01-16
KHC,KHC.O,2019-02-14,ESG-GARCH,0.2105391390419732,1.758997185259339,all,2019-01-16
KHC,KHC.O,2019-02-14,ESG-GARCH(E),0.2236686958321769,1.985225614891544,E,2019-01-16
KHC,KHC.O,2019-02-14,ESG-GARCH(G),0.189251146665739,1.4212697029482964,G,2019-01-16
KHC,KHC.O,2019-02-14,ESG-GARCH(S),0.1909483143173908,1.4468753468513134,S,2019-01-16
KHC,KHC.O,2019-02-14,ESG-GJR-GARCH,0.1784045547349954,1.263023220245713,all,2019-01-16
KHC,KHC.O,2019-02-14,ESG-GJR-GARCH(E),0.1883555530409827,1.407849776245018,E,2019-01-16
KHC,KHC.O,2019-02-14,ESG-GJR-GARCH(G),0.1652803326702423,1.0840312844280149,G,2019-01-16
KHC,KHC.O,2019-02-14,ESG-GJR-GARCH(S),0.1675824978962561,1.1144402222678056,S,2019-01-16
KHC,KHC.O,2019-02-14,GARCH,0.2258769964465534,2.0246197430046164,,2019-01-16
KHC,KHC.O,2019-02-14,GJR-GARCH,0.1870610446195108,1.3885648577040728,,2019-01-16
KHC,KHC.O,2019-02-15,EGARCH,0.2355104916525941,2.200999669779628,,2019-01-16
KHC,KHC.O,2019-02-15,ESG-EGARCH,0.2157831798347744,1.847713519825659,all,2019-01-16
KHC,KHC.O,2019-02-15,ESG-EGARCH(E),0.2334714989638578,2.163053207477407,E,2019-01-16
KHC,KHC.O,2019-02-15,ESG-EGARCH(G),0.1867193703783033,1.3834969553361112,G,2019-01-16
KHC,KHC.O,2019-02-15,ESG-EGARCH(S),0.1885930214659922,1.411401894669532,S,2019-01-16
KHC,KHC.O,2019-02-15,ESG-GARCH,0.2105391390419732,1.758997185259339,all,2019-01-16
KHC,KHC.O,2019-02-15,ESG-GARCH(E),0.2236686958321769,1.985225614891544,E,2019-01-16
KHC,KHC.O,2019-02-15,ESG-GARCH(G),0.189251146665739,1.4212697029482964,G,2019-01-16
KHC,KHC.O,2019-02-15,ESG-GARCH(S),0.1909483143173908,1.4468753468513134,S,2019-01-16
KHC,KHC.O,2019-02-15,ESG-GJR-GARCH,0.1784045547349954,1.263023220245713,all,2019-01-16
KHC,KHC.O,2019-02-15,ESG-GJR-GARCH(E),0.1883555530409827,1.407849776245018,E,2019-01-16
KHC,KHC.O,2019-02-15,ESG-GJR-GARCH(G),0.1652803326702423,1.0840312844280149,G,2019-01-16
KHC,KHC.O,2019-02-15,ESG-GJR-GARCH(S),0.1675824978962561,1.1144402222678056,S,2019-01-16
KHC,KHC.O,2019-02-15,GARCH,0.2258769964465534,2.0246197430046164,,2019-01-16
KHC,KHC.O,2019-02-15,GJR-GARCH,0.1870610446195108,1.3885648577040728,,2019-01-16
KHC,KHC.O,2019-02-20,EGARCH,0.2355104916525941,2.200999669779628,,2019-01-16
KHC,KHC.O,2019-02-20,ESG-EGARCH,0.2157831798347744,1.847713519825659,all,2019-01-16
KHC,KHC.O,2019-02-20,ESG-EGARCH(E),0.2334714989638578,2.163053207477407,E,2019-01-16
KHC,KHC.O,2019-02-20,ESG-EGARCH(G),0.1867193703783033,1.3834969553361112,G,2019-01-16
KHC,KHC.O,2019-02-20,ESG-EGARCH(S),0.1885930214659922,1.411401894669532,S,2019-01-16
KHC,KHC.O,2019-02-20,ESG-GARCH,0.2105391390419732,1.758997185259339,all,2019-01-16
KHC,KHC.O,2019-02-20,ESG-GARCH(E),0.2236686958321769,1.985225614891544,E,2019-01-16
KHC,KHC.O,2019-02-20,ESG-GARCH(G),0.189251146665739,1.4212697029482964,G,2019-01-16
KHC,KHC.O,2019-02-20,ESG-GARCH(S),0.1909483143173908,1.4468753468513134,S,2019-01-16
KHC,KHC.O,2019-02-20,ESG-GJR-GARCH,0.1784045547349954,1.263023220245713,all,2019-01-16
KHC,KHC.O,2019-02-20,ESG-GJR-GARCH(E),0.1883555530409827,1.407849776245018,E,2019-01-16
KHC,KHC.O,2019-02-20,ESG-GJR-GARCH(G),0.1652803326702423,1.0840312844280149,G,2019-01-16
KHC,KHC.O,2019-02-20,ESG-GJR-GARCH(S),0.1675824978962561,1.1144402222678056,S,2019-01-16
KHC,KHC.O,2019-02-20,GARCH,0.2258769964465534,2.0246197430046164,,2019-01-16
KHC,KHC.O,2019-02-20,GJR-GARCH,0.1870610446195108,1.3885648577040728,,2019-01-16
KHC,KHC.O,2019-02-21,EGARCH,0.202626015613314,1.6292580239415464,,2019-02-21
KHC,KHC.O,2019-02-21,ESG-EGARCH,0.1916019861408592,1.45679845607627,all,2019-02-21
KHC,KHC.O,2019-02-21,ESG-EGARCH(E),0.1960566470553583,1.5253257481979896,E,2019-02-21
KHC,KHC.O,2019-02-21,ESG-EGARCH(G),0.1783492050189817,1.2622396401151887,G,2019-02-21
KHC,KHC.O,2019-02-21,ESG-EGARCH(S),0.1779001813161986,1.2558918457276331,S,2019-02-21
KHC,KHC.O,2019-02-21,ESG-GARCH,0.1812255037835271,1.3032810802219532,all,2019-02-21
KHC,KHC.O,2019-02-21,ESG-GARCH(E),0.1843436402791686,1.3485149885466474,E,2019-02-21
KHC,KHC.O,2019-02-21,ESG-GARCH(G),0.1719696886574859,1.1735545165457395,G,2019-02-21
KHC,KHC.O,2019-02-21,ESG-GARCH(S),0.1719892960130958,1.1738221405984244,S,2019-02-21
KHC,KHC.O,2019-02-21,ESG-GJR-GARCH,0.1709026711156908,1.1590366267649994,all,2019-02-21
KHC,KHC.O,2019-02-21,ESG-GJR-GARCH(E),0.17361875045052,1.196169464603173,E,2019-02-21
KHC,KHC.O,2019-02-21,ESG-GJR-GARCH(G),0.1643646752987616,1.0720534319868,G,2019-02-21
KHC,KHC.O,2019-02-21,ESG-GJR-GARCH(S),0.1647902322286102,1.0776119300777496,S,2019-02-21
KHC,KHC.O,2019-02-21,GARCH,0.189600406066313,1.4265203960520152,,2019-02-21
KHC,KHC.O,2019-02-21,GJR-GARCH,0.1694828658728432,1.1398588025584189,,2019-02-21
KHC,KHC.O,2019-02-22,EGARCH,0.202626015613314,1.6292580239415464,,2019-02-21
KHC,KHC.O,2019-02-22,ESG-EGARCH,0.1916019861408592,1.45679845607627,all,2019-02-21
KHC,KHC.O,2019-02-22,ESG-EGARCH(E),0.1960566470553583,1.5253257481979896,E,2019-02-21
KHC,KHC.O,2019-02-22,ESG-EGARCH(G),0.1783492050189817,1.2622396401151887,G,2019-02-21
KHC,KHC.O,2019-02-22,ESG-EGARCH(S),0.1779001813161986,1.2558918457276331,S,2019-02-21
KHC,KHC.O,2019-02-22,ESG-GARCH,0.1812255037835271,1.3032810802219532,all,2019-02-21
KHC,KHC.O,2019-02-22,ESG-GARCH(E),0.1843436402791686,1.3485149885466474,E,2019-02-21
KHC,KHC.O,2019-02-22,ESG-GARCH(G),0.1719696886574859,1.1735545165457395,G,2019-02-21
KHC,KHC.O,2019-02-22,ESG-GARCH(S),0.1719892960130958,1.1738221405984244,S,2019-02-21
KHC,KHC.O,2019-02-22,ESG-GJR-GARCH,0.1709026711156908,1.1590366267649994,all,2019-02-21
KHC,KHC.O,2019-02-22,ESG-GJR-GARCH(E),0.17361875045052,1.196169464603173,E,2019-02-21
KHC,KHC.O,2019-02-22,ESG-GJR-GARCH(G),0.1643646752987616,1.0720534319868,G,2019-02-21
KHC,KHC.O,2019-02-22,ESG-GJR-GARCH(S),0.1647902322286102,1.0776119300777496,S,2019-02-21
KHC,KHC.O,2019-02-22,GARCH,0.189600406066313,1.4265203960520152,,2019-02-21
KHC,KHC.O,2019-02-22,GJR-GARCH,0.1694828658728432,1.1398588025584189,,2019-02-21
KHC,KHC.O,2019-02-25,EGARCH,0.202626015613314,1.6292580239415464,,2019-02-21
KHC,KHC.O,2019-02-25,ESG-EGARCH,0.1916019861408592,1.45679845607627,all,2019-02-21
KHC,KHC.O,2019-02-25,ESG-EGARCH(E),0.1960566470553583,1.5253257481979896,E,2019-02-21
KHC,KHC.O,2019-02-25,ESG-EGARCH(G),0.1783492050189817,1.2622396401151887,G,2019-02-21
KHC,KHC.O,2019-02-25,ESG-EGARCH(S),0.1779001813161986,1.2558918457276331,S,2019-02-21
KHC,KHC.O,2019-02-25,ESG-GARCH,0.1812255037835271,1.3032810802219532,all,2019-02-21
KHC,KHC.O,2019-02-25,ESG-GARCH(E),0.1843436402791686,1.3485149885466474,E,2019-02-21
KHC,KHC.O,2019-02-25,ESG-GARCH(G),0.1719696886574859,1.1735545165457395,G,2019-02-21
KHC,KHC.O,2019-02-25,ESG-GARCH(S),0.1719892960130958,1.1738221405984244,S,2019-02-21
KHC,KHC.O,2019-02-25,ESG-GJR-GARCH,0.1709026711156908,1.1590366267649994,all,2019-02-21
KHC,KHC.O,2019-02-25,ESG-GJR-GARCH(E),0.17361875045052,1.196169464603173,E,2019-02-21
KHC,KHC.O,2019-02-25,ESG-GJR-GARCH(G),0.1643646752987616,1.0720534319868,G,2019-02-21
KHC,KHC.O,2019-02-25,ESG-GJR-GARCH(S),0.1647902322286102,1.0776119300777496,S,2019-02-21
KHC,KHC.O,2019-02-25,GARCH,0.189600406066313,1.4265203960520152,,2019-02-21
KHC,KHC.O,2019-02-25,GJR-GARCH,0.1694828658728432,1.1398588025584189,,2019-02-21
KHC,KHC.O,2019-02-26,EGARCH,0.202626015613314,1.6292580239415464,,2019-02-21
KHC,KHC.O,2019-02-26,ESG-EGARCH,0.1916019861408592,1.45679845607627,all,2019-02-21
KHC,KHC.O,2019-02-26,ESG-EGARCH(E),0.1960566470553583,1.5253257481979896,E,2019-02-21
KHC,KHC.O,2019-02-26,ESG-EGARCH(G),0.1783492050189817,1.2622396401151887,G,2019-02-21
KHC,KHC.O,2019-02-26,ESG-EGARCH(S),0.1779001813161986,1.2558918457276331,S,2019-02-21
KHC,KHC.O,2019-02-26,ESG-GARCH,0.1812255037835271,1.3032810802219532,all,2019-02-21
KHC,KHC.O,2019-02-26,ESG-GARCH(E),0.1843436402791686,1.3485149885466474,E,2019-02-21
KHC,KHC.O,2019-02-26,ESG-GARCH(G),0.1719696886574859,1.1735545165457395,G,2019-02-21
KHC,KHC.O,2019-02-26,ESG-GARCH(S),0.1719892960130958,1.1738221405984244,S,2019-02-21
KHC,KHC.O,2019-02-26,ESG-GJR-GARCH,0.1709026711156908,1.1590366267649994,all,2019-02-21
KHC,KHC.O,2019-02-26,ESG-GJR-GARCH(E),0.17361875045052,1.196169464603173,E,2019-02-21
KHC,KHC.O,2019-02-26,ESG-GJR-GARCH(G),0.1643646752987616,1.0720534319868,G,2019-02-21
KHC,KHC.O,2019-02-26,ESG-GJR-GARCH(S),0.1647902322286102,1.0776119300777496,S,2019-02-21
KHC,KHC.O,2019-02-26,GARCH,0.189600406066313,1.4265203960520152,,2019-02-21
KHC,KHC.O,2019-02-26,GJR-GARCH,0.1694828658728432,1.1398588025584189,,2019-02-21
KHC,KHC.O,2019-02-27,EGARCH,0.202626015613314,1.6292580239415464,,2019-02-21
KHC,KHC.O,2019-02-27,ESG-EGARCH,0.1916019861408592,1.45679845607627,all,2019-02-21
KHC,KHC.O,2019-02-27,ESG-EGARCH(E),0.1960566470553583,1.5253257481979896,E,2019-02-21
KHC,KHC.O,2019-02-27,ESG-EGARCH(G),0.1783492050189817,1.2622396401151887,G,2019-02-21
KHC,KHC.O,2019-02-27,ESG-EGARCH(S),0.1779001813161986,1.2558918457276331,S,2019-02-21
KHC,KHC.O,2019-02-27,ESG-GARCH,0.1812255037835271,1.3032810802219532,all,2019-02-21
KHC,KHC.O,2019-02-27,ESG-GARCH(E),0.1843436402791686,1.3485149885466474,E,2019-02-21
KHC,KHC.O,2019-02-27,ESG-GARCH(G),0.1719696886574859,1.1735545165457395,G,2019-02-21
KHC,KHC.O,2019-02-27,ESG-GARCH(S),0.1719892960130958,1.1738221405984244,S,2019-02-21
KHC,KHC.O,2019-02-27,ESG-GJR-GARCH,0.1709026711156908,1.1590366267649994,all,2019-02-21
KHC,KHC.O,2019-02-27,ESG-GJR-GARCH(E),0.17361875045052,1.196169464603173,E,2019-02-21
KHC,KHC.O,2019-02-27,ESG-GJR-GARCH(G),0.1643646752987616,1.0720534319868,G,2019-02-21
KHC,KHC.O,2019-02-27,ESG-GJR-GARCH(S),0.1647902322286102,1.0776119300777496,S,2019-02-21
KHC,KHC.O,2019-02-27,GARCH,0.189600406066313,1.4265203960520152,,2019-02-21
KHC,KHC.O,2019-02-27,GJR-GARCH,0.1694828658728432,1.1398588025584189,,2019-02-21
KHC,KHC.O,2019-02-28,EGARCH,0.202626015613314,1.6292580239415464,,2019-02-21
KHC,KHC.O,2019-02-28,ESG-EGARCH,0.1916019861408592,1.45679845607627,all,2019-02-21
KHC,KHC.O,2019-02-28,ESG-EGARCH(E),0.1960566470553583,1.5253257481979896,E,2019-02-21
KHC,KHC.O,2019-02-28,ESG-EGARCH(G),0.1783492050189817,1.2622396401151887,G,2019-02-21
KHC,KHC.O,2019-02-28,ESG-EGARCH(S),0.1779001813161986,1.2558918457276331,S,2019-02-21
KHC,KHC.O,2019-02-28,ESG-GARCH,0.1812255037835271,1.3032810802219532,all,2019-02-21
KHC,KHC.O,2019-02-28,ESG-GARCH(E),0.1843436402791686,1.3485149885466474,E,2019-02-21
KHC,KHC.O,2019-02-28,ESG-GARCH(G),0.1719696886574859,1.1735545165457395,G,2019-02-21
KHC,KHC.O,2019-02-28,ESG-GARCH(S),0.1719892960130958,1.1738221405984244,S,2019-02-21
KHC,KHC.O,2019-02-28,ESG-GJR-GARCH,0.1709026711156908,1.1590366267649994,all,2019-02-21
KHC,KHC.O,2019-02-28,ESG-GJR-GARCH(E),0.17361875045052,1.196169464603173,E,2019-02-21
KHC,KHC.O,2019-02-28,ESG-GJR-GARCH(G),0.1643646752987616,1.0720534319868,G,2019-02-21
KHC,KHC.O,2019-02-28,ESG-GJR-GARCH(S),0.1647902322286102,1.0776119300777496,S,2019-02-21
KHC,KHC.O,2019-02-28,GARCH,0.189600406066313,1.4265203960520152,,2019-02-21
KHC,KHC.O,2019-02-28,GJR-GARCH,0.1694828658728432,1.1398588025584189,,2019-02-21
KHC,KHC.O,2019-03-01,EGARCH,0.202626015613314,1.6292580239415464,,2019-02-21
KHC,KHC.O,2019-03-01,ESG-EGARCH,0.1916019861408592,1.45679845607627,all,2019-02-21
KHC,KHC.O,2019-03-01,ESG-EGARCH(E),0.1960566470553583,1.5253257481979896,E,2019-02-21
KHC,KHC.O,2019-03-01,ESG-EGARCH(G),0.1783492050189817,1.2622396401151887,G,2019-02-21
KHC,KHC.O,2019-03-01,ESG-EGARCH(S),0.1779001813161986,1.2558918457276331,S,2019-02-21
KHC,KHC.O,2019-03-01,ESG-GARCH,0.1812255037835271,1.3032810802219532,all,2019-02-21
KHC,KHC.O,2019-03-01,ESG-GARCH(E),0.1843436402791686,1.3485149885466474,E,2019-02-21
KHC,KHC.O,2019-03-01,ESG-GARCH(G),0.1719696886574859,1.1735545165457395,G,2019-02-21
KHC,KHC.O,2019-03-01,ESG-GARCH(S),0.1719892960130958,1.1738221405984244,S,2019-02-21
KHC,KHC.O,2019-03-01,ESG-GJR-GARCH,0.1709026711156908,1.1590366267649994,all,2019-02-21
KHC,KHC.O,2019-03-01,ESG-GJR-GARCH(E),0.17361875045052,1.196169464603173,E,2019-02-21
KHC,KHC.O,2019-03-01,ESG-GJR-GARCH(G),0.1643646752987616,1.0720534319868,G,2019-02-21
KHC,KHC.O,2019-03-01,ESG-GJR-GARCH(S),0.1647902322286102,1.0776119300777496,S,2019-02-21
KHC,KHC.O,2019-03-01,GARCH,0.189600406066313,1.4265203960520152,,2019-02-21
KHC,KHC.O,2019-03-01,GJR-GARCH,0.1694828658728432,1.1398588025584189,,2019-02-21
KHC,KHC.O,2019-03-04,EGARCH,0.202626015613314,1.6292580239415464,,2019-02-21
KHC,KHC.O,2019-03-04,ESG-EGARCH,0.1916019861408592,1.45679845607627,all,2019-02-21
KHC,KHC.O,2019-03-04,ESG-EGARCH(E),0.1960566470553583,1.5253257481979896,E,2019-02-21
KHC,KHC.O,2019-03-04,ESG-EGARCH(G),0.1783492050189817,1.2622396401151887,G,2019-02-21
KHC,KHC.O,2019-03-04,ESG-EGARCH(S),0.1779001813161986,1.2558918457276331,S,2019-02-21
KHC,KHC.O,2019-03-04,ESG-GARCH,0.1812255037835271,1.3032810802219532,all,2019-02-21
KHC,KHC.O,2019-03-04,ESG-GARCH(E),0.1843436402791686,1.3485149885466474,E,2019-02-21
KHC,KHC.O,2019-03-04,ESG-GARCH(G),0.1719696886574859,1.1735545165457395,G,2019-02-21
KHC,KHC.O,2019-03-04,ESG-GARCH(S),0.1719892960130958,1.1738221405984244,S,2019-02-21
KHC,KHC.O,2019-03-04,ESG-GJR-GARCH,0.1709026711156908,1.1590366267649994,all,2019-02-21
KHC,KHC.O,2019-03-04,ESG-GJR-GARCH(E),0.17361875045052,1.196169464603173,E,2019-02-21
KHC,KHC.O,2019-03-04,ESG-GJR-GARCH(G),0.1643646752987616,1.0720534319868,G,2019-02-21
KHC,KHC.O,2019-03-04,ESG-GJR-GARCH(S),0.1647902322286102,1.0776119300777496,S,2019-02-21
KHC,KHC.O,2019-03-04,GARCH,0.189600406066313,1.4265203960520152,,2019-02-21
KHC,KHC.O,2019-03-04,GJR-GARCH,0.1694828658728432,1.1398588025584189,,2019-02-21
KHC,KHC.O,2019-03-05,EGARCH,0.202626015613314,1.6292580239415464,,2019-02-21
KHC,KHC.O,2019-03-05,ESG-EGARCH,0.1916019861408592,1.45679845607627,all,2019-02-21
KHC,KHC.O,2019-03-05,ESG-EGARCH(E),0.1960566470553583,1.5253257481979896,E,2019-02-21
KHC,KHC.O,2019-03-05,ESG-EGARCH(G),0.1783492050189817,1.2622396401151887,G,2019-02-21
KHC,KHC.O,2019-03-05,ESG-EGARCH(S),0.1779001813161986,1.2558918457276331,S,2019-02-21
KHC,KHC.O,2019-03-05,ESG-GARCH,0.1812255037835271,1.3032810802219532,all,2019-02-21
KHC,KHC.O,2019-03-05,ESG-GARCH(E),0.1843436402791686,1.3485149885466474,E,2019-02-21
KHC,KHC.O,2019-03-05,ESG-GARCH(G),0.1719696886574859,1.1735545165457395,G,2019-02-21
KHC,KHC.O,2019-03-05,ESG-GARCH(S),0.1719892960130958,1.1738221405984244,S,2019-02-21
KHC,KHC.O,2019-03-05,ESG-GJR-GARCH,0.1709026711156908,1.1590366267649994,all,2019-02-21
KHC,KHC.O,2019-03-05,ESG-GJR-GARCH(E),0.17361875045052,1.196169464603173,E,2019-02-21
KHC,KHC.O,2019-03-05,ESG-GJR-GARCH(G),0.1643646752987616,1.0720534319868,G,2019-02-21
KHC,KHC.O,2019-03-05,ESG-GJR-GARCH(S),0.1647902322286102,1.0776119300777496,S,2019-02-21
KHC,KHC.O,2019-03-05,GARCH,0.189600406066313,1.4265203960520152,,2019-02-21
KHC,KHC.O,2019-03-05,GJR-GARCH,0.1694828658728432,1.1398588025584189,,2019-02-21
KHC,KHC.O,2019-03-06,EGARCH,0.202626015613314,1.6292580239415464,,2019-02-21
KHC,KHC.O,2019-03-06,ESG-EGARCH,0.1916019861408592,1.45679845607627,all,2019-02-21
KHC,KHC.O,2019-03-06,ESG-EGARCH(E),0.1960566470553583,1.5253257481979896,E,2019-02-21
KHC,KHC.O,2019-03-06,ESG-EGARCH(G),0.1783492050189817,1.2622396401151887,G,2019-02-21
KHC,KHC.O,2019-03-06,ESG-EGARCH(S),0.1779001813161986,1.2558918457276331,S,2019-02-21
KHC,KHC.O,2019-03-06,ESG-GARCH,0.1812255037835271,1.3032810802219532,all,2019-02-21
KHC,KHC.O,2019-03-06,ESG-GARCH(E),0.1843436402791686,1.3485149885466474,E,2019-02-21
KHC,KHC.O,2019-03-06,ESG-GARCH(G),0.1719696886574859,1.1735545165457395,G,2019-02-21
KHC,KHC.O,2019-03-06,ESG-GARCH(S),0.1719892960130958,1.1738221405984244,S,2019-02-21
KHC,KHC.O,2019-03-06,ESG-GJR-GARCH,0.1709026711156908,1.1590366267649994,all,2019-02-21
KHC,KHC.O,2019-03-06,ESG-GJR-GARCH(E),0.17361875045052,1.196169464603173,E,2019-02-21
KHC,KHC.O,2019-03-06,ESG-GJR-GARCH(G),0.1643646752987616,1.0720534319868,G,2019-02-21
KHC,KHC.O,2019-03-06,ESG-GJR-GARCH(S),0.1647902322286102,1.0776119300777496,S,2019-02-21
KHC,KHC.O,2019-03-06,GARCH,0.189600406066313,1.4265203960520152,,2019-02-21
KHC,KHC.O,2019-03-06,GJR-GARCH,0.1694828658728432,1.1398588025584189,,2019-02-21
KHC,KHC.O,2019-03-07,EGARCH,0.202626015613314,1.6292580239415464,,2019-02-21
KHC,KHC.O,2019-03-07,ESG-EGARCH,0.1916019861408592,1.45679845607627,all,2019-02-21
KHC,KHC.O,2019-03-07,ESG-EGARCH(E),0.1960566470553583,1.5253257481979896,E,2019-02-21
KHC,KHC.O,2019-03-07,ESG-EGARCH(G),0.1783492050189817,1.2622396401151887,G,2019-02-21
KHC,KHC.O,2019-03-07,ESG-EGARCH(S),0.1779001813161986,1.2558918457276331,S,2019-02-21
KHC,KHC.O,2019-03-07,ESG-GARCH,0.1812255037835271,1.3032810802219532,all,2019-02-21
KHC,KHC.O,2019-03-07,ESG-GARCH(E),0.1843436402791686,1.3485149885466474,E,2019-02-21
KHC,KHC.O,2019-03-07,ESG-GARCH(G),0.1719696886574859,1.1735545165457395,G,2019-02-21
KHC,KHC.O,2019-03-07,ESG-GARCH(S),0.1719892960130958,1.1738221405984244,S,2019-02-21
KHC,KHC.O,2019-03-07,ESG-GJR-GARCH,0.1709026711156908,1.1590366267649994,all,2019-02-21
KHC,KHC.O,2019-03-07,ESG-GJR-GARCH(E),0.17361875045052,1.196169464603173,E,2019-02-21
KHC,KHC.O,2019-03-07,ESG-GJR-GARCH(G),0.1643646752987616,1.0720534319868,G,2019-02-21
KHC,KHC.O,2019-03-07,ESG-GJR-GARCH(S),0.1647902322286102,1.0776119300777496,S,2019-02-21
KHC,KHC.O,2019-03-07,GARCH,0.189600406066313,1.4265203960520152,,2019-02-21
KHC,KHC.O,2019-03-07,GJR-GARCH,0.1694828658728432,1.1398588025584189,,2019-02-21
KHC,KHC.O,2019-03-08,EGARCH,0.202626015613314,1.6292580239415464,,2019-02-21
KHC,KHC.O,2019-03-08,ESG-EGARCH,0.1916019861408592,1.45679845607627,all,2019-02-21
KHC,KHC.O,2019-03-08,ESG-EGARCH(E),0.1960566470553583,1.5253257481979896,E,2019-02-21
KHC,KHC.O,2019-03-08,ESG-EGARCH(G),0.1783492050189817,1.2622396401151887,G,2019-02-21
KHC,KHC.O,2019-03-08,ESG-EGARCH(S),0.1779001813161986,1.2558918457276331,S,2019-02-21
KHC,KHC.O,2019-03-08,ESG-GARCH,0.1812255037835271,1.3032810802219532,all,2019-02-21
KHC,KHC.O,2019-03-08,ESG-GARCH(E),0.1843436402791686,1.3485149885466474,E,2019-02-21
KHC,KHC.O,2019-03-08,ESG-GARCH(G),0.1719696886574859,1.1735545165457395,G,2019-02-21
KHC,KHC.O,2019-03-08,ESG-GARCH(S),0.1719892960130958,1.1738221405984244,S,2019-02-21
KHC,KHC.O,2019-03-08,ESG-GJR-GARCH,0.1709026711156908,1.1590366267649994,all,2019-02-21
KHC,KHC.O,2019-03-08,ESG-GJR-GARCH(E),0.17361875045052,1.196169464603173,E,2019-02-21
KHC,KHC.O,2019-03-08,ESG-GJR-GARCH(G),0.1643646752987616,1.0720534319868,G,2019-02-21
KHC,KHC.O,2019-03-08,ESG-GJR-GARCH(S),0.1647902322286102,1.0776119300777496,S,2019-02-21
KHC,KHC.O,2019-03-08,GARCH,0.189600406066313,1.4265203960520152,,2019-02-21
KHC,KHC.O,2019-03-08,GJR-GARCH,0.1694828658728432,1.1398588025584189,,2019-02-21
KHC,KHC.O,2019-03-11,EGARCH,0.202626015613314,1.6292580239415464,,2019-02-21
KHC,KHC.O,2019-03-11,ESG-EGARCH,0.1916019861408592,1.45679845607627,all,2019-02-21
KHC,KHC.O,2019-03-11,ESG-EGARCH(E),0.1960566470553583,1.5253257481979896,E,2019-02-21
KHC,KHC.O,2019-03-11,ESG-EGARCH(G),0.1783492050189817,1.2622396401151887,G,2019-02-21
KHC,KHC.O,2019-03-11,ESG-EGARCH(S),0.1779001813161986,1.2558918457276331,S,2019-02-21
KHC,KHC.O,2019-03-11,ESG-GARCH,0.1812255037835271,1.3032810802219532,all,2019-02-21
KHC,KHC.O,2019-03-11,ESG-GARCH(E),0.1843436402791686,1.3485149885466474,E,2019-02-21
KHC,KHC.O,2019-03-11,ESG-GARCH(G),0.1719696886574859,1.1735545165457395,G,2019-02-21
KHC,KHC.O,2019-03-11,ESG-GARCH(S),0.1719892960130958,1.1738221405984244,S,2019-02-21
KHC,KHC.O,2019-03-11,ESG-GJR-GARCH,0.1709026711156908,1.1590366267649994,all,2019-02-21
KHC,KHC.O,2019-03-11,ESG-GJR-GARCH(E),0.17361875045052,1.196169464603173,E,2019-02-21
KHC,KHC.O,2019-03-11,ESG-GJR-GARCH(G),0.1643646752987616,1.0720534319868,G,2019-02-21
KHC,KHC.O,2019-03-11,ESG-GJR-GARCH(S),0.1647902322286102,1.0776119300777496,S,2019-02-21
KHC,KHC.O,2019-03-11,GARCH,0.189600406066313,1.4265203960520152,,2019-02-21
KHC,KHC.O,2019-03-11,GJR-GARCH,0.1694828658728432,1.1398588025584189,,2019-02-21
KHC,KHC.O,2019-03-12,EGARCH,0.202626015613314,1.6292580239415464,,2019-02-21
KHC,KHC.O,2019-03-12,ESG-EGARCH,0.1916019861408592,1.45679845607627,all,2019-02-21
KHC,KHC.O,2019-03-12,ESG-EGARCH(E),0.1960566470553583,1.5253257481979896,E,2019-02-21
KHC,KHC.O,2019-03-12,ESG-EGARCH(G),0.1783492050189817,1.2622396401151887,G,2019-02-21
KHC,KHC.O,2019-03-12,ESG-EGARCH(S),0.1779001813161986,1.2558918457276331,S,2019-02-21
KHC,KHC.O,2019-03-12,ESG-GARCH,0.1812255037835271,1.3032810802219532,all,2019-02-21
KHC,KHC.O,2019-03-12,ESG-GARCH(E),0.1843436402791686,1.3485149885466474,E,2019-02-21
KHC,KHC.O,2019-03-12,ESG-GARCH(G),0.1719696886574859,1.1735545165457395,G,2019-02-21
KHC,KHC.O,2019-03-12,ESG-GARCH(S),0.1719892960130958,1.1738221405984244,S,2019-02-21
KHC,KHC.O,2019-03-12,ESG-GJR-GARCH,0.1709026711156908,1.1590366267649994,all,2019-02-21
KHC,KHC.O,2019-03-12,ESG-GJR-GARCH(E),0.17361875045052,1.196169464603173,E,2019-02-21
KHC,KHC.O,2019-03-12,ESG-GJR-GARCH(G),0.1643646752987616,1.0720534319868,G,2019-02-21
KHC,KHC.O,2019-03-12,ESG-GJR-GARCH(S),0.1647902322286102,1.0776119300777496,S,2019-02-21
KHC,KHC.O,2019-03-12,GARCH,0.189600406066313,1.4265203960520152,,2019-02-21
KHC,KHC.O,2019-03-12,GJR-GARCH,0.1694828658728432,1.1398588025584189,,2019-02-21
KHC,KHC.O,2019-03-13,EGARCH,0.202626015613314,1.6292580239415464,,2019-02-21
KHC,KHC.O,2019-03-13,ESG-EGARCH,0.1916019861408592,1.45679845607627,all,2019-02-21
KHC,KHC.O,2019-03-13,ESG-EGARCH(E),0.1960566470553583,1.5253257481979896,E,2019-02-21
KHC,KHC.O,2019-03-13,ESG-EGARCH(G),0.1783492050189817,1.2622396401151887,G,2019-02-21
KHC,KHC.O,2019-03-13,ESG-EGARCH(S),0.1779001813161986,1.2558918457276331,S,2019-02-21
KHC,KHC.O,2019-03-13,ESG-GARCH,0.1812255037835271,1.3032810802219532,all,2019-02-21
KHC,KHC.O,2019-03-13,ESG-GARCH(E),0.1843436402791686,1.3485149885466474,E,2019-02-21
KHC,KHC.O,2019-03-13,ESG-GARCH(G),0.1719696886574859,1.1735545165457395,G,2019-02-21
KHC,KHC.O,2019-03-13,ESG-GARCH(S),0.1719892960130958,1.1738221405984244,S,2019-02-21
KHC,KHC.O,2019-03-13,ESG-GJR-GARCH,0.1709026711156908,1.1590366267649994,all,2019-02-21
KHC,KHC.O,2019-03-13,ESG-GJR-GARCH(E),0.17361875045052,1.196169464603173,E,2019-02-21
KHC,KHC.O,2019-03-13,ESG-GJR-GARCH(G),0.1643646752987616,1.0720534319868,G,2019-02-21
KHC,KHC.O,2019-03-13,ESG-GJR-GARCH(S),0.1647902322286102,1.0776119300777496,S,2019-02-21
KHC,KHC.O,2019-03-13,GARCH,0.189600406066313,1.4265203960520152,,2019-02-21
KHC,KHC.O,2019-03-13,GJR-GARCH,0.1694828658728432,1.1398588025584189,,2019-02-21
KHC,KHC.O,2019-03-14,EGARCH,0.202626015613314,1.6292580239415464,,2019-02-21
KHC,KHC.O,2019-03-14,ESG-EGARCH,0.1916019861408592,1.45679845607627,all,2019-02-21
KHC,KHC.O,2019-03-14,ESG-EGARCH(E),0.1960566470553583,1.5253257481979896,E,2019-02-21
KHC,KHC.O,2019-03-14,ESG-EGARCH(G),0.1783492050189817,1.2622396401151887,G,2019-02-21
KHC,KHC.O,2019-03-14,ESG-EGARCH(S),0.1779001813161986,1.2558918457276331,S,2019-02-21
KHC,KHC.O,2019-03-14,ESG-GARCH,0.1812255037835271,1.3032810802219532,all,2019-02-21
KHC,KHC.O,2019-03-14,ESG-GARCH(E),0.1843436402791686,1.3485149885466474,E,2019-02-21
KHC,KHC.O,2019-03-14,ESG-GARCH(G),0.1719696886574859,1.1735545165457395,G,2019-02-21
KHC,KHC.O,2019-03-14,ESG-GARCH(S),0.1719892960130958,1.1738221405984244,S,2019-02-21
KHC,KHC.O,2019-03-14,ESG-GJR-GARCH,0.1709026711156908,1.1590366267649994,all,2019-02-21
KHC,KHC.O,2019-03-14,ESG-GJR-GARCH(E),0.17361875045052,1.196169464603173,E,2019-02-21
KHC,KHC.O,2019-03-14,ESG-GJR-GARCH(G),0.1643646752987616,1.0720534319868,G,2019-02-21
KHC,KHC.O,2019-03-14,ESG-GJR-GARCH(S),0.1647902322286102,1.0776119300777496,S,2019-02-21
KHC,KHC.O,2019-03-14,GARCH,0.189600406066313,1.4265203960520152,,2019-02-21
KHC,KHC.O,2019-03-14,GJR-GARCH,0.1694828658728432,1.1398588025584189,,2019-02-21
KHC,KHC.O,2019-03-15,EGARCH,0.202626015613314,1.6292580239415464,,2019-02-21
KHC,KHC.O,2019-03-15,ESG-EGARCH,0.1916019861408592,1.45679845607627,all,2019-02-21
KHC,KHC.O,2019-03-15,ESG-EGARCH(E),0.1960566470553583,1.5253257481979896,E,2019-02-21
KHC,KHC.O,2019-03-15,ESG-EGARCH(G),0.1783492050189817,1.2622396401151887,G,2019-02-21
KHC,KHC.O,2019-03-15,ESG-EGARCH(S),0.1779001813161986,1.2558918457276331,S,2019-02-21
KHC,KHC.O,2019-03-15,ESG-GARCH,0.1812255037835271,1.3032810802219532,all,2019-02-21
KHC,KHC.O,2019-03-15,ESG-GARCH(E),0.1843436402791686,1.3485149885466474,E,2019-02-21
KHC,KHC.O,2019-03-15,ESG-GARCH(G),0.1719696886574859,1.1735545165457395,G,2019-02-21
KHC,KHC.O,2019-03-15,ESG-GARCH(S),0.1719892960130958,1.1738221405984244,S,2019-02-21
KHC,KHC.O,2019-03-15,ESG-GJR-GARCH,0.1709026711156908,1.1590366267649994,all,2019-02-21
KHC,KHC.O,2019-03-15,ESG-GJR-GARCH(E),0.17361875045052,1.196169464603173,E,2019-02-21
KHC,KHC.O,2019-03-15,ESG-GJR-GARCH(G),0.1643646752987616,1.0720534319868,G,2019-02-21
KHC,KHC.O,2019-03-15,ESG-GJR-GARCH(S),0.1647902322286102,1.0776119300777496,S,2019-02-21
KHC,KHC.O,2019-03-15,GARCH,0.189600406066313,1.4265203960520152,,2019-02-21
KHC,KHC.O,2019-03-15,GJR-GARCH,0.1694828658728432,1.1398588025584189,,2019-02-21
KHC,KHC.O,2019-03-18,EGARCH,0.202626015613314,1.6292580239415464,,2019-02-21
KHC,KHC.O,2019-03-18,ESG-EGARCH,0.1916019861408592,1.45679845607627,all,2019-02-21
KHC,KHC.O,2019-03-18,ESG-EGARCH(E),0.1960566470553583,1.5253257481979896,E,2019-02-21
KHC,KHC.O,2019-03-18,ESG-EGARCH(G),0.1783492050189817,1.2622396401151887,G,2019-02-21
KHC,KHC.O,2019-03-18,ESG-EGARCH(S),0.1779001813161986,1.2558918457276331,S,2019-02-21
KHC,KHC.O,2019-03-18,ESG-GARCH,0.1812255037835271,1.3032810802219532,all,2019-02-21
KHC,KHC.O,2019-03-18,ESG-GARCH(E),0.1843436402791686,1.3485149885466474,E,2019-02-21
KHC,KHC.O,2019-03-18,ESG-GARCH(G),0.1719696886574859,1.1735545165457395,G,2019-02-21
KHC,KHC.O,2019-03-18,ESG-GARCH(S),0.1719892960130958,1.1738221405984244,S,2019-02-21
KHC,KHC.O,2019-03-18,ESG-GJR-GARCH,0.1709026711156908,1.1590366267649994,all,2019-02-21
KHC,KHC.O,2019-03-18,ESG-GJR-GARCH(E),0.17361875045052,1.196169464603173,E,2019-02-21
KHC,KHC.O,2019-03-18,ESG-GJR-GARCH(G),0.1643646752987616,1.0720534319868,G,2019-02-21
KHC,KHC.O,2019-03-18,ESG-GJR-GARCH(S),0.1647902322286102,1.0776119300777496,S,2019-02-21
KHC,KHC.O,2019-03-18,GARCH,0.189600406066313,1.4265203960520152,,2019-02-21
KHC,KHC.O,2019-03-18,GJR-GARCH,0.1694828658728432,1.1398588025584189,,2019-02-21
KHC,KHC.O,2019-03-19,EGARCH,0.202626015613314,1.6292580239415464,,2019-02-21
KHC,KHC.O,2019-03-19,ESG-EGARCH,0.1916019861408592,1.45679845607627,all,2019-02-21
KHC,KHC.O,2019-03-19,ESG-EGARCH(E),0.1960566470553583,1.5253257481979896,E,2019-02-21
KHC,KHC.O,2019-03-19,ESG-EGARCH(G),0.1783492050189817,1.2622396401151887,G,2019-02-21
KHC,KHC.O,2019-03-19,ESG-EGARCH(S),0.1779001813161986,1.2558918457276331,S,2019-02-21
KHC,KHC.O,2019-03-19,ESG-GARCH,0.1812255037835271,1.3032810802219532,all,2019-02-21
KHC,KHC.O,2019-03-19,ESG-GARCH(E),0.1843436402791686,1.3485149885466474,E,2019-02-21
KHC,KHC.O,2019-03-19,ESG-GARCH(G),0.1719696886574859,1.1735545165457395,G,2019-02-21
KHC,KHC.O,2019-03-19,ESG-GARCH(S),0.1719892960130958,1.1738221405984244,S,2019-02-21
KHC,KHC.O,2019-03-19,ESG-GJR-GARCH,0.1709026711156908,1.1590366267649994,all,2019-02-21
KHC,KHC.O,2019-03-19,ESG-GJR-GARCH(E),0.17361875045052,1.196169464603173,E,2019-02-21
KHC,KHC.O,2019-03-19,ESG-GJR-GARCH(G),0.1643646752987616,1.0720534319868,G,2019-02-21
KHC,KHC.O,2019-03-19,ESG-GJR-GARCH(S),0.1647902322286102,1.0776119300777496,S,2019-02-21
KHC,KHC.O,2019-03-19,GARCH,0.189600406066313,1.4265203960520152,,2019-02-21
KHC,KHC.O,2019-03-19,GJR-GARCH,0.1694828658728432,1.1398588025584189,,2019-02-21
KHC,KHC.O,2019-03-20,EGARCH,0.202626015613314,1.6292580239415464,,2019-02-21
KHC,KHC.O,2019-03-20,ESG-EGARCH,0.1916019861408592,1.45679845607627,all,2019-02-21
KHC,KHC.O,2019-03-20,ESG-EGARCH(E),0.1960566470553583,1.5253257481979896,E,2019-02-21
KHC,KHC.O,2019-03-20,ESG-EGARCH(G),0.1783492050189817,1.2622396401151887,G,2019-02-21
KHC,KHC.O,2019-03-20,ESG-EGARCH(S),0.1779001813161986,1.2558918457276331,S,2019-02-21
KHC,KHC.O,2019-03-20,ESG-GARCH,0.1812255037835271,1.3032810802219532,all,2019-02-21
KHC,KHC.O,2019-03-20,ESG-GARCH(E),0.1843436402791686,1.3485149885466474,E,2019-02-21
KHC,KHC.O,2019-03-20,ESG-GARCH(G),0.1719696886574859,1.1735545165457395,G,2019-02-21
KHC,KHC.O,2019-03-20,ESG-GARCH(S),0.1719892960130958,1.1738221405984244,S,2019-02-21
KHC,KHC.O,2019-03-20,ESG-GJR-GARCH,0.1709026711156908,1.1590366267649994,all,2019-02-21
KHC,KHC.O,2019-03-20,ESG-GJR-GARCH(E),0.17361875045052,1.196169464603173,E,2019-02-21
KHC,KHC.O,2019-03-20,ESG-GJR-GARCH(G),0.1643646752987616,1.0720534319868,G,2019-02-21
KHC,KHC.O,2019-03-20,ESG-GJR-GARCH(S),0.1647902322286102,1.0776119300777496,S,2019-02-21
KHC,KHC.O,2019-03-20,GARCH,0.189600406066313,1.4265203960520152,,2019-02-21
KHC,KHC.O,2019-03-20,GJR-GARCH,0.1694828658728432,1.1398588025584189,,2019-02-21
KHC,KHC.O,2019-03-21,EGARCH,0.202626015613314,1.6292580239415464,,2019-02-21
KHC,KHC.O,2019-03-21,ESG-EGARCH,0.1916019861408592,1.45679845607627,all,2019-02-21
KHC,KHC.O,2019-03-21,ESG-EGARCH(E),0.1960566470553583,1.5253257481979896,E,2019-02-21
KHC,KHC.O,2019-03-21,ESG-EGARCH(G),0.1783492050189817,1.2622396401151887,G,2019-02-21
KHC,KHC.O,2019-03-21,ESG-EGARCH(S),0.1779001813161986,1.2558918457276331,S,2019-02-21
KHC,KHC.O,2019-03-21,ESG-GARCH,0.1812255037835271,1.3032810802219532,all,2019-02-21
KHC,KHC.O,2019-03-21,ESG-GARCH(E),0.1843436402791686,1.3485149885466474,E,2019-02-21
KHC,KHC.O,2019-03-21,ESG-GARCH(G),0.1719696886574859,1.1735545165457395,G,2019-02-21
KHC,KHC.O,2019-03-21,ESG-GARCH(S),0.1719892960130958,1.1738221405984244,S,2019-02-21
KHC,KHC.O,2019-03-21,ESG-GJR-GARCH,0.1709026711156908,1.1590366267649994,all,2019-02-21
KHC,KHC.O,2019-03-21,ESG-GJR-GARCH(E),0.17361875045052,1.196169464603173,E,2019-02-21
KHC,KHC.O,2019-03-21,ESG-GJR-GARCH(G),0.1643646752987616,1.0720534319868,G,2019-02-21
KHC,KHC.O,2019-03-21,ESG-GJR-GARCH(S),0.1647902322286102,1.0776119300777496,S,2019-02-21
KHC,KHC.O,2019-03-21,GARCH,0.189600406066313,1.4265203960520152,,2019-02-21
KHC,KHC.O,2019-03-21,GJR-GARCH,0.1694828658728432,1.1398588025584189,,2019-02-21
KHC,KHC.O,2019-03-22,EGARCH,0.202626015613314,1.6292580239415464,,2019-02-21
KHC,KHC.O,2019-03-22,ESG-EGARCH,0.1916019861408592,1.45679845607627,all,2019-02-21
KHC,KHC.O,2019-03-22,ESG-EGARCH(E),0.1960566470553583,1.5253257481979896,E,2019-02-21
KHC,KHC.O,2019-03-22,ESG-EGARCH(G),0.1783492050189817,1.2622396401151887,G,2019-02-21
KHC,KHC.O,2019-03-22,ESG-EGARCH(S),0.1779001813161986,1.2558918457276331,S,2019-02-21
KHC,KHC.O,2019-03-22,ESG-GARCH,0.1812255037835271,1.3032810802219532,all,2019-02-21
KHC,KHC.O,2019-03-22,ESG-GARCH(E),0.1843436402791686,1.3485149885466474,E,2019-02-21
KHC,KHC.O,2019-03-22,ESG-GARCH(G),0.1719696886574859,1.1735545165457395,G,2019-02-21
KHC,KHC.O,2019-03-22,ESG-GARCH(S),0.1719892960130958,1.1738221405984244,S,2019-02-21
KHC,KHC.O,2019-03-22,ESG-GJR-GARCH,0.1709026711156908,1.1590366267649994,all,2019-02-21
KHC,KHC.O,2019-03-22,ESG-GJR-GARCH(E),0.17361875045052,1.196169464603173,E,2019-02-21
KHC,KHC.O,2019-03-22,ESG-GJR-GARCH(G),0.1643646752987616,1.0720534319868,G,2019-02-21
KHC,KHC.O,2019-03-22,ESG-GJR-GARCH(S),0.1647902322286102,1.0776119300777496,S,2019-02-21
KHC,KHC.O,2019-03-22,GARCH,0.189600406066313,1.4265203960520152,,2019-02-21
KHC,KHC.O,2019-03-22,GJR-GARCH,0.1694828658728432,1.1398588025584189,,2019-02-21
KHC,KHC.O,2019-03-25,EGARCH,0.4228391143119423,7.094957007623328,,2019-03-25
KHC,KHC.O,2019-03-25,ESG-EGARCH,0.4242528269558495,7.14247861825516,all,2019-03-25
KHC,KHC.O,2019-03-25,ESG-EGARCH(E),0.4252384759690559,7.175704819225608,E,2019-03-25
KHC,KHC.O,2019-03-25,ESG-EGARCH(G),0.4236652764063208,7.122708985414454,G,2019-03-25
KHC,KHC.O,2019-03-25,ESG-EGARCH(S),0.4234063421921672,7.1140051828789925,S,2019-03-25
KHC,KHC.O,2019-03-25,ESG-GARCH,0.2871625596541931,3.272314907426508,all,2019-03-25
KHC,KHC.O,2019-03-25,ESG-GARCH(E),0.2877228033169778,3.285095696372234,E,2019-03-25
KHC,KHC.O,2019-03-25,ESG-GARCH(G),0.2825884992535044,3.1688992027915823,G,2019-03-25
KHC,KHC.O,2019-03-25,ESG-GARCH(S),0.2813214879805347,3.140546809507226,S,2019-03-25
KHC,KHC.O,2019-03-25,ESG-GJR-GARCH,0.2835733771796195,3.1910262002005854,all,2019-03-25
KHC,KHC.O,2019-03-25,ESG-GJR-GARCH(E),0.2841514378200278,3.204049191078932,E,2019-03-25
KHC,KHC.O,2019-03-25,ESG-GJR-GARCH(G),0.2785873849108626,3.0797988504552825,G,2019-03-25
KHC,KHC.O,2019-03-25,ESG-GJR-GARCH(S),0.2772561915652734,3.050436339733318,S,2019-03-25
KHC,KHC.O,2019-03-25,GARCH,0.2759412262146283,3.021569854160027,,2019-03-25
KHC,KHC.O,2019-03-25,GJR-GARCH,0.2780326288364459,3.067545345147021,,2019-03-25
KHC,KHC.O,2019-03-26,EGARCH,0.4228391143119423,7.094957007623328,,2019-03-25
KHC,KHC.O,2019-03-26,ESG-EGARCH,0.4242528269558495,7.14247861825516,all,2019-03-25
KHC,KHC.O,2019-03-26,ESG-EGARCH(E),0.4252384759690559,7.175704819225608,E,2019-03-25
KHC,KHC.O,2019-03-26,ESG-EGARCH(G),0.4236652764063208,7.122708985414454,G,2019-03-25
KHC,KHC.O,2019-03-26,ESG-EGARCH(S),0.4234063421921672,7.1140051828789925,S,2019-03-25
KHC,KHC.O,2019-03-26,ESG-GARCH,0.2871625596541931,3.272314907426508,all,2019-03-25
KHC,KHC.O,2019-03-26,ESG-GARCH(E),0.2877228033169778,3.285095696372234,E,2019-03-25
KHC,KHC.O,2019-03-26,ESG-GARCH(G),0.2825884992535044,3.1688992027915823,G,2019-03-25
KHC,KHC.O,2019-03-26,ESG-GARCH(S),0.2813214879805347,3.140546809507226,S,2019-03-25
KHC,KHC.O,2019-03-26,ESG-GJR-GARCH,0.2835733771796195,3.1910262002005854,all,2019-03-25
KHC,KHC.O,2019-03-26,ESG-GJR-GARCH(E),0.2841514378200278,3.204049191078932,E,2019-03-25
KHC,KHC.O,2019-03-26,ESG-GJR-GARCH(G),0.2785873849108626,3.0797988504552825,G,2019-03-25
KHC,KHC.O,2019-03-26,ESG-GJR-GARCH(S),0.2772561915652734,3.050436339733318,S,2019-03-25
KHC,KHC.O,2019-03-26,GARCH,0.2759412262146283,3.021569854160027,,2019-03-25
KHC,KHC.O,2019-03-26,GJR-GARCH,0.2780326288364459,3.067545345147021,,2019-03-25
KHC,KHC.O,2019-03-27,EGARCH,0.4228391143119423,7.094957007623328,,2019-03-25
KHC,KHC.O,2019-03-27,ESG-EGARCH,0.4242528269558495,7.14247861825516,all,2019-03-25
KHC,KHC.O,2019-03-27,ESG-EGARCH(E),0.4252384759690559,7.175704819225608,E,2019-03-25
KHC,KHC.O,2019-03-27,ESG-EGARCH(G),0.4236652764063208,7.122708985414454,G,2019-03-25
KHC,KHC.O,2019-03-27,ESG-EGARCH(S),0.4234063421921672,7.1140051828789925,S,2019-03-25
KHC,KHC.O,2019-03-27,ESG-GARCH,0.2871625596541931,3.272314907426508,all,2019-03-25
KHC,KHC.O,2019-03-27,ESG-GARCH(E),0.2877228033169778,3.285095696372234,E,2019-03-25
KHC,KHC.O,2019-03-27,ESG-GARCH(G),0.2825884992535044,3.1688992027915823,G,2019-03-25
KHC,KHC.O,2019-03-27,ESG-GARCH(S),0.2813214879805347,3.140546809507226,S,2019-03-25
KHC,KHC.O,2019-03-27,ESG-GJR-GARCH,0.2835733771796195,3.1910262002005854,all,2019-03-25
KHC,KHC.O,2019-03-27,ESG-GJR-GARCH(E),0.2841514378200278,3.204049191078932,E,2019-03-25
KHC,KHC.O,2019-03-27,ESG-GJR-GARCH(G),0.2785873849108626,3.0797988504552825,G,2019-03-25
KHC,KHC.O,2019-03-27,ESG-GJR-GARCH(S),0.2772561915652734,3.050436339733318,S,2019-03-25
KHC,KHC.O,2019-03-27,GARCH,0.2759412262146283,3.021569854160027,,2019-03-25
KHC,KHC.O,2019-03-27,GJR-GARCH,0.2780326288364459,3.067545345147021,,2019-03-25
KHC,KHC.O,2019-03-28,EGARCH,0.4228391143119423,7.094957007623328,,2019-03-25
KHC,KHC.O,2019-03-28,ESG-EGARCH,0.4242528269558495,7.14247861825516,all,2019-03-25
KHC,KHC.O,2019-03-28,ESG-EGARCH(E),0.4252384759690559,7.175704819225608,E,2019-03-25
KHC,KHC.O,2019-03-28,ESG-EGARCH(G),0.4236652764063208,7.122708985414454,G,2019-03-25
KHC,KHC.O,2019-03-28,ESG-EGARCH(S),0.4234063421921672,7.1140051828789925,S,2019-03-25
KHC,KHC.O,2019-03-28,ESG-GARCH,0.2871625596541931,3.272314907426508,all,2019-03-25
KHC,KHC.O,2019-03-28,ESG-GARCH(E),0.2877228033169778,3.285095696372234,E,2019-03-25
KHC,KHC.O,2019-03-28,ESG-GARCH(G),0.2825884992535044,3.1688992027915823,G,2019-03-25
KHC,KHC.O,2019-03-28,ESG-GARCH(S),0.2813214879805347,3.140546809507226,S,2019-03-25
KHC,KHC.O,2019-03-28,ESG-GJR-GARCH,0.2835733771796195,3.1910262002005854,all,2019-03-25
KHC,KHC.O,2019-03-28,ESG-GJR-GARCH(E),0.2841514378200278,3.204049191078932,E,2019-03-25
KHC,KHC.O,2019-03-28,ESG-GJR-GARCH(G),0.2785873849108626,3.0797988504552825,G,2019-03-25
KHC,KHC.O,2019-03-28,ESG-GJR-GARCH(S),0.2772561915652734,3.050436339733318,S,2019-03-25
KHC,KHC.O,2019-03-28,GARCH,0.2759412262146283,3.021569854160027,,2019-03-25
KHC,KHC.O,2019-03-28,GJR-GARCH,0.2780326288364459,3.067545345147021,,2019-03-25
KHC,KHC.O,2019-03-29,EGARCH,0.4228391143119423,7.094957007623328,,2019-03-25
KHC,KHC.O,2019-03-29,ESG-EGARCH,0.4242528269558495,7.14247861825516,all,2019-03-25
KHC,KHC.O,2019-03-29,ESG-EGARCH(E),0.4252384759690559,7.175704819225608,E,2019-03-25
KHC,KHC.O,2019-03-29,ESG-EGARCH(G),0.4236652764063208,7.122708985414454,G,2019-03-25
KHC,KHC.O,2019-03-29,ESG-EGARCH(S),0.4234063421921672,7.1140051828789925,S,2019-03-25
KHC,KHC.O,2019-03-29,ESG-GARCH,0.2871625596541931,3.272314907426508,all,2019-03-25
KHC,KHC.O,2019-03-29,ESG-GARCH(E),0.2877228033169778,3.285095696372234,E,2019-03-25
KHC,KHC.O,2019-03-29,ESG-GARCH(G),0.2825884992535044,3.1688992027915823,G,2019-03-25
KHC,KHC.O,2019-03-29,ESG-GARCH(S),0.2813214879805347,3.140546809507226,S,2019-03-25
KHC,KHC.O,2019-03-29,ESG-GJR-GARCH,0.2835733771796195,3.1910262002005854,all,2019-03-25
KHC,KHC.O,2019-03-29,ESG-GJR-GARCH(E),0.2841514378200278,3.204049191078932,E,2019-03-25
KHC,KHC.O,2019-03-29,ESG-GJR-GARCH(G),0.2785873849108626,3.0797988504552825,G,2019-03-25
KHC,KHC.O,2019-03-29,ESG-GJR-GARCH(S),0.2772561915652734,3.050436339733318,S,2019-03-25
KHC,KHC.O,2019-03-29,GARCH,0.2759412262146283,3.021569854160027,,2019-03-25
KHC,KHC.O,2019-03-29,GJR-GARCH,0.2780326288364459,3.067545345147021,,2019-03-25
KHC,KHC.O,2019-04-01,EGARCH,0.4228391143119423,7.094957007623328,,2019-03-25
KHC,KHC.O,2019-04-01,ESG-EGARCH,0.4242528269558495,7.14247861825516,all,2019-03-25
KHC,KHC.O,2019-04-01,ESG-EGARCH(E),0.4252384759690559,7.175704819225608,E,2019-03-25
KHC,KHC.O,2019-04-01,ESG-EGARCH(G),0.4236652764063208,7.122708985414454,G,2019-03-25
KHC,KHC.O,2019-04-01,ESG-EGARCH(S),0.4234063421921672,7.1140051828789925,S,2019-03-25
KHC,KHC.O,2019-04-01,ESG-GARCH,0.2871625596541931,3.272314907426508,all,2019-03-25
KHC,KHC.O,2019-04-01,ESG-GARCH(E),0.2877228033169778,3.285095696372234,E,2019-03-25
KHC,KHC.O,2019-04-01,ESG-GARCH(G),0.2825884992535044,3.1688992027915823,G,2019-03-25
KHC,KHC.O,2019-04-01,ESG-GARCH(S),0.2813214879805347,3.140546809507226,S,2019-03-25
KHC,KHC.O,2019-04-01,ESG-GJR-GARCH,0.2835733771796195,3.1910262002005854,all,2019-03-25
KHC,KHC.O,2019-04-01,ESG-GJR-GARCH(E),0.2841514378200278,3.204049191078932,E,2019-03-25
KHC,KHC.O,2019-04-01,ESG-GJR-GARCH(G),0.2785873849108626,3.0797988504552825,G,2019-03-25
KHC,KHC.O,2019-04-01,ESG-GJR-GARCH(S),0.2772561915652734,3.050436339733318,S,2019-03-25
KHC,KHC.O,2019-04-01,GARCH,0.2759412262146283,3.021569854160027,,2019-03-25
KHC,KHC.O,2019-04-01,GJR-GARCH,0.2780326288364459,3.067545345147021,,2019-03-25
KHC,KHC.O,2019-04-02,EGARCH,0.4228391143119423,7.094957007623328,,2019-03-25
KHC,KHC.O,2019-04-02,ESG-EGARCH,0.4242528269558495,7.14247861825516,all,2019-03-25
KHC,KHC.O,2019-04-02,ESG-EGARCH(E),0.4252384759690559,7.175704819225608,E,2019-03-25
KHC,KHC.O,2019-04-02,ESG-EGARCH(G),0.4236652764063208,7.122708985414454,G,2019-03-25
KHC,KHC.O,2019-04-02,ESG-EGARCH(S),0.4234063421921672,7.1140051828789925,S,2019-03-25
KHC,KHC.O,2019-04-02,ESG-GARCH,0.2871625596541931,3.272314907426508,all,2019-03-25
KHC,KHC.O,2019-04-02,ESG-GARCH(E),0.2877228033169778,3.285095696372234,E,2019-03-25
KHC,KHC.O,2019-04-02,ESG-GARCH(G),0.2825884992535044,3.1688992027915823,G,2019-03-25
KHC,KHC.O,2019-04-02,ESG-GARCH(S),0.2813214879805347,3.140546809507226,S,2019-03-25
KHC,KHC.O,2019-04-02,ESG-GJR-GARCH,0.2835733771796195,3.1910262002005854,all,2019-03-25
KHC,KHC.O,2019-04-02,ESG-GJR-GARCH(E),0.2841514378200278,3.204049191078932,E,2019-03-25
KHC,KHC.O,2019-04-02,ESG-GJR-GARCH(G),0.2785873849108626,3.0797988504552825,G,2019-03-25
KHC,KHC.O,2019-04-02,ESG-GJR-GARCH(S),0.2772561915652734,3.050436339733318,S,2019-03-25
KHC,KHC.O,2019-04-02,GARCH,0.2759412262146283,3.021569854160027,,2019-03-25
KHC,KHC.O,2019-04-02,GJR-GARCH,0.2780326288364459,3.067545345147021,,2019-03-25
KHC,KHC.O,2019-04-03,EGARCH,0.4228391143119423,7.094957007623328,,2019-03-25
KHC,KHC.O,2019-04-03,ESG-EGARCH,0.4242528269558495,7.14247861825516,all,2019-03-25
KHC,KHC.O,2019-04-03,ESG-EGARCH(E),0.4252384759690559,7.175704819225608,E,2019-03-25
KHC,KHC.O,2019-04-03,ESG-EGARCH(G),0.4236652764063208,7.122708985414454,G,2019-03-25
KHC,KHC.O,2019-04-03,ESG-EGARCH(S),0.4234063421921672,7.1140051828789925,S,2019-03-25
KHC,KHC.O,2019-04-03,ESG-GARCH,0.2871625596541931,3.272314907426508,all,2019-03-25
KHC,KHC.O,2019-04-03,ESG-GARCH(E),0.2877228033169778,3.285095696372234,E,2019-03-25
KHC,KHC.O,2019-04-03,ESG-GARCH(G),0.2825884992535044,3.1688992027915823,G,2019-03-25
KHC,KHC.O,2019-04-03,ESG-GARCH(S),0.2813214879805347,3.140546809507226,S,2019-03-25
KHC,KHC.O,2019-04-03,ESG-GJR-GARCH,0.2835733771796195,3.1910262002005854,all,2019-03-25
KHC,KHC.O,2019-04-03,ESG-GJR-GARCH(E),0.2841514378200278,3.204049191078932,E,2019-03-25
KHC,KHC.O,2019-04-03,ESG-GJR-GARCH(G),0.2785873849108626,3.0797988504552825,G,2019-03-25
KHC,KHC.O,2019-04-03,ESG-GJR-GARCH(S),0.2772561915652734,3.050436339733318,S,2019-03-25
KHC,KHC.O,2019-04-03,GARCH,0.2759412262146283,3.021569854160027,,2019-03-25
KHC,KHC.O,2019-04-03,GJR-GARCH,0.2780326288364459,3.067545345147021,,2019-03-25
KHC,KHC.O,2019-04-04,EGARCH,0.4228391143119423,7.094957007623328,,2019-03-25
KHC,KHC.O,2019-04-04,ESG-EGARCH,0.4242528269558495,7.14247861825516,all,2019-03-25
KHC,KHC.O,2019-04-04,ESG-EGARCH(E),0.4252384759690559,7.175704819225608,E,2019-03-25
KHC,KHC.O,2019-04-04,ESG-EGARCH(G),0.4236652764063208,7.122708985414454,G,2019-03-25
KHC,KHC.O,2019-04-04,ESG-EGARCH(S),0.4234063421921672,7.1140051828789925,S,2019-03-25
KHC,KHC.O,2019-04-04,ESG-GARCH,0.2871625596541931,3.272314907426508,all,2019-03-25
KHC,KHC.O,2019-04-04,ESG-GARCH(E),0.2877228033169778,3.285095696372234,E,2019-03-25
KHC,KHC.O,2019-04-04,ESG-GARCH(G),0.2825884992535044,3.1688992027915823,G,2019-03-25
KHC,KHC.O,2019-04-04,ESG-GARCH(S),0.2813214879805347,3.140546809507226,S,2019-03-25
KHC,KHC.O,2019-04-04,ESG-GJR-GARCH,0.2835733771796195,3.1910262002005854,all,2019-03-25
KHC,KHC.O,2019-04-04,ESG-GJR-GARCH(E),0.2841514378200278,3.204049191078932,E,2019-03-25
KHC,KHC.O,2019-04-04,ESG-GJR-GARCH(G),0.2785873849108626,3.0797988504552825,G,2019-03-25
KHC,KHC.O,2019-04-04,ESG-GJR-GARCH(S),0.2772561915652734,3.050436339733318,S,2019-03-25
KHC,KHC.O,2019-04-04,GARCH,0.2759412262146283,3.021569854160027,,2019-03-25
KHC,KHC.O,2019-04-04,GJR-GARCH,0.2780326288364459,3.067545345147021,,2019-03-25
KHC,KHC.O,2019-04-05,EGARCH,0.4228391143119423,7.094957007623328,,2019-03-25
KHC,KHC.O,2019-04-05,ESG-EGARCH,0.4242528269558495,7.14247861825516,all,2019-03-25
KHC,KHC.O,2019-04-05,ESG-EGARCH(E),0.4252384759690559,7.175704819225608,E,2019-03-25
KHC,KHC.O,2019-04-05,ESG-EGARCH(G),0.4236652764063208,7.122708985414454,G,2019-03-25
KHC,KHC.O,2019-04-05,ESG-EGARCH(S),0.4234063421921672,7.1140051828789925,S,2019-03-25
KHC,KHC.O,2019-04-05,ESG-GARCH,0.2871625596541931,3.272314907426508,all,2019-03-25
KHC,KHC.O,2019-04-05,ESG-GARCH(E),0.2877228033169778,3.285095696372234,E,2019-03-25
KHC,KHC.O,2019-04-05,ESG-GARCH(G),0.2825884992535044,3.1688992027915823,G,2019-03-25
KHC,KHC.O,2019-04-05,ESG-GARCH(S),0.2813214879805347,3.140546809507226,S,2019-03-25
KHC,KHC.O,2019-04-05,ESG-GJR-GARCH,0.2835733771796195,3.1910262002005854,all,2019-03-25
KHC,KHC.O,2019-04-05,ESG-GJR-GARCH(E),0.2841514378200278,3.204049191078932,E,2019-03-25
KHC,KHC.O,2019-04-05,ESG-GJR-GARCH(G),0.2785873849108626,3.0797988504552825,G,2019-03-25
KHC,KHC.O,2019-04-05,ESG-GJR-GARCH(S),0.2772561915652734,3.050436339733318,S,2019-03-25
KHC,KHC.O,2019-04-05,GARCH,0.2759412262146283,3.021569854160027,,2019-03-25
KHC,KHC.O,2019-04-05,GJR-GARCH,0.2780326288364459,3.067545345147021,,2019-03-25
KHC,KHC.O,2019-04-08,EGARCH,0.4228391143119423,7.094957007623328,,2019-03-25
KHC,KHC.O,2019-04-08,ESG-EGARCH,0.4242528269558495,7.14247861825516,all,2019-03-25
KHC,KHC.O,2019-04-08,ESG-EGARCH(E),0.4252384759690559,7.175704819225608,E,2019-03-25
KHC,KHC.O,2019-04-08,ESG-EGARCH(G),0.4236652764063208,7.122708985414454,G,2019-03-25
KHC,KHC.O,2019-04-08,ESG-EGARCH(S),0.4234063421921672,7.1140051828789925,S,2019-03-25
KHC,KHC.O,2019-04-08,ESG-GARCH,0.2871625596541931,3.272314907426508,all,2019-03-25
KHC,KHC.O,2019-04-08,ESG-GARCH(E),0.2877228033169778,3.285095696372234,E,2019-03-25
KHC,KHC.O,2019-04-08,ESG-GARCH(G),0.2825884992535044,3.1688992027915823,G,2019-03-25
KHC,KHC.O,2019-04-08,ESG-GARCH(S),0.2813214879805347,3.140546809507226,S,2019-03-25
KHC,KHC.O,2019-04-08,ESG-GJR-GARCH,0.2835733771796195,3.1910262002005854,all,2019-03-25
KHC,KHC.O,2019-04-08,ESG-GJR-GARCH(E),0.2841514378200278,3.204049191078932,E,2019-03-25
KHC,KHC.O,2019-04-08,ESG-GJR-GARCH(G),0.2785873849108626,3.0797988504552825,G,2019-03-25
KHC,KHC.O,2019-04-08,ESG-GJR-GARCH(S),0.2772561915652734,3.050436339733318,S,2019-03-25
KHC,KHC.O,2019-04-08,GARCH,0.2759412262146283,3.021569854160027,,2019-03-25
KHC,KHC.O,2019-04-08,GJR-GARCH,0.2780326288364459,3.067545345147021,,2019-03-25
KHC,KHC.O,2019-04-09,EGARCH,0.4228391143119423,7.094957007623328,,2019-03-25
KHC,KHC.O,2019-04-09,ESG-EGARCH,0.4242528269558495,7.14247861825516,all,2019-03-25
KHC,KHC.O,2019-04-09,ESG-EGARCH(E),0.4252384759690559,7.175704819225608,E,2019-03-25
KHC,KHC.O,2019-04-09,ESG-EGARCH(G),0.4236652764063208,7.122708985414454,G,2019-03-25
KHC,KHC.O,2019-04-09,ESG-EGARCH(S),0.4234063421921672,7.1140051828789925,S,2019-03-25
KHC,KHC.O,2019-04-09,ESG-GARCH,0.2871625596541931,3.272314907426508,all,2019-03-25
KHC,KHC.O,2019-04-09,ESG-GARCH(E),0.2877228033169778,3.285095696372234,E,2019-03-25
KHC,KHC.O,2019-04-09,ESG-GARCH(G),0.2825884992535044,3.1688992027915823,G,2019-03-25
KHC,KHC.O,2019-04-09,ESG-GARCH(S),0.2813214879805347,3.140546809507226,S,2019-03-25
KHC,KHC.O,2019-04-09,ESG-GJR-GARCH,0.2835733771796195,3.1910262002005854,all,2019-03-25
KHC,KHC.O,2019-04-09,ESG-GJR-GARCH(E),0.2841514378200278,3.204049191078932,E,2019-03-25
KHC,KHC.O,2019-04-09,ESG-GJR-GARCH(G),0.2785873849108626,3.0797988504552825,G,2019-03-25
KHC,KHC.O,2019-04-09,ESG-GJR-GARCH(S),0.2772561915652734,3.050436339733318,S,2019-03-25
KHC,KHC.O,2019-04-09,GARCH,0.2759412262146283,3.021569854160027,,2019-03-25
KHC,KHC.O,2019-04-09,GJR-GARCH,0.2780326288364459,3.067545345147021,,2019-03-25
KHC,KHC.O,2019-04-10,EGARCH,0.4228391143119423,7.094957007623328,,2019-03-25
KHC,KHC.O,2019-04-10,ESG-EGARCH,0.4242528269558495,7.14247861825516,all,2019-03-25
KHC,KHC.O,2019-04-10,ESG-EGARCH(E),0.4252384759690559,7.175704819225608,E,2019-03-25
KHC,KHC.O,2019-04-10,ESG-EGARCH(G),0.4236652764063208,7.122708985414454,G,2019-03-25
KHC,KHC.O,2019-04-10,ESG-EGARCH(S),0.4234063421921672,7.1140051828789925,S,2019-03-25
KHC,KHC.O,2019-04-10,ESG-GARCH,0.2871625596541931,3.272314907426508,all,2019-03-25
KHC,KHC.O,2019-04-10,ESG-GARCH(E),0.2877228033169778,3.285095696372234,E,2019-03-25
KHC,KHC.O,2019-04-10,ESG-GARCH(G),0.2825884992535044,3.1688992027915823,G,2019-03-25
KHC,KHC.O,2019-04-10,ESG-GARCH(S),0.2813214879805347,3.140546809507226,S,2019-03-25
KHC,KHC.O,2019-04-10,ESG-GJR-GARCH,0.2835733771796195,3.1910262002005854,all,2019-03-25
KHC,KHC.O,2019-04-10,ESG-GJR-GARCH(E),0.2841514378200278,3.204049191078932,E,2019-03-25
KHC,KHC.O,2019-04-10,ESG-GJR-GARCH(G),0.2785873849108626,3.0797988504552825,G,2019-03-25
KHC,KHC.O,2019-04-10,ESG-GJR-GARCH(S),0.2772561915652734,3.050436339733318,S,2019-03-25
KHC,KHC.O,2019-04-10,GARCH,0.2759412262146283,3.021569854160027,,2019-03-25
KHC,KHC.O,2019-04-10,GJR-GARCH,0.2780326288364459,3.067545345147021,,2019-03-25
KHC,KHC.O,2019-04-11,EGARCH,0.4228391143119423,7.094957007623328,,2019-03-25
KHC,KHC.O,2019-04-11,ESG-EGARCH,0.4242528269558495,7.14247861825516,all,2019-03-25
KHC,KHC.O,2019-04-11,ESG-EGARCH(E),0.4252384759690559,7.175704819225608,E,2019-03-25
KHC,KHC.O,2019-04-11,ESG-EGARCH(G),0.4236652764063208,7.122708985414454,G,2019-03-25
KHC,KHC.O,2019-04-11,ESG-EGARCH(S),0.4234063421921672,7.1140051828789925,S,2019-03-25
KHC,KHC.O,2019-04-11,ESG-GARCH,0.2871625596541931,3.272314907426508,all,2019-03-25
KHC,KHC.O,2019-04-11,ESG-GARCH(E),0.2877228033169778,3.285095696372234,E,2019-03-25
KHC,KHC.O,2019-04-11,ESG-GARCH(G),0.2825884992535044,3.1688992027915823,G,2019-03-25
KHC,KHC.O,2019-04-11,ESG-GARCH(S),0.2813214879805347,3.140546809507226,S,2019-03-25
KHC,KHC.O,2019-04-11,ESG-GJR-GARCH,0.2835733771796195,3.1910262002005854,all,2019-03-25
KHC,KHC.O,2019-04-11,ESG-GJR-GARCH(E),0.2841514378200278,3.204049191078932,E,2019-03-25
KHC,KHC.O,2019-04-11,ESG-GJR-GARCH(G),0.2785873849108626,3.0797988504552825,G,2019-03-25
KHC,KHC.O,2019-04-11,ESG-GJR-GARCH(S),0.2772561915652734,3.050436339733318,S,2019-03-25
KHC,KHC.O,2019-04-11,GARCH,0.2759412262146283,3.021569854160027,,2019-03-25
KHC,KHC.O,2019-04-11,GJR-GARCH,0.2780326288364459,3.067545345147021,,2019-03-25
KHC,KHC.O,2019-04-12,EGARCH,0.4228391143119423,7.094957007623328,,2019-03-25
KHC,KHC.O,2019-04-12,ESG-EGARCH,0.4242528269558495,7.14247861825516,all,2019-03-25
KHC,KHC.O,2019-04-12,ESG-EGARCH(E),0.4252384759690559,7.175704819225608,E,2019-03-25
KHC,KHC.O,2019-04-12,ESG-EGARCH(G),0.4236652764063208,7.122708985414454,G,2019-03-25
KHC,KHC.O,2019-04-12,ESG-EGARCH(S),0.4234063421921672,7.1140051828789925,S,2019-03-25
KHC,KHC.O,2019-04-12,ESG-GARCH,0.2871625596541931,3.272314907426508,all,2019-03-25
KHC,KHC.O,2019-04-12,ESG-GARCH(E),0.2877228033169778,3.285095696372234,E,2019-03-25
KHC,KHC.O,2019-04-12,ESG-GARCH(G),0.2825884992535044,3.1688992027915823,G,2019-03-25
KHC,KHC.O,2019-04-12,ESG-GARCH(S),0.2813214879805347,3.140546809507226,S,2019-03-25
KHC,KHC.O,2019-04-12,ESG-GJR-GARCH,0.2835733771796195,3.1910262002005854,all,2019-03-25
KHC,KHC.O,2019-04-12,ESG-GJR-GARCH(E),0.2841514378200278,3.204049191078932,E,2019-03-25
KHC,KHC.O,2019-04-12,ESG-GJR-GARCH(G),0.2785873849108626,3.0797988504552825,G,2019-03-25
KHC,KHC.O,2019-04-12,ESG-GJR-GARCH(S),0.2772561915652734,3.050436339733318,S,2019-03-25
KHC,KHC.O,2019-04-12,GARCH,0.2759412262146283,3.021569854160027,,2019-03-25
KHC,KHC.O,2019-04-12,GJR-GARCH,0.2780326288364459,3.067545345147021,,2019-03-25
KHC,KHC.O,2019-04-15,EGARCH,0.4228391143119423,7.094957007623328,,2019-03-25
KHC,KHC.O,2019-04-15,ESG-EGARCH,0.4242528269558495,7.14247861825516,all,2019-03-25
KHC,KHC.O,2019-04-15,ESG-EGARCH(E),0.4252384759690559,7.175704819225608,E,2019-03-25
KHC,KHC.O,2019-04-15,ESG-EGARCH(G),0.4236652764063208,7.122708985414454,G,2019-03-25
KHC,KHC.O,2019-04-15,ESG-EGARCH(S),0.4234063421921672,7.1140051828789925,S,2019-03-25
KHC,KHC.O,2019-04-15,ESG-GARCH,0.2871625596541931,3.272314907426508,all,2019-03-25
KHC,KHC.O,2019-04-15,ESG-GARCH(E),0.2877228033169778,3.285095696372234,E,2019-03-25
KHC,KHC.O,2019-04-15,ESG-GARCH(G),0.2825884992535044,3.1688992027915823,G,2019-03-25
KHC,KHC.O,2019-04-15,ESG-GARCH(S),0.2813214879805347,3.140546809507226,S,2019-03-25
KHC,KHC.O,2019-04-15,ESG-GJR-GARCH,0.2835733771796195,3.1910262002005854,all,2019-03-25
KHC,KHC.O,2019-04-15,ESG-GJR-GARCH(E),0.2841514378200278,3.204049191078932,E,2019-03-25
KHC,KHC.O,2019-04-15,ESG-GJR-GARCH(G),0.2785873849108626,3.0797988504552825,G,2019-03-25
KHC,KHC.O,2019-04-15,ESG-GJR-GARCH(S),0.2772561915652734,3.050436339733318,S,2019-03-25
KHC,KHC.O,2019-04-15,GARCH,0.2759412262146283,3.021569854160027,,2019-03-25
KHC,KHC.O,2019-04-15,GJR-GARCH,0.2780326288364459,3.067545345147021,,2019-03-25
KHC,KHC.O,2019-04-16,EGARCH,0.4228391143119423,7.094957007623328,,2019-03-25
KHC,KHC.O,2019-04-16,ESG-EGARCH,0.4242528269558495,7.14247861825516,all,2019-03-25
KHC,KHC.O,2019-04-16,ESG-EGARCH(E),0.4252384759690559,7.175704819225608,E,2019-03-25
KHC,KHC.O,2019-04-16,ESG-EGARCH(G),0.4236652764063208,7.122708985414454,G,2019-03-25
KHC,KHC.O,2019-04-16,ESG-EGARCH(S),0.4234063421921672,7.1140051828789925,S,2019-03-25
KHC,KHC.O,2019-04-16,ESG-GARCH,0.2871625596541931,3.272314907426508,all,2019-03-25
KHC,KHC.O,2019-04-16,ESG-GARCH(E),0.2877228033169778,3.285095696372234,E,2019-03-25
KHC,KHC.O,2019-04-16,ESG-GARCH(G),0.2825884992535044,3.1688992027915823,G,2019-03-25
KHC,KHC.O,2019-04-16,ESG-GARCH(S),0.2813214879805347,3.140546809507226,S,2019-03-25
KHC,KHC.O,2019-04-16,ESG-GJR-GARCH,0.2835733771796195,3.1910262002005854,all,2019-03-25
KHC,KHC.O,2019-04-16,ESG-GJR-GARCH(E),0.2841514378200278,3.204049191078932,E,2019-03-25
KHC,KHC.O,2019-04-16,ESG-GJR-GARCH(G),0.2785873849108626,3.0797988504552825,G,2019-03-25
KHC,KHC.O,2019-04-16,ESG-GJR-GARCH(S),0.2772561915652734,3.050436339733318,S,2019-03-25
KHC,KHC.O,2019-04-16,GARCH,0.2759412262146283,3.021569854160027,,2019-03-25
KHC,KHC.O,2019-04-16,GJR-GARCH,0.2780326288364459,3.067545345147021,,2019-03-25
KHC,KHC.O,2019-04-17,EGARCH,0.4228391143119423,7.094957007623328,,2019-03-25
KHC,KHC.O,2019-04-17,ESG-EGARCH,0.4242528269558495,7.14247861825516,all,2019-03-25
KHC,KHC.O,2019-04-17,ESG-EGARCH(E),0.4252384759690559,7.175704819225608,E,2019-03-25
KHC,KHC.O,2019-04-17,ESG-EGARCH(G),0.4236652764063208,7.122708985414454,G,2019-03-25
KHC,KHC.O,2019-04-17,ESG-EGARCH(S),0.4234063421921672,7.1140051828789925,S,2019-03-25
KHC,KHC.O,2019-04-17,ESG-GARCH,0.2871625596541931,3.272314907426508,all,2019-03-25
KHC,KHC.O,2019-04-17,ESG-GARCH(E),0.2877228033169778,3.285095696372234,E,2019-03-25
KHC,KHC.O,2019-04-17,ESG-GARCH(G),0.2825884992535044,3.1688992027915823,G,2019-03-25
KHC,KHC.O,2019-04-17,ESG-GARCH(S),0.2813214879805347,3.140546809507226,S,2019-03-25
KHC,KHC.O,2019-04-17,ESG-GJR-GARCH,0.2835733771796195,3.1910262002005854,all,2019-03-25
KHC,KHC.O,2019-04-17,ESG-GJR-GARCH(E),0.2841514378200278,3.204049191078932,E,2019-03-25
KHC,KHC.O,2019-04-17,ESG-GJR-GARCH(G),0.2785873849108626,3.0797988504552825,G,2019-03-25
KHC,KHC.O,2019-04-17,ESG-GJR-GARCH(S),0.2772561915652734,3.050436339733318,S,2019-03-25
KHC,KHC.O,2019-04-17,GARCH,0.2759412262146283,3.021569854160027,,2019-03-25
KHC,KHC.O,2019-04-17,GJR-GARCH,0.2780326288364459,3.067545345147021,,2019-03-25
KHC,KHC.O,2019-04-18,EGARCH,0.4228391143119423,7.094957007623328,,2019-03-25
KHC,KHC.O,2019-04-18,ESG-EGARCH,0.4242528269558495,7.14247861825516,all,2019-03-25
KHC,KHC.O,2019-04-18,ESG-EGARCH(E),0.4252384759690559,7.175704819225608,E,2019-03-25
KHC,KHC.O,2019-04-18,ESG-EGARCH(G),0.4236652764063208,7.122708985414454,G,2019-03-25
KHC,KHC.O,2019-04-18,ESG-EGARCH(S),0.4234063421921672,7.1140051828789925,S,2019-03-25
KHC,KHC.O,2019-04-18,ESG-GARCH,0.2871625596541931,3.272314907426508,all,2019-03-25
KHC,KHC.O,2019-04-18,ESG-GARCH(E),0.2877228033169778,3.285095696372234,E,2019-03-25
KHC,KHC.O,2019-04-18,ESG-GARCH(G),0.2825884992535044,3.1688992027915823,G,2019-03-25
KHC,KHC.O,2019-04-18,ESG-GARCH(S),0.2813214879805347,3.140546809507226,S,2019-03-25
KHC,KHC.O,2019-04-18,ESG-GJR-GARCH,0.2835733771796195,3.1910262002005854,all,2019-03-25
KHC,KHC.O,2019-04-18,ESG-GJR-GARCH(E),0.2841514378200278,3.204049191078932,E,2019-03-25
KHC,KHC.O,2019-04-18,ESG-GJR-GARCH(G),0.2785873849108626,3.0797988504552825,G,2019-03-25
KHC,KHC.O,2019-04-18,ESG-GJR-GARCH(S),0.2772561915652734,3.050436339733318,S,2019-03-25
KHC,KHC.O,2019-04-18,GARCH,0.2759412262146283,3.021569854160027,,2019-03-25
KHC,KHC.O,2019-04-18,GJR-GARCH,0.2780326288364459,3.067545345147021,,2019-03-25
KHC,KHC.O,2019-04-22,EGARCH,0.4228391143119423,7.094957007623328,,2019-03-25
KHC,KHC.O,2019-04-22,ESG-EGARCH,0.4242528269558495,7.14247861825516,all,2019-03-25
KHC,KHC.O,2019-04-22,ESG-EGARCH(E),0.4252384759690559,7.175704819225608,E,2019-03-25
KHC,KHC.O,2019-04-22,ESG-EGARCH(G),0.4236652764063208,7.122708985414454,G,2019-03-25
KHC,KHC.O,2019-04-22,ESG-EGARCH(S),0.4234063421921672,7.1140051828789925,S,2019-03-25
KHC,KHC.O,2019-04-22,ESG-GARCH,0.2871625596541931,3.272314907426508,all,2019-03-25
KHC,KHC.O,2019-04-22,ESG-GARCH(E),0.2877228033169778,3.285095696372234,E,2019-03-25
KHC,KHC.O,2019-04-22,ESG-GARCH(G),0.2825884992535044,3.1688992027915823,G,2019-03-25
KHC,KHC.O,2019-04-22,ESG-GARCH(S),0.2813214879805347,3.140546809507226,S,2019-03-25
KHC,KHC.O,2019-04-22,ESG-GJR-GARCH,0.2835733771796195,3.1910262002005854,all,2019-03-25
KHC,KHC.O,2019-04-22,ESG-GJR-GARCH(E),0.2841514378200278,3.204049191078932,E,2019-03-25
KHC,KHC.O,2019-04-22,ESG-GJR-GARCH(G),0.2785873849108626,3.0797988504552825,G,2019-03-25
KHC,KHC.O,2019-04-22,ESG-GJR-GARCH(S),0.2772561915652734,3.050436339733318,S,2019-03-25
KHC,KHC.O,2019-04-22,GARCH,0.2759412262146283,3.021569854160027,,2019-03-25
KHC,KHC.O,2019-04-22,GJR-GARCH,0.2780326288364459,3.067545345147021,,2019-03-25
KHC,KHC.O,2019-04-23,EGARCH,0.4228391143119423,7.094957007623328,,2019-03-25
KHC,KHC.O,2019-04-23,ESG-EGARCH,0.4242528269558495,7.14247861825516,all,2019-03-25
KHC,KHC.O,2019-04-23,ESG-EGARCH(E),0.4252384759690559,7.175704819225608,E,2019-03-25
KHC,KHC.O,2019-04-23,ESG-EGARCH(G),0.4236652764063208,7.122708985414454,G,2019-03-25
KHC,KHC.O,2019-04-23,ESG-EGARCH(S),0.4234063421921672,7.1140051828789925,S,2019-03-25
KHC,KHC.O,2019-04-23,ESG-GARCH,0.2871625596541931,3.272314907426508,all,2019-03-25
KHC,KHC.O,2019-04-23,ESG-GARCH(E),0.2877228033169778,3.285095696372234,E,2019-03-25
KHC,KHC.O,2019-04-23,ESG-GARCH(G),0.2825884992535044,3.1688992027915823,G,2019-03-25
KHC,KHC.O,2019-04-23,ESG-GARCH(S),0.2813214879805347,3.140546809507226,S,2019-03-25
KHC,KHC.O,2019-04-23,ESG-GJR-GARCH,0.2835733771796195,3.1910262002005854,all,2019-03-25
KHC,KHC.O,2019-04-23,ESG-GJR-GARCH(E),0.2841514378200278,3.204049191078932,E,2019-03-25
KHC,KHC.O,2019-04-23,ESG-GJR-GARCH(G),0.2785873849108626,3.0797988504552825,G,2019-03-25
KHC,KHC.O,2019-04-23,ESG-GJR-GARCH(S),0.2772561915652734,3.050436339733318,S,2019-03-25
KHC,KHC.O,2019-04-23,GARCH,0.2759412262146283,3.021569854160027,,2019-03-25
KHC,KHC.O,2019-04-23,GJR-GARCH,0.2780326288364459,3.067545345147021,,2019-03-25
KHC,KHC.O,2019-04-24,EGARCH,0.4228391143119423,7.094957007623328,,2019-03-25
KHC,KHC.O,2019-04-24,ESG-EGARCH,0.4242528269558495,7.14247861825516,all,2019-03-25
KHC,KHC.O,2019-04-24,ESG-EGARCH(E),0.4252384759690559,7.175704819225608,E,2019-03-25
KHC,KHC.O,2019-04-24,ESG-EGARCH(G),0.4236652764063208,7.122708985414454,G,2019-03-25
KHC,KHC.O,2019-04-24,ESG-EGARCH(S),0.4234063421921672,7.1140051828789925,S,2019-03-25
KHC,KHC.O,2019-04-24,ESG-GARCH,0.2871625596541931,3.272314907426508,all,2019-03-25
KHC,KHC.O,2019-04-24,ESG-GARCH(E),0.2877228033169778,3.285095696372234,E,2019-03-25
KHC,KHC.O,2019-04-24,ESG-GARCH(G),0.2825884992535044,3.1688992027915823,G,2019-03-25
KHC,KHC.O,2019-04-24,ESG-GARCH(S),0.2813214879805347,3.140546809507226,S,2019-03-25
KHC,KHC.O,2019-04-24,ESG-GJR-GARCH,0.2835733771796195,3.1910262002005854,all,2019-03-25
KHC,KHC.O,2019-04-24,ESG-GJR-GARCH(E),0.2841514378200278,3.204049191078932,E,2019-03-25
KHC,KHC.O,2019-04-24,ESG-GJR-GARCH(G),0.2785873849108626,3.0797988504552825,G,2019-03-25
KHC,KHC.O,2019-04-24,ESG-GJR-GARCH(S),0.2772561915652734,3.050436339733318,S,2019-03-25
KHC,KHC.O,2019-04-24,GARCH,0.2759412262146283,3.021569854160027,,2019-03-25
KHC,KHC.O,2019-04-24,GJR-GARCH,0.2780326288364459,3.067545345147021,,2019-03-25
KHC,KHC.O,2019-04-25,EGARCH,0.3578139869611473,5.080589256548894,,2019-04-25
KHC,KHC.O,2019-04-25,ESG-EGARCH,0.3592310473607675,5.1209105312664285,all,2019-04-25
KHC,KHC.O,2019-04-25,ESG-EGARCH(E),0.3595055438364999,5.128739525761015,E,2019-04-25
KHC,KHC.O,2019-04-25,ESG-EGARCH(G),0.3583556043262325,5.09598171238172,G,2019-04-25
KHC,KHC.O,2019-04-25,ESG-EGARCH(S),0.3582264365010113,5.09230872254814,S,2019-04-25
KHC,KHC.O,2019-04-25,ESG-GARCH,0.2748779969356701,2.9983298888637404,all,2019-04-25
KHC,KHC.O,2019-04-25,ESG-GARCH(E),0.2752871161259465,3.007261758132555,E,2019-04-25
KHC,KHC.O,2019-04-25,ESG-GARCH(G),0.2719338625885615,2.934445461203757,G,2019-04-25
KHC,KHC.O,2019-04-25,ESG-GARCH(S),0.2711271760728997,2.917061333542269,S,2019-04-25
KHC,KHC.O,2019-04-25,ESG-GJR-GARCH,0.2752396575684903,3.006224964223009,all,2019-04-25
KHC,KHC.O,2019-04-25,ESG-GJR-GARCH(E),0.2756851049292743,3.015963376185118,E,2019-04-25
KHC,KHC.O,2019-04-25,ESG-GJR-GARCH(G),0.2721325941756214,2.9387360639981552,G,2019-04-25
KHC,KHC.O,2019-04-25,ESG-GJR-GARCH(S),0.2712909544097606,2.92058658510154,S,2019-04-25
KHC,KHC.O,2019-04-25,GARCH,0.2683653205090194,2.857934335393203,,2019-04-25
KHC,KHC.O,2019-04-25,GJR-GARCH,0.2704163123065477,2.901784998471125,,2019-04-25
KHC,KHC.O,2019-04-26,EGARCH,0.3578139869611473,5.080589256548894,,2019-04-25
KHC,KHC.O,2019-04-26,ESG-EGARCH,0.3592310473607675,5.1209105312664285,all,2019-04-25
KHC,KHC.O,2019-04-26,ESG-EGARCH(E),0.3595055438364999,5.128739525761015,E,2019-04-25
KHC,KHC.O,2019-04-26,ESG-EGARCH(G),0.3583556043262325,5.09598171238172,G,2019-04-25
KHC,KHC.O,2019-04-26,ESG-EGARCH(S),0.3582264365010113,5.09230872254814,S,2019-04-25
KHC,KHC.O,2019-04-26,ESG-GARCH,0.2748779969356701,2.9983298888637404,all,2019-04-25
KHC,KHC.O,2019-04-26,ESG-GARCH(E),0.2752871161259465,3.007261758132555,E,2019-04-25
KHC,KHC.O,2019-04-26,ESG-GARCH(G),0.2719338625885615,2.934445461203757,G,2019-04-25
KHC,KHC.O,2019-04-26,ESG-GARCH(S),0.2711271760728997,2.917061333542269,S,2019-04-25
KHC,KHC.O,2019-04-26,ESG-GJR-GARCH,0.2752396575684903,3.006224964223009,all,2019-04-25
KHC,KHC.O,2019-04-26,ESG-GJR-GARCH(E),0.2756851049292743,3.015963376185118,E,2019-04-25
KHC,KHC.O,2019-04-26,ESG-GJR-GARCH(G),0.2721325941756214,2.9387360639981552,G,2019-04-25
KHC,KHC.O,2019-04-26,ESG-GJR-GARCH(S),0.2712909544097606,2.92058658510154,S,2019-04-25
KHC,KHC.O,2019-04-26,GARCH,0.2683653205090194,2.857934335393203,,2019-04-25
KHC,KHC.O,2019-04-26,GJR-GARCH,0.2704163123065477,2.901784998471125,,2019-04-25
KHC,KHC.O,2019-04-29,EGARCH,0.3578139869611473,5.080589256548894,,2019-04-25
KHC,KHC.O,2019-04-29,ESG-EGARCH,0.3592310473607675,5.1209105312664285,all,2019-04-25
KHC,KHC.O,2019-04-29,ESG-EGARCH(E),0.3595055438364999,5.128739525761015,E,2019-04-25
KHC,KHC.O,2019-04-29,ESG-EGARCH(G),0.3583556043262325,5.09598171238172,G,2019-04-25
KHC,KHC.O,2019-04-29,ESG-EGARCH(S),0.3582264365010113,5.09230872254814,S,2019-04-25
KHC,KHC.O,2019-04-29,ESG-GARCH,0.2748779969356701,2.9983298888637404,all,2019-04-25
KHC,KHC.O,2019-04-29,ESG-GARCH(E),0.2752871161259465,3.007261758132555,E,2019-04-25
KHC,KHC.O,2019-04-29,ESG-GARCH(G),0.2719338625885615,2.934445461203757,G,2019-04-25
KHC,KHC.O,2019-04-29,ESG-GARCH(S),0.2711271760728997,2.917061333542269,S,2019-04-25
KHC,KHC.O,2019-04-29,ESG-GJR-GARCH,0.2752396575684903,3.006224964223009,all,2019-04-25
KHC,KHC.O,2019-04-29,ESG-GJR-GARCH(E),0.2756851049292743,3.015963376185118,E,2019-04-25
KHC,KHC.O,2019-04-29,ESG-GJR-GARCH(G),0.2721325941756214,2.9387360639981552,G,2019-04-25
KHC,KHC.O,2019-04-29,ESG-GJR-GARCH(S),0.2712909544097606,2.92058658510154,S,2019-04-25
KHC,KHC.O,2019-04-29,GARCH,0.2683653205090194,2.857934335393203,,2019-04-25
KHC,KHC.O,2019-04-29,GJR-GARCH,0.2704163123065477,2.901784998471125,,2019-04-25
KHC,KHC.O,2019-04-30,EGARCH,0.3578139869611473,5.080589256548894,,2019-04-25
KHC,KHC.O,2019-04-30,ESG-EGARCH,0.3592310473607675,5.1209105312664285,all,2019-04-25
KHC,KHC.O,2019-04-30,ESG-EGARCH(E),0.3595055438364999,5.128739525761015,E,2019-04-25
KHC,KHC.O,2019-04-30,ESG-EGARCH(G),0.3583556043262325,5.09598171238172,G,2019-04-25
KHC,KHC.O,2019-04-30,ESG-EGARCH(S),0.3582264365010113,5.09230872254814,S,2019-04-25
KHC,KHC.O,2019-04-30,ESG-GARCH,0.2748779969356701,2.9983298888637404,all,2019-04-25
KHC,KHC.O,2019-04-30,ESG-GARCH(E),0.2752871161259465,3.007261758132555,E,2019-04-25
KHC,KHC.O,2019-04-30,ESG-GARCH(G),0.2719338625885615,2.934445461203757,G,2019-04-25
KHC,KHC.O,2019-04-30,ESG-GARCH(S),0.2711271760728997,2.917061333542269,S,2019-04-25
KHC,KHC.O,2019-04-30,ESG-GJR-GARCH,0.2752396575684903,3.006224964223009,all,2019-04-25
KHC,KHC.O,2019-04-30,ESG-GJR-GARCH(E),0.2756851049292743,3.015963376185118,E,2019-04-25
KHC,KHC.O,2019-04-30,ESG-GJR-GARCH(G),0.2721325941756214,2.9387360639981552,G,2019-04-25
KHC,KHC.O,2019-04-30,ESG-GJR-GARCH(S),0.2712909544097606,2.92058658510154,S,2019-04-25
KHC,KHC.O,2019-04-30,GARCH,0.2683653205090194,2.857934335393203,,2019-04-25
KHC,KHC.O,2019-04-30,GJR-GARCH,0.2704163123065477,2.901784998471125,,2019-04-25
KHC,KHC.O,2019-05-01,EGARCH,0.3578139869611473,5.080589256548894,,2019-04-25
KHC,KHC.O,2019-05-01,ESG-EGARCH,0.3592310473607675,5.1209105312664285,all,2019-04-25
KHC,KHC.O,2019-05-01,ESG-EGARCH(E),0.3595055438364999,5.128739525761015,E,2019-04-25
KHC,KHC.O,2019-05-01,ESG-EGARCH(G),0.3583556043262325,5.09598171238172,G,2019-04-25
KHC,KHC.O,2019-05-01,ESG-EGARCH(S),0.3582264365010113,5.09230872254814,S,2019-04-25
KHC,KHC.O,2019-05-01,ESG-GARCH,0.2748779969356701,2.9983298888637404,all,2019-04-25
KHC,KHC.O,2019-05-01,ESG-GARCH(E),0.2752871161259465,3.007261758132555,E,2019-04-25
KHC,KHC.O,2019-05-01,ESG-GARCH(G),0.2719338625885615,2.934445461203757,G,2019-04-25
KHC,KHC.O,2019-05-01,ESG-GARCH(S),0.2711271760728997,2.917061333542269,S,2019-04-25
KHC,KHC.O,2019-05-01,ESG-GJR-GARCH,0.2752396575684903,3.006224964223009,all,2019-04-25
KHC,KHC.O,2019-05-01,ESG-GJR-GARCH(E),0.2756851049292743,3.015963376185118,E,2019-04-25
KHC,KHC.O,2019-05-01,ESG-GJR-GARCH(G),0.2721325941756214,2.9387360639981552,G,2019-04-25
KHC,KHC.O,2019-05-01,ESG-GJR-GARCH(S),0.2712909544097606,2.92058658510154,S,2019-04-25
KHC,KHC.O,2019-05-01,GARCH,0.2683653205090194,2.857934335393203,,2019-04-25
KHC,KHC.O,2019-05-01,GJR-GARCH,0.2704163123065477,2.901784998471125,,2019-04-25
KHC,KHC.O,2019-05-02,EGARCH,0.3578139869611473,5.080589256548894,,2019-04-25
KHC,KHC.O,2019-05-02,ESG-EGARCH,0.3592310473607675,5.1209105312664285,all,2019-04-25
KHC,KHC.O,2019-05-02,ESG-EGARCH(E),0.3595055438364999,5.128739525761015,E,2019-04-25
KHC,KHC.O,2019-05-02,ESG-EGARCH(G),0.3583556043262325,5.09598171238172,G,2019-04-25
KHC,KHC.O,2019-05-02,ESG-EGARCH(S),0.3582264365010113,5.09230872254814,S,2019-04-25
KHC,KHC.O,2019-05-02,ESG-GARCH,0.2748779969356701,2.9983298888637404,all,2019-04-25
KHC,KHC.O,2019-05-02,ESG-GARCH(E),0.2752871161259465,3.007261758132555,E,2019-04-25
KHC,KHC.O,2019-05-02,ESG-GARCH(G),0.2719338625885615,2.934445461203757,G,2019-04-25
KHC,KHC.O,2019-05-02,ESG-GARCH(S),0.2711271760728997,2.917061333542269,S,2019-04-25
KHC,KHC.O,2019-05-02,ESG-GJR-GARCH,0.2752396575684903,3.006224964223009,all,2019-04-25
KHC,KHC.O,2019-05-02,ESG-GJR-GARCH(E),0.2756851049292743,3.015963376185118,E,2019-04-25
KHC,KHC.O,2019-05-02,ESG-GJR-GARCH(G),0.2721325941756214,2.9387360639981552,G,2019-04-25
KHC,KHC.O,2019-05-02,ESG-GJR-GARCH(S),0.2712909544097606,2.92058658510154,S,2019-04-25
KHC,KHC.O,2019-05-02,GARCH,0.2683653205090194,2.857934335393203,,2019-04-25
KHC,KHC.O,2019-05-02,GJR-GARCH,0.2704163123065477,2.901784998471125,,2019-04-25
KHC,KHC.O,2019-05-03,EGARCH,0.3578139869611473,5.080589256548894,,2019-04-25
KHC,KHC.O,2019-05-03,ESG-EGARCH,0.3592310473607675,5.1209105312664285,all,2019-04-25
KHC,KHC.O,2019-05-03,ESG-EGARCH(E),0.3595055438364999,5.128739525761015,E,2019-04-25
KHC,KHC.O,2019-05-03,ESG-EGARCH(G),0.3583556043262325,5.09598171238172,G,2019-04-25
KHC,KHC.O,2019-05-03,ESG-EGARCH(S),0.3582264365010113,5.09230872254814,S,2019-04-25
KHC,KHC.O,2019-05-03,ESG-GARCH,0.2748779969356701,2.9983298888637404,all,2019-04-25
KHC,KHC.O,2019-05-03,ESG-GARCH(E),0.2752871161259465,3.007261758132555,E,2019-04-25
KHC,KHC.O,2019-05-03,ESG-GARCH(G),0.2719338625885615,2.934445461203757,G,2019-04-25
KHC,KHC.O,2019-05-03,ESG-GARCH(S),0.2711271760728997,2.917061333542269,S,2019-04-25
KHC,KHC.O,2019-05-03,ESG-GJR-GARCH,0.2752396575684903,3.006224964223009,all,2019-04-25
KHC,KHC.O,2019-05-03,ESG-GJR-GARCH(E),0.2756851049292743,3.015963376185118,E,2019-04-25
KHC,KHC.O,2019-05-03,ESG-GJR-GARCH(G),0.2721325941756214,2.9387360639981552,G,2019-04-25
KHC,KHC.O,2019-05-03,ESG-GJR-GARCH(S),0.2712909544097606,2.92058658510154,S,2019-04-25
KHC,KHC.O,2019-05-03,GARCH,0.2683653205090194,2.857934335393203,,2019-04-25
KHC,KHC.O,2019-05-03,GJR-GARCH,0.2704163123065477,2.901784998471125,,2019-04-25
KHC,KHC.O,2019-05-06,EGARCH,0.3578139869611473,5.080589256548894,,2019-04-25
KHC,KHC.O,2019-05-06,ESG-EGARCH,0.3592310473607675,5.1209105312664285,all,2019-04-25
KHC,KHC.O,2019-05-06,ESG-EGARCH(E),0.3595055438364999,5.128739525761015,E,2019-04-25
KHC,KHC.O,2019-05-06,ESG-EGARCH(G),0.3583556043262325,5.09598171238172,G,2019-04-25
KHC,KHC.O,2019-05-06,ESG-EGARCH(S),0.3582264365010113,5.09230872254814,S,2019-04-25
KHC,KHC.O,2019-05-06,ESG-GARCH,0.2748779969356701,2.9983298888637404,all,2019-04-25
KHC,KHC.O,2019-05-06,ESG-GARCH(E),0.2752871161259465,3.007261758132555,E,2019-04-25
KHC,KHC.O,2019-05-06,ESG-GARCH(G),0.2719338625885615,2.934445461203757,G,2019-04-25
KHC,KHC.O,2019-05-06,ESG-GARCH(S),0.2711271760728997,2.917061333542269,S,2019-04-25
KHC,KHC.O,2019-05-06,ESG-GJR-GARCH,0.2752396575684903,3.006224964223009,all,2019-04-25
KHC,KHC.O,2019-05-06,ESG-GJR-GARCH(E),0.2756851049292743,3.015963376185118,E,2019-04-25
KHC,KHC.O,2019-05-06,ESG-GJR-GARCH(G),0.2721325941756214,2.9387360639981552,G,2019-04-25
KHC,KHC.O,2019-05-06,ESG-GJR-GARCH(S),0.2712909544097606,2.92058658510154,S,2019-04-25
KHC,KHC.O,2019-05-06,GARCH,0.2683653205090194,2.857934335393203,,2019-04-25
KHC,KHC.O,2019-05-06,GJR-GARCH,0.2704163123065477,2.901784998471125,,2019-04-25
KHC,KHC.O,2019-05-07,EGARCH,0.3578139869611473,5.080589256548894,,2019-04-25
KHC,KHC.O,2019-05-07,ESG-EGARCH,0.3592310473607675,5.1209105312664285,all,2019-04-25
KHC,KHC.O,2019-05-07,ESG-EGARCH(E),0.3595055438364999,5.128739525761015,E,2019-04-25
KHC,KHC.O,2019-05-07,ESG-EGARCH(G),0.3583556043262325,5.09598171238172,G,2019-04-25
KHC,KHC.O,2019-05-07,ESG-EGARCH(S),0.3582264365010113,5.09230872254814,S,2019-04-25
KHC,KHC.O,2019-05-07,ESG-GARCH,0.2748779969356701,2.9983298888637404,all,2019-04-25
KHC,KHC.O,2019-05-07,ESG-GARCH(E),0.2752871161259465,3.007261758132555,E,2019-04-25
KHC,KHC.O,2019-05-07,ESG-GARCH(G),0.2719338625885615,2.934445461203757,G,2019-04-25
KHC,KHC.O,2019-05-07,ESG-GARCH(S),0.2711271760728997,2.917061333542269,S,2019-04-25
KHC,KHC.O,2019-05-07,ESG-GJR-GARCH,0.2752396575684903,3.006224964223009,all,2019-04-25
KHC,KHC.O,2019-05-07,ESG-GJR-GARCH(E),0.2756851049292743,3.015963376185118,E,2019-04-25
KHC,KHC.O,2019-05-07,ESG-GJR-GARCH(G),0.2721325941756214,2.9387360639981552,G,2019-04-25
KHC,KHC.O,2019-05-07,ESG-GJR-GARCH(S),0.2712909544097606,2.92058658510154,S,2019-04-25
KHC,KHC.O,2019-05-07,GARCH,0.2683653205090194,2.857934335393203,,2019-04-25
KHC,KHC.O,2019-05-07,GJR-GARCH,0.2704163123065477,2.901784998471125,,2019-04-25
KHC,KHC.O,2019-05-08,EGARCH,0.3578139869611473,5.080589256548894,,2019-04-25
KHC,KHC.O,2019-05-08,ESG-EGARCH,0.3592310473607675,5.1209105312664285,all,2019-04-25
KHC,KHC.O,2019-05-08,ESG-EGARCH(E),0.3595055438364999,5.128739525761015,E,2019-04-25
KHC,KHC.O,2019-05-08,ESG-EGARCH(G),0.3583556043262325,5.09598171238172,G,2019-04-25
KHC,KHC.O,2019-05-08,ESG-EGARCH(S),0.3582264365010113,5.09230872254814,S,2019-04-25
KHC,KHC.O,2019-05-08,ESG-GARCH,0.2748779969356701,2.9983298888637404,all,2019-04-25
KHC,KHC.O,2019-05-08,ESG-GARCH(E),0.2752871161259465,3.007261758132555,E,2019-04-25
KHC,KHC.O,2019-05-08,ESG-GARCH(G),0.2719338625885615,2.934445461203757,G,2019-04-25
KHC,KHC.O,2019-05-08,ESG-GARCH(S),0.2711271760728997,2.917061333542269,S,2019-04-25
KHC,KHC.O,2019-05-08,ESG-GJR-GARCH,0.2752396575684903,3.006224964223009,all,2019-04-25
KHC,KHC.O,2019-05-08,ESG-GJR-GARCH(E),0.2756851049292743,3.015963376185118,E,2019-04-25
KHC,KHC.O,2019-05-08,ESG-GJR-GARCH(G),0.2721325941756214,2.9387360639981552,G,2019-04-25
KHC,KHC.O,2019-05-08,ESG-GJR-GARCH(S),0.2712909544097606,2.92058658510154,S,2019-04-25
KHC,KHC.O,2019-05-08,GARCH,0.2683653205090194,2.857934335393203,,2019-04-25
KHC,KHC.O,2019-05-08,GJR-GARCH,0.2704163123065477,2.901784998471125,,2019-04-25
KHC,KHC.O,2019-05-09,EGARCH,0.3578139869611473,5.080589256548894,,2019-04-25
KHC,KHC.O,2019-05-09,ESG-EGARCH,0.3592310473607675,5.1209105312664285,all,2019-04-25
KHC,KHC.O,2019-05-09,ESG-EGARCH(E),0.3595055438364999,5.128739525761015,E,2019-04-25
KHC,KHC.O,2019-05-09,ESG-EGARCH(G),0.3583556043262325,5.09598171238172,G,2019-04-25
KHC,KHC.O,2019-05-09,ESG-EGARCH(S),0.3582264365010113,5.09230872254814,S,2019-04-25
KHC,KHC.O,2019-05-09,ESG-GARCH,0.2748779969356701,2.9983298888637404,all,2019-04-25
KHC,KHC.O,2019-05-09,ESG-GARCH(E),0.2752871161259465,3.007261758132555,E,2019-04-25
KHC,KHC.O,2019-05-09,ESG-GARCH(G),0.2719338625885615,2.934445461203757,G,2019-04-25
KHC,KHC.O,2019-05-09,ESG-GARCH(S),0.2711271760728997,2.917061333542269,S,2019-04-25
KHC,KHC.O,2019-05-09,ESG-GJR-GARCH,0.2752396575684903,3.006224964223009,all,2019-04-25
KHC,KHC.O,2019-05-09,ESG-GJR-GARCH(E),0.2756851049292743,3.015963376185118,E,2019-04-25
KHC,KHC.O,2019-05-09,ESG-GJR-GARCH(G),0.2721325941756214,2.9387360639981552,G,2019-04-25
KHC,KHC.O,2019-05-09,ESG-GJR-GARCH(S),0.2712909544097606,2.92058658510154,S,2019-04-25
KHC,KHC.O,2019-05-09,GARCH,0.2683653205090194,2.857934335393203,,2019-04-25
KHC,KHC.O,2019-05-09,GJR-GARCH,0.2704163123065477,2.901784998471125,,2019-04-25
KHC,KHC.O,2019-05-10,EGARCH,0.3578139869611473,5.080589256548894,,2019-04-25
KHC,KHC.O,2019-05-10,ESG-EGARCH,0.3592310473607675,5.1209105312664285,all,2019-04-25
KHC,KHC.O,2019-05-10,ESG-EGARCH(E),0.3595055438364999,5.128739525761015,E,2019-04-25
KHC,KHC.O,2019-05-10,ESG-EGARCH(G),0.3583556043262325,5.09598171238172,G,2019-04-25
KHC,KHC.O,2019-05-10,ESG-EGARCH(S),0.3582264365010113,5.09230872254814,S,2019-04-25
KHC,KHC.O,2019-05-10,ESG-GARCH,0.2748779969356701,2.9983298888637404,all,2019-04-25
KHC,KHC.O,2019-05-10,ESG-GARCH(E),0.2752871161259465,3.007261758132555,E,2019-04-25
KHC,KHC.O,2019-05-10,ESG-GARCH(G),0.2719338625885615,2.934445461203757,G,2019-04-25
KHC,KHC.O,2019-05-10,ESG-GARCH(S),0.2711271760728997,2.917061333542269,S,2019-04-25
KHC,KHC.O,2019-05-10,ESG-GJR-GARCH,0.2752396575684903,3.006224964223009,all,2019-04-25
KHC,KHC.O,2019-05-10,ESG-GJR-GARCH(E),0.2756851049292743,3.015963376185118,E,2019-04-25
KHC,KHC.O,2019-05-10,ESG-GJR-GARCH(G),0.2721325941756214,2.9387360639981552,G,2019-04-25
KHC,KHC.O,2019-05-10,ESG-GJR-GARCH(S),0.2712909544097606,2.92058658510154,S,2019-04-25
KHC,KHC.O,2019-05-10,GARCH,0.2683653205090194,2.857934335393203,,2019-04-25
KHC,KHC.O,2019-05-10,GJR-GARCH,0.2704163123065477,2.901784998471125,,2019-04-25
KHC,KHC.O,2019-05-13,EGARCH,0.3578139869611473,5.080589256548894,,2019-04-25
KHC,KHC.O,2019-05-13,ESG-EGARCH,0.3592310473607675,5.1209105312664285,all,2019-04-25
KHC,KHC.O,2019-05-13,ESG-EGARCH(E),0.3595055438364999,5.128739525761015,E,2019-04-25
KHC,KHC.O,2019-05-13,ESG-EGARCH(G),0.3583556043262325,5.09598171238172,G,2019-04-25
KHC,KHC.O,2019-05-13,ESG-EGARCH(S),0.3582264365010113,5.09230872254814,S,2019-04-25
KHC,KHC.O,2019-05-13,ESG-GARCH,0.2748779969356701,2.9983298888637404,all,2019-04-25
KHC,KHC.O,2019-05-13,ESG-GARCH(E),0.2752871161259465,3.007261758132555,E,2019-04-25
KHC,KHC.O,2019-05-13,ESG-GARCH(G),0.2719338625885615,2.934445461203757,G,2019-04-25
KHC,KHC.O,2019-05-13,ESG-GARCH(S),0.2711271760728997,2.917061333542269,S,2019-04-25
KHC,KHC.O,2019-05-13,ESG-GJR-GARCH,0.2752396575684903,3.006224964223009,all,2019-04-25
KHC,KHC.O,2019-05-13,ESG-GJR-GARCH(E),0.2756851049292743,3.015963376185118,E,2019-04-25
KHC,KHC.O,2019-05-13,ESG-GJR-GARCH(G),0.2721325941756214,2.9387360639981552,G,2019-04-25
KHC,KHC.O,2019-05-13,ESG-GJR-GARCH(S),0.2712909544097606,2.92058658510154,S,2019-04-25
KHC,KHC.O,2019-05-13,GARCH,0.2683653205090194,2.857934335393203,,2019-04-25
KHC,KHC.O,2019-05-13,GJR-GARCH,0.2704163123065477,2.901784998471125,,2019-04-25
KHC,KHC.O,2019-05-14,EGARCH,0.3578139869611473,5.080589256548894,,2019-04-25
KHC,KHC.O,2019-05-14,ESG-EGARCH,0.3592310473607675,5.1209105312664285,all,2019-04-25
KHC,KHC.O,2019-05-14,ESG-EGARCH(E),0.3595055438364999,5.128739525761015,E,2019-04-25
KHC,KHC.O,2019-05-14,ESG-EGARCH(G),0.3583556043262325,5.09598171238172,G,2019-04-25
KHC,KHC.O,2019-05-14,ESG-EGARCH(S),0.3582264365010113,5.09230872254814,S,2019-04-25
KHC,KHC.O,2019-05-14,ESG-GARCH,0.2748779969356701,2.9983298888637404,all,2019-04-25
KHC,KHC.O,2019-05-14,ESG-GARCH(E),0.2752871161259465,3.007261758132555,E,2019-04-25
KHC,KHC.O,2019-05-14,ESG-GARCH(G),0.2719338625885615,2.934445461203757,G,2019-04-25
KHC,KHC.O,2019-05-14,ESG-GARCH(S),0.2711271760728997,2.917061333542269,S,2019-04-25
KHC,KHC.O,2019-05-14,ESG-GJR-GARCH,0.2752396575684903,3.006224964223009,all,2019-04-25
KHC,KHC.O,2019-05-14,ESG-GJR-GARCH(E),0.2756851049292743,3.015963376185118,E,2019-04-25
KHC,KHC.O,2019-05-14,ESG-GJR-GARCH(G),0.2721325941756214,2.9387360639981552,G,2019-04-25
KHC,KHC.O,2019-05-14,ESG-GJR-GARCH(S),0.2712909544097606,2.92058658510154,S,2019-04-25
KHC,KHC.O,2019-05-14,GARCH,0.2683653205090194,2.857934335393203,,2019-04-25
KHC,KHC.O,2019-05-14,GJR-GARCH,0.2704163123065477,2.901784998471125,,2019-04-25
KHC,KHC.O,2019-05-15,EGARCH,0.3578139869611473,5.080589256548894,,2019-04-25
KHC,KHC.O,2019-05-15,ESG-EGARCH,0.3592310473607675,5.1209105312664285,all,2019-04-25
KHC,KHC.O,2019-05-15,ESG-EGARCH(E),0.3595055438364999,5.128739525761015,E,2019-04-25
KHC,KHC.O,2019-05-15,ESG-EGARCH(G),0.3583556043262325,5.09598171238172,G,2019-04-25
KHC,KHC.O,2019-05-15,ESG-EGARCH(S),0.3582264365010113,5.09230872254814,S,2019-04-25
KHC,KHC.O,2019-05-15,ESG-GARCH,0.2748779969356701,2.9983298888637404,all,2019-04-25
KHC,KHC.O,2019-05-15,ESG-GARCH(E),0.2752871161259465,3.007261758132555,E,2019-04-25
KHC,KHC.O,2019-05-15,ESG-GARCH(G),0.2719338625885615,2.934445461203757,G,2019-04-25
KHC,KHC.O,2019-05-15,ESG-GARCH(S),0.2711271760728997,2.917061333542269,S,2019-04-25
KHC,KHC.O,2019-05-15,ESG-GJR-GARCH,0.2752396575684903,3.006224964223009,all,2019-04-25
KHC,KHC.O,2019-05-15,ESG-GJR-GARCH(E),0.2756851049292743,3.015963376185118,E,2019-04-25
KHC,KHC.O,2019-05-15,ESG-GJR-GARCH(G),0.2721325941756214,2.9387360639981552,G,2019-04-25
KHC,KHC.O,2019-05-15,ESG-GJR-GARCH(S),0.2712909544097606,2.92058658510154,S,2019-04-25
KHC,KHC.O,2019-05-15,GARCH,0.2683653205090194,2.857934335393203,,2019-04-25
KHC,KHC.O,2019-05-15,GJR-GARCH,0.2704163123065477,2.901784998471125,,2019-04-25
KHC,KHC.O,2019-05-16,EGARCH,0.3578139869611473,5.080589256548894,,2019-04-25
KHC,KHC.O,2019-05-16,ESG-EGARCH,0.3592310473607675,5.1209105312664285,all,2019-04-25
KHC,KHC.O,2019-05-16,ESG-EGARCH(E),0.3595055438364999,5.128739525761015,E,2019-04-25
KHC,KHC.O,2019-05-16,ESG-EGARCH(G),0.3583556043262325,5.09598171238172,G,2019-04-25
KHC,KHC.O,2019-05-16,ESG-EGARCH(S),0.3582264365010113,5.09230872254814,S,2019-04-25
KHC,KHC.O,2019-05-16,ESG-GARCH,0.2748779969356701,2.9983298888637404,all,2019-04-25
KHC,KHC.O,2019-05-16,ESG-GARCH(E),0.2752871161259465,3.007261758132555,E,2019-04-25
KHC,KHC.O,2019-05-16,ESG-GARCH(G),0.2719338625885615,2.934445461203757,G,2019-04-25
KHC,KHC.O,2019-05-16,ESG-GARCH(S),0.2711271760728997,2.917061333542269,S,2019-04-25
KHC,KHC.O,2019-05-16,ESG-GJR-GARCH,0.2752396575684903,3.006224964223009,all,2019-04-25
KHC,KHC.O,2019-05-16,ESG-GJR-GARCH(E),0.2756851049292743,3.015963376185118,E,2019-04-25
KHC,KHC.O,2019-05-16,ESG-GJR-GARCH(G),0.2721325941756214,2.9387360639981552,G,2019-04-25
KHC,KHC.O,2019-05-16,ESG-GJR-GARCH(S),0.2712909544097606,2.92058658510154,S,2019-04-25
KHC,KHC.O,2019-05-16,GARCH,0.2683653205090194,2.857934335393203,,2019-04-25
KHC,KHC.O,2019-05-16,GJR-GARCH,0.2704163123065477,2.901784998471125,,2019-04-25
KHC,KHC.O,2019-05-17,EGARCH,0.3578139869611473,5.080589256548894,,2019-04-25
KHC,KHC.O,2019-05-17,ESG-EGARCH,0.3592310473607675,5.1209105312664285,all,2019-04-25
KHC,KHC.O,2019-05-17,ESG-EGARCH(E),0.3595055438364999,5.128739525761015,E,2019-04-25
KHC,KHC.O,2019-05-17,ESG-EGARCH(G),0.3583556043262325,5.09598171238172,G,2019-04-25
KHC,KHC.O,2019-05-17,ESG-EGARCH(S),0.3582264365010113,5.09230872254814,S,2019-04-25
KHC,KHC.O,2019-05-17,ESG-GARCH,0.2748779969356701,2.9983298888637404,all,2019-04-25
KHC,KHC.O,2019-05-17,ESG-GARCH(E),0.2752871161259465,3.007261758132555,E,2019-04-25
KHC,KHC.O,2019-05-17,ESG-GARCH(G),0.2719338625885615,2.934445461203757,G,2019-04-25
KHC,KHC.O,2019-05-17,ESG-GARCH(S),0.2711271760728997,2.917061333542269,S,2019-04-25
KHC,KHC.O,2019-05-17,ESG-GJR-GARCH,0.2752396575684903,3.006224964223009,all,2019-04-25
KHC,KHC.O,2019-05-17,ESG-GJR-GARCH(E),0.2756851049292743,3.015963376185118,E,2019-04-25
KHC,KHC.O,2019-05-17,ESG-GJR-GARCH(G),0.2721325941756214,2.9387360639981552,G,2019-04-25
KHC,KHC.O,2019-05-17,ESG-GJR-GARCH(S),0.2712909544097606,2.92058658510154,S,2019-04-25
KHC,KHC.O,2019-05-17,GARCH,0.2683653205090194,2.857934335393203,,2019-04-25
KHC,KHC.O,2019-05-17,GJR-GARCH,0.2704163123065477,2.901784998471125,,2019-04-25
KHC,KHC.O,2019-05-20,EGARCH,0.3578139869611473,5.080589256548894,,2019-04-25
KHC,KHC.O,2019-05-20,ESG-EGARCH,0.3592310473607675,5.1209105312664285,all,2019-04-25
KHC,KHC.O,2019-05-20,ESG-EGARCH(E),0.3595055438364999,5.128739525761015,E,2019-04-25
KHC,KHC.O,2019-05-20,ESG-EGARCH(G),0.3583556043262325,5.09598171238172,G,2019-04-25
KHC,KHC.O,2019-05-20,ESG-EGARCH(S),0.3582264365010113,5.09230872254814,S,2019-04-25
KHC,KHC.O,2019-05-20,ESG-GARCH,0.2748779969356701,2.9983298888637404,all,2019-04-25
KHC,KHC.O,2019-05-20,ESG-GARCH(E),0.2752871161259465,3.007261758132555,E,2019-04-25
KHC,KHC.O,2019-05-20,ESG-GARCH(G),0.2719338625885615,2.934445461203757,G,2019-04-25
KHC,KHC.O,2019-05-20,ESG-GARCH(S),0.2711271760728997,2.917061333542269,S,2019-04-25
KHC,KHC.O,2019-05-20,ESG-GJR-GARCH,0.2752396575684903,3.006224964223009,all,2019-04-25
KHC,KHC.O,2019-05-20,ESG-GJR-GARCH(E),0.2756851049292743,3.015963376185118,E,2019-04-25
KHC,KHC.O,2019-05-20,ESG-GJR-GARCH(G),0.2721325941756214,2.9387360639981552,G,2019-04-25
KHC,KHC.O,2019-05-20,ESG-GJR-GARCH(S),0.2712909544097606,2.92058658510154,S,2019-04-25
KHC,KHC.O,2019-05-20,GARCH,0.2683653205090194,2.857934335393203,,2019-04-25
KHC,KHC.O,2019-05-20,GJR-GARCH,0.2704163123065477,2.901784998471125,,2019-04-25
KHC,KHC.O,2019-05-21,EGARCH,0.3578139869611473,5.080589256548894,,2019-04-25
KHC,KHC.O,2019-05-21,ESG-EGARCH,0.3592310473607675,5.1209105312664285,all,2019-04-25
KHC,KHC.O,2019-05-21,ESG-EGARCH(E),0.3595055438364999,5.128739525761015,E,2019-04-25
KHC,KHC.O,2019-05-21,ESG-EGARCH(G),0.3583556043262325,5.09598171238172,G,2019-04-25
KHC,KHC.O,2019-05-21,ESG-EGARCH(S),0.3582264365010113,5.09230872254814,S,2019-04-25
KHC,KHC.O,2019-05-21,ESG-GARCH,0.2748779969356701,2.9983298888637404,all,2019-04-25
KHC,KHC.O,2019-05-21,ESG-GARCH(E),0.2752871161259465,3.007261758132555,E,2019-04-25
KHC,KHC.O,2019-05-21,ESG-GARCH(G),0.2719338625885615,2.934445461203757,G,2019-04-25
KHC,KHC.O,2019-05-21,ESG-GARCH(S),0.2711271760728997,2.917061333542269,S,2019-04-25
KHC,KHC.O,2019-05-21,ESG-GJR-GARCH,0.2752396575684903,3.006224964223009,all,2019-04-25
KHC,KHC.O,2019-05-21,ESG-GJR-GARCH(E),0.2756851049292743,3.015963376185118,E,2019-04-25
KHC,KHC.O,2019-05-21,ESG-GJR-GARCH(G),0.2721325941756214,2.9387360639981552,G,2019-04-25
KHC,KHC.O,2019-05-21,ESG-GJR-GARCH(S),0.2712909544097606,2.92058658510154,S,2019-04-25
KHC,KHC.O,2019-05-21,GARCH,0.2683653205090194,2.857934335393203,,2019-04-25
KHC,KHC.O,2019-05-21,GJR-GARCH,0.2704163123065477,2.901784998471125,,2019-04-25
KHC,KHC.O,2019-05-22,EGARCH,0.3578139869611473,5.080589256548894,,2019-04-25
KHC,KHC.O,2019-05-22,ESG-EGARCH,0.3592310473607675,5.1209105312664285,all,2019-04-25
KHC,KHC.O,2019-05-22,ESG-EGARCH(E),0.3595055438364999,5.128739525761015,E,2019-04-25
KHC,KHC.O,2019-05-22,ESG-EGARCH(G),0.3583556043262325,5.09598171238172,G,2019-04-25
KHC,KHC.O,2019-05-22,ESG-EGARCH(S),0.3582264365010113,5.09230872254814,S,2019-04-25
KHC,KHC.O,2019-05-22,ESG-GARCH,0.2748779969356701,2.9983298888637404,all,2019-04-25
KHC,KHC.O,2019-05-22,ESG-GARCH(E),0.2752871161259465,3.007261758132555,E,2019-04-25
KHC,KHC.O,2019-05-22,ESG-GARCH(G),0.2719338625885615,2.934445461203757,G,2019-04-25
KHC,KHC.O,2019-05-22,ESG-GARCH(S),0.2711271760728997,2.917061333542269,S,2019-04-25
KHC,KHC.O,2019-05-22,ESG-GJR-GARCH,0.2752396575684903,3.006224964223009,all,2019-04-25
KHC,KHC.O,2019-05-22,ESG-GJR-GARCH(E),0.2756851049292743,3.015963376185118,E,2019-04-25
KHC,KHC.O,2019-05-22,ESG-GJR-GARCH(G),0.2721325941756214,2.9387360639981552,G,2019-04-25
KHC,KHC.O,2019-05-22,ESG-GJR-GARCH(S),0.2712909544097606,2.92058658510154,S,2019-04-25
KHC,KHC.O,2019-05-22,GARCH,0.2683653205090194,2.857934335393203,,2019-04-25
KHC,KHC.O,2019-05-22,GJR-GARCH,0.2704163123065477,2.901784998471125,,2019-04-25
KHC,KHC.O,2019-05-23,EGARCH,0.3578139869611473,5.080589256548894,,2019-04-25
KHC,KHC.O,2019-05-23,ESG-EGARCH,0.3592310473607675,5.1209105312664285,all,2019-04-25
KHC,KHC.O,2019-05-23,ESG-EGARCH(E),0.3595055438364999,5.128739525761015,E,2019-04-25
KHC,KHC.O,2019-05-23,ESG-EGARCH(G),0.3583556043262325,5.09598171238172,G,2019-04-25
KHC,KHC.O,2019-05-23,ESG-EGARCH(S),0.3582264365010113,5.09230872254814,S,2019-04-25
KHC,KHC.O,2019-05-23,ESG-GARCH,0.2748779969356701,2.9983298888637404,all,2019-04-25
KHC,KHC.O,2019-05-23,ESG-GARCH(E),0.2752871161259465,3.007261758132555,E,2019-04-25
KHC,KHC.O,2019-05-23,ESG-GARCH(G),0.2719338625885615,2.934445461203757,G,2019-04-25
KHC,KHC.O,2019-05-23,ESG-GARCH(S),0.2711271760728997,2.917061333542269,S,2019-04-25
KHC,KHC.O,2019-05-23,ESG-GJR-GARCH,0.2752396575684903,3.006224964223009,all,2019-04-25
KHC,KHC.O,2019-05-23,ESG-GJR-GARCH(E),0.2756851049292743,3.015963376185118,E,2019-04-25
KHC,KHC.O,2019-05-23,ESG-GJR-GARCH(G),0.2721325941756214,2.9387360639981552,G,2019-04-25
KHC,KHC.O,2019-05-23,ESG-GJR-GARCH(S),0.2712909544097606,2.92058658510154,S,2019-04-25
KHC,KHC.O,2019-05-23,GARCH,0.2683653205090194,2.857934335393203,,2019-04-25
KHC,KHC.O,2019-05-23,GJR-GARCH,0.2704163123065477,2.901784998471125,,2019-04-25
KHC,KHC.O,2019-05-24,EGARCH,0.3578139869611473,5.080589256548894,,2019-04-25
KHC,KHC.O,2019-05-24,ESG-EGARCH,0.3592310473607675,5.1209105312664285,all,2019-04-25
KHC,KHC.O,2019-05-24,ESG-EGARCH(E),0.3595055438364999,5.128739525761015,E,2019-04-25
KHC,KHC.O,2019-05-24,ESG-EGARCH(G),0.3583556043262325,5.09598171238172,G,2019-04-25
KHC,KHC.O,2019-05-24,ESG-EGARCH(S),0.3582264365010113,5.09230872254814,S,2019-04-25
KHC,KHC.O,2019-05-24,ESG-GARCH,0.2748779969356701,2.9983298888637404,all,2019-04-25
KHC,KHC.O,2019-05-24,ESG-GARCH(E),0.2752871161259465,3.007261758132555,E,2019-04-25
KHC,KHC.O,2019-05-24,ESG-GARCH(G),0.2719338625885615,2.934445461203757,G,2019-04-25
KHC,KHC.O,2019-05-24,ESG-GARCH(S),0.2711271760728997,2.917061333542269,S,2019-04-25
KHC,KHC.O,2019-05-24,ESG-GJR-GARCH,0.2752396575684903,3.006224964223009,all,2019-04-25
KHC,KHC.O,2019-05-24,ESG-GJR-GARCH(E),0.2756851049292743,3.015963376185118,E,2019-04-25
KHC,KHC.O,2019-05-24,ESG-GJR-GARCH(G),0.2721325941756214,2.9387360639981552,G,2019-04-25
KHC,KHC.O,2019-05-24,ESG-GJR-GARCH(S),0.2712909544097606,2.92058658510154,S,2019-04-25
KHC,KHC.O,2019-05-24,GARCH,0.2683653205090194,2.857934335393203,,2019-04-25
KHC,KHC.O,2019-05-24,GJR-GARCH,0.2704163123065477,2.901784998471125,,2019-04-25
KHC,KHC.O,2019-05-29,EGARCH,0.3287986072348436,4.290020798395752,,2019-05-29
KHC,KHC.O,2019-05-29,ESG-EGARCH,0.3296758704736181,4.312943633830867,all,2019-05-29
KHC,KHC.O,2019-05-29,ESG-EGARCH(E),0.3297130714921228,4.313917044157526,E,2019-05-29
KHC,KHC.O,2019-05-29,ESG-EGARCH(G),0.3288181633150396,4.290531131979209,G,2019-05-29
KHC,KHC.O,2019-05-29,ESG-EGARCH(S),0.3287306291065093,4.288247083839738,S,2019-05-29
KHC,KHC.O,2019-05-29,ESG-GARCH,0.2732173546179415,2.9622112247788097,all,2019-05-29
KHC,KHC.O,2019-05-29,ESG-GARCH(E),0.2735612263595183,2.9696724034652227,E,2019-05-29
KHC,KHC.O,2019-05-29,ESG-GARCH(G),0.2711352458369652,2.9172349815504592,G,2019-05-29
KHC,KHC.O,2019-05-29,ESG-GARCH(S),0.2705408100245641,2.904457535267749,S,2019-05-29
KHC,KHC.O,2019-05-29,ESG-GJR-GARCH,0.2747091975490756,2.9946485403990906,all,2019-05-29
KHC,KHC.O,2019-05-29,ESG-GJR-GARCH(E),0.2750975652130232,3.0031218407195865,E,2019-05-29
KHC,KHC.O,2019-05-29,ESG-GJR-GARCH(G),0.2724976398764984,2.9466255451691192,G,2019-05-29
KHC,KHC.O,2019-05-29,ESG-GJR-GARCH(S),0.2718604970107306,2.9328622950365664,S,2019-05-29
KHC,KHC.O,2019-05-29,GARCH,0.2673868937887967,2.837132975000844,,2019-05-29
KHC,KHC.O,2019-05-29,GJR-GARCH,0.2696867760036035,2.886149093302295,,2019-05-29
KHC,KHC.O,2019-05-30,EGARCH,0.3287986072348436,4.290020798395752,,2019-05-29
KHC,KHC.O,2019-05-30,ESG-EGARCH,0.3296758704736181,4.312943633830867,all,2019-05-29
KHC,KHC.O,2019-05-30,ESG-EGARCH(E),0.3297130714921228,4.313917044157526,E,2019-05-29
KHC,KHC.O,2019-05-30,ESG-EGARCH(G),0.3288181633150396,4.290531131979209,G,2019-05-29
KHC,KHC.O,2019-05-30,ESG-EGARCH(S),0.3287306291065093,4.288247083839738,S,2019-05-29
KHC,KHC.O,2019-05-30,ESG-GARCH,0.2732173546179415,2.9622112247788097,all,2019-05-29
KHC,KHC.O,2019-05-30,ESG-GARCH(E),0.2735612263595183,2.9696724034652227,E,2019-05-29
KHC,KHC.O,2019-05-30,ESG-GARCH(G),0.2711352458369652,2.9172349815504592,G,2019-05-29
KHC,KHC.O,2019-05-30,ESG-GARCH(S),0.2705408100245641,2.904457535267749,S,2019-05-29
KHC,KHC.O,2019-05-30,ESG-GJR-GARCH,0.2747091975490756,2.9946485403990906,all,2019-05-29
KHC,KHC.O,2019-05-30,ESG-GJR-GARCH(E),0.2750975652130232,3.0031218407195865,E,2019-05-29
KHC,KHC.O,2019-05-30,ESG-GJR-GARCH(G),0.2724976398764984,2.9466255451691192,G,2019-05-29
KHC,KHC.O,2019-05-30,ESG-GJR-GARCH(S),0.2718604970107306,2.9328622950365664,S,2019-05-29
KHC,KHC.O,2019-05-30,GARCH,0.2673868937887967,2.837132975000844,,2019-05-29
KHC,KHC.O,2019-05-30,GJR-GARCH,0.2696867760036035,2.886149093302295,,2019-05-29
KHC,KHC.O,2019-05-31,EGARCH,0.3287986072348436,4.290020798395752,,2019-05-29
KHC,KHC.O,2019-05-31,ESG-EGARCH,0.3296758704736181,4.312943633830867,all,2019-05-29
KHC,KHC.O,2019-05-31,ESG-EGARCH(E),0.3297130714921228,4.313917044157526,E,2019-05-29
KHC,KHC.O,2019-05-31,ESG-EGARCH(G),0.3288181633150396,4.290531131979209,G,2019-05-29
KHC,KHC.O,2019-05-31,ESG-EGARCH(S),0.3287306291065093,4.288247083839738,S,2019-05-29
KHC,KHC.O,2019-05-31,ESG-GARCH,0.2732173546179415,2.9622112247788097,all,2019-05-29
KHC,KHC.O,2019-05-31,ESG-GARCH(E),0.2735612263595183,2.9696724034652227,E,2019-05-29
KHC,KHC.O,2019-05-31,ESG-GARCH(G),0.2711352458369652,2.9172349815504592,G,2019-05-29
KHC,KHC.O,2019-05-31,ESG-GARCH(S),0.2705408100245641,2.904457535267749,S,2019-05-29
KHC,KHC.O,2019-05-31,ESG-GJR-GARCH,0.2747091975490756,2.9946485403990906,all,2019-05-29
KHC,KHC.O,2019-05-31,ESG-GJR-GARCH(E),0.2750975652130232,3.0031218407195865,E,2019-05-29
KHC,KHC.O,2019-05-31,ESG-GJR-GARCH(G),0.2724976398764984,2.9466255451691192,G,2019-05-29
KHC,KHC.O,2019-05-31,ESG-GJR-GARCH(S),0.2718604970107306,2.9328622950365664,S,2019-05-29
KHC,KHC.O,2019-05-31,GARCH,0.2673868937887967,2.837132975000844,,2019-05-29
KHC,KHC.O,2019-05-31,GJR-GARCH,0.2696867760036035,2.886149093302295,,2019-05-29
KHC,KHC.O,2019-06-03,EGARCH,0.3287986072348436,4.290020798395752,,2019-05-29
KHC,KHC.O,2019-06-03,ESG-EGARCH,0.3296758704736181,4.312943633830867,all,2019-05-29
KHC,KHC.O,2019-06-03,ESG-EGARCH(E),0.3297130714921228,4.313917044157526,E,2019-05-29
KHC,KHC.O,2019-06-03,ESG-EGARCH(G),0.3288181633150396,4.290531131979209,G,2019-05-29
KHC,KHC.O,2019-06-03,ESG-EGARCH(S),0.3287306291065093,4.288247083839738,S,2019-05-29
KHC,KHC.O,2019-06-03,ESG-GARCH,0.2732173546179415,2.9622112247788097,all,2019-05-29
KHC,KHC.O,2019-06-03,ESG-GARCH(E),0.2735612263595183,2.9696724034652227,E,2019-05-29
KHC,KHC.O,2019-06-03,ESG-GARCH(G),0.2711352458369652,2.9172349815504592,G,2019-05-29
KHC,KHC.O,2019-06-03,ESG-GARCH(S),0.2705408100245641,2.904457535267749,S,2019-05-29
KHC,KHC.O,2019-06-03,ESG-GJR-GARCH,0.2747091975490756,2.9946485403990906,all,2019-05-29
KHC,KHC.O,2019-06-03,ESG-GJR-GARCH(E),0.2750975652130232,3.0031218407195865,E,2019-05-29
KHC,KHC.O,2019-06-03,ESG-GJR-GARCH(G),0.2724976398764984,2.9466255451691192,G,2019-05-29
KHC,KHC.O,2019-06-03,ESG-GJR-GARCH(S),0.2718604970107306,2.9328622950365664,S,2019-05-29
KHC,KHC.O,2019-06-03,GARCH,0.2673868937887967,2.837132975000844,,2019-05-29
KHC,KHC.O,2019-06-03,GJR-GARCH,0.2696867760036035,2.886149093302295,,2019-05-29
KHC,KHC.O,2019-06-04,EGARCH,0.3287986072348436,4.290020798395752,,2019-05-29
KHC,KHC.O,2019-06-04,ESG-EGARCH,0.3296758704736181,4.312943633830867,all,2019-05-29
KHC,KHC.O,2019-06-04,ESG-EGARCH(E),0.3297130714921228,4.313917044157526,E,2019-05-29
KHC,KHC.O,2019-06-04,ESG-EGARCH(G),0.3288181633150396,4.290531131979209,G,2019-05-29
KHC,KHC.O,2019-06-04,ESG-EGARCH(S),0.3287306291065093,4.288247083839738,S,2019-05-29
KHC,KHC.O,2019-06-04,ESG-GARCH,0.2732173546179415,2.9622112247788097,all,2019-05-29
KHC,KHC.O,2019-06-04,ESG-GARCH(E),0.2735612263595183,2.9696724034652227,E,2019-05-29
KHC,KHC.O,2019-06-04,ESG-GARCH(G),0.2711352458369652,2.9172349815504592,G,2019-05-29
KHC,KHC.O,2019-06-04,ESG-GARCH(S),0.2705408100245641,2.904457535267749,S,2019-05-29
KHC,KHC.O,2019-06-04,ESG-GJR-GARCH,0.2747091975490756,2.9946485403990906,all,2019-05-29
KHC,KHC.O,2019-06-04,ESG-GJR-GARCH(E),0.2750975652130232,3.0031218407195865,E,2019-05-29
KHC,KHC.O,2019-06-04,ESG-GJR-GARCH(G),0.2724976398764984,2.9466255451691192,G,2019-05-29
KHC,KHC.O,2019-06-04,ESG-GJR-GARCH(S),0.2718604970107306,2.9328622950365664,S,2019-05-29
KHC,KHC.O,2019-06-04,GARCH,0.2673868937887967,2.837132975000844,,2019-05-29
KHC,KHC.O,2019-06-04,GJR-GARCH,0.2696867760036035,2.886149093302295,,2019-05-29
KHC,KHC.O,2019-06-05,EGARCH,0.3287986072348436,4.290020798395752,,2019-05-29
KHC,KHC.O,2019-06-05,ESG-EGARCH,0.3296758704736181,4.312943633830867,all,2019-05-29
KHC,KHC.O,2019-06-05,ESG-EGARCH(E),0.3297130714921228,4.313917044157526,E,2019-05-29
KHC,KHC.O,2019-06-05,ESG-EGARCH(G),0.3288181633150396,4.290531131979209,G,2019-05-29
KHC,KHC.O,2019-06-05,ESG-EGARCH(S),0.3287306291065093,4.288247083839738,S,2019-05-29
KHC,KHC.O,2019-06-05,ESG-GARCH,0.2732173546179415,2.9622112247788097,all,2019-05-29
KHC,KHC.O,2019-06-05,ESG-GARCH(E),0.2735612263595183,2.9696724034652227,E,2019-05-29
KHC,KHC.O,2019-06-05,ESG-GARCH(G),0.2711352458369652,2.9172349815504592,G,2019-05-29
KHC,KHC.O,2019-06-05,ESG-GARCH(S),0.2705408100245641,2.904457535267749,S,2019-05-29
KHC,KHC.O,2019-06-05,ESG-GJR-GARCH,0.2747091975490756,2.9946485403990906,all,2019-05-29
KHC,KHC.O,2019-06-05,ESG-GJR-GARCH(E),0.2750975652130232,3.0031218407195865,E,2019-05-29
KHC,KHC.O,2019-06-05,ESG-GJR-GARCH(G),0.2724976398764984,2.9466255451691192,G,2019-05-29
KHC,KHC.O,2019-06-05,ESG-GJR-GARCH(S),0.2718604970107306,2.9328622950365664,S,2019-05-29
KHC,KHC.O,2019-06-05,GARCH,0.2673868937887967,2.837132975000844,,2019-05-29
KHC,KHC.O,2019-06-05,GJR-GARCH,0.2696867760036035,2.886149093302295,,2019-05-29
KHC,KHC.O,2019-06-06,EGARCH,0.3287986072348436,4.290020798395752,,2019-05-29
KHC,KHC.O,2019-06-06,ESG-EGARCH,0.3296758704736181,4.312943633830867,all,2019-05-29
KHC,KHC.O,2019-06-06,ESG-EGARCH(E),0.3297130714921228,4.313917044157526,E,2019-05-29
KHC,KHC.O,2019-06-06,ESG-EGARCH(G),0.3288181633150396,4.290531131979209,G,2019-05-29
KHC,KHC.O,2019-06-06,ESG-EGARCH(S),0.3287306291065093,4.288247083839738,S,2019-05-29
KHC,KHC.O,2019-06-06,ESG-GARCH,0.2732173546179415,2.9622112247788097,all,2019-05-29
KHC,KHC.O,2019-06-06,ESG-GARCH(E),0.2735612263595183,2.9696724034652227,E,2019-05-29
KHC,KHC.O,2019-06-06,ESG-GARCH(G),0.2711352458369652,2.9172349815504592,G,2019-05-29
KHC,KHC.O,2019-06-06,ESG-GARCH(S),0.2705408100245641,2.904457535267749,S,2019-05-29
KHC,KHC.O,2019-06-06,ESG-GJR-GARCH,0.2747091975490756,2.9946485403990906,all,2019-05-29
KHC,KHC.O,2019-06-06,ESG-GJR-GARCH(E),0.2750975652130232,3.0031218407195865,E,2019-05-29
KHC,KHC.O,2019-06-06,ESG-GJR-GARCH(G),0.2724976398764984,2.9466255451691192,G,2019-05-29
KHC,KHC.O,2019-06-06,ESG-GJR-GARCH(S),0.2718604970107306,2.9328622950365664,S,2019-05-29
KHC,KHC.O,2019-06-06,GARCH,0.2673868937887967,2.837132975000844,,2019-05-29
KHC,KHC.O,2019-06-06,GJR-GARCH,0.2696867760036035,2.886149093302295,,2019-05-29
KHC,KHC.O,2019-06-07,EGARCH,0.3287986072348436,4.290020798395752,,2019-05-29
KHC,KHC.O,2019-06-07,ESG-EGARCH,0.3296758704736181,4.312943633830867,all,2019-05-29
KHC,KHC.O,2019-06-07,ESG-EGARCH(E),0.3297130714921228,4.313917044157526,E,2019-05-29
KHC,KHC.O,2019-06-07,ESG-EGARCH(G),0.3288181633150396,4.290531131979209,G,2019-05-29
KHC,KHC.O,2019-06-07,ESG-EGARCH(S),0.3287306291065093,4.288247083839738,S,2019-05-29
KHC,KHC.O,2019-06-07,ESG-GARCH,0.2732173546179415,2.9622112247788097,all,2019-05-29
KHC,KHC.O,2019-06-07,ESG-GARCH(E),0.2735612263595183,2.9696724034652227,E,2019-05-29
KHC,KHC.O,2019-06-07,ESG-GARCH(G),0.2711352458369652,2.9172349815504592,G,2019-05-29
KHC,KHC.O,2019-06-07,ESG-GARCH(S),0.2705408100245641,2.904457535267749,S,2019-05-29
KHC,KHC.O,2019-06-07,ESG-GJR-GARCH,0.2747091975490756,2.9946485403990906,all,2019-05-29
KHC,KHC.O,2019-06-07,ESG-GJR-GARCH(E),0.2750975652130232,3.0031218407195865,E,2019-05-29
KHC,KHC.O,2019-06-07,ESG-GJR-GARCH(G),0.2724976398764984,2.9466255451691192,G,2019-05-29
KHC,KHC.O,2019-06-07,ESG-GJR-GARCH(S),0.2718604970107306,2.9328622950365664,S,2019-05-29
KHC,KHC.O,2019-06-07,GARCH,0.2673868937887967,2.837132975000844,,2019-05-29
KHC,KHC.O,2019-06-07,GJR-GARCH,0.2696867760036035,2.886149093302295,,2019-05-29
KHC,KHC.O,2019-06-10,EGARCH,0.3287986072348436,4.290020798395752,,2019-05-29
KHC,KHC.O,2019-06-10,ESG-EGARCH,0.3296758704736181,4.312943633830867,all,2019-05-29
KHC,KHC.O,2019-06-10,ESG-EGARCH(E),0.3297130714921228,4.313917044157526,E,2019-05-29
KHC,KHC.O,2019-06-10,ESG-EGARCH(G),0.3288181633150396,4.290531131979209,G,2019-05-29
KHC,KHC.O,2019-06-10,ESG-EGARCH(S),0.3287306291065093,4.288247083839738,S,2019-05-29
KHC,KHC.O,2019-06-10,ESG-GARCH,0.2732173546179415,2.9622112247788097,all,2019-05-29
KHC,KHC.O,2019-06-10,ESG-GARCH(E),0.2735612263595183,2.9696724034652227,E,2019-05-29
KHC,KHC.O,2019-06-10,ESG-GARCH(G),0.2711352458369652,2.9172349815504592,G,2019-05-29
KHC,KHC.O,2019-06-10,ESG-GARCH(S),0.2705408100245641,2.904457535267749,S,2019-05-29
KHC,KHC.O,2019-06-10,ESG-GJR-GARCH,0.2747091975490756,2.9946485403990906,all,2019-05-29
KHC,KHC.O,2019-06-10,ESG-GJR-GARCH(E),0.2750975652130232,3.0031218407195865,E,2019-05-29
KHC,KHC.O,2019-06-10,ESG-GJR-GARCH(G),0.2724976398764984,2.9466255451691192,G,2019-05-29
KHC,KHC.O,2019-06-10,ESG-GJR-GARCH(S),0.2718604970107306,2.9328622950365664,S,2019-05-29
KHC,KHC.O,2019-06-10,GARCH,0.2673868937887967,2.837132975000844,,2019-05-29
KHC,KHC.O,2019-06-10,GJR-GARCH,0.2696867760036035,2.886149093302295,,2019-05-29
KHC,KHC.O,2019-06-11,EGARCH,0.3287986072348436,4.290020798395752,,2019-05-29
KHC,KHC.O,2019-06-11,ESG-EGARCH,0.3296758704736181,4.312943633830867,all,2019-05-29
KHC,KHC.O,2019-06-11,ESG-EGARCH(E),0.3297130714921228,4.313917044157526,E,2019-05-29
KHC,KHC.O,2019-06-11,ESG-EGARCH(G),0.3288181633150396,4.290531131979209,G,2019-05-29
KHC,KHC.O,2019-06-11,ESG-EGARCH(S),0.3287306291065093,4.288247083839738,S,2019-05-29
KHC,KHC.O,2019-06-11,ESG-GARCH,0.2732173546179415,2.9622112247788097,all,2019-05-29
KHC,KHC.O,2019-06-11,ESG-GARCH(E),0.2735612263595183,2.9696724034652227,E,2019-05-29
KHC,KHC.O,2019-06-11,ESG-GARCH(G),0.2711352458369652,2.9172349815504592,G,2019-05-29
KHC,KHC.O,2019-06-11,ESG-GARCH(S),0.2705408100245641,2.904457535267749,S,2019-05-29
KHC,KHC.O,2019-06-11,ESG-GJR-GARCH,0.2747091975490756,2.9946485403990906,all,2019-05-29
KHC,KHC.O,2019-06-11,ESG-GJR-GARCH(E),0.2750975652130232,3.0031218407195865,E,2019-05-29
KHC,KHC.O,2019-06-11,ESG-GJR-GARCH(G),0.2724976398764984,2.9466255451691192,G,2019-05-29
KHC,KHC.O,2019-06-11,ESG-GJR-GARCH(S),0.2718604970107306,2.9328622950365664,S,2019-05-29
KHC,KHC.O,2019-06-11,GARCH,0.2673868937887967,2.837132975000844,,2019-05-29
KHC,KHC.O,2019-06-11,GJR-GARCH,0.2696867760036035,2.886149093302295,,2019-05-29
KHC,KHC.O,2019-06-12,EGARCH,0.3287986072348436,4.290020798395752,,2019-05-29
KHC,KHC.O,2019-06-12,ESG-EGARCH,0.3296758704736181,4.312943633830867,all,2019-05-29
KHC,KHC.O,2019-06-12,ESG-EGARCH(E),0.3297130714921228,4.313917044157526,E,2019-05-29
KHC,KHC.O,2019-06-12,ESG-EGARCH(G),0.3288181633150396,4.290531131979209,G,2019-05-29
KHC,KHC.O,2019-06-12,ESG-EGARCH(S),0.3287306291065093,4.288247083839738,S,2019-05-29
KHC,KHC.O,2019-06-12,ESG-GARCH,0.2732173546179415,2.9622112247788097,all,2019-05-29
KHC,KHC.O,2019-06-12,ESG-GARCH(E),0.2735612263595183,2.9696724034652227,E,2019-05-29
KHC,KHC.O,2019-06-12,ESG-GARCH(G),0.2711352458369652,2.9172349815504592,G,2019-05-29
KHC,KHC.O,2019-06-12,ESG-GARCH(S),0.2705408100245641,2.904457535267749,S,2019-05-29
KHC,KHC.O,2019-06-12,ESG-GJR-GARCH,0.2747091975490756,2.9946485403990906,all,2019-05-29
KHC,KHC.O,2019-06-12,ESG-GJR-GARCH(E),0.2750975652130232,3.0031218407195865,E,2019-05-29
KHC,KHC.O,2019-06-12,ESG-GJR-GARCH(G),0.2724976398764984,2.9466255451691192,G,2019-05-29
KHC,KHC.O,2019-06-12,ESG-GJR-GARCH(S),0.2718604970107306,2.9328622950365664,S,2019-05-29
KHC,KHC.O,2019-06-12,GARCH,0.2673868937887967,2.837132975000844,,2019-05-29
KHC,KHC.O,2019-06-12,GJR-GARCH,0.2696867760036035,2.886149093302295,,2019-05-29
KHC,KHC.O,2019-06-13,EGARCH,0.3287986072348436,4.290020798395752,,2019-05-29
KHC,KHC.O,2019-06-13,ESG-EGARCH,0.3296758704736181,4.312943633830867,all,2019-05-29
KHC,KHC.O,2019-06-13,ESG-EGARCH(E),0.3297130714921228,4.313917044157526,E,2019-05-29
KHC,KHC.O,2019-06-13,ESG-EGARCH(G),0.3288181633150396,4.290531131979209,G,2019-05-29
KHC,KHC.O,2019-06-13,ESG-EGARCH(S),0.3287306291065093,4.288247083839738,S,2019-05-29
KHC,KHC.O,2019-06-13,ESG-GARCH,0.2732173546179415,2.9622112247788097,all,2019-05-29
KHC,KHC.O,2019-06-13,ESG-GARCH(E),0.2735612263595183,2.9696724034652227,E,2019-05-29
KHC,KHC.O,2019-06-13,ESG-GARCH(G),0.2711352458369652,2.9172349815504592,G,2019-05-29
KHC,KHC.O,2019-06-13,ESG-GARCH(S),0.2705408100245641,2.904457535267749,S,2019-05-29
KHC,KHC.O,2019-06-13,ESG-GJR-GARCH,0.2747091975490756,2.9946485403990906,all,2019-05-29
KHC,KHC.O,2019-06-13,ESG-GJR-GARCH(E),0.2750975652130232,3.0031218407195865,E,2019-05-29
KHC,KHC.O,2019-06-13,ESG-GJR-GARCH(G),0.2724976398764984,2.9466255451691192,G,2019-05-29
KHC,KHC.O,2019-06-13,ESG-GJR-GARCH(S),0.2718604970107306,2.9328622950365664,S,2019-05-29
KHC,KHC.O,2019-06-13,GARCH,0.2673868937887967,2.837132975000844,,2019-05-29
KHC,KHC.O,2019-06-13,GJR-GARCH,0.2696867760036035,2.886149093302295,,2019-05-29
KHC,KHC.O,2019-06-14,EGARCH,0.3287986072348436,4.290020798395752,,2019-05-29
KHC,KHC.O,2019-06-14,ESG-EGARCH,0.3296758704736181,4.312943633830867,all,2019-05-29
KHC,KHC.O,2019-06-14,ESG-EGARCH(E),0.3297130714921228,4.313917044157526,E,2019-05-29
KHC,KHC.O,2019-06-14,ESG-EGARCH(G),0.3288181633150396,4.290531131979209,G,2019-05-29
KHC,KHC.O,2019-06-14,ESG-EGARCH(S),0.3287306291065093,4.288247083839738,S,2019-05-29
KHC,KHC.O,2019-06-14,ESG-GARCH,0.2732173546179415,2.9622112247788097,all,2019-05-29
KHC,KHC.O,2019-06-14,ESG-GARCH(E),0.2735612263595183,2.9696724034652227,E,2019-05-29
KHC,KHC.O,2019-06-14,ESG-GARCH(G),0.2711352458369652,2.9172349815504592,G,2019-05-29
KHC,KHC.O,2019-06-14,ESG-GARCH(S),0.2705408100245641,2.904457535267749,S,2019-05-29
KHC,KHC.O,2019-06-14,ESG-GJR-GARCH,0.2747091975490756,2.9946485403990906,all,2019-05-29
KHC,KHC.O,2019-06-14,ESG-GJR-GARCH(E),0.2750975652130232,3.0031218407195865,E,2019-05-29
KHC,KHC.O,2019-06-14,ESG-GJR-GARCH(G),0.2724976398764984,2.9466255451691192,G,2019-05-29
KHC,KHC.O,2019-06-14,ESG-GJR-GARCH(S),0.2718604970107306,2.9328622950365664,S,2019-05-29
KHC,KHC.O,2019-06-14,GARCH,0.2673868937887967,2.837132975000844,,2019-05-29
KHC,KHC.O,2019-06-14,GJR-GARCH,0.2696867760036035,2.886149093302295,,2019-05-29
KHC,KHC.O,2019-06-17,EGARCH,0.3287986072348436,4.290020798395752,,2019-05-29
KHC,KHC.O,2019-06-17,ESG-EGARCH,0.3296758704736181,4.312943633830867,all,2019-05-29
KHC,KHC.O,2019-06-17,ESG-EGARCH(E),0.3297130714921228,4.313917044157526,E,2019-05-29
KHC,KHC.O,2019-06-17,ESG-EGARCH(G),0.3288181633150396,4.290531131979209,G,2019-05-29
KHC,KHC.O,2019-06-17,ESG-EGARCH(S),0.3287306291065093,4.288247083839738,S,2019-05-29
KHC,KHC.O,2019-06-17,ESG-GARCH,0.2732173546179415,2.9622112247788097,all,2019-05-29
KHC,KHC.O,2019-06-17,ESG-GARCH(E),0.2735612263595183,2.9696724034652227,E,2019-05-29
KHC,KHC.O,2019-06-17,ESG-GARCH(G),0.2711352458369652,2.9172349815504592,G,2019-05-29
KHC,KHC.O,2019-06-17,ESG-GARCH(S),0.2705408100245641,2.904457535267749,S,2019-05-29
KHC,KHC.O,2019-06-17,ESG-GJR-GARCH,0.2747091975490756,2.9946485403990906,all,2019-05-29
KHC,KHC.O,2019-06-17,ESG-GJR-GARCH(E),0.2750975652130232,3.0031218407195865,E,2019-05-29
KHC,KHC.O,2019-06-17,ESG-GJR-GARCH(G),0.2724976398764984,2.9466255451691192,G,2019-05-29
KHC,KHC.O,2019-06-17,ESG-GJR-GARCH(S),0.2718604970107306,2.9328622950365664,S,2019-05-29
KHC,KHC.O,2019-06-17,GARCH,0.2673868937887967,2.837132975000844,,2019-05-29
KHC,KHC.O,2019-06-17,GJR-GARCH,0.2696867760036035,2.886149093302295,,2019-05-29
KHC,KHC.O,2019-06-18,EGARCH,0.3287986072348436,4.290020798395752,,2019-05-29
KHC,KHC.O,2019-06-18,ESG-EGARCH,0.3296758704736181,4.312943633830867,all,2019-05-29
KHC,KHC.O,2019-06-18,ESG-EGARCH(E),0.3297130714921228,4.313917044157526,E,2019-05-29
KHC,KHC.O,2019-06-18,ESG-EGARCH(G),0.3288181633150396,4.290531131979209,G,2019-05-29
KHC,KHC.O,2019-06-18,ESG-EGARCH(S),0.3287306291065093,4.288247083839738,S,2019-05-29
KHC,KHC.O,2019-06-18,ESG-GARCH,0.2732173546179415,2.9622112247788097,all,2019-05-29
KHC,KHC.O,2019-06-18,ESG-GARCH(E),0.2735612263595183,2.9696724034652227,E,2019-05-29
KHC,KHC.O,2019-06-18,ESG-GARCH(G),0.2711352458369652,2.9172349815504592,G,2019-05-29
KHC,KHC.O,2019-06-18,ESG-GARCH(S),0.2705408100245641,2.904457535267749,S,2019-05-29
KHC,KHC.O,2019-06-18,ESG-GJR-GARCH,0.2747091975490756,2.9946485403990906,all,2019-05-29
KHC,KHC.O,2019-06-18,ESG-GJR-GARCH(E),0.2750975652130232,3.0031218407195865,E,2019-05-29
KHC,KHC.O,2019-06-18,ESG-GJR-GARCH(G),0.2724976398764984,2.9466255451691192,G,2019-05-29
KHC,KHC.O,2019-06-18,ESG-GJR-GARCH(S),0.2718604970107306,2.9328622950365664,S,2019-05-29
KHC,KHC.O,2019-06-18,GARCH,0.2673868937887967,2.837132975000844,,2019-05-29
KHC,KHC.O,2019-06-18,GJR-GARCH,0.2696867760036035,2.886149093302295,,2019-05-29
KHC,KHC.O,2019-06-19,EGARCH,0.3287986072348436,4.290020798395752,,2019-05-29
KHC,KHC.O,2019-06-19,ESG-EGARCH,0.3296758704736181,4.312943633830867,all,2019-05-29
KHC,KHC.O,2019-06-19,ESG-EGARCH(E),0.3297130714921228,4.313917044157526,E,2019-05-29
KHC,KHC.O,2019-06-19,ESG-EGARCH(G),0.3288181633150396,4.290531131979209,G,2019-05-29
KHC,KHC.O,2019-06-19,ESG-EGARCH(S),0.3287306291065093,4.288247083839738,S,2019-05-29
KHC,KHC.O,2019-06-19,ESG-GARCH,0.2732173546179415,2.9622112247788097,all,2019-05-29
KHC,KHC.O,2019-06-19,ESG-GARCH(E),0.2735612263595183,2.9696724034652227,E,2019-05-29
KHC,KHC.O,2019-06-19,ESG-GARCH(G),0.2711352458369652,2.9172349815504592,G,2019-05-29
KHC,KHC.O,2019-06-19,ESG-GARCH(S),0.2705408100245641,2.904457535267749,S,2019-05-29
KHC,KHC.O,2019-06-19,ESG-GJR-GARCH,0.2747091975490756,2.9946485403990906,all,2019-05-29
KHC,KHC.O,2019-06-19,ESG-GJR-GARCH(E),0.2750975652130232,3.0031218407195865,E,2019-05-29
KHC,KHC.O,2019-06-19,ESG-GJR-GARCH(G),0.2724976398764984,2.9466255451691192,G,2019-05-29
KHC,KHC.O,2019-06-19,ESG-GJR-GARCH(S),0.2718604970107306,2.9328622950365664,S,2019-05-29
KHC,KHC.O,2019-06-19,GARCH,0.2673868937887967,2.837132975000844,,2019-05-29
KHC,KHC.O,2019-06-19,GJR-GARCH,0.2696867760036035,2.886149093302295,,2019-05-29
KHC,KHC.O,2019-06-20,EGARCH,0.3287986072348436,4.290020798395752,,2019-05-29
KHC,KHC.O,2019-06-20,ESG-EGARCH,0.3296758704736181,4.312943633830867,all,2019-05-29
KHC,KHC.O,2019-06-20,ESG-EGARCH(E),0.3297130714921228,4.313917044157526,E,2019-05-29
KHC,KHC.O,2019-06-20,ESG-EGARCH(G),0.3288181633150396,4.290531131979209,G,2019-05-29
KHC,KHC.O,2019-06-20,ESG-EGARCH(S),0.3287306291065093,4.288247083839738,S,2019-05-29
KHC,KHC.O,2019-06-20,ESG-GARCH,0.2732173546179415,2.9622112247788097,all,2019-05-29
KHC,KHC.O,2019-06-20,ESG-GARCH(E),0.2735612263595183,2.9696724034652227,E,2019-05-29
KHC,KHC.O,2019-06-20,ESG-GARCH(G),0.2711352458369652,2.9172349815504592,G,2019-05-29
KHC,KHC.O,2019-06-20,ESG-GARCH(S),0.2705408100245641,2.904457535267749,S,2019-05-29
KHC,KHC.O,2019-06-20,ESG-GJR-GARCH,0.2747091975490756,2.9946485403990906,all,2019-05-29
KHC,KHC.O,2019-06-20,ESG-GJR-GARCH(E),0.2750975652130232,3.0031218407195865,E,2019-05-29
KHC,KHC.O,2019-06-20,ESG-GJR-GARCH(G),0.2724976398764984,2.9466255451691192,G,2019-05-29
KHC,KHC.O,2019-06-20,ESG-GJR-GARCH(S),0.2718604970107306,2.9328622950365664,S,2019-05-29
KHC,KHC.O,2019-06-20,GARCH,0.2673868937887967,2.837132975000844,,2019-05-29
KHC,KHC.O,2019-06-20,GJR-GARCH,0.2696867760036035,2.886149093302295,,2019-05-29
KHC,KHC.O,2019-06-21,EGARCH,0.3287986072348436,4.290020798395752,,2019-05-29
KHC,KHC.O,2019-06-21,ESG-EGARCH,0.3296758704736181,4.312943633830867,all,2019-05-29
KHC,KHC.O,2019-06-21,ESG-EGARCH(E),0.3297130714921228,4.313917044157526,E,2019-05-29
KHC,KHC.O,2019-06-21,ESG-EGARCH(G),0.3288181633150396,4.290531131979209,G,2019-05-29
KHC,KHC.O,2019-06-21,ESG-EGARCH(S),0.3287306291065093,4.288247083839738,S,2019-05-29
KHC,KHC.O,2019-06-21,ESG-GARCH,0.2732173546179415,2.9622112247788097,all,2019-05-29
KHC,KHC.O,2019-06-21,ESG-GARCH(E),0.2735612263595183,2.9696724034652227,E,2019-05-29
KHC,KHC.O,2019-06-21,ESG-GARCH(G),0.2711352458369652,2.9172349815504592,G,2019-05-29
KHC,KHC.O,2019-06-21,ESG-GARCH(S),0.2705408100245641,2.904457535267749,S,2019-05-29
KHC,KHC.O,2019-06-21,ESG-GJR-GARCH,0.2747091975490756,2.9946485403990906,all,2019-05-29
KHC,KHC.O,2019-06-21,ESG-GJR-GARCH(E),0.2750975652130232,3.0031218407195865,E,2019-05-29
KHC,KHC.O,2019-06-21,ESG-GJR-GARCH(G),0.2724976398764984,2.9466255451691192,G,2019-05-29
KHC,KHC.O,2019-06-21,ESG-GJR-GARCH(S),0.2718604970107306,2.9328622950365664,S,2019-05-29
KHC,KHC.O,2019-06-21,GARCH,0.2673868937887967,2.837132975000844,,2019-05-29
KHC,KHC.O,2019-06-21,GJR-GARCH,0.2696867760036035,2.886149093302295,,2019-05-29
KHC,KHC.O,2019-06-24,EGARCH,0.3287986072348436,4.290020798395752,,2019-05-29
KHC,KHC.O,2019-06-24,ESG-EGARCH,0.3296758704736181,4.312943633830867,all,2019-05-29
KHC,KHC.O,2019-06-24,ESG-EGARCH(E),0.3297130714921228,4.313917044157526,E,2019-05-29
KHC,KHC.O,2019-06-24,ESG-EGARCH(G),0.3288181633150396,4.290531131979209,G,2019-05-29
KHC,KHC.O,2019-06-24,ESG-EGARCH(S),0.3287306291065093,4.288247083839738,S,2019-05-29
KHC,KHC.O,2019-06-24,ESG-GARCH,0.2732173546179415,2.9622112247788097,all,2019-05-29
KHC,KHC.O,2019-06-24,ESG-GARCH(E),0.2735612263595183,2.9696724034652227,E,2019-05-29
KHC,KHC.O,2019-06-24,ESG-GARCH(G),0.2711352458369652,2.9172349815504592,G,2019-05-29
KHC,KHC.O,2019-06-24,ESG-GARCH(S),0.2705408100245641,2.904457535267749,S,2019-05-29
KHC,KHC.O,2019-06-24,ESG-GJR-GARCH,0.2747091975490756,2.9946485403990906,all,2019-05-29
KHC,KHC.O,2019-06-24,ESG-GJR-GARCH(E),0.2750975652130232,3.0031218407195865,E,2019-05-29
KHC,KHC.O,2019-06-24,ESG-GJR-GARCH(G),0.2724976398764984,2.9466255451691192,G,2019-05-29
KHC,KHC.O,2019-06-24,ESG-GJR-GARCH(S),0.2718604970107306,2.9328622950365664,S,2019-05-29
KHC,KHC.O,2019-06-24,GARCH,0.2673868937887967,2.837132975000844,,2019-05-29
KHC,KHC.O,2019-06-24,GJR-GARCH,0.2696867760036035,2.886149093302295,,2019-05-29
KHC,KHC.O,2019-06-25,EGARCH,0.3287986072348436,4.290020798395752,,2019-05-29
KHC,KHC.O,2019-06-25,ESG-EGARCH,0.3296758704736181,4.312943633830867,all,2019-05-29
KHC,KHC.O,2019-06-25,ESG-EGARCH(E),0.3297130714921228,4.313917044157526,E,2019-05-29
KHC,KHC.O,2019-06-25,ESG-EGARCH(G),0.3288181633150396,4.290531131979209,G,2019-05-29
KHC,KHC.O,2019-06-25,ESG-EGARCH(S),0.3287306291065093,4.288247083839738,S,2019-05-29
KHC,KHC.O,2019-06-25,ESG-GARCH,0.2732173546179415,2.9622112247788097,all,2019-05-29
KHC,KHC.O,2019-06-25,ESG-GARCH(E),0.2735612263595183,2.9696724034652227,E,2019-05-29
KHC,KHC.O,2019-06-25,ESG-GARCH(G),0.2711352458369652,2.9172349815504592,G,2019-05-29
KHC,KHC.O,2019-06-25,ESG-GARCH(S),0.2705408100245641,2.904457535267749,S,2019-05-29
KHC,KHC.O,2019-06-25,ESG-GJR-GARCH,0.2747091975490756,2.9946485403990906,all,2019-05-29
KHC,KHC.O,2019-06-25,ESG-GJR-GARCH(E),0.2750975652130232,3.0031218407195865,E,2019-05-29
KHC,KHC.O,2019-06-25,ESG-GJR-GARCH(G),0.2724976398764984,2.9466255451691192,G,2019-05-29
KHC,KHC.O,2019-06-25,ESG-GJR-GARCH(S),0.2718604970107306,2.9328622950365664,S,2019-05-29
KHC,KHC.O,2019-06-25,GARCH,0.2673868937887967,2.837132975000844,,2019-05-29
KHC,KHC.O,2019-06-25,GJR-GARCH,0.2696867760036035,2.886149093302295,,2019-05-29
KHC,KHC.O,2019-06-26,EGARCH,0.3287986072348436,4.290020798395752,,2019-05-29
KHC,KHC.O,2019-06-26,ESG-EGARCH,0.3296758704736181,4.312943633830867,all,2019-05-29
KHC,KHC.O,2019-06-26,ESG-EGARCH(E),0.3297130714921228,4.313917044157526,E,2019-05-29
KHC,KHC.O,2019-06-26,ESG-EGARCH(G),0.3288181633150396,4.290531131979209,G,2019-05-29
KHC,KHC.O,2019-06-26,ESG-EGARCH(S),0.3287306291065093,4.288247083839738,S,2019-05-29
KHC,KHC.O,2019-06-26,ESG-GARCH,0.2732173546179415,2.9622112247788097,all,2019-05-29
KHC,KHC.O,2019-06-26,ESG-GARCH(E),0.2735612263595183,2.9696724034652227,E,2019-05-29
KHC,KHC.O,2019-06-26,ESG-GARCH(G),0.2711352458369652,2.9172349815504592,G,2019-05-29
KHC,KHC.O,2019-06-26,ESG-GARCH(S),0.2705408100245641,2.904457535267749,S,2019-05-29
KHC,KHC.O,2019-06-26,ESG-GJR-GARCH,0.2747091975490756,2.9946485403990906,all,2019-05-29
KHC,KHC.O,2019-06-26,ESG-GJR-GARCH(E),0.2750975652130232,3.0031218407195865,E,2019-05-29
KHC,KHC.O,2019-06-26,ESG-GJR-GARCH(G),0.2724976398764984,2.9466255451691192,G,2019-05-29
KHC,KHC.O,2019-06-26,ESG-GJR-GARCH(S),0.2718604970107306,2.9328622950365664,S,2019-05-29
KHC,KHC.O,2019-06-26,GARCH,0.2673868937887967,2.837132975000844,,2019-05-29
KHC,KHC.O,2019-06-26,GJR-GARCH,0.2696867760036035,2.886149093302295,,2019-05-29
KHC,KHC.O,2019-06-27,EGARCH,0.3287986072348436,4.290020798395752,,2019-05-29
KHC,KHC.O,2019-06-27,ESG-EGARCH,0.3296758704736181,4.312943633830867,all,2019-05-29
KHC,KHC.O,2019-06-27,ESG-EGARCH(E),0.3297130714921228,4.313917044157526,E,2019-05-29
KHC,KHC.O,2019-06-27,ESG-EGARCH(G),0.3288181633150396,4.290531131979209,G,2019-05-29
KHC,KHC.O,2019-06-27,ESG-EGARCH(S),0.3287306291065093,4.288247083839738,S,2019-05-29
KHC,KHC.O,2019-06-27,ESG-GARCH,0.2732173546179415,2.9622112247788097,all,2019-05-29
KHC,KHC.O,2019-06-27,ESG-GARCH(E),0.2735612263595183,2.9696724034652227,E,2019-05-29
KHC,KHC.O,2019-06-27,ESG-GARCH(G),0.2711352458369652,2.9172349815504592,G,2019-05-29
KHC,KHC.O,2019-06-27,ESG-GARCH(S),0.2705408100245641,2.904457535267749,S,2019-05-29
KHC,KHC.O,2019-06-27,ESG-GJR-GARCH,0.2747091975490756,2.9946485403990906,all,2019-05-29
KHC,KHC.O,2019-06-27,ESG-GJR-GARCH(E),0.2750975652130232,3.0031218407195865,E,2019-05-29
KHC,KHC.O,2019-06-27,ESG-GJR-GARCH(G),0.2724976398764984,2.9466255451691192,G,2019-05-29
KHC,KHC.O,2019-06-27,ESG-GJR-GARCH(S),0.2718604970107306,2.9328622950365664,S,2019-05-29
KHC,KHC.O,2019-06-27,GARCH,0.2673868937887967,2.837132975000844,,2019-05-29
KHC,KHC.O,2019-06-27,GJR-GARCH,0.2696867760036035,2.886149093302295,,2019-05-29
KHC,KHC.O,2019-06-28,EGARCH,0.3340069834027342,4.427010514356919,,2019-06-28
KHC,KHC.O,2019-06-28,ESG-EGARCH,0.3376285093656835,4.523532156210056,all,2019-06-28
KHC,KHC.O,2019-06-28,ESG-EGARCH(E),0.3377091346683476,4.525692842795403,E,2019-06-28
KHC,KHC.O,2019-06-28,ESG-EGARCH(G),0.3369690374932205,4.5058782630598175,G,2019-06-28
KHC,KHC.O,2019-06-28,ESG-EGARCH(S),0.3368849462929399,4.503629644396707,S,2019-06-28
KHC,KHC.O,2019-06-28,ESG-GARCH,0.272725650732407,2.9515587526751936,all,2019-06-28
KHC,KHC.O,2019-06-28,ESG-GARCH(E),0.2729589297141587,2.956610210742024,E,2019-06-28
KHC,KHC.O,2019-06-28,ESG-GARCH(G),0.2710690398129725,2.915810489885988,G,2019-06-28
KHC,KHC.O,2019-06-28,ESG-GARCH(S),0.2705550122346117,2.9047624859234493,S,2019-06-28
KHC,KHC.O,2019-06-28,ESG-GJR-GARCH,0.2727320438660569,2.9516971329903483,all,2019-06-28
KHC,KHC.O,2019-06-28,ESG-GJR-GARCH(E),0.2729887071887408,2.9572553274833355,E,2019-06-28
KHC,KHC.O,2019-06-28,ESG-GJR-GARCH(G),0.270990630267655,2.91412387670083,G,2019-06-28
KHC,KHC.O,2019-06-28,ESG-GJR-GARCH(S),0.2704606242394661,2.9027360819048296,S,2019-06-28
KHC,KHC.O,2019-06-28,GARCH,0.2649893826408207,2.7864830520779083,,2019-06-28
KHC,KHC.O,2019-06-28,GJR-GARCH,0.2654159251167126,2.795460845458746,,2019-06-28
