ticker,RIC,Date,model,forecast_vol,forecast_var_pct2,esg_spec,refit_date
VIAB,VIAB.W^E14,2013-01-07,EGARCH,0.2349342935685326,2.190242948196249,,2013-01-07
VIAB,VIAB.W^E14,2013-01-07,ESG-EGARCH,0.2313894676301655,2.1246462591337867,all,2013-01-07
VIAB,VIAB.W^E14,2013-01-07,ESG-EGARCH(E),0.2373545173412775,2.23560186120281,E,2013-01-07
VIAB,VIAB.W^E14,2013-01-07,ESG-EGARCH(G),0.2381853539710736,2.25128027167959,G,2013-01-07
VIAB,VIAB.W^E14,2013-01-07,ESG-EGARCH(S),0.2369920310458086,2.228778681714981,S,2013-01-07
VIAB,VIAB.W^E14,2013-01-07,ESG-GARCH,0.2218252264964565,1.9526361551668352,all,2013-01-07
VIAB,VIAB.W^E14,2013-01-07,ESG-GARCH(E),0.2213181445521429,1.9437190915874296,E,2013-01-07
VIAB,VIAB.W^E14,2013-01-07,ESG-GARCH(G),0.2213181445521428,1.9437190915874285,G,2013-01-07
VIAB,VIAB.W^E14,2013-01-07,ESG-GARCH(S),0.2213181445521429,1.9437190915874287,S,2013-01-07
VIAB,VIAB.W^E14,2013-01-07,ESG-GJR-GARCH,0.268857115377657,2.868418590841064,all,2013-01-07
VIAB,VIAB.W^E14,2013-01-07,ESG-GJR-GARCH(E),0.2507840428883408,2.49573953045322,E,2013-01-07
VIAB,VIAB.W^E14,2013-01-07,ESG-GJR-GARCH(G),0.2497570594973767,2.475340824157785,G,2013-01-07
VIAB,VIAB.W^E14,2013-01-07,ESG-GJR-GARCH(S),0.2513101667850085,2.506222219424952,S,2013-01-07
VIAB,VIAB.W^E14,2013-01-07,GARCH,0.2213181445521429,1.9437190915874296,,2013-01-07
VIAB,VIAB.W^E14,2013-01-07,GJR-GARCH,0.2560750425275855,2.60215981767876,,2013-01-07
VIAB,VIAB.W^E14,2013-01-08,EGARCH,0.2349342935685326,2.190242948196249,,2013-01-07
VIAB,VIAB.W^E14,2013-01-08,ESG-EGARCH,0.2313894676301655,2.1246462591337867,all,2013-01-07
VIAB,VIAB.W^E14,2013-01-08,ESG-EGARCH(E),0.2373545173412775,2.23560186120281,E,2013-01-07
VIAB,VIAB.W^E14,2013-01-08,ESG-EGARCH(G),0.2381853539710736,2.25128027167959,G,2013-01-07
VIAB,VIAB.W^E14,2013-01-08,ESG-EGARCH(S),0.2369920310458086,2.228778681714981,S,2013-01-07
VIAB,VIAB.W^E14,2013-01-08,ESG-GARCH,0.2218252264964565,1.9526361551668352,all,2013-01-07
VIAB,VIAB.W^E14,2013-01-08,ESG-GARCH(E),0.2213181445521429,1.9437190915874296,E,2013-01-07
VIAB,VIAB.W^E14,2013-01-08,ESG-GARCH(G),0.2213181445521428,1.9437190915874285,G,2013-01-07
VIAB,VIAB.W^E14,2013-01-08,ESG-GARCH(S),0.2213181445521429,1.9437190915874287,S,2013-01-07
VIAB,VIAB.W^E14,2013-01-08,ESG-GJR-GARCH,0.268857115377657,2.868418590841064,all,2013-01-07
VIAB,VIAB.W^E14,2013-01-08,ESG-GJR-GARCH(E),0.2507840428883408,2.49573953045322,E,2013-01-07
VIAB,VIAB.W^E14,2013-01-08,ESG-GJR-GARCH(G),0.2497570594973767,2.475340824157785,G,2013-01-07
VIAB,VIAB.W^E14,2013-01-08,ESG-GJR-GARCH(S),0.2513101667850085,2.506222219424952,S,2013-01-07
VIAB,VIAB.W^E14,2013-01-08,GARCH,0.2213181445521429,1.9437190915874296,,2013-01-07
VIAB,VIAB.W^E14,2013-01-08,GJR-GARCH,0.2560750425275855,2.60215981767876,,2013-01-07
VIAB,VIAB.W^E14,2013-01-09,EGARCH,0.2349342935685326,2.190242948196249,,2013-01-07
VIAB,VIAB.W^E14,2013-01-09,ESG-EGARCH,0.2313894676301655,2.1246462591337867,all,2013-01-07
VIAB,VIAB.W^E14,2013-01-09,ESG-EGARCH(E),0.2373545173412775,2.23560186120281,E,2013-01-07
VIAB,VIAB.W^E14,2013-01-09,ESG-EGARCH(G),0.2381853539710736,2.25128027167959,G,2013-01-07
VIAB,VIAB.W^E14,2013-01-09,ESG-EGARCH(S),0.2369920310458086,2.228778681714981,S,2013-01-07
VIAB,VIAB.W^E14,2013-01-09,ESG-GARCH,0.2218252264964565,1.9526361551668352,all,2013-01-07
VIAB,VIAB.W^E14,2013-01-09,ESG-GARCH(E),0.2213181445521429,1.9437190915874296,E,2013-01-07
VIAB,VIAB.W^E14,2013-01-09,ESG-GARCH(G),0.2213181445521428,1.9437190915874285,G,2013-01-07
VIAB,VIAB.W^E14,2013-01-09,ESG-GARCH(S),0.2213181445521429,1.9437190915874287,S,2013-01-07
VIAB,VIAB.W^E14,2013-01-09,ESG-GJR-GARCH,0.268857115377657,2.868418590841064,all,2013-01-07
VIAB,VIAB.W^E14,2013-01-09,ESG-GJR-GARCH(E),0.2507840428883408,2.49573953045322,E,2013-01-07
VIAB,VIAB.W^E14,2013-01-09,ESG-GJR-GARCH(G),0.2497570594973767,2.475340824157785,G,2013-01-07
VIAB,VIAB.W^E14,2013-01-09,ESG-GJR-GARCH(S),0.2513101667850085,2.506222219424952,S,2013-01-07
VIAB,VIAB.W^E14,2013-01-09,GARCH,0.2213181445521429,1.9437190915874296,,2013-01-07
VIAB,VIAB.W^E14,2013-01-09,GJR-GARCH,0.2560750425275855,2.60215981767876,,2013-01-07
VIAB,VIAB.W^E14,2013-01-10,EGARCH,0.2349342935685326,2.190242948196249,,2013-01-07
VIAB,VIAB.W^E14,2013-01-10,ESG-EGARCH,0.2313894676301655,2.1246462591337867,all,2013-01-07
VIAB,VIAB.W^E14,2013-01-10,ESG-EGARCH(E),0.2373545173412775,2.23560186120281,E,2013-01-07
VIAB,VIAB.W^E14,2013-01-10,ESG-EGARCH(G),0.2381853539710736,2.25128027167959,G,2013-01-07
VIAB,VIAB.W^E14,2013-01-10,ESG-EGARCH(S),0.2369920310458086,2.228778681714981,S,2013-01-07
VIAB,VIAB.W^E14,2013-01-10,ESG-GARCH,0.2218252264964565,1.9526361551668352,all,2013-01-07
VIAB,VIAB.W^E14,2013-01-10,ESG-GARCH(E),0.2213181445521429,1.9437190915874296,E,2013-01-07
VIAB,VIAB.W^E14,2013-01-10,ESG-GARCH(G),0.2213181445521428,1.9437190915874285,G,2013-01-07
VIAB,VIAB.W^E14,2013-01-10,ESG-GARCH(S),0.2213181445521429,1.9437190915874287,S,2013-01-07
VIAB,VIAB.W^E14,2013-01-10,ESG-GJR-GARCH,0.268857115377657,2.868418590841064,all,2013-01-07
VIAB,VIAB.W^E14,2013-01-10,ESG-GJR-GARCH(E),0.2507840428883408,2.49573953045322,E,2013-01-07
VIAB,VIAB.W^E14,2013-01-10,ESG-GJR-GARCH(G),0.2497570594973767,2.475340824157785,G,2013-01-07
VIAB,VIAB.W^E14,2013-01-10,ESG-GJR-GARCH(S),0.2513101667850085,2.506222219424952,S,2013-01-07
VIAB,VIAB.W^E14,2013-01-10,GARCH,0.2213181445521429,1.9437190915874296,,2013-01-07
VIAB,VIAB.W^E14,2013-01-10,GJR-GARCH,0.2560750425275855,2.60215981767876,,2013-01-07
VIAB,VIAB.W^E14,2013-01-11,EGARCH,0.2349342935685326,2.190242948196249,,2013-01-07
VIAB,VIAB.W^E14,2013-01-11,ESG-EGARCH,0.2313894676301655,2.1246462591337867,all,2013-01-07
VIAB,VIAB.W^E14,2013-01-11,ESG-EGARCH(E),0.2373545173412775,2.23560186120281,E,2013-01-07
VIAB,VIAB.W^E14,2013-01-11,ESG-EGARCH(G),0.2381853539710736,2.25128027167959,G,2013-01-07
VIAB,VIAB.W^E14,2013-01-11,ESG-EGARCH(S),0.2369920310458086,2.228778681714981,S,2013-01-07
VIAB,VIAB.W^E14,2013-01-11,ESG-GARCH,0.2218252264964565,1.9526361551668352,all,2013-01-07
VIAB,VIAB.W^E14,2013-01-11,ESG-GARCH(E),0.2213181445521429,1.9437190915874296,E,2013-01-07
VIAB,VIAB.W^E14,2013-01-11,ESG-GARCH(G),0.2213181445521428,1.9437190915874285,G,2013-01-07
VIAB,VIAB.W^E14,2013-01-11,ESG-GARCH(S),0.2213181445521429,1.9437190915874287,S,2013-01-07
VIAB,VIAB.W^E14,2013-01-11,ESG-GJR-GARCH,0.268857115377657,2.868418590841064,all,2013-01-07
VIAB,VIAB.W^E14,2013-01-11,ESG-GJR-GARCH(E),0.2507840428883408,2.49573953045322,E,2013-01-07
VIAB,VIAB.W^E14,2013-01-11,ESG-GJR-GARCH(G),0.2497570594973767,2.475340824157785,G,2013-01-07
VIAB,VIAB.W^E14,2013-01-11,ESG-GJR-GARCH(S),0.2513101667850085,2.506222219424952,S,2013-01-07
VIAB,VIAB.W^E14,2013-01-11,GARCH,0.2213181445521429,1.9437190915874296,,2013-01-07
VIAB,VIAB.W^E14,2013-01-11,GJR-GARCH,0.2560750425275855,2.60215981767876,,2013-01-07
VIAB,VIAB.W^E14,2013-01-14,EGARCH,0.2349342935685326,2.190242948196249,,2013-01-07
VIAB,VIAB.W^E14,2013-01-14,ESG-EGARCH,0.2313894676301655,2.1246462591337867,all,2013-01-07
VIAB,VIAB.W^E14,2013-01-14,ESG-EGARCH(E),0.2373545173412775,2.23560186120281,E,2013-01-07
VIAB,VIAB.W^E14,2013-01-14,ESG-EGARCH(G),0.2381853539710736,2.25128027167959,G,2013-01-07
VIAB,VIAB.W^E14,2013-01-14,ESG-EGARCH(S),0.2369920310458086,2.228778681714981,S,2013-01-07
VIAB,VIAB.W^E14,2013-01-14,ESG-GARCH,0.2218252264964565,1.9526361551668352,all,2013-01-07
VIAB,VIAB.W^E14,2013-01-14,ESG-GARCH(E),0.2213181445521429,1.9437190915874296,E,2013-01-07
VIAB,VIAB.W^E14,2013-01-14,ESG-GARCH(G),0.2213181445521428,1.9437190915874285,G,2013-01-07
VIAB,VIAB.W^E14,2013-01-14,ESG-GARCH(S),0.2213181445521429,1.9437190915874287,S,2013-01-07
VIAB,VIAB.W^E14,2013-01-14,ESG-GJR-GARCH,0.268857115377657,2.868418590841064,all,2013-01-07
VIAB,VIAB.W^E14,2013-01-14,ESG-GJR-GARCH(E),0.2507840428883408,2.49573953045322,E,2013-01-07
VIAB,VIAB.W^E14,2013-01-14,ESG-GJR-GARCH(G),0.2497570594973767,2.475340824157785,G,2013-01-07
VIAB,VIAB.W^E14,2013-01-14,ESG-GJR-GARCH(S),0.2513101667850085,2.506222219424952,S,2013-01-07
VIAB,VIAB.W^E14,2013-01-14,GARCH,0.2213181445521429,1.9437190915874296,,2013-01-07
VIAB,VIAB.W^E14,2013-01-14,GJR-GARCH,0.2560750425275855,2.60215981767876,,2013-01-07
VIAB,VIAB.W^E14,2013-01-15,EGARCH,0.2349342935685326,2.190242948196249,,2013-01-07
VIAB,VIAB.W^E14,2013-01-15,ESG-EGARCH,0.2313894676301655,2.1246462591337867,all,2013-01-07
VIAB,VIAB.W^E14,2013-01-15,ESG-EGARCH(E),0.2373545173412775,2.23560186120281,E,2013-01-07
VIAB,VIAB.W^E14,2013-01-15,ESG-EGARCH(G),0.2381853539710736,2.25128027167959,G,2013-01-07
VIAB,VIAB.W^E14,2013-01-15,ESG-EGARCH(S),0.2369920310458086,2.228778681714981,S,2013-01-07
VIAB,VIAB.W^E14,2013-01-15,ESG-GARCH,0.2218252264964565,1.9526361551668352,all,2013-01-07
VIAB,VIAB.W^E14,2013-01-15,ESG-GARCH(E),0.2213181445521429,1.9437190915874296,E,2013-01-07
VIAB,VIAB.W^E14,2013-01-15,ESG-GARCH(G),0.2213181445521428,1.9437190915874285,G,2013-01-07
VIAB,VIAB.W^E14,2013-01-15,ESG-GARCH(S),0.2213181445521429,1.9437190915874287,S,2013-01-07
VIAB,VIAB.W^E14,2013-01-15,ESG-GJR-GARCH,0.268857115377657,2.868418590841064,all,2013-01-07
VIAB,VIAB.W^E14,2013-01-15,ESG-GJR-GARCH(E),0.2507840428883408,2.49573953045322,E,2013-01-07
VIAB,VIAB.W^E14,2013-01-15,ESG-GJR-GARCH(G),0.2497570594973767,2.475340824157785,G,2013-01-07
VIAB,VIAB.W^E14,2013-01-15,ESG-GJR-GARCH(S),0.2513101667850085,2.506222219424952,S,2013-01-07
VIAB,VIAB.W^E14,2013-01-15,GARCH,0.2213181445521429,1.9437190915874296,,2013-01-07
VIAB,VIAB.W^E14,2013-01-15,GJR-GARCH,0.2560750425275855,2.60215981767876,,2013-01-07
VIAB,VIAB.W^E14,2013-01-16,EGARCH,0.2349342935685326,2.190242948196249,,2013-01-07
VIAB,VIAB.W^E14,2013-01-16,ESG-EGARCH,0.2313894676301655,2.1246462591337867,all,2013-01-07
VIAB,VIAB.W^E14,2013-01-16,ESG-EGARCH(E),0.2373545173412775,2.23560186120281,E,2013-01-07
VIAB,VIAB.W^E14,2013-01-16,ESG-EGARCH(G),0.2381853539710736,2.25128027167959,G,2013-01-07
VIAB,VIAB.W^E14,2013-01-16,ESG-EGARCH(S),0.2369920310458086,2.228778681714981,S,2013-01-07
VIAB,VIAB.W^E14,2013-01-16,ESG-GARCH,0.2218252264964565,1.9526361551668352,all,2013-01-07
VIAB,VIAB.W^E14,2013-01-16,ESG-GARCH(E),0.2213181445521429,1.9437190915874296,E,2013-01-07
VIAB,VIAB.W^E14,2013-01-16,ESG-GARCH(G),0.2213181445521428,1.9437190915874285,G,2013-01-07
VIAB,VIAB.W^E14,2013-01-16,ESG-GARCH(S),0.2213181445521429,1.9437190915874287,S,2013-01-07
VIAB,VIAB.W^E14,2013-01-16,ESG-GJR-GARCH,0.268857115377657,2.868418590841064,all,2013-01-07
VIAB,VIAB.W^E14,2013-01-16,ESG-GJR-GARCH(E),0.2507840428883408,2.49573953045322,E,2013-01-07
VIAB,VIAB.W^E14,2013-01-16,ESG-GJR-GARCH(G),0.2497570594973767,2.475340824157785,G,2013-01-07
VIAB,VIAB.W^E14,2013-01-16,ESG-GJR-GARCH(S),0.2513101667850085,2.506222219424952,S,2013-01-07
VIAB,VIAB.W^E14,2013-01-16,GARCH,0.2213181445521429,1.9437190915874296,,2013-01-07
VIAB,VIAB.W^E14,2013-01-16,GJR-GARCH,0.2560750425275855,2.60215981767876,,2013-01-07
VIAB,VIAB.W^E14,2013-01-17,EGARCH,0.2349342935685326,2.190242948196249,,2013-01-07
VIAB,VIAB.W^E14,2013-01-17,ESG-EGARCH,0.2313894676301655,2.1246462591337867,all,2013-01-07
VIAB,VIAB.W^E14,2013-01-17,ESG-EGARCH(E),0.2373545173412775,2.23560186120281,E,2013-01-07
VIAB,VIAB.W^E14,2013-01-17,ESG-EGARCH(G),0.2381853539710736,2.25128027167959,G,2013-01-07
VIAB,VIAB.W^E14,2013-01-17,ESG-EGARCH(S),0.2369920310458086,2.228778681714981,S,2013-01-07
VIAB,VIAB.W^E14,2013-01-17,ESG-GARCH,0.2218252264964565,1.9526361551668352,all,2013-01-07
VIAB,VIAB.W^E14,2013-01-17,ESG-GARCH(E),0.2213181445521429,1.9437190915874296,E,2013-01-07
VIAB,VIAB.W^E14,2013-01-17,ESG-GARCH(G),0.2213181445521428,1.9437190915874285,G,2013-01-07
VIAB,VIAB.W^E14,2013-01-17,ESG-GARCH(S),0.2213181445521429,1.9437190915874287,S,2013-01-07
VIAB,VIAB.W^E14,2013-01-17,ESG-GJR-GARCH,0.268857115377657,2.868418590841064,all,2013-01-07
VIAB,VIAB.W^E14,2013-01-17,ESG-GJR-GARCH(E),0.2507840428883408,2.49573953045322,E,2013-01-07
VIAB,VIAB.W^E14,2013-01-17,ESG-GJR-GARCH(G),0.2497570594973767,2.475340824157785,G,2013-01-07
VIAB,VIAB.W^E14,2013-01-17,ESG-GJR-GARCH(S),0.2513101667850085,2.506222219424952,S,2013-01-07
VIAB,VIAB.W^E14,2013-01-17,GARCH,0.2213181445521429,1.9437190915874296,,2013-01-07
VIAB,VIAB.W^E14,2013-01-17,GJR-GARCH,0.2560750425275855,2.60215981767876,,2013-01-07
VIAB,VIAB.W^E14,2013-01-18,EGARCH,0.2349342935685326,2.190242948196249,,2013-01-07
VIAB,VIAB.W^E14,2013-01-18,ESG-EGARCH,0.2313894676301655,2.1246462591337867,all,2013-01-07
VIAB,VIAB.W^E14,2013-01-18,ESG-EGARCH(E),0.2373545173412775,2.23560186120281,E,2013-01-07
VIAB,VIAB.W^E14,2013-01-18,ESG-EGARCH(G),0.2381853539710736,2.25128027167959,G,2013-01-07
VIAB,VIAB.W^E14,2013-01-18,ESG-EGARCH(S),0.2369920310458086,2.228778681714981,S,2013-01-07
VIAB,VIAB.W^E14,2013-01-18,ESG-GARCH,0.2218252264964565,1.9526361551668352,all,2013-01-07
VIAB,VIAB.W^E14,2013-01-18,ESG-GARCH(E),0.2213181445521429,1.9437190915874296,E,2013-01-07
VIAB,VIAB.W^E14,2013-01-18,ESG-GARCH(G),0.2213181445521428,1.9437190915874285,G,2013-01-07
VIAB,VIAB.W^E14,2013-01-18,ESG-GARCH(S),0.2213181445521429,1.9437190915874287,S,2013-01-07
VIAB,VIAB.W^E14,2013-01-18,ESG-GJR-GARCH,0.268857115377657,2.868418590841064,all,2013-01-07
VIAB,VIAB.W^E14,2013-01-18,ESG-GJR-GARCH(E),0.2507840428883408,2.49573953045322,E,2013-01-07
VIAB,VIAB.W^E14,2013-01-18,ESG-GJR-GARCH(G),0.2497570594973767,2.475340824157785,G,2013-01-07
VIAB,VIAB.W^E14,2013-01-18,ESG-GJR-GARCH(S),0.2513101667850085,2.506222219424952,S,2013-01-07
VIAB,VIAB.W^E14,2013-01-18,GARCH,0.2213181445521429,1.9437190915874296,,2013-01-07
VIAB,VIAB.W^E14,2013-01-18,GJR-GARCH,0.2560750425275855,2.60215981767876,,2013-01-07
VIAB,VIAB.W^E14,2013-01-22,EGARCH,0.2349342935685326,2.190242948196249,,2013-01-07
VIAB,VIAB.W^E14,2013-01-22,ESG-EGARCH,0.2313894676301655,2.1246462591337867,all,2013-01-07
VIAB,VIAB.W^E14,2013-01-22,ESG-EGARCH(E),0.2373545173412775,2.23560186120281,E,2013-01-07
VIAB,VIAB.W^E14,2013-01-22,ESG-EGARCH(G),0.2381853539710736,2.25128027167959,G,2013-01-07
VIAB,VIAB.W^E14,2013-01-22,ESG-EGARCH(S),0.2369920310458086,2.228778681714981,S,2013-01-07
VIAB,VIAB.W^E14,2013-01-22,ESG-GARCH,0.2218252264964565,1.9526361551668352,all,2013-01-07
VIAB,VIAB.W^E14,2013-01-22,ESG-GARCH(E),0.2213181445521429,1.9437190915874296,E,2013-01-07
VIAB,VIAB.W^E14,2013-01-22,ESG-GARCH(G),0.2213181445521428,1.9437190915874285,G,2013-01-07
VIAB,VIAB.W^E14,2013-01-22,ESG-GARCH(S),0.2213181445521429,1.9437190915874287,S,2013-01-07
VIAB,VIAB.W^E14,2013-01-22,ESG-GJR-GARCH,0.268857115377657,2.868418590841064,all,2013-01-07
VIAB,VIAB.W^E14,2013-01-22,ESG-GJR-GARCH(E),0.2507840428883408,2.49573953045322,E,2013-01-07
VIAB,VIAB.W^E14,2013-01-22,ESG-GJR-GARCH(G),0.2497570594973767,2.475340824157785,G,2013-01-07
VIAB,VIAB.W^E14,2013-01-22,ESG-GJR-GARCH(S),0.2513101667850085,2.506222219424952,S,2013-01-07
VIAB,VIAB.W^E14,2013-01-22,GARCH,0.2213181445521429,1.9437190915874296,,2013-01-07
VIAB,VIAB.W^E14,2013-01-22,GJR-GARCH,0.2560750425275855,2.60215981767876,,2013-01-07
VIAB,VIAB.W^E14,2013-01-23,EGARCH,0.2349342935685326,2.190242948196249,,2013-01-07
VIAB,VIAB.W^E14,2013-01-23,ESG-EGARCH,0.2313894676301655,2.1246462591337867,all,2013-01-07
VIAB,VIAB.W^E14,2013-01-23,ESG-EGARCH(E),0.2373545173412775,2.23560186120281,E,2013-01-07
VIAB,VIAB.W^E14,2013-01-23,ESG-EGARCH(G),0.2381853539710736,2.25128027167959,G,2013-01-07
VIAB,VIAB.W^E14,2013-01-23,ESG-EGARCH(S),0.2369920310458086,2.228778681714981,S,2013-01-07
VIAB,VIAB.W^E14,2013-01-23,ESG-GARCH,0.2218252264964565,1.9526361551668352,all,2013-01-07
VIAB,VIAB.W^E14,2013-01-23,ESG-GARCH(E),0.2213181445521429,1.9437190915874296,E,2013-01-07
VIAB,VIAB.W^E14,2013-01-23,ESG-GARCH(G),0.2213181445521428,1.9437190915874285,G,2013-01-07
VIAB,VIAB.W^E14,2013-01-23,ESG-GARCH(S),0.2213181445521429,1.9437190915874287,S,2013-01-07
VIAB,VIAB.W^E14,2013-01-23,ESG-GJR-GARCH,0.268857115377657,2.868418590841064,all,2013-01-07
VIAB,VIAB.W^E14,2013-01-23,ESG-GJR-GARCH(E),0.2507840428883408,2.49573953045322,E,2013-01-07
VIAB,VIAB.W^E14,2013-01-23,ESG-GJR-GARCH(G),0.2497570594973767,2.475340824157785,G,2013-01-07
VIAB,VIAB.W^E14,2013-01-23,ESG-GJR-GARCH(S),0.2513101667850085,2.506222219424952,S,2013-01-07
VIAB,VIAB.W^E14,2013-01-23,GARCH,0.2213181445521429,1.9437190915874296,,2013-01-07
VIAB,VIAB.W^E14,2013-01-23,GJR-GARCH,0.2560750425275855,2.60215981767876,,2013-01-07
VIAB,VIAB.W^E14,2013-01-24,EGARCH,0.2349342935685326,2.190242948196249,,2013-01-07
VIAB,VIAB.W^E14,2013-01-24,ESG-EGARCH,0.2313894676301655,2.1246462591337867,all,2013-01-07
VIAB,VIAB.W^E14,2013-01-24,ESG-EGARCH(E),0.2373545173412775,2.23560186120281,E,2013-01-07
VIAB,VIAB.W^E14,2013-01-24,ESG-EGARCH(G),0.2381853539710736,2.25128027167959,G,2013-01-07
VIAB,VIAB.W^E14,2013-01-24,ESG-EGARCH(S),0.2369920310458086,2.228778681714981,S,2013-01-07
VIAB,VIAB.W^E14,2013-01-24,ESG-GARCH,0.2218252264964565,1.9526361551668352,all,2013-01-07
VIAB,VIAB.W^E14,2013-01-24,ESG-GARCH(E),0.2213181445521429,1.9437190915874296,E,2013-01-07
VIAB,VIAB.W^E14,2013-01-24,ESG-GARCH(G),0.2213181445521428,1.9437190915874285,G,2013-01-07
VIAB,VIAB.W^E14,2013-01-24,ESG-GARCH(S),0.2213181445521429,1.9437190915874287,S,2013-01-07
VIAB,VIAB.W^E14,2013-01-24,ESG-GJR-GARCH,0.268857115377657,2.868418590841064,all,2013-01-07
VIAB,VIAB.W^E14,2013-01-24,ESG-GJR-GARCH(E),0.2507840428883408,2.49573953045322,E,2013-01-07
VIAB,VIAB.W^E14,2013-01-24,ESG-GJR-GARCH(G),0.2497570594973767,2.475340824157785,G,2013-01-07
VIAB,VIAB.W^E14,2013-01-24,ESG-GJR-GARCH(S),0.2513101667850085,2.506222219424952,S,2013-01-07
VIAB,VIAB.W^E14,2013-01-24,GARCH,0.2213181445521429,1.9437190915874296,,2013-01-07
VIAB,VIAB.W^E14,2013-01-24,GJR-GARCH,0.2560750425275855,2.60215981767876,,2013-01-07
VIAB,VIAB.W^E14,2013-01-25,EGARCH,0.2349342935685326,2.190242948196249,,2013-01-07
VIAB,VIAB.W^E14,2013-01-25,ESG-EGARCH,0.2313894676301655,2.1246462591337867,all,2013-01-07
VIAB,VIAB.W^E14,2013-01-25,ESG-EGARCH(E),0.2373545173412775,2.23560186120281,E,2013-01-07
VIAB,VIAB.W^E14,2013-01-25,ESG-EGARCH(G),0.2381853539710736,2.25128027167959,G,2013-01-07
VIAB,VIAB.W^E14,2013-01-25,ESG-EGARCH(S),0.2369920310458086,2.228778681714981,S,2013-01-07
VIAB,VIAB.W^E14,2013-01-25,ESG-GARCH,0.2218252264964565,1.9526361551668352,all,2013-01-07
VIAB,VIAB.W^E14,2013-01-25,ESG-GARCH(E),0.2213181445521429,1.9437190915874296,E,2013-01-07
VIAB,VIAB.W^E14,2013-01-25,ESG-GARCH(G),0.2213181445521428,1.9437190915874285,G,2013-01-07
VIAB,VIAB.W^E14,2013-01-25,ESG-GARCH(S),0.2213181445521429,1.9437190915874287,S,2013-01-07
VIAB,VIAB.W^E14,2013-01-25,ESG-GJR-GARCH,0.268857115377657,2.868418590841064,all,2013-01-07
VIAB,VIAB.W^E14,2013-01-25,ESG-GJR-GARCH(E),0.2507840428883408,2.49573953045322,E,2013-01-07
VIAB,VIAB.W^E14,2013-01-25,ESG-GJR-GARCH(G),0.2497570594973767,2.475340824157785,G,2013-01-07
VIAB,VIAB.W^E14,2013-01-25,ESG-GJR-GARCH(S),0.2513101667850085,2.506222219424952,S,2013-01-07
VIAB,VIAB.W^E14,2013-01-25,GARCH,0.2213181445521429,1.9437190915874296,,2013-01-07
VIAB,VIAB.W^E14,2013-01-25,GJR-GARCH,0.2560750425275855,2.60215981767876,,2013-01-07
VIAB,VIAB.W^E14,2013-01-28,EGARCH,0.2349342935685326,2.190242948196249,,2013-01-07
VIAB,VIAB.W^E14,2013-01-28,ESG-EGARCH,0.2313894676301655,2.1246462591337867,all,2013-01-07
VIAB,VIAB.W^E14,2013-01-28,ESG-EGARCH(E),0.2373545173412775,2.23560186120281,E,2013-01-07
VIAB,VIAB.W^E14,2013-01-28,ESG-EGARCH(G),0.2381853539710736,2.25128027167959,G,2013-01-07
VIAB,VIAB.W^E14,2013-01-28,ESG-EGARCH(S),0.2369920310458086,2.228778681714981,S,2013-01-07
VIAB,VIAB.W^E14,2013-01-28,ESG-GARCH,0.2218252264964565,1.9526361551668352,all,2013-01-07
VIAB,VIAB.W^E14,2013-01-28,ESG-GARCH(E),0.2213181445521429,1.9437190915874296,E,2013-01-07
VIAB,VIAB.W^E14,2013-01-28,ESG-GARCH(G),0.2213181445521428,1.9437190915874285,G,2013-01-07
VIAB,VIAB.W^E14,2013-01-28,ESG-GARCH(S),0.2213181445521429,1.9437190915874287,S,2013-01-07
VIAB,VIAB.W^E14,2013-01-28,ESG-GJR-GARCH,0.268857115377657,2.868418590841064,all,2013-01-07
VIAB,VIAB.W^E14,2013-01-28,ESG-GJR-GARCH(E),0.2507840428883408,2.49573953045322,E,2013-01-07
VIAB,VIAB.W^E14,2013-01-28,ESG-GJR-GARCH(G),0.2497570594973767,2.475340824157785,G,2013-01-07
VIAB,VIAB.W^E14,2013-01-28,ESG-GJR-GARCH(S),0.2513101667850085,2.506222219424952,S,2013-01-07
VIAB,VIAB.W^E14,2013-01-28,GARCH,0.2213181445521429,1.9437190915874296,,2013-01-07
VIAB,VIAB.W^E14,2013-01-28,GJR-GARCH,0.2560750425275855,2.60215981767876,,2013-01-07
VIAB,VIAB.W^E14,2013-01-29,EGARCH,0.2349342935685326,2.190242948196249,,2013-01-07
VIAB,VIAB.W^E14,2013-01-29,ESG-EGARCH,0.2313894676301655,2.1246462591337867,all,2013-01-07
VIAB,VIAB.W^E14,2013-01-29,ESG-EGARCH(E),0.2373545173412775,2.23560186120281,E,2013-01-07
VIAB,VIAB.W^E14,2013-01-29,ESG-EGARCH(G),0.2381853539710736,2.25128027167959,G,2013-01-07
VIAB,VIAB.W^E14,2013-01-29,ESG-EGARCH(S),0.2369920310458086,2.228778681714981,S,2013-01-07
VIAB,VIAB.W^E14,2013-01-29,ESG-GARCH,0.2218252264964565,1.9526361551668352,all,2013-01-07
VIAB,VIAB.W^E14,2013-01-29,ESG-GARCH(E),0.2213181445521429,1.9437190915874296,E,2013-01-07
VIAB,VIAB.W^E14,2013-01-29,ESG-GARCH(G),0.2213181445521428,1.9437190915874285,G,2013-01-07
VIAB,VIAB.W^E14,2013-01-29,ESG-GARCH(S),0.2213181445521429,1.9437190915874287,S,2013-01-07
VIAB,VIAB.W^E14,2013-01-29,ESG-GJR-GARCH,0.268857115377657,2.868418590841064,all,2013-01-07
VIAB,VIAB.W^E14,2013-01-29,ESG-GJR-GARCH(E),0.2507840428883408,2.49573953045322,E,2013-01-07
VIAB,VIAB.W^E14,2013-01-29,ESG-GJR-GARCH(G),0.2497570594973767,2.475340824157785,G,2013-01-07
VIAB,VIAB.W^E14,2013-01-29,ESG-GJR-GARCH(S),0.2513101667850085,2.506222219424952,S,2013-01-07
VIAB,VIAB.W^E14,2013-01-29,GARCH,0.2213181445521429,1.9437190915874296,,2013-01-07
VIAB,VIAB.W^E14,2013-01-29,GJR-GARCH,0.2560750425275855,2.60215981767876,,2013-01-07
VIAB,VIAB.W^E14,2013-01-30,EGARCH,0.2349342935685326,2.190242948196249,,2013-01-07
VIAB,VIAB.W^E14,2013-01-30,ESG-EGARCH,0.2313894676301655,2.1246462591337867,all,2013-01-07
VIAB,VIAB.W^E14,2013-01-30,ESG-EGARCH(E),0.2373545173412775,2.23560186120281,E,2013-01-07
VIAB,VIAB.W^E14,2013-01-30,ESG-EGARCH(G),0.2381853539710736,2.25128027167959,G,2013-01-07
VIAB,VIAB.W^E14,2013-01-30,ESG-EGARCH(S),0.2369920310458086,2.228778681714981,S,2013-01-07
VIAB,VIAB.W^E14,2013-01-30,ESG-GARCH,0.2218252264964565,1.9526361551668352,all,2013-01-07
VIAB,VIAB.W^E14,2013-01-30,ESG-GARCH(E),0.2213181445521429,1.9437190915874296,E,2013-01-07
VIAB,VIAB.W^E14,2013-01-30,ESG-GARCH(G),0.2213181445521428,1.9437190915874285,G,2013-01-07
VIAB,VIAB.W^E14,2013-01-30,ESG-GARCH(S),0.2213181445521429,1.9437190915874287,S,2013-01-07
VIAB,VIAB.W^E14,2013-01-30,ESG-GJR-GARCH,0.268857115377657,2.868418590841064,all,2013-01-07
VIAB,VIAB.W^E14,2013-01-30,ESG-GJR-GARCH(E),0.2507840428883408,2.49573953045322,E,2013-01-07
VIAB,VIAB.W^E14,2013-01-30,ESG-GJR-GARCH(G),0.2497570594973767,2.475340824157785,G,2013-01-07
VIAB,VIAB.W^E14,2013-01-30,ESG-GJR-GARCH(S),0.2513101667850085,2.506222219424952,S,2013-01-07
VIAB,VIAB.W^E14,2013-01-30,GARCH,0.2213181445521429,1.9437190915874296,,2013-01-07
VIAB,VIAB.W^E14,2013-01-30,GJR-GARCH,0.2560750425275855,2.60215981767876,,2013-01-07
VIAB,VIAB.W^E14,2013-01-31,EGARCH,0.2349342935685326,2.190242948196249,,2013-01-07
VIAB,VIAB.W^E14,2013-01-31,ESG-EGARCH,0.2313894676301655,2.1246462591337867,all,2013-01-07
VIAB,VIAB.W^E14,2013-01-31,ESG-EGARCH(E),0.2373545173412775,2.23560186120281,E,2013-01-07
VIAB,VIAB.W^E14,2013-01-31,ESG-EGARCH(G),0.2381853539710736,2.25128027167959,G,2013-01-07
VIAB,VIAB.W^E14,2013-01-31,ESG-EGARCH(S),0.2369920310458086,2.228778681714981,S,2013-01-07
VIAB,VIAB.W^E14,2013-01-31,ESG-GARCH,0.2218252264964565,1.9526361551668352,all,2013-01-07
VIAB,VIAB.W^E14,2013-01-31,ESG-GARCH(E),0.2213181445521429,1.9437190915874296,E,2013-01-07
VIAB,VIAB.W^E14,2013-01-31,ESG-GARCH(G),0.2213181445521428,1.9437190915874285,G,2013-01-07
VIAB,VIAB.W^E14,2013-01-31,ESG-GARCH(S),0.2213181445521429,1.9437190915874287,S,2013-01-07
VIAB,VIAB.W^E14,2013-01-31,ESG-GJR-GARCH,0.268857115377657,2.868418590841064,all,2013-01-07
VIAB,VIAB.W^E14,2013-01-31,ESG-GJR-GARCH(E),0.2507840428883408,2.49573953045322,E,2013-01-07
VIAB,VIAB.W^E14,2013-01-31,ESG-GJR-GARCH(G),0.2497570594973767,2.475340824157785,G,2013-01-07
VIAB,VIAB.W^E14,2013-01-31,ESG-GJR-GARCH(S),0.2513101667850085,2.506222219424952,S,2013-01-07
VIAB,VIAB.W^E14,2013-01-31,GARCH,0.2213181445521429,1.9437190915874296,,2013-01-07
VIAB,VIAB.W^E14,2013-01-31,GJR-GARCH,0.2560750425275855,2.60215981767876,,2013-01-07
VIAB,VIAB.W^E14,2013-02-01,EGARCH,0.2349342935685326,2.190242948196249,,2013-01-07
VIAB,VIAB.W^E14,2013-02-01,ESG-EGARCH,0.2313894676301655,2.1246462591337867,all,2013-01-07
VIAB,VIAB.W^E14,2013-02-01,ESG-EGARCH(E),0.2373545173412775,2.23560186120281,E,2013-01-07
VIAB,VIAB.W^E14,2013-02-01,ESG-EGARCH(G),0.2381853539710736,2.25128027167959,G,2013-01-07
VIAB,VIAB.W^E14,2013-02-01,ESG-EGARCH(S),0.2369920310458086,2.228778681714981,S,2013-01-07
VIAB,VIAB.W^E14,2013-02-01,ESG-GARCH,0.2218252264964565,1.9526361551668352,all,2013-01-07
VIAB,VIAB.W^E14,2013-02-01,ESG-GARCH(E),0.2213181445521429,1.9437190915874296,E,2013-01-07
VIAB,VIAB.W^E14,2013-02-01,ESG-GARCH(G),0.2213181445521428,1.9437190915874285,G,2013-01-07
VIAB,VIAB.W^E14,2013-02-01,ESG-GARCH(S),0.2213181445521429,1.9437190915874287,S,2013-01-07
VIAB,VIAB.W^E14,2013-02-01,ESG-GJR-GARCH,0.268857115377657,2.868418590841064,all,2013-01-07
VIAB,VIAB.W^E14,2013-02-01,ESG-GJR-GARCH(E),0.2507840428883408,2.49573953045322,E,2013-01-07
VIAB,VIAB.W^E14,2013-02-01,ESG-GJR-GARCH(G),0.2497570594973767,2.475340824157785,G,2013-01-07
VIAB,VIAB.W^E14,2013-02-01,ESG-GJR-GARCH(S),0.2513101667850085,2.506222219424952,S,2013-01-07
VIAB,VIAB.W^E14,2013-02-01,GARCH,0.2213181445521429,1.9437190915874296,,2013-01-07
VIAB,VIAB.W^E14,2013-02-01,GJR-GARCH,0.2560750425275855,2.60215981767876,,2013-01-07
VIAB,VIAB.W^E14,2013-02-04,EGARCH,0.2349342935685326,2.190242948196249,,2013-01-07
VIAB,VIAB.W^E14,2013-02-04,ESG-EGARCH,0.2313894676301655,2.1246462591337867,all,2013-01-07
VIAB,VIAB.W^E14,2013-02-04,ESG-EGARCH(E),0.2373545173412775,2.23560186120281,E,2013-01-07
VIAB,VIAB.W^E14,2013-02-04,ESG-EGARCH(G),0.2381853539710736,2.25128027167959,G,2013-01-07
VIAB,VIAB.W^E14,2013-02-04,ESG-EGARCH(S),0.2369920310458086,2.228778681714981,S,2013-01-07
VIAB,VIAB.W^E14,2013-02-04,ESG-GARCH,0.2218252264964565,1.9526361551668352,all,2013-01-07
VIAB,VIAB.W^E14,2013-02-04,ESG-GARCH(E),0.2213181445521429,1.9437190915874296,E,2013-01-07
VIAB,VIAB.W^E14,2013-02-04,ESG-GARCH(G),0.2213181445521428,1.9437190915874285,G,2013-01-07
VIAB,VIAB.W^E14,2013-02-04,ESG-GARCH(S),0.2213181445521429,1.9437190915874287,S,2013-01-07
VIAB,VIAB.W^E14,2013-02-04,ESG-GJR-GARCH,0.268857115377657,2.868418590841064,all,2013-01-07
VIAB,VIAB.W^E14,2013-02-04,ESG-GJR-GARCH(E),0.2507840428883408,2.49573953045322,E,2013-01-07
VIAB,VIAB.W^E14,2013-02-04,ESG-GJR-GARCH(G),0.2497570594973767,2.475340824157785,G,2013-01-07
VIAB,VIAB.W^E14,2013-02-04,ESG-GJR-GARCH(S),0.2513101667850085,2.506222219424952,S,2013-01-07
VIAB,VIAB.W^E14,2013-02-04,GARCH,0.2213181445521429,1.9437190915874296,,2013-01-07
VIAB,VIAB.W^E14,2013-02-04,GJR-GARCH,0.2560750425275855,2.60215981767876,,2013-01-07
VIAB,VIAB.W^E14,2013-02-05,EGARCH,0.2349342935685326,2.190242948196249,,2013-01-07
VIAB,VIAB.W^E14,2013-02-05,ESG-EGARCH,0.2313894676301655,2.1246462591337867,all,2013-01-07
VIAB,VIAB.W^E14,2013-02-05,ESG-EGARCH(E),0.2373545173412775,2.23560186120281,E,2013-01-07
VIAB,VIAB.W^E14,2013-02-05,ESG-EGARCH(G),0.2381853539710736,2.25128027167959,G,2013-01-07
VIAB,VIAB.W^E14,2013-02-05,ESG-EGARCH(S),0.2369920310458086,2.228778681714981,S,2013-01-07
VIAB,VIAB.W^E14,2013-02-05,ESG-GARCH,0.2218252264964565,1.9526361551668352,all,2013-01-07
VIAB,VIAB.W^E14,2013-02-05,ESG-GARCH(E),0.2213181445521429,1.9437190915874296,E,2013-01-07
VIAB,VIAB.W^E14,2013-02-05,ESG-GARCH(G),0.2213181445521428,1.9437190915874285,G,2013-01-07
VIAB,VIAB.W^E14,2013-02-05,ESG-GARCH(S),0.2213181445521429,1.9437190915874287,S,2013-01-07
VIAB,VIAB.W^E14,2013-02-05,ESG-GJR-GARCH,0.268857115377657,2.868418590841064,all,2013-01-07
VIAB,VIAB.W^E14,2013-02-05,ESG-GJR-GARCH(E),0.2507840428883408,2.49573953045322,E,2013-01-07
VIAB,VIAB.W^E14,2013-02-05,ESG-GJR-GARCH(G),0.2497570594973767,2.475340824157785,G,2013-01-07
VIAB,VIAB.W^E14,2013-02-05,ESG-GJR-GARCH(S),0.2513101667850085,2.506222219424952,S,2013-01-07
VIAB,VIAB.W^E14,2013-02-05,GARCH,0.2213181445521429,1.9437190915874296,,2013-01-07
VIAB,VIAB.W^E14,2013-02-05,GJR-GARCH,0.2560750425275855,2.60215981767876,,2013-01-07
VIAB,VIAB.W^E14,2013-02-06,EGARCH,0.2349342935685326,2.190242948196249,,2013-01-07
VIAB,VIAB.W^E14,2013-02-06,ESG-EGARCH,0.2313894676301655,2.1246462591337867,all,2013-01-07
VIAB,VIAB.W^E14,2013-02-06,ESG-EGARCH(E),0.2373545173412775,2.23560186120281,E,2013-01-07
VIAB,VIAB.W^E14,2013-02-06,ESG-EGARCH(G),0.2381853539710736,2.25128027167959,G,2013-01-07
VIAB,VIAB.W^E14,2013-02-06,ESG-EGARCH(S),0.2369920310458086,2.228778681714981,S,2013-01-07
VIAB,VIAB.W^E14,2013-02-06,ESG-GARCH,0.2218252264964565,1.9526361551668352,all,2013-01-07
VIAB,VIAB.W^E14,2013-02-06,ESG-GARCH(E),0.2213181445521429,1.9437190915874296,E,2013-01-07
VIAB,VIAB.W^E14,2013-02-06,ESG-GARCH(G),0.2213181445521428,1.9437190915874285,G,2013-01-07
VIAB,VIAB.W^E14,2013-02-06,ESG-GARCH(S),0.2213181445521429,1.9437190915874287,S,2013-01-07
VIAB,VIAB.W^E14,2013-02-06,ESG-GJR-GARCH,0.268857115377657,2.868418590841064,all,2013-01-07
VIAB,VIAB.W^E14,2013-02-06,ESG-GJR-GARCH(E),0.2507840428883408,2.49573953045322,E,2013-01-07
VIAB,VIAB.W^E14,2013-02-06,ESG-GJR-GARCH(G),0.2497570594973767,2.475340824157785,G,2013-01-07
VIAB,VIAB.W^E14,2013-02-06,ESG-GJR-GARCH(S),0.2513101667850085,2.506222219424952,S,2013-01-07
VIAB,VIAB.W^E14,2013-02-06,GARCH,0.2213181445521429,1.9437190915874296,,2013-01-07
VIAB,VIAB.W^E14,2013-02-06,GJR-GARCH,0.2560750425275855,2.60215981767876,,2013-01-07
VIAB,VIAB.W^E14,2013-02-07,EGARCH,0.230051557097567,2.1001475763101247,,2013-02-07
VIAB,VIAB.W^E14,2013-02-07,ESG-EGARCH,0.2220254382364148,1.956162508891748,all,2013-02-07
VIAB,VIAB.W^E14,2013-02-07,ESG-EGARCH(E),0.221437015660998,1.9458076152717887,E,2013-02-07
VIAB,VIAB.W^E14,2013-02-07,ESG-EGARCH(G),0.2219614124687694,1.9550344692512385,G,2013-02-07
VIAB,VIAB.W^E14,2013-02-07,ESG-EGARCH(S),0.2212655258192513,1.942794956986896,S,2013-02-07
VIAB,VIAB.W^E14,2013-02-07,ESG-GARCH,0.2188074760037381,1.8998695061558104,all,2013-02-07
VIAB,VIAB.W^E14,2013-02-07,ESG-GARCH(E),0.2187273593519954,1.8984784813133704,E,2013-02-07
VIAB,VIAB.W^E14,2013-02-07,ESG-GARCH(G),0.2183900872742253,1.8926281833191976,G,2013-02-07
VIAB,VIAB.W^E14,2013-02-07,ESG-GARCH(S),0.2188491391464808,1.9005930835379257,S,2013-02-07
VIAB,VIAB.W^E14,2013-02-07,ESG-GJR-GARCH,0.217327891088598,1.8742623906752989,all,2013-02-07
VIAB,VIAB.W^E14,2013-02-07,ESG-GJR-GARCH(E),0.2169112967272534,1.867083755868992,E,2013-02-07
VIAB,VIAB.W^E14,2013-02-07,ESG-GJR-GARCH(G),0.2150241229261512,1.8347370412762145,G,2013-02-07
VIAB,VIAB.W^E14,2013-02-07,ESG-GJR-GARCH(S),0.2175873603604189,1.8787404519291584,S,2013-02-07
VIAB,VIAB.W^E14,2013-02-07,GARCH,0.2173479289790248,1.8746080250583808,,2013-02-07
VIAB,VIAB.W^E14,2013-02-07,GJR-GARCH,0.2116780258669339,1.7780788347191403,,2013-02-07
VIAB,VIAB.W^E14,2013-02-08,EGARCH,0.230051557097567,2.1001475763101247,,2013-02-07
VIAB,VIAB.W^E14,2013-02-08,ESG-EGARCH,0.2220254382364148,1.956162508891748,all,2013-02-07
VIAB,VIAB.W^E14,2013-02-08,ESG-EGARCH(E),0.221437015660998,1.9458076152717887,E,2013-02-07
VIAB,VIAB.W^E14,2013-02-08,ESG-EGARCH(G),0.2219614124687694,1.9550344692512385,G,2013-02-07
VIAB,VIAB.W^E14,2013-02-08,ESG-EGARCH(S),0.2212655258192513,1.942794956986896,S,2013-02-07
VIAB,VIAB.W^E14,2013-02-08,ESG-GARCH,0.2188074760037381,1.8998695061558104,all,2013-02-07
VIAB,VIAB.W^E14,2013-02-08,ESG-GARCH(E),0.2187273593519954,1.8984784813133704,E,2013-02-07
VIAB,VIAB.W^E14,2013-02-08,ESG-GARCH(G),0.2183900872742253,1.8926281833191976,G,2013-02-07
VIAB,VIAB.W^E14,2013-02-08,ESG-GARCH(S),0.2188491391464808,1.9005930835379257,S,2013-02-07
VIAB,VIAB.W^E14,2013-02-08,ESG-GJR-GARCH,0.217327891088598,1.8742623906752989,all,2013-02-07
VIAB,VIAB.W^E14,2013-02-08,ESG-GJR-GARCH(E),0.2169112967272534,1.867083755868992,E,2013-02-07
VIAB,VIAB.W^E14,2013-02-08,ESG-GJR-GARCH(G),0.2150241229261512,1.8347370412762145,G,2013-02-07
VIAB,VIAB.W^E14,2013-02-08,ESG-GJR-GARCH(S),0.2175873603604189,1.8787404519291584,S,2013-02-07
VIAB,VIAB.W^E14,2013-02-08,GARCH,0.2173479289790248,1.8746080250583808,,2013-02-07
VIAB,VIAB.W^E14,2013-02-08,GJR-GARCH,0.2116780258669339,1.7780788347191403,,2013-02-07
VIAB,VIAB.W^E14,2013-02-11,EGARCH,0.230051557097567,2.1001475763101247,,2013-02-07
VIAB,VIAB.W^E14,2013-02-11,ESG-EGARCH,0.2220254382364148,1.956162508891748,all,2013-02-07
VIAB,VIAB.W^E14,2013-02-11,ESG-EGARCH(E),0.221437015660998,1.9458076152717887,E,2013-02-07
VIAB,VIAB.W^E14,2013-02-11,ESG-EGARCH(G),0.2219614124687694,1.9550344692512385,G,2013-02-07
VIAB,VIAB.W^E14,2013-02-11,ESG-EGARCH(S),0.2212655258192513,1.942794956986896,S,2013-02-07
VIAB,VIAB.W^E14,2013-02-11,ESG-GARCH,0.2188074760037381,1.8998695061558104,all,2013-02-07
VIAB,VIAB.W^E14,2013-02-11,ESG-GARCH(E),0.2187273593519954,1.8984784813133704,E,2013-02-07
VIAB,VIAB.W^E14,2013-02-11,ESG-GARCH(G),0.2183900872742253,1.8926281833191976,G,2013-02-07
VIAB,VIAB.W^E14,2013-02-11,ESG-GARCH(S),0.2188491391464808,1.9005930835379257,S,2013-02-07
VIAB,VIAB.W^E14,2013-02-11,ESG-GJR-GARCH,0.217327891088598,1.8742623906752989,all,2013-02-07
VIAB,VIAB.W^E14,2013-02-11,ESG-GJR-GARCH(E),0.2169112967272534,1.867083755868992,E,2013-02-07
VIAB,VIAB.W^E14,2013-02-11,ESG-GJR-GARCH(G),0.2150241229261512,1.8347370412762145,G,2013-02-07
VIAB,VIAB.W^E14,2013-02-11,ESG-GJR-GARCH(S),0.2175873603604189,1.8787404519291584,S,2013-02-07
VIAB,VIAB.W^E14,2013-02-11,GARCH,0.2173479289790248,1.8746080250583808,,2013-02-07
VIAB,VIAB.W^E14,2013-02-11,GJR-GARCH,0.2116780258669339,1.7780788347191403,,2013-02-07
VIAB,VIAB.W^E14,2013-02-12,EGARCH,0.230051557097567,2.1001475763101247,,2013-02-07
VIAB,VIAB.W^E14,2013-02-12,ESG-EGARCH,0.2220254382364148,1.956162508891748,all,2013-02-07
VIAB,VIAB.W^E14,2013-02-12,ESG-EGARCH(E),0.221437015660998,1.9458076152717887,E,2013-02-07
VIAB,VIAB.W^E14,2013-02-12,ESG-EGARCH(G),0.2219614124687694,1.9550344692512385,G,2013-02-07
VIAB,VIAB.W^E14,2013-02-12,ESG-EGARCH(S),0.2212655258192513,1.942794956986896,S,2013-02-07
VIAB,VIAB.W^E14,2013-02-12,ESG-GARCH,0.2188074760037381,1.8998695061558104,all,2013-02-07
VIAB,VIAB.W^E14,2013-02-12,ESG-GARCH(E),0.2187273593519954,1.8984784813133704,E,2013-02-07
VIAB,VIAB.W^E14,2013-02-12,ESG-GARCH(G),0.2183900872742253,1.8926281833191976,G,2013-02-07
VIAB,VIAB.W^E14,2013-02-12,ESG-GARCH(S),0.2188491391464808,1.9005930835379257,S,2013-02-07
VIAB,VIAB.W^E14,2013-02-12,ESG-GJR-GARCH,0.217327891088598,1.8742623906752989,all,2013-02-07
VIAB,VIAB.W^E14,2013-02-12,ESG-GJR-GARCH(E),0.2169112967272534,1.867083755868992,E,2013-02-07
VIAB,VIAB.W^E14,2013-02-12,ESG-GJR-GARCH(G),0.2150241229261512,1.8347370412762145,G,2013-02-07
VIAB,VIAB.W^E14,2013-02-12,ESG-GJR-GARCH(S),0.2175873603604189,1.8787404519291584,S,2013-02-07
VIAB,VIAB.W^E14,2013-02-12,GARCH,0.2173479289790248,1.8746080250583808,,2013-02-07
VIAB,VIAB.W^E14,2013-02-12,GJR-GARCH,0.2116780258669339,1.7780788347191403,,2013-02-07
VIAB,VIAB.W^E14,2013-02-13,EGARCH,0.230051557097567,2.1001475763101247,,2013-02-07
VIAB,VIAB.W^E14,2013-02-13,ESG-EGARCH,0.2220254382364148,1.956162508891748,all,2013-02-07
VIAB,VIAB.W^E14,2013-02-13,ESG-EGARCH(E),0.221437015660998,1.9458076152717887,E,2013-02-07
VIAB,VIAB.W^E14,2013-02-13,ESG-EGARCH(G),0.2219614124687694,1.9550344692512385,G,2013-02-07
VIAB,VIAB.W^E14,2013-02-13,ESG-EGARCH(S),0.2212655258192513,1.942794956986896,S,2013-02-07
VIAB,VIAB.W^E14,2013-02-13,ESG-GARCH,0.2188074760037381,1.8998695061558104,all,2013-02-07
VIAB,VIAB.W^E14,2013-02-13,ESG-GARCH(E),0.2187273593519954,1.8984784813133704,E,2013-02-07
VIAB,VIAB.W^E14,2013-02-13,ESG-GARCH(G),0.2183900872742253,1.8926281833191976,G,2013-02-07
VIAB,VIAB.W^E14,2013-02-13,ESG-GARCH(S),0.2188491391464808,1.9005930835379257,S,2013-02-07
VIAB,VIAB.W^E14,2013-02-13,ESG-GJR-GARCH,0.217327891088598,1.8742623906752989,all,2013-02-07
VIAB,VIAB.W^E14,2013-02-13,ESG-GJR-GARCH(E),0.2169112967272534,1.867083755868992,E,2013-02-07
VIAB,VIAB.W^E14,2013-02-13,ESG-GJR-GARCH(G),0.2150241229261512,1.8347370412762145,G,2013-02-07
VIAB,VIAB.W^E14,2013-02-13,ESG-GJR-GARCH(S),0.2175873603604189,1.8787404519291584,S,2013-02-07
VIAB,VIAB.W^E14,2013-02-13,GARCH,0.2173479289790248,1.8746080250583808,,2013-02-07
VIAB,VIAB.W^E14,2013-02-13,GJR-GARCH,0.2116780258669339,1.7780788347191403,,2013-02-07
VIAB,VIAB.W^E14,2013-02-14,EGARCH,0.230051557097567,2.1001475763101247,,2013-02-07
VIAB,VIAB.W^E14,2013-02-14,ESG-EGARCH,0.2220254382364148,1.956162508891748,all,2013-02-07
VIAB,VIAB.W^E14,2013-02-14,ESG-EGARCH(E),0.221437015660998,1.9458076152717887,E,2013-02-07
VIAB,VIAB.W^E14,2013-02-14,ESG-EGARCH(G),0.2219614124687694,1.9550344692512385,G,2013-02-07
VIAB,VIAB.W^E14,2013-02-14,ESG-EGARCH(S),0.2212655258192513,1.942794956986896,S,2013-02-07
VIAB,VIAB.W^E14,2013-02-14,ESG-GARCH,0.2188074760037381,1.8998695061558104,all,2013-02-07
VIAB,VIAB.W^E14,2013-02-14,ESG-GARCH(E),0.2187273593519954,1.8984784813133704,E,2013-02-07
VIAB,VIAB.W^E14,2013-02-14,ESG-GARCH(G),0.2183900872742253,1.8926281833191976,G,2013-02-07
VIAB,VIAB.W^E14,2013-02-14,ESG-GARCH(S),0.2188491391464808,1.9005930835379257,S,2013-02-07
VIAB,VIAB.W^E14,2013-02-14,ESG-GJR-GARCH,0.217327891088598,1.8742623906752989,all,2013-02-07
VIAB,VIAB.W^E14,2013-02-14,ESG-GJR-GARCH(E),0.2169112967272534,1.867083755868992,E,2013-02-07
VIAB,VIAB.W^E14,2013-02-14,ESG-GJR-GARCH(G),0.2150241229261512,1.8347370412762145,G,2013-02-07
VIAB,VIAB.W^E14,2013-02-14,ESG-GJR-GARCH(S),0.2175873603604189,1.8787404519291584,S,2013-02-07
VIAB,VIAB.W^E14,2013-02-14,GARCH,0.2173479289790248,1.8746080250583808,,2013-02-07
VIAB,VIAB.W^E14,2013-02-14,GJR-GARCH,0.2116780258669339,1.7780788347191403,,2013-02-07
VIAB,VIAB.W^E14,2013-02-15,EGARCH,0.230051557097567,2.1001475763101247,,2013-02-07
VIAB,VIAB.W^E14,2013-02-15,ESG-EGARCH,0.2220254382364148,1.956162508891748,all,2013-02-07
VIAB,VIAB.W^E14,2013-02-15,ESG-EGARCH(E),0.221437015660998,1.9458076152717887,E,2013-02-07
VIAB,VIAB.W^E14,2013-02-15,ESG-EGARCH(G),0.2219614124687694,1.9550344692512385,G,2013-02-07
VIAB,VIAB.W^E14,2013-02-15,ESG-EGARCH(S),0.2212655258192513,1.942794956986896,S,2013-02-07
VIAB,VIAB.W^E14,2013-02-15,ESG-GARCH,0.2188074760037381,1.8998695061558104,all,2013-02-07
VIAB,VIAB.W^E14,2013-02-15,ESG-GARCH(E),0.2187273593519954,1.8984784813133704,E,2013-02-07
VIAB,VIAB.W^E14,2013-02-15,ESG-GARCH(G),0.2183900872742253,1.8926281833191976,G,2013-02-07
VIAB,VIAB.W^E14,2013-02-15,ESG-GARCH(S),0.2188491391464808,1.9005930835379257,S,2013-02-07
VIAB,VIAB.W^E14,2013-02-15,ESG-GJR-GARCH,0.217327891088598,1.8742623906752989,all,2013-02-07
VIAB,VIAB.W^E14,2013-02-15,ESG-GJR-GARCH(E),0.2169112967272534,1.867083755868992,E,2013-02-07
VIAB,VIAB.W^E14,2013-02-15,ESG-GJR-GARCH(G),0.2150241229261512,1.8347370412762145,G,2013-02-07
VIAB,VIAB.W^E14,2013-02-15,ESG-GJR-GARCH(S),0.2175873603604189,1.8787404519291584,S,2013-02-07
VIAB,VIAB.W^E14,2013-02-15,GARCH,0.2173479289790248,1.8746080250583808,,2013-02-07
VIAB,VIAB.W^E14,2013-02-15,GJR-GARCH,0.2116780258669339,1.7780788347191403,,2013-02-07
VIAB,VIAB.W^E14,2013-02-20,EGARCH,0.230051557097567,2.1001475763101247,,2013-02-07
VIAB,VIAB.W^E14,2013-02-20,ESG-EGARCH,0.2220254382364148,1.956162508891748,all,2013-02-07
VIAB,VIAB.W^E14,2013-02-20,ESG-EGARCH(E),0.221437015660998,1.9458076152717887,E,2013-02-07
VIAB,VIAB.W^E14,2013-02-20,ESG-EGARCH(G),0.2219614124687694,1.9550344692512385,G,2013-02-07
VIAB,VIAB.W^E14,2013-02-20,ESG-EGARCH(S),0.2212655258192513,1.942794956986896,S,2013-02-07
VIAB,VIAB.W^E14,2013-02-20,ESG-GARCH,0.2188074760037381,1.8998695061558104,all,2013-02-07
VIAB,VIAB.W^E14,2013-02-20,ESG-GARCH(E),0.2187273593519954,1.8984784813133704,E,2013-02-07
VIAB,VIAB.W^E14,2013-02-20,ESG-GARCH(G),0.2183900872742253,1.8926281833191976,G,2013-02-07
VIAB,VIAB.W^E14,2013-02-20,ESG-GARCH(S),0.2188491391464808,1.9005930835379257,S,2013-02-07
VIAB,VIAB.W^E14,2013-02-20,ESG-GJR-GARCH,0.217327891088598,1.8742623906752989,all,2013-02-07
VIAB,VIAB.W^E14,2013-02-20,ESG-GJR-GARCH(E),0.2169112967272534,1.867083755868992,E,2013-02-07
VIAB,VIAB.W^E14,2013-02-20,ESG-GJR-GARCH(G),0.2150241229261512,1.8347370412762145,G,2013-02-07
VIAB,VIAB.W^E14,2013-02-20,ESG-GJR-GARCH(S),0.2175873603604189,1.8787404519291584,S,2013-02-07
VIAB,VIAB.W^E14,2013-02-20,GARCH,0.2173479289790248,1.8746080250583808,,2013-02-07
VIAB,VIAB.W^E14,2013-02-20,GJR-GARCH,0.2116780258669339,1.7780788347191403,,2013-02-07
VIAB,VIAB.W^E14,2013-02-21,EGARCH,0.230051557097567,2.1001475763101247,,2013-02-07
VIAB,VIAB.W^E14,2013-02-21,ESG-EGARCH,0.2220254382364148,1.956162508891748,all,2013-02-07
VIAB,VIAB.W^E14,2013-02-21,ESG-EGARCH(E),0.221437015660998,1.9458076152717887,E,2013-02-07
VIAB,VIAB.W^E14,2013-02-21,ESG-EGARCH(G),0.2219614124687694,1.9550344692512385,G,2013-02-07
VIAB,VIAB.W^E14,2013-02-21,ESG-EGARCH(S),0.2212655258192513,1.942794956986896,S,2013-02-07
VIAB,VIAB.W^E14,2013-02-21,ESG-GARCH,0.2188074760037381,1.8998695061558104,all,2013-02-07
VIAB,VIAB.W^E14,2013-02-21,ESG-GARCH(E),0.2187273593519954,1.8984784813133704,E,2013-02-07
VIAB,VIAB.W^E14,2013-02-21,ESG-GARCH(G),0.2183900872742253,1.8926281833191976,G,2013-02-07
VIAB,VIAB.W^E14,2013-02-21,ESG-GARCH(S),0.2188491391464808,1.9005930835379257,S,2013-02-07
VIAB,VIAB.W^E14,2013-02-21,ESG-GJR-GARCH,0.217327891088598,1.8742623906752989,all,2013-02-07
VIAB,VIAB.W^E14,2013-02-21,ESG-GJR-GARCH(E),0.2169112967272534,1.867083755868992,E,2013-02-07
VIAB,VIAB.W^E14,2013-02-21,ESG-GJR-GARCH(G),0.2150241229261512,1.8347370412762145,G,2013-02-07
VIAB,VIAB.W^E14,2013-02-21,ESG-GJR-GARCH(S),0.2175873603604189,1.8787404519291584,S,2013-02-07
VIAB,VIAB.W^E14,2013-02-21,GARCH,0.2173479289790248,1.8746080250583808,,2013-02-07
VIAB,VIAB.W^E14,2013-02-21,GJR-GARCH,0.2116780258669339,1.7780788347191403,,2013-02-07
VIAB,VIAB.W^E14,2013-02-22,EGARCH,0.230051557097567,2.1001475763101247,,2013-02-07
VIAB,VIAB.W^E14,2013-02-22,ESG-EGARCH,0.2220254382364148,1.956162508891748,all,2013-02-07
VIAB,VIAB.W^E14,2013-02-22,ESG-EGARCH(E),0.221437015660998,1.9458076152717887,E,2013-02-07
VIAB,VIAB.W^E14,2013-02-22,ESG-EGARCH(G),0.2219614124687694,1.9550344692512385,G,2013-02-07
VIAB,VIAB.W^E14,2013-02-22,ESG-EGARCH(S),0.2212655258192513,1.942794956986896,S,2013-02-07
VIAB,VIAB.W^E14,2013-02-22,ESG-GARCH,0.2188074760037381,1.8998695061558104,all,2013-02-07
VIAB,VIAB.W^E14,2013-02-22,ESG-GARCH(E),0.2187273593519954,1.8984784813133704,E,2013-02-07
VIAB,VIAB.W^E14,2013-02-22,ESG-GARCH(G),0.2183900872742253,1.8926281833191976,G,2013-02-07
VIAB,VIAB.W^E14,2013-02-22,ESG-GARCH(S),0.2188491391464808,1.9005930835379257,S,2013-02-07
VIAB,VIAB.W^E14,2013-02-22,ESG-GJR-GARCH,0.217327891088598,1.8742623906752989,all,2013-02-07
VIAB,VIAB.W^E14,2013-02-22,ESG-GJR-GARCH(E),0.2169112967272534,1.867083755868992,E,2013-02-07
VIAB,VIAB.W^E14,2013-02-22,ESG-GJR-GARCH(G),0.2150241229261512,1.8347370412762145,G,2013-02-07
VIAB,VIAB.W^E14,2013-02-22,ESG-GJR-GARCH(S),0.2175873603604189,1.8787404519291584,S,2013-02-07
VIAB,VIAB.W^E14,2013-02-22,GARCH,0.2173479289790248,1.8746080250583808,,2013-02-07
VIAB,VIAB.W^E14,2013-02-22,GJR-GARCH,0.2116780258669339,1.7780788347191403,,2013-02-07
VIAB,VIAB.W^E14,2013-02-25,EGARCH,0.230051557097567,2.1001475763101247,,2013-02-07
VIAB,VIAB.W^E14,2013-02-25,ESG-EGARCH,0.2220254382364148,1.956162508891748,all,2013-02-07
VIAB,VIAB.W^E14,2013-02-25,ESG-EGARCH(E),0.221437015660998,1.9458076152717887,E,2013-02-07
VIAB,VIAB.W^E14,2013-02-25,ESG-EGARCH(G),0.2219614124687694,1.9550344692512385,G,2013-02-07
VIAB,VIAB.W^E14,2013-02-25,ESG-EGARCH(S),0.2212655258192513,1.942794956986896,S,2013-02-07
VIAB,VIAB.W^E14,2013-02-25,ESG-GARCH,0.2188074760037381,1.8998695061558104,all,2013-02-07
VIAB,VIAB.W^E14,2013-02-25,ESG-GARCH(E),0.2187273593519954,1.8984784813133704,E,2013-02-07
VIAB,VIAB.W^E14,2013-02-25,ESG-GARCH(G),0.2183900872742253,1.8926281833191976,G,2013-02-07
VIAB,VIAB.W^E14,2013-02-25,ESG-GARCH(S),0.2188491391464808,1.9005930835379257,S,2013-02-07
VIAB,VIAB.W^E14,2013-02-25,ESG-GJR-GARCH,0.217327891088598,1.8742623906752989,all,2013-02-07
VIAB,VIAB.W^E14,2013-02-25,ESG-GJR-GARCH(E),0.2169112967272534,1.867083755868992,E,2013-02-07
VIAB,VIAB.W^E14,2013-02-25,ESG-GJR-GARCH(G),0.2150241229261512,1.8347370412762145,G,2013-02-07
VIAB,VIAB.W^E14,2013-02-25,ESG-GJR-GARCH(S),0.2175873603604189,1.8787404519291584,S,2013-02-07
VIAB,VIAB.W^E14,2013-02-25,GARCH,0.2173479289790248,1.8746080250583808,,2013-02-07
VIAB,VIAB.W^E14,2013-02-25,GJR-GARCH,0.2116780258669339,1.7780788347191403,,2013-02-07
VIAB,VIAB.W^E14,2013-02-26,EGARCH,0.230051557097567,2.1001475763101247,,2013-02-07
VIAB,VIAB.W^E14,2013-02-26,ESG-EGARCH,0.2220254382364148,1.956162508891748,all,2013-02-07
VIAB,VIAB.W^E14,2013-02-26,ESG-EGARCH(E),0.221437015660998,1.9458076152717887,E,2013-02-07
VIAB,VIAB.W^E14,2013-02-26,ESG-EGARCH(G),0.2219614124687694,1.9550344692512385,G,2013-02-07
VIAB,VIAB.W^E14,2013-02-26,ESG-EGARCH(S),0.2212655258192513,1.942794956986896,S,2013-02-07
VIAB,VIAB.W^E14,2013-02-26,ESG-GARCH,0.2188074760037381,1.8998695061558104,all,2013-02-07
VIAB,VIAB.W^E14,2013-02-26,ESG-GARCH(E),0.2187273593519954,1.8984784813133704,E,2013-02-07
VIAB,VIAB.W^E14,2013-02-26,ESG-GARCH(G),0.2183900872742253,1.8926281833191976,G,2013-02-07
VIAB,VIAB.W^E14,2013-02-26,ESG-GARCH(S),0.2188491391464808,1.9005930835379257,S,2013-02-07
VIAB,VIAB.W^E14,2013-02-26,ESG-GJR-GARCH,0.217327891088598,1.8742623906752989,all,2013-02-07
VIAB,VIAB.W^E14,2013-02-26,ESG-GJR-GARCH(E),0.2169112967272534,1.867083755868992,E,2013-02-07
VIAB,VIAB.W^E14,2013-02-26,ESG-GJR-GARCH(G),0.2150241229261512,1.8347370412762145,G,2013-02-07
VIAB,VIAB.W^E14,2013-02-26,ESG-GJR-GARCH(S),0.2175873603604189,1.8787404519291584,S,2013-02-07
VIAB,VIAB.W^E14,2013-02-26,GARCH,0.2173479289790248,1.8746080250583808,,2013-02-07
VIAB,VIAB.W^E14,2013-02-26,GJR-GARCH,0.2116780258669339,1.7780788347191403,,2013-02-07
VIAB,VIAB.W^E14,2013-02-27,EGARCH,0.230051557097567,2.1001475763101247,,2013-02-07
VIAB,VIAB.W^E14,2013-02-27,ESG-EGARCH,0.2220254382364148,1.956162508891748,all,2013-02-07
VIAB,VIAB.W^E14,2013-02-27,ESG-EGARCH(E),0.221437015660998,1.9458076152717887,E,2013-02-07
VIAB,VIAB.W^E14,2013-02-27,ESG-EGARCH(G),0.2219614124687694,1.9550344692512385,G,2013-02-07
VIAB,VIAB.W^E14,2013-02-27,ESG-EGARCH(S),0.2212655258192513,1.942794956986896,S,2013-02-07
VIAB,VIAB.W^E14,2013-02-27,ESG-GARCH,0.2188074760037381,1.8998695061558104,all,2013-02-07
VIAB,VIAB.W^E14,2013-02-27,ESG-GARCH(E),0.2187273593519954,1.8984784813133704,E,2013-02-07
VIAB,VIAB.W^E14,2013-02-27,ESG-GARCH(G),0.2183900872742253,1.8926281833191976,G,2013-02-07
VIAB,VIAB.W^E14,2013-02-27,ESG-GARCH(S),0.2188491391464808,1.9005930835379257,S,2013-02-07
VIAB,VIAB.W^E14,2013-02-27,ESG-GJR-GARCH,0.217327891088598,1.8742623906752989,all,2013-02-07
VIAB,VIAB.W^E14,2013-02-27,ESG-GJR-GARCH(E),0.2169112967272534,1.867083755868992,E,2013-02-07
VIAB,VIAB.W^E14,2013-02-27,ESG-GJR-GARCH(G),0.2150241229261512,1.8347370412762145,G,2013-02-07
VIAB,VIAB.W^E14,2013-02-27,ESG-GJR-GARCH(S),0.2175873603604189,1.8787404519291584,S,2013-02-07
VIAB,VIAB.W^E14,2013-02-27,GARCH,0.2173479289790248,1.8746080250583808,,2013-02-07
VIAB,VIAB.W^E14,2013-02-27,GJR-GARCH,0.2116780258669339,1.7780788347191403,,2013-02-07
VIAB,VIAB.W^E14,2013-02-28,EGARCH,0.230051557097567,2.1001475763101247,,2013-02-07
VIAB,VIAB.W^E14,2013-02-28,ESG-EGARCH,0.2220254382364148,1.956162508891748,all,2013-02-07
VIAB,VIAB.W^E14,2013-02-28,ESG-EGARCH(E),0.221437015660998,1.9458076152717887,E,2013-02-07
VIAB,VIAB.W^E14,2013-02-28,ESG-EGARCH(G),0.2219614124687694,1.9550344692512385,G,2013-02-07
VIAB,VIAB.W^E14,2013-02-28,ESG-EGARCH(S),0.2212655258192513,1.942794956986896,S,2013-02-07
VIAB,VIAB.W^E14,2013-02-28,ESG-GARCH,0.2188074760037381,1.8998695061558104,all,2013-02-07
VIAB,VIAB.W^E14,2013-02-28,ESG-GARCH(E),0.2187273593519954,1.8984784813133704,E,2013-02-07
VIAB,VIAB.W^E14,2013-02-28,ESG-GARCH(G),0.2183900872742253,1.8926281833191976,G,2013-02-07
VIAB,VIAB.W^E14,2013-02-28,ESG-GARCH(S),0.2188491391464808,1.9005930835379257,S,2013-02-07
VIAB,VIAB.W^E14,2013-02-28,ESG-GJR-GARCH,0.217327891088598,1.8742623906752989,all,2013-02-07
VIAB,VIAB.W^E14,2013-02-28,ESG-GJR-GARCH(E),0.2169112967272534,1.867083755868992,E,2013-02-07
VIAB,VIAB.W^E14,2013-02-28,ESG-GJR-GARCH(G),0.2150241229261512,1.8347370412762145,G,2013-02-07
VIAB,VIAB.W^E14,2013-02-28,ESG-GJR-GARCH(S),0.2175873603604189,1.8787404519291584,S,2013-02-07
VIAB,VIAB.W^E14,2013-02-28,GARCH,0.2173479289790248,1.8746080250583808,,2013-02-07
VIAB,VIAB.W^E14,2013-02-28,GJR-GARCH,0.2116780258669339,1.7780788347191403,,2013-02-07
VIAB,VIAB.W^E14,2013-03-01,EGARCH,0.230051557097567,2.1001475763101247,,2013-02-07
VIAB,VIAB.W^E14,2013-03-01,ESG-EGARCH,0.2220254382364148,1.956162508891748,all,2013-02-07
VIAB,VIAB.W^E14,2013-03-01,ESG-EGARCH(E),0.221437015660998,1.9458076152717887,E,2013-02-07
VIAB,VIAB.W^E14,2013-03-01,ESG-EGARCH(G),0.2219614124687694,1.9550344692512385,G,2013-02-07
VIAB,VIAB.W^E14,2013-03-01,ESG-EGARCH(S),0.2212655258192513,1.942794956986896,S,2013-02-07
VIAB,VIAB.W^E14,2013-03-01,ESG-GARCH,0.2188074760037381,1.8998695061558104,all,2013-02-07
VIAB,VIAB.W^E14,2013-03-01,ESG-GARCH(E),0.2187273593519954,1.8984784813133704,E,2013-02-07
VIAB,VIAB.W^E14,2013-03-01,ESG-GARCH(G),0.2183900872742253,1.8926281833191976,G,2013-02-07
VIAB,VIAB.W^E14,2013-03-01,ESG-GARCH(S),0.2188491391464808,1.9005930835379257,S,2013-02-07
VIAB,VIAB.W^E14,2013-03-01,ESG-GJR-GARCH,0.217327891088598,1.8742623906752989,all,2013-02-07
VIAB,VIAB.W^E14,2013-03-01,ESG-GJR-GARCH(E),0.2169112967272534,1.867083755868992,E,2013-02-07
VIAB,VIAB.W^E14,2013-03-01,ESG-GJR-GARCH(G),0.2150241229261512,1.8347370412762145,G,2013-02-07
VIAB,VIAB.W^E14,2013-03-01,ESG-GJR-GARCH(S),0.2175873603604189,1.8787404519291584,S,2013-02-07
VIAB,VIAB.W^E14,2013-03-01,GARCH,0.2173479289790248,1.8746080250583808,,2013-02-07
VIAB,VIAB.W^E14,2013-03-01,GJR-GARCH,0.2116780258669339,1.7780788347191403,,2013-02-07
VIAB,VIAB.W^E14,2013-03-04,EGARCH,0.230051557097567,2.1001475763101247,,2013-02-07
VIAB,VIAB.W^E14,2013-03-04,ESG-EGARCH,0.2220254382364148,1.956162508891748,all,2013-02-07
VIAB,VIAB.W^E14,2013-03-04,ESG-EGARCH(E),0.221437015660998,1.9458076152717887,E,2013-02-07
VIAB,VIAB.W^E14,2013-03-04,ESG-EGARCH(G),0.2219614124687694,1.9550344692512385,G,2013-02-07
VIAB,VIAB.W^E14,2013-03-04,ESG-EGARCH(S),0.2212655258192513,1.942794956986896,S,2013-02-07
VIAB,VIAB.W^E14,2013-03-04,ESG-GARCH,0.2188074760037381,1.8998695061558104,all,2013-02-07
VIAB,VIAB.W^E14,2013-03-04,ESG-GARCH(E),0.2187273593519954,1.8984784813133704,E,2013-02-07
VIAB,VIAB.W^E14,2013-03-04,ESG-GARCH(G),0.2183900872742253,1.8926281833191976,G,2013-02-07
VIAB,VIAB.W^E14,2013-03-04,ESG-GARCH(S),0.2188491391464808,1.9005930835379257,S,2013-02-07
VIAB,VIAB.W^E14,2013-03-04,ESG-GJR-GARCH,0.217327891088598,1.8742623906752989,all,2013-02-07
VIAB,VIAB.W^E14,2013-03-04,ESG-GJR-GARCH(E),0.2169112967272534,1.867083755868992,E,2013-02-07
VIAB,VIAB.W^E14,2013-03-04,ESG-GJR-GARCH(G),0.2150241229261512,1.8347370412762145,G,2013-02-07
VIAB,VIAB.W^E14,2013-03-04,ESG-GJR-GARCH(S),0.2175873603604189,1.8787404519291584,S,2013-02-07
VIAB,VIAB.W^E14,2013-03-04,GARCH,0.2173479289790248,1.8746080250583808,,2013-02-07
VIAB,VIAB.W^E14,2013-03-04,GJR-GARCH,0.2116780258669339,1.7780788347191403,,2013-02-07
VIAB,VIAB.W^E14,2013-03-05,EGARCH,0.230051557097567,2.1001475763101247,,2013-02-07
VIAB,VIAB.W^E14,2013-03-05,ESG-EGARCH,0.2220254382364148,1.956162508891748,all,2013-02-07
VIAB,VIAB.W^E14,2013-03-05,ESG-EGARCH(E),0.221437015660998,1.9458076152717887,E,2013-02-07
VIAB,VIAB.W^E14,2013-03-05,ESG-EGARCH(G),0.2219614124687694,1.9550344692512385,G,2013-02-07
VIAB,VIAB.W^E14,2013-03-05,ESG-EGARCH(S),0.2212655258192513,1.942794956986896,S,2013-02-07
VIAB,VIAB.W^E14,2013-03-05,ESG-GARCH,0.2188074760037381,1.8998695061558104,all,2013-02-07
VIAB,VIAB.W^E14,2013-03-05,ESG-GARCH(E),0.2187273593519954,1.8984784813133704,E,2013-02-07
VIAB,VIAB.W^E14,2013-03-05,ESG-GARCH(G),0.2183900872742253,1.8926281833191976,G,2013-02-07
VIAB,VIAB.W^E14,2013-03-05,ESG-GARCH(S),0.2188491391464808,1.9005930835379257,S,2013-02-07
VIAB,VIAB.W^E14,2013-03-05,ESG-GJR-GARCH,0.217327891088598,1.8742623906752989,all,2013-02-07
VIAB,VIAB.W^E14,2013-03-05,ESG-GJR-GARCH(E),0.2169112967272534,1.867083755868992,E,2013-02-07
VIAB,VIAB.W^E14,2013-03-05,ESG-GJR-GARCH(G),0.2150241229261512,1.8347370412762145,G,2013-02-07
VIAB,VIAB.W^E14,2013-03-05,ESG-GJR-GARCH(S),0.2175873603604189,1.8787404519291584,S,2013-02-07
VIAB,VIAB.W^E14,2013-03-05,GARCH,0.2173479289790248,1.8746080250583808,,2013-02-07
VIAB,VIAB.W^E14,2013-03-05,GJR-GARCH,0.2116780258669339,1.7780788347191403,,2013-02-07
VIAB,VIAB.W^E14,2013-03-06,EGARCH,0.230051557097567,2.1001475763101247,,2013-02-07
VIAB,VIAB.W^E14,2013-03-06,ESG-EGARCH,0.2220254382364148,1.956162508891748,all,2013-02-07
VIAB,VIAB.W^E14,2013-03-06,ESG-EGARCH(E),0.221437015660998,1.9458076152717887,E,2013-02-07
VIAB,VIAB.W^E14,2013-03-06,ESG-EGARCH(G),0.2219614124687694,1.9550344692512385,G,2013-02-07
VIAB,VIAB.W^E14,2013-03-06,ESG-EGARCH(S),0.2212655258192513,1.942794956986896,S,2013-02-07
VIAB,VIAB.W^E14,2013-03-06,ESG-GARCH,0.2188074760037381,1.8998695061558104,all,2013-02-07
VIAB,VIAB.W^E14,2013-03-06,ESG-GARCH(E),0.2187273593519954,1.8984784813133704,E,2013-02-07
VIAB,VIAB.W^E14,2013-03-06,ESG-GARCH(G),0.2183900872742253,1.8926281833191976,G,2013-02-07
VIAB,VIAB.W^E14,2013-03-06,ESG-GARCH(S),0.2188491391464808,1.9005930835379257,S,2013-02-07
VIAB,VIAB.W^E14,2013-03-06,ESG-GJR-GARCH,0.217327891088598,1.8742623906752989,all,2013-02-07
VIAB,VIAB.W^E14,2013-03-06,ESG-GJR-GARCH(E),0.2169112967272534,1.867083755868992,E,2013-02-07
VIAB,VIAB.W^E14,2013-03-06,ESG-GJR-GARCH(G),0.2150241229261512,1.8347370412762145,G,2013-02-07
VIAB,VIAB.W^E14,2013-03-06,ESG-GJR-GARCH(S),0.2175873603604189,1.8787404519291584,S,2013-02-07
VIAB,VIAB.W^E14,2013-03-06,GARCH,0.2173479289790248,1.8746080250583808,,2013-02-07
VIAB,VIAB.W^E14,2013-03-06,GJR-GARCH,0.2116780258669339,1.7780788347191403,,2013-02-07
VIAB,VIAB.W^E14,2013-03-07,EGARCH,0.230051557097567,2.1001475763101247,,2013-02-07
VIAB,VIAB.W^E14,2013-03-07,ESG-EGARCH,0.2220254382364148,1.956162508891748,all,2013-02-07
VIAB,VIAB.W^E14,2013-03-07,ESG-EGARCH(E),0.221437015660998,1.9458076152717887,E,2013-02-07
VIAB,VIAB.W^E14,2013-03-07,ESG-EGARCH(G),0.2219614124687694,1.9550344692512385,G,2013-02-07
VIAB,VIAB.W^E14,2013-03-07,ESG-EGARCH(S),0.2212655258192513,1.942794956986896,S,2013-02-07
VIAB,VIAB.W^E14,2013-03-07,ESG-GARCH,0.2188074760037381,1.8998695061558104,all,2013-02-07
VIAB,VIAB.W^E14,2013-03-07,ESG-GARCH(E),0.2187273593519954,1.8984784813133704,E,2013-02-07
VIAB,VIAB.W^E14,2013-03-07,ESG-GARCH(G),0.2183900872742253,1.8926281833191976,G,2013-02-07
VIAB,VIAB.W^E14,2013-03-07,ESG-GARCH(S),0.2188491391464808,1.9005930835379257,S,2013-02-07
VIAB,VIAB.W^E14,2013-03-07,ESG-GJR-GARCH,0.217327891088598,1.8742623906752989,all,2013-02-07
VIAB,VIAB.W^E14,2013-03-07,ESG-GJR-GARCH(E),0.2169112967272534,1.867083755868992,E,2013-02-07
VIAB,VIAB.W^E14,2013-03-07,ESG-GJR-GARCH(G),0.2150241229261512,1.8347370412762145,G,2013-02-07
VIAB,VIAB.W^E14,2013-03-07,ESG-GJR-GARCH(S),0.2175873603604189,1.8787404519291584,S,2013-02-07
VIAB,VIAB.W^E14,2013-03-07,GARCH,0.2173479289790248,1.8746080250583808,,2013-02-07
VIAB,VIAB.W^E14,2013-03-07,GJR-GARCH,0.2116780258669339,1.7780788347191403,,2013-02-07
VIAB,VIAB.W^E14,2013-03-08,EGARCH,0.230051557097567,2.1001475763101247,,2013-02-07
VIAB,VIAB.W^E14,2013-03-08,ESG-EGARCH,0.2220254382364148,1.956162508891748,all,2013-02-07
VIAB,VIAB.W^E14,2013-03-08,ESG-EGARCH(E),0.221437015660998,1.9458076152717887,E,2013-02-07
VIAB,VIAB.W^E14,2013-03-08,ESG-EGARCH(G),0.2219614124687694,1.9550344692512385,G,2013-02-07
VIAB,VIAB.W^E14,2013-03-08,ESG-EGARCH(S),0.2212655258192513,1.942794956986896,S,2013-02-07
VIAB,VIAB.W^E14,2013-03-08,ESG-GARCH,0.2188074760037381,1.8998695061558104,all,2013-02-07
VIAB,VIAB.W^E14,2013-03-08,ESG-GARCH(E),0.2187273593519954,1.8984784813133704,E,2013-02-07
VIAB,VIAB.W^E14,2013-03-08,ESG-GARCH(G),0.2183900872742253,1.8926281833191976,G,2013-02-07
VIAB,VIAB.W^E14,2013-03-08,ESG-GARCH(S),0.2188491391464808,1.9005930835379257,S,2013-02-07
VIAB,VIAB.W^E14,2013-03-08,ESG-GJR-GARCH,0.217327891088598,1.8742623906752989,all,2013-02-07
VIAB,VIAB.W^E14,2013-03-08,ESG-GJR-GARCH(E),0.2169112967272534,1.867083755868992,E,2013-02-07
VIAB,VIAB.W^E14,2013-03-08,ESG-GJR-GARCH(G),0.2150241229261512,1.8347370412762145,G,2013-02-07
VIAB,VIAB.W^E14,2013-03-08,ESG-GJR-GARCH(S),0.2175873603604189,1.8787404519291584,S,2013-02-07
VIAB,VIAB.W^E14,2013-03-08,GARCH,0.2173479289790248,1.8746080250583808,,2013-02-07
VIAB,VIAB.W^E14,2013-03-08,GJR-GARCH,0.2116780258669339,1.7780788347191403,,2013-02-07
VIAB,VIAB.W^E14,2013-03-11,EGARCH,0.230051557097567,2.1001475763101247,,2013-02-07
VIAB,VIAB.W^E14,2013-03-11,ESG-EGARCH,0.2220254382364148,1.956162508891748,all,2013-02-07
VIAB,VIAB.W^E14,2013-03-11,ESG-EGARCH(E),0.221437015660998,1.9458076152717887,E,2013-02-07
VIAB,VIAB.W^E14,2013-03-11,ESG-EGARCH(G),0.2219614124687694,1.9550344692512385,G,2013-02-07
VIAB,VIAB.W^E14,2013-03-11,ESG-EGARCH(S),0.2212655258192513,1.942794956986896,S,2013-02-07
VIAB,VIAB.W^E14,2013-03-11,ESG-GARCH,0.2188074760037381,1.8998695061558104,all,2013-02-07
VIAB,VIAB.W^E14,2013-03-11,ESG-GARCH(E),0.2187273593519954,1.8984784813133704,E,2013-02-07
VIAB,VIAB.W^E14,2013-03-11,ESG-GARCH(G),0.2183900872742253,1.8926281833191976,G,2013-02-07
VIAB,VIAB.W^E14,2013-03-11,ESG-GARCH(S),0.2188491391464808,1.9005930835379257,S,2013-02-07
VIAB,VIAB.W^E14,2013-03-11,ESG-GJR-GARCH,0.217327891088598,1.8742623906752989,all,2013-02-07
VIAB,VIAB.W^E14,2013-03-11,ESG-GJR-GARCH(E),0.2169112967272534,1.867083755868992,E,2013-02-07
VIAB,VIAB.W^E14,2013-03-11,ESG-GJR-GARCH(G),0.2150241229261512,1.8347370412762145,G,2013-02-07
VIAB,VIAB.W^E14,2013-03-11,ESG-GJR-GARCH(S),0.2175873603604189,1.8787404519291584,S,2013-02-07
VIAB,VIAB.W^E14,2013-03-11,GARCH,0.2173479289790248,1.8746080250583808,,2013-02-07
VIAB,VIAB.W^E14,2013-03-11,GJR-GARCH,0.2116780258669339,1.7780788347191403,,2013-02-07
VIAB,VIAB.W^E14,2013-03-12,EGARCH,0.230051557097567,2.1001475763101247,,2013-02-07
VIAB,VIAB.W^E14,2013-03-12,ESG-EGARCH,0.2220254382364148,1.956162508891748,all,2013-02-07
VIAB,VIAB.W^E14,2013-03-12,ESG-EGARCH(E),0.221437015660998,1.9458076152717887,E,2013-02-07
VIAB,VIAB.W^E14,2013-03-12,ESG-EGARCH(G),0.2219614124687694,1.9550344692512385,G,2013-02-07
VIAB,VIAB.W^E14,2013-03-12,ESG-EGARCH(S),0.2212655258192513,1.942794956986896,S,2013-02-07
VIAB,VIAB.W^E14,2013-03-12,ESG-GARCH,0.2188074760037381,1.8998695061558104,all,2013-02-07
VIAB,VIAB.W^E14,2013-03-12,ESG-GARCH(E),0.2187273593519954,1.8984784813133704,E,2013-02-07
VIAB,VIAB.W^E14,2013-03-12,ESG-GARCH(G),0.2183900872742253,1.8926281833191976,G,2013-02-07
VIAB,VIAB.W^E14,2013-03-12,ESG-GARCH(S),0.2188491391464808,1.9005930835379257,S,2013-02-07
VIAB,VIAB.W^E14,2013-03-12,ESG-GJR-GARCH,0.217327891088598,1.8742623906752989,all,2013-02-07
VIAB,VIAB.W^E14,2013-03-12,ESG-GJR-GARCH(E),0.2169112967272534,1.867083755868992,E,2013-02-07
VIAB,VIAB.W^E14,2013-03-12,ESG-GJR-GARCH(G),0.2150241229261512,1.8347370412762145,G,2013-02-07
VIAB,VIAB.W^E14,2013-03-12,ESG-GJR-GARCH(S),0.2175873603604189,1.8787404519291584,S,2013-02-07
VIAB,VIAB.W^E14,2013-03-12,GARCH,0.2173479289790248,1.8746080250583808,,2013-02-07
VIAB,VIAB.W^E14,2013-03-12,GJR-GARCH,0.2116780258669339,1.7780788347191403,,2013-02-07
VIAB,VIAB.W^E14,2013-03-13,EGARCH,0.211596631276229,1.776711681247954,,2013-03-13
VIAB,VIAB.W^E14,2013-03-13,ESG-EGARCH,0.2045808537275988,1.6608462584092525,all,2013-03-13
VIAB,VIAB.W^E14,2013-03-13,ESG-EGARCH(E),0.2048005698279564,1.6644156111847488,E,2013-03-13
VIAB,VIAB.W^E14,2013-03-13,ESG-EGARCH(G),0.2051786662043225,1.6705668676739998,G,2013-03-13
VIAB,VIAB.W^E14,2013-03-13,ESG-EGARCH(S),0.2046819647619214,1.6624883610635104,S,2013-03-13
VIAB,VIAB.W^E14,2013-03-13,ESG-GARCH,0.2149772998124826,1.833938072804208,all,2013-03-13
VIAB,VIAB.W^E14,2013-03-13,ESG-GARCH(E),0.2152541359469836,1.838664406439782,E,2013-03-13
VIAB,VIAB.W^E14,2013-03-13,ESG-GARCH(G),0.2148699920177092,1.832107677368668,G,2013-03-13
VIAB,VIAB.W^E14,2013-03-13,ESG-GARCH(S),0.2153551184590759,1.8403899621635968,S,2013-03-13
VIAB,VIAB.W^E14,2013-03-13,ESG-GJR-GARCH,0.2158064411563046,1.8481119065297449,all,2013-03-13
VIAB,VIAB.W^E14,2013-03-13,ESG-GJR-GARCH(E),0.2167944166838365,1.8650721867176565,E,2013-03-13
VIAB,VIAB.W^E14,2013-03-13,ESG-GJR-GARCH(G),0.2152340466873339,1.8383212243414853,G,2013-03-13
VIAB,VIAB.W^E14,2013-03-13,ESG-GJR-GARCH(S),0.2172335203426926,1.8726350143047243,S,2013-03-13
VIAB,VIAB.W^E14,2013-03-13,GARCH,0.2132183804282015,1.80405070446132,,2013-03-13
VIAB,VIAB.W^E14,2013-03-13,GJR-GARCH,0.2117527051401085,1.7793336561172124,,2013-03-13
VIAB,VIAB.W^E14,2013-03-14,EGARCH,0.211596631276229,1.776711681247954,,2013-03-13
VIAB,VIAB.W^E14,2013-03-14,ESG-EGARCH,0.2045808537275988,1.6608462584092525,all,2013-03-13
VIAB,VIAB.W^E14,2013-03-14,ESG-EGARCH(E),0.2048005698279564,1.6644156111847488,E,2013-03-13
VIAB,VIAB.W^E14,2013-03-14,ESG-EGARCH(G),0.2051786662043225,1.6705668676739998,G,2013-03-13
VIAB,VIAB.W^E14,2013-03-14,ESG-EGARCH(S),0.2046819647619214,1.6624883610635104,S,2013-03-13
VIAB,VIAB.W^E14,2013-03-14,ESG-GARCH,0.2149772998124826,1.833938072804208,all,2013-03-13
VIAB,VIAB.W^E14,2013-03-14,ESG-GARCH(E),0.2152541359469836,1.838664406439782,E,2013-03-13
VIAB,VIAB.W^E14,2013-03-14,ESG-GARCH(G),0.2148699920177092,1.832107677368668,G,2013-03-13
VIAB,VIAB.W^E14,2013-03-14,ESG-GARCH(S),0.2153551184590759,1.8403899621635968,S,2013-03-13
VIAB,VIAB.W^E14,2013-03-14,ESG-GJR-GARCH,0.2158064411563046,1.8481119065297449,all,2013-03-13
VIAB,VIAB.W^E14,2013-03-14,ESG-GJR-GARCH(E),0.2167944166838365,1.8650721867176565,E,2013-03-13
VIAB,VIAB.W^E14,2013-03-14,ESG-GJR-GARCH(G),0.2152340466873339,1.8383212243414853,G,2013-03-13
VIAB,VIAB.W^E14,2013-03-14,ESG-GJR-GARCH(S),0.2172335203426926,1.8726350143047243,S,2013-03-13
VIAB,VIAB.W^E14,2013-03-14,GARCH,0.2132183804282015,1.80405070446132,,2013-03-13
VIAB,VIAB.W^E14,2013-03-14,GJR-GARCH,0.2117527051401085,1.7793336561172124,,2013-03-13
VIAB,VIAB.W^E14,2013-03-15,EGARCH,0.211596631276229,1.776711681247954,,2013-03-13
VIAB,VIAB.W^E14,2013-03-15,ESG-EGARCH,0.2045808537275988,1.6608462584092525,all,2013-03-13
VIAB,VIAB.W^E14,2013-03-15,ESG-EGARCH(E),0.2048005698279564,1.6644156111847488,E,2013-03-13
VIAB,VIAB.W^E14,2013-03-15,ESG-EGARCH(G),0.2051786662043225,1.6705668676739998,G,2013-03-13
VIAB,VIAB.W^E14,2013-03-15,ESG-EGARCH(S),0.2046819647619214,1.6624883610635104,S,2013-03-13
VIAB,VIAB.W^E14,2013-03-15,ESG-GARCH,0.2149772998124826,1.833938072804208,all,2013-03-13
VIAB,VIAB.W^E14,2013-03-15,ESG-GARCH(E),0.2152541359469836,1.838664406439782,E,2013-03-13
VIAB,VIAB.W^E14,2013-03-15,ESG-GARCH(G),0.2148699920177092,1.832107677368668,G,2013-03-13
VIAB,VIAB.W^E14,2013-03-15,ESG-GARCH(S),0.2153551184590759,1.8403899621635968,S,2013-03-13
VIAB,VIAB.W^E14,2013-03-15,ESG-GJR-GARCH,0.2158064411563046,1.8481119065297449,all,2013-03-13
VIAB,VIAB.W^E14,2013-03-15,ESG-GJR-GARCH(E),0.2167944166838365,1.8650721867176565,E,2013-03-13
VIAB,VIAB.W^E14,2013-03-15,ESG-GJR-GARCH(G),0.2152340466873339,1.8383212243414853,G,2013-03-13
VIAB,VIAB.W^E14,2013-03-15,ESG-GJR-GARCH(S),0.2172335203426926,1.8726350143047243,S,2013-03-13
VIAB,VIAB.W^E14,2013-03-15,GARCH,0.2132183804282015,1.80405070446132,,2013-03-13
VIAB,VIAB.W^E14,2013-03-15,GJR-GARCH,0.2117527051401085,1.7793336561172124,,2013-03-13
VIAB,VIAB.W^E14,2013-03-18,EGARCH,0.211596631276229,1.776711681247954,,2013-03-13
VIAB,VIAB.W^E14,2013-03-18,ESG-EGARCH,0.2045808537275988,1.6608462584092525,all,2013-03-13
VIAB,VIAB.W^E14,2013-03-18,ESG-EGARCH(E),0.2048005698279564,1.6644156111847488,E,2013-03-13
VIAB,VIAB.W^E14,2013-03-18,ESG-EGARCH(G),0.2051786662043225,1.6705668676739998,G,2013-03-13
VIAB,VIAB.W^E14,2013-03-18,ESG-EGARCH(S),0.2046819647619214,1.6624883610635104,S,2013-03-13
VIAB,VIAB.W^E14,2013-03-18,ESG-GARCH,0.2149772998124826,1.833938072804208,all,2013-03-13
VIAB,VIAB.W^E14,2013-03-18,ESG-GARCH(E),0.2152541359469836,1.838664406439782,E,2013-03-13
VIAB,VIAB.W^E14,2013-03-18,ESG-GARCH(G),0.2148699920177092,1.832107677368668,G,2013-03-13
VIAB,VIAB.W^E14,2013-03-18,ESG-GARCH(S),0.2153551184590759,1.8403899621635968,S,2013-03-13
VIAB,VIAB.W^E14,2013-03-18,ESG-GJR-GARCH,0.2158064411563046,1.8481119065297449,all,2013-03-13
VIAB,VIAB.W^E14,2013-03-18,ESG-GJR-GARCH(E),0.2167944166838365,1.8650721867176565,E,2013-03-13
VIAB,VIAB.W^E14,2013-03-18,ESG-GJR-GARCH(G),0.2152340466873339,1.8383212243414853,G,2013-03-13
VIAB,VIAB.W^E14,2013-03-18,ESG-GJR-GARCH(S),0.2172335203426926,1.8726350143047243,S,2013-03-13
VIAB,VIAB.W^E14,2013-03-18,GARCH,0.2132183804282015,1.80405070446132,,2013-03-13
VIAB,VIAB.W^E14,2013-03-18,GJR-GARCH,0.2117527051401085,1.7793336561172124,,2013-03-13
VIAB,VIAB.W^E14,2013-03-19,EGARCH,0.211596631276229,1.776711681247954,,2013-03-13
VIAB,VIAB.W^E14,2013-03-19,ESG-EGARCH,0.2045808537275988,1.6608462584092525,all,2013-03-13
VIAB,VIAB.W^E14,2013-03-19,ESG-EGARCH(E),0.2048005698279564,1.6644156111847488,E,2013-03-13
VIAB,VIAB.W^E14,2013-03-19,ESG-EGARCH(G),0.2051786662043225,1.6705668676739998,G,2013-03-13
VIAB,VIAB.W^E14,2013-03-19,ESG-EGARCH(S),0.2046819647619214,1.6624883610635104,S,2013-03-13
VIAB,VIAB.W^E14,2013-03-19,ESG-GARCH,0.2149772998124826,1.833938072804208,all,2013-03-13
VIAB,VIAB.W^E14,2013-03-19,ESG-GARCH(E),0.2152541359469836,1.838664406439782,E,2013-03-13
VIAB,VIAB.W^E14,2013-03-19,ESG-GARCH(G),0.2148699920177092,1.832107677368668,G,2013-03-13
VIAB,VIAB.W^E14,2013-03-19,ESG-GARCH(S),0.2153551184590759,1.8403899621635968,S,2013-03-13
VIAB,VIAB.W^E14,2013-03-19,ESG-GJR-GARCH,0.2158064411563046,1.8481119065297449,all,2013-03-13
VIAB,VIAB.W^E14,2013-03-19,ESG-GJR-GARCH(E),0.2167944166838365,1.8650721867176565,E,2013-03-13
VIAB,VIAB.W^E14,2013-03-19,ESG-GJR-GARCH(G),0.2152340466873339,1.8383212243414853,G,2013-03-13
VIAB,VIAB.W^E14,2013-03-19,ESG-GJR-GARCH(S),0.2172335203426926,1.8726350143047243,S,2013-03-13
VIAB,VIAB.W^E14,2013-03-19,GARCH,0.2132183804282015,1.80405070446132,,2013-03-13
VIAB,VIAB.W^E14,2013-03-19,GJR-GARCH,0.2117527051401085,1.7793336561172124,,2013-03-13
VIAB,VIAB.W^E14,2013-03-20,EGARCH,0.211596631276229,1.776711681247954,,2013-03-13
VIAB,VIAB.W^E14,2013-03-20,ESG-EGARCH,0.2045808537275988,1.6608462584092525,all,2013-03-13
VIAB,VIAB.W^E14,2013-03-20,ESG-EGARCH(E),0.2048005698279564,1.6644156111847488,E,2013-03-13
VIAB,VIAB.W^E14,2013-03-20,ESG-EGARCH(G),0.2051786662043225,1.6705668676739998,G,2013-03-13
VIAB,VIAB.W^E14,2013-03-20,ESG-EGARCH(S),0.2046819647619214,1.6624883610635104,S,2013-03-13
VIAB,VIAB.W^E14,2013-03-20,ESG-GARCH,0.2149772998124826,1.833938072804208,all,2013-03-13
VIAB,VIAB.W^E14,2013-03-20,ESG-GARCH(E),0.2152541359469836,1.838664406439782,E,2013-03-13
VIAB,VIAB.W^E14,2013-03-20,ESG-GARCH(G),0.2148699920177092,1.832107677368668,G,2013-03-13
VIAB,VIAB.W^E14,2013-03-20,ESG-GARCH(S),0.2153551184590759,1.8403899621635968,S,2013-03-13
VIAB,VIAB.W^E14,2013-03-20,ESG-GJR-GARCH,0.2158064411563046,1.8481119065297449,all,2013-03-13
VIAB,VIAB.W^E14,2013-03-20,ESG-GJR-GARCH(E),0.2167944166838365,1.8650721867176565,E,2013-03-13
VIAB,VIAB.W^E14,2013-03-20,ESG-GJR-GARCH(G),0.2152340466873339,1.8383212243414853,G,2013-03-13
VIAB,VIAB.W^E14,2013-03-20,ESG-GJR-GARCH(S),0.2172335203426926,1.8726350143047243,S,2013-03-13
VIAB,VIAB.W^E14,2013-03-20,GARCH,0.2132183804282015,1.80405070446132,,2013-03-13
VIAB,VIAB.W^E14,2013-03-20,GJR-GARCH,0.2117527051401085,1.7793336561172124,,2013-03-13
VIAB,VIAB.W^E14,2013-03-21,EGARCH,0.211596631276229,1.776711681247954,,2013-03-13
VIAB,VIAB.W^E14,2013-03-21,ESG-EGARCH,0.2045808537275988,1.6608462584092525,all,2013-03-13
VIAB,VIAB.W^E14,2013-03-21,ESG-EGARCH(E),0.2048005698279564,1.6644156111847488,E,2013-03-13
VIAB,VIAB.W^E14,2013-03-21,ESG-EGARCH(G),0.2051786662043225,1.6705668676739998,G,2013-03-13
VIAB,VIAB.W^E14,2013-03-21,ESG-EGARCH(S),0.2046819647619214,1.6624883610635104,S,2013-03-13
VIAB,VIAB.W^E14,2013-03-21,ESG-GARCH,0.2149772998124826,1.833938072804208,all,2013-03-13
VIAB,VIAB.W^E14,2013-03-21,ESG-GARCH(E),0.2152541359469836,1.838664406439782,E,2013-03-13
VIAB,VIAB.W^E14,2013-03-21,ESG-GARCH(G),0.2148699920177092,1.832107677368668,G,2013-03-13
VIAB,VIAB.W^E14,2013-03-21,ESG-GARCH(S),0.2153551184590759,1.8403899621635968,S,2013-03-13
VIAB,VIAB.W^E14,2013-03-21,ESG-GJR-GARCH,0.2158064411563046,1.8481119065297449,all,2013-03-13
VIAB,VIAB.W^E14,2013-03-21,ESG-GJR-GARCH(E),0.2167944166838365,1.8650721867176565,E,2013-03-13
VIAB,VIAB.W^E14,2013-03-21,ESG-GJR-GARCH(G),0.2152340466873339,1.8383212243414853,G,2013-03-13
VIAB,VIAB.W^E14,2013-03-21,ESG-GJR-GARCH(S),0.2172335203426926,1.8726350143047243,S,2013-03-13
VIAB,VIAB.W^E14,2013-03-21,GARCH,0.2132183804282015,1.80405070446132,,2013-03-13
VIAB,VIAB.W^E14,2013-03-21,GJR-GARCH,0.2117527051401085,1.7793336561172124,,2013-03-13
VIAB,VIAB.W^E14,2013-03-22,EGARCH,0.211596631276229,1.776711681247954,,2013-03-13
VIAB,VIAB.W^E14,2013-03-22,ESG-EGARCH,0.2045808537275988,1.6608462584092525,all,2013-03-13
VIAB,VIAB.W^E14,2013-03-22,ESG-EGARCH(E),0.2048005698279564,1.6644156111847488,E,2013-03-13
VIAB,VIAB.W^E14,2013-03-22,ESG-EGARCH(G),0.2051786662043225,1.6705668676739998,G,2013-03-13
VIAB,VIAB.W^E14,2013-03-22,ESG-EGARCH(S),0.2046819647619214,1.6624883610635104,S,2013-03-13
VIAB,VIAB.W^E14,2013-03-22,ESG-GARCH,0.2149772998124826,1.833938072804208,all,2013-03-13
VIAB,VIAB.W^E14,2013-03-22,ESG-GARCH(E),0.2152541359469836,1.838664406439782,E,2013-03-13
VIAB,VIAB.W^E14,2013-03-22,ESG-GARCH(G),0.2148699920177092,1.832107677368668,G,2013-03-13
VIAB,VIAB.W^E14,2013-03-22,ESG-GARCH(S),0.2153551184590759,1.8403899621635968,S,2013-03-13
VIAB,VIAB.W^E14,2013-03-22,ESG-GJR-GARCH,0.2158064411563046,1.8481119065297449,all,2013-03-13
VIAB,VIAB.W^E14,2013-03-22,ESG-GJR-GARCH(E),0.2167944166838365,1.8650721867176565,E,2013-03-13
VIAB,VIAB.W^E14,2013-03-22,ESG-GJR-GARCH(G),0.2152340466873339,1.8383212243414853,G,2013-03-13
VIAB,VIAB.W^E14,2013-03-22,ESG-GJR-GARCH(S),0.2172335203426926,1.8726350143047243,S,2013-03-13
VIAB,VIAB.W^E14,2013-03-22,GARCH,0.2132183804282015,1.80405070446132,,2013-03-13
VIAB,VIAB.W^E14,2013-03-22,GJR-GARCH,0.2117527051401085,1.7793336561172124,,2013-03-13
VIAB,VIAB.W^E14,2013-03-25,EGARCH,0.211596631276229,1.776711681247954,,2013-03-13
VIAB,VIAB.W^E14,2013-03-25,ESG-EGARCH,0.2045808537275988,1.6608462584092525,all,2013-03-13
VIAB,VIAB.W^E14,2013-03-25,ESG-EGARCH(E),0.2048005698279564,1.6644156111847488,E,2013-03-13
VIAB,VIAB.W^E14,2013-03-25,ESG-EGARCH(G),0.2051786662043225,1.6705668676739998,G,2013-03-13
VIAB,VIAB.W^E14,2013-03-25,ESG-EGARCH(S),0.2046819647619214,1.6624883610635104,S,2013-03-13
VIAB,VIAB.W^E14,2013-03-25,ESG-GARCH,0.2149772998124826,1.833938072804208,all,2013-03-13
VIAB,VIAB.W^E14,2013-03-25,ESG-GARCH(E),0.2152541359469836,1.838664406439782,E,2013-03-13
VIAB,VIAB.W^E14,2013-03-25,ESG-GARCH(G),0.2148699920177092,1.832107677368668,G,2013-03-13
VIAB,VIAB.W^E14,2013-03-25,ESG-GARCH(S),0.2153551184590759,1.8403899621635968,S,2013-03-13
VIAB,VIAB.W^E14,2013-03-25,ESG-GJR-GARCH,0.2158064411563046,1.8481119065297449,all,2013-03-13
VIAB,VIAB.W^E14,2013-03-25,ESG-GJR-GARCH(E),0.2167944166838365,1.8650721867176565,E,2013-03-13
VIAB,VIAB.W^E14,2013-03-25,ESG-GJR-GARCH(G),0.2152340466873339,1.8383212243414853,G,2013-03-13
VIAB,VIAB.W^E14,2013-03-25,ESG-GJR-GARCH(S),0.2172335203426926,1.8726350143047243,S,2013-03-13
VIAB,VIAB.W^E14,2013-03-25,GARCH,0.2132183804282015,1.80405070446132,,2013-03-13
VIAB,VIAB.W^E14,2013-03-25,GJR-GARCH,0.2117527051401085,1.7793336561172124,,2013-03-13
VIAB,VIAB.W^E14,2013-03-26,EGARCH,0.211596631276229,1.776711681247954,,2013-03-13
VIAB,VIAB.W^E14,2013-03-26,ESG-EGARCH,0.2045808537275988,1.6608462584092525,all,2013-03-13
VIAB,VIAB.W^E14,2013-03-26,ESG-EGARCH(E),0.2048005698279564,1.6644156111847488,E,2013-03-13
VIAB,VIAB.W^E14,2013-03-26,ESG-EGARCH(G),0.2051786662043225,1.6705668676739998,G,2013-03-13
VIAB,VIAB.W^E14,2013-03-26,ESG-EGARCH(S),0.2046819647619214,1.6624883610635104,S,2013-03-13
VIAB,VIAB.W^E14,2013-03-26,ESG-GARCH,0.2149772998124826,1.833938072804208,all,2013-03-13
VIAB,VIAB.W^E14,2013-03-26,ESG-GARCH(E),0.2152541359469836,1.838664406439782,E,2013-03-13
VIAB,VIAB.W^E14,2013-03-26,ESG-GARCH(G),0.2148699920177092,1.832107677368668,G,2013-03-13
VIAB,VIAB.W^E14,2013-03-26,ESG-GARCH(S),0.2153551184590759,1.8403899621635968,S,2013-03-13
VIAB,VIAB.W^E14,2013-03-26,ESG-GJR-GARCH,0.2158064411563046,1.8481119065297449,all,2013-03-13
VIAB,VIAB.W^E14,2013-03-26,ESG-GJR-GARCH(E),0.2167944166838365,1.8650721867176565,E,2013-03-13
VIAB,VIAB.W^E14,2013-03-26,ESG-GJR-GARCH(G),0.2152340466873339,1.8383212243414853,G,2013-03-13
VIAB,VIAB.W^E14,2013-03-26,ESG-GJR-GARCH(S),0.2172335203426926,1.8726350143047243,S,2013-03-13
VIAB,VIAB.W^E14,2013-03-26,GARCH,0.2132183804282015,1.80405070446132,,2013-03-13
VIAB,VIAB.W^E14,2013-03-26,GJR-GARCH,0.2117527051401085,1.7793336561172124,,2013-03-13
VIAB,VIAB.W^E14,2013-03-27,EGARCH,0.211596631276229,1.776711681247954,,2013-03-13
VIAB,VIAB.W^E14,2013-03-27,ESG-EGARCH,0.2045808537275988,1.6608462584092525,all,2013-03-13
VIAB,VIAB.W^E14,2013-03-27,ESG-EGARCH(E),0.2048005698279564,1.6644156111847488,E,2013-03-13
VIAB,VIAB.W^E14,2013-03-27,ESG-EGARCH(G),0.2051786662043225,1.6705668676739998,G,2013-03-13
VIAB,VIAB.W^E14,2013-03-27,ESG-EGARCH(S),0.2046819647619214,1.6624883610635104,S,2013-03-13
VIAB,VIAB.W^E14,2013-03-27,ESG-GARCH,0.2149772998124826,1.833938072804208,all,2013-03-13
VIAB,VIAB.W^E14,2013-03-27,ESG-GARCH(E),0.2152541359469836,1.838664406439782,E,2013-03-13
VIAB,VIAB.W^E14,2013-03-27,ESG-GARCH(G),0.2148699920177092,1.832107677368668,G,2013-03-13
VIAB,VIAB.W^E14,2013-03-27,ESG-GARCH(S),0.2153551184590759,1.8403899621635968,S,2013-03-13
VIAB,VIAB.W^E14,2013-03-27,ESG-GJR-GARCH,0.2158064411563046,1.8481119065297449,all,2013-03-13
VIAB,VIAB.W^E14,2013-03-27,ESG-GJR-GARCH(E),0.2167944166838365,1.8650721867176565,E,2013-03-13
VIAB,VIAB.W^E14,2013-03-27,ESG-GJR-GARCH(G),0.2152340466873339,1.8383212243414853,G,2013-03-13
VIAB,VIAB.W^E14,2013-03-27,ESG-GJR-GARCH(S),0.2172335203426926,1.8726350143047243,S,2013-03-13
VIAB,VIAB.W^E14,2013-03-27,GARCH,0.2132183804282015,1.80405070446132,,2013-03-13
VIAB,VIAB.W^E14,2013-03-27,GJR-GARCH,0.2117527051401085,1.7793336561172124,,2013-03-13
VIAB,VIAB.W^E14,2013-03-28,EGARCH,0.211596631276229,1.776711681247954,,2013-03-13
VIAB,VIAB.W^E14,2013-03-28,ESG-EGARCH,0.2045808537275988,1.6608462584092525,all,2013-03-13
VIAB,VIAB.W^E14,2013-03-28,ESG-EGARCH(E),0.2048005698279564,1.6644156111847488,E,2013-03-13
VIAB,VIAB.W^E14,2013-03-28,ESG-EGARCH(G),0.2051786662043225,1.6705668676739998,G,2013-03-13
VIAB,VIAB.W^E14,2013-03-28,ESG-EGARCH(S),0.2046819647619214,1.6624883610635104,S,2013-03-13
VIAB,VIAB.W^E14,2013-03-28,ESG-GARCH,0.2149772998124826,1.833938072804208,all,2013-03-13
VIAB,VIAB.W^E14,2013-03-28,ESG-GARCH(E),0.2152541359469836,1.838664406439782,E,2013-03-13
VIAB,VIAB.W^E14,2013-03-28,ESG-GARCH(G),0.2148699920177092,1.832107677368668,G,2013-03-13
VIAB,VIAB.W^E14,2013-03-28,ESG-GARCH(S),0.2153551184590759,1.8403899621635968,S,2013-03-13
VIAB,VIAB.W^E14,2013-03-28,ESG-GJR-GARCH,0.2158064411563046,1.8481119065297449,all,2013-03-13
VIAB,VIAB.W^E14,2013-03-28,ESG-GJR-GARCH(E),0.2167944166838365,1.8650721867176565,E,2013-03-13
VIAB,VIAB.W^E14,2013-03-28,ESG-GJR-GARCH(G),0.2152340466873339,1.8383212243414853,G,2013-03-13
VIAB,VIAB.W^E14,2013-03-28,ESG-GJR-GARCH(S),0.2172335203426926,1.8726350143047243,S,2013-03-13
VIAB,VIAB.W^E14,2013-03-28,GARCH,0.2132183804282015,1.80405070446132,,2013-03-13
VIAB,VIAB.W^E14,2013-03-28,GJR-GARCH,0.2117527051401085,1.7793336561172124,,2013-03-13
VIAB,VIAB.W^E14,2013-04-01,EGARCH,0.211596631276229,1.776711681247954,,2013-03-13
VIAB,VIAB.W^E14,2013-04-01,ESG-EGARCH,0.2045808537275988,1.6608462584092525,all,2013-03-13
VIAB,VIAB.W^E14,2013-04-01,ESG-EGARCH(E),0.2048005698279564,1.6644156111847488,E,2013-03-13
VIAB,VIAB.W^E14,2013-04-01,ESG-EGARCH(G),0.2051786662043225,1.6705668676739998,G,2013-03-13
VIAB,VIAB.W^E14,2013-04-01,ESG-EGARCH(S),0.2046819647619214,1.6624883610635104,S,2013-03-13
VIAB,VIAB.W^E14,2013-04-01,ESG-GARCH,0.2149772998124826,1.833938072804208,all,2013-03-13
VIAB,VIAB.W^E14,2013-04-01,ESG-GARCH(E),0.2152541359469836,1.838664406439782,E,2013-03-13
VIAB,VIAB.W^E14,2013-04-01,ESG-GARCH(G),0.2148699920177092,1.832107677368668,G,2013-03-13
VIAB,VIAB.W^E14,2013-04-01,ESG-GARCH(S),0.2153551184590759,1.8403899621635968,S,2013-03-13
VIAB,VIAB.W^E14,2013-04-01,ESG-GJR-GARCH,0.2158064411563046,1.8481119065297449,all,2013-03-13
VIAB,VIAB.W^E14,2013-04-01,ESG-GJR-GARCH(E),0.2167944166838365,1.8650721867176565,E,2013-03-13
VIAB,VIAB.W^E14,2013-04-01,ESG-GJR-GARCH(G),0.2152340466873339,1.8383212243414853,G,2013-03-13
VIAB,VIAB.W^E14,2013-04-01,ESG-GJR-GARCH(S),0.2172335203426926,1.8726350143047243,S,2013-03-13
VIAB,VIAB.W^E14,2013-04-01,GARCH,0.2132183804282015,1.80405070446132,,2013-03-13
VIAB,VIAB.W^E14,2013-04-01,GJR-GARCH,0.2117527051401085,1.7793336561172124,,2013-03-13
VIAB,VIAB.W^E14,2013-04-02,EGARCH,0.211596631276229,1.776711681247954,,2013-03-13
VIAB,VIAB.W^E14,2013-04-02,ESG-EGARCH,0.2045808537275988,1.6608462584092525,all,2013-03-13
VIAB,VIAB.W^E14,2013-04-02,ESG-EGARCH(E),0.2048005698279564,1.6644156111847488,E,2013-03-13
VIAB,VIAB.W^E14,2013-04-02,ESG-EGARCH(G),0.2051786662043225,1.6705668676739998,G,2013-03-13
VIAB,VIAB.W^E14,2013-04-02,ESG-EGARCH(S),0.2046819647619214,1.6624883610635104,S,2013-03-13
VIAB,VIAB.W^E14,2013-04-02,ESG-GARCH,0.2149772998124826,1.833938072804208,all,2013-03-13
VIAB,VIAB.W^E14,2013-04-02,ESG-GARCH(E),0.2152541359469836,1.838664406439782,E,2013-03-13
VIAB,VIAB.W^E14,2013-04-02,ESG-GARCH(G),0.2148699920177092,1.832107677368668,G,2013-03-13
VIAB,VIAB.W^E14,2013-04-02,ESG-GARCH(S),0.2153551184590759,1.8403899621635968,S,2013-03-13
VIAB,VIAB.W^E14,2013-04-02,ESG-GJR-GARCH,0.2158064411563046,1.8481119065297449,all,2013-03-13
VIAB,VIAB.W^E14,2013-04-02,ESG-GJR-GARCH(E),0.2167944166838365,1.8650721867176565,E,2013-03-13
VIAB,VIAB.W^E14,2013-04-02,ESG-GJR-GARCH(G),0.2152340466873339,1.8383212243414853,G,2013-03-13
VIAB,VIAB.W^E14,2013-04-02,ESG-GJR-GARCH(S),0.2172335203426926,1.8726350143047243,S,2013-03-13
VIAB,VIAB.W^E14,2013-04-02,GARCH,0.2132183804282015,1.80405070446132,,2013-03-13
VIAB,VIAB.W^E14,2013-04-02,GJR-GARCH,0.2117527051401085,1.7793336561172124,,2013-03-13
VIAB,VIAB.W^E14,2013-04-03,EGARCH,0.211596631276229,1.776711681247954,,2013-03-13
VIAB,VIAB.W^E14,2013-04-03,ESG-EGARCH,0.2045808537275988,1.6608462584092525,all,2013-03-13
VIAB,VIAB.W^E14,2013-04-03,ESG-EGARCH(E),0.2048005698279564,1.6644156111847488,E,2013-03-13
VIAB,VIAB.W^E14,2013-04-03,ESG-EGARCH(G),0.2051786662043225,1.6705668676739998,G,2013-03-13
VIAB,VIAB.W^E14,2013-04-03,ESG-EGARCH(S),0.2046819647619214,1.6624883610635104,S,2013-03-13
VIAB,VIAB.W^E14,2013-04-03,ESG-GARCH,0.2149772998124826,1.833938072804208,all,2013-03-13
VIAB,VIAB.W^E14,2013-04-03,ESG-GARCH(E),0.2152541359469836,1.838664406439782,E,2013-03-13
VIAB,VIAB.W^E14,2013-04-03,ESG-GARCH(G),0.2148699920177092,1.832107677368668,G,2013-03-13
VIAB,VIAB.W^E14,2013-04-03,ESG-GARCH(S),0.2153551184590759,1.8403899621635968,S,2013-03-13
VIAB,VIAB.W^E14,2013-04-03,ESG-GJR-GARCH,0.2158064411563046,1.8481119065297449,all,2013-03-13
VIAB,VIAB.W^E14,2013-04-03,ESG-GJR-GARCH(E),0.2167944166838365,1.8650721867176565,E,2013-03-13
VIAB,VIAB.W^E14,2013-04-03,ESG-GJR-GARCH(G),0.2152340466873339,1.8383212243414853,G,2013-03-13
VIAB,VIAB.W^E14,2013-04-03,ESG-GJR-GARCH(S),0.2172335203426926,1.8726350143047243,S,2013-03-13
VIAB,VIAB.W^E14,2013-04-03,GARCH,0.2132183804282015,1.80405070446132,,2013-03-13
VIAB,VIAB.W^E14,2013-04-03,GJR-GARCH,0.2117527051401085,1.7793336561172124,,2013-03-13
VIAB,VIAB.W^E14,2013-04-04,EGARCH,0.211596631276229,1.776711681247954,,2013-03-13
VIAB,VIAB.W^E14,2013-04-04,ESG-EGARCH,0.2045808537275988,1.6608462584092525,all,2013-03-13
VIAB,VIAB.W^E14,2013-04-04,ESG-EGARCH(E),0.2048005698279564,1.6644156111847488,E,2013-03-13
VIAB,VIAB.W^E14,2013-04-04,ESG-EGARCH(G),0.2051786662043225,1.6705668676739998,G,2013-03-13
VIAB,VIAB.W^E14,2013-04-04,ESG-EGARCH(S),0.2046819647619214,1.6624883610635104,S,2013-03-13
VIAB,VIAB.W^E14,2013-04-04,ESG-GARCH,0.2149772998124826,1.833938072804208,all,2013-03-13
VIAB,VIAB.W^E14,2013-04-04,ESG-GARCH(E),0.2152541359469836,1.838664406439782,E,2013-03-13
VIAB,VIAB.W^E14,2013-04-04,ESG-GARCH(G),0.2148699920177092,1.832107677368668,G,2013-03-13
VIAB,VIAB.W^E14,2013-04-04,ESG-GARCH(S),0.2153551184590759,1.8403899621635968,S,2013-03-13
VIAB,VIAB.W^E14,2013-04-04,ESG-GJR-GARCH,0.2158064411563046,1.8481119065297449,all,2013-03-13
VIAB,VIAB.W^E14,2013-04-04,ESG-GJR-GARCH(E),0.2167944166838365,1.8650721867176565,E,2013-03-13
VIAB,VIAB.W^E14,2013-04-04,ESG-GJR-GARCH(G),0.2152340466873339,1.8383212243414853,G,2013-03-13
VIAB,VIAB.W^E14,2013-04-04,ESG-GJR-GARCH(S),0.2172335203426926,1.8726350143047243,S,2013-03-13
VIAB,VIAB.W^E14,2013-04-04,GARCH,0.2132183804282015,1.80405070446132,,2013-03-13
VIAB,VIAB.W^E14,2013-04-04,GJR-GARCH,0.2117527051401085,1.7793336561172124,,2013-03-13
VIAB,VIAB.W^E14,2013-04-05,EGARCH,0.211596631276229,1.776711681247954,,2013-03-13
VIAB,VIAB.W^E14,2013-04-05,ESG-EGARCH,0.2045808537275988,1.6608462584092525,all,2013-03-13
VIAB,VIAB.W^E14,2013-04-05,ESG-EGARCH(E),0.2048005698279564,1.6644156111847488,E,2013-03-13
VIAB,VIAB.W^E14,2013-04-05,ESG-EGARCH(G),0.2051786662043225,1.6705668676739998,G,2013-03-13
VIAB,VIAB.W^E14,2013-04-05,ESG-EGARCH(S),0.2046819647619214,1.6624883610635104,S,2013-03-13
VIAB,VIAB.W^E14,2013-04-05,ESG-GARCH,0.2149772998124826,1.833938072804208,all,2013-03-13
VIAB,VIAB.W^E14,2013-04-05,ESG-GARCH(E),0.2152541359469836,1.838664406439782,E,2013-03-13
VIAB,VIAB.W^E14,2013-04-05,ESG-GARCH(G),0.2148699920177092,1.832107677368668,G,2013-03-13
VIAB,VIAB.W^E14,2013-04-05,ESG-GARCH(S),0.2153551184590759,1.8403899621635968,S,2013-03-13
VIAB,VIAB.W^E14,2013-04-05,ESG-GJR-GARCH,0.2158064411563046,1.8481119065297449,all,2013-03-13
VIAB,VIAB.W^E14,2013-04-05,ESG-GJR-GARCH(E),0.2167944166838365,1.8650721867176565,E,2013-03-13
VIAB,VIAB.W^E14,2013-04-05,ESG-GJR-GARCH(G),0.2152340466873339,1.8383212243414853,G,2013-03-13
VIAB,VIAB.W^E14,2013-04-05,ESG-GJR-GARCH(S),0.2172335203426926,1.8726350143047243,S,2013-03-13
VIAB,VIAB.W^E14,2013-04-05,GARCH,0.2132183804282015,1.80405070446132,,2013-03-13
VIAB,VIAB.W^E14,2013-04-05,GJR-GARCH,0.2117527051401085,1.7793336561172124,,2013-03-13
VIAB,VIAB.W^E14,2013-04-08,EGARCH,0.211596631276229,1.776711681247954,,2013-03-13
VIAB,VIAB.W^E14,2013-04-08,ESG-EGARCH,0.2045808537275988,1.6608462584092525,all,2013-03-13
VIAB,VIAB.W^E14,2013-04-08,ESG-EGARCH(E),0.2048005698279564,1.6644156111847488,E,2013-03-13
VIAB,VIAB.W^E14,2013-04-08,ESG-EGARCH(G),0.2051786662043225,1.6705668676739998,G,2013-03-13
VIAB,VIAB.W^E14,2013-04-08,ESG-EGARCH(S),0.2046819647619214,1.6624883610635104,S,2013-03-13
VIAB,VIAB.W^E14,2013-04-08,ESG-GARCH,0.2149772998124826,1.833938072804208,all,2013-03-13
VIAB,VIAB.W^E14,2013-04-08,ESG-GARCH(E),0.2152541359469836,1.838664406439782,E,2013-03-13
VIAB,VIAB.W^E14,2013-04-08,ESG-GARCH(G),0.2148699920177092,1.832107677368668,G,2013-03-13
VIAB,VIAB.W^E14,2013-04-08,ESG-GARCH(S),0.2153551184590759,1.8403899621635968,S,2013-03-13
VIAB,VIAB.W^E14,2013-04-08,ESG-GJR-GARCH,0.2158064411563046,1.8481119065297449,all,2013-03-13
VIAB,VIAB.W^E14,2013-04-08,ESG-GJR-GARCH(E),0.2167944166838365,1.8650721867176565,E,2013-03-13
VIAB,VIAB.W^E14,2013-04-08,ESG-GJR-GARCH(G),0.2152340466873339,1.8383212243414853,G,2013-03-13
VIAB,VIAB.W^E14,2013-04-08,ESG-GJR-GARCH(S),0.2172335203426926,1.8726350143047243,S,2013-03-13
VIAB,VIAB.W^E14,2013-04-08,GARCH,0.2132183804282015,1.80405070446132,,2013-03-13
VIAB,VIAB.W^E14,2013-04-08,GJR-GARCH,0.2117527051401085,1.7793336561172124,,2013-03-13
VIAB,VIAB.W^E14,2013-04-09,EGARCH,0.211596631276229,1.776711681247954,,2013-03-13
VIAB,VIAB.W^E14,2013-04-09,ESG-EGARCH,0.2045808537275988,1.6608462584092525,all,2013-03-13
VIAB,VIAB.W^E14,2013-04-09,ESG-EGARCH(E),0.2048005698279564,1.6644156111847488,E,2013-03-13
VIAB,VIAB.W^E14,2013-04-09,ESG-EGARCH(G),0.2051786662043225,1.6705668676739998,G,2013-03-13
VIAB,VIAB.W^E14,2013-04-09,ESG-EGARCH(S),0.2046819647619214,1.6624883610635104,S,2013-03-13
VIAB,VIAB.W^E14,2013-04-09,ESG-GARCH,0.2149772998124826,1.833938072804208,all,2013-03-13
VIAB,VIAB.W^E14,2013-04-09,ESG-GARCH(E),0.2152541359469836,1.838664406439782,E,2013-03-13
VIAB,VIAB.W^E14,2013-04-09,ESG-GARCH(G),0.2148699920177092,1.832107677368668,G,2013-03-13
VIAB,VIAB.W^E14,2013-04-09,ESG-GARCH(S),0.2153551184590759,1.8403899621635968,S,2013-03-13
VIAB,VIAB.W^E14,2013-04-09,ESG-GJR-GARCH,0.2158064411563046,1.8481119065297449,all,2013-03-13
VIAB,VIAB.W^E14,2013-04-09,ESG-GJR-GARCH(E),0.2167944166838365,1.8650721867176565,E,2013-03-13
VIAB,VIAB.W^E14,2013-04-09,ESG-GJR-GARCH(G),0.2152340466873339,1.8383212243414853,G,2013-03-13
VIAB,VIAB.W^E14,2013-04-09,ESG-GJR-GARCH(S),0.2172335203426926,1.8726350143047243,S,2013-03-13
VIAB,VIAB.W^E14,2013-04-09,GARCH,0.2132183804282015,1.80405070446132,,2013-03-13
VIAB,VIAB.W^E14,2013-04-09,GJR-GARCH,0.2117527051401085,1.7793336561172124,,2013-03-13
VIAB,VIAB.W^E14,2013-04-10,EGARCH,0.211596631276229,1.776711681247954,,2013-03-13
VIAB,VIAB.W^E14,2013-04-10,ESG-EGARCH,0.2045808537275988,1.6608462584092525,all,2013-03-13
VIAB,VIAB.W^E14,2013-04-10,ESG-EGARCH(E),0.2048005698279564,1.6644156111847488,E,2013-03-13
VIAB,VIAB.W^E14,2013-04-10,ESG-EGARCH(G),0.2051786662043225,1.6705668676739998,G,2013-03-13
VIAB,VIAB.W^E14,2013-04-10,ESG-EGARCH(S),0.2046819647619214,1.6624883610635104,S,2013-03-13
VIAB,VIAB.W^E14,2013-04-10,ESG-GARCH,0.2149772998124826,1.833938072804208,all,2013-03-13
VIAB,VIAB.W^E14,2013-04-10,ESG-GARCH(E),0.2152541359469836,1.838664406439782,E,2013-03-13
VIAB,VIAB.W^E14,2013-04-10,ESG-GARCH(G),0.2148699920177092,1.832107677368668,G,2013-03-13
VIAB,VIAB.W^E14,2013-04-10,ESG-GARCH(S),0.2153551184590759,1.8403899621635968,S,2013-03-13
VIAB,VIAB.W^E14,2013-04-10,ESG-GJR-GARCH,0.2158064411563046,1.8481119065297449,all,2013-03-13
VIAB,VIAB.W^E14,2013-04-10,ESG-GJR-GARCH(E),0.2167944166838365,1.8650721867176565,E,2013-03-13
VIAB,VIAB.W^E14,2013-04-10,ESG-GJR-GARCH(G),0.2152340466873339,1.8383212243414853,G,2013-03-13
VIAB,VIAB.W^E14,2013-04-10,ESG-GJR-GARCH(S),0.2172335203426926,1.8726350143047243,S,2013-03-13
VIAB,VIAB.W^E14,2013-04-10,GARCH,0.2132183804282015,1.80405070446132,,2013-03-13
VIAB,VIAB.W^E14,2013-04-10,GJR-GARCH,0.2117527051401085,1.7793336561172124,,2013-03-13
VIAB,VIAB.W^E14,2013-04-11,EGARCH,0.211596631276229,1.776711681247954,,2013-03-13
VIAB,VIAB.W^E14,2013-04-11,ESG-EGARCH,0.2045808537275988,1.6608462584092525,all,2013-03-13
VIAB,VIAB.W^E14,2013-04-11,ESG-EGARCH(E),0.2048005698279564,1.6644156111847488,E,2013-03-13
VIAB,VIAB.W^E14,2013-04-11,ESG-EGARCH(G),0.2051786662043225,1.6705668676739998,G,2013-03-13
VIAB,VIAB.W^E14,2013-04-11,ESG-EGARCH(S),0.2046819647619214,1.6624883610635104,S,2013-03-13
VIAB,VIAB.W^E14,2013-04-11,ESG-GARCH,0.2149772998124826,1.833938072804208,all,2013-03-13
VIAB,VIAB.W^E14,2013-04-11,ESG-GARCH(E),0.2152541359469836,1.838664406439782,E,2013-03-13
VIAB,VIAB.W^E14,2013-04-11,ESG-GARCH(G),0.2148699920177092,1.832107677368668,G,2013-03-13
VIAB,VIAB.W^E14,2013-04-11,ESG-GARCH(S),0.2153551184590759,1.8403899621635968,S,2013-03-13
VIAB,VIAB.W^E14,2013-04-11,ESG-GJR-GARCH,0.2158064411563046,1.8481119065297449,all,2013-03-13
VIAB,VIAB.W^E14,2013-04-11,ESG-GJR-GARCH(E),0.2167944166838365,1.8650721867176565,E,2013-03-13
VIAB,VIAB.W^E14,2013-04-11,ESG-GJR-GARCH(G),0.2152340466873339,1.8383212243414853,G,2013-03-13
VIAB,VIAB.W^E14,2013-04-11,ESG-GJR-GARCH(S),0.2172335203426926,1.8726350143047243,S,2013-03-13
VIAB,VIAB.W^E14,2013-04-11,GARCH,0.2132183804282015,1.80405070446132,,2013-03-13
VIAB,VIAB.W^E14,2013-04-11,GJR-GARCH,0.2117527051401085,1.7793336561172124,,2013-03-13
VIAB,VIAB.W^E14,2013-04-12,EGARCH,0.211596631276229,1.776711681247954,,2013-03-13
VIAB,VIAB.W^E14,2013-04-12,ESG-EGARCH,0.2045808537275988,1.6608462584092525,all,2013-03-13
VIAB,VIAB.W^E14,2013-04-12,ESG-EGARCH(E),0.2048005698279564,1.6644156111847488,E,2013-03-13
VIAB,VIAB.W^E14,2013-04-12,ESG-EGARCH(G),0.2051786662043225,1.6705668676739998,G,2013-03-13
VIAB,VIAB.W^E14,2013-04-12,ESG-EGARCH(S),0.2046819647619214,1.6624883610635104,S,2013-03-13
VIAB,VIAB.W^E14,2013-04-12,ESG-GARCH,0.2149772998124826,1.833938072804208,all,2013-03-13
VIAB,VIAB.W^E14,2013-04-12,ESG-GARCH(E),0.2152541359469836,1.838664406439782,E,2013-03-13
VIAB,VIAB.W^E14,2013-04-12,ESG-GARCH(G),0.2148699920177092,1.832107677368668,G,2013-03-13
VIAB,VIAB.W^E14,2013-04-12,ESG-GARCH(S),0.2153551184590759,1.8403899621635968,S,2013-03-13
VIAB,VIAB.W^E14,2013-04-12,ESG-GJR-GARCH,0.2158064411563046,1.8481119065297449,all,2013-03-13
VIAB,VIAB.W^E14,2013-04-12,ESG-GJR-GARCH(E),0.2167944166838365,1.8650721867176565,E,2013-03-13
VIAB,VIAB.W^E14,2013-04-12,ESG-GJR-GARCH(G),0.2152340466873339,1.8383212243414853,G,2013-03-13
VIAB,VIAB.W^E14,2013-04-12,ESG-GJR-GARCH(S),0.2172335203426926,1.8726350143047243,S,2013-03-13
VIAB,VIAB.W^E14,2013-04-12,GARCH,0.2132183804282015,1.80405070446132,,2013-03-13
VIAB,VIAB.W^E14,2013-04-12,GJR-GARCH,0.2117527051401085,1.7793336561172124,,2013-03-13
VIAB,VIAB.W^E14,2013-04-15,EGARCH,0.2106604501418375,1.7610248116651437,,2013-04-15
VIAB,VIAB.W^E14,2013-04-15,ESG-EGARCH,0.2053642726476091,1.673590653971489,all,2013-04-15
VIAB,VIAB.W^E14,2013-04-15,ESG-EGARCH(E),0.205232927458988,1.6714505759280258,E,2013-04-15
VIAB,VIAB.W^E14,2013-04-15,ESG-EGARCH(G),0.2055996780191733,1.6774296667296724,G,2013-04-15
VIAB,VIAB.W^E14,2013-04-15,ESG-EGARCH(S),0.205126745065711,1.6697214897322703,S,2013-04-15
VIAB,VIAB.W^E14,2013-04-15,ESG-GARCH,0.2150782328653753,1.835660565575104,all,2013-04-15
VIAB,VIAB.W^E14,2013-04-15,ESG-GARCH(E),0.2153987165754495,1.841135202474239,E,2013-04-15
VIAB,VIAB.W^E14,2013-04-15,ESG-GARCH(G),0.2150956871344421,1.8359585168189605,G,2013-04-15
VIAB,VIAB.W^E14,2013-04-15,ESG-GARCH(S),0.2154681432351203,1.8423222519519968,S,2013-04-15
VIAB,VIAB.W^E14,2013-04-15,ESG-GJR-GARCH,0.2181810917272276,1.8890074915589257,all,2013-04-15
VIAB,VIAB.W^E14,2013-04-15,ESG-GJR-GARCH(E),0.2192551014356757,1.9076507740304949,E,2013-04-15
VIAB,VIAB.W^E14,2013-04-15,ESG-GJR-GARCH(G),0.2178115510776506,1.8826139596369849,G,2013-04-15
VIAB,VIAB.W^E14,2013-04-15,ESG-GJR-GARCH(S),0.2196325161943911,1.9142238956301376,S,2013-04-15
VIAB,VIAB.W^E14,2013-04-15,GARCH,0.2137421702161221,1.812925211456259,,2013-04-15
VIAB,VIAB.W^E14,2013-04-15,GJR-GARCH,0.2146355253495805,1.8281114580194608,,2013-04-15
VIAB,VIAB.W^E14,2013-04-16,EGARCH,0.2106604501418375,1.7610248116651437,,2013-04-15
VIAB,VIAB.W^E14,2013-04-16,ESG-EGARCH,0.2053642726476091,1.673590653971489,all,2013-04-15
VIAB,VIAB.W^E14,2013-04-16,ESG-EGARCH(E),0.205232927458988,1.6714505759280258,E,2013-04-15
VIAB,VIAB.W^E14,2013-04-16,ESG-EGARCH(G),0.2055996780191733,1.6774296667296724,G,2013-04-15
VIAB,VIAB.W^E14,2013-04-16,ESG-EGARCH(S),0.205126745065711,1.6697214897322703,S,2013-04-15
VIAB,VIAB.W^E14,2013-04-16,ESG-GARCH,0.2150782328653753,1.835660565575104,all,2013-04-15
VIAB,VIAB.W^E14,2013-04-16,ESG-GARCH(E),0.2153987165754495,1.841135202474239,E,2013-04-15
VIAB,VIAB.W^E14,2013-04-16,ESG-GARCH(G),0.2150956871344421,1.8359585168189605,G,2013-04-15
VIAB,VIAB.W^E14,2013-04-16,ESG-GARCH(S),0.2154681432351203,1.8423222519519968,S,2013-04-15
VIAB,VIAB.W^E14,2013-04-16,ESG-GJR-GARCH,0.2181810917272276,1.8890074915589257,all,2013-04-15
VIAB,VIAB.W^E14,2013-04-16,ESG-GJR-GARCH(E),0.2192551014356757,1.9076507740304949,E,2013-04-15
VIAB,VIAB.W^E14,2013-04-16,ESG-GJR-GARCH(G),0.2178115510776506,1.8826139596369849,G,2013-04-15
VIAB,VIAB.W^E14,2013-04-16,ESG-GJR-GARCH(S),0.2196325161943911,1.9142238956301376,S,2013-04-15
VIAB,VIAB.W^E14,2013-04-16,GARCH,0.2137421702161221,1.812925211456259,,2013-04-15
VIAB,VIAB.W^E14,2013-04-16,GJR-GARCH,0.2146355253495805,1.8281114580194608,,2013-04-15
VIAB,VIAB.W^E14,2013-04-17,EGARCH,0.2106604501418375,1.7610248116651437,,2013-04-15
VIAB,VIAB.W^E14,2013-04-17,ESG-EGARCH,0.2053642726476091,1.673590653971489,all,2013-04-15
VIAB,VIAB.W^E14,2013-04-17,ESG-EGARCH(E),0.205232927458988,1.6714505759280258,E,2013-04-15
VIAB,VIAB.W^E14,2013-04-17,ESG-EGARCH(G),0.2055996780191733,1.6774296667296724,G,2013-04-15
VIAB,VIAB.W^E14,2013-04-17,ESG-EGARCH(S),0.205126745065711,1.6697214897322703,S,2013-04-15
VIAB,VIAB.W^E14,2013-04-17,ESG-GARCH,0.2150782328653753,1.835660565575104,all,2013-04-15
VIAB,VIAB.W^E14,2013-04-17,ESG-GARCH(E),0.2153987165754495,1.841135202474239,E,2013-04-15
VIAB,VIAB.W^E14,2013-04-17,ESG-GARCH(G),0.2150956871344421,1.8359585168189605,G,2013-04-15
VIAB,VIAB.W^E14,2013-04-17,ESG-GARCH(S),0.2154681432351203,1.8423222519519968,S,2013-04-15
VIAB,VIAB.W^E14,2013-04-17,ESG-GJR-GARCH,0.2181810917272276,1.8890074915589257,all,2013-04-15
VIAB,VIAB.W^E14,2013-04-17,ESG-GJR-GARCH(E),0.2192551014356757,1.9076507740304949,E,2013-04-15
VIAB,VIAB.W^E14,2013-04-17,ESG-GJR-GARCH(G),0.2178115510776506,1.8826139596369849,G,2013-04-15
VIAB,VIAB.W^E14,2013-04-17,ESG-GJR-GARCH(S),0.2196325161943911,1.9142238956301376,S,2013-04-15
VIAB,VIAB.W^E14,2013-04-17,GARCH,0.2137421702161221,1.812925211456259,,2013-04-15
VIAB,VIAB.W^E14,2013-04-17,GJR-GARCH,0.2146355253495805,1.8281114580194608,,2013-04-15
VIAB,VIAB.W^E14,2013-04-18,EGARCH,0.2106604501418375,1.7610248116651437,,2013-04-15
VIAB,VIAB.W^E14,2013-04-18,ESG-EGARCH,0.2053642726476091,1.673590653971489,all,2013-04-15
VIAB,VIAB.W^E14,2013-04-18,ESG-EGARCH(E),0.205232927458988,1.6714505759280258,E,2013-04-15
VIAB,VIAB.W^E14,2013-04-18,ESG-EGARCH(G),0.2055996780191733,1.6774296667296724,G,2013-04-15
VIAB,VIAB.W^E14,2013-04-18,ESG-EGARCH(S),0.205126745065711,1.6697214897322703,S,2013-04-15
VIAB,VIAB.W^E14,2013-04-18,ESG-GARCH,0.2150782328653753,1.835660565575104,all,2013-04-15
VIAB,VIAB.W^E14,2013-04-18,ESG-GARCH(E),0.2153987165754495,1.841135202474239,E,2013-04-15
VIAB,VIAB.W^E14,2013-04-18,ESG-GARCH(G),0.2150956871344421,1.8359585168189605,G,2013-04-15
VIAB,VIAB.W^E14,2013-04-18,ESG-GARCH(S),0.2154681432351203,1.8423222519519968,S,2013-04-15
VIAB,VIAB.W^E14,2013-04-18,ESG-GJR-GARCH,0.2181810917272276,1.8890074915589257,all,2013-04-15
VIAB,VIAB.W^E14,2013-04-18,ESG-GJR-GARCH(E),0.2192551014356757,1.9076507740304949,E,2013-04-15
VIAB,VIAB.W^E14,2013-04-18,ESG-GJR-GARCH(G),0.2178115510776506,1.8826139596369849,G,2013-04-15
VIAB,VIAB.W^E14,2013-04-18,ESG-GJR-GARCH(S),0.2196325161943911,1.9142238956301376,S,2013-04-15
VIAB,VIAB.W^E14,2013-04-18,GARCH,0.2137421702161221,1.812925211456259,,2013-04-15
VIAB,VIAB.W^E14,2013-04-18,GJR-GARCH,0.2146355253495805,1.8281114580194608,,2013-04-15
VIAB,VIAB.W^E14,2013-04-19,EGARCH,0.2106604501418375,1.7610248116651437,,2013-04-15
VIAB,VIAB.W^E14,2013-04-19,ESG-EGARCH,0.2053642726476091,1.673590653971489,all,2013-04-15
VIAB,VIAB.W^E14,2013-04-19,ESG-EGARCH(E),0.205232927458988,1.6714505759280258,E,2013-04-15
VIAB,VIAB.W^E14,2013-04-19,ESG-EGARCH(G),0.2055996780191733,1.6774296667296724,G,2013-04-15
VIAB,VIAB.W^E14,2013-04-19,ESG-EGARCH(S),0.205126745065711,1.6697214897322703,S,2013-04-15
VIAB,VIAB.W^E14,2013-04-19,ESG-GARCH,0.2150782328653753,1.835660565575104,all,2013-04-15
VIAB,VIAB.W^E14,2013-04-19,ESG-GARCH(E),0.2153987165754495,1.841135202474239,E,2013-04-15
VIAB,VIAB.W^E14,2013-04-19,ESG-GARCH(G),0.2150956871344421,1.8359585168189605,G,2013-04-15
VIAB,VIAB.W^E14,2013-04-19,ESG-GARCH(S),0.2154681432351203,1.8423222519519968,S,2013-04-15
VIAB,VIAB.W^E14,2013-04-19,ESG-GJR-GARCH,0.2181810917272276,1.8890074915589257,all,2013-04-15
VIAB,VIAB.W^E14,2013-04-19,ESG-GJR-GARCH(E),0.2192551014356757,1.9076507740304949,E,2013-04-15
VIAB,VIAB.W^E14,2013-04-19,ESG-GJR-GARCH(G),0.2178115510776506,1.8826139596369849,G,2013-04-15
VIAB,VIAB.W^E14,2013-04-19,ESG-GJR-GARCH(S),0.2196325161943911,1.9142238956301376,S,2013-04-15
VIAB,VIAB.W^E14,2013-04-19,GARCH,0.2137421702161221,1.812925211456259,,2013-04-15
VIAB,VIAB.W^E14,2013-04-19,GJR-GARCH,0.2146355253495805,1.8281114580194608,,2013-04-15
VIAB,VIAB.W^E14,2013-04-22,EGARCH,0.2106604501418375,1.7610248116651437,,2013-04-15
VIAB,VIAB.W^E14,2013-04-22,ESG-EGARCH,0.2053642726476091,1.673590653971489,all,2013-04-15
VIAB,VIAB.W^E14,2013-04-22,ESG-EGARCH(E),0.205232927458988,1.6714505759280258,E,2013-04-15
VIAB,VIAB.W^E14,2013-04-22,ESG-EGARCH(G),0.2055996780191733,1.6774296667296724,G,2013-04-15
VIAB,VIAB.W^E14,2013-04-22,ESG-EGARCH(S),0.205126745065711,1.6697214897322703,S,2013-04-15
VIAB,VIAB.W^E14,2013-04-22,ESG-GARCH,0.2150782328653753,1.835660565575104,all,2013-04-15
VIAB,VIAB.W^E14,2013-04-22,ESG-GARCH(E),0.2153987165754495,1.841135202474239,E,2013-04-15
VIAB,VIAB.W^E14,2013-04-22,ESG-GARCH(G),0.2150956871344421,1.8359585168189605,G,2013-04-15
VIAB,VIAB.W^E14,2013-04-22,ESG-GARCH(S),0.2154681432351203,1.8423222519519968,S,2013-04-15
VIAB,VIAB.W^E14,2013-04-22,ESG-GJR-GARCH,0.2181810917272276,1.8890074915589257,all,2013-04-15
VIAB,VIAB.W^E14,2013-04-22,ESG-GJR-GARCH(E),0.2192551014356757,1.9076507740304949,E,2013-04-15
VIAB,VIAB.W^E14,2013-04-22,ESG-GJR-GARCH(G),0.2178115510776506,1.8826139596369849,G,2013-04-15
VIAB,VIAB.W^E14,2013-04-22,ESG-GJR-GARCH(S),0.2196325161943911,1.9142238956301376,S,2013-04-15
VIAB,VIAB.W^E14,2013-04-22,GARCH,0.2137421702161221,1.812925211456259,,2013-04-15
VIAB,VIAB.W^E14,2013-04-22,GJR-GARCH,0.2146355253495805,1.8281114580194608,,2013-04-15
VIAB,VIAB.W^E14,2013-04-23,EGARCH,0.2106604501418375,1.7610248116651437,,2013-04-15
VIAB,VIAB.W^E14,2013-04-23,ESG-EGARCH,0.2053642726476091,1.673590653971489,all,2013-04-15
VIAB,VIAB.W^E14,2013-04-23,ESG-EGARCH(E),0.205232927458988,1.6714505759280258,E,2013-04-15
VIAB,VIAB.W^E14,2013-04-23,ESG-EGARCH(G),0.2055996780191733,1.6774296667296724,G,2013-04-15
VIAB,VIAB.W^E14,2013-04-23,ESG-EGARCH(S),0.205126745065711,1.6697214897322703,S,2013-04-15
VIAB,VIAB.W^E14,2013-04-23,ESG-GARCH,0.2150782328653753,1.835660565575104,all,2013-04-15
VIAB,VIAB.W^E14,2013-04-23,ESG-GARCH(E),0.2153987165754495,1.841135202474239,E,2013-04-15
VIAB,VIAB.W^E14,2013-04-23,ESG-GARCH(G),0.2150956871344421,1.8359585168189605,G,2013-04-15
VIAB,VIAB.W^E14,2013-04-23,ESG-GARCH(S),0.2154681432351203,1.8423222519519968,S,2013-04-15
VIAB,VIAB.W^E14,2013-04-23,ESG-GJR-GARCH,0.2181810917272276,1.8890074915589257,all,2013-04-15
VIAB,VIAB.W^E14,2013-04-23,ESG-GJR-GARCH(E),0.2192551014356757,1.9076507740304949,E,2013-04-15
VIAB,VIAB.W^E14,2013-04-23,ESG-GJR-GARCH(G),0.2178115510776506,1.8826139596369849,G,2013-04-15
VIAB,VIAB.W^E14,2013-04-23,ESG-GJR-GARCH(S),0.2196325161943911,1.9142238956301376,S,2013-04-15
VIAB,VIAB.W^E14,2013-04-23,GARCH,0.2137421702161221,1.812925211456259,,2013-04-15
VIAB,VIAB.W^E14,2013-04-23,GJR-GARCH,0.2146355253495805,1.8281114580194608,,2013-04-15
VIAB,VIAB.W^E14,2013-04-24,EGARCH,0.2106604501418375,1.7610248116651437,,2013-04-15
VIAB,VIAB.W^E14,2013-04-24,ESG-EGARCH,0.2053642726476091,1.673590653971489,all,2013-04-15
VIAB,VIAB.W^E14,2013-04-24,ESG-EGARCH(E),0.205232927458988,1.6714505759280258,E,2013-04-15
VIAB,VIAB.W^E14,2013-04-24,ESG-EGARCH(G),0.2055996780191733,1.6774296667296724,G,2013-04-15
VIAB,VIAB.W^E14,2013-04-24,ESG-EGARCH(S),0.205126745065711,1.6697214897322703,S,2013-04-15
VIAB,VIAB.W^E14,2013-04-24,ESG-GARCH,0.2150782328653753,1.835660565575104,all,2013-04-15
VIAB,VIAB.W^E14,2013-04-24,ESG-GARCH(E),0.2153987165754495,1.841135202474239,E,2013-04-15
VIAB,VIAB.W^E14,2013-04-24,ESG-GARCH(G),0.2150956871344421,1.8359585168189605,G,2013-04-15
VIAB,VIAB.W^E14,2013-04-24,ESG-GARCH(S),0.2154681432351203,1.8423222519519968,S,2013-04-15
VIAB,VIAB.W^E14,2013-04-24,ESG-GJR-GARCH,0.2181810917272276,1.8890074915589257,all,2013-04-15
VIAB,VIAB.W^E14,2013-04-24,ESG-GJR-GARCH(E),0.2192551014356757,1.9076507740304949,E,2013-04-15
VIAB,VIAB.W^E14,2013-04-24,ESG-GJR-GARCH(G),0.2178115510776506,1.8826139596369849,G,2013-04-15
VIAB,VIAB.W^E14,2013-04-24,ESG-GJR-GARCH(S),0.2196325161943911,1.9142238956301376,S,2013-04-15
VIAB,VIAB.W^E14,2013-04-24,GARCH,0.2137421702161221,1.812925211456259,,2013-04-15
VIAB,VIAB.W^E14,2013-04-24,GJR-GARCH,0.2146355253495805,1.8281114580194608,,2013-04-15
VIAB,VIAB.W^E14,2013-04-25,EGARCH,0.2106604501418375,1.7610248116651437,,2013-04-15
VIAB,VIAB.W^E14,2013-04-25,ESG-EGARCH,0.2053642726476091,1.673590653971489,all,2013-04-15
VIAB,VIAB.W^E14,2013-04-25,ESG-EGARCH(E),0.205232927458988,1.6714505759280258,E,2013-04-15
VIAB,VIAB.W^E14,2013-04-25,ESG-EGARCH(G),0.2055996780191733,1.6774296667296724,G,2013-04-15
VIAB,VIAB.W^E14,2013-04-25,ESG-EGARCH(S),0.205126745065711,1.6697214897322703,S,2013-04-15
VIAB,VIAB.W^E14,2013-04-25,ESG-GARCH,0.2150782328653753,1.835660565575104,all,2013-04-15
VIAB,VIAB.W^E14,2013-04-25,ESG-GARCH(E),0.2153987165754495,1.841135202474239,E,2013-04-15
VIAB,VIAB.W^E14,2013-04-25,ESG-GARCH(G),0.2150956871344421,1.8359585168189605,G,2013-04-15
VIAB,VIAB.W^E14,2013-04-25,ESG-GARCH(S),0.2154681432351203,1.8423222519519968,S,2013-04-15
VIAB,VIAB.W^E14,2013-04-25,ESG-GJR-GARCH,0.2181810917272276,1.8890074915589257,all,2013-04-15
VIAB,VIAB.W^E14,2013-04-25,ESG-GJR-GARCH(E),0.2192551014356757,1.9076507740304949,E,2013-04-15
VIAB,VIAB.W^E14,2013-04-25,ESG-GJR-GARCH(G),0.2178115510776506,1.8826139596369849,G,2013-04-15
VIAB,VIAB.W^E14,2013-04-25,ESG-GJR-GARCH(S),0.2196325161943911,1.9142238956301376,S,2013-04-15
VIAB,VIAB.W^E14,2013-04-25,GARCH,0.2137421702161221,1.812925211456259,,2013-04-15
VIAB,VIAB.W^E14,2013-04-25,GJR-GARCH,0.2146355253495805,1.8281114580194608,,2013-04-15
VIAB,VIAB.W^E14,2013-04-26,EGARCH,0.2106604501418375,1.7610248116651437,,2013-04-15
VIAB,VIAB.W^E14,2013-04-26,ESG-EGARCH,0.2053642726476091,1.673590653971489,all,2013-04-15
VIAB,VIAB.W^E14,2013-04-26,ESG-EGARCH(E),0.205232927458988,1.6714505759280258,E,2013-04-15
VIAB,VIAB.W^E14,2013-04-26,ESG-EGARCH(G),0.2055996780191733,1.6774296667296724,G,2013-04-15
VIAB,VIAB.W^E14,2013-04-26,ESG-EGARCH(S),0.205126745065711,1.6697214897322703,S,2013-04-15
VIAB,VIAB.W^E14,2013-04-26,ESG-GARCH,0.2150782328653753,1.835660565575104,all,2013-04-15
VIAB,VIAB.W^E14,2013-04-26,ESG-GARCH(E),0.2153987165754495,1.841135202474239,E,2013-04-15
VIAB,VIAB.W^E14,2013-04-26,ESG-GARCH(G),0.2150956871344421,1.8359585168189605,G,2013-04-15
VIAB,VIAB.W^E14,2013-04-26,ESG-GARCH(S),0.2154681432351203,1.8423222519519968,S,2013-04-15
VIAB,VIAB.W^E14,2013-04-26,ESG-GJR-GARCH,0.2181810917272276,1.8890074915589257,all,2013-04-15
VIAB,VIAB.W^E14,2013-04-26,ESG-GJR-GARCH(E),0.2192551014356757,1.9076507740304949,E,2013-04-15
VIAB,VIAB.W^E14,2013-04-26,ESG-GJR-GARCH(G),0.2178115510776506,1.8826139596369849,G,2013-04-15
VIAB,VIAB.W^E14,2013-04-26,ESG-GJR-GARCH(S),0.2196325161943911,1.9142238956301376,S,2013-04-15
VIAB,VIAB.W^E14,2013-04-26,GARCH,0.2137421702161221,1.812925211456259,,2013-04-15
VIAB,VIAB.W^E14,2013-04-26,GJR-GARCH,0.2146355253495805,1.8281114580194608,,2013-04-15
VIAB,VIAB.W^E14,2013-04-29,EGARCH,0.2106604501418375,1.7610248116651437,,2013-04-15
VIAB,VIAB.W^E14,2013-04-29,ESG-EGARCH,0.2053642726476091,1.673590653971489,all,2013-04-15
VIAB,VIAB.W^E14,2013-04-29,ESG-EGARCH(E),0.205232927458988,1.6714505759280258,E,2013-04-15
VIAB,VIAB.W^E14,2013-04-29,ESG-EGARCH(G),0.2055996780191733,1.6774296667296724,G,2013-04-15
VIAB,VIAB.W^E14,2013-04-29,ESG-EGARCH(S),0.205126745065711,1.6697214897322703,S,2013-04-15
VIAB,VIAB.W^E14,2013-04-29,ESG-GARCH,0.2150782328653753,1.835660565575104,all,2013-04-15
VIAB,VIAB.W^E14,2013-04-29,ESG-GARCH(E),0.2153987165754495,1.841135202474239,E,2013-04-15
VIAB,VIAB.W^E14,2013-04-29,ESG-GARCH(G),0.2150956871344421,1.8359585168189605,G,2013-04-15
VIAB,VIAB.W^E14,2013-04-29,ESG-GARCH(S),0.2154681432351203,1.8423222519519968,S,2013-04-15
VIAB,VIAB.W^E14,2013-04-29,ESG-GJR-GARCH,0.2181810917272276,1.8890074915589257,all,2013-04-15
VIAB,VIAB.W^E14,2013-04-29,ESG-GJR-GARCH(E),0.2192551014356757,1.9076507740304949,E,2013-04-15
VIAB,VIAB.W^E14,2013-04-29,ESG-GJR-GARCH(G),0.2178115510776506,1.8826139596369849,G,2013-04-15
VIAB,VIAB.W^E14,2013-04-29,ESG-GJR-GARCH(S),0.2196325161943911,1.9142238956301376,S,2013-04-15
VIAB,VIAB.W^E14,2013-04-29,GARCH,0.2137421702161221,1.812925211456259,,2013-04-15
VIAB,VIAB.W^E14,2013-04-29,GJR-GARCH,0.2146355253495805,1.8281114580194608,,2013-04-15
VIAB,VIAB.W^E14,2013-04-30,EGARCH,0.2106604501418375,1.7610248116651437,,2013-04-15
VIAB,VIAB.W^E14,2013-04-30,ESG-EGARCH,0.2053642726476091,1.673590653971489,all,2013-04-15
VIAB,VIAB.W^E14,2013-04-30,ESG-EGARCH(E),0.205232927458988,1.6714505759280258,E,2013-04-15
VIAB,VIAB.W^E14,2013-04-30,ESG-EGARCH(G),0.2055996780191733,1.6774296667296724,G,2013-04-15
VIAB,VIAB.W^E14,2013-04-30,ESG-EGARCH(S),0.205126745065711,1.6697214897322703,S,2013-04-15
VIAB,VIAB.W^E14,2013-04-30,ESG-GARCH,0.2150782328653753,1.835660565575104,all,2013-04-15
VIAB,VIAB.W^E14,2013-04-30,ESG-GARCH(E),0.2153987165754495,1.841135202474239,E,2013-04-15
VIAB,VIAB.W^E14,2013-04-30,ESG-GARCH(G),0.2150956871344421,1.8359585168189605,G,2013-04-15
VIAB,VIAB.W^E14,2013-04-30,ESG-GARCH(S),0.2154681432351203,1.8423222519519968,S,2013-04-15
VIAB,VIAB.W^E14,2013-04-30,ESG-GJR-GARCH,0.2181810917272276,1.8890074915589257,all,2013-04-15
VIAB,VIAB.W^E14,2013-04-30,ESG-GJR-GARCH(E),0.2192551014356757,1.9076507740304949,E,2013-04-15
VIAB,VIAB.W^E14,2013-04-30,ESG-GJR-GARCH(G),0.2178115510776506,1.8826139596369849,G,2013-04-15
VIAB,VIAB.W^E14,2013-04-30,ESG-GJR-GARCH(S),0.2196325161943911,1.9142238956301376,S,2013-04-15
VIAB,VIAB.W^E14,2013-04-30,GARCH,0.2137421702161221,1.812925211456259,,2013-04-15
VIAB,VIAB.W^E14,2013-04-30,GJR-GARCH,0.2146355253495805,1.8281114580194608,,2013-04-15
VIAB,VIAB.W^E14,2013-05-01,EGARCH,0.2106604501418375,1.7610248116651437,,2013-04-15
VIAB,VIAB.W^E14,2013-05-01,ESG-EGARCH,0.2053642726476091,1.673590653971489,all,2013-04-15
VIAB,VIAB.W^E14,2013-05-01,ESG-EGARCH(E),0.205232927458988,1.6714505759280258,E,2013-04-15
VIAB,VIAB.W^E14,2013-05-01,ESG-EGARCH(G),0.2055996780191733,1.6774296667296724,G,2013-04-15
VIAB,VIAB.W^E14,2013-05-01,ESG-EGARCH(S),0.205126745065711,1.6697214897322703,S,2013-04-15
VIAB,VIAB.W^E14,2013-05-01,ESG-GARCH,0.2150782328653753,1.835660565575104,all,2013-04-15
VIAB,VIAB.W^E14,2013-05-01,ESG-GARCH(E),0.2153987165754495,1.841135202474239,E,2013-04-15
VIAB,VIAB.W^E14,2013-05-01,ESG-GARCH(G),0.2150956871344421,1.8359585168189605,G,2013-04-15
VIAB,VIAB.W^E14,2013-05-01,ESG-GARCH(S),0.2154681432351203,1.8423222519519968,S,2013-04-15
VIAB,VIAB.W^E14,2013-05-01,ESG-GJR-GARCH,0.2181810917272276,1.8890074915589257,all,2013-04-15
VIAB,VIAB.W^E14,2013-05-01,ESG-GJR-GARCH(E),0.2192551014356757,1.9076507740304949,E,2013-04-15
VIAB,VIAB.W^E14,2013-05-01,ESG-GJR-GARCH(G),0.2178115510776506,1.8826139596369849,G,2013-04-15
VIAB,VIAB.W^E14,2013-05-01,ESG-GJR-GARCH(S),0.2196325161943911,1.9142238956301376,S,2013-04-15
VIAB,VIAB.W^E14,2013-05-01,GARCH,0.2137421702161221,1.812925211456259,,2013-04-15
VIAB,VIAB.W^E14,2013-05-01,GJR-GARCH,0.2146355253495805,1.8281114580194608,,2013-04-15
VIAB,VIAB.W^E14,2013-05-02,EGARCH,0.2106604501418375,1.7610248116651437,,2013-04-15
VIAB,VIAB.W^E14,2013-05-02,ESG-EGARCH,0.2053642726476091,1.673590653971489,all,2013-04-15
VIAB,VIAB.W^E14,2013-05-02,ESG-EGARCH(E),0.205232927458988,1.6714505759280258,E,2013-04-15
VIAB,VIAB.W^E14,2013-05-02,ESG-EGARCH(G),0.2055996780191733,1.6774296667296724,G,2013-04-15
VIAB,VIAB.W^E14,2013-05-02,ESG-EGARCH(S),0.205126745065711,1.6697214897322703,S,2013-04-15
VIAB,VIAB.W^E14,2013-05-02,ESG-GARCH,0.2150782328653753,1.835660565575104,all,2013-04-15
VIAB,VIAB.W^E14,2013-05-02,ESG-GARCH(E),0.2153987165754495,1.841135202474239,E,2013-04-15
VIAB,VIAB.W^E14,2013-05-02,ESG-GARCH(G),0.2150956871344421,1.8359585168189605,G,2013-04-15
VIAB,VIAB.W^E14,2013-05-02,ESG-GARCH(S),0.2154681432351203,1.8423222519519968,S,2013-04-15
VIAB,VIAB.W^E14,2013-05-02,ESG-GJR-GARCH,0.2181810917272276,1.8890074915589257,all,2013-04-15
VIAB,VIAB.W^E14,2013-05-02,ESG-GJR-GARCH(E),0.2192551014356757,1.9076507740304949,E,2013-04-15
VIAB,VIAB.W^E14,2013-05-02,ESG-GJR-GARCH(G),0.2178115510776506,1.8826139596369849,G,2013-04-15
VIAB,VIAB.W^E14,2013-05-02,ESG-GJR-GARCH(S),0.2196325161943911,1.9142238956301376,S,2013-04-15
VIAB,VIAB.W^E14,2013-05-02,GARCH,0.2137421702161221,1.812925211456259,,2013-04-15
VIAB,VIAB.W^E14,2013-05-02,GJR-GARCH,0.2146355253495805,1.8281114580194608,,2013-04-15
VIAB,VIAB.W^E14,2013-05-03,EGARCH,0.2106604501418375,1.7610248116651437,,2013-04-15
VIAB,VIAB.W^E14,2013-05-03,ESG-EGARCH,0.2053642726476091,1.673590653971489,all,2013-04-15
VIAB,VIAB.W^E14,2013-05-03,ESG-EGARCH(E),0.205232927458988,1.6714505759280258,E,2013-04-15
VIAB,VIAB.W^E14,2013-05-03,ESG-EGARCH(G),0.2055996780191733,1.6774296667296724,G,2013-04-15
VIAB,VIAB.W^E14,2013-05-03,ESG-EGARCH(S),0.205126745065711,1.6697214897322703,S,2013-04-15
VIAB,VIAB.W^E14,2013-05-03,ESG-GARCH,0.2150782328653753,1.835660565575104,all,2013-04-15
VIAB,VIAB.W^E14,2013-05-03,ESG-GARCH(E),0.2153987165754495,1.841135202474239,E,2013-04-15
VIAB,VIAB.W^E14,2013-05-03,ESG-GARCH(G),0.2150956871344421,1.8359585168189605,G,2013-04-15
VIAB,VIAB.W^E14,2013-05-03,ESG-GARCH(S),0.2154681432351203,1.8423222519519968,S,2013-04-15
VIAB,VIAB.W^E14,2013-05-03,ESG-GJR-GARCH,0.2181810917272276,1.8890074915589257,all,2013-04-15
VIAB,VIAB.W^E14,2013-05-03,ESG-GJR-GARCH(E),0.2192551014356757,1.9076507740304949,E,2013-04-15
VIAB,VIAB.W^E14,2013-05-03,ESG-GJR-GARCH(G),0.2178115510776506,1.8826139596369849,G,2013-04-15
VIAB,VIAB.W^E14,2013-05-03,ESG-GJR-GARCH(S),0.2196325161943911,1.9142238956301376,S,2013-04-15
VIAB,VIAB.W^E14,2013-05-03,GARCH,0.2137421702161221,1.812925211456259,,2013-04-15
VIAB,VIAB.W^E14,2013-05-03,GJR-GARCH,0.2146355253495805,1.8281114580194608,,2013-04-15
VIAB,VIAB.W^E14,2013-05-06,EGARCH,0.2106604501418375,1.7610248116651437,,2013-04-15
VIAB,VIAB.W^E14,2013-05-06,ESG-EGARCH,0.2053642726476091,1.673590653971489,all,2013-04-15
VIAB,VIAB.W^E14,2013-05-06,ESG-EGARCH(E),0.205232927458988,1.6714505759280258,E,2013-04-15
VIAB,VIAB.W^E14,2013-05-06,ESG-EGARCH(G),0.2055996780191733,1.6774296667296724,G,2013-04-15
VIAB,VIAB.W^E14,2013-05-06,ESG-EGARCH(S),0.205126745065711,1.6697214897322703,S,2013-04-15
VIAB,VIAB.W^E14,2013-05-06,ESG-GARCH,0.2150782328653753,1.835660565575104,all,2013-04-15
VIAB,VIAB.W^E14,2013-05-06,ESG-GARCH(E),0.2153987165754495,1.841135202474239,E,2013-04-15
VIAB,VIAB.W^E14,2013-05-06,ESG-GARCH(G),0.2150956871344421,1.8359585168189605,G,2013-04-15
VIAB,VIAB.W^E14,2013-05-06,ESG-GARCH(S),0.2154681432351203,1.8423222519519968,S,2013-04-15
VIAB,VIAB.W^E14,2013-05-06,ESG-GJR-GARCH,0.2181810917272276,1.8890074915589257,all,2013-04-15
VIAB,VIAB.W^E14,2013-05-06,ESG-GJR-GARCH(E),0.2192551014356757,1.9076507740304949,E,2013-04-15
VIAB,VIAB.W^E14,2013-05-06,ESG-GJR-GARCH(G),0.2178115510776506,1.8826139596369849,G,2013-04-15
VIAB,VIAB.W^E14,2013-05-06,ESG-GJR-GARCH(S),0.2196325161943911,1.9142238956301376,S,2013-04-15
VIAB,VIAB.W^E14,2013-05-06,GARCH,0.2137421702161221,1.812925211456259,,2013-04-15
VIAB,VIAB.W^E14,2013-05-06,GJR-GARCH,0.2146355253495805,1.8281114580194608,,2013-04-15
VIAB,VIAB.W^E14,2013-05-07,EGARCH,0.2106604501418375,1.7610248116651437,,2013-04-15
VIAB,VIAB.W^E14,2013-05-07,ESG-EGARCH,0.2053642726476091,1.673590653971489,all,2013-04-15
VIAB,VIAB.W^E14,2013-05-07,ESG-EGARCH(E),0.205232927458988,1.6714505759280258,E,2013-04-15
VIAB,VIAB.W^E14,2013-05-07,ESG-EGARCH(G),0.2055996780191733,1.6774296667296724,G,2013-04-15
VIAB,VIAB.W^E14,2013-05-07,ESG-EGARCH(S),0.205126745065711,1.6697214897322703,S,2013-04-15
VIAB,VIAB.W^E14,2013-05-07,ESG-GARCH,0.2150782328653753,1.835660565575104,all,2013-04-15
VIAB,VIAB.W^E14,2013-05-07,ESG-GARCH(E),0.2153987165754495,1.841135202474239,E,2013-04-15
VIAB,VIAB.W^E14,2013-05-07,ESG-GARCH(G),0.2150956871344421,1.8359585168189605,G,2013-04-15
VIAB,VIAB.W^E14,2013-05-07,ESG-GARCH(S),0.2154681432351203,1.8423222519519968,S,2013-04-15
VIAB,VIAB.W^E14,2013-05-07,ESG-GJR-GARCH,0.2181810917272276,1.8890074915589257,all,2013-04-15
VIAB,VIAB.W^E14,2013-05-07,ESG-GJR-GARCH(E),0.2192551014356757,1.9076507740304949,E,2013-04-15
VIAB,VIAB.W^E14,2013-05-07,ESG-GJR-GARCH(G),0.2178115510776506,1.8826139596369849,G,2013-04-15
VIAB,VIAB.W^E14,2013-05-07,ESG-GJR-GARCH(S),0.2196325161943911,1.9142238956301376,S,2013-04-15
VIAB,VIAB.W^E14,2013-05-07,GARCH,0.2137421702161221,1.812925211456259,,2013-04-15
VIAB,VIAB.W^E14,2013-05-07,GJR-GARCH,0.2146355253495805,1.8281114580194608,,2013-04-15
VIAB,VIAB.W^E14,2013-05-08,EGARCH,0.2106604501418375,1.7610248116651437,,2013-04-15
VIAB,VIAB.W^E14,2013-05-08,ESG-EGARCH,0.2053642726476091,1.673590653971489,all,2013-04-15
VIAB,VIAB.W^E14,2013-05-08,ESG-EGARCH(E),0.205232927458988,1.6714505759280258,E,2013-04-15
VIAB,VIAB.W^E14,2013-05-08,ESG-EGARCH(G),0.2055996780191733,1.6774296667296724,G,2013-04-15
VIAB,VIAB.W^E14,2013-05-08,ESG-EGARCH(S),0.205126745065711,1.6697214897322703,S,2013-04-15
VIAB,VIAB.W^E14,2013-05-08,ESG-GARCH,0.2150782328653753,1.835660565575104,all,2013-04-15
VIAB,VIAB.W^E14,2013-05-08,ESG-GARCH(E),0.2153987165754495,1.841135202474239,E,2013-04-15
VIAB,VIAB.W^E14,2013-05-08,ESG-GARCH(G),0.2150956871344421,1.8359585168189605,G,2013-04-15
VIAB,VIAB.W^E14,2013-05-08,ESG-GARCH(S),0.2154681432351203,1.8423222519519968,S,2013-04-15
VIAB,VIAB.W^E14,2013-05-08,ESG-GJR-GARCH,0.2181810917272276,1.8890074915589257,all,2013-04-15
VIAB,VIAB.W^E14,2013-05-08,ESG-GJR-GARCH(E),0.2192551014356757,1.9076507740304949,E,2013-04-15
VIAB,VIAB.W^E14,2013-05-08,ESG-GJR-GARCH(G),0.2178115510776506,1.8826139596369849,G,2013-04-15
VIAB,VIAB.W^E14,2013-05-08,ESG-GJR-GARCH(S),0.2196325161943911,1.9142238956301376,S,2013-04-15
VIAB,VIAB.W^E14,2013-05-08,GARCH,0.2137421702161221,1.812925211456259,,2013-04-15
VIAB,VIAB.W^E14,2013-05-08,GJR-GARCH,0.2146355253495805,1.8281114580194608,,2013-04-15
VIAB,VIAB.W^E14,2013-05-09,EGARCH,0.2106604501418375,1.7610248116651437,,2013-04-15
VIAB,VIAB.W^E14,2013-05-09,ESG-EGARCH,0.2053642726476091,1.673590653971489,all,2013-04-15
VIAB,VIAB.W^E14,2013-05-09,ESG-EGARCH(E),0.205232927458988,1.6714505759280258,E,2013-04-15
VIAB,VIAB.W^E14,2013-05-09,ESG-EGARCH(G),0.2055996780191733,1.6774296667296724,G,2013-04-15
VIAB,VIAB.W^E14,2013-05-09,ESG-EGARCH(S),0.205126745065711,1.6697214897322703,S,2013-04-15
VIAB,VIAB.W^E14,2013-05-09,ESG-GARCH,0.2150782328653753,1.835660565575104,all,2013-04-15
VIAB,VIAB.W^E14,2013-05-09,ESG-GARCH(E),0.2153987165754495,1.841135202474239,E,2013-04-15
VIAB,VIAB.W^E14,2013-05-09,ESG-GARCH(G),0.2150956871344421,1.8359585168189605,G,2013-04-15
VIAB,VIAB.W^E14,2013-05-09,ESG-GARCH(S),0.2154681432351203,1.8423222519519968,S,2013-04-15
VIAB,VIAB.W^E14,2013-05-09,ESG-GJR-GARCH,0.2181810917272276,1.8890074915589257,all,2013-04-15
VIAB,VIAB.W^E14,2013-05-09,ESG-GJR-GARCH(E),0.2192551014356757,1.9076507740304949,E,2013-04-15
VIAB,VIAB.W^E14,2013-05-09,ESG-GJR-GARCH(G),0.2178115510776506,1.8826139596369849,G,2013-04-15
VIAB,VIAB.W^E14,2013-05-09,ESG-GJR-GARCH(S),0.2196325161943911,1.9142238956301376,S,2013-04-15
VIAB,VIAB.W^E14,2013-05-09,GARCH,0.2137421702161221,1.812925211456259,,2013-04-15
VIAB,VIAB.W^E14,2013-05-09,GJR-GARCH,0.2146355253495805,1.8281114580194608,,2013-04-15
VIAB,VIAB.W^E14,2013-05-10,EGARCH,0.2106604501418375,1.7610248116651437,,2013-04-15
VIAB,VIAB.W^E14,2013-05-10,ESG-EGARCH,0.2053642726476091,1.673590653971489,all,2013-04-15
VIAB,VIAB.W^E14,2013-05-10,ESG-EGARCH(E),0.205232927458988,1.6714505759280258,E,2013-04-15
VIAB,VIAB.W^E14,2013-05-10,ESG-EGARCH(G),0.2055996780191733,1.6774296667296724,G,2013-04-15
VIAB,VIAB.W^E14,2013-05-10,ESG-EGARCH(S),0.205126745065711,1.6697214897322703,S,2013-04-15
VIAB,VIAB.W^E14,2013-05-10,ESG-GARCH,0.2150782328653753,1.835660565575104,all,2013-04-15
VIAB,VIAB.W^E14,2013-05-10,ESG-GARCH(E),0.2153987165754495,1.841135202474239,E,2013-04-15
VIAB,VIAB.W^E14,2013-05-10,ESG-GARCH(G),0.2150956871344421,1.8359585168189605,G,2013-04-15
VIAB,VIAB.W^E14,2013-05-10,ESG-GARCH(S),0.2154681432351203,1.8423222519519968,S,2013-04-15
VIAB,VIAB.W^E14,2013-05-10,ESG-GJR-GARCH,0.2181810917272276,1.8890074915589257,all,2013-04-15
VIAB,VIAB.W^E14,2013-05-10,ESG-GJR-GARCH(E),0.2192551014356757,1.9076507740304949,E,2013-04-15
VIAB,VIAB.W^E14,2013-05-10,ESG-GJR-GARCH(G),0.2178115510776506,1.8826139596369849,G,2013-04-15
VIAB,VIAB.W^E14,2013-05-10,ESG-GJR-GARCH(S),0.2196325161943911,1.9142238956301376,S,2013-04-15
VIAB,VIAB.W^E14,2013-05-10,GARCH,0.2137421702161221,1.812925211456259,,2013-04-15
VIAB,VIAB.W^E14,2013-05-10,GJR-GARCH,0.2146355253495805,1.8281114580194608,,2013-04-15
VIAB,VIAB.W^E14,2013-05-13,EGARCH,0.2106604501418375,1.7610248116651437,,2013-04-15
VIAB,VIAB.W^E14,2013-05-13,ESG-EGARCH,0.2053642726476091,1.673590653971489,all,2013-04-15
VIAB,VIAB.W^E14,2013-05-13,ESG-EGARCH(E),0.205232927458988,1.6714505759280258,E,2013-04-15
VIAB,VIAB.W^E14,2013-05-13,ESG-EGARCH(G),0.2055996780191733,1.6774296667296724,G,2013-04-15
VIAB,VIAB.W^E14,2013-05-13,ESG-EGARCH(S),0.205126745065711,1.6697214897322703,S,2013-04-15
VIAB,VIAB.W^E14,2013-05-13,ESG-GARCH,0.2150782328653753,1.835660565575104,all,2013-04-15
VIAB,VIAB.W^E14,2013-05-13,ESG-GARCH(E),0.2153987165754495,1.841135202474239,E,2013-04-15
VIAB,VIAB.W^E14,2013-05-13,ESG-GARCH(G),0.2150956871344421,1.8359585168189605,G,2013-04-15
VIAB,VIAB.W^E14,2013-05-13,ESG-GARCH(S),0.2154681432351203,1.8423222519519968,S,2013-04-15
VIAB,VIAB.W^E14,2013-05-13,ESG-GJR-GARCH,0.2181810917272276,1.8890074915589257,all,2013-04-15
VIAB,VIAB.W^E14,2013-05-13,ESG-GJR-GARCH(E),0.2192551014356757,1.9076507740304949,E,2013-04-15
VIAB,VIAB.W^E14,2013-05-13,ESG-GJR-GARCH(G),0.2178115510776506,1.8826139596369849,G,2013-04-15
VIAB,VIAB.W^E14,2013-05-13,ESG-GJR-GARCH(S),0.2196325161943911,1.9142238956301376,S,2013-04-15
VIAB,VIAB.W^E14,2013-05-13,GARCH,0.2137421702161221,1.812925211456259,,2013-04-15
VIAB,VIAB.W^E14,2013-05-13,GJR-GARCH,0.2146355253495805,1.8281114580194608,,2013-04-15
VIAB,VIAB.W^E14,2013-05-14,EGARCH,0.2106604501418375,1.7610248116651437,,2013-04-15
VIAB,VIAB.W^E14,2013-05-14,ESG-EGARCH,0.2053642726476091,1.673590653971489,all,2013-04-15
VIAB,VIAB.W^E14,2013-05-14,ESG-EGARCH(E),0.205232927458988,1.6714505759280258,E,2013-04-15
VIAB,VIAB.W^E14,2013-05-14,ESG-EGARCH(G),0.2055996780191733,1.6774296667296724,G,2013-04-15
VIAB,VIAB.W^E14,2013-05-14,ESG-EGARCH(S),0.205126745065711,1.6697214897322703,S,2013-04-15
VIAB,VIAB.W^E14,2013-05-14,ESG-GARCH,0.2150782328653753,1.835660565575104,all,2013-04-15
VIAB,VIAB.W^E14,2013-05-14,ESG-GARCH(E),0.2153987165754495,1.841135202474239,E,2013-04-15
VIAB,VIAB.W^E14,2013-05-14,ESG-GARCH(G),0.2150956871344421,1.8359585168189605,G,2013-04-15
VIAB,VIAB.W^E14,2013-05-14,ESG-GARCH(S),0.2154681432351203,1.8423222519519968,S,2013-04-15
VIAB,VIAB.W^E14,2013-05-14,ESG-GJR-GARCH,0.2181810917272276,1.8890074915589257,all,2013-04-15
VIAB,VIAB.W^E14,2013-05-14,ESG-GJR-GARCH(E),0.2192551014356757,1.9076507740304949,E,2013-04-15
VIAB,VIAB.W^E14,2013-05-14,ESG-GJR-GARCH(G),0.2178115510776506,1.8826139596369849,G,2013-04-15
VIAB,VIAB.W^E14,2013-05-14,ESG-GJR-GARCH(S),0.2196325161943911,1.9142238956301376,S,2013-04-15
VIAB,VIAB.W^E14,2013-05-14,GARCH,0.2137421702161221,1.812925211456259,,2013-04-15
VIAB,VIAB.W^E14,2013-05-14,GJR-GARCH,0.2146355253495805,1.8281114580194608,,2013-04-15
VIAB,VIAB.W^E14,2013-05-15,EGARCH,0.2334567417100959,2.162779771821209,,2013-05-15
VIAB,VIAB.W^E14,2013-05-15,ESG-EGARCH,0.2261577167235894,2.029655271175688,all,2013-05-15
VIAB,VIAB.W^E14,2013-05-15,ESG-EGARCH(E),0.2255429677584847,2.018636123226384,E,2013-05-15
VIAB,VIAB.W^E14,2013-05-15,ESG-EGARCH(G),0.2258004495659813,2.0232477390555275,G,2013-05-15
VIAB,VIAB.W^E14,2013-05-15,ESG-EGARCH(S),0.225505967331032,2.017973861186685,S,2013-05-15
VIAB,VIAB.W^E14,2013-05-15,ESG-GARCH,0.2137934046366794,1.813794439132656,all,2013-05-15
VIAB,VIAB.W^E14,2013-05-15,ESG-GARCH(E),0.2141502665673998,1.8198546297971585,E,2013-05-15
VIAB,VIAB.W^E14,2013-05-15,ESG-GARCH(G),0.2137555722861348,1.813152566800516,G,2013-05-15
VIAB,VIAB.W^E14,2013-05-15,ESG-GARCH(S),0.2142183548949253,1.821012046582864,S,2013-05-15
VIAB,VIAB.W^E14,2013-05-15,ESG-GJR-GARCH,0.2131336493155134,1.8026171615296929,all,2013-05-15
VIAB,VIAB.W^E14,2013-05-15,ESG-GJR-GARCH(E),0.2138411984825073,1.8146054828744085,E,2013-05-15
VIAB,VIAB.W^E14,2013-05-15,ESG-GJR-GARCH(G),0.2128364893637791,1.7975940954245262,G,2013-05-15
VIAB,VIAB.W^E14,2013-05-15,ESG-GJR-GARCH(S),0.2140425709233244,1.8180246891851728,S,2013-05-15
VIAB,VIAB.W^E14,2013-05-15,GARCH,0.2114027124934061,1.7734566210146716,,2013-05-15
VIAB,VIAB.W^E14,2013-05-15,GJR-GARCH,0.2100445562902685,1.7507426836180864,,2013-05-15
VIAB,VIAB.W^E14,2013-05-16,EGARCH,0.2334567417100959,2.162779771821209,,2013-05-15
VIAB,VIAB.W^E14,2013-05-16,ESG-EGARCH,0.2261577167235894,2.029655271175688,all,2013-05-15
VIAB,VIAB.W^E14,2013-05-16,ESG-EGARCH(E),0.2255429677584847,2.018636123226384,E,2013-05-15
VIAB,VIAB.W^E14,2013-05-16,ESG-EGARCH(G),0.2258004495659813,2.0232477390555275,G,2013-05-15
VIAB,VIAB.W^E14,2013-05-16,ESG-EGARCH(S),0.225505967331032,2.017973861186685,S,2013-05-15
VIAB,VIAB.W^E14,2013-05-16,ESG-GARCH,0.2137934046366794,1.813794439132656,all,2013-05-15
VIAB,VIAB.W^E14,2013-05-16,ESG-GARCH(E),0.2141502665673998,1.8198546297971585,E,2013-05-15
VIAB,VIAB.W^E14,2013-05-16,ESG-GARCH(G),0.2137555722861348,1.813152566800516,G,2013-05-15
VIAB,VIAB.W^E14,2013-05-16,ESG-GARCH(S),0.2142183548949253,1.821012046582864,S,2013-05-15
VIAB,VIAB.W^E14,2013-05-16,ESG-GJR-GARCH,0.2131336493155134,1.8026171615296929,all,2013-05-15
VIAB,VIAB.W^E14,2013-05-16,ESG-GJR-GARCH(E),0.2138411984825073,1.8146054828744085,E,2013-05-15
VIAB,VIAB.W^E14,2013-05-16,ESG-GJR-GARCH(G),0.2128364893637791,1.7975940954245262,G,2013-05-15
VIAB,VIAB.W^E14,2013-05-16,ESG-GJR-GARCH(S),0.2140425709233244,1.8180246891851728,S,2013-05-15
VIAB,VIAB.W^E14,2013-05-16,GARCH,0.2114027124934061,1.7734566210146716,,2013-05-15
VIAB,VIAB.W^E14,2013-05-16,GJR-GARCH,0.2100445562902685,1.7507426836180864,,2013-05-15
VIAB,VIAB.W^E14,2013-05-17,EGARCH,0.2334567417100959,2.162779771821209,,2013-05-15
VIAB,VIAB.W^E14,2013-05-17,ESG-EGARCH,0.2261577167235894,2.029655271175688,all,2013-05-15
VIAB,VIAB.W^E14,2013-05-17,ESG-EGARCH(E),0.2255429677584847,2.018636123226384,E,2013-05-15
VIAB,VIAB.W^E14,2013-05-17,ESG-EGARCH(G),0.2258004495659813,2.0232477390555275,G,2013-05-15
VIAB,VIAB.W^E14,2013-05-17,ESG-EGARCH(S),0.225505967331032,2.017973861186685,S,2013-05-15
VIAB,VIAB.W^E14,2013-05-17,ESG-GARCH,0.2137934046366794,1.813794439132656,all,2013-05-15
VIAB,VIAB.W^E14,2013-05-17,ESG-GARCH(E),0.2141502665673998,1.8198546297971585,E,2013-05-15
VIAB,VIAB.W^E14,2013-05-17,ESG-GARCH(G),0.2137555722861348,1.813152566800516,G,2013-05-15
VIAB,VIAB.W^E14,2013-05-17,ESG-GARCH(S),0.2142183548949253,1.821012046582864,S,2013-05-15
VIAB,VIAB.W^E14,2013-05-17,ESG-GJR-GARCH,0.2131336493155134,1.8026171615296929,all,2013-05-15
VIAB,VIAB.W^E14,2013-05-17,ESG-GJR-GARCH(E),0.2138411984825073,1.8146054828744085,E,2013-05-15
VIAB,VIAB.W^E14,2013-05-17,ESG-GJR-GARCH(G),0.2128364893637791,1.7975940954245262,G,2013-05-15
VIAB,VIAB.W^E14,2013-05-17,ESG-GJR-GARCH(S),0.2140425709233244,1.8180246891851728,S,2013-05-15
VIAB,VIAB.W^E14,2013-05-17,GARCH,0.2114027124934061,1.7734566210146716,,2013-05-15
VIAB,VIAB.W^E14,2013-05-17,GJR-GARCH,0.2100445562902685,1.7507426836180864,,2013-05-15
VIAB,VIAB.W^E14,2013-05-20,EGARCH,0.2334567417100959,2.162779771821209,,2013-05-15
VIAB,VIAB.W^E14,2013-05-20,ESG-EGARCH,0.2261577167235894,2.029655271175688,all,2013-05-15
VIAB,VIAB.W^E14,2013-05-20,ESG-EGARCH(E),0.2255429677584847,2.018636123226384,E,2013-05-15
VIAB,VIAB.W^E14,2013-05-20,ESG-EGARCH(G),0.2258004495659813,2.0232477390555275,G,2013-05-15
VIAB,VIAB.W^E14,2013-05-20,ESG-EGARCH(S),0.225505967331032,2.017973861186685,S,2013-05-15
VIAB,VIAB.W^E14,2013-05-20,ESG-GARCH,0.2137934046366794,1.813794439132656,all,2013-05-15
VIAB,VIAB.W^E14,2013-05-20,ESG-GARCH(E),0.2141502665673998,1.8198546297971585,E,2013-05-15
VIAB,VIAB.W^E14,2013-05-20,ESG-GARCH(G),0.2137555722861348,1.813152566800516,G,2013-05-15
VIAB,VIAB.W^E14,2013-05-20,ESG-GARCH(S),0.2142183548949253,1.821012046582864,S,2013-05-15
VIAB,VIAB.W^E14,2013-05-20,ESG-GJR-GARCH,0.2131336493155134,1.8026171615296929,all,2013-05-15
VIAB,VIAB.W^E14,2013-05-20,ESG-GJR-GARCH(E),0.2138411984825073,1.8146054828744085,E,2013-05-15
VIAB,VIAB.W^E14,2013-05-20,ESG-GJR-GARCH(G),0.2128364893637791,1.7975940954245262,G,2013-05-15
VIAB,VIAB.W^E14,2013-05-20,ESG-GJR-GARCH(S),0.2140425709233244,1.8180246891851728,S,2013-05-15
VIAB,VIAB.W^E14,2013-05-20,GARCH,0.2114027124934061,1.7734566210146716,,2013-05-15
VIAB,VIAB.W^E14,2013-05-20,GJR-GARCH,0.2100445562902685,1.7507426836180864,,2013-05-15
VIAB,VIAB.W^E14,2013-05-21,EGARCH,0.2334567417100959,2.162779771821209,,2013-05-15
VIAB,VIAB.W^E14,2013-05-21,ESG-EGARCH,0.2261577167235894,2.029655271175688,all,2013-05-15
VIAB,VIAB.W^E14,2013-05-21,ESG-EGARCH(E),0.2255429677584847,2.018636123226384,E,2013-05-15
VIAB,VIAB.W^E14,2013-05-21,ESG-EGARCH(G),0.2258004495659813,2.0232477390555275,G,2013-05-15
VIAB,VIAB.W^E14,2013-05-21,ESG-EGARCH(S),0.225505967331032,2.017973861186685,S,2013-05-15
VIAB,VIAB.W^E14,2013-05-21,ESG-GARCH,0.2137934046366794,1.813794439132656,all,2013-05-15
VIAB,VIAB.W^E14,2013-05-21,ESG-GARCH(E),0.2141502665673998,1.8198546297971585,E,2013-05-15
VIAB,VIAB.W^E14,2013-05-21,ESG-GARCH(G),0.2137555722861348,1.813152566800516,G,2013-05-15
VIAB,VIAB.W^E14,2013-05-21,ESG-GARCH(S),0.2142183548949253,1.821012046582864,S,2013-05-15
VIAB,VIAB.W^E14,2013-05-21,ESG-GJR-GARCH,0.2131336493155134,1.8026171615296929,all,2013-05-15
VIAB,VIAB.W^E14,2013-05-21,ESG-GJR-GARCH(E),0.2138411984825073,1.8146054828744085,E,2013-05-15
VIAB,VIAB.W^E14,2013-05-21,ESG-GJR-GARCH(G),0.2128364893637791,1.7975940954245262,G,2013-05-15
VIAB,VIAB.W^E14,2013-05-21,ESG-GJR-GARCH(S),0.2140425709233244,1.8180246891851728,S,2013-05-15
VIAB,VIAB.W^E14,2013-05-21,GARCH,0.2114027124934061,1.7734566210146716,,2013-05-15
VIAB,VIAB.W^E14,2013-05-21,GJR-GARCH,0.2100445562902685,1.7507426836180864,,2013-05-15
VIAB,VIAB.W^E14,2013-05-22,EGARCH,0.2334567417100959,2.162779771821209,,2013-05-15
VIAB,VIAB.W^E14,2013-05-22,ESG-EGARCH,0.2261577167235894,2.029655271175688,all,2013-05-15
VIAB,VIAB.W^E14,2013-05-22,ESG-EGARCH(E),0.2255429677584847,2.018636123226384,E,2013-05-15
VIAB,VIAB.W^E14,2013-05-22,ESG-EGARCH(G),0.2258004495659813,2.0232477390555275,G,2013-05-15
VIAB,VIAB.W^E14,2013-05-22,ESG-EGARCH(S),0.225505967331032,2.017973861186685,S,2013-05-15
VIAB,VIAB.W^E14,2013-05-22,ESG-GARCH,0.2137934046366794,1.813794439132656,all,2013-05-15
VIAB,VIAB.W^E14,2013-05-22,ESG-GARCH(E),0.2141502665673998,1.8198546297971585,E,2013-05-15
VIAB,VIAB.W^E14,2013-05-22,ESG-GARCH(G),0.2137555722861348,1.813152566800516,G,2013-05-15
VIAB,VIAB.W^E14,2013-05-22,ESG-GARCH(S),0.2142183548949253,1.821012046582864,S,2013-05-15
VIAB,VIAB.W^E14,2013-05-22,ESG-GJR-GARCH,0.2131336493155134,1.8026171615296929,all,2013-05-15
VIAB,VIAB.W^E14,2013-05-22,ESG-GJR-GARCH(E),0.2138411984825073,1.8146054828744085,E,2013-05-15
VIAB,VIAB.W^E14,2013-05-22,ESG-GJR-GARCH(G),0.2128364893637791,1.7975940954245262,G,2013-05-15
VIAB,VIAB.W^E14,2013-05-22,ESG-GJR-GARCH(S),0.2140425709233244,1.8180246891851728,S,2013-05-15
VIAB,VIAB.W^E14,2013-05-22,GARCH,0.2114027124934061,1.7734566210146716,,2013-05-15
VIAB,VIAB.W^E14,2013-05-22,GJR-GARCH,0.2100445562902685,1.7507426836180864,,2013-05-15
VIAB,VIAB.W^E14,2013-05-23,EGARCH,0.2334567417100959,2.162779771821209,,2013-05-15
VIAB,VIAB.W^E14,2013-05-23,ESG-EGARCH,0.2261577167235894,2.029655271175688,all,2013-05-15
VIAB,VIAB.W^E14,2013-05-23,ESG-EGARCH(E),0.2255429677584847,2.018636123226384,E,2013-05-15
VIAB,VIAB.W^E14,2013-05-23,ESG-EGARCH(G),0.2258004495659813,2.0232477390555275,G,2013-05-15
VIAB,VIAB.W^E14,2013-05-23,ESG-EGARCH(S),0.225505967331032,2.017973861186685,S,2013-05-15
VIAB,VIAB.W^E14,2013-05-23,ESG-GARCH,0.2137934046366794,1.813794439132656,all,2013-05-15
VIAB,VIAB.W^E14,2013-05-23,ESG-GARCH(E),0.2141502665673998,1.8198546297971585,E,2013-05-15
VIAB,VIAB.W^E14,2013-05-23,ESG-GARCH(G),0.2137555722861348,1.813152566800516,G,2013-05-15
VIAB,VIAB.W^E14,2013-05-23,ESG-GARCH(S),0.2142183548949253,1.821012046582864,S,2013-05-15
VIAB,VIAB.W^E14,2013-05-23,ESG-GJR-GARCH,0.2131336493155134,1.8026171615296929,all,2013-05-15
VIAB,VIAB.W^E14,2013-05-23,ESG-GJR-GARCH(E),0.2138411984825073,1.8146054828744085,E,2013-05-15
VIAB,VIAB.W^E14,2013-05-23,ESG-GJR-GARCH(G),0.2128364893637791,1.7975940954245262,G,2013-05-15
VIAB,VIAB.W^E14,2013-05-23,ESG-GJR-GARCH(S),0.2140425709233244,1.8180246891851728,S,2013-05-15
VIAB,VIAB.W^E14,2013-05-23,GARCH,0.2114027124934061,1.7734566210146716,,2013-05-15
VIAB,VIAB.W^E14,2013-05-23,GJR-GARCH,0.2100445562902685,1.7507426836180864,,2013-05-15
VIAB,VIAB.W^E14,2013-05-24,EGARCH,0.2334567417100959,2.162779771821209,,2013-05-15
VIAB,VIAB.W^E14,2013-05-24,ESG-EGARCH,0.2261577167235894,2.029655271175688,all,2013-05-15
VIAB,VIAB.W^E14,2013-05-24,ESG-EGARCH(E),0.2255429677584847,2.018636123226384,E,2013-05-15
VIAB,VIAB.W^E14,2013-05-24,ESG-EGARCH(G),0.2258004495659813,2.0232477390555275,G,2013-05-15
VIAB,VIAB.W^E14,2013-05-24,ESG-EGARCH(S),0.225505967331032,2.017973861186685,S,2013-05-15
VIAB,VIAB.W^E14,2013-05-24,ESG-GARCH,0.2137934046366794,1.813794439132656,all,2013-05-15
VIAB,VIAB.W^E14,2013-05-24,ESG-GARCH(E),0.2141502665673998,1.8198546297971585,E,2013-05-15
VIAB,VIAB.W^E14,2013-05-24,ESG-GARCH(G),0.2137555722861348,1.813152566800516,G,2013-05-15
VIAB,VIAB.W^E14,2013-05-24,ESG-GARCH(S),0.2142183548949253,1.821012046582864,S,2013-05-15
VIAB,VIAB.W^E14,2013-05-24,ESG-GJR-GARCH,0.2131336493155134,1.8026171615296929,all,2013-05-15
VIAB,VIAB.W^E14,2013-05-24,ESG-GJR-GARCH(E),0.2138411984825073,1.8146054828744085,E,2013-05-15
VIAB,VIAB.W^E14,2013-05-24,ESG-GJR-GARCH(G),0.2128364893637791,1.7975940954245262,G,2013-05-15
VIAB,VIAB.W^E14,2013-05-24,ESG-GJR-GARCH(S),0.2140425709233244,1.8180246891851728,S,2013-05-15
VIAB,VIAB.W^E14,2013-05-24,GARCH,0.2114027124934061,1.7734566210146716,,2013-05-15
VIAB,VIAB.W^E14,2013-05-24,GJR-GARCH,0.2100445562902685,1.7507426836180864,,2013-05-15
VIAB,VIAB.W^E14,2013-05-28,EGARCH,0.2334567417100959,2.162779771821209,,2013-05-15
VIAB,VIAB.W^E14,2013-05-28,ESG-EGARCH,0.2261577167235894,2.029655271175688,all,2013-05-15
VIAB,VIAB.W^E14,2013-05-28,ESG-EGARCH(E),0.2255429677584847,2.018636123226384,E,2013-05-15
VIAB,VIAB.W^E14,2013-05-28,ESG-EGARCH(G),0.2258004495659813,2.0232477390555275,G,2013-05-15
VIAB,VIAB.W^E14,2013-05-28,ESG-EGARCH(S),0.225505967331032,2.017973861186685,S,2013-05-15
VIAB,VIAB.W^E14,2013-05-28,ESG-GARCH,0.2137934046366794,1.813794439132656,all,2013-05-15
VIAB,VIAB.W^E14,2013-05-28,ESG-GARCH(E),0.2141502665673998,1.8198546297971585,E,2013-05-15
VIAB,VIAB.W^E14,2013-05-28,ESG-GARCH(G),0.2137555722861348,1.813152566800516,G,2013-05-15
VIAB,VIAB.W^E14,2013-05-28,ESG-GARCH(S),0.2142183548949253,1.821012046582864,S,2013-05-15
VIAB,VIAB.W^E14,2013-05-28,ESG-GJR-GARCH,0.2131336493155134,1.8026171615296929,all,2013-05-15
VIAB,VIAB.W^E14,2013-05-28,ESG-GJR-GARCH(E),0.2138411984825073,1.8146054828744085,E,2013-05-15
VIAB,VIAB.W^E14,2013-05-28,ESG-GJR-GARCH(G),0.2128364893637791,1.7975940954245262,G,2013-05-15
VIAB,VIAB.W^E14,2013-05-28,ESG-GJR-GARCH(S),0.2140425709233244,1.8180246891851728,S,2013-05-15
VIAB,VIAB.W^E14,2013-05-28,GARCH,0.2114027124934061,1.7734566210146716,,2013-05-15
VIAB,VIAB.W^E14,2013-05-28,GJR-GARCH,0.2100445562902685,1.7507426836180864,,2013-05-15
VIAB,VIAB.W^E14,2013-05-29,EGARCH,0.2334567417100959,2.162779771821209,,2013-05-15
VIAB,VIAB.W^E14,2013-05-29,ESG-EGARCH,0.2261577167235894,2.029655271175688,all,2013-05-15
VIAB,VIAB.W^E14,2013-05-29,ESG-EGARCH(E),0.2255429677584847,2.018636123226384,E,2013-05-15
VIAB,VIAB.W^E14,2013-05-29,ESG-EGARCH(G),0.2258004495659813,2.0232477390555275,G,2013-05-15
VIAB,VIAB.W^E14,2013-05-29,ESG-EGARCH(S),0.225505967331032,2.017973861186685,S,2013-05-15
VIAB,VIAB.W^E14,2013-05-29,ESG-GARCH,0.2137934046366794,1.813794439132656,all,2013-05-15
VIAB,VIAB.W^E14,2013-05-29,ESG-GARCH(E),0.2141502665673998,1.8198546297971585,E,2013-05-15
VIAB,VIAB.W^E14,2013-05-29,ESG-GARCH(G),0.2137555722861348,1.813152566800516,G,2013-05-15
VIAB,VIAB.W^E14,2013-05-29,ESG-GARCH(S),0.2142183548949253,1.821012046582864,S,2013-05-15
VIAB,VIAB.W^E14,2013-05-29,ESG-GJR-GARCH,0.2131336493155134,1.8026171615296929,all,2013-05-15
VIAB,VIAB.W^E14,2013-05-29,ESG-GJR-GARCH(E),0.2138411984825073,1.8146054828744085,E,2013-05-15
VIAB,VIAB.W^E14,2013-05-29,ESG-GJR-GARCH(G),0.2128364893637791,1.7975940954245262,G,2013-05-15
VIAB,VIAB.W^E14,2013-05-29,ESG-GJR-GARCH(S),0.2140425709233244,1.8180246891851728,S,2013-05-15
VIAB,VIAB.W^E14,2013-05-29,GARCH,0.2114027124934061,1.7734566210146716,,2013-05-15
VIAB,VIAB.W^E14,2013-05-29,GJR-GARCH,0.2100445562902685,1.7507426836180864,,2013-05-15
VIAB,VIAB.W^E14,2013-05-30,EGARCH,0.2334567417100959,2.162779771821209,,2013-05-15
VIAB,VIAB.W^E14,2013-05-30,ESG-EGARCH,0.2261577167235894,2.029655271175688,all,2013-05-15
VIAB,VIAB.W^E14,2013-05-30,ESG-EGARCH(E),0.2255429677584847,2.018636123226384,E,2013-05-15
VIAB,VIAB.W^E14,2013-05-30,ESG-EGARCH(G),0.2258004495659813,2.0232477390555275,G,2013-05-15
VIAB,VIAB.W^E14,2013-05-30,ESG-EGARCH(S),0.225505967331032,2.017973861186685,S,2013-05-15
VIAB,VIAB.W^E14,2013-05-30,ESG-GARCH,0.2137934046366794,1.813794439132656,all,2013-05-15
VIAB,VIAB.W^E14,2013-05-30,ESG-GARCH(E),0.2141502665673998,1.8198546297971585,E,2013-05-15
VIAB,VIAB.W^E14,2013-05-30,ESG-GARCH(G),0.2137555722861348,1.813152566800516,G,2013-05-15
VIAB,VIAB.W^E14,2013-05-30,ESG-GARCH(S),0.2142183548949253,1.821012046582864,S,2013-05-15
VIAB,VIAB.W^E14,2013-05-30,ESG-GJR-GARCH,0.2131336493155134,1.8026171615296929,all,2013-05-15
VIAB,VIAB.W^E14,2013-05-30,ESG-GJR-GARCH(E),0.2138411984825073,1.8146054828744085,E,2013-05-15
VIAB,VIAB.W^E14,2013-05-30,ESG-GJR-GARCH(G),0.2128364893637791,1.7975940954245262,G,2013-05-15
VIAB,VIAB.W^E14,2013-05-30,ESG-GJR-GARCH(S),0.2140425709233244,1.8180246891851728,S,2013-05-15
VIAB,VIAB.W^E14,2013-05-30,GARCH,0.2114027124934061,1.7734566210146716,,2013-05-15
VIAB,VIAB.W^E14,2013-05-30,GJR-GARCH,0.2100445562902685,1.7507426836180864,,2013-05-15
VIAB,VIAB.W^E14,2013-05-31,EGARCH,0.2334567417100959,2.162779771821209,,2013-05-15
VIAB,VIAB.W^E14,2013-05-31,ESG-EGARCH,0.2261577167235894,2.029655271175688,all,2013-05-15
VIAB,VIAB.W^E14,2013-05-31,ESG-EGARCH(E),0.2255429677584847,2.018636123226384,E,2013-05-15
VIAB,VIAB.W^E14,2013-05-31,ESG-EGARCH(G),0.2258004495659813,2.0232477390555275,G,2013-05-15
VIAB,VIAB.W^E14,2013-05-31,ESG-EGARCH(S),0.225505967331032,2.017973861186685,S,2013-05-15
VIAB,VIAB.W^E14,2013-05-31,ESG-GARCH,0.2137934046366794,1.813794439132656,all,2013-05-15
VIAB,VIAB.W^E14,2013-05-31,ESG-GARCH(E),0.2141502665673998,1.8198546297971585,E,2013-05-15
VIAB,VIAB.W^E14,2013-05-31,ESG-GARCH(G),0.2137555722861348,1.813152566800516,G,2013-05-15
VIAB,VIAB.W^E14,2013-05-31,ESG-GARCH(S),0.2142183548949253,1.821012046582864,S,2013-05-15
VIAB,VIAB.W^E14,2013-05-31,ESG-GJR-GARCH,0.2131336493155134,1.8026171615296929,all,2013-05-15
VIAB,VIAB.W^E14,2013-05-31,ESG-GJR-GARCH(E),0.2138411984825073,1.8146054828744085,E,2013-05-15
VIAB,VIAB.W^E14,2013-05-31,ESG-GJR-GARCH(G),0.2128364893637791,1.7975940954245262,G,2013-05-15
VIAB,VIAB.W^E14,2013-05-31,ESG-GJR-GARCH(S),0.2140425709233244,1.8180246891851728,S,2013-05-15
VIAB,VIAB.W^E14,2013-05-31,GARCH,0.2114027124934061,1.7734566210146716,,2013-05-15
VIAB,VIAB.W^E14,2013-05-31,GJR-GARCH,0.2100445562902685,1.7507426836180864,,2013-05-15
VIAB,VIAB.W^E14,2013-06-03,EGARCH,0.2334567417100959,2.162779771821209,,2013-05-15
VIAB,VIAB.W^E14,2013-06-03,ESG-EGARCH,0.2261577167235894,2.029655271175688,all,2013-05-15
VIAB,VIAB.W^E14,2013-06-03,ESG-EGARCH(E),0.2255429677584847,2.018636123226384,E,2013-05-15
VIAB,VIAB.W^E14,2013-06-03,ESG-EGARCH(G),0.2258004495659813,2.0232477390555275,G,2013-05-15
VIAB,VIAB.W^E14,2013-06-03,ESG-EGARCH(S),0.225505967331032,2.017973861186685,S,2013-05-15
VIAB,VIAB.W^E14,2013-06-03,ESG-GARCH,0.2137934046366794,1.813794439132656,all,2013-05-15
VIAB,VIAB.W^E14,2013-06-03,ESG-GARCH(E),0.2141502665673998,1.8198546297971585,E,2013-05-15
VIAB,VIAB.W^E14,2013-06-03,ESG-GARCH(G),0.2137555722861348,1.813152566800516,G,2013-05-15
VIAB,VIAB.W^E14,2013-06-03,ESG-GARCH(S),0.2142183548949253,1.821012046582864,S,2013-05-15
VIAB,VIAB.W^E14,2013-06-03,ESG-GJR-GARCH,0.2131336493155134,1.8026171615296929,all,2013-05-15
VIAB,VIAB.W^E14,2013-06-03,ESG-GJR-GARCH(E),0.2138411984825073,1.8146054828744085,E,2013-05-15
VIAB,VIAB.W^E14,2013-06-03,ESG-GJR-GARCH(G),0.2128364893637791,1.7975940954245262,G,2013-05-15
VIAB,VIAB.W^E14,2013-06-03,ESG-GJR-GARCH(S),0.2140425709233244,1.8180246891851728,S,2013-05-15
VIAB,VIAB.W^E14,2013-06-03,GARCH,0.2114027124934061,1.7734566210146716,,2013-05-15
VIAB,VIAB.W^E14,2013-06-03,GJR-GARCH,0.2100445562902685,1.7507426836180864,,2013-05-15
VIAB,VIAB.W^E14,2013-06-04,EGARCH,0.2334567417100959,2.162779771821209,,2013-05-15
VIAB,VIAB.W^E14,2013-06-04,ESG-EGARCH,0.2261577167235894,2.029655271175688,all,2013-05-15
VIAB,VIAB.W^E14,2013-06-04,ESG-EGARCH(E),0.2255429677584847,2.018636123226384,E,2013-05-15
VIAB,VIAB.W^E14,2013-06-04,ESG-EGARCH(G),0.2258004495659813,2.0232477390555275,G,2013-05-15
VIAB,VIAB.W^E14,2013-06-04,ESG-EGARCH(S),0.225505967331032,2.017973861186685,S,2013-05-15
VIAB,VIAB.W^E14,2013-06-04,ESG-GARCH,0.2137934046366794,1.813794439132656,all,2013-05-15
VIAB,VIAB.W^E14,2013-06-04,ESG-GARCH(E),0.2141502665673998,1.8198546297971585,E,2013-05-15
VIAB,VIAB.W^E14,2013-06-04,ESG-GARCH(G),0.2137555722861348,1.813152566800516,G,2013-05-15
VIAB,VIAB.W^E14,2013-06-04,ESG-GARCH(S),0.2142183548949253,1.821012046582864,S,2013-05-15
VIAB,VIAB.W^E14,2013-06-04,ESG-GJR-GARCH,0.2131336493155134,1.8026171615296929,all,2013-05-15
VIAB,VIAB.W^E14,2013-06-04,ESG-GJR-GARCH(E),0.2138411984825073,1.8146054828744085,E,2013-05-15
VIAB,VIAB.W^E14,2013-06-04,ESG-GJR-GARCH(G),0.2128364893637791,1.7975940954245262,G,2013-05-15
VIAB,VIAB.W^E14,2013-06-04,ESG-GJR-GARCH(S),0.2140425709233244,1.8180246891851728,S,2013-05-15
VIAB,VIAB.W^E14,2013-06-04,GARCH,0.2114027124934061,1.7734566210146716,,2013-05-15
VIAB,VIAB.W^E14,2013-06-04,GJR-GARCH,0.2100445562902685,1.7507426836180864,,2013-05-15
VIAB,VIAB.W^E14,2013-06-05,EGARCH,0.2334567417100959,2.162779771821209,,2013-05-15
VIAB,VIAB.W^E14,2013-06-05,ESG-EGARCH,0.2261577167235894,2.029655271175688,all,2013-05-15
VIAB,VIAB.W^E14,2013-06-05,ESG-EGARCH(E),0.2255429677584847,2.018636123226384,E,2013-05-15
VIAB,VIAB.W^E14,2013-06-05,ESG-EGARCH(G),0.2258004495659813,2.0232477390555275,G,2013-05-15
VIAB,VIAB.W^E14,2013-06-05,ESG-EGARCH(S),0.225505967331032,2.017973861186685,S,2013-05-15
VIAB,VIAB.W^E14,2013-06-05,ESG-GARCH,0.2137934046366794,1.813794439132656,all,2013-05-15
VIAB,VIAB.W^E14,2013-06-05,ESG-GARCH(E),0.2141502665673998,1.8198546297971585,E,2013-05-15
VIAB,VIAB.W^E14,2013-06-05,ESG-GARCH(G),0.2137555722861348,1.813152566800516,G,2013-05-15
VIAB,VIAB.W^E14,2013-06-05,ESG-GARCH(S),0.2142183548949253,1.821012046582864,S,2013-05-15
VIAB,VIAB.W^E14,2013-06-05,ESG-GJR-GARCH,0.2131336493155134,1.8026171615296929,all,2013-05-15
VIAB,VIAB.W^E14,2013-06-05,ESG-GJR-GARCH(E),0.2138411984825073,1.8146054828744085,E,2013-05-15
VIAB,VIAB.W^E14,2013-06-05,ESG-GJR-GARCH(G),0.2128364893637791,1.7975940954245262,G,2013-05-15
VIAB,VIAB.W^E14,2013-06-05,ESG-GJR-GARCH(S),0.2140425709233244,1.8180246891851728,S,2013-05-15
VIAB,VIAB.W^E14,2013-06-05,GARCH,0.2114027124934061,1.7734566210146716,,2013-05-15
VIAB,VIAB.W^E14,2013-06-05,GJR-GARCH,0.2100445562902685,1.7507426836180864,,2013-05-15
VIAB,VIAB.W^E14,2013-06-06,EGARCH,0.2334567417100959,2.162779771821209,,2013-05-15
VIAB,VIAB.W^E14,2013-06-06,ESG-EGARCH,0.2261577167235894,2.029655271175688,all,2013-05-15
VIAB,VIAB.W^E14,2013-06-06,ESG-EGARCH(E),0.2255429677584847,2.018636123226384,E,2013-05-15
VIAB,VIAB.W^E14,2013-06-06,ESG-EGARCH(G),0.2258004495659813,2.0232477390555275,G,2013-05-15
VIAB,VIAB.W^E14,2013-06-06,ESG-EGARCH(S),0.225505967331032,2.017973861186685,S,2013-05-15
VIAB,VIAB.W^E14,2013-06-06,ESG-GARCH,0.2137934046366794,1.813794439132656,all,2013-05-15
VIAB,VIAB.W^E14,2013-06-06,ESG-GARCH(E),0.2141502665673998,1.8198546297971585,E,2013-05-15
VIAB,VIAB.W^E14,2013-06-06,ESG-GARCH(G),0.2137555722861348,1.813152566800516,G,2013-05-15
VIAB,VIAB.W^E14,2013-06-06,ESG-GARCH(S),0.2142183548949253,1.821012046582864,S,2013-05-15
VIAB,VIAB.W^E14,2013-06-06,ESG-GJR-GARCH,0.2131336493155134,1.8026171615296929,all,2013-05-15
VIAB,VIAB.W^E14,2013-06-06,ESG-GJR-GARCH(E),0.2138411984825073,1.8146054828744085,E,2013-05-15
VIAB,VIAB.W^E14,2013-06-06,ESG-GJR-GARCH(G),0.2128364893637791,1.7975940954245262,G,2013-05-15
VIAB,VIAB.W^E14,2013-06-06,ESG-GJR-GARCH(S),0.2140425709233244,1.8180246891851728,S,2013-05-15
VIAB,VIAB.W^E14,2013-06-06,GARCH,0.2114027124934061,1.7734566210146716,,2013-05-15
VIAB,VIAB.W^E14,2013-06-06,GJR-GARCH,0.2100445562902685,1.7507426836180864,,2013-05-15
VIAB,VIAB.W^E14,2013-06-07,EGARCH,0.2334567417100959,2.162779771821209,,2013-05-15
VIAB,VIAB.W^E14,2013-06-07,ESG-EGARCH,0.2261577167235894,2.029655271175688,all,2013-05-15
VIAB,VIAB.W^E14,2013-06-07,ESG-EGARCH(E),0.2255429677584847,2.018636123226384,E,2013-05-15
VIAB,VIAB.W^E14,2013-06-07,ESG-EGARCH(G),0.2258004495659813,2.0232477390555275,G,2013-05-15
VIAB,VIAB.W^E14,2013-06-07,ESG-EGARCH(S),0.225505967331032,2.017973861186685,S,2013-05-15
VIAB,VIAB.W^E14,2013-06-07,ESG-GARCH,0.2137934046366794,1.813794439132656,all,2013-05-15
VIAB,VIAB.W^E14,2013-06-07,ESG-GARCH(E),0.2141502665673998,1.8198546297971585,E,2013-05-15
VIAB,VIAB.W^E14,2013-06-07,ESG-GARCH(G),0.2137555722861348,1.813152566800516,G,2013-05-15
VIAB,VIAB.W^E14,2013-06-07,ESG-GARCH(S),0.2142183548949253,1.821012046582864,S,2013-05-15
VIAB,VIAB.W^E14,2013-06-07,ESG-GJR-GARCH,0.2131336493155134,1.8026171615296929,all,2013-05-15
VIAB,VIAB.W^E14,2013-06-07,ESG-GJR-GARCH(E),0.2138411984825073,1.8146054828744085,E,2013-05-15
VIAB,VIAB.W^E14,2013-06-07,ESG-GJR-GARCH(G),0.2128364893637791,1.7975940954245262,G,2013-05-15
VIAB,VIAB.W^E14,2013-06-07,ESG-GJR-GARCH(S),0.2140425709233244,1.8180246891851728,S,2013-05-15
VIAB,VIAB.W^E14,2013-06-07,GARCH,0.2114027124934061,1.7734566210146716,,2013-05-15
VIAB,VIAB.W^E14,2013-06-07,GJR-GARCH,0.2100445562902685,1.7507426836180864,,2013-05-15
VIAB,VIAB.W^E14,2013-06-10,EGARCH,0.2334567417100959,2.162779771821209,,2013-05-15
VIAB,VIAB.W^E14,2013-06-10,ESG-EGARCH,0.2261577167235894,2.029655271175688,all,2013-05-15
VIAB,VIAB.W^E14,2013-06-10,ESG-EGARCH(E),0.2255429677584847,2.018636123226384,E,2013-05-15
VIAB,VIAB.W^E14,2013-06-10,ESG-EGARCH(G),0.2258004495659813,2.0232477390555275,G,2013-05-15
VIAB,VIAB.W^E14,2013-06-10,ESG-EGARCH(S),0.225505967331032,2.017973861186685,S,2013-05-15
VIAB,VIAB.W^E14,2013-06-10,ESG-GARCH,0.2137934046366794,1.813794439132656,all,2013-05-15
VIAB,VIAB.W^E14,2013-06-10,ESG-GARCH(E),0.2141502665673998,1.8198546297971585,E,2013-05-15
VIAB,VIAB.W^E14,2013-06-10,ESG-GARCH(G),0.2137555722861348,1.813152566800516,G,2013-05-15
VIAB,VIAB.W^E14,2013-06-10,ESG-GARCH(S),0.2142183548949253,1.821012046582864,S,2013-05-15
VIAB,VIAB.W^E14,2013-06-10,ESG-GJR-GARCH,0.2131336493155134,1.8026171615296929,all,2013-05-15
VIAB,VIAB.W^E14,2013-06-10,ESG-GJR-GARCH(E),0.2138411984825073,1.8146054828744085,E,2013-05-15
VIAB,VIAB.W^E14,2013-06-10,ESG-GJR-GARCH(G),0.2128364893637791,1.7975940954245262,G,2013-05-15
VIAB,VIAB.W^E14,2013-06-10,ESG-GJR-GARCH(S),0.2140425709233244,1.8180246891851728,S,2013-05-15
VIAB,VIAB.W^E14,2013-06-10,GARCH,0.2114027124934061,1.7734566210146716,,2013-05-15
VIAB,VIAB.W^E14,2013-06-10,GJR-GARCH,0.2100445562902685,1.7507426836180864,,2013-05-15
VIAB,VIAB.W^E14,2013-06-11,EGARCH,0.2334567417100959,2.162779771821209,,2013-05-15
VIAB,VIAB.W^E14,2013-06-11,ESG-EGARCH,0.2261577167235894,2.029655271175688,all,2013-05-15
VIAB,VIAB.W^E14,2013-06-11,ESG-EGARCH(E),0.2255429677584847,2.018636123226384,E,2013-05-15
VIAB,VIAB.W^E14,2013-06-11,ESG-EGARCH(G),0.2258004495659813,2.0232477390555275,G,2013-05-15
VIAB,VIAB.W^E14,2013-06-11,ESG-EGARCH(S),0.225505967331032,2.017973861186685,S,2013-05-15
VIAB,VIAB.W^E14,2013-06-11,ESG-GARCH,0.2137934046366794,1.813794439132656,all,2013-05-15
VIAB,VIAB.W^E14,2013-06-11,ESG-GARCH(E),0.2141502665673998,1.8198546297971585,E,2013-05-15
VIAB,VIAB.W^E14,2013-06-11,ESG-GARCH(G),0.2137555722861348,1.813152566800516,G,2013-05-15
VIAB,VIAB.W^E14,2013-06-11,ESG-GARCH(S),0.2142183548949253,1.821012046582864,S,2013-05-15
VIAB,VIAB.W^E14,2013-06-11,ESG-GJR-GARCH,0.2131336493155134,1.8026171615296929,all,2013-05-15
VIAB,VIAB.W^E14,2013-06-11,ESG-GJR-GARCH(E),0.2138411984825073,1.8146054828744085,E,2013-05-15
VIAB,VIAB.W^E14,2013-06-11,ESG-GJR-GARCH(G),0.2128364893637791,1.7975940954245262,G,2013-05-15
VIAB,VIAB.W^E14,2013-06-11,ESG-GJR-GARCH(S),0.2140425709233244,1.8180246891851728,S,2013-05-15
VIAB,VIAB.W^E14,2013-06-11,GARCH,0.2114027124934061,1.7734566210146716,,2013-05-15
VIAB,VIAB.W^E14,2013-06-11,GJR-GARCH,0.2100445562902685,1.7507426836180864,,2013-05-15
VIAB,VIAB.W^E14,2013-06-12,EGARCH,0.2334567417100959,2.162779771821209,,2013-05-15
VIAB,VIAB.W^E14,2013-06-12,ESG-EGARCH,0.2261577167235894,2.029655271175688,all,2013-05-15
VIAB,VIAB.W^E14,2013-06-12,ESG-EGARCH(E),0.2255429677584847,2.018636123226384,E,2013-05-15
VIAB,VIAB.W^E14,2013-06-12,ESG-EGARCH(G),0.2258004495659813,2.0232477390555275,G,2013-05-15
VIAB,VIAB.W^E14,2013-06-12,ESG-EGARCH(S),0.225505967331032,2.017973861186685,S,2013-05-15
VIAB,VIAB.W^E14,2013-06-12,ESG-GARCH,0.2137934046366794,1.813794439132656,all,2013-05-15
VIAB,VIAB.W^E14,2013-06-12,ESG-GARCH(E),0.2141502665673998,1.8198546297971585,E,2013-05-15
VIAB,VIAB.W^E14,2013-06-12,ESG-GARCH(G),0.2137555722861348,1.813152566800516,G,2013-05-15
VIAB,VIAB.W^E14,2013-06-12,ESG-GARCH(S),0.2142183548949253,1.821012046582864,S,2013-05-15
VIAB,VIAB.W^E14,2013-06-12,ESG-GJR-GARCH,0.2131336493155134,1.8026171615296929,all,2013-05-15
VIAB,VIAB.W^E14,2013-06-12,ESG-GJR-GARCH(E),0.2138411984825073,1.8146054828744085,E,2013-05-15
VIAB,VIAB.W^E14,2013-06-12,ESG-GJR-GARCH(G),0.2128364893637791,1.7975940954245262,G,2013-05-15
VIAB,VIAB.W^E14,2013-06-12,ESG-GJR-GARCH(S),0.2140425709233244,1.8180246891851728,S,2013-05-15
VIAB,VIAB.W^E14,2013-06-12,GARCH,0.2114027124934061,1.7734566210146716,,2013-05-15
VIAB,VIAB.W^E14,2013-06-12,GJR-GARCH,0.2100445562902685,1.7507426836180864,,2013-05-15
VIAB,VIAB.W^E14,2013-06-13,EGARCH,0.2334567417100959,2.162779771821209,,2013-05-15
VIAB,VIAB.W^E14,2013-06-13,ESG-EGARCH,0.2261577167235894,2.029655271175688,all,2013-05-15
VIAB,VIAB.W^E14,2013-06-13,ESG-EGARCH(E),0.2255429677584847,2.018636123226384,E,2013-05-15
VIAB,VIAB.W^E14,2013-06-13,ESG-EGARCH(G),0.2258004495659813,2.0232477390555275,G,2013-05-15
VIAB,VIAB.W^E14,2013-06-13,ESG-EGARCH(S),0.225505967331032,2.017973861186685,S,2013-05-15
VIAB,VIAB.W^E14,2013-06-13,ESG-GARCH,0.2137934046366794,1.813794439132656,all,2013-05-15
VIAB,VIAB.W^E14,2013-06-13,ESG-GARCH(E),0.2141502665673998,1.8198546297971585,E,2013-05-15
VIAB,VIAB.W^E14,2013-06-13,ESG-GARCH(G),0.2137555722861348,1.813152566800516,G,2013-05-15
VIAB,VIAB.W^E14,2013-06-13,ESG-GARCH(S),0.2142183548949253,1.821012046582864,S,2013-05-15
VIAB,VIAB.W^E14,2013-06-13,ESG-GJR-GARCH,0.2131336493155134,1.8026171615296929,all,2013-05-15
VIAB,VIAB.W^E14,2013-06-13,ESG-GJR-GARCH(E),0.2138411984825073,1.8146054828744085,E,2013-05-15
VIAB,VIAB.W^E14,2013-06-13,ESG-GJR-GARCH(G),0.2128364893637791,1.7975940954245262,G,2013-05-15
VIAB,VIAB.W^E14,2013-06-13,ESG-GJR-GARCH(S),0.2140425709233244,1.8180246891851728,S,2013-05-15
VIAB,VIAB.W^E14,2013-06-13,GARCH,0.2114027124934061,1.7734566210146716,,2013-05-15
VIAB,VIAB.W^E14,2013-06-13,GJR-GARCH,0.2100445562902685,1.7507426836180864,,2013-05-15
VIAB,VIAB.W^E14,2013-06-14,EGARCH,0.2334567417100959,2.162779771821209,,2013-05-15
VIAB,VIAB.W^E14,2013-06-14,ESG-EGARCH,0.2261577167235894,2.029655271175688,all,2013-05-15
VIAB,VIAB.W^E14,2013-06-14,ESG-EGARCH(E),0.2255429677584847,2.018636123226384,E,2013-05-15
VIAB,VIAB.W^E14,2013-06-14,ESG-EGARCH(G),0.2258004495659813,2.0232477390555275,G,2013-05-15
VIAB,VIAB.W^E14,2013-06-14,ESG-EGARCH(S),0.225505967331032,2.017973861186685,S,2013-05-15
VIAB,VIAB.W^E14,2013-06-14,ESG-GARCH,0.2137934046366794,1.813794439132656,all,2013-05-15
VIAB,VIAB.W^E14,2013-06-14,ESG-GARCH(E),0.2141502665673998,1.8198546297971585,E,2013-05-15
VIAB,VIAB.W^E14,2013-06-14,ESG-GARCH(G),0.2137555722861348,1.813152566800516,G,2013-05-15
VIAB,VIAB.W^E14,2013-06-14,ESG-GARCH(S),0.2142183548949253,1.821012046582864,S,2013-05-15
VIAB,VIAB.W^E14,2013-06-14,ESG-GJR-GARCH,0.2131336493155134,1.8026171615296929,all,2013-05-15
VIAB,VIAB.W^E14,2013-06-14,ESG-GJR-GARCH(E),0.2138411984825073,1.8146054828744085,E,2013-05-15
VIAB,VIAB.W^E14,2013-06-14,ESG-GJR-GARCH(G),0.2128364893637791,1.7975940954245262,G,2013-05-15
VIAB,VIAB.W^E14,2013-06-14,ESG-GJR-GARCH(S),0.2140425709233244,1.8180246891851728,S,2013-05-15
VIAB,VIAB.W^E14,2013-06-14,GARCH,0.2114027124934061,1.7734566210146716,,2013-05-15
VIAB,VIAB.W^E14,2013-06-14,GJR-GARCH,0.2100445562902685,1.7507426836180864,,2013-05-15
VIAB,VIAB.W^E14,2013-06-17,EGARCH,0.2263666852858037,2.033407786003259,,2013-06-17
VIAB,VIAB.W^E14,2013-06-17,ESG-EGARCH,0.2218443278968861,1.9529724531754409,all,2013-06-17
VIAB,VIAB.W^E14,2013-06-17,ESG-EGARCH(E),0.2213713309253286,1.9446534188750533,E,2013-06-17
VIAB,VIAB.W^E14,2013-06-17,ESG-EGARCH(G),0.2215618614977341,1.948002320251632,G,2013-06-17
VIAB,VIAB.W^E14,2013-06-17,ESG-EGARCH(S),0.2213507375061793,1.944291626767044,S,2013-06-17
VIAB,VIAB.W^E14,2013-06-17,ESG-GARCH,0.2212458457731388,1.942449375867919,all,2013-06-17
VIAB,VIAB.W^E14,2013-06-17,ESG-GARCH(E),0.2216565722679178,1.9496680964112167,E,2013-06-17
VIAB,VIAB.W^E14,2013-06-17,ESG-GARCH(G),0.2212077666452151,1.941780794609681,G,2013-06-17
VIAB,VIAB.W^E14,2013-06-17,ESG-GARCH(S),0.2217693509603455,1.9516525803719416,S,2013-06-17
VIAB,VIAB.W^E14,2013-06-17,ESG-GJR-GARCH,0.2215021842541678,1.946953080530449,all,2013-06-17
VIAB,VIAB.W^E14,2013-06-17,ESG-GJR-GARCH(E),0.222243210716125,1.960001774183014,E,2013-06-17
VIAB,VIAB.W^E14,2013-06-17,ESG-GJR-GARCH(G),0.2214157187706014,1.9454333539167488,G,2013-06-17
VIAB,VIAB.W^E14,2013-06-17,ESG-GJR-GARCH(S),0.2224327509632927,1.9633463770277075,S,2013-06-17
VIAB,VIAB.W^E14,2013-06-17,GARCH,0.2191657643478604,1.906096518340552,,2013-06-17
VIAB,VIAB.W^E14,2013-06-17,GJR-GARCH,0.2192750895108868,1.9079986063495016,,2013-06-17
VIAB,VIAB.W^E14,2013-06-18,EGARCH,0.2263666852858037,2.033407786003259,,2013-06-17
VIAB,VIAB.W^E14,2013-06-18,ESG-EGARCH,0.2218443278968861,1.9529724531754409,all,2013-06-17
VIAB,VIAB.W^E14,2013-06-18,ESG-EGARCH(E),0.2213713309253286,1.9446534188750533,E,2013-06-17
VIAB,VIAB.W^E14,2013-06-18,ESG-EGARCH(G),0.2215618614977341,1.948002320251632,G,2013-06-17
VIAB,VIAB.W^E14,2013-06-18,ESG-EGARCH(S),0.2213507375061793,1.944291626767044,S,2013-06-17
VIAB,VIAB.W^E14,2013-06-18,ESG-GARCH,0.2212458457731388,1.942449375867919,all,2013-06-17
VIAB,VIAB.W^E14,2013-06-18,ESG-GARCH(E),0.2216565722679178,1.9496680964112167,E,2013-06-17
VIAB,VIAB.W^E14,2013-06-18,ESG-GARCH(G),0.2212077666452151,1.941780794609681,G,2013-06-17
VIAB,VIAB.W^E14,2013-06-18,ESG-GARCH(S),0.2217693509603455,1.9516525803719416,S,2013-06-17
VIAB,VIAB.W^E14,2013-06-18,ESG-GJR-GARCH,0.2215021842541678,1.946953080530449,all,2013-06-17
VIAB,VIAB.W^E14,2013-06-18,ESG-GJR-GARCH(E),0.222243210716125,1.960001774183014,E,2013-06-17
VIAB,VIAB.W^E14,2013-06-18,ESG-GJR-GARCH(G),0.2214157187706014,1.9454333539167488,G,2013-06-17
VIAB,VIAB.W^E14,2013-06-18,ESG-GJR-GARCH(S),0.2224327509632927,1.9633463770277075,S,2013-06-17
VIAB,VIAB.W^E14,2013-06-18,GARCH,0.2191657643478604,1.906096518340552,,2013-06-17
VIAB,VIAB.W^E14,2013-06-18,GJR-GARCH,0.2192750895108868,1.9079986063495016,,2013-06-17
VIAB,VIAB.W^E14,2013-06-19,EGARCH,0.2263666852858037,2.033407786003259,,2013-06-17
VIAB,VIAB.W^E14,2013-06-19,ESG-EGARCH,0.2218443278968861,1.9529724531754409,all,2013-06-17
VIAB,VIAB.W^E14,2013-06-19,ESG-EGARCH(E),0.2213713309253286,1.9446534188750533,E,2013-06-17
VIAB,VIAB.W^E14,2013-06-19,ESG-EGARCH(G),0.2215618614977341,1.948002320251632,G,2013-06-17
VIAB,VIAB.W^E14,2013-06-19,ESG-EGARCH(S),0.2213507375061793,1.944291626767044,S,2013-06-17
VIAB,VIAB.W^E14,2013-06-19,ESG-GARCH,0.2212458457731388,1.942449375867919,all,2013-06-17
VIAB,VIAB.W^E14,2013-06-19,ESG-GARCH(E),0.2216565722679178,1.9496680964112167,E,2013-06-17
VIAB,VIAB.W^E14,2013-06-19,ESG-GARCH(G),0.2212077666452151,1.941780794609681,G,2013-06-17
VIAB,VIAB.W^E14,2013-06-19,ESG-GARCH(S),0.2217693509603455,1.9516525803719416,S,2013-06-17
VIAB,VIAB.W^E14,2013-06-19,ESG-GJR-GARCH,0.2215021842541678,1.946953080530449,all,2013-06-17
VIAB,VIAB.W^E14,2013-06-19,ESG-GJR-GARCH(E),0.222243210716125,1.960001774183014,E,2013-06-17
VIAB,VIAB.W^E14,2013-06-19,ESG-GJR-GARCH(G),0.2214157187706014,1.9454333539167488,G,2013-06-17
VIAB,VIAB.W^E14,2013-06-19,ESG-GJR-GARCH(S),0.2224327509632927,1.9633463770277075,S,2013-06-17
VIAB,VIAB.W^E14,2013-06-19,GARCH,0.2191657643478604,1.906096518340552,,2013-06-17
VIAB,VIAB.W^E14,2013-06-19,GJR-GARCH,0.2192750895108868,1.9079986063495016,,2013-06-17
VIAB,VIAB.W^E14,2013-06-20,EGARCH,0.2263666852858037,2.033407786003259,,2013-06-17
VIAB,VIAB.W^E14,2013-06-20,ESG-EGARCH,0.2218443278968861,1.9529724531754409,all,2013-06-17
VIAB,VIAB.W^E14,2013-06-20,ESG-EGARCH(E),0.2213713309253286,1.9446534188750533,E,2013-06-17
VIAB,VIAB.W^E14,2013-06-20,ESG-EGARCH(G),0.2215618614977341,1.948002320251632,G,2013-06-17
VIAB,VIAB.W^E14,2013-06-20,ESG-EGARCH(S),0.2213507375061793,1.944291626767044,S,2013-06-17
VIAB,VIAB.W^E14,2013-06-20,ESG-GARCH,0.2212458457731388,1.942449375867919,all,2013-06-17
VIAB,VIAB.W^E14,2013-06-20,ESG-GARCH(E),0.2216565722679178,1.9496680964112167,E,2013-06-17
VIAB,VIAB.W^E14,2013-06-20,ESG-GARCH(G),0.2212077666452151,1.941780794609681,G,2013-06-17
VIAB,VIAB.W^E14,2013-06-20,ESG-GARCH(S),0.2217693509603455,1.9516525803719416,S,2013-06-17
VIAB,VIAB.W^E14,2013-06-20,ESG-GJR-GARCH,0.2215021842541678,1.946953080530449,all,2013-06-17
VIAB,VIAB.W^E14,2013-06-20,ESG-GJR-GARCH(E),0.222243210716125,1.960001774183014,E,2013-06-17
VIAB,VIAB.W^E14,2013-06-20,ESG-GJR-GARCH(G),0.2214157187706014,1.9454333539167488,G,2013-06-17
VIAB,VIAB.W^E14,2013-06-20,ESG-GJR-GARCH(S),0.2224327509632927,1.9633463770277075,S,2013-06-17
VIAB,VIAB.W^E14,2013-06-20,GARCH,0.2191657643478604,1.906096518340552,,2013-06-17
VIAB,VIAB.W^E14,2013-06-20,GJR-GARCH,0.2192750895108868,1.9079986063495016,,2013-06-17
VIAB,VIAB.W^E14,2013-06-21,EGARCH,0.2263666852858037,2.033407786003259,,2013-06-17
VIAB,VIAB.W^E14,2013-06-21,ESG-EGARCH,0.2218443278968861,1.9529724531754409,all,2013-06-17
VIAB,VIAB.W^E14,2013-06-21,ESG-EGARCH(E),0.2213713309253286,1.9446534188750533,E,2013-06-17
VIAB,VIAB.W^E14,2013-06-21,ESG-EGARCH(G),0.2215618614977341,1.948002320251632,G,2013-06-17
VIAB,VIAB.W^E14,2013-06-21,ESG-EGARCH(S),0.2213507375061793,1.944291626767044,S,2013-06-17
VIAB,VIAB.W^E14,2013-06-21,ESG-GARCH,0.2212458457731388,1.942449375867919,all,2013-06-17
VIAB,VIAB.W^E14,2013-06-21,ESG-GARCH(E),0.2216565722679178,1.9496680964112167,E,2013-06-17
VIAB,VIAB.W^E14,2013-06-21,ESG-GARCH(G),0.2212077666452151,1.941780794609681,G,2013-06-17
VIAB,VIAB.W^E14,2013-06-21,ESG-GARCH(S),0.2217693509603455,1.9516525803719416,S,2013-06-17
VIAB,VIAB.W^E14,2013-06-21,ESG-GJR-GARCH,0.2215021842541678,1.946953080530449,all,2013-06-17
VIAB,VIAB.W^E14,2013-06-21,ESG-GJR-GARCH(E),0.222243210716125,1.960001774183014,E,2013-06-17
VIAB,VIAB.W^E14,2013-06-21,ESG-GJR-GARCH(G),0.2214157187706014,1.9454333539167488,G,2013-06-17
VIAB,VIAB.W^E14,2013-06-21,ESG-GJR-GARCH(S),0.2224327509632927,1.9633463770277075,S,2013-06-17
VIAB,VIAB.W^E14,2013-06-21,GARCH,0.2191657643478604,1.906096518340552,,2013-06-17
VIAB,VIAB.W^E14,2013-06-21,GJR-GARCH,0.2192750895108868,1.9079986063495016,,2013-06-17
VIAB,VIAB.W^E14,2013-06-24,EGARCH,0.2263666852858037,2.033407786003259,,2013-06-17
VIAB,VIAB.W^E14,2013-06-24,ESG-EGARCH,0.2218443278968861,1.9529724531754409,all,2013-06-17
VIAB,VIAB.W^E14,2013-06-24,ESG-EGARCH(E),0.2213713309253286,1.9446534188750533,E,2013-06-17
VIAB,VIAB.W^E14,2013-06-24,ESG-EGARCH(G),0.2215618614977341,1.948002320251632,G,2013-06-17
VIAB,VIAB.W^E14,2013-06-24,ESG-EGARCH(S),0.2213507375061793,1.944291626767044,S,2013-06-17
VIAB,VIAB.W^E14,2013-06-24,ESG-GARCH,0.2212458457731388,1.942449375867919,all,2013-06-17
VIAB,VIAB.W^E14,2013-06-24,ESG-GARCH(E),0.2216565722679178,1.9496680964112167,E,2013-06-17
VIAB,VIAB.W^E14,2013-06-24,ESG-GARCH(G),0.2212077666452151,1.941780794609681,G,2013-06-17
VIAB,VIAB.W^E14,2013-06-24,ESG-GARCH(S),0.2217693509603455,1.9516525803719416,S,2013-06-17
VIAB,VIAB.W^E14,2013-06-24,ESG-GJR-GARCH,0.2215021842541678,1.946953080530449,all,2013-06-17
VIAB,VIAB.W^E14,2013-06-24,ESG-GJR-GARCH(E),0.222243210716125,1.960001774183014,E,2013-06-17
VIAB,VIAB.W^E14,2013-06-24,ESG-GJR-GARCH(G),0.2214157187706014,1.9454333539167488,G,2013-06-17
VIAB,VIAB.W^E14,2013-06-24,ESG-GJR-GARCH(S),0.2224327509632927,1.9633463770277075,S,2013-06-17
VIAB,VIAB.W^E14,2013-06-24,GARCH,0.2191657643478604,1.906096518340552,,2013-06-17
VIAB,VIAB.W^E14,2013-06-24,GJR-GARCH,0.2192750895108868,1.9079986063495016,,2013-06-17
VIAB,VIAB.W^E14,2013-06-25,EGARCH,0.2263666852858037,2.033407786003259,,2013-06-17
VIAB,VIAB.W^E14,2013-06-25,ESG-EGARCH,0.2218443278968861,1.9529724531754409,all,2013-06-17
VIAB,VIAB.W^E14,2013-06-25,ESG-EGARCH(E),0.2213713309253286,1.9446534188750533,E,2013-06-17
VIAB,VIAB.W^E14,2013-06-25,ESG-EGARCH(G),0.2215618614977341,1.948002320251632,G,2013-06-17
VIAB,VIAB.W^E14,2013-06-25,ESG-EGARCH(S),0.2213507375061793,1.944291626767044,S,2013-06-17
VIAB,VIAB.W^E14,2013-06-25,ESG-GARCH,0.2212458457731388,1.942449375867919,all,2013-06-17
VIAB,VIAB.W^E14,2013-06-25,ESG-GARCH(E),0.2216565722679178,1.9496680964112167,E,2013-06-17
VIAB,VIAB.W^E14,2013-06-25,ESG-GARCH(G),0.2212077666452151,1.941780794609681,G,2013-06-17
VIAB,VIAB.W^E14,2013-06-25,ESG-GARCH(S),0.2217693509603455,1.9516525803719416,S,2013-06-17
VIAB,VIAB.W^E14,2013-06-25,ESG-GJR-GARCH,0.2215021842541678,1.946953080530449,all,2013-06-17
VIAB,VIAB.W^E14,2013-06-25,ESG-GJR-GARCH(E),0.222243210716125,1.960001774183014,E,2013-06-17
VIAB,VIAB.W^E14,2013-06-25,ESG-GJR-GARCH(G),0.2214157187706014,1.9454333539167488,G,2013-06-17
VIAB,VIAB.W^E14,2013-06-25,ESG-GJR-GARCH(S),0.2224327509632927,1.9633463770277075,S,2013-06-17
VIAB,VIAB.W^E14,2013-06-25,GARCH,0.2191657643478604,1.906096518340552,,2013-06-17
VIAB,VIAB.W^E14,2013-06-25,GJR-GARCH,0.2192750895108868,1.9079986063495016,,2013-06-17
VIAB,VIAB.W^E14,2013-06-26,EGARCH,0.2263666852858037,2.033407786003259,,2013-06-17
VIAB,VIAB.W^E14,2013-06-26,ESG-EGARCH,0.2218443278968861,1.9529724531754409,all,2013-06-17
VIAB,VIAB.W^E14,2013-06-26,ESG-EGARCH(E),0.2213713309253286,1.9446534188750533,E,2013-06-17
VIAB,VIAB.W^E14,2013-06-26,ESG-EGARCH(G),0.2215618614977341,1.948002320251632,G,2013-06-17
VIAB,VIAB.W^E14,2013-06-26,ESG-EGARCH(S),0.2213507375061793,1.944291626767044,S,2013-06-17
VIAB,VIAB.W^E14,2013-06-26,ESG-GARCH,0.2212458457731388,1.942449375867919,all,2013-06-17
VIAB,VIAB.W^E14,2013-06-26,ESG-GARCH(E),0.2216565722679178,1.9496680964112167,E,2013-06-17
VIAB,VIAB.W^E14,2013-06-26,ESG-GARCH(G),0.2212077666452151,1.941780794609681,G,2013-06-17
VIAB,VIAB.W^E14,2013-06-26,ESG-GARCH(S),0.2217693509603455,1.9516525803719416,S,2013-06-17
VIAB,VIAB.W^E14,2013-06-26,ESG-GJR-GARCH,0.2215021842541678,1.946953080530449,all,2013-06-17
VIAB,VIAB.W^E14,2013-06-26,ESG-GJR-GARCH(E),0.222243210716125,1.960001774183014,E,2013-06-17
VIAB,VIAB.W^E14,2013-06-26,ESG-GJR-GARCH(G),0.2214157187706014,1.9454333539167488,G,2013-06-17
VIAB,VIAB.W^E14,2013-06-26,ESG-GJR-GARCH(S),0.2224327509632927,1.9633463770277075,S,2013-06-17
VIAB,VIAB.W^E14,2013-06-26,GARCH,0.2191657643478604,1.906096518340552,,2013-06-17
VIAB,VIAB.W^E14,2013-06-26,GJR-GARCH,0.2192750895108868,1.9079986063495016,,2013-06-17
VIAB,VIAB.W^E14,2013-06-27,EGARCH,0.2263666852858037,2.033407786003259,,2013-06-17
VIAB,VIAB.W^E14,2013-06-27,ESG-EGARCH,0.2218443278968861,1.9529724531754409,all,2013-06-17
VIAB,VIAB.W^E14,2013-06-27,ESG-EGARCH(E),0.2213713309253286,1.9446534188750533,E,2013-06-17
VIAB,VIAB.W^E14,2013-06-27,ESG-EGARCH(G),0.2215618614977341,1.948002320251632,G,2013-06-17
VIAB,VIAB.W^E14,2013-06-27,ESG-EGARCH(S),0.2213507375061793,1.944291626767044,S,2013-06-17
VIAB,VIAB.W^E14,2013-06-27,ESG-GARCH,0.2212458457731388,1.942449375867919,all,2013-06-17
VIAB,VIAB.W^E14,2013-06-27,ESG-GARCH(E),0.2216565722679178,1.9496680964112167,E,2013-06-17
VIAB,VIAB.W^E14,2013-06-27,ESG-GARCH(G),0.2212077666452151,1.941780794609681,G,2013-06-17
VIAB,VIAB.W^E14,2013-06-27,ESG-GARCH(S),0.2217693509603455,1.9516525803719416,S,2013-06-17
VIAB,VIAB.W^E14,2013-06-27,ESG-GJR-GARCH,0.2215021842541678,1.946953080530449,all,2013-06-17
VIAB,VIAB.W^E14,2013-06-27,ESG-GJR-GARCH(E),0.222243210716125,1.960001774183014,E,2013-06-17
VIAB,VIAB.W^E14,2013-06-27,ESG-GJR-GARCH(G),0.2214157187706014,1.9454333539167488,G,2013-06-17
VIAB,VIAB.W^E14,2013-06-27,ESG-GJR-GARCH(S),0.2224327509632927,1.9633463770277075,S,2013-06-17
VIAB,VIAB.W^E14,2013-06-27,GARCH,0.2191657643478604,1.906096518340552,,2013-06-17
VIAB,VIAB.W^E14,2013-06-27,GJR-GARCH,0.2192750895108868,1.9079986063495016,,2013-06-17
VIAB,VIAB.W^E14,2013-06-28,EGARCH,0.2263666852858037,2.033407786003259,,2013-06-17
VIAB,VIAB.W^E14,2013-06-28,ESG-EGARCH,0.2218443278968861,1.9529724531754409,all,2013-06-17
VIAB,VIAB.W^E14,2013-06-28,ESG-EGARCH(E),0.2213713309253286,1.9446534188750533,E,2013-06-17
VIAB,VIAB.W^E14,2013-06-28,ESG-EGARCH(G),0.2215618614977341,1.948002320251632,G,2013-06-17
VIAB,VIAB.W^E14,2013-06-28,ESG-EGARCH(S),0.2213507375061793,1.944291626767044,S,2013-06-17
VIAB,VIAB.W^E14,2013-06-28,ESG-GARCH,0.2212458457731388,1.942449375867919,all,2013-06-17
VIAB,VIAB.W^E14,2013-06-28,ESG-GARCH(E),0.2216565722679178,1.9496680964112167,E,2013-06-17
VIAB,VIAB.W^E14,2013-06-28,ESG-GARCH(G),0.2212077666452151,1.941780794609681,G,2013-06-17
VIAB,VIAB.W^E14,2013-06-28,ESG-GARCH(S),0.2217693509603455,1.9516525803719416,S,2013-06-17
VIAB,VIAB.W^E14,2013-06-28,ESG-GJR-GARCH,0.2215021842541678,1.946953080530449,all,2013-06-17
VIAB,VIAB.W^E14,2013-06-28,ESG-GJR-GARCH(E),0.222243210716125,1.960001774183014,E,2013-06-17
VIAB,VIAB.W^E14,2013-06-28,ESG-GJR-GARCH(G),0.2214157187706014,1.9454333539167488,G,2013-06-17
VIAB,VIAB.W^E14,2013-06-28,ESG-GJR-GARCH(S),0.2224327509632927,1.9633463770277075,S,2013-06-17
VIAB,VIAB.W^E14,2013-06-28,GARCH,0.2191657643478604,1.906096518340552,,2013-06-17
VIAB,VIAB.W^E14,2013-06-28,GJR-GARCH,0.2192750895108868,1.9079986063495016,,2013-06-17
VIAB,VIAB.W^E14,2013-07-01,EGARCH,0.2263666852858037,2.033407786003259,,2013-06-17
VIAB,VIAB.W^E14,2013-07-01,ESG-EGARCH,0.2218443278968861,1.9529724531754409,all,2013-06-17
VIAB,VIAB.W^E14,2013-07-01,ESG-EGARCH(E),0.2213713309253286,1.9446534188750533,E,2013-06-17
VIAB,VIAB.W^E14,2013-07-01,ESG-EGARCH(G),0.2215618614977341,1.948002320251632,G,2013-06-17
VIAB,VIAB.W^E14,2013-07-01,ESG-EGARCH(S),0.2213507375061793,1.944291626767044,S,2013-06-17
VIAB,VIAB.W^E14,2013-07-01,ESG-GARCH,0.2212458457731388,1.942449375867919,all,2013-06-17
VIAB,VIAB.W^E14,2013-07-01,ESG-GARCH(E),0.2216565722679178,1.9496680964112167,E,2013-06-17
VIAB,VIAB.W^E14,2013-07-01,ESG-GARCH(G),0.2212077666452151,1.941780794609681,G,2013-06-17
VIAB,VIAB.W^E14,2013-07-01,ESG-GARCH(S),0.2217693509603455,1.9516525803719416,S,2013-06-17
VIAB,VIAB.W^E14,2013-07-01,ESG-GJR-GARCH,0.2215021842541678,1.946953080530449,all,2013-06-17
VIAB,VIAB.W^E14,2013-07-01,ESG-GJR-GARCH(E),0.222243210716125,1.960001774183014,E,2013-06-17
VIAB,VIAB.W^E14,2013-07-01,ESG-GJR-GARCH(G),0.2214157187706014,1.9454333539167488,G,2013-06-17
VIAB,VIAB.W^E14,2013-07-01,ESG-GJR-GARCH(S),0.2224327509632927,1.9633463770277075,S,2013-06-17
VIAB,VIAB.W^E14,2013-07-01,GARCH,0.2191657643478604,1.906096518340552,,2013-06-17
VIAB,VIAB.W^E14,2013-07-01,GJR-GARCH,0.2192750895108868,1.9079986063495016,,2013-06-17
VIAB,VIAB.W^E14,2013-07-02,EGARCH,0.2263666852858037,2.033407786003259,,2013-06-17
VIAB,VIAB.W^E14,2013-07-02,ESG-EGARCH,0.2218443278968861,1.9529724531754409,all,2013-06-17
VIAB,VIAB.W^E14,2013-07-02,ESG-EGARCH(E),0.2213713309253286,1.9446534188750533,E,2013-06-17
VIAB,VIAB.W^E14,2013-07-02,ESG-EGARCH(G),0.2215618614977341,1.948002320251632,G,2013-06-17
VIAB,VIAB.W^E14,2013-07-02,ESG-EGARCH(S),0.2213507375061793,1.944291626767044,S,2013-06-17
VIAB,VIAB.W^E14,2013-07-02,ESG-GARCH,0.2212458457731388,1.942449375867919,all,2013-06-17
VIAB,VIAB.W^E14,2013-07-02,ESG-GARCH(E),0.2216565722679178,1.9496680964112167,E,2013-06-17
VIAB,VIAB.W^E14,2013-07-02,ESG-GARCH(G),0.2212077666452151,1.941780794609681,G,2013-06-17
VIAB,VIAB.W^E14,2013-07-02,ESG-GARCH(S),0.2217693509603455,1.9516525803719416,S,2013-06-17
VIAB,VIAB.W^E14,2013-07-02,ESG-GJR-GARCH,0.2215021842541678,1.946953080530449,all,2013-06-17
VIAB,VIAB.W^E14,2013-07-02,ESG-GJR-GARCH(E),0.222243210716125,1.960001774183014,E,2013-06-17
VIAB,VIAB.W^E14,2013-07-02,ESG-GJR-GARCH(G),0.2214157187706014,1.9454333539167488,G,2013-06-17
VIAB,VIAB.W^E14,2013-07-02,ESG-GJR-GARCH(S),0.2224327509632927,1.9633463770277075,S,2013-06-17
VIAB,VIAB.W^E14,2013-07-02,GARCH,0.2191657643478604,1.906096518340552,,2013-06-17
VIAB,VIAB.W^E14,2013-07-02,GJR-GARCH,0.2192750895108868,1.9079986063495016,,2013-06-17
VIAB,VIAB.W^E14,2013-07-03,EGARCH,0.2263666852858037,2.033407786003259,,2013-06-17
VIAB,VIAB.W^E14,2013-07-03,ESG-EGARCH,0.2218443278968861,1.9529724531754409,all,2013-06-17
VIAB,VIAB.W^E14,2013-07-03,ESG-EGARCH(E),0.2213713309253286,1.9446534188750533,E,2013-06-17
VIAB,VIAB.W^E14,2013-07-03,ESG-EGARCH(G),0.2215618614977341,1.948002320251632,G,2013-06-17
VIAB,VIAB.W^E14,2013-07-03,ESG-EGARCH(S),0.2213507375061793,1.944291626767044,S,2013-06-17
VIAB,VIAB.W^E14,2013-07-03,ESG-GARCH,0.2212458457731388,1.942449375867919,all,2013-06-17
VIAB,VIAB.W^E14,2013-07-03,ESG-GARCH(E),0.2216565722679178,1.9496680964112167,E,2013-06-17
VIAB,VIAB.W^E14,2013-07-03,ESG-GARCH(G),0.2212077666452151,1.941780794609681,G,2013-06-17
VIAB,VIAB.W^E14,2013-07-03,ESG-GARCH(S),0.2217693509603455,1.9516525803719416,S,2013-06-17
VIAB,VIAB.W^E14,2013-07-03,ESG-GJR-GARCH,0.2215021842541678,1.946953080530449,all,2013-06-17
VIAB,VIAB.W^E14,2013-07-03,ESG-GJR-GARCH(E),0.222243210716125,1.960001774183014,E,2013-06-17
VIAB,VIAB.W^E14,2013-07-03,ESG-GJR-GARCH(G),0.2214157187706014,1.9454333539167488,G,2013-06-17
VIAB,VIAB.W^E14,2013-07-03,ESG-GJR-GARCH(S),0.2224327509632927,1.9633463770277075,S,2013-06-17
VIAB,VIAB.W^E14,2013-07-03,GARCH,0.2191657643478604,1.906096518340552,,2013-06-17
VIAB,VIAB.W^E14,2013-07-03,GJR-GARCH,0.2192750895108868,1.9079986063495016,,2013-06-17
VIAB,VIAB.W^E14,2013-07-05,EGARCH,0.2263666852858037,2.033407786003259,,2013-06-17
VIAB,VIAB.W^E14,2013-07-05,ESG-EGARCH,0.2218443278968861,1.9529724531754409,all,2013-06-17
VIAB,VIAB.W^E14,2013-07-05,ESG-EGARCH(E),0.2213713309253286,1.9446534188750533,E,2013-06-17
VIAB,VIAB.W^E14,2013-07-05,ESG-EGARCH(G),0.2215618614977341,1.948002320251632,G,2013-06-17
VIAB,VIAB.W^E14,2013-07-05,ESG-EGARCH(S),0.2213507375061793,1.944291626767044,S,2013-06-17
VIAB,VIAB.W^E14,2013-07-05,ESG-GARCH,0.2212458457731388,1.942449375867919,all,2013-06-17
VIAB,VIAB.W^E14,2013-07-05,ESG-GARCH(E),0.2216565722679178,1.9496680964112167,E,2013-06-17
VIAB,VIAB.W^E14,2013-07-05,ESG-GARCH(G),0.2212077666452151,1.941780794609681,G,2013-06-17
VIAB,VIAB.W^E14,2013-07-05,ESG-GARCH(S),0.2217693509603455,1.9516525803719416,S,2013-06-17
VIAB,VIAB.W^E14,2013-07-05,ESG-GJR-GARCH,0.2215021842541678,1.946953080530449,all,2013-06-17
VIAB,VIAB.W^E14,2013-07-05,ESG-GJR-GARCH(E),0.222243210716125,1.960001774183014,E,2013-06-17
VIAB,VIAB.W^E14,2013-07-05,ESG-GJR-GARCH(G),0.2214157187706014,1.9454333539167488,G,2013-06-17
VIAB,VIAB.W^E14,2013-07-05,ESG-GJR-GARCH(S),0.2224327509632927,1.9633463770277075,S,2013-06-17
VIAB,VIAB.W^E14,2013-07-05,GARCH,0.2191657643478604,1.906096518340552,,2013-06-17
VIAB,VIAB.W^E14,2013-07-05,GJR-GARCH,0.2192750895108868,1.9079986063495016,,2013-06-17
VIAB,VIAB.W^E14,2013-07-08,EGARCH,0.2263666852858037,2.033407786003259,,2013-06-17
VIAB,VIAB.W^E14,2013-07-08,ESG-EGARCH,0.2218443278968861,1.9529724531754409,all,2013-06-17
VIAB,VIAB.W^E14,2013-07-08,ESG-EGARCH(E),0.2213713309253286,1.9446534188750533,E,2013-06-17
VIAB,VIAB.W^E14,2013-07-08,ESG-EGARCH(G),0.2215618614977341,1.948002320251632,G,2013-06-17
VIAB,VIAB.W^E14,2013-07-08,ESG-EGARCH(S),0.2213507375061793,1.944291626767044,S,2013-06-17
VIAB,VIAB.W^E14,2013-07-08,ESG-GARCH,0.2212458457731388,1.942449375867919,all,2013-06-17
VIAB,VIAB.W^E14,2013-07-08,ESG-GARCH(E),0.2216565722679178,1.9496680964112167,E,2013-06-17
VIAB,VIAB.W^E14,2013-07-08,ESG-GARCH(G),0.2212077666452151,1.941780794609681,G,2013-06-17
VIAB,VIAB.W^E14,2013-07-08,ESG-GARCH(S),0.2217693509603455,1.9516525803719416,S,2013-06-17
VIAB,VIAB.W^E14,2013-07-08,ESG-GJR-GARCH,0.2215021842541678,1.946953080530449,all,2013-06-17
VIAB,VIAB.W^E14,2013-07-08,ESG-GJR-GARCH(E),0.222243210716125,1.960001774183014,E,2013-06-17
VIAB,VIAB.W^E14,2013-07-08,ESG-GJR-GARCH(G),0.2214157187706014,1.9454333539167488,G,2013-06-17
VIAB,VIAB.W^E14,2013-07-08,ESG-GJR-GARCH(S),0.2224327509632927,1.9633463770277075,S,2013-06-17
VIAB,VIAB.W^E14,2013-07-08,GARCH,0.2191657643478604,1.906096518340552,,2013-06-17
VIAB,VIAB.W^E14,2013-07-08,GJR-GARCH,0.2192750895108868,1.9079986063495016,,2013-06-17
VIAB,VIAB.W^E14,2013-07-09,EGARCH,0.2263666852858037,2.033407786003259,,2013-06-17
VIAB,VIAB.W^E14,2013-07-09,ESG-EGARCH,0.2218443278968861,1.9529724531754409,all,2013-06-17
VIAB,VIAB.W^E14,2013-07-09,ESG-EGARCH(E),0.2213713309253286,1.9446534188750533,E,2013-06-17
VIAB,VIAB.W^E14,2013-07-09,ESG-EGARCH(G),0.2215618614977341,1.948002320251632,G,2013-06-17
VIAB,VIAB.W^E14,2013-07-09,ESG-EGARCH(S),0.2213507375061793,1.944291626767044,S,2013-06-17
VIAB,VIAB.W^E14,2013-07-09,ESG-GARCH,0.2212458457731388,1.942449375867919,all,2013-06-17
VIAB,VIAB.W^E14,2013-07-09,ESG-GARCH(E),0.2216565722679178,1.9496680964112167,E,2013-06-17
VIAB,VIAB.W^E14,2013-07-09,ESG-GARCH(G),0.2212077666452151,1.941780794609681,G,2013-06-17
VIAB,VIAB.W^E14,2013-07-09,ESG-GARCH(S),0.2217693509603455,1.9516525803719416,S,2013-06-17
VIAB,VIAB.W^E14,2013-07-09,ESG-GJR-GARCH,0.2215021842541678,1.946953080530449,all,2013-06-17
VIAB,VIAB.W^E14,2013-07-09,ESG-GJR-GARCH(E),0.222243210716125,1.960001774183014,E,2013-06-17
VIAB,VIAB.W^E14,2013-07-09,ESG-GJR-GARCH(G),0.2214157187706014,1.9454333539167488,G,2013-06-17
VIAB,VIAB.W^E14,2013-07-09,ESG-GJR-GARCH(S),0.2224327509632927,1.9633463770277075,S,2013-06-17
VIAB,VIAB.W^E14,2013-07-09,GARCH,0.2191657643478604,1.906096518340552,,2013-06-17
VIAB,VIAB.W^E14,2013-07-09,GJR-GARCH,0.2192750895108868,1.9079986063495016,,2013-06-17
VIAB,VIAB.W^E14,2013-07-10,EGARCH,0.2263666852858037,2.033407786003259,,2013-06-17
VIAB,VIAB.W^E14,2013-07-10,ESG-EGARCH,0.2218443278968861,1.9529724531754409,all,2013-06-17
VIAB,VIAB.W^E14,2013-07-10,ESG-EGARCH(E),0.2213713309253286,1.9446534188750533,E,2013-06-17
VIAB,VIAB.W^E14,2013-07-10,ESG-EGARCH(G),0.2215618614977341,1.948002320251632,G,2013-06-17
VIAB,VIAB.W^E14,2013-07-10,ESG-EGARCH(S),0.2213507375061793,1.944291626767044,S,2013-06-17
VIAB,VIAB.W^E14,2013-07-10,ESG-GARCH,0.2212458457731388,1.942449375867919,all,2013-06-17
VIAB,VIAB.W^E14,2013-07-10,ESG-GARCH(E),0.2216565722679178,1.9496680964112167,E,2013-06-17
VIAB,VIAB.W^E14,2013-07-10,ESG-GARCH(G),0.2212077666452151,1.941780794609681,G,2013-06-17
VIAB,VIAB.W^E14,2013-07-10,ESG-GARCH(S),0.2217693509603455,1.9516525803719416,S,2013-06-17
VIAB,VIAB.W^E14,2013-07-10,ESG-GJR-GARCH,0.2215021842541678,1.946953080530449,all,2013-06-17
VIAB,VIAB.W^E14,2013-07-10,ESG-GJR-GARCH(E),0.222243210716125,1.960001774183014,E,2013-06-17
VIAB,VIAB.W^E14,2013-07-10,ESG-GJR-GARCH(G),0.2214157187706014,1.9454333539167488,G,2013-06-17
VIAB,VIAB.W^E14,2013-07-10,ESG-GJR-GARCH(S),0.2224327509632927,1.9633463770277075,S,2013-06-17
VIAB,VIAB.W^E14,2013-07-10,GARCH,0.2191657643478604,1.906096518340552,,2013-06-17
VIAB,VIAB.W^E14,2013-07-10,GJR-GARCH,0.2192750895108868,1.9079986063495016,,2013-06-17
VIAB,VIAB.W^E14,2013-07-11,EGARCH,0.2263666852858037,2.033407786003259,,2013-06-17
VIAB,VIAB.W^E14,2013-07-11,ESG-EGARCH,0.2218443278968861,1.9529724531754409,all,2013-06-17
VIAB,VIAB.W^E14,2013-07-11,ESG-EGARCH(E),0.2213713309253286,1.9446534188750533,E,2013-06-17
VIAB,VIAB.W^E14,2013-07-11,ESG-EGARCH(G),0.2215618614977341,1.948002320251632,G,2013-06-17
VIAB,VIAB.W^E14,2013-07-11,ESG-EGARCH(S),0.2213507375061793,1.944291626767044,S,2013-06-17
VIAB,VIAB.W^E14,2013-07-11,ESG-GARCH,0.2212458457731388,1.942449375867919,all,2013-06-17
VIAB,VIAB.W^E14,2013-07-11,ESG-GARCH(E),0.2216565722679178,1.9496680964112167,E,2013-06-17
VIAB,VIAB.W^E14,2013-07-11,ESG-GARCH(G),0.2212077666452151,1.941780794609681,G,2013-06-17
VIAB,VIAB.W^E14,2013-07-11,ESG-GARCH(S),0.2217693509603455,1.9516525803719416,S,2013-06-17
VIAB,VIAB.W^E14,2013-07-11,ESG-GJR-GARCH,0.2215021842541678,1.946953080530449,all,2013-06-17
VIAB,VIAB.W^E14,2013-07-11,ESG-GJR-GARCH(E),0.222243210716125,1.960001774183014,E,2013-06-17
VIAB,VIAB.W^E14,2013-07-11,ESG-GJR-GARCH(G),0.2214157187706014,1.9454333539167488,G,2013-06-17
VIAB,VIAB.W^E14,2013-07-11,ESG-GJR-GARCH(S),0.2224327509632927,1.9633463770277075,S,2013-06-17
VIAB,VIAB.W^E14,2013-07-11,GARCH,0.2191657643478604,1.906096518340552,,2013-06-17
VIAB,VIAB.W^E14,2013-07-11,GJR-GARCH,0.2192750895108868,1.9079986063495016,,2013-06-17
VIAB,VIAB.W^E14,2013-07-12,EGARCH,0.2263666852858037,2.033407786003259,,2013-06-17
VIAB,VIAB.W^E14,2013-07-12,ESG-EGARCH,0.2218443278968861,1.9529724531754409,all,2013-06-17
VIAB,VIAB.W^E14,2013-07-12,ESG-EGARCH(E),0.2213713309253286,1.9446534188750533,E,2013-06-17
VIAB,VIAB.W^E14,2013-07-12,ESG-EGARCH(G),0.2215618614977341,1.948002320251632,G,2013-06-17
VIAB,VIAB.W^E14,2013-07-12,ESG-EGARCH(S),0.2213507375061793,1.944291626767044,S,2013-06-17
VIAB,VIAB.W^E14,2013-07-12,ESG-GARCH,0.2212458457731388,1.942449375867919,all,2013-06-17
VIAB,VIAB.W^E14,2013-07-12,ESG-GARCH(E),0.2216565722679178,1.9496680964112167,E,2013-06-17
VIAB,VIAB.W^E14,2013-07-12,ESG-GARCH(G),0.2212077666452151,1.941780794609681,G,2013-06-17
VIAB,VIAB.W^E14,2013-07-12,ESG-GARCH(S),0.2217693509603455,1.9516525803719416,S,2013-06-17
VIAB,VIAB.W^E14,2013-07-12,ESG-GJR-GARCH,0.2215021842541678,1.946953080530449,all,2013-06-17
VIAB,VIAB.W^E14,2013-07-12,ESG-GJR-GARCH(E),0.222243210716125,1.960001774183014,E,2013-06-17
VIAB,VIAB.W^E14,2013-07-12,ESG-GJR-GARCH(G),0.2214157187706014,1.9454333539167488,G,2013-06-17
VIAB,VIAB.W^E14,2013-07-12,ESG-GJR-GARCH(S),0.2224327509632927,1.9633463770277075,S,2013-06-17
VIAB,VIAB.W^E14,2013-07-12,GARCH,0.2191657643478604,1.906096518340552,,2013-06-17
VIAB,VIAB.W^E14,2013-07-12,GJR-GARCH,0.2192750895108868,1.9079986063495016,,2013-06-17
VIAB,VIAB.W^E14,2013-07-15,EGARCH,0.2263666852858037,2.033407786003259,,2013-06-17
VIAB,VIAB.W^E14,2013-07-15,ESG-EGARCH,0.2218443278968861,1.9529724531754409,all,2013-06-17
VIAB,VIAB.W^E14,2013-07-15,ESG-EGARCH(E),0.2213713309253286,1.9446534188750533,E,2013-06-17
VIAB,VIAB.W^E14,2013-07-15,ESG-EGARCH(G),0.2215618614977341,1.948002320251632,G,2013-06-17
VIAB,VIAB.W^E14,2013-07-15,ESG-EGARCH(S),0.2213507375061793,1.944291626767044,S,2013-06-17
VIAB,VIAB.W^E14,2013-07-15,ESG-GARCH,0.2212458457731388,1.942449375867919,all,2013-06-17
VIAB,VIAB.W^E14,2013-07-15,ESG-GARCH(E),0.2216565722679178,1.9496680964112167,E,2013-06-17
VIAB,VIAB.W^E14,2013-07-15,ESG-GARCH(G),0.2212077666452151,1.941780794609681,G,2013-06-17
VIAB,VIAB.W^E14,2013-07-15,ESG-GARCH(S),0.2217693509603455,1.9516525803719416,S,2013-06-17
VIAB,VIAB.W^E14,2013-07-15,ESG-GJR-GARCH,0.2215021842541678,1.946953080530449,all,2013-06-17
VIAB,VIAB.W^E14,2013-07-15,ESG-GJR-GARCH(E),0.222243210716125,1.960001774183014,E,2013-06-17
VIAB,VIAB.W^E14,2013-07-15,ESG-GJR-GARCH(G),0.2214157187706014,1.9454333539167488,G,2013-06-17
VIAB,VIAB.W^E14,2013-07-15,ESG-GJR-GARCH(S),0.2224327509632927,1.9633463770277075,S,2013-06-17
VIAB,VIAB.W^E14,2013-07-15,GARCH,0.2191657643478604,1.906096518340552,,2013-06-17
VIAB,VIAB.W^E14,2013-07-15,GJR-GARCH,0.2192750895108868,1.9079986063495016,,2013-06-17
VIAB,VIAB.W^E14,2013-07-16,EGARCH,0.2263666852858037,2.033407786003259,,2013-06-17
VIAB,VIAB.W^E14,2013-07-16,ESG-EGARCH,0.2218443278968861,1.9529724531754409,all,2013-06-17
VIAB,VIAB.W^E14,2013-07-16,ESG-EGARCH(E),0.2213713309253286,1.9446534188750533,E,2013-06-17
VIAB,VIAB.W^E14,2013-07-16,ESG-EGARCH(G),0.2215618614977341,1.948002320251632,G,2013-06-17
VIAB,VIAB.W^E14,2013-07-16,ESG-EGARCH(S),0.2213507375061793,1.944291626767044,S,2013-06-17
VIAB,VIAB.W^E14,2013-07-16,ESG-GARCH,0.2212458457731388,1.942449375867919,all,2013-06-17
VIAB,VIAB.W^E14,2013-07-16,ESG-GARCH(E),0.2216565722679178,1.9496680964112167,E,2013-06-17
VIAB,VIAB.W^E14,2013-07-16,ESG-GARCH(G),0.2212077666452151,1.941780794609681,G,2013-06-17
VIAB,VIAB.W^E14,2013-07-16,ESG-GARCH(S),0.2217693509603455,1.9516525803719416,S,2013-06-17
VIAB,VIAB.W^E14,2013-07-16,ESG-GJR-GARCH,0.2215021842541678,1.946953080530449,all,2013-06-17
VIAB,VIAB.W^E14,2013-07-16,ESG-GJR-GARCH(E),0.222243210716125,1.960001774183014,E,2013-06-17
VIAB,VIAB.W^E14,2013-07-16,ESG-GJR-GARCH(G),0.2214157187706014,1.9454333539167488,G,2013-06-17
VIAB,VIAB.W^E14,2013-07-16,ESG-GJR-GARCH(S),0.2224327509632927,1.9633463770277075,S,2013-06-17
VIAB,VIAB.W^E14,2013-07-16,GARCH,0.2191657643478604,1.906096518340552,,2013-06-17
VIAB,VIAB.W^E14,2013-07-16,GJR-GARCH,0.2192750895108868,1.9079986063495016,,2013-06-17
VIAB,VIAB.W^E14,2013-07-17,EGARCH,0.2263666852858037,2.033407786003259,,2013-06-17
VIAB,VIAB.W^E14,2013-07-17,ESG-EGARCH,0.2218443278968861,1.9529724531754409,all,2013-06-17
VIAB,VIAB.W^E14,2013-07-17,ESG-EGARCH(E),0.2213713309253286,1.9446534188750533,E,2013-06-17
VIAB,VIAB.W^E14,2013-07-17,ESG-EGARCH(G),0.2215618614977341,1.948002320251632,G,2013-06-17
VIAB,VIAB.W^E14,2013-07-17,ESG-EGARCH(S),0.2213507375061793,1.944291626767044,S,2013-06-17
VIAB,VIAB.W^E14,2013-07-17,ESG-GARCH,0.2212458457731388,1.942449375867919,all,2013-06-17
VIAB,VIAB.W^E14,2013-07-17,ESG-GARCH(E),0.2216565722679178,1.9496680964112167,E,2013-06-17
VIAB,VIAB.W^E14,2013-07-17,ESG-GARCH(G),0.2212077666452151,1.941780794609681,G,2013-06-17
VIAB,VIAB.W^E14,2013-07-17,ESG-GARCH(S),0.2217693509603455,1.9516525803719416,S,2013-06-17
VIAB,VIAB.W^E14,2013-07-17,ESG-GJR-GARCH,0.2215021842541678,1.946953080530449,all,2013-06-17
VIAB,VIAB.W^E14,2013-07-17,ESG-GJR-GARCH(E),0.222243210716125,1.960001774183014,E,2013-06-17
VIAB,VIAB.W^E14,2013-07-17,ESG-GJR-GARCH(G),0.2214157187706014,1.9454333539167488,G,2013-06-17
VIAB,VIAB.W^E14,2013-07-17,ESG-GJR-GARCH(S),0.2224327509632927,1.9633463770277075,S,2013-06-17
VIAB,VIAB.W^E14,2013-07-17,GARCH,0.2191657643478604,1.906096518340552,,2013-06-17
VIAB,VIAB.W^E14,2013-07-17,GJR-GARCH,0.2192750895108868,1.9079986063495016,,2013-06-17
VIAB,VIAB.W^E14,2013-07-18,EGARCH,0.198897476328597,1.5698494480113014,,2013-07-18
VIAB,VIAB.W^E14,2013-07-18,ESG-EGARCH,0.1979916903101986,1.5555837076146672,all,2013-07-18
VIAB,VIAB.W^E14,2013-07-18,ESG-EGARCH(E),0.1979782378781523,1.5553723283070742,E,2013-07-18
VIAB,VIAB.W^E14,2013-07-18,ESG-EGARCH(G),0.1981668217125858,1.5583368741138015,G,2013-07-18
VIAB,VIAB.W^E14,2013-07-18,ESG-EGARCH(S),0.1979298719666146,1.5546124689174785,S,2013-07-18
VIAB,VIAB.W^E14,2013-07-18,ESG-GARCH,0.2122652833208272,1.787958353304408,all,2013-07-18
VIAB,VIAB.W^E14,2013-07-18,ESG-GARCH(E),0.2125816954160513,1.7932927470620166,E,2013-07-18
VIAB,VIAB.W^E14,2013-07-18,ESG-GARCH(G),0.2123236949758219,1.7889425177851532,G,2013-07-18
VIAB,VIAB.W^E14,2013-07-18,ESG-GARCH(S),0.2126086986281122,1.7937483623944237,S,2013-07-18
VIAB,VIAB.W^E14,2013-07-18,ESG-GJR-GARCH,0.2125628446330359,1.792974718987626,all,2013-07-18
VIAB,VIAB.W^E14,2013-07-18,ESG-GJR-GARCH(E),0.2131529099224322,1.80294297652383,E,2013-07-18
VIAB,VIAB.W^E14,2013-07-18,ESG-GJR-GARCH(G),0.2125789579081902,1.7932465613227024,G,2013-07-18
VIAB,VIAB.W^E14,2013-07-18,ESG-GJR-GARCH(S),0.2132340790649408,1.804316368042596,S,2013-07-18
VIAB,VIAB.W^E14,2013-07-18,GARCH,0.2110605536020583,1.76772052725426,,2013-07-18
VIAB,VIAB.W^E14,2013-07-18,GJR-GARCH,0.2119847085849734,1.7832347886450843,,2013-07-18
VIAB,VIAB.W^E14,2013-07-19,EGARCH,0.198897476328597,1.5698494480113014,,2013-07-18
VIAB,VIAB.W^E14,2013-07-19,ESG-EGARCH,0.1979916903101986,1.5555837076146672,all,2013-07-18
VIAB,VIAB.W^E14,2013-07-19,ESG-EGARCH(E),0.1979782378781523,1.5553723283070742,E,2013-07-18
VIAB,VIAB.W^E14,2013-07-19,ESG-EGARCH(G),0.1981668217125858,1.5583368741138015,G,2013-07-18
VIAB,VIAB.W^E14,2013-07-19,ESG-EGARCH(S),0.1979298719666146,1.5546124689174785,S,2013-07-18
VIAB,VIAB.W^E14,2013-07-19,ESG-GARCH,0.2122652833208272,1.787958353304408,all,2013-07-18
VIAB,VIAB.W^E14,2013-07-19,ESG-GARCH(E),0.2125816954160513,1.7932927470620166,E,2013-07-18
VIAB,VIAB.W^E14,2013-07-19,ESG-GARCH(G),0.2123236949758219,1.7889425177851532,G,2013-07-18
VIAB,VIAB.W^E14,2013-07-19,ESG-GARCH(S),0.2126086986281122,1.7937483623944237,S,2013-07-18
VIAB,VIAB.W^E14,2013-07-19,ESG-GJR-GARCH,0.2125628446330359,1.792974718987626,all,2013-07-18
VIAB,VIAB.W^E14,2013-07-19,ESG-GJR-GARCH(E),0.2131529099224322,1.80294297652383,E,2013-07-18
VIAB,VIAB.W^E14,2013-07-19,ESG-GJR-GARCH(G),0.2125789579081902,1.7932465613227024,G,2013-07-18
VIAB,VIAB.W^E14,2013-07-19,ESG-GJR-GARCH(S),0.2132340790649408,1.804316368042596,S,2013-07-18
VIAB,VIAB.W^E14,2013-07-19,GARCH,0.2110605536020583,1.76772052725426,,2013-07-18
VIAB,VIAB.W^E14,2013-07-19,GJR-GARCH,0.2119847085849734,1.7832347886450843,,2013-07-18
VIAB,VIAB.W^E14,2013-07-22,EGARCH,0.198897476328597,1.5698494480113014,,2013-07-18
VIAB,VIAB.W^E14,2013-07-22,ESG-EGARCH,0.1979916903101986,1.5555837076146672,all,2013-07-18
VIAB,VIAB.W^E14,2013-07-22,ESG-EGARCH(E),0.1979782378781523,1.5553723283070742,E,2013-07-18
VIAB,VIAB.W^E14,2013-07-22,ESG-EGARCH(G),0.1981668217125858,1.5583368741138015,G,2013-07-18
VIAB,VIAB.W^E14,2013-07-22,ESG-EGARCH(S),0.1979298719666146,1.5546124689174785,S,2013-07-18
VIAB,VIAB.W^E14,2013-07-22,ESG-GARCH,0.2122652833208272,1.787958353304408,all,2013-07-18
VIAB,VIAB.W^E14,2013-07-22,ESG-GARCH(E),0.2125816954160513,1.7932927470620166,E,2013-07-18
VIAB,VIAB.W^E14,2013-07-22,ESG-GARCH(G),0.2123236949758219,1.7889425177851532,G,2013-07-18
VIAB,VIAB.W^E14,2013-07-22,ESG-GARCH(S),0.2126086986281122,1.7937483623944237,S,2013-07-18
VIAB,VIAB.W^E14,2013-07-22,ESG-GJR-GARCH,0.2125628446330359,1.792974718987626,all,2013-07-18
VIAB,VIAB.W^E14,2013-07-22,ESG-GJR-GARCH(E),0.2131529099224322,1.80294297652383,E,2013-07-18
VIAB,VIAB.W^E14,2013-07-22,ESG-GJR-GARCH(G),0.2125789579081902,1.7932465613227024,G,2013-07-18
VIAB,VIAB.W^E14,2013-07-22,ESG-GJR-GARCH(S),0.2132340790649408,1.804316368042596,S,2013-07-18
VIAB,VIAB.W^E14,2013-07-22,GARCH,0.2110605536020583,1.76772052725426,,2013-07-18
VIAB,VIAB.W^E14,2013-07-22,GJR-GARCH,0.2119847085849734,1.7832347886450843,,2013-07-18
VIAB,VIAB.W^E14,2013-07-23,EGARCH,0.198897476328597,1.5698494480113014,,2013-07-18
VIAB,VIAB.W^E14,2013-07-23,ESG-EGARCH,0.1979916903101986,1.5555837076146672,all,2013-07-18
VIAB,VIAB.W^E14,2013-07-23,ESG-EGARCH(E),0.1979782378781523,1.5553723283070742,E,2013-07-18
VIAB,VIAB.W^E14,2013-07-23,ESG-EGARCH(G),0.1981668217125858,1.5583368741138015,G,2013-07-18
VIAB,VIAB.W^E14,2013-07-23,ESG-EGARCH(S),0.1979298719666146,1.5546124689174785,S,2013-07-18
VIAB,VIAB.W^E14,2013-07-23,ESG-GARCH,0.2122652833208272,1.787958353304408,all,2013-07-18
VIAB,VIAB.W^E14,2013-07-23,ESG-GARCH(E),0.2125816954160513,1.7932927470620166,E,2013-07-18
VIAB,VIAB.W^E14,2013-07-23,ESG-GARCH(G),0.2123236949758219,1.7889425177851532,G,2013-07-18
VIAB,VIAB.W^E14,2013-07-23,ESG-GARCH(S),0.2126086986281122,1.7937483623944237,S,2013-07-18
VIAB,VIAB.W^E14,2013-07-23,ESG-GJR-GARCH,0.2125628446330359,1.792974718987626,all,2013-07-18
VIAB,VIAB.W^E14,2013-07-23,ESG-GJR-GARCH(E),0.2131529099224322,1.80294297652383,E,2013-07-18
VIAB,VIAB.W^E14,2013-07-23,ESG-GJR-GARCH(G),0.2125789579081902,1.7932465613227024,G,2013-07-18
VIAB,VIAB.W^E14,2013-07-23,ESG-GJR-GARCH(S),0.2132340790649408,1.804316368042596,S,2013-07-18
VIAB,VIAB.W^E14,2013-07-23,GARCH,0.2110605536020583,1.76772052725426,,2013-07-18
VIAB,VIAB.W^E14,2013-07-23,GJR-GARCH,0.2119847085849734,1.7832347886450843,,2013-07-18
VIAB,VIAB.W^E14,2013-07-24,EGARCH,0.198897476328597,1.5698494480113014,,2013-07-18
VIAB,VIAB.W^E14,2013-07-24,ESG-EGARCH,0.1979916903101986,1.5555837076146672,all,2013-07-18
VIAB,VIAB.W^E14,2013-07-24,ESG-EGARCH(E),0.1979782378781523,1.5553723283070742,E,2013-07-18
VIAB,VIAB.W^E14,2013-07-24,ESG-EGARCH(G),0.1981668217125858,1.5583368741138015,G,2013-07-18
VIAB,VIAB.W^E14,2013-07-24,ESG-EGARCH(S),0.1979298719666146,1.5546124689174785,S,2013-07-18
VIAB,VIAB.W^E14,2013-07-24,ESG-GARCH,0.2122652833208272,1.787958353304408,all,2013-07-18
VIAB,VIAB.W^E14,2013-07-24,ESG-GARCH(E),0.2125816954160513,1.7932927470620166,E,2013-07-18
VIAB,VIAB.W^E14,2013-07-24,ESG-GARCH(G),0.2123236949758219,1.7889425177851532,G,2013-07-18
VIAB,VIAB.W^E14,2013-07-24,ESG-GARCH(S),0.2126086986281122,1.7937483623944237,S,2013-07-18
VIAB,VIAB.W^E14,2013-07-24,ESG-GJR-GARCH,0.2125628446330359,1.792974718987626,all,2013-07-18
VIAB,VIAB.W^E14,2013-07-24,ESG-GJR-GARCH(E),0.2131529099224322,1.80294297652383,E,2013-07-18
VIAB,VIAB.W^E14,2013-07-24,ESG-GJR-GARCH(G),0.2125789579081902,1.7932465613227024,G,2013-07-18
VIAB,VIAB.W^E14,2013-07-24,ESG-GJR-GARCH(S),0.2132340790649408,1.804316368042596,S,2013-07-18
VIAB,VIAB.W^E14,2013-07-24,GARCH,0.2110605536020583,1.76772052725426,,2013-07-18
VIAB,VIAB.W^E14,2013-07-24,GJR-GARCH,0.2119847085849734,1.7832347886450843,,2013-07-18
VIAB,VIAB.W^E14,2013-07-25,EGARCH,0.198897476328597,1.5698494480113014,,2013-07-18
VIAB,VIAB.W^E14,2013-07-25,ESG-EGARCH,0.1979916903101986,1.5555837076146672,all,2013-07-18
VIAB,VIAB.W^E14,2013-07-25,ESG-EGARCH(E),0.1979782378781523,1.5553723283070742,E,2013-07-18
VIAB,VIAB.W^E14,2013-07-25,ESG-EGARCH(G),0.1981668217125858,1.5583368741138015,G,2013-07-18
VIAB,VIAB.W^E14,2013-07-25,ESG-EGARCH(S),0.1979298719666146,1.5546124689174785,S,2013-07-18
VIAB,VIAB.W^E14,2013-07-25,ESG-GARCH,0.2122652833208272,1.787958353304408,all,2013-07-18
VIAB,VIAB.W^E14,2013-07-25,ESG-GARCH(E),0.2125816954160513,1.7932927470620166,E,2013-07-18
VIAB,VIAB.W^E14,2013-07-25,ESG-GARCH(G),0.2123236949758219,1.7889425177851532,G,2013-07-18
VIAB,VIAB.W^E14,2013-07-25,ESG-GARCH(S),0.2126086986281122,1.7937483623944237,S,2013-07-18
VIAB,VIAB.W^E14,2013-07-25,ESG-GJR-GARCH,0.2125628446330359,1.792974718987626,all,2013-07-18
VIAB,VIAB.W^E14,2013-07-25,ESG-GJR-GARCH(E),0.2131529099224322,1.80294297652383,E,2013-07-18
VIAB,VIAB.W^E14,2013-07-25,ESG-GJR-GARCH(G),0.2125789579081902,1.7932465613227024,G,2013-07-18
VIAB,VIAB.W^E14,2013-07-25,ESG-GJR-GARCH(S),0.2132340790649408,1.804316368042596,S,2013-07-18
VIAB,VIAB.W^E14,2013-07-25,GARCH,0.2110605536020583,1.76772052725426,,2013-07-18
VIAB,VIAB.W^E14,2013-07-25,GJR-GARCH,0.2119847085849734,1.7832347886450843,,2013-07-18
VIAB,VIAB.W^E14,2013-07-26,EGARCH,0.198897476328597,1.5698494480113014,,2013-07-18
VIAB,VIAB.W^E14,2013-07-26,ESG-EGARCH,0.1979916903101986,1.5555837076146672,all,2013-07-18
VIAB,VIAB.W^E14,2013-07-26,ESG-EGARCH(E),0.1979782378781523,1.5553723283070742,E,2013-07-18
VIAB,VIAB.W^E14,2013-07-26,ESG-EGARCH(G),0.1981668217125858,1.5583368741138015,G,2013-07-18
VIAB,VIAB.W^E14,2013-07-26,ESG-EGARCH(S),0.1979298719666146,1.5546124689174785,S,2013-07-18
VIAB,VIAB.W^E14,2013-07-26,ESG-GARCH,0.2122652833208272,1.787958353304408,all,2013-07-18
VIAB,VIAB.W^E14,2013-07-26,ESG-GARCH(E),0.2125816954160513,1.7932927470620166,E,2013-07-18
VIAB,VIAB.W^E14,2013-07-26,ESG-GARCH(G),0.2123236949758219,1.7889425177851532,G,2013-07-18
VIAB,VIAB.W^E14,2013-07-26,ESG-GARCH(S),0.2126086986281122,1.7937483623944237,S,2013-07-18
VIAB,VIAB.W^E14,2013-07-26,ESG-GJR-GARCH,0.2125628446330359,1.792974718987626,all,2013-07-18
VIAB,VIAB.W^E14,2013-07-26,ESG-GJR-GARCH(E),0.2131529099224322,1.80294297652383,E,2013-07-18
VIAB,VIAB.W^E14,2013-07-26,ESG-GJR-GARCH(G),0.2125789579081902,1.7932465613227024,G,2013-07-18
VIAB,VIAB.W^E14,2013-07-26,ESG-GJR-GARCH(S),0.2132340790649408,1.804316368042596,S,2013-07-18
VIAB,VIAB.W^E14,2013-07-26,GARCH,0.2110605536020583,1.76772052725426,,2013-07-18
VIAB,VIAB.W^E14,2013-07-26,GJR-GARCH,0.2119847085849734,1.7832347886450843,,2013-07-18
VIAB,VIAB.W^E14,2013-07-29,EGARCH,0.198897476328597,1.5698494480113014,,2013-07-18
VIAB,VIAB.W^E14,2013-07-29,ESG-EGARCH,0.1979916903101986,1.5555837076146672,all,2013-07-18
VIAB,VIAB.W^E14,2013-07-29,ESG-EGARCH(E),0.1979782378781523,1.5553723283070742,E,2013-07-18
VIAB,VIAB.W^E14,2013-07-29,ESG-EGARCH(G),0.1981668217125858,1.5583368741138015,G,2013-07-18
VIAB,VIAB.W^E14,2013-07-29,ESG-EGARCH(S),0.1979298719666146,1.5546124689174785,S,2013-07-18
VIAB,VIAB.W^E14,2013-07-29,ESG-GARCH,0.2122652833208272,1.787958353304408,all,2013-07-18
VIAB,VIAB.W^E14,2013-07-29,ESG-GARCH(E),0.2125816954160513,1.7932927470620166,E,2013-07-18
VIAB,VIAB.W^E14,2013-07-29,ESG-GARCH(G),0.2123236949758219,1.7889425177851532,G,2013-07-18
VIAB,VIAB.W^E14,2013-07-29,ESG-GARCH(S),0.2126086986281122,1.7937483623944237,S,2013-07-18
VIAB,VIAB.W^E14,2013-07-29,ESG-GJR-GARCH,0.2125628446330359,1.792974718987626,all,2013-07-18
VIAB,VIAB.W^E14,2013-07-29,ESG-GJR-GARCH(E),0.2131529099224322,1.80294297652383,E,2013-07-18
VIAB,VIAB.W^E14,2013-07-29,ESG-GJR-GARCH(G),0.2125789579081902,1.7932465613227024,G,2013-07-18
VIAB,VIAB.W^E14,2013-07-29,ESG-GJR-GARCH(S),0.2132340790649408,1.804316368042596,S,2013-07-18
VIAB,VIAB.W^E14,2013-07-29,GARCH,0.2110605536020583,1.76772052725426,,2013-07-18
VIAB,VIAB.W^E14,2013-07-29,GJR-GARCH,0.2119847085849734,1.7832347886450843,,2013-07-18
VIAB,VIAB.W^E14,2013-07-30,EGARCH,0.198897476328597,1.5698494480113014,,2013-07-18
VIAB,VIAB.W^E14,2013-07-30,ESG-EGARCH,0.1979916903101986,1.5555837076146672,all,2013-07-18
VIAB,VIAB.W^E14,2013-07-30,ESG-EGARCH(E),0.1979782378781523,1.5553723283070742,E,2013-07-18
VIAB,VIAB.W^E14,2013-07-30,ESG-EGARCH(G),0.1981668217125858,1.5583368741138015,G,2013-07-18
VIAB,VIAB.W^E14,2013-07-30,ESG-EGARCH(S),0.1979298719666146,1.5546124689174785,S,2013-07-18
VIAB,VIAB.W^E14,2013-07-30,ESG-GARCH,0.2122652833208272,1.787958353304408,all,2013-07-18
VIAB,VIAB.W^E14,2013-07-30,ESG-GARCH(E),0.2125816954160513,1.7932927470620166,E,2013-07-18
VIAB,VIAB.W^E14,2013-07-30,ESG-GARCH(G),0.2123236949758219,1.7889425177851532,G,2013-07-18
VIAB,VIAB.W^E14,2013-07-30,ESG-GARCH(S),0.2126086986281122,1.7937483623944237,S,2013-07-18
VIAB,VIAB.W^E14,2013-07-30,ESG-GJR-GARCH,0.2125628446330359,1.792974718987626,all,2013-07-18
VIAB,VIAB.W^E14,2013-07-30,ESG-GJR-GARCH(E),0.2131529099224322,1.80294297652383,E,2013-07-18
VIAB,VIAB.W^E14,2013-07-30,ESG-GJR-GARCH(G),0.2125789579081902,1.7932465613227024,G,2013-07-18
VIAB,VIAB.W^E14,2013-07-30,ESG-GJR-GARCH(S),0.2132340790649408,1.804316368042596,S,2013-07-18
VIAB,VIAB.W^E14,2013-07-30,GARCH,0.2110605536020583,1.76772052725426,,2013-07-18
VIAB,VIAB.W^E14,2013-07-30,GJR-GARCH,0.2119847085849734,1.7832347886450843,,2013-07-18
VIAB,VIAB.W^E14,2013-07-31,EGARCH,0.198897476328597,1.5698494480113014,,2013-07-18
VIAB,VIAB.W^E14,2013-07-31,ESG-EGARCH,0.1979916903101986,1.5555837076146672,all,2013-07-18
VIAB,VIAB.W^E14,2013-07-31,ESG-EGARCH(E),0.1979782378781523,1.5553723283070742,E,2013-07-18
VIAB,VIAB.W^E14,2013-07-31,ESG-EGARCH(G),0.1981668217125858,1.5583368741138015,G,2013-07-18
VIAB,VIAB.W^E14,2013-07-31,ESG-EGARCH(S),0.1979298719666146,1.5546124689174785,S,2013-07-18
VIAB,VIAB.W^E14,2013-07-31,ESG-GARCH,0.2122652833208272,1.787958353304408,all,2013-07-18
VIAB,VIAB.W^E14,2013-07-31,ESG-GARCH(E),0.2125816954160513,1.7932927470620166,E,2013-07-18
VIAB,VIAB.W^E14,2013-07-31,ESG-GARCH(G),0.2123236949758219,1.7889425177851532,G,2013-07-18
VIAB,VIAB.W^E14,2013-07-31,ESG-GARCH(S),0.2126086986281122,1.7937483623944237,S,2013-07-18
VIAB,VIAB.W^E14,2013-07-31,ESG-GJR-GARCH,0.2125628446330359,1.792974718987626,all,2013-07-18
VIAB,VIAB.W^E14,2013-07-31,ESG-GJR-GARCH(E),0.2131529099224322,1.80294297652383,E,2013-07-18
VIAB,VIAB.W^E14,2013-07-31,ESG-GJR-GARCH(G),0.2125789579081902,1.7932465613227024,G,2013-07-18
VIAB,VIAB.W^E14,2013-07-31,ESG-GJR-GARCH(S),0.2132340790649408,1.804316368042596,S,2013-07-18
VIAB,VIAB.W^E14,2013-07-31,GARCH,0.2110605536020583,1.76772052725426,,2013-07-18
VIAB,VIAB.W^E14,2013-07-31,GJR-GARCH,0.2119847085849734,1.7832347886450843,,2013-07-18
VIAB,VIAB.W^E14,2013-08-01,EGARCH,0.198897476328597,1.5698494480113014,,2013-07-18
VIAB,VIAB.W^E14,2013-08-01,ESG-EGARCH,0.1979916903101986,1.5555837076146672,all,2013-07-18
VIAB,VIAB.W^E14,2013-08-01,ESG-EGARCH(E),0.1979782378781523,1.5553723283070742,E,2013-07-18
VIAB,VIAB.W^E14,2013-08-01,ESG-EGARCH(G),0.1981668217125858,1.5583368741138015,G,2013-07-18
VIAB,VIAB.W^E14,2013-08-01,ESG-EGARCH(S),0.1979298719666146,1.5546124689174785,S,2013-07-18
VIAB,VIAB.W^E14,2013-08-01,ESG-GARCH,0.2122652833208272,1.787958353304408,all,2013-07-18
VIAB,VIAB.W^E14,2013-08-01,ESG-GARCH(E),0.2125816954160513,1.7932927470620166,E,2013-07-18
VIAB,VIAB.W^E14,2013-08-01,ESG-GARCH(G),0.2123236949758219,1.7889425177851532,G,2013-07-18
VIAB,VIAB.W^E14,2013-08-01,ESG-GARCH(S),0.2126086986281122,1.7937483623944237,S,2013-07-18
VIAB,VIAB.W^E14,2013-08-01,ESG-GJR-GARCH,0.2125628446330359,1.792974718987626,all,2013-07-18
VIAB,VIAB.W^E14,2013-08-01,ESG-GJR-GARCH(E),0.2131529099224322,1.80294297652383,E,2013-07-18
VIAB,VIAB.W^E14,2013-08-01,ESG-GJR-GARCH(G),0.2125789579081902,1.7932465613227024,G,2013-07-18
VIAB,VIAB.W^E14,2013-08-01,ESG-GJR-GARCH(S),0.2132340790649408,1.804316368042596,S,2013-07-18
VIAB,VIAB.W^E14,2013-08-01,GARCH,0.2110605536020583,1.76772052725426,,2013-07-18
VIAB,VIAB.W^E14,2013-08-01,GJR-GARCH,0.2119847085849734,1.7832347886450843,,2013-07-18
VIAB,VIAB.W^E14,2013-08-02,EGARCH,0.198897476328597,1.5698494480113014,,2013-07-18
VIAB,VIAB.W^E14,2013-08-02,ESG-EGARCH,0.1979916903101986,1.5555837076146672,all,2013-07-18
VIAB,VIAB.W^E14,2013-08-02,ESG-EGARCH(E),0.1979782378781523,1.5553723283070742,E,2013-07-18
VIAB,VIAB.W^E14,2013-08-02,ESG-EGARCH(G),0.1981668217125858,1.5583368741138015,G,2013-07-18
VIAB,VIAB.W^E14,2013-08-02,ESG-EGARCH(S),0.1979298719666146,1.5546124689174785,S,2013-07-18
VIAB,VIAB.W^E14,2013-08-02,ESG-GARCH,0.2122652833208272,1.787958353304408,all,2013-07-18
VIAB,VIAB.W^E14,2013-08-02,ESG-GARCH(E),0.2125816954160513,1.7932927470620166,E,2013-07-18
VIAB,VIAB.W^E14,2013-08-02,ESG-GARCH(G),0.2123236949758219,1.7889425177851532,G,2013-07-18
VIAB,VIAB.W^E14,2013-08-02,ESG-GARCH(S),0.2126086986281122,1.7937483623944237,S,2013-07-18
VIAB,VIAB.W^E14,2013-08-02,ESG-GJR-GARCH,0.2125628446330359,1.792974718987626,all,2013-07-18
VIAB,VIAB.W^E14,2013-08-02,ESG-GJR-GARCH(E),0.2131529099224322,1.80294297652383,E,2013-07-18
VIAB,VIAB.W^E14,2013-08-02,ESG-GJR-GARCH(G),0.2125789579081902,1.7932465613227024,G,2013-07-18
VIAB,VIAB.W^E14,2013-08-02,ESG-GJR-GARCH(S),0.2132340790649408,1.804316368042596,S,2013-07-18
VIAB,VIAB.W^E14,2013-08-02,GARCH,0.2110605536020583,1.76772052725426,,2013-07-18
VIAB,VIAB.W^E14,2013-08-02,GJR-GARCH,0.2119847085849734,1.7832347886450843,,2013-07-18
VIAB,VIAB.W^E14,2013-08-05,EGARCH,0.198897476328597,1.5698494480113014,,2013-07-18
VIAB,VIAB.W^E14,2013-08-05,ESG-EGARCH,0.1979916903101986,1.5555837076146672,all,2013-07-18
VIAB,VIAB.W^E14,2013-08-05,ESG-EGARCH(E),0.1979782378781523,1.5553723283070742,E,2013-07-18
VIAB,VIAB.W^E14,2013-08-05,ESG-EGARCH(G),0.1981668217125858,1.5583368741138015,G,2013-07-18
VIAB,VIAB.W^E14,2013-08-05,ESG-EGARCH(S),0.1979298719666146,1.5546124689174785,S,2013-07-18
VIAB,VIAB.W^E14,2013-08-05,ESG-GARCH,0.2122652833208272,1.787958353304408,all,2013-07-18
VIAB,VIAB.W^E14,2013-08-05,ESG-GARCH(E),0.2125816954160513,1.7932927470620166,E,2013-07-18
VIAB,VIAB.W^E14,2013-08-05,ESG-GARCH(G),0.2123236949758219,1.7889425177851532,G,2013-07-18
VIAB,VIAB.W^E14,2013-08-05,ESG-GARCH(S),0.2126086986281122,1.7937483623944237,S,2013-07-18
VIAB,VIAB.W^E14,2013-08-05,ESG-GJR-GARCH,0.2125628446330359,1.792974718987626,all,2013-07-18
VIAB,VIAB.W^E14,2013-08-05,ESG-GJR-GARCH(E),0.2131529099224322,1.80294297652383,E,2013-07-18
VIAB,VIAB.W^E14,2013-08-05,ESG-GJR-GARCH(G),0.2125789579081902,1.7932465613227024,G,2013-07-18
VIAB,VIAB.W^E14,2013-08-05,ESG-GJR-GARCH(S),0.2132340790649408,1.804316368042596,S,2013-07-18
VIAB,VIAB.W^E14,2013-08-05,GARCH,0.2110605536020583,1.76772052725426,,2013-07-18
VIAB,VIAB.W^E14,2013-08-05,GJR-GARCH,0.2119847085849734,1.7832347886450843,,2013-07-18
VIAB,VIAB.W^E14,2013-08-06,EGARCH,0.198897476328597,1.5698494480113014,,2013-07-18
VIAB,VIAB.W^E14,2013-08-06,ESG-EGARCH,0.1979916903101986,1.5555837076146672,all,2013-07-18
VIAB,VIAB.W^E14,2013-08-06,ESG-EGARCH(E),0.1979782378781523,1.5553723283070742,E,2013-07-18
VIAB,VIAB.W^E14,2013-08-06,ESG-EGARCH(G),0.1981668217125858,1.5583368741138015,G,2013-07-18
VIAB,VIAB.W^E14,2013-08-06,ESG-EGARCH(S),0.1979298719666146,1.5546124689174785,S,2013-07-18
VIAB,VIAB.W^E14,2013-08-06,ESG-GARCH,0.2122652833208272,1.787958353304408,all,2013-07-18
VIAB,VIAB.W^E14,2013-08-06,ESG-GARCH(E),0.2125816954160513,1.7932927470620166,E,2013-07-18
VIAB,VIAB.W^E14,2013-08-06,ESG-GARCH(G),0.2123236949758219,1.7889425177851532,G,2013-07-18
VIAB,VIAB.W^E14,2013-08-06,ESG-GARCH(S),0.2126086986281122,1.7937483623944237,S,2013-07-18
VIAB,VIAB.W^E14,2013-08-06,ESG-GJR-GARCH,0.2125628446330359,1.792974718987626,all,2013-07-18
VIAB,VIAB.W^E14,2013-08-06,ESG-GJR-GARCH(E),0.2131529099224322,1.80294297652383,E,2013-07-18
VIAB,VIAB.W^E14,2013-08-06,ESG-GJR-GARCH(G),0.2125789579081902,1.7932465613227024,G,2013-07-18
VIAB,VIAB.W^E14,2013-08-06,ESG-GJR-GARCH(S),0.2132340790649408,1.804316368042596,S,2013-07-18
VIAB,VIAB.W^E14,2013-08-06,GARCH,0.2110605536020583,1.76772052725426,,2013-07-18
VIAB,VIAB.W^E14,2013-08-06,GJR-GARCH,0.2119847085849734,1.7832347886450843,,2013-07-18
VIAB,VIAB.W^E14,2013-08-07,EGARCH,0.198897476328597,1.5698494480113014,,2013-07-18
VIAB,VIAB.W^E14,2013-08-07,ESG-EGARCH,0.1979916903101986,1.5555837076146672,all,2013-07-18
VIAB,VIAB.W^E14,2013-08-07,ESG-EGARCH(E),0.1979782378781523,1.5553723283070742,E,2013-07-18
VIAB,VIAB.W^E14,2013-08-07,ESG-EGARCH(G),0.1981668217125858,1.5583368741138015,G,2013-07-18
VIAB,VIAB.W^E14,2013-08-07,ESG-EGARCH(S),0.1979298719666146,1.5546124689174785,S,2013-07-18
VIAB,VIAB.W^E14,2013-08-07,ESG-GARCH,0.2122652833208272,1.787958353304408,all,2013-07-18
VIAB,VIAB.W^E14,2013-08-07,ESG-GARCH(E),0.2125816954160513,1.7932927470620166,E,2013-07-18
VIAB,VIAB.W^E14,2013-08-07,ESG-GARCH(G),0.2123236949758219,1.7889425177851532,G,2013-07-18
VIAB,VIAB.W^E14,2013-08-07,ESG-GARCH(S),0.2126086986281122,1.7937483623944237,S,2013-07-18
VIAB,VIAB.W^E14,2013-08-07,ESG-GJR-GARCH,0.2125628446330359,1.792974718987626,all,2013-07-18
VIAB,VIAB.W^E14,2013-08-07,ESG-GJR-GARCH(E),0.2131529099224322,1.80294297652383,E,2013-07-18
VIAB,VIAB.W^E14,2013-08-07,ESG-GJR-GARCH(G),0.2125789579081902,1.7932465613227024,G,2013-07-18
VIAB,VIAB.W^E14,2013-08-07,ESG-GJR-GARCH(S),0.2132340790649408,1.804316368042596,S,2013-07-18
VIAB,VIAB.W^E14,2013-08-07,GARCH,0.2110605536020583,1.76772052725426,,2013-07-18
VIAB,VIAB.W^E14,2013-08-07,GJR-GARCH,0.2119847085849734,1.7832347886450843,,2013-07-18
VIAB,VIAB.W^E14,2013-08-08,EGARCH,0.198897476328597,1.5698494480113014,,2013-07-18
VIAB,VIAB.W^E14,2013-08-08,ESG-EGARCH,0.1979916903101986,1.5555837076146672,all,2013-07-18
VIAB,VIAB.W^E14,2013-08-08,ESG-EGARCH(E),0.1979782378781523,1.5553723283070742,E,2013-07-18
VIAB,VIAB.W^E14,2013-08-08,ESG-EGARCH(G),0.1981668217125858,1.5583368741138015,G,2013-07-18
VIAB,VIAB.W^E14,2013-08-08,ESG-EGARCH(S),0.1979298719666146,1.5546124689174785,S,2013-07-18
VIAB,VIAB.W^E14,2013-08-08,ESG-GARCH,0.2122652833208272,1.787958353304408,all,2013-07-18
VIAB,VIAB.W^E14,2013-08-08,ESG-GARCH(E),0.2125816954160513,1.7932927470620166,E,2013-07-18
VIAB,VIAB.W^E14,2013-08-08,ESG-GARCH(G),0.2123236949758219,1.7889425177851532,G,2013-07-18
VIAB,VIAB.W^E14,2013-08-08,ESG-GARCH(S),0.2126086986281122,1.7937483623944237,S,2013-07-18
VIAB,VIAB.W^E14,2013-08-08,ESG-GJR-GARCH,0.2125628446330359,1.792974718987626,all,2013-07-18
VIAB,VIAB.W^E14,2013-08-08,ESG-GJR-GARCH(E),0.2131529099224322,1.80294297652383,E,2013-07-18
VIAB,VIAB.W^E14,2013-08-08,ESG-GJR-GARCH(G),0.2125789579081902,1.7932465613227024,G,2013-07-18
VIAB,VIAB.W^E14,2013-08-08,ESG-GJR-GARCH(S),0.2132340790649408,1.804316368042596,S,2013-07-18
VIAB,VIAB.W^E14,2013-08-08,GARCH,0.2110605536020583,1.76772052725426,,2013-07-18
VIAB,VIAB.W^E14,2013-08-08,GJR-GARCH,0.2119847085849734,1.7832347886450843,,2013-07-18
VIAB,VIAB.W^E14,2013-08-09,EGARCH,0.198897476328597,1.5698494480113014,,2013-07-18
VIAB,VIAB.W^E14,2013-08-09,ESG-EGARCH,0.1979916903101986,1.5555837076146672,all,2013-07-18
VIAB,VIAB.W^E14,2013-08-09,ESG-EGARCH(E),0.1979782378781523,1.5553723283070742,E,2013-07-18
VIAB,VIAB.W^E14,2013-08-09,ESG-EGARCH(G),0.1981668217125858,1.5583368741138015,G,2013-07-18
VIAB,VIAB.W^E14,2013-08-09,ESG-EGARCH(S),0.1979298719666146,1.5546124689174785,S,2013-07-18
VIAB,VIAB.W^E14,2013-08-09,ESG-GARCH,0.2122652833208272,1.787958353304408,all,2013-07-18
VIAB,VIAB.W^E14,2013-08-09,ESG-GARCH(E),0.2125816954160513,1.7932927470620166,E,2013-07-18
VIAB,VIAB.W^E14,2013-08-09,ESG-GARCH(G),0.2123236949758219,1.7889425177851532,G,2013-07-18
VIAB,VIAB.W^E14,2013-08-09,ESG-GARCH(S),0.2126086986281122,1.7937483623944237,S,2013-07-18
VIAB,VIAB.W^E14,2013-08-09,ESG-GJR-GARCH,0.2125628446330359,1.792974718987626,all,2013-07-18
VIAB,VIAB.W^E14,2013-08-09,ESG-GJR-GARCH(E),0.2131529099224322,1.80294297652383,E,2013-07-18
VIAB,VIAB.W^E14,2013-08-09,ESG-GJR-GARCH(G),0.2125789579081902,1.7932465613227024,G,2013-07-18
VIAB,VIAB.W^E14,2013-08-09,ESG-GJR-GARCH(S),0.2132340790649408,1.804316368042596,S,2013-07-18
VIAB,VIAB.W^E14,2013-08-09,GARCH,0.2110605536020583,1.76772052725426,,2013-07-18
VIAB,VIAB.W^E14,2013-08-09,GJR-GARCH,0.2119847085849734,1.7832347886450843,,2013-07-18
VIAB,VIAB.W^E14,2013-08-12,EGARCH,0.198897476328597,1.5698494480113014,,2013-07-18
VIAB,VIAB.W^E14,2013-08-12,ESG-EGARCH,0.1979916903101986,1.5555837076146672,all,2013-07-18
VIAB,VIAB.W^E14,2013-08-12,ESG-EGARCH(E),0.1979782378781523,1.5553723283070742,E,2013-07-18
VIAB,VIAB.W^E14,2013-08-12,ESG-EGARCH(G),0.1981668217125858,1.5583368741138015,G,2013-07-18
VIAB,VIAB.W^E14,2013-08-12,ESG-EGARCH(S),0.1979298719666146,1.5546124689174785,S,2013-07-18
VIAB,VIAB.W^E14,2013-08-12,ESG-GARCH,0.2122652833208272,1.787958353304408,all,2013-07-18
VIAB,VIAB.W^E14,2013-08-12,ESG-GARCH(E),0.2125816954160513,1.7932927470620166,E,2013-07-18
VIAB,VIAB.W^E14,2013-08-12,ESG-GARCH(G),0.2123236949758219,1.7889425177851532,G,2013-07-18
VIAB,VIAB.W^E14,2013-08-12,ESG-GARCH(S),0.2126086986281122,1.7937483623944237,S,2013-07-18
VIAB,VIAB.W^E14,2013-08-12,ESG-GJR-GARCH,0.2125628446330359,1.792974718987626,all,2013-07-18
VIAB,VIAB.W^E14,2013-08-12,ESG-GJR-GARCH(E),0.2131529099224322,1.80294297652383,E,2013-07-18
VIAB,VIAB.W^E14,2013-08-12,ESG-GJR-GARCH(G),0.2125789579081902,1.7932465613227024,G,2013-07-18
VIAB,VIAB.W^E14,2013-08-12,ESG-GJR-GARCH(S),0.2132340790649408,1.804316368042596,S,2013-07-18
VIAB,VIAB.W^E14,2013-08-12,GARCH,0.2110605536020583,1.76772052725426,,2013-07-18
VIAB,VIAB.W^E14,2013-08-12,GJR-GARCH,0.2119847085849734,1.7832347886450843,,2013-07-18
VIAB,VIAB.W^E14,2013-08-13,EGARCH,0.198897476328597,1.5698494480113014,,2013-07-18
VIAB,VIAB.W^E14,2013-08-13,ESG-EGARCH,0.1979916903101986,1.5555837076146672,all,2013-07-18
VIAB,VIAB.W^E14,2013-08-13,ESG-EGARCH(E),0.1979782378781523,1.5553723283070742,E,2013-07-18
VIAB,VIAB.W^E14,2013-08-13,ESG-EGARCH(G),0.1981668217125858,1.5583368741138015,G,2013-07-18
VIAB,VIAB.W^E14,2013-08-13,ESG-EGARCH(S),0.1979298719666146,1.5546124689174785,S,2013-07-18
VIAB,VIAB.W^E14,2013-08-13,ESG-GARCH,0.2122652833208272,1.787958353304408,all,2013-07-18
VIAB,VIAB.W^E14,2013-08-13,ESG-GARCH(E),0.2125816954160513,1.7932927470620166,E,2013-07-18
VIAB,VIAB.W^E14,2013-08-13,ESG-GARCH(G),0.2123236949758219,1.7889425177851532,G,2013-07-18
VIAB,VIAB.W^E14,2013-08-13,ESG-GARCH(S),0.2126086986281122,1.7937483623944237,S,2013-07-18
VIAB,VIAB.W^E14,2013-08-13,ESG-GJR-GARCH,0.2125628446330359,1.792974718987626,all,2013-07-18
VIAB,VIAB.W^E14,2013-08-13,ESG-GJR-GARCH(E),0.2131529099224322,1.80294297652383,E,2013-07-18
VIAB,VIAB.W^E14,2013-08-13,ESG-GJR-GARCH(G),0.2125789579081902,1.7932465613227024,G,2013-07-18
VIAB,VIAB.W^E14,2013-08-13,ESG-GJR-GARCH(S),0.2132340790649408,1.804316368042596,S,2013-07-18
VIAB,VIAB.W^E14,2013-08-13,GARCH,0.2110605536020583,1.76772052725426,,2013-07-18
VIAB,VIAB.W^E14,2013-08-13,GJR-GARCH,0.2119847085849734,1.7832347886450843,,2013-07-18
VIAB,VIAB.W^E14,2013-08-14,EGARCH,0.198897476328597,1.5698494480113014,,2013-07-18
VIAB,VIAB.W^E14,2013-08-14,ESG-EGARCH,0.1979916903101986,1.5555837076146672,all,2013-07-18
VIAB,VIAB.W^E14,2013-08-14,ESG-EGARCH(E),0.1979782378781523,1.5553723283070742,E,2013-07-18
VIAB,VIAB.W^E14,2013-08-14,ESG-EGARCH(G),0.1981668217125858,1.5583368741138015,G,2013-07-18
VIAB,VIAB.W^E14,2013-08-14,ESG-EGARCH(S),0.1979298719666146,1.5546124689174785,S,2013-07-18
VIAB,VIAB.W^E14,2013-08-14,ESG-GARCH,0.2122652833208272,1.787958353304408,all,2013-07-18
VIAB,VIAB.W^E14,2013-08-14,ESG-GARCH(E),0.2125816954160513,1.7932927470620166,E,2013-07-18
VIAB,VIAB.W^E14,2013-08-14,ESG-GARCH(G),0.2123236949758219,1.7889425177851532,G,2013-07-18
VIAB,VIAB.W^E14,2013-08-14,ESG-GARCH(S),0.2126086986281122,1.7937483623944237,S,2013-07-18
VIAB,VIAB.W^E14,2013-08-14,ESG-GJR-GARCH,0.2125628446330359,1.792974718987626,all,2013-07-18
VIAB,VIAB.W^E14,2013-08-14,ESG-GJR-GARCH(E),0.2131529099224322,1.80294297652383,E,2013-07-18
VIAB,VIAB.W^E14,2013-08-14,ESG-GJR-GARCH(G),0.2125789579081902,1.7932465613227024,G,2013-07-18
VIAB,VIAB.W^E14,2013-08-14,ESG-GJR-GARCH(S),0.2132340790649408,1.804316368042596,S,2013-07-18
VIAB,VIAB.W^E14,2013-08-14,GARCH,0.2110605536020583,1.76772052725426,,2013-07-18
VIAB,VIAB.W^E14,2013-08-14,GJR-GARCH,0.2119847085849734,1.7832347886450843,,2013-07-18
VIAB,VIAB.W^E14,2013-08-15,EGARCH,0.198897476328597,1.5698494480113014,,2013-07-18
VIAB,VIAB.W^E14,2013-08-15,ESG-EGARCH,0.1979916903101986,1.5555837076146672,all,2013-07-18
VIAB,VIAB.W^E14,2013-08-15,ESG-EGARCH(E),0.1979782378781523,1.5553723283070742,E,2013-07-18
VIAB,VIAB.W^E14,2013-08-15,ESG-EGARCH(G),0.1981668217125858,1.5583368741138015,G,2013-07-18
VIAB,VIAB.W^E14,2013-08-15,ESG-EGARCH(S),0.1979298719666146,1.5546124689174785,S,2013-07-18
VIAB,VIAB.W^E14,2013-08-15,ESG-GARCH,0.2122652833208272,1.787958353304408,all,2013-07-18
VIAB,VIAB.W^E14,2013-08-15,ESG-GARCH(E),0.2125816954160513,1.7932927470620166,E,2013-07-18
VIAB,VIAB.W^E14,2013-08-15,ESG-GARCH(G),0.2123236949758219,1.7889425177851532,G,2013-07-18
VIAB,VIAB.W^E14,2013-08-15,ESG-GARCH(S),0.2126086986281122,1.7937483623944237,S,2013-07-18
VIAB,VIAB.W^E14,2013-08-15,ESG-GJR-GARCH,0.2125628446330359,1.792974718987626,all,2013-07-18
VIAB,VIAB.W^E14,2013-08-15,ESG-GJR-GARCH(E),0.2131529099224322,1.80294297652383,E,2013-07-18
VIAB,VIAB.W^E14,2013-08-15,ESG-GJR-GARCH(G),0.2125789579081902,1.7932465613227024,G,2013-07-18
VIAB,VIAB.W^E14,2013-08-15,ESG-GJR-GARCH(S),0.2132340790649408,1.804316368042596,S,2013-07-18
VIAB,VIAB.W^E14,2013-08-15,GARCH,0.2110605536020583,1.76772052725426,,2013-07-18
VIAB,VIAB.W^E14,2013-08-15,GJR-GARCH,0.2119847085849734,1.7832347886450843,,2013-07-18
VIAB,VIAB.W^E14,2013-08-16,EGARCH,0.198897476328597,1.5698494480113014,,2013-07-18
VIAB,VIAB.W^E14,2013-08-16,ESG-EGARCH,0.1979916903101986,1.5555837076146672,all,2013-07-18
VIAB,VIAB.W^E14,2013-08-16,ESG-EGARCH(E),0.1979782378781523,1.5553723283070742,E,2013-07-18
VIAB,VIAB.W^E14,2013-08-16,ESG-EGARCH(G),0.1981668217125858,1.5583368741138015,G,2013-07-18
VIAB,VIAB.W^E14,2013-08-16,ESG-EGARCH(S),0.1979298719666146,1.5546124689174785,S,2013-07-18
VIAB,VIAB.W^E14,2013-08-16,ESG-GARCH,0.2122652833208272,1.787958353304408,all,2013-07-18
VIAB,VIAB.W^E14,2013-08-16,ESG-GARCH(E),0.2125816954160513,1.7932927470620166,E,2013-07-18
VIAB,VIAB.W^E14,2013-08-16,ESG-GARCH(G),0.2123236949758219,1.7889425177851532,G,2013-07-18
VIAB,VIAB.W^E14,2013-08-16,ESG-GARCH(S),0.2126086986281122,1.7937483623944237,S,2013-07-18
VIAB,VIAB.W^E14,2013-08-16,ESG-GJR-GARCH,0.2125628446330359,1.792974718987626,all,2013-07-18
VIAB,VIAB.W^E14,2013-08-16,ESG-GJR-GARCH(E),0.2131529099224322,1.80294297652383,E,2013-07-18
VIAB,VIAB.W^E14,2013-08-16,ESG-GJR-GARCH(G),0.2125789579081902,1.7932465613227024,G,2013-07-18
VIAB,VIAB.W^E14,2013-08-16,ESG-GJR-GARCH(S),0.2132340790649408,1.804316368042596,S,2013-07-18
VIAB,VIAB.W^E14,2013-08-16,GARCH,0.2110605536020583,1.76772052725426,,2013-07-18
VIAB,VIAB.W^E14,2013-08-16,GJR-GARCH,0.2119847085849734,1.7832347886450843,,2013-07-18
VIAB,VIAB.W^E14,2013-08-19,EGARCH,0.2459160247583152,2.399789334640171,,2013-08-19
VIAB,VIAB.W^E14,2013-08-19,ESG-EGARCH,0.2402273032517656,2.290045921730784,all,2013-08-19
VIAB,VIAB.W^E14,2013-08-19,ESG-EGARCH(E),0.2397132706568519,2.280256036865284,E,2013-08-19
VIAB,VIAB.W^E14,2013-08-19,ESG-EGARCH(G),0.239915258015707,2.284100437648543,G,2013-08-19
VIAB,VIAB.W^E14,2013-08-19,ESG-EGARCH(S),0.2396935795159188,2.2798814309981785,S,2013-08-19
VIAB,VIAB.W^E14,2013-08-19,ESG-GARCH,0.2158912860681874,1.8495653730228552,all,2013-08-19
VIAB,VIAB.W^E14,2013-08-19,ESG-GARCH(E),0.2161954666162108,1.8547809438651248,E,2013-08-19
VIAB,VIAB.W^E14,2013-08-19,ESG-GARCH(G),0.2159040643815874,1.849784326051137,G,2013-08-19
VIAB,VIAB.W^E14,2013-08-19,ESG-GARCH(S),0.2162442382987064,1.85561788084872,S,2013-08-19
VIAB,VIAB.W^E14,2013-08-19,ESG-GJR-GARCH,0.2154109227661395,1.8413438748793536,all,2013-08-19
VIAB,VIAB.W^E14,2013-08-19,ESG-GJR-GARCH(E),0.2170290198632231,1.8691109310631475,E,2013-08-19
VIAB,VIAB.W^E14,2013-08-19,ESG-GJR-GARCH(G),0.2154164284399943,1.841438001660445,G,2013-08-19
VIAB,VIAB.W^E14,2013-08-19,ESG-GJR-GARCH(S),0.2172561510772131,1.873025205590669,S,2013-08-19
VIAB,VIAB.W^E14,2013-08-19,GARCH,0.2139620793760973,1.8166575956723567,,2013-08-19
VIAB,VIAB.W^E14,2013-08-19,GJR-GARCH,0.2096003883032118,1.7433461419387764,,2013-08-19
VIAB,VIAB.W^E14,2013-08-20,EGARCH,0.2459160247583152,2.399789334640171,,2013-08-19
VIAB,VIAB.W^E14,2013-08-20,ESG-EGARCH,0.2402273032517656,2.290045921730784,all,2013-08-19
VIAB,VIAB.W^E14,2013-08-20,ESG-EGARCH(E),0.2397132706568519,2.280256036865284,E,2013-08-19
VIAB,VIAB.W^E14,2013-08-20,ESG-EGARCH(G),0.239915258015707,2.284100437648543,G,2013-08-19
VIAB,VIAB.W^E14,2013-08-20,ESG-EGARCH(S),0.2396935795159188,2.2798814309981785,S,2013-08-19
VIAB,VIAB.W^E14,2013-08-20,ESG-GARCH,0.2158912860681874,1.8495653730228552,all,2013-08-19
VIAB,VIAB.W^E14,2013-08-20,ESG-GARCH(E),0.2161954666162108,1.8547809438651248,E,2013-08-19
VIAB,VIAB.W^E14,2013-08-20,ESG-GARCH(G),0.2159040643815874,1.849784326051137,G,2013-08-19
VIAB,VIAB.W^E14,2013-08-20,ESG-GARCH(S),0.2162442382987064,1.85561788084872,S,2013-08-19
VIAB,VIAB.W^E14,2013-08-20,ESG-GJR-GARCH,0.2154109227661395,1.8413438748793536,all,2013-08-19
VIAB,VIAB.W^E14,2013-08-20,ESG-GJR-GARCH(E),0.2170290198632231,1.8691109310631475,E,2013-08-19
VIAB,VIAB.W^E14,2013-08-20,ESG-GJR-GARCH(G),0.2154164284399943,1.841438001660445,G,2013-08-19
VIAB,VIAB.W^E14,2013-08-20,ESG-GJR-GARCH(S),0.2172561510772131,1.873025205590669,S,2013-08-19
VIAB,VIAB.W^E14,2013-08-20,GARCH,0.2139620793760973,1.8166575956723567,,2013-08-19
VIAB,VIAB.W^E14,2013-08-20,GJR-GARCH,0.2096003883032118,1.7433461419387764,,2013-08-19
VIAB,VIAB.W^E14,2013-08-21,EGARCH,0.2459160247583152,2.399789334640171,,2013-08-19
VIAB,VIAB.W^E14,2013-08-21,ESG-EGARCH,0.2402273032517656,2.290045921730784,all,2013-08-19
VIAB,VIAB.W^E14,2013-08-21,ESG-EGARCH(E),0.2397132706568519,2.280256036865284,E,2013-08-19
VIAB,VIAB.W^E14,2013-08-21,ESG-EGARCH(G),0.239915258015707,2.284100437648543,G,2013-08-19
VIAB,VIAB.W^E14,2013-08-21,ESG-EGARCH(S),0.2396935795159188,2.2798814309981785,S,2013-08-19
VIAB,VIAB.W^E14,2013-08-21,ESG-GARCH,0.2158912860681874,1.8495653730228552,all,2013-08-19
VIAB,VIAB.W^E14,2013-08-21,ESG-GARCH(E),0.2161954666162108,1.8547809438651248,E,2013-08-19
VIAB,VIAB.W^E14,2013-08-21,ESG-GARCH(G),0.2159040643815874,1.849784326051137,G,2013-08-19
VIAB,VIAB.W^E14,2013-08-21,ESG-GARCH(S),0.2162442382987064,1.85561788084872,S,2013-08-19
VIAB,VIAB.W^E14,2013-08-21,ESG-GJR-GARCH,0.2154109227661395,1.8413438748793536,all,2013-08-19
VIAB,VIAB.W^E14,2013-08-21,ESG-GJR-GARCH(E),0.2170290198632231,1.8691109310631475,E,2013-08-19
VIAB,VIAB.W^E14,2013-08-21,ESG-GJR-GARCH(G),0.2154164284399943,1.841438001660445,G,2013-08-19
VIAB,VIAB.W^E14,2013-08-21,ESG-GJR-GARCH(S),0.2172561510772131,1.873025205590669,S,2013-08-19
VIAB,VIAB.W^E14,2013-08-21,GARCH,0.2139620793760973,1.8166575956723567,,2013-08-19
VIAB,VIAB.W^E14,2013-08-21,GJR-GARCH,0.2096003883032118,1.7433461419387764,,2013-08-19
VIAB,VIAB.W^E14,2013-08-22,EGARCH,0.2459160247583152,2.399789334640171,,2013-08-19
VIAB,VIAB.W^E14,2013-08-22,ESG-EGARCH,0.2402273032517656,2.290045921730784,all,2013-08-19
VIAB,VIAB.W^E14,2013-08-22,ESG-EGARCH(E),0.2397132706568519,2.280256036865284,E,2013-08-19
VIAB,VIAB.W^E14,2013-08-22,ESG-EGARCH(G),0.239915258015707,2.284100437648543,G,2013-08-19
VIAB,VIAB.W^E14,2013-08-22,ESG-EGARCH(S),0.2396935795159188,2.2798814309981785,S,2013-08-19
VIAB,VIAB.W^E14,2013-08-22,ESG-GARCH,0.2158912860681874,1.8495653730228552,all,2013-08-19
VIAB,VIAB.W^E14,2013-08-22,ESG-GARCH(E),0.2161954666162108,1.8547809438651248,E,2013-08-19
VIAB,VIAB.W^E14,2013-08-22,ESG-GARCH(G),0.2159040643815874,1.849784326051137,G,2013-08-19
VIAB,VIAB.W^E14,2013-08-22,ESG-GARCH(S),0.2162442382987064,1.85561788084872,S,2013-08-19
VIAB,VIAB.W^E14,2013-08-22,ESG-GJR-GARCH,0.2154109227661395,1.8413438748793536,all,2013-08-19
VIAB,VIAB.W^E14,2013-08-22,ESG-GJR-GARCH(E),0.2170290198632231,1.8691109310631475,E,2013-08-19
VIAB,VIAB.W^E14,2013-08-22,ESG-GJR-GARCH(G),0.2154164284399943,1.841438001660445,G,2013-08-19
VIAB,VIAB.W^E14,2013-08-22,ESG-GJR-GARCH(S),0.2172561510772131,1.873025205590669,S,2013-08-19
VIAB,VIAB.W^E14,2013-08-22,GARCH,0.2139620793760973,1.8166575956723567,,2013-08-19
VIAB,VIAB.W^E14,2013-08-22,GJR-GARCH,0.2096003883032118,1.7433461419387764,,2013-08-19
VIAB,VIAB.W^E14,2013-08-23,EGARCH,0.2459160247583152,2.399789334640171,,2013-08-19
VIAB,VIAB.W^E14,2013-08-23,ESG-EGARCH,0.2402273032517656,2.290045921730784,all,2013-08-19
VIAB,VIAB.W^E14,2013-08-23,ESG-EGARCH(E),0.2397132706568519,2.280256036865284,E,2013-08-19
VIAB,VIAB.W^E14,2013-08-23,ESG-EGARCH(G),0.239915258015707,2.284100437648543,G,2013-08-19
VIAB,VIAB.W^E14,2013-08-23,ESG-EGARCH(S),0.2396935795159188,2.2798814309981785,S,2013-08-19
VIAB,VIAB.W^E14,2013-08-23,ESG-GARCH,0.2158912860681874,1.8495653730228552,all,2013-08-19
VIAB,VIAB.W^E14,2013-08-23,ESG-GARCH(E),0.2161954666162108,1.8547809438651248,E,2013-08-19
VIAB,VIAB.W^E14,2013-08-23,ESG-GARCH(G),0.2159040643815874,1.849784326051137,G,2013-08-19
VIAB,VIAB.W^E14,2013-08-23,ESG-GARCH(S),0.2162442382987064,1.85561788084872,S,2013-08-19
VIAB,VIAB.W^E14,2013-08-23,ESG-GJR-GARCH,0.2154109227661395,1.8413438748793536,all,2013-08-19
VIAB,VIAB.W^E14,2013-08-23,ESG-GJR-GARCH(E),0.2170290198632231,1.8691109310631475,E,2013-08-19
VIAB,VIAB.W^E14,2013-08-23,ESG-GJR-GARCH(G),0.2154164284399943,1.841438001660445,G,2013-08-19
VIAB,VIAB.W^E14,2013-08-23,ESG-GJR-GARCH(S),0.2172561510772131,1.873025205590669,S,2013-08-19
VIAB,VIAB.W^E14,2013-08-23,GARCH,0.2139620793760973,1.8166575956723567,,2013-08-19
VIAB,VIAB.W^E14,2013-08-23,GJR-GARCH,0.2096003883032118,1.7433461419387764,,2013-08-19
VIAB,VIAB.W^E14,2013-08-26,EGARCH,0.2459160247583152,2.399789334640171,,2013-08-19
VIAB,VIAB.W^E14,2013-08-26,ESG-EGARCH,0.2402273032517656,2.290045921730784,all,2013-08-19
VIAB,VIAB.W^E14,2013-08-26,ESG-EGARCH(E),0.2397132706568519,2.280256036865284,E,2013-08-19
VIAB,VIAB.W^E14,2013-08-26,ESG-EGARCH(G),0.239915258015707,2.284100437648543,G,2013-08-19
VIAB,VIAB.W^E14,2013-08-26,ESG-EGARCH(S),0.2396935795159188,2.2798814309981785,S,2013-08-19
VIAB,VIAB.W^E14,2013-08-26,ESG-GARCH,0.2158912860681874,1.8495653730228552,all,2013-08-19
VIAB,VIAB.W^E14,2013-08-26,ESG-GARCH(E),0.2161954666162108,1.8547809438651248,E,2013-08-19
VIAB,VIAB.W^E14,2013-08-26,ESG-GARCH(G),0.2159040643815874,1.849784326051137,G,2013-08-19
VIAB,VIAB.W^E14,2013-08-26,ESG-GARCH(S),0.2162442382987064,1.85561788084872,S,2013-08-19
VIAB,VIAB.W^E14,2013-08-26,ESG-GJR-GARCH,0.2154109227661395,1.8413438748793536,all,2013-08-19
VIAB,VIAB.W^E14,2013-08-26,ESG-GJR-GARCH(E),0.2170290198632231,1.8691109310631475,E,2013-08-19
VIAB,VIAB.W^E14,2013-08-26,ESG-GJR-GARCH(G),0.2154164284399943,1.841438001660445,G,2013-08-19
VIAB,VIAB.W^E14,2013-08-26,ESG-GJR-GARCH(S),0.2172561510772131,1.873025205590669,S,2013-08-19
VIAB,VIAB.W^E14,2013-08-26,GARCH,0.2139620793760973,1.8166575956723567,,2013-08-19
VIAB,VIAB.W^E14,2013-08-26,GJR-GARCH,0.2096003883032118,1.7433461419387764,,2013-08-19
VIAB,VIAB.W^E14,2013-08-27,EGARCH,0.2459160247583152,2.399789334640171,,2013-08-19
VIAB,VIAB.W^E14,2013-08-27,ESG-EGARCH,0.2402273032517656,2.290045921730784,all,2013-08-19
VIAB,VIAB.W^E14,2013-08-27,ESG-EGARCH(E),0.2397132706568519,2.280256036865284,E,2013-08-19
VIAB,VIAB.W^E14,2013-08-27,ESG-EGARCH(G),0.239915258015707,2.284100437648543,G,2013-08-19
VIAB,VIAB.W^E14,2013-08-27,ESG-EGARCH(S),0.2396935795159188,2.2798814309981785,S,2013-08-19
VIAB,VIAB.W^E14,2013-08-27,ESG-GARCH,0.2158912860681874,1.8495653730228552,all,2013-08-19
VIAB,VIAB.W^E14,2013-08-27,ESG-GARCH(E),0.2161954666162108,1.8547809438651248,E,2013-08-19
VIAB,VIAB.W^E14,2013-08-27,ESG-GARCH(G),0.2159040643815874,1.849784326051137,G,2013-08-19
VIAB,VIAB.W^E14,2013-08-27,ESG-GARCH(S),0.2162442382987064,1.85561788084872,S,2013-08-19
VIAB,VIAB.W^E14,2013-08-27,ESG-GJR-GARCH,0.2154109227661395,1.8413438748793536,all,2013-08-19
VIAB,VIAB.W^E14,2013-08-27,ESG-GJR-GARCH(E),0.2170290198632231,1.8691109310631475,E,2013-08-19
VIAB,VIAB.W^E14,2013-08-27,ESG-GJR-GARCH(G),0.2154164284399943,1.841438001660445,G,2013-08-19
VIAB,VIAB.W^E14,2013-08-27,ESG-GJR-GARCH(S),0.2172561510772131,1.873025205590669,S,2013-08-19
VIAB,VIAB.W^E14,2013-08-27,GARCH,0.2139620793760973,1.8166575956723567,,2013-08-19
VIAB,VIAB.W^E14,2013-08-27,GJR-GARCH,0.2096003883032118,1.7433461419387764,,2013-08-19
VIAB,VIAB.W^E14,2013-08-28,EGARCH,0.2459160247583152,2.399789334640171,,2013-08-19
VIAB,VIAB.W^E14,2013-08-28,ESG-EGARCH,0.2402273032517656,2.290045921730784,all,2013-08-19
VIAB,VIAB.W^E14,2013-08-28,ESG-EGARCH(E),0.2397132706568519,2.280256036865284,E,2013-08-19
VIAB,VIAB.W^E14,2013-08-28,ESG-EGARCH(G),0.239915258015707,2.284100437648543,G,2013-08-19
VIAB,VIAB.W^E14,2013-08-28,ESG-EGARCH(S),0.2396935795159188,2.2798814309981785,S,2013-08-19
VIAB,VIAB.W^E14,2013-08-28,ESG-GARCH,0.2158912860681874,1.8495653730228552,all,2013-08-19
VIAB,VIAB.W^E14,2013-08-28,ESG-GARCH(E),0.2161954666162108,1.8547809438651248,E,2013-08-19
VIAB,VIAB.W^E14,2013-08-28,ESG-GARCH(G),0.2159040643815874,1.849784326051137,G,2013-08-19
VIAB,VIAB.W^E14,2013-08-28,ESG-GARCH(S),0.2162442382987064,1.85561788084872,S,2013-08-19
VIAB,VIAB.W^E14,2013-08-28,ESG-GJR-GARCH,0.2154109227661395,1.8413438748793536,all,2013-08-19
VIAB,VIAB.W^E14,2013-08-28,ESG-GJR-GARCH(E),0.2170290198632231,1.8691109310631475,E,2013-08-19
VIAB,VIAB.W^E14,2013-08-28,ESG-GJR-GARCH(G),0.2154164284399943,1.841438001660445,G,2013-08-19
VIAB,VIAB.W^E14,2013-08-28,ESG-GJR-GARCH(S),0.2172561510772131,1.873025205590669,S,2013-08-19
VIAB,VIAB.W^E14,2013-08-28,GARCH,0.2139620793760973,1.8166575956723567,,2013-08-19
VIAB,VIAB.W^E14,2013-08-28,GJR-GARCH,0.2096003883032118,1.7433461419387764,,2013-08-19
VIAB,VIAB.W^E14,2013-08-29,EGARCH,0.2459160247583152,2.399789334640171,,2013-08-19
VIAB,VIAB.W^E14,2013-08-29,ESG-EGARCH,0.2402273032517656,2.290045921730784,all,2013-08-19
VIAB,VIAB.W^E14,2013-08-29,ESG-EGARCH(E),0.2397132706568519,2.280256036865284,E,2013-08-19
VIAB,VIAB.W^E14,2013-08-29,ESG-EGARCH(G),0.239915258015707,2.284100437648543,G,2013-08-19
VIAB,VIAB.W^E14,2013-08-29,ESG-EGARCH(S),0.2396935795159188,2.2798814309981785,S,2013-08-19
VIAB,VIAB.W^E14,2013-08-29,ESG-GARCH,0.2158912860681874,1.8495653730228552,all,2013-08-19
VIAB,VIAB.W^E14,2013-08-29,ESG-GARCH(E),0.2161954666162108,1.8547809438651248,E,2013-08-19
VIAB,VIAB.W^E14,2013-08-29,ESG-GARCH(G),0.2159040643815874,1.849784326051137,G,2013-08-19
VIAB,VIAB.W^E14,2013-08-29,ESG-GARCH(S),0.2162442382987064,1.85561788084872,S,2013-08-19
VIAB,VIAB.W^E14,2013-08-29,ESG-GJR-GARCH,0.2154109227661395,1.8413438748793536,all,2013-08-19
VIAB,VIAB.W^E14,2013-08-29,ESG-GJR-GARCH(E),0.2170290198632231,1.8691109310631475,E,2013-08-19
VIAB,VIAB.W^E14,2013-08-29,ESG-GJR-GARCH(G),0.2154164284399943,1.841438001660445,G,2013-08-19
VIAB,VIAB.W^E14,2013-08-29,ESG-GJR-GARCH(S),0.2172561510772131,1.873025205590669,S,2013-08-19
VIAB,VIAB.W^E14,2013-08-29,GARCH,0.2139620793760973,1.8166575956723567,,2013-08-19
VIAB,VIAB.W^E14,2013-08-29,GJR-GARCH,0.2096003883032118,1.7433461419387764,,2013-08-19
VIAB,VIAB.W^E14,2013-08-30,EGARCH,0.2459160247583152,2.399789334640171,,2013-08-19
VIAB,VIAB.W^E14,2013-08-30,ESG-EGARCH,0.2402273032517656,2.290045921730784,all,2013-08-19
VIAB,VIAB.W^E14,2013-08-30,ESG-EGARCH(E),0.2397132706568519,2.280256036865284,E,2013-08-19
VIAB,VIAB.W^E14,2013-08-30,ESG-EGARCH(G),0.239915258015707,2.284100437648543,G,2013-08-19
VIAB,VIAB.W^E14,2013-08-30,ESG-EGARCH(S),0.2396935795159188,2.2798814309981785,S,2013-08-19
VIAB,VIAB.W^E14,2013-08-30,ESG-GARCH,0.2158912860681874,1.8495653730228552,all,2013-08-19
VIAB,VIAB.W^E14,2013-08-30,ESG-GARCH(E),0.2161954666162108,1.8547809438651248,E,2013-08-19
VIAB,VIAB.W^E14,2013-08-30,ESG-GARCH(G),0.2159040643815874,1.849784326051137,G,2013-08-19
VIAB,VIAB.W^E14,2013-08-30,ESG-GARCH(S),0.2162442382987064,1.85561788084872,S,2013-08-19
VIAB,VIAB.W^E14,2013-08-30,ESG-GJR-GARCH,0.2154109227661395,1.8413438748793536,all,2013-08-19
VIAB,VIAB.W^E14,2013-08-30,ESG-GJR-GARCH(E),0.2170290198632231,1.8691109310631475,E,2013-08-19
VIAB,VIAB.W^E14,2013-08-30,ESG-GJR-GARCH(G),0.2154164284399943,1.841438001660445,G,2013-08-19
VIAB,VIAB.W^E14,2013-08-30,ESG-GJR-GARCH(S),0.2172561510772131,1.873025205590669,S,2013-08-19
VIAB,VIAB.W^E14,2013-08-30,GARCH,0.2139620793760973,1.8166575956723567,,2013-08-19
VIAB,VIAB.W^E14,2013-08-30,GJR-GARCH,0.2096003883032118,1.7433461419387764,,2013-08-19
VIAB,VIAB.W^E14,2013-09-04,EGARCH,0.2459160247583152,2.399789334640171,,2013-08-19
VIAB,VIAB.W^E14,2013-09-04,ESG-EGARCH,0.2402273032517656,2.290045921730784,all,2013-08-19
VIAB,VIAB.W^E14,2013-09-04,ESG-EGARCH(E),0.2397132706568519,2.280256036865284,E,2013-08-19
VIAB,VIAB.W^E14,2013-09-04,ESG-EGARCH(G),0.239915258015707,2.284100437648543,G,2013-08-19
VIAB,VIAB.W^E14,2013-09-04,ESG-EGARCH(S),0.2396935795159188,2.2798814309981785,S,2013-08-19
VIAB,VIAB.W^E14,2013-09-04,ESG-GARCH,0.2158912860681874,1.8495653730228552,all,2013-08-19
VIAB,VIAB.W^E14,2013-09-04,ESG-GARCH(E),0.2161954666162108,1.8547809438651248,E,2013-08-19
VIAB,VIAB.W^E14,2013-09-04,ESG-GARCH(G),0.2159040643815874,1.849784326051137,G,2013-08-19
VIAB,VIAB.W^E14,2013-09-04,ESG-GARCH(S),0.2162442382987064,1.85561788084872,S,2013-08-19
VIAB,VIAB.W^E14,2013-09-04,ESG-GJR-GARCH,0.2154109227661395,1.8413438748793536,all,2013-08-19
VIAB,VIAB.W^E14,2013-09-04,ESG-GJR-GARCH(E),0.2170290198632231,1.8691109310631475,E,2013-08-19
VIAB,VIAB.W^E14,2013-09-04,ESG-GJR-GARCH(G),0.2154164284399943,1.841438001660445,G,2013-08-19
VIAB,VIAB.W^E14,2013-09-04,ESG-GJR-GARCH(S),0.2172561510772131,1.873025205590669,S,2013-08-19
VIAB,VIAB.W^E14,2013-09-04,GARCH,0.2139620793760973,1.8166575956723567,,2013-08-19
VIAB,VIAB.W^E14,2013-09-04,GJR-GARCH,0.2096003883032118,1.7433461419387764,,2013-08-19
VIAB,VIAB.W^E14,2013-09-05,EGARCH,0.2459160247583152,2.399789334640171,,2013-08-19
VIAB,VIAB.W^E14,2013-09-05,ESG-EGARCH,0.2402273032517656,2.290045921730784,all,2013-08-19
VIAB,VIAB.W^E14,2013-09-05,ESG-EGARCH(E),0.2397132706568519,2.280256036865284,E,2013-08-19
VIAB,VIAB.W^E14,2013-09-05,ESG-EGARCH(G),0.239915258015707,2.284100437648543,G,2013-08-19
VIAB,VIAB.W^E14,2013-09-05,ESG-EGARCH(S),0.2396935795159188,2.2798814309981785,S,2013-08-19
VIAB,VIAB.W^E14,2013-09-05,ESG-GARCH,0.2158912860681874,1.8495653730228552,all,2013-08-19
VIAB,VIAB.W^E14,2013-09-05,ESG-GARCH(E),0.2161954666162108,1.8547809438651248,E,2013-08-19
VIAB,VIAB.W^E14,2013-09-05,ESG-GARCH(G),0.2159040643815874,1.849784326051137,G,2013-08-19
VIAB,VIAB.W^E14,2013-09-05,ESG-GARCH(S),0.2162442382987064,1.85561788084872,S,2013-08-19
VIAB,VIAB.W^E14,2013-09-05,ESG-GJR-GARCH,0.2154109227661395,1.8413438748793536,all,2013-08-19
VIAB,VIAB.W^E14,2013-09-05,ESG-GJR-GARCH(E),0.2170290198632231,1.8691109310631475,E,2013-08-19
VIAB,VIAB.W^E14,2013-09-05,ESG-GJR-GARCH(G),0.2154164284399943,1.841438001660445,G,2013-08-19
VIAB,VIAB.W^E14,2013-09-05,ESG-GJR-GARCH(S),0.2172561510772131,1.873025205590669,S,2013-08-19
VIAB,VIAB.W^E14,2013-09-05,GARCH,0.2139620793760973,1.8166575956723567,,2013-08-19
VIAB,VIAB.W^E14,2013-09-05,GJR-GARCH,0.2096003883032118,1.7433461419387764,,2013-08-19
VIAB,VIAB.W^E14,2013-09-06,EGARCH,0.2459160247583152,2.399789334640171,,2013-08-19
VIAB,VIAB.W^E14,2013-09-06,ESG-EGARCH,0.2402273032517656,2.290045921730784,all,2013-08-19
VIAB,VIAB.W^E14,2013-09-06,ESG-EGARCH(E),0.2397132706568519,2.280256036865284,E,2013-08-19
VIAB,VIAB.W^E14,2013-09-06,ESG-EGARCH(G),0.239915258015707,2.284100437648543,G,2013-08-19
VIAB,VIAB.W^E14,2013-09-06,ESG-EGARCH(S),0.2396935795159188,2.2798814309981785,S,2013-08-19
VIAB,VIAB.W^E14,2013-09-06,ESG-GARCH,0.2158912860681874,1.8495653730228552,all,2013-08-19
VIAB,VIAB.W^E14,2013-09-06,ESG-GARCH(E),0.2161954666162108,1.8547809438651248,E,2013-08-19
VIAB,VIAB.W^E14,2013-09-06,ESG-GARCH(G),0.2159040643815874,1.849784326051137,G,2013-08-19
VIAB,VIAB.W^E14,2013-09-06,ESG-GARCH(S),0.2162442382987064,1.85561788084872,S,2013-08-19
VIAB,VIAB.W^E14,2013-09-06,ESG-GJR-GARCH,0.2154109227661395,1.8413438748793536,all,2013-08-19
VIAB,VIAB.W^E14,2013-09-06,ESG-GJR-GARCH(E),0.2170290198632231,1.8691109310631475,E,2013-08-19
VIAB,VIAB.W^E14,2013-09-06,ESG-GJR-GARCH(G),0.2154164284399943,1.841438001660445,G,2013-08-19
VIAB,VIAB.W^E14,2013-09-06,ESG-GJR-GARCH(S),0.2172561510772131,1.873025205590669,S,2013-08-19
VIAB,VIAB.W^E14,2013-09-06,GARCH,0.2139620793760973,1.8166575956723567,,2013-08-19
VIAB,VIAB.W^E14,2013-09-06,GJR-GARCH,0.2096003883032118,1.7433461419387764,,2013-08-19
VIAB,VIAB.W^E14,2013-09-09,EGARCH,0.2459160247583152,2.399789334640171,,2013-08-19
VIAB,VIAB.W^E14,2013-09-09,ESG-EGARCH,0.2402273032517656,2.290045921730784,all,2013-08-19
VIAB,VIAB.W^E14,2013-09-09,ESG-EGARCH(E),0.2397132706568519,2.280256036865284,E,2013-08-19
VIAB,VIAB.W^E14,2013-09-09,ESG-EGARCH(G),0.239915258015707,2.284100437648543,G,2013-08-19
VIAB,VIAB.W^E14,2013-09-09,ESG-EGARCH(S),0.2396935795159188,2.2798814309981785,S,2013-08-19
VIAB,VIAB.W^E14,2013-09-09,ESG-GARCH,0.2158912860681874,1.8495653730228552,all,2013-08-19
VIAB,VIAB.W^E14,2013-09-09,ESG-GARCH(E),0.2161954666162108,1.8547809438651248,E,2013-08-19
VIAB,VIAB.W^E14,2013-09-09,ESG-GARCH(G),0.2159040643815874,1.849784326051137,G,2013-08-19
VIAB,VIAB.W^E14,2013-09-09,ESG-GARCH(S),0.2162442382987064,1.85561788084872,S,2013-08-19
VIAB,VIAB.W^E14,2013-09-09,ESG-GJR-GARCH,0.2154109227661395,1.8413438748793536,all,2013-08-19
VIAB,VIAB.W^E14,2013-09-09,ESG-GJR-GARCH(E),0.2170290198632231,1.8691109310631475,E,2013-08-19
VIAB,VIAB.W^E14,2013-09-09,ESG-GJR-GARCH(G),0.2154164284399943,1.841438001660445,G,2013-08-19
VIAB,VIAB.W^E14,2013-09-09,ESG-GJR-GARCH(S),0.2172561510772131,1.873025205590669,S,2013-08-19
VIAB,VIAB.W^E14,2013-09-09,GARCH,0.2139620793760973,1.8166575956723567,,2013-08-19
VIAB,VIAB.W^E14,2013-09-09,GJR-GARCH,0.2096003883032118,1.7433461419387764,,2013-08-19
VIAB,VIAB.W^E14,2013-09-10,EGARCH,0.2459160247583152,2.399789334640171,,2013-08-19
VIAB,VIAB.W^E14,2013-09-10,ESG-EGARCH,0.2402273032517656,2.290045921730784,all,2013-08-19
VIAB,VIAB.W^E14,2013-09-10,ESG-EGARCH(E),0.2397132706568519,2.280256036865284,E,2013-08-19
VIAB,VIAB.W^E14,2013-09-10,ESG-EGARCH(G),0.239915258015707,2.284100437648543,G,2013-08-19
VIAB,VIAB.W^E14,2013-09-10,ESG-EGARCH(S),0.2396935795159188,2.2798814309981785,S,2013-08-19
VIAB,VIAB.W^E14,2013-09-10,ESG-GARCH,0.2158912860681874,1.8495653730228552,all,2013-08-19
VIAB,VIAB.W^E14,2013-09-10,ESG-GARCH(E),0.2161954666162108,1.8547809438651248,E,2013-08-19
VIAB,VIAB.W^E14,2013-09-10,ESG-GARCH(G),0.2159040643815874,1.849784326051137,G,2013-08-19
VIAB,VIAB.W^E14,2013-09-10,ESG-GARCH(S),0.2162442382987064,1.85561788084872,S,2013-08-19
VIAB,VIAB.W^E14,2013-09-10,ESG-GJR-GARCH,0.2154109227661395,1.8413438748793536,all,2013-08-19
VIAB,VIAB.W^E14,2013-09-10,ESG-GJR-GARCH(E),0.2170290198632231,1.8691109310631475,E,2013-08-19
VIAB,VIAB.W^E14,2013-09-10,ESG-GJR-GARCH(G),0.2154164284399943,1.841438001660445,G,2013-08-19
VIAB,VIAB.W^E14,2013-09-10,ESG-GJR-GARCH(S),0.2172561510772131,1.873025205590669,S,2013-08-19
VIAB,VIAB.W^E14,2013-09-10,GARCH,0.2139620793760973,1.8166575956723567,,2013-08-19
VIAB,VIAB.W^E14,2013-09-10,GJR-GARCH,0.2096003883032118,1.7433461419387764,,2013-08-19
VIAB,VIAB.W^E14,2013-09-11,EGARCH,0.2459160247583152,2.399789334640171,,2013-08-19
VIAB,VIAB.W^E14,2013-09-11,ESG-EGARCH,0.2402273032517656,2.290045921730784,all,2013-08-19
VIAB,VIAB.W^E14,2013-09-11,ESG-EGARCH(E),0.2397132706568519,2.280256036865284,E,2013-08-19
VIAB,VIAB.W^E14,2013-09-11,ESG-EGARCH(G),0.239915258015707,2.284100437648543,G,2013-08-19
VIAB,VIAB.W^E14,2013-09-11,ESG-EGARCH(S),0.2396935795159188,2.2798814309981785,S,2013-08-19
VIAB,VIAB.W^E14,2013-09-11,ESG-GARCH,0.2158912860681874,1.8495653730228552,all,2013-08-19
VIAB,VIAB.W^E14,2013-09-11,ESG-GARCH(E),0.2161954666162108,1.8547809438651248,E,2013-08-19
VIAB,VIAB.W^E14,2013-09-11,ESG-GARCH(G),0.2159040643815874,1.849784326051137,G,2013-08-19
VIAB,VIAB.W^E14,2013-09-11,ESG-GARCH(S),0.2162442382987064,1.85561788084872,S,2013-08-19
VIAB,VIAB.W^E14,2013-09-11,ESG-GJR-GARCH,0.2154109227661395,1.8413438748793536,all,2013-08-19
VIAB,VIAB.W^E14,2013-09-11,ESG-GJR-GARCH(E),0.2170290198632231,1.8691109310631475,E,2013-08-19
VIAB,VIAB.W^E14,2013-09-11,ESG-GJR-GARCH(G),0.2154164284399943,1.841438001660445,G,2013-08-19
VIAB,VIAB.W^E14,2013-09-11,ESG-GJR-GARCH(S),0.2172561510772131,1.873025205590669,S,2013-08-19
VIAB,VIAB.W^E14,2013-09-11,GARCH,0.2139620793760973,1.8166575956723567,,2013-08-19
VIAB,VIAB.W^E14,2013-09-11,GJR-GARCH,0.2096003883032118,1.7433461419387764,,2013-08-19
VIAB,VIAB.W^E14,2013-09-12,EGARCH,0.2459160247583152,2.399789334640171,,2013-08-19
VIAB,VIAB.W^E14,2013-09-12,ESG-EGARCH,0.2402273032517656,2.290045921730784,all,2013-08-19
VIAB,VIAB.W^E14,2013-09-12,ESG-EGARCH(E),0.2397132706568519,2.280256036865284,E,2013-08-19
VIAB,VIAB.W^E14,2013-09-12,ESG-EGARCH(G),0.239915258015707,2.284100437648543,G,2013-08-19
VIAB,VIAB.W^E14,2013-09-12,ESG-EGARCH(S),0.2396935795159188,2.2798814309981785,S,2013-08-19
VIAB,VIAB.W^E14,2013-09-12,ESG-GARCH,0.2158912860681874,1.8495653730228552,all,2013-08-19
VIAB,VIAB.W^E14,2013-09-12,ESG-GARCH(E),0.2161954666162108,1.8547809438651248,E,2013-08-19
VIAB,VIAB.W^E14,2013-09-12,ESG-GARCH(G),0.2159040643815874,1.849784326051137,G,2013-08-19
VIAB,VIAB.W^E14,2013-09-12,ESG-GARCH(S),0.2162442382987064,1.85561788084872,S,2013-08-19
VIAB,VIAB.W^E14,2013-09-12,ESG-GJR-GARCH,0.2154109227661395,1.8413438748793536,all,2013-08-19
VIAB,VIAB.W^E14,2013-09-12,ESG-GJR-GARCH(E),0.2170290198632231,1.8691109310631475,E,2013-08-19
VIAB,VIAB.W^E14,2013-09-12,ESG-GJR-GARCH(G),0.2154164284399943,1.841438001660445,G,2013-08-19
VIAB,VIAB.W^E14,2013-09-12,ESG-GJR-GARCH(S),0.2172561510772131,1.873025205590669,S,2013-08-19
VIAB,VIAB.W^E14,2013-09-12,GARCH,0.2139620793760973,1.8166575956723567,,2013-08-19
VIAB,VIAB.W^E14,2013-09-12,GJR-GARCH,0.2096003883032118,1.7433461419387764,,2013-08-19
VIAB,VIAB.W^E14,2013-09-13,EGARCH,0.2459160247583152,2.399789334640171,,2013-08-19
VIAB,VIAB.W^E14,2013-09-13,ESG-EGARCH,0.2402273032517656,2.290045921730784,all,2013-08-19
VIAB,VIAB.W^E14,2013-09-13,ESG-EGARCH(E),0.2397132706568519,2.280256036865284,E,2013-08-19
VIAB,VIAB.W^E14,2013-09-13,ESG-EGARCH(G),0.239915258015707,2.284100437648543,G,2013-08-19
VIAB,VIAB.W^E14,2013-09-13,ESG-EGARCH(S),0.2396935795159188,2.2798814309981785,S,2013-08-19
VIAB,VIAB.W^E14,2013-09-13,ESG-GARCH,0.2158912860681874,1.8495653730228552,all,2013-08-19
VIAB,VIAB.W^E14,2013-09-13,ESG-GARCH(E),0.2161954666162108,1.8547809438651248,E,2013-08-19
VIAB,VIAB.W^E14,2013-09-13,ESG-GARCH(G),0.2159040643815874,1.849784326051137,G,2013-08-19
VIAB,VIAB.W^E14,2013-09-13,ESG-GARCH(S),0.2162442382987064,1.85561788084872,S,2013-08-19
VIAB,VIAB.W^E14,2013-09-13,ESG-GJR-GARCH,0.2154109227661395,1.8413438748793536,all,2013-08-19
VIAB,VIAB.W^E14,2013-09-13,ESG-GJR-GARCH(E),0.2170290198632231,1.8691109310631475,E,2013-08-19
VIAB,VIAB.W^E14,2013-09-13,ESG-GJR-GARCH(G),0.2154164284399943,1.841438001660445,G,2013-08-19
VIAB,VIAB.W^E14,2013-09-13,ESG-GJR-GARCH(S),0.2172561510772131,1.873025205590669,S,2013-08-19
VIAB,VIAB.W^E14,2013-09-13,GARCH,0.2139620793760973,1.8166575956723567,,2013-08-19
VIAB,VIAB.W^E14,2013-09-13,GJR-GARCH,0.2096003883032118,1.7433461419387764,,2013-08-19
VIAB,VIAB.W^E14,2013-09-16,EGARCH,0.2459160247583152,2.399789334640171,,2013-08-19
VIAB,VIAB.W^E14,2013-09-16,ESG-EGARCH,0.2402273032517656,2.290045921730784,all,2013-08-19
VIAB,VIAB.W^E14,2013-09-16,ESG-EGARCH(E),0.2397132706568519,2.280256036865284,E,2013-08-19
VIAB,VIAB.W^E14,2013-09-16,ESG-EGARCH(G),0.239915258015707,2.284100437648543,G,2013-08-19
VIAB,VIAB.W^E14,2013-09-16,ESG-EGARCH(S),0.2396935795159188,2.2798814309981785,S,2013-08-19
VIAB,VIAB.W^E14,2013-09-16,ESG-GARCH,0.2158912860681874,1.8495653730228552,all,2013-08-19
VIAB,VIAB.W^E14,2013-09-16,ESG-GARCH(E),0.2161954666162108,1.8547809438651248,E,2013-08-19
VIAB,VIAB.W^E14,2013-09-16,ESG-GARCH(G),0.2159040643815874,1.849784326051137,G,2013-08-19
VIAB,VIAB.W^E14,2013-09-16,ESG-GARCH(S),0.2162442382987064,1.85561788084872,S,2013-08-19
VIAB,VIAB.W^E14,2013-09-16,ESG-GJR-GARCH,0.2154109227661395,1.8413438748793536,all,2013-08-19
VIAB,VIAB.W^E14,2013-09-16,ESG-GJR-GARCH(E),0.2170290198632231,1.8691109310631475,E,2013-08-19
VIAB,VIAB.W^E14,2013-09-16,ESG-GJR-GARCH(G),0.2154164284399943,1.841438001660445,G,2013-08-19
VIAB,VIAB.W^E14,2013-09-16,ESG-GJR-GARCH(S),0.2172561510772131,1.873025205590669,S,2013-08-19
VIAB,VIAB.W^E14,2013-09-16,GARCH,0.2139620793760973,1.8166575956723567,,2013-08-19
VIAB,VIAB.W^E14,2013-09-16,GJR-GARCH,0.2096003883032118,1.7433461419387764,,2013-08-19
VIAB,VIAB.W^E14,2013-09-17,EGARCH,0.2459160247583152,2.399789334640171,,2013-08-19
VIAB,VIAB.W^E14,2013-09-17,ESG-EGARCH,0.2402273032517656,2.290045921730784,all,2013-08-19
VIAB,VIAB.W^E14,2013-09-17,ESG-EGARCH(E),0.2397132706568519,2.280256036865284,E,2013-08-19
VIAB,VIAB.W^E14,2013-09-17,ESG-EGARCH(G),0.239915258015707,2.284100437648543,G,2013-08-19
VIAB,VIAB.W^E14,2013-09-17,ESG-EGARCH(S),0.2396935795159188,2.2798814309981785,S,2013-08-19
VIAB,VIAB.W^E14,2013-09-17,ESG-GARCH,0.2158912860681874,1.8495653730228552,all,2013-08-19
VIAB,VIAB.W^E14,2013-09-17,ESG-GARCH(E),0.2161954666162108,1.8547809438651248,E,2013-08-19
VIAB,VIAB.W^E14,2013-09-17,ESG-GARCH(G),0.2159040643815874,1.849784326051137,G,2013-08-19
VIAB,VIAB.W^E14,2013-09-17,ESG-GARCH(S),0.2162442382987064,1.85561788084872,S,2013-08-19
VIAB,VIAB.W^E14,2013-09-17,ESG-GJR-GARCH,0.2154109227661395,1.8413438748793536,all,2013-08-19
VIAB,VIAB.W^E14,2013-09-17,ESG-GJR-GARCH(E),0.2170290198632231,1.8691109310631475,E,2013-08-19
VIAB,VIAB.W^E14,2013-09-17,ESG-GJR-GARCH(G),0.2154164284399943,1.841438001660445,G,2013-08-19
VIAB,VIAB.W^E14,2013-09-17,ESG-GJR-GARCH(S),0.2172561510772131,1.873025205590669,S,2013-08-19
VIAB,VIAB.W^E14,2013-09-17,GARCH,0.2139620793760973,1.8166575956723567,,2013-08-19
VIAB,VIAB.W^E14,2013-09-17,GJR-GARCH,0.2096003883032118,1.7433461419387764,,2013-08-19
VIAB,VIAB.W^E14,2013-09-18,EGARCH,0.2459160247583152,2.399789334640171,,2013-08-19
VIAB,VIAB.W^E14,2013-09-18,ESG-EGARCH,0.2402273032517656,2.290045921730784,all,2013-08-19
VIAB,VIAB.W^E14,2013-09-18,ESG-EGARCH(E),0.2397132706568519,2.280256036865284,E,2013-08-19
VIAB,VIAB.W^E14,2013-09-18,ESG-EGARCH(G),0.239915258015707,2.284100437648543,G,2013-08-19
VIAB,VIAB.W^E14,2013-09-18,ESG-EGARCH(S),0.2396935795159188,2.2798814309981785,S,2013-08-19
VIAB,VIAB.W^E14,2013-09-18,ESG-GARCH,0.2158912860681874,1.8495653730228552,all,2013-08-19
VIAB,VIAB.W^E14,2013-09-18,ESG-GARCH(E),0.2161954666162108,1.8547809438651248,E,2013-08-19
VIAB,VIAB.W^E14,2013-09-18,ESG-GARCH(G),0.2159040643815874,1.849784326051137,G,2013-08-19
VIAB,VIAB.W^E14,2013-09-18,ESG-GARCH(S),0.2162442382987064,1.85561788084872,S,2013-08-19
VIAB,VIAB.W^E14,2013-09-18,ESG-GJR-GARCH,0.2154109227661395,1.8413438748793536,all,2013-08-19
VIAB,VIAB.W^E14,2013-09-18,ESG-GJR-GARCH(E),0.2170290198632231,1.8691109310631475,E,2013-08-19
VIAB,VIAB.W^E14,2013-09-18,ESG-GJR-GARCH(G),0.2154164284399943,1.841438001660445,G,2013-08-19
VIAB,VIAB.W^E14,2013-09-18,ESG-GJR-GARCH(S),0.2172561510772131,1.873025205590669,S,2013-08-19
VIAB,VIAB.W^E14,2013-09-18,GARCH,0.2139620793760973,1.8166575956723567,,2013-08-19
VIAB,VIAB.W^E14,2013-09-18,GJR-GARCH,0.2096003883032118,1.7433461419387764,,2013-08-19
VIAB,VIAB.W^E14,2013-09-19,EGARCH,0.2459160247583152,2.399789334640171,,2013-08-19
VIAB,VIAB.W^E14,2013-09-19,ESG-EGARCH,0.2402273032517656,2.290045921730784,all,2013-08-19
VIAB,VIAB.W^E14,2013-09-19,ESG-EGARCH(E),0.2397132706568519,2.280256036865284,E,2013-08-19
VIAB,VIAB.W^E14,2013-09-19,ESG-EGARCH(G),0.239915258015707,2.284100437648543,G,2013-08-19
VIAB,VIAB.W^E14,2013-09-19,ESG-EGARCH(S),0.2396935795159188,2.2798814309981785,S,2013-08-19
VIAB,VIAB.W^E14,2013-09-19,ESG-GARCH,0.2158912860681874,1.8495653730228552,all,2013-08-19
VIAB,VIAB.W^E14,2013-09-19,ESG-GARCH(E),0.2161954666162108,1.8547809438651248,E,2013-08-19
VIAB,VIAB.W^E14,2013-09-19,ESG-GARCH(G),0.2159040643815874,1.849784326051137,G,2013-08-19
VIAB,VIAB.W^E14,2013-09-19,ESG-GARCH(S),0.2162442382987064,1.85561788084872,S,2013-08-19
VIAB,VIAB.W^E14,2013-09-19,ESG-GJR-GARCH,0.2154109227661395,1.8413438748793536,all,2013-08-19
VIAB,VIAB.W^E14,2013-09-19,ESG-GJR-GARCH(E),0.2170290198632231,1.8691109310631475,E,2013-08-19
VIAB,VIAB.W^E14,2013-09-19,ESG-GJR-GARCH(G),0.2154164284399943,1.841438001660445,G,2013-08-19
VIAB,VIAB.W^E14,2013-09-19,ESG-GJR-GARCH(S),0.2172561510772131,1.873025205590669,S,2013-08-19
VIAB,VIAB.W^E14,2013-09-19,GARCH,0.2139620793760973,1.8166575956723567,,2013-08-19
VIAB,VIAB.W^E14,2013-09-19,GJR-GARCH,0.2096003883032118,1.7433461419387764,,2013-08-19
VIAB,VIAB.W^E14,2013-09-20,EGARCH,0.2224543427588238,1.9637275639785825,,2013-09-20
VIAB,VIAB.W^E14,2013-09-20,ESG-EGARCH,0.2176886308582669,1.880489682735984,all,2013-09-20
VIAB,VIAB.W^E14,2013-09-20,ESG-EGARCH(E),0.217574759260033,1.8785228518675137,E,2013-09-20
VIAB,VIAB.W^E14,2013-09-20,ESG-EGARCH(G),0.2178269586581919,1.882880314217368,G,2013-09-20
VIAB,VIAB.W^E14,2013-09-20,ESG-EGARCH(S),0.2175128558712989,1.8774540662416048,S,2013-09-20
VIAB,VIAB.W^E14,2013-09-20,ESG-GARCH,0.2134018087848621,1.8071560314543988,all,2013-09-20
VIAB,VIAB.W^E14,2013-09-20,ESG-GARCH(E),0.213101315047441,1.8020702569424103,E,2013-09-20
VIAB,VIAB.W^E14,2013-09-20,ESG-GARCH(G),0.2128259468548153,1.7974160180416137,G,2013-09-20
VIAB,VIAB.W^E14,2013-09-20,ESG-GARCH(S),0.2131233120985876,1.802442307931429,S,2013-09-20
VIAB,VIAB.W^E14,2013-09-20,ESG-GJR-GARCH,0.2120906275249076,1.7850172334884564,all,2013-09-20
VIAB,VIAB.W^E14,2013-09-20,ESG-GJR-GARCH(E),0.2136957348689362,1.8121375833799485,E,2013-09-20
VIAB,VIAB.W^E14,2013-09-20,ESG-GJR-GARCH(G),0.2122965806720761,1.7884856414704506,G,2013-09-20
VIAB,VIAB.W^E14,2013-09-20,ESG-GJR-GARCH(S),0.2138547023280649,1.814834670945448,S,2013-09-20
VIAB,VIAB.W^E14,2013-09-20,GARCH,0.2103014889665196,1.7550284230767927,,2013-09-20
VIAB,VIAB.W^E14,2013-09-20,GJR-GARCH,0.2061597027399234,1.686580279119587,,2013-09-20
VIAB,VIAB.W^E14,2013-09-23,EGARCH,0.2224543427588238,1.9637275639785825,,2013-09-20
VIAB,VIAB.W^E14,2013-09-23,ESG-EGARCH,0.2176886308582669,1.880489682735984,all,2013-09-20
VIAB,VIAB.W^E14,2013-09-23,ESG-EGARCH(E),0.217574759260033,1.8785228518675137,E,2013-09-20
VIAB,VIAB.W^E14,2013-09-23,ESG-EGARCH(G),0.2178269586581919,1.882880314217368,G,2013-09-20
VIAB,VIAB.W^E14,2013-09-23,ESG-EGARCH(S),0.2175128558712989,1.8774540662416048,S,2013-09-20
VIAB,VIAB.W^E14,2013-09-23,ESG-GARCH,0.2134018087848621,1.8071560314543988,all,2013-09-20
VIAB,VIAB.W^E14,2013-09-23,ESG-GARCH(E),0.213101315047441,1.8020702569424103,E,2013-09-20
VIAB,VIAB.W^E14,2013-09-23,ESG-GARCH(G),0.2128259468548153,1.7974160180416137,G,2013-09-20
VIAB,VIAB.W^E14,2013-09-23,ESG-GARCH(S),0.2131233120985876,1.802442307931429,S,2013-09-20
VIAB,VIAB.W^E14,2013-09-23,ESG-GJR-GARCH,0.2120906275249076,1.7850172334884564,all,2013-09-20
VIAB,VIAB.W^E14,2013-09-23,ESG-GJR-GARCH(E),0.2136957348689362,1.8121375833799485,E,2013-09-20
VIAB,VIAB.W^E14,2013-09-23,ESG-GJR-GARCH(G),0.2122965806720761,1.7884856414704506,G,2013-09-20
VIAB,VIAB.W^E14,2013-09-23,ESG-GJR-GARCH(S),0.2138547023280649,1.814834670945448,S,2013-09-20
VIAB,VIAB.W^E14,2013-09-23,GARCH,0.2103014889665196,1.7550284230767927,,2013-09-20
VIAB,VIAB.W^E14,2013-09-23,GJR-GARCH,0.2061597027399234,1.686580279119587,,2013-09-20
VIAB,VIAB.W^E14,2013-09-24,EGARCH,0.2224543427588238,1.9637275639785825,,2013-09-20
VIAB,VIAB.W^E14,2013-09-24,ESG-EGARCH,0.2176886308582669,1.880489682735984,all,2013-09-20
VIAB,VIAB.W^E14,2013-09-24,ESG-EGARCH(E),0.217574759260033,1.8785228518675137,E,2013-09-20
VIAB,VIAB.W^E14,2013-09-24,ESG-EGARCH(G),0.2178269586581919,1.882880314217368,G,2013-09-20
VIAB,VIAB.W^E14,2013-09-24,ESG-EGARCH(S),0.2175128558712989,1.8774540662416048,S,2013-09-20
VIAB,VIAB.W^E14,2013-09-24,ESG-GARCH,0.2134018087848621,1.8071560314543988,all,2013-09-20
VIAB,VIAB.W^E14,2013-09-24,ESG-GARCH(E),0.213101315047441,1.8020702569424103,E,2013-09-20
VIAB,VIAB.W^E14,2013-09-24,ESG-GARCH(G),0.2128259468548153,1.7974160180416137,G,2013-09-20
VIAB,VIAB.W^E14,2013-09-24,ESG-GARCH(S),0.2131233120985876,1.802442307931429,S,2013-09-20
VIAB,VIAB.W^E14,2013-09-24,ESG-GJR-GARCH,0.2120906275249076,1.7850172334884564,all,2013-09-20
VIAB,VIAB.W^E14,2013-09-24,ESG-GJR-GARCH(E),0.2136957348689362,1.8121375833799485,E,2013-09-20
VIAB,VIAB.W^E14,2013-09-24,ESG-GJR-GARCH(G),0.2122965806720761,1.7884856414704506,G,2013-09-20
VIAB,VIAB.W^E14,2013-09-24,ESG-GJR-GARCH(S),0.2138547023280649,1.814834670945448,S,2013-09-20
VIAB,VIAB.W^E14,2013-09-24,GARCH,0.2103014889665196,1.7550284230767927,,2013-09-20
VIAB,VIAB.W^E14,2013-09-24,GJR-GARCH,0.2061597027399234,1.686580279119587,,2013-09-20
VIAB,VIAB.W^E14,2013-09-25,EGARCH,0.2224543427588238,1.9637275639785825,,2013-09-20
VIAB,VIAB.W^E14,2013-09-25,ESG-EGARCH,0.2176886308582669,1.880489682735984,all,2013-09-20
VIAB,VIAB.W^E14,2013-09-25,ESG-EGARCH(E),0.217574759260033,1.8785228518675137,E,2013-09-20
VIAB,VIAB.W^E14,2013-09-25,ESG-EGARCH(G),0.2178269586581919,1.882880314217368,G,2013-09-20
VIAB,VIAB.W^E14,2013-09-25,ESG-EGARCH(S),0.2175128558712989,1.8774540662416048,S,2013-09-20
VIAB,VIAB.W^E14,2013-09-25,ESG-GARCH,0.2134018087848621,1.8071560314543988,all,2013-09-20
VIAB,VIAB.W^E14,2013-09-25,ESG-GARCH(E),0.213101315047441,1.8020702569424103,E,2013-09-20
VIAB,VIAB.W^E14,2013-09-25,ESG-GARCH(G),0.2128259468548153,1.7974160180416137,G,2013-09-20
VIAB,VIAB.W^E14,2013-09-25,ESG-GARCH(S),0.2131233120985876,1.802442307931429,S,2013-09-20
VIAB,VIAB.W^E14,2013-09-25,ESG-GJR-GARCH,0.2120906275249076,1.7850172334884564,all,2013-09-20
VIAB,VIAB.W^E14,2013-09-25,ESG-GJR-GARCH(E),0.2136957348689362,1.8121375833799485,E,2013-09-20
VIAB,VIAB.W^E14,2013-09-25,ESG-GJR-GARCH(G),0.2122965806720761,1.7884856414704506,G,2013-09-20
VIAB,VIAB.W^E14,2013-09-25,ESG-GJR-GARCH(S),0.2138547023280649,1.814834670945448,S,2013-09-20
VIAB,VIAB.W^E14,2013-09-25,GARCH,0.2103014889665196,1.7550284230767927,,2013-09-20
VIAB,VIAB.W^E14,2013-09-25,GJR-GARCH,0.2061597027399234,1.686580279119587,,2013-09-20
VIAB,VIAB.W^E14,2013-09-26,EGARCH,0.2224543427588238,1.9637275639785825,,2013-09-20
VIAB,VIAB.W^E14,2013-09-26,ESG-EGARCH,0.2176886308582669,1.880489682735984,all,2013-09-20
VIAB,VIAB.W^E14,2013-09-26,ESG-EGARCH(E),0.217574759260033,1.8785228518675137,E,2013-09-20
VIAB,VIAB.W^E14,2013-09-26,ESG-EGARCH(G),0.2178269586581919,1.882880314217368,G,2013-09-20
VIAB,VIAB.W^E14,2013-09-26,ESG-EGARCH(S),0.2175128558712989,1.8774540662416048,S,2013-09-20
VIAB,VIAB.W^E14,2013-09-26,ESG-GARCH,0.2134018087848621,1.8071560314543988,all,2013-09-20
VIAB,VIAB.W^E14,2013-09-26,ESG-GARCH(E),0.213101315047441,1.8020702569424103,E,2013-09-20
VIAB,VIAB.W^E14,2013-09-26,ESG-GARCH(G),0.2128259468548153,1.7974160180416137,G,2013-09-20
VIAB,VIAB.W^E14,2013-09-26,ESG-GARCH(S),0.2131233120985876,1.802442307931429,S,2013-09-20
VIAB,VIAB.W^E14,2013-09-26,ESG-GJR-GARCH,0.2120906275249076,1.7850172334884564,all,2013-09-20
VIAB,VIAB.W^E14,2013-09-26,ESG-GJR-GARCH(E),0.2136957348689362,1.8121375833799485,E,2013-09-20
VIAB,VIAB.W^E14,2013-09-26,ESG-GJR-GARCH(G),0.2122965806720761,1.7884856414704506,G,2013-09-20
VIAB,VIAB.W^E14,2013-09-26,ESG-GJR-GARCH(S),0.2138547023280649,1.814834670945448,S,2013-09-20
VIAB,VIAB.W^E14,2013-09-26,GARCH,0.2103014889665196,1.7550284230767927,,2013-09-20
VIAB,VIAB.W^E14,2013-09-26,GJR-GARCH,0.2061597027399234,1.686580279119587,,2013-09-20
VIAB,VIAB.W^E14,2013-09-27,EGARCH,0.2224543427588238,1.9637275639785825,,2013-09-20
VIAB,VIAB.W^E14,2013-09-27,ESG-EGARCH,0.2176886308582669,1.880489682735984,all,2013-09-20
VIAB,VIAB.W^E14,2013-09-27,ESG-EGARCH(E),0.217574759260033,1.8785228518675137,E,2013-09-20
VIAB,VIAB.W^E14,2013-09-27,ESG-EGARCH(G),0.2178269586581919,1.882880314217368,G,2013-09-20
VIAB,VIAB.W^E14,2013-09-27,ESG-EGARCH(S),0.2175128558712989,1.8774540662416048,S,2013-09-20
VIAB,VIAB.W^E14,2013-09-27,ESG-GARCH,0.2134018087848621,1.8071560314543988,all,2013-09-20
VIAB,VIAB.W^E14,2013-09-27,ESG-GARCH(E),0.213101315047441,1.8020702569424103,E,2013-09-20
VIAB,VIAB.W^E14,2013-09-27,ESG-GARCH(G),0.2128259468548153,1.7974160180416137,G,2013-09-20
VIAB,VIAB.W^E14,2013-09-27,ESG-GARCH(S),0.2131233120985876,1.802442307931429,S,2013-09-20
VIAB,VIAB.W^E14,2013-09-27,ESG-GJR-GARCH,0.2120906275249076,1.7850172334884564,all,2013-09-20
VIAB,VIAB.W^E14,2013-09-27,ESG-GJR-GARCH(E),0.2136957348689362,1.8121375833799485,E,2013-09-20
VIAB,VIAB.W^E14,2013-09-27,ESG-GJR-GARCH(G),0.2122965806720761,1.7884856414704506,G,2013-09-20
VIAB,VIAB.W^E14,2013-09-27,ESG-GJR-GARCH(S),0.2138547023280649,1.814834670945448,S,2013-09-20
VIAB,VIAB.W^E14,2013-09-27,GARCH,0.2103014889665196,1.7550284230767927,,2013-09-20
VIAB,VIAB.W^E14,2013-09-27,GJR-GARCH,0.2061597027399234,1.686580279119587,,2013-09-20
VIAB,VIAB.W^E14,2013-09-30,EGARCH,0.2224543427588238,1.9637275639785825,,2013-09-20
VIAB,VIAB.W^E14,2013-09-30,ESG-EGARCH,0.2176886308582669,1.880489682735984,all,2013-09-20
VIAB,VIAB.W^E14,2013-09-30,ESG-EGARCH(E),0.217574759260033,1.8785228518675137,E,2013-09-20
VIAB,VIAB.W^E14,2013-09-30,ESG-EGARCH(G),0.2178269586581919,1.882880314217368,G,2013-09-20
VIAB,VIAB.W^E14,2013-09-30,ESG-EGARCH(S),0.2175128558712989,1.8774540662416048,S,2013-09-20
VIAB,VIAB.W^E14,2013-09-30,ESG-GARCH,0.2134018087848621,1.8071560314543988,all,2013-09-20
VIAB,VIAB.W^E14,2013-09-30,ESG-GARCH(E),0.213101315047441,1.8020702569424103,E,2013-09-20
VIAB,VIAB.W^E14,2013-09-30,ESG-GARCH(G),0.2128259468548153,1.7974160180416137,G,2013-09-20
VIAB,VIAB.W^E14,2013-09-30,ESG-GARCH(S),0.2131233120985876,1.802442307931429,S,2013-09-20
VIAB,VIAB.W^E14,2013-09-30,ESG-GJR-GARCH,0.2120906275249076,1.7850172334884564,all,2013-09-20
VIAB,VIAB.W^E14,2013-09-30,ESG-GJR-GARCH(E),0.2136957348689362,1.8121375833799485,E,2013-09-20
VIAB,VIAB.W^E14,2013-09-30,ESG-GJR-GARCH(G),0.2122965806720761,1.7884856414704506,G,2013-09-20
VIAB,VIAB.W^E14,2013-09-30,ESG-GJR-GARCH(S),0.2138547023280649,1.814834670945448,S,2013-09-20
VIAB,VIAB.W^E14,2013-09-30,GARCH,0.2103014889665196,1.7550284230767927,,2013-09-20
VIAB,VIAB.W^E14,2013-09-30,GJR-GARCH,0.2061597027399234,1.686580279119587,,2013-09-20
VIAB,VIAB.W^E14,2013-10-01,EGARCH,0.2224543427588238,1.9637275639785825,,2013-09-20
VIAB,VIAB.W^E14,2013-10-01,ESG-EGARCH,0.2176886308582669,1.880489682735984,all,2013-09-20
VIAB,VIAB.W^E14,2013-10-01,ESG-EGARCH(E),0.217574759260033,1.8785228518675137,E,2013-09-20
VIAB,VIAB.W^E14,2013-10-01,ESG-EGARCH(G),0.2178269586581919,1.882880314217368,G,2013-09-20
VIAB,VIAB.W^E14,2013-10-01,ESG-EGARCH(S),0.2175128558712989,1.8774540662416048,S,2013-09-20
VIAB,VIAB.W^E14,2013-10-01,ESG-GARCH,0.2134018087848621,1.8071560314543988,all,2013-09-20
VIAB,VIAB.W^E14,2013-10-01,ESG-GARCH(E),0.213101315047441,1.8020702569424103,E,2013-09-20
VIAB,VIAB.W^E14,2013-10-01,ESG-GARCH(G),0.2128259468548153,1.7974160180416137,G,2013-09-20
VIAB,VIAB.W^E14,2013-10-01,ESG-GARCH(S),0.2131233120985876,1.802442307931429,S,2013-09-20
VIAB,VIAB.W^E14,2013-10-01,ESG-GJR-GARCH,0.2120906275249076,1.7850172334884564,all,2013-09-20
VIAB,VIAB.W^E14,2013-10-01,ESG-GJR-GARCH(E),0.2136957348689362,1.8121375833799485,E,2013-09-20
VIAB,VIAB.W^E14,2013-10-01,ESG-GJR-GARCH(G),0.2122965806720761,1.7884856414704506,G,2013-09-20
VIAB,VIAB.W^E14,2013-10-01,ESG-GJR-GARCH(S),0.2138547023280649,1.814834670945448,S,2013-09-20
VIAB,VIAB.W^E14,2013-10-01,GARCH,0.2103014889665196,1.7550284230767927,,2013-09-20
VIAB,VIAB.W^E14,2013-10-01,GJR-GARCH,0.2061597027399234,1.686580279119587,,2013-09-20
VIAB,VIAB.W^E14,2013-10-02,EGARCH,0.2224543427588238,1.9637275639785825,,2013-09-20
VIAB,VIAB.W^E14,2013-10-02,ESG-EGARCH,0.2176886308582669,1.880489682735984,all,2013-09-20
VIAB,VIAB.W^E14,2013-10-02,ESG-EGARCH(E),0.217574759260033,1.8785228518675137,E,2013-09-20
VIAB,VIAB.W^E14,2013-10-02,ESG-EGARCH(G),0.2178269586581919,1.882880314217368,G,2013-09-20
VIAB,VIAB.W^E14,2013-10-02,ESG-EGARCH(S),0.2175128558712989,1.8774540662416048,S,2013-09-20
VIAB,VIAB.W^E14,2013-10-02,ESG-GARCH,0.2134018087848621,1.8071560314543988,all,2013-09-20
VIAB,VIAB.W^E14,2013-10-02,ESG-GARCH(E),0.213101315047441,1.8020702569424103,E,2013-09-20
VIAB,VIAB.W^E14,2013-10-02,ESG-GARCH(G),0.2128259468548153,1.7974160180416137,G,2013-09-20
VIAB,VIAB.W^E14,2013-10-02,ESG-GARCH(S),0.2131233120985876,1.802442307931429,S,2013-09-20
VIAB,VIAB.W^E14,2013-10-02,ESG-GJR-GARCH,0.2120906275249076,1.7850172334884564,all,2013-09-20
VIAB,VIAB.W^E14,2013-10-02,ESG-GJR-GARCH(E),0.2136957348689362,1.8121375833799485,E,2013-09-20
VIAB,VIAB.W^E14,2013-10-02,ESG-GJR-GARCH(G),0.2122965806720761,1.7884856414704506,G,2013-09-20
VIAB,VIAB.W^E14,2013-10-02,ESG-GJR-GARCH(S),0.2138547023280649,1.814834670945448,S,2013-09-20
VIAB,VIAB.W^E14,2013-10-02,GARCH,0.2103014889665196,1.7550284230767927,,2013-09-20
VIAB,VIAB.W^E14,2013-10-02,GJR-GARCH,0.2061597027399234,1.686580279119587,,2013-09-20
VIAB,VIAB.W^E14,2013-10-03,EGARCH,0.2224543427588238,1.9637275639785825,,2013-09-20
VIAB,VIAB.W^E14,2013-10-03,ESG-EGARCH,0.2176886308582669,1.880489682735984,all,2013-09-20
VIAB,VIAB.W^E14,2013-10-03,ESG-EGARCH(E),0.217574759260033,1.8785228518675137,E,2013-09-20
VIAB,VIAB.W^E14,2013-10-03,ESG-EGARCH(G),0.2178269586581919,1.882880314217368,G,2013-09-20
VIAB,VIAB.W^E14,2013-10-03,ESG-EGARCH(S),0.2175128558712989,1.8774540662416048,S,2013-09-20
VIAB,VIAB.W^E14,2013-10-03,ESG-GARCH,0.2134018087848621,1.8071560314543988,all,2013-09-20
VIAB,VIAB.W^E14,2013-10-03,ESG-GARCH(E),0.213101315047441,1.8020702569424103,E,2013-09-20
VIAB,VIAB.W^E14,2013-10-03,ESG-GARCH(G),0.2128259468548153,1.7974160180416137,G,2013-09-20
VIAB,VIAB.W^E14,2013-10-03,ESG-GARCH(S),0.2131233120985876,1.802442307931429,S,2013-09-20
VIAB,VIAB.W^E14,2013-10-03,ESG-GJR-GARCH,0.2120906275249076,1.7850172334884564,all,2013-09-20
VIAB,VIAB.W^E14,2013-10-03,ESG-GJR-GARCH(E),0.2136957348689362,1.8121375833799485,E,2013-09-20
VIAB,VIAB.W^E14,2013-10-03,ESG-GJR-GARCH(G),0.2122965806720761,1.7884856414704506,G,2013-09-20
VIAB,VIAB.W^E14,2013-10-03,ESG-GJR-GARCH(S),0.2138547023280649,1.814834670945448,S,2013-09-20
VIAB,VIAB.W^E14,2013-10-03,GARCH,0.2103014889665196,1.7550284230767927,,2013-09-20
VIAB,VIAB.W^E14,2013-10-03,GJR-GARCH,0.2061597027399234,1.686580279119587,,2013-09-20
VIAB,VIAB.W^E14,2013-10-04,EGARCH,0.2224543427588238,1.9637275639785825,,2013-09-20
VIAB,VIAB.W^E14,2013-10-04,ESG-EGARCH,0.2176886308582669,1.880489682735984,all,2013-09-20
VIAB,VIAB.W^E14,2013-10-04,ESG-EGARCH(E),0.217574759260033,1.8785228518675137,E,2013-09-20
VIAB,VIAB.W^E14,2013-10-04,ESG-EGARCH(G),0.2178269586581919,1.882880314217368,G,2013-09-20
VIAB,VIAB.W^E14,2013-10-04,ESG-EGARCH(S),0.2175128558712989,1.8774540662416048,S,2013-09-20
VIAB,VIAB.W^E14,2013-10-04,ESG-GARCH,0.2134018087848621,1.8071560314543988,all,2013-09-20
VIAB,VIAB.W^E14,2013-10-04,ESG-GARCH(E),0.213101315047441,1.8020702569424103,E,2013-09-20
VIAB,VIAB.W^E14,2013-10-04,ESG-GARCH(G),0.2128259468548153,1.7974160180416137,G,2013-09-20
VIAB,VIAB.W^E14,2013-10-04,ESG-GARCH(S),0.2131233120985876,1.802442307931429,S,2013-09-20
VIAB,VIAB.W^E14,2013-10-04,ESG-GJR-GARCH,0.2120906275249076,1.7850172334884564,all,2013-09-20
VIAB,VIAB.W^E14,2013-10-04,ESG-GJR-GARCH(E),0.2136957348689362,1.8121375833799485,E,2013-09-20
VIAB,VIAB.W^E14,2013-10-04,ESG-GJR-GARCH(G),0.2122965806720761,1.7884856414704506,G,2013-09-20
VIAB,VIAB.W^E14,2013-10-04,ESG-GJR-GARCH(S),0.2138547023280649,1.814834670945448,S,2013-09-20
VIAB,VIAB.W^E14,2013-10-04,GARCH,0.2103014889665196,1.7550284230767927,,2013-09-20
VIAB,VIAB.W^E14,2013-10-04,GJR-GARCH,0.2061597027399234,1.686580279119587,,2013-09-20
VIAB,VIAB.W^E14,2013-10-07,EGARCH,0.2224543427588238,1.9637275639785825,,2013-09-20
VIAB,VIAB.W^E14,2013-10-07,ESG-EGARCH,0.2176886308582669,1.880489682735984,all,2013-09-20
VIAB,VIAB.W^E14,2013-10-07,ESG-EGARCH(E),0.217574759260033,1.8785228518675137,E,2013-09-20
VIAB,VIAB.W^E14,2013-10-07,ESG-EGARCH(G),0.2178269586581919,1.882880314217368,G,2013-09-20
VIAB,VIAB.W^E14,2013-10-07,ESG-EGARCH(S),0.2175128558712989,1.8774540662416048,S,2013-09-20
VIAB,VIAB.W^E14,2013-10-07,ESG-GARCH,0.2134018087848621,1.8071560314543988,all,2013-09-20
VIAB,VIAB.W^E14,2013-10-07,ESG-GARCH(E),0.213101315047441,1.8020702569424103,E,2013-09-20
VIAB,VIAB.W^E14,2013-10-07,ESG-GARCH(G),0.2128259468548153,1.7974160180416137,G,2013-09-20
VIAB,VIAB.W^E14,2013-10-07,ESG-GARCH(S),0.2131233120985876,1.802442307931429,S,2013-09-20
VIAB,VIAB.W^E14,2013-10-07,ESG-GJR-GARCH,0.2120906275249076,1.7850172334884564,all,2013-09-20
VIAB,VIAB.W^E14,2013-10-07,ESG-GJR-GARCH(E),0.2136957348689362,1.8121375833799485,E,2013-09-20
VIAB,VIAB.W^E14,2013-10-07,ESG-GJR-GARCH(G),0.2122965806720761,1.7884856414704506,G,2013-09-20
VIAB,VIAB.W^E14,2013-10-07,ESG-GJR-GARCH(S),0.2138547023280649,1.814834670945448,S,2013-09-20
VIAB,VIAB.W^E14,2013-10-07,GARCH,0.2103014889665196,1.7550284230767927,,2013-09-20
VIAB,VIAB.W^E14,2013-10-07,GJR-GARCH,0.2061597027399234,1.686580279119587,,2013-09-20
VIAB,VIAB.W^E14,2013-10-08,EGARCH,0.2224543427588238,1.9637275639785825,,2013-09-20
VIAB,VIAB.W^E14,2013-10-08,ESG-EGARCH,0.2176886308582669,1.880489682735984,all,2013-09-20
VIAB,VIAB.W^E14,2013-10-08,ESG-EGARCH(E),0.217574759260033,1.8785228518675137,E,2013-09-20
VIAB,VIAB.W^E14,2013-10-08,ESG-EGARCH(G),0.2178269586581919,1.882880314217368,G,2013-09-20
VIAB,VIAB.W^E14,2013-10-08,ESG-EGARCH(S),0.2175128558712989,1.8774540662416048,S,2013-09-20
VIAB,VIAB.W^E14,2013-10-08,ESG-GARCH,0.2134018087848621,1.8071560314543988,all,2013-09-20
VIAB,VIAB.W^E14,2013-10-08,ESG-GARCH(E),0.213101315047441,1.8020702569424103,E,2013-09-20
VIAB,VIAB.W^E14,2013-10-08,ESG-GARCH(G),0.2128259468548153,1.7974160180416137,G,2013-09-20
VIAB,VIAB.W^E14,2013-10-08,ESG-GARCH(S),0.2131233120985876,1.802442307931429,S,2013-09-20
VIAB,VIAB.W^E14,2013-10-08,ESG-GJR-GARCH,0.2120906275249076,1.7850172334884564,all,2013-09-20
VIAB,VIAB.W^E14,2013-10-08,ESG-GJR-GARCH(E),0.2136957348689362,1.8121375833799485,E,2013-09-20
VIAB,VIAB.W^E14,2013-10-08,ESG-GJR-GARCH(G),0.2122965806720761,1.7884856414704506,G,2013-09-20
VIAB,VIAB.W^E14,2013-10-08,ESG-GJR-GARCH(S),0.2138547023280649,1.814834670945448,S,2013-09-20
VIAB,VIAB.W^E14,2013-10-08,GARCH,0.2103014889665196,1.7550284230767927,,2013-09-20
VIAB,VIAB.W^E14,2013-10-08,GJR-GARCH,0.2061597027399234,1.686580279119587,,2013-09-20
VIAB,VIAB.W^E14,2013-10-09,EGARCH,0.2224543427588238,1.9637275639785825,,2013-09-20
VIAB,VIAB.W^E14,2013-10-09,ESG-EGARCH,0.2176886308582669,1.880489682735984,all,2013-09-20
VIAB,VIAB.W^E14,2013-10-09,ESG-EGARCH(E),0.217574759260033,1.8785228518675137,E,2013-09-20
VIAB,VIAB.W^E14,2013-10-09,ESG-EGARCH(G),0.2178269586581919,1.882880314217368,G,2013-09-20
VIAB,VIAB.W^E14,2013-10-09,ESG-EGARCH(S),0.2175128558712989,1.8774540662416048,S,2013-09-20
VIAB,VIAB.W^E14,2013-10-09,ESG-GARCH,0.2134018087848621,1.8071560314543988,all,2013-09-20
VIAB,VIAB.W^E14,2013-10-09,ESG-GARCH(E),0.213101315047441,1.8020702569424103,E,2013-09-20
VIAB,VIAB.W^E14,2013-10-09,ESG-GARCH(G),0.2128259468548153,1.7974160180416137,G,2013-09-20
VIAB,VIAB.W^E14,2013-10-09,ESG-GARCH(S),0.2131233120985876,1.802442307931429,S,2013-09-20
VIAB,VIAB.W^E14,2013-10-09,ESG-GJR-GARCH,0.2120906275249076,1.7850172334884564,all,2013-09-20
VIAB,VIAB.W^E14,2013-10-09,ESG-GJR-GARCH(E),0.2136957348689362,1.8121375833799485,E,2013-09-20
VIAB,VIAB.W^E14,2013-10-09,ESG-GJR-GARCH(G),0.2122965806720761,1.7884856414704506,G,2013-09-20
VIAB,VIAB.W^E14,2013-10-09,ESG-GJR-GARCH(S),0.2138547023280649,1.814834670945448,S,2013-09-20
VIAB,VIAB.W^E14,2013-10-09,GARCH,0.2103014889665196,1.7550284230767927,,2013-09-20
VIAB,VIAB.W^E14,2013-10-09,GJR-GARCH,0.2061597027399234,1.686580279119587,,2013-09-20
VIAB,VIAB.W^E14,2013-10-10,EGARCH,0.2224543427588238,1.9637275639785825,,2013-09-20
VIAB,VIAB.W^E14,2013-10-10,ESG-EGARCH,0.2176886308582669,1.880489682735984,all,2013-09-20
VIAB,VIAB.W^E14,2013-10-10,ESG-EGARCH(E),0.217574759260033,1.8785228518675137,E,2013-09-20
VIAB,VIAB.W^E14,2013-10-10,ESG-EGARCH(G),0.2178269586581919,1.882880314217368,G,2013-09-20
VIAB,VIAB.W^E14,2013-10-10,ESG-EGARCH(S),0.2175128558712989,1.8774540662416048,S,2013-09-20
VIAB,VIAB.W^E14,2013-10-10,ESG-GARCH,0.2134018087848621,1.8071560314543988,all,2013-09-20
VIAB,VIAB.W^E14,2013-10-10,ESG-GARCH(E),0.213101315047441,1.8020702569424103,E,2013-09-20
VIAB,VIAB.W^E14,2013-10-10,ESG-GARCH(G),0.2128259468548153,1.7974160180416137,G,2013-09-20
VIAB,VIAB.W^E14,2013-10-10,ESG-GARCH(S),0.2131233120985876,1.802442307931429,S,2013-09-20
VIAB,VIAB.W^E14,2013-10-10,ESG-GJR-GARCH,0.2120906275249076,1.7850172334884564,all,2013-09-20
VIAB,VIAB.W^E14,2013-10-10,ESG-GJR-GARCH(E),0.2136957348689362,1.8121375833799485,E,2013-09-20
VIAB,VIAB.W^E14,2013-10-10,ESG-GJR-GARCH(G),0.2122965806720761,1.7884856414704506,G,2013-09-20
VIAB,VIAB.W^E14,2013-10-10,ESG-GJR-GARCH(S),0.2138547023280649,1.814834670945448,S,2013-09-20
VIAB,VIAB.W^E14,2013-10-10,GARCH,0.2103014889665196,1.7550284230767927,,2013-09-20
VIAB,VIAB.W^E14,2013-10-10,GJR-GARCH,0.2061597027399234,1.686580279119587,,2013-09-20
VIAB,VIAB.W^E14,2013-10-17,EGARCH,0.2224543427588238,1.9637275639785825,,2013-09-20
VIAB,VIAB.W^E14,2013-10-17,ESG-EGARCH,0.2176886308582669,1.880489682735984,all,2013-09-20
VIAB,VIAB.W^E14,2013-10-17,ESG-EGARCH(E),0.217574759260033,1.8785228518675137,E,2013-09-20
VIAB,VIAB.W^E14,2013-10-17,ESG-EGARCH(G),0.2178269586581919,1.882880314217368,G,2013-09-20
VIAB,VIAB.W^E14,2013-10-17,ESG-EGARCH(S),0.2175128558712989,1.8774540662416048,S,2013-09-20
VIAB,VIAB.W^E14,2013-10-17,ESG-GARCH,0.2134018087848621,1.8071560314543988,all,2013-09-20
VIAB,VIAB.W^E14,2013-10-17,ESG-GARCH(E),0.213101315047441,1.8020702569424103,E,2013-09-20
VIAB,VIAB.W^E14,2013-10-17,ESG-GARCH(G),0.2128259468548153,1.7974160180416137,G,2013-09-20
VIAB,VIAB.W^E14,2013-10-17,ESG-GARCH(S),0.2131233120985876,1.802442307931429,S,2013-09-20
VIAB,VIAB.W^E14,2013-10-17,ESG-GJR-GARCH,0.2120906275249076,1.7850172334884564,all,2013-09-20
VIAB,VIAB.W^E14,2013-10-17,ESG-GJR-GARCH(E),0.2136957348689362,1.8121375833799485,E,2013-09-20
VIAB,VIAB.W^E14,2013-10-17,ESG-GJR-GARCH(G),0.2122965806720761,1.7884856414704506,G,2013-09-20
VIAB,VIAB.W^E14,2013-10-17,ESG-GJR-GARCH(S),0.2138547023280649,1.814834670945448,S,2013-09-20
VIAB,VIAB.W^E14,2013-10-17,GARCH,0.2103014889665196,1.7550284230767927,,2013-09-20
VIAB,VIAB.W^E14,2013-10-17,GJR-GARCH,0.2061597027399234,1.686580279119587,,2013-09-20
VIAB,VIAB.W^E14,2013-10-18,EGARCH,0.2224543427588238,1.9637275639785825,,2013-09-20
VIAB,VIAB.W^E14,2013-10-18,ESG-EGARCH,0.2176886308582669,1.880489682735984,all,2013-09-20
VIAB,VIAB.W^E14,2013-10-18,ESG-EGARCH(E),0.217574759260033,1.8785228518675137,E,2013-09-20
VIAB,VIAB.W^E14,2013-10-18,ESG-EGARCH(G),0.2178269586581919,1.882880314217368,G,2013-09-20
VIAB,VIAB.W^E14,2013-10-18,ESG-EGARCH(S),0.2175128558712989,1.8774540662416048,S,2013-09-20
VIAB,VIAB.W^E14,2013-10-18,ESG-GARCH,0.2134018087848621,1.8071560314543988,all,2013-09-20
VIAB,VIAB.W^E14,2013-10-18,ESG-GARCH(E),0.213101315047441,1.8020702569424103,E,2013-09-20
VIAB,VIAB.W^E14,2013-10-18,ESG-GARCH(G),0.2128259468548153,1.7974160180416137,G,2013-09-20
VIAB,VIAB.W^E14,2013-10-18,ESG-GARCH(S),0.2131233120985876,1.802442307931429,S,2013-09-20
VIAB,VIAB.W^E14,2013-10-18,ESG-GJR-GARCH,0.2120906275249076,1.7850172334884564,all,2013-09-20
VIAB,VIAB.W^E14,2013-10-18,ESG-GJR-GARCH(E),0.2136957348689362,1.8121375833799485,E,2013-09-20
VIAB,VIAB.W^E14,2013-10-18,ESG-GJR-GARCH(G),0.2122965806720761,1.7884856414704506,G,2013-09-20
VIAB,VIAB.W^E14,2013-10-18,ESG-GJR-GARCH(S),0.2138547023280649,1.814834670945448,S,2013-09-20
VIAB,VIAB.W^E14,2013-10-18,GARCH,0.2103014889665196,1.7550284230767927,,2013-09-20
VIAB,VIAB.W^E14,2013-10-18,GJR-GARCH,0.2061597027399234,1.686580279119587,,2013-09-20
VIAB,VIAB.W^E14,2013-10-21,EGARCH,0.2224543427588238,1.9637275639785825,,2013-09-20
VIAB,VIAB.W^E14,2013-10-21,ESG-EGARCH,0.2176886308582669,1.880489682735984,all,2013-09-20
VIAB,VIAB.W^E14,2013-10-21,ESG-EGARCH(E),0.217574759260033,1.8785228518675137,E,2013-09-20
VIAB,VIAB.W^E14,2013-10-21,ESG-EGARCH(G),0.2178269586581919,1.882880314217368,G,2013-09-20
VIAB,VIAB.W^E14,2013-10-21,ESG-EGARCH(S),0.2175128558712989,1.8774540662416048,S,2013-09-20
VIAB,VIAB.W^E14,2013-10-21,ESG-GARCH,0.2134018087848621,1.8071560314543988,all,2013-09-20
VIAB,VIAB.W^E14,2013-10-21,ESG-GARCH(E),0.213101315047441,1.8020702569424103,E,2013-09-20
VIAB,VIAB.W^E14,2013-10-21,ESG-GARCH(G),0.2128259468548153,1.7974160180416137,G,2013-09-20
VIAB,VIAB.W^E14,2013-10-21,ESG-GARCH(S),0.2131233120985876,1.802442307931429,S,2013-09-20
VIAB,VIAB.W^E14,2013-10-21,ESG-GJR-GARCH,0.2120906275249076,1.7850172334884564,all,2013-09-20
VIAB,VIAB.W^E14,2013-10-21,ESG-GJR-GARCH(E),0.2136957348689362,1.8121375833799485,E,2013-09-20
VIAB,VIAB.W^E14,2013-10-21,ESG-GJR-GARCH(G),0.2122965806720761,1.7884856414704506,G,2013-09-20
VIAB,VIAB.W^E14,2013-10-21,ESG-GJR-GARCH(S),0.2138547023280649,1.814834670945448,S,2013-09-20
VIAB,VIAB.W^E14,2013-10-21,GARCH,0.2103014889665196,1.7550284230767927,,2013-09-20
VIAB,VIAB.W^E14,2013-10-21,GJR-GARCH,0.2061597027399234,1.686580279119587,,2013-09-20
VIAB,VIAB.W^E14,2013-10-22,EGARCH,0.2224543427588238,1.9637275639785825,,2013-09-20
VIAB,VIAB.W^E14,2013-10-22,ESG-EGARCH,0.2176886308582669,1.880489682735984,all,2013-09-20
VIAB,VIAB.W^E14,2013-10-22,ESG-EGARCH(E),0.217574759260033,1.8785228518675137,E,2013-09-20
VIAB,VIAB.W^E14,2013-10-22,ESG-EGARCH(G),0.2178269586581919,1.882880314217368,G,2013-09-20
VIAB,VIAB.W^E14,2013-10-22,ESG-EGARCH(S),0.2175128558712989,1.8774540662416048,S,2013-09-20
VIAB,VIAB.W^E14,2013-10-22,ESG-GARCH,0.2134018087848621,1.8071560314543988,all,2013-09-20
VIAB,VIAB.W^E14,2013-10-22,ESG-GARCH(E),0.213101315047441,1.8020702569424103,E,2013-09-20
VIAB,VIAB.W^E14,2013-10-22,ESG-GARCH(G),0.2128259468548153,1.7974160180416137,G,2013-09-20
VIAB,VIAB.W^E14,2013-10-22,ESG-GARCH(S),0.2131233120985876,1.802442307931429,S,2013-09-20
VIAB,VIAB.W^E14,2013-10-22,ESG-GJR-GARCH,0.2120906275249076,1.7850172334884564,all,2013-09-20
VIAB,VIAB.W^E14,2013-10-22,ESG-GJR-GARCH(E),0.2136957348689362,1.8121375833799485,E,2013-09-20
VIAB,VIAB.W^E14,2013-10-22,ESG-GJR-GARCH(G),0.2122965806720761,1.7884856414704506,G,2013-09-20
VIAB,VIAB.W^E14,2013-10-22,ESG-GJR-GARCH(S),0.2138547023280649,1.814834670945448,S,2013-09-20
VIAB,VIAB.W^E14,2013-10-22,GARCH,0.2103014889665196,1.7550284230767927,,2013-09-20
VIAB,VIAB.W^E14,2013-10-22,GJR-GARCH,0.2061597027399234,1.686580279119587,,2013-09-20
VIAB,VIAB.W^E14,2013-10-23,EGARCH,0.2224543427588238,1.9637275639785825,,2013-09-20
VIAB,VIAB.W^E14,2013-10-23,ESG-EGARCH,0.2176886308582669,1.880489682735984,all,2013-09-20
VIAB,VIAB.W^E14,2013-10-23,ESG-EGARCH(E),0.217574759260033,1.8785228518675137,E,2013-09-20
VIAB,VIAB.W^E14,2013-10-23,ESG-EGARCH(G),0.2178269586581919,1.882880314217368,G,2013-09-20
VIAB,VIAB.W^E14,2013-10-23,ESG-EGARCH(S),0.2175128558712989,1.8774540662416048,S,2013-09-20
VIAB,VIAB.W^E14,2013-10-23,ESG-GARCH,0.2134018087848621,1.8071560314543988,all,2013-09-20
VIAB,VIAB.W^E14,2013-10-23,ESG-GARCH(E),0.213101315047441,1.8020702569424103,E,2013-09-20
VIAB,VIAB.W^E14,2013-10-23,ESG-GARCH(G),0.2128259468548153,1.7974160180416137,G,2013-09-20
VIAB,VIAB.W^E14,2013-10-23,ESG-GARCH(S),0.2131233120985876,1.802442307931429,S,2013-09-20
VIAB,VIAB.W^E14,2013-10-23,ESG-GJR-GARCH,0.2120906275249076,1.7850172334884564,all,2013-09-20
VIAB,VIAB.W^E14,2013-10-23,ESG-GJR-GARCH(E),0.2136957348689362,1.8121375833799485,E,2013-09-20
VIAB,VIAB.W^E14,2013-10-23,ESG-GJR-GARCH(G),0.2122965806720761,1.7884856414704506,G,2013-09-20
VIAB,VIAB.W^E14,2013-10-23,ESG-GJR-GARCH(S),0.2138547023280649,1.814834670945448,S,2013-09-20
VIAB,VIAB.W^E14,2013-10-23,GARCH,0.2103014889665196,1.7550284230767927,,2013-09-20
VIAB,VIAB.W^E14,2013-10-23,GJR-GARCH,0.2061597027399234,1.686580279119587,,2013-09-20
VIAB,VIAB.W^E14,2013-10-24,EGARCH,0.2224543427588238,1.9637275639785825,,2013-09-20
VIAB,VIAB.W^E14,2013-10-24,ESG-EGARCH,0.2176886308582669,1.880489682735984,all,2013-09-20
VIAB,VIAB.W^E14,2013-10-24,ESG-EGARCH(E),0.217574759260033,1.8785228518675137,E,2013-09-20
VIAB,VIAB.W^E14,2013-10-24,ESG-EGARCH(G),0.2178269586581919,1.882880314217368,G,2013-09-20
VIAB,VIAB.W^E14,2013-10-24,ESG-EGARCH(S),0.2175128558712989,1.8774540662416048,S,2013-09-20
VIAB,VIAB.W^E14,2013-10-24,ESG-GARCH,0.2134018087848621,1.8071560314543988,all,2013-09-20
VIAB,VIAB.W^E14,2013-10-24,ESG-GARCH(E),0.213101315047441,1.8020702569424103,E,2013-09-20
VIAB,VIAB.W^E14,2013-10-24,ESG-GARCH(G),0.2128259468548153,1.7974160180416137,G,2013-09-20
VIAB,VIAB.W^E14,2013-10-24,ESG-GARCH(S),0.2131233120985876,1.802442307931429,S,2013-09-20
VIAB,VIAB.W^E14,2013-10-24,ESG-GJR-GARCH,0.2120906275249076,1.7850172334884564,all,2013-09-20
VIAB,VIAB.W^E14,2013-10-24,ESG-GJR-GARCH(E),0.2136957348689362,1.8121375833799485,E,2013-09-20
VIAB,VIAB.W^E14,2013-10-24,ESG-GJR-GARCH(G),0.2122965806720761,1.7884856414704506,G,2013-09-20
VIAB,VIAB.W^E14,2013-10-24,ESG-GJR-GARCH(S),0.2138547023280649,1.814834670945448,S,2013-09-20
VIAB,VIAB.W^E14,2013-10-24,GARCH,0.2103014889665196,1.7550284230767927,,2013-09-20
VIAB,VIAB.W^E14,2013-10-24,GJR-GARCH,0.2061597027399234,1.686580279119587,,2013-09-20
VIAB,VIAB.W^E14,2013-10-25,EGARCH,0.2224543427588238,1.9637275639785825,,2013-09-20
VIAB,VIAB.W^E14,2013-10-25,ESG-EGARCH,0.2176886308582669,1.880489682735984,all,2013-09-20
VIAB,VIAB.W^E14,2013-10-25,ESG-EGARCH(E),0.217574759260033,1.8785228518675137,E,2013-09-20
VIAB,VIAB.W^E14,2013-10-25,ESG-EGARCH(G),0.2178269586581919,1.882880314217368,G,2013-09-20
VIAB,VIAB.W^E14,2013-10-25,ESG-EGARCH(S),0.2175128558712989,1.8774540662416048,S,2013-09-20
VIAB,VIAB.W^E14,2013-10-25,ESG-GARCH,0.2134018087848621,1.8071560314543988,all,2013-09-20
VIAB,VIAB.W^E14,2013-10-25,ESG-GARCH(E),0.213101315047441,1.8020702569424103,E,2013-09-20
VIAB,VIAB.W^E14,2013-10-25,ESG-GARCH(G),0.2128259468548153,1.7974160180416137,G,2013-09-20
VIAB,VIAB.W^E14,2013-10-25,ESG-GARCH(S),0.2131233120985876,1.802442307931429,S,2013-09-20
VIAB,VIAB.W^E14,2013-10-25,ESG-GJR-GARCH,0.2120906275249076,1.7850172334884564,all,2013-09-20
VIAB,VIAB.W^E14,2013-10-25,ESG-GJR-GARCH(E),0.2136957348689362,1.8121375833799485,E,2013-09-20
VIAB,VIAB.W^E14,2013-10-25,ESG-GJR-GARCH(G),0.2122965806720761,1.7884856414704506,G,2013-09-20
VIAB,VIAB.W^E14,2013-10-25,ESG-GJR-GARCH(S),0.2138547023280649,1.814834670945448,S,2013-09-20
VIAB,VIAB.W^E14,2013-10-25,GARCH,0.2103014889665196,1.7550284230767927,,2013-09-20
VIAB,VIAB.W^E14,2013-10-25,GJR-GARCH,0.2061597027399234,1.686580279119587,,2013-09-20
VIAB,VIAB.W^E14,2013-10-30,EGARCH,0.2041848376313881,1.6544225364506486,,2013-10-30
VIAB,VIAB.W^E14,2013-10-30,ESG-EGARCH,0.1995279443700368,1.579817483513195,all,2013-10-30
VIAB,VIAB.W^E14,2013-10-30,ESG-EGARCH(E),0.1997108123219292,1.582714625328763,E,2013-10-30
VIAB,VIAB.W^E14,2013-10-30,ESG-EGARCH(G),0.1999514498424339,1.5865310434163244,G,2013-10-30
VIAB,VIAB.W^E14,2013-10-30,ESG-EGARCH(S),0.1996323199364899,1.58147076044544,S,2013-10-30
VIAB,VIAB.W^E14,2013-10-30,ESG-GARCH,0.2100346507993215,1.750577560967974,all,2013-10-30
VIAB,VIAB.W^E14,2013-10-30,ESG-GARCH(E),0.2105592715381337,1.759333604391648,E,2013-10-30
VIAB,VIAB.W^E14,2013-10-30,ESG-GARCH(G),0.2102683162201936,1.754474793891878,G,2013-10-30
VIAB,VIAB.W^E14,2013-10-30,ESG-GARCH(S),0.2105672581416777,1.7594670714803151,S,2013-10-30
VIAB,VIAB.W^E14,2013-10-30,ESG-GJR-GARCH,0.2091311350174675,1.7355488743529464,all,2013-10-30
VIAB,VIAB.W^E14,2013-10-30,ESG-GJR-GARCH(E),0.2109147635683862,1.7652792655201683,E,2013-10-30
VIAB,VIAB.W^E14,2013-10-30,ESG-GJR-GARCH(G),0.2096253581762956,1.7437615393071528,G,2013-10-30
VIAB,VIAB.W^E14,2013-10-30,ESG-GJR-GARCH(S),0.2110148545340023,1.766955112460563,S,2013-10-30
VIAB,VIAB.W^E14,2013-10-30,GARCH,0.2070443625044433,1.701086033526641,,2013-10-30
VIAB,VIAB.W^E14,2013-10-30,GJR-GARCH,0.2031662644341412,1.637957579528707,,2013-10-30
VIAB,VIAB.W^E14,2013-10-31,EGARCH,0.2041848376313881,1.6544225364506486,,2013-10-30
VIAB,VIAB.W^E14,2013-10-31,ESG-EGARCH,0.1995279443700368,1.579817483513195,all,2013-10-30
VIAB,VIAB.W^E14,2013-10-31,ESG-EGARCH(E),0.1997108123219292,1.582714625328763,E,2013-10-30
VIAB,VIAB.W^E14,2013-10-31,ESG-EGARCH(G),0.1999514498424339,1.5865310434163244,G,2013-10-30
VIAB,VIAB.W^E14,2013-10-31,ESG-EGARCH(S),0.1996323199364899,1.58147076044544,S,2013-10-30
VIAB,VIAB.W^E14,2013-10-31,ESG-GARCH,0.2100346507993215,1.750577560967974,all,2013-10-30
VIAB,VIAB.W^E14,2013-10-31,ESG-GARCH(E),0.2105592715381337,1.759333604391648,E,2013-10-30
VIAB,VIAB.W^E14,2013-10-31,ESG-GARCH(G),0.2102683162201936,1.754474793891878,G,2013-10-30
VIAB,VIAB.W^E14,2013-10-31,ESG-GARCH(S),0.2105672581416777,1.7594670714803151,S,2013-10-30
VIAB,VIAB.W^E14,2013-10-31,ESG-GJR-GARCH,0.2091311350174675,1.7355488743529464,all,2013-10-30
VIAB,VIAB.W^E14,2013-10-31,ESG-GJR-GARCH(E),0.2109147635683862,1.7652792655201683,E,2013-10-30
VIAB,VIAB.W^E14,2013-10-31,ESG-GJR-GARCH(G),0.2096253581762956,1.7437615393071528,G,2013-10-30
VIAB,VIAB.W^E14,2013-10-31,ESG-GJR-GARCH(S),0.2110148545340023,1.766955112460563,S,2013-10-30
VIAB,VIAB.W^E14,2013-10-31,GARCH,0.2070443625044433,1.701086033526641,,2013-10-30
VIAB,VIAB.W^E14,2013-10-31,GJR-GARCH,0.2031662644341412,1.637957579528707,,2013-10-30
VIAB,VIAB.W^E14,2013-11-01,EGARCH,0.2041848376313881,1.6544225364506486,,2013-10-30
VIAB,VIAB.W^E14,2013-11-01,ESG-EGARCH,0.1995279443700368,1.579817483513195,all,2013-10-30
VIAB,VIAB.W^E14,2013-11-01,ESG-EGARCH(E),0.1997108123219292,1.582714625328763,E,2013-10-30
VIAB,VIAB.W^E14,2013-11-01,ESG-EGARCH(G),0.1999514498424339,1.5865310434163244,G,2013-10-30
VIAB,VIAB.W^E14,2013-11-01,ESG-EGARCH(S),0.1996323199364899,1.58147076044544,S,2013-10-30
VIAB,VIAB.W^E14,2013-11-01,ESG-GARCH,0.2100346507993215,1.750577560967974,all,2013-10-30
VIAB,VIAB.W^E14,2013-11-01,ESG-GARCH(E),0.2105592715381337,1.759333604391648,E,2013-10-30
VIAB,VIAB.W^E14,2013-11-01,ESG-GARCH(G),0.2102683162201936,1.754474793891878,G,2013-10-30
VIAB,VIAB.W^E14,2013-11-01,ESG-GARCH(S),0.2105672581416777,1.7594670714803151,S,2013-10-30
VIAB,VIAB.W^E14,2013-11-01,ESG-GJR-GARCH,0.2091311350174675,1.7355488743529464,all,2013-10-30
VIAB,VIAB.W^E14,2013-11-01,ESG-GJR-GARCH(E),0.2109147635683862,1.7652792655201683,E,2013-10-30
VIAB,VIAB.W^E14,2013-11-01,ESG-GJR-GARCH(G),0.2096253581762956,1.7437615393071528,G,2013-10-30
VIAB,VIAB.W^E14,2013-11-01,ESG-GJR-GARCH(S),0.2110148545340023,1.766955112460563,S,2013-10-30
VIAB,VIAB.W^E14,2013-11-01,GARCH,0.2070443625044433,1.701086033526641,,2013-10-30
VIAB,VIAB.W^E14,2013-11-01,GJR-GARCH,0.2031662644341412,1.637957579528707,,2013-10-30
VIAB,VIAB.W^E14,2013-11-04,EGARCH,0.2041848376313881,1.6544225364506486,,2013-10-30
VIAB,VIAB.W^E14,2013-11-04,ESG-EGARCH,0.1995279443700368,1.579817483513195,all,2013-10-30
VIAB,VIAB.W^E14,2013-11-04,ESG-EGARCH(E),0.1997108123219292,1.582714625328763,E,2013-10-30
VIAB,VIAB.W^E14,2013-11-04,ESG-EGARCH(G),0.1999514498424339,1.5865310434163244,G,2013-10-30
VIAB,VIAB.W^E14,2013-11-04,ESG-EGARCH(S),0.1996323199364899,1.58147076044544,S,2013-10-30
VIAB,VIAB.W^E14,2013-11-04,ESG-GARCH,0.2100346507993215,1.750577560967974,all,2013-10-30
VIAB,VIAB.W^E14,2013-11-04,ESG-GARCH(E),0.2105592715381337,1.759333604391648,E,2013-10-30
VIAB,VIAB.W^E14,2013-11-04,ESG-GARCH(G),0.2102683162201936,1.754474793891878,G,2013-10-30
VIAB,VIAB.W^E14,2013-11-04,ESG-GARCH(S),0.2105672581416777,1.7594670714803151,S,2013-10-30
VIAB,VIAB.W^E14,2013-11-04,ESG-GJR-GARCH,0.2091311350174675,1.7355488743529464,all,2013-10-30
VIAB,VIAB.W^E14,2013-11-04,ESG-GJR-GARCH(E),0.2109147635683862,1.7652792655201683,E,2013-10-30
VIAB,VIAB.W^E14,2013-11-04,ESG-GJR-GARCH(G),0.2096253581762956,1.7437615393071528,G,2013-10-30
VIAB,VIAB.W^E14,2013-11-04,ESG-GJR-GARCH(S),0.2110148545340023,1.766955112460563,S,2013-10-30
VIAB,VIAB.W^E14,2013-11-04,GARCH,0.2070443625044433,1.701086033526641,,2013-10-30
VIAB,VIAB.W^E14,2013-11-04,GJR-GARCH,0.2031662644341412,1.637957579528707,,2013-10-30
VIAB,VIAB.W^E14,2013-11-05,EGARCH,0.2041848376313881,1.6544225364506486,,2013-10-30
VIAB,VIAB.W^E14,2013-11-05,ESG-EGARCH,0.1995279443700368,1.579817483513195,all,2013-10-30
VIAB,VIAB.W^E14,2013-11-05,ESG-EGARCH(E),0.1997108123219292,1.582714625328763,E,2013-10-30
VIAB,VIAB.W^E14,2013-11-05,ESG-EGARCH(G),0.1999514498424339,1.5865310434163244,G,2013-10-30
VIAB,VIAB.W^E14,2013-11-05,ESG-EGARCH(S),0.1996323199364899,1.58147076044544,S,2013-10-30
VIAB,VIAB.W^E14,2013-11-05,ESG-GARCH,0.2100346507993215,1.750577560967974,all,2013-10-30
VIAB,VIAB.W^E14,2013-11-05,ESG-GARCH(E),0.2105592715381337,1.759333604391648,E,2013-10-30
VIAB,VIAB.W^E14,2013-11-05,ESG-GARCH(G),0.2102683162201936,1.754474793891878,G,2013-10-30
VIAB,VIAB.W^E14,2013-11-05,ESG-GARCH(S),0.2105672581416777,1.7594670714803151,S,2013-10-30
VIAB,VIAB.W^E14,2013-11-05,ESG-GJR-GARCH,0.2091311350174675,1.7355488743529464,all,2013-10-30
VIAB,VIAB.W^E14,2013-11-05,ESG-GJR-GARCH(E),0.2109147635683862,1.7652792655201683,E,2013-10-30
VIAB,VIAB.W^E14,2013-11-05,ESG-GJR-GARCH(G),0.2096253581762956,1.7437615393071528,G,2013-10-30
VIAB,VIAB.W^E14,2013-11-05,ESG-GJR-GARCH(S),0.2110148545340023,1.766955112460563,S,2013-10-30
VIAB,VIAB.W^E14,2013-11-05,GARCH,0.2070443625044433,1.701086033526641,,2013-10-30
VIAB,VIAB.W^E14,2013-11-05,GJR-GARCH,0.2031662644341412,1.637957579528707,,2013-10-30
VIAB,VIAB.W^E14,2013-11-08,EGARCH,0.2041848376313881,1.6544225364506486,,2013-10-30
VIAB,VIAB.W^E14,2013-11-08,ESG-EGARCH,0.1995279443700368,1.579817483513195,all,2013-10-30
VIAB,VIAB.W^E14,2013-11-08,ESG-EGARCH(E),0.1997108123219292,1.582714625328763,E,2013-10-30
VIAB,VIAB.W^E14,2013-11-08,ESG-EGARCH(G),0.1999514498424339,1.5865310434163244,G,2013-10-30
VIAB,VIAB.W^E14,2013-11-08,ESG-EGARCH(S),0.1996323199364899,1.58147076044544,S,2013-10-30
VIAB,VIAB.W^E14,2013-11-08,ESG-GARCH,0.2100346507993215,1.750577560967974,all,2013-10-30
VIAB,VIAB.W^E14,2013-11-08,ESG-GARCH(E),0.2105592715381337,1.759333604391648,E,2013-10-30
VIAB,VIAB.W^E14,2013-11-08,ESG-GARCH(G),0.2102683162201936,1.754474793891878,G,2013-10-30
VIAB,VIAB.W^E14,2013-11-08,ESG-GARCH(S),0.2105672581416777,1.7594670714803151,S,2013-10-30
VIAB,VIAB.W^E14,2013-11-08,ESG-GJR-GARCH,0.2091311350174675,1.7355488743529464,all,2013-10-30
VIAB,VIAB.W^E14,2013-11-08,ESG-GJR-GARCH(E),0.2109147635683862,1.7652792655201683,E,2013-10-30
VIAB,VIAB.W^E14,2013-11-08,ESG-GJR-GARCH(G),0.2096253581762956,1.7437615393071528,G,2013-10-30
VIAB,VIAB.W^E14,2013-11-08,ESG-GJR-GARCH(S),0.2110148545340023,1.766955112460563,S,2013-10-30
VIAB,VIAB.W^E14,2013-11-08,GARCH,0.2070443625044433,1.701086033526641,,2013-10-30
VIAB,VIAB.W^E14,2013-11-08,GJR-GARCH,0.2031662644341412,1.637957579528707,,2013-10-30
VIAB,VIAB.W^E14,2013-11-11,EGARCH,0.2041848376313881,1.6544225364506486,,2013-10-30
VIAB,VIAB.W^E14,2013-11-11,ESG-EGARCH,0.1995279443700368,1.579817483513195,all,2013-10-30
VIAB,VIAB.W^E14,2013-11-11,ESG-EGARCH(E),0.1997108123219292,1.582714625328763,E,2013-10-30
VIAB,VIAB.W^E14,2013-11-11,ESG-EGARCH(G),0.1999514498424339,1.5865310434163244,G,2013-10-30
VIAB,VIAB.W^E14,2013-11-11,ESG-EGARCH(S),0.1996323199364899,1.58147076044544,S,2013-10-30
VIAB,VIAB.W^E14,2013-11-11,ESG-GARCH,0.2100346507993215,1.750577560967974,all,2013-10-30
VIAB,VIAB.W^E14,2013-11-11,ESG-GARCH(E),0.2105592715381337,1.759333604391648,E,2013-10-30
VIAB,VIAB.W^E14,2013-11-11,ESG-GARCH(G),0.2102683162201936,1.754474793891878,G,2013-10-30
VIAB,VIAB.W^E14,2013-11-11,ESG-GARCH(S),0.2105672581416777,1.7594670714803151,S,2013-10-30
VIAB,VIAB.W^E14,2013-11-11,ESG-GJR-GARCH,0.2091311350174675,1.7355488743529464,all,2013-10-30
VIAB,VIAB.W^E14,2013-11-11,ESG-GJR-GARCH(E),0.2109147635683862,1.7652792655201683,E,2013-10-30
VIAB,VIAB.W^E14,2013-11-11,ESG-GJR-GARCH(G),0.2096253581762956,1.7437615393071528,G,2013-10-30
VIAB,VIAB.W^E14,2013-11-11,ESG-GJR-GARCH(S),0.2110148545340023,1.766955112460563,S,2013-10-30
VIAB,VIAB.W^E14,2013-11-11,GARCH,0.2070443625044433,1.701086033526641,,2013-10-30
VIAB,VIAB.W^E14,2013-11-11,GJR-GARCH,0.2031662644341412,1.637957579528707,,2013-10-30
VIAB,VIAB.W^E14,2013-11-12,EGARCH,0.2041848376313881,1.6544225364506486,,2013-10-30
VIAB,VIAB.W^E14,2013-11-12,ESG-EGARCH,0.1995279443700368,1.579817483513195,all,2013-10-30
VIAB,VIAB.W^E14,2013-11-12,ESG-EGARCH(E),0.1997108123219292,1.582714625328763,E,2013-10-30
VIAB,VIAB.W^E14,2013-11-12,ESG-EGARCH(G),0.1999514498424339,1.5865310434163244,G,2013-10-30
VIAB,VIAB.W^E14,2013-11-12,ESG-EGARCH(S),0.1996323199364899,1.58147076044544,S,2013-10-30
VIAB,VIAB.W^E14,2013-11-12,ESG-GARCH,0.2100346507993215,1.750577560967974,all,2013-10-30
VIAB,VIAB.W^E14,2013-11-12,ESG-GARCH(E),0.2105592715381337,1.759333604391648,E,2013-10-30
VIAB,VIAB.W^E14,2013-11-12,ESG-GARCH(G),0.2102683162201936,1.754474793891878,G,2013-10-30
VIAB,VIAB.W^E14,2013-11-12,ESG-GARCH(S),0.2105672581416777,1.7594670714803151,S,2013-10-30
VIAB,VIAB.W^E14,2013-11-12,ESG-GJR-GARCH,0.2091311350174675,1.7355488743529464,all,2013-10-30
VIAB,VIAB.W^E14,2013-11-12,ESG-GJR-GARCH(E),0.2109147635683862,1.7652792655201683,E,2013-10-30
VIAB,VIAB.W^E14,2013-11-12,ESG-GJR-GARCH(G),0.2096253581762956,1.7437615393071528,G,2013-10-30
VIAB,VIAB.W^E14,2013-11-12,ESG-GJR-GARCH(S),0.2110148545340023,1.766955112460563,S,2013-10-30
VIAB,VIAB.W^E14,2013-11-12,GARCH,0.2070443625044433,1.701086033526641,,2013-10-30
VIAB,VIAB.W^E14,2013-11-12,GJR-GARCH,0.2031662644341412,1.637957579528707,,2013-10-30
VIAB,VIAB.W^E14,2013-11-13,EGARCH,0.2041848376313881,1.6544225364506486,,2013-10-30
VIAB,VIAB.W^E14,2013-11-13,ESG-EGARCH,0.1995279443700368,1.579817483513195,all,2013-10-30
VIAB,VIAB.W^E14,2013-11-13,ESG-EGARCH(E),0.1997108123219292,1.582714625328763,E,2013-10-30
VIAB,VIAB.W^E14,2013-11-13,ESG-EGARCH(G),0.1999514498424339,1.5865310434163244,G,2013-10-30
VIAB,VIAB.W^E14,2013-11-13,ESG-EGARCH(S),0.1996323199364899,1.58147076044544,S,2013-10-30
VIAB,VIAB.W^E14,2013-11-13,ESG-GARCH,0.2100346507993215,1.750577560967974,all,2013-10-30
VIAB,VIAB.W^E14,2013-11-13,ESG-GARCH(E),0.2105592715381337,1.759333604391648,E,2013-10-30
VIAB,VIAB.W^E14,2013-11-13,ESG-GARCH(G),0.2102683162201936,1.754474793891878,G,2013-10-30
VIAB,VIAB.W^E14,2013-11-13,ESG-GARCH(S),0.2105672581416777,1.7594670714803151,S,2013-10-30
VIAB,VIAB.W^E14,2013-11-13,ESG-GJR-GARCH,0.2091311350174675,1.7355488743529464,all,2013-10-30
VIAB,VIAB.W^E14,2013-11-13,ESG-GJR-GARCH(E),0.2109147635683862,1.7652792655201683,E,2013-10-30
VIAB,VIAB.W^E14,2013-11-13,ESG-GJR-GARCH(G),0.2096253581762956,1.7437615393071528,G,2013-10-30
VIAB,VIAB.W^E14,2013-11-13,ESG-GJR-GARCH(S),0.2110148545340023,1.766955112460563,S,2013-10-30
VIAB,VIAB.W^E14,2013-11-13,GARCH,0.2070443625044433,1.701086033526641,,2013-10-30
VIAB,VIAB.W^E14,2013-11-13,GJR-GARCH,0.2031662644341412,1.637957579528707,,2013-10-30
VIAB,VIAB.W^E14,2013-11-14,EGARCH,0.2041848376313881,1.6544225364506486,,2013-10-30
VIAB,VIAB.W^E14,2013-11-14,ESG-EGARCH,0.1995279443700368,1.579817483513195,all,2013-10-30
VIAB,VIAB.W^E14,2013-11-14,ESG-EGARCH(E),0.1997108123219292,1.582714625328763,E,2013-10-30
VIAB,VIAB.W^E14,2013-11-14,ESG-EGARCH(G),0.1999514498424339,1.5865310434163244,G,2013-10-30
VIAB,VIAB.W^E14,2013-11-14,ESG-EGARCH(S),0.1996323199364899,1.58147076044544,S,2013-10-30
VIAB,VIAB.W^E14,2013-11-14,ESG-GARCH,0.2100346507993215,1.750577560967974,all,2013-10-30
VIAB,VIAB.W^E14,2013-11-14,ESG-GARCH(E),0.2105592715381337,1.759333604391648,E,2013-10-30
VIAB,VIAB.W^E14,2013-11-14,ESG-GARCH(G),0.2102683162201936,1.754474793891878,G,2013-10-30
VIAB,VIAB.W^E14,2013-11-14,ESG-GARCH(S),0.2105672581416777,1.7594670714803151,S,2013-10-30
VIAB,VIAB.W^E14,2013-11-14,ESG-GJR-GARCH,0.2091311350174675,1.7355488743529464,all,2013-10-30
VIAB,VIAB.W^E14,2013-11-14,ESG-GJR-GARCH(E),0.2109147635683862,1.7652792655201683,E,2013-10-30
VIAB,VIAB.W^E14,2013-11-14,ESG-GJR-GARCH(G),0.2096253581762956,1.7437615393071528,G,2013-10-30
VIAB,VIAB.W^E14,2013-11-14,ESG-GJR-GARCH(S),0.2110148545340023,1.766955112460563,S,2013-10-30
VIAB,VIAB.W^E14,2013-11-14,GARCH,0.2070443625044433,1.701086033526641,,2013-10-30
VIAB,VIAB.W^E14,2013-11-14,GJR-GARCH,0.2031662644341412,1.637957579528707,,2013-10-30
VIAB,VIAB.W^E14,2013-11-15,EGARCH,0.2041848376313881,1.6544225364506486,,2013-10-30
VIAB,VIAB.W^E14,2013-11-15,ESG-EGARCH,0.1995279443700368,1.579817483513195,all,2013-10-30
VIAB,VIAB.W^E14,2013-11-15,ESG-EGARCH(E),0.1997108123219292,1.582714625328763,E,2013-10-30
VIAB,VIAB.W^E14,2013-11-15,ESG-EGARCH(G),0.1999514498424339,1.5865310434163244,G,2013-10-30
VIAB,VIAB.W^E14,2013-11-15,ESG-EGARCH(S),0.1996323199364899,1.58147076044544,S,2013-10-30
VIAB,VIAB.W^E14,2013-11-15,ESG-GARCH,0.2100346507993215,1.750577560967974,all,2013-10-30
VIAB,VIAB.W^E14,2013-11-15,ESG-GARCH(E),0.2105592715381337,1.759333604391648,E,2013-10-30
VIAB,VIAB.W^E14,2013-11-15,ESG-GARCH(G),0.2102683162201936,1.754474793891878,G,2013-10-30
VIAB,VIAB.W^E14,2013-11-15,ESG-GARCH(S),0.2105672581416777,1.7594670714803151,S,2013-10-30
VIAB,VIAB.W^E14,2013-11-15,ESG-GJR-GARCH,0.2091311350174675,1.7355488743529464,all,2013-10-30
VIAB,VIAB.W^E14,2013-11-15,ESG-GJR-GARCH(E),0.2109147635683862,1.7652792655201683,E,2013-10-30
VIAB,VIAB.W^E14,2013-11-15,ESG-GJR-GARCH(G),0.2096253581762956,1.7437615393071528,G,2013-10-30
VIAB,VIAB.W^E14,2013-11-15,ESG-GJR-GARCH(S),0.2110148545340023,1.766955112460563,S,2013-10-30
VIAB,VIAB.W^E14,2013-11-15,GARCH,0.2070443625044433,1.701086033526641,,2013-10-30
VIAB,VIAB.W^E14,2013-11-15,GJR-GARCH,0.2031662644341412,1.637957579528707,,2013-10-30
VIAB,VIAB.W^E14,2013-11-18,EGARCH,0.2041848376313881,1.6544225364506486,,2013-10-30
VIAB,VIAB.W^E14,2013-11-18,ESG-EGARCH,0.1995279443700368,1.579817483513195,all,2013-10-30
VIAB,VIAB.W^E14,2013-11-18,ESG-EGARCH(E),0.1997108123219292,1.582714625328763,E,2013-10-30
VIAB,VIAB.W^E14,2013-11-18,ESG-EGARCH(G),0.1999514498424339,1.5865310434163244,G,2013-10-30
VIAB,VIAB.W^E14,2013-11-18,ESG-EGARCH(S),0.1996323199364899,1.58147076044544,S,2013-10-30
VIAB,VIAB.W^E14,2013-11-18,ESG-GARCH,0.2100346507993215,1.750577560967974,all,2013-10-30
VIAB,VIAB.W^E14,2013-11-18,ESG-GARCH(E),0.2105592715381337,1.759333604391648,E,2013-10-30
VIAB,VIAB.W^E14,2013-11-18,ESG-GARCH(G),0.2102683162201936,1.754474793891878,G,2013-10-30
VIAB,VIAB.W^E14,2013-11-18,ESG-GARCH(S),0.2105672581416777,1.7594670714803151,S,2013-10-30
VIAB,VIAB.W^E14,2013-11-18,ESG-GJR-GARCH,0.2091311350174675,1.7355488743529464,all,2013-10-30
VIAB,VIAB.W^E14,2013-11-18,ESG-GJR-GARCH(E),0.2109147635683862,1.7652792655201683,E,2013-10-30
VIAB,VIAB.W^E14,2013-11-18,ESG-GJR-GARCH(G),0.2096253581762956,1.7437615393071528,G,2013-10-30
VIAB,VIAB.W^E14,2013-11-18,ESG-GJR-GARCH(S),0.2110148545340023,1.766955112460563,S,2013-10-30
VIAB,VIAB.W^E14,2013-11-18,GARCH,0.2070443625044433,1.701086033526641,,2013-10-30
VIAB,VIAB.W^E14,2013-11-18,GJR-GARCH,0.2031662644341412,1.637957579528707,,2013-10-30
VIAB,VIAB.W^E14,2013-11-19,EGARCH,0.2041848376313881,1.6544225364506486,,2013-10-30
VIAB,VIAB.W^E14,2013-11-19,ESG-EGARCH,0.1995279443700368,1.579817483513195,all,2013-10-30
VIAB,VIAB.W^E14,2013-11-19,ESG-EGARCH(E),0.1997108123219292,1.582714625328763,E,2013-10-30
VIAB,VIAB.W^E14,2013-11-19,ESG-EGARCH(G),0.1999514498424339,1.5865310434163244,G,2013-10-30
VIAB,VIAB.W^E14,2013-11-19,ESG-EGARCH(S),0.1996323199364899,1.58147076044544,S,2013-10-30
VIAB,VIAB.W^E14,2013-11-19,ESG-GARCH,0.2100346507993215,1.750577560967974,all,2013-10-30
VIAB,VIAB.W^E14,2013-11-19,ESG-GARCH(E),0.2105592715381337,1.759333604391648,E,2013-10-30
VIAB,VIAB.W^E14,2013-11-19,ESG-GARCH(G),0.2102683162201936,1.754474793891878,G,2013-10-30
VIAB,VIAB.W^E14,2013-11-19,ESG-GARCH(S),0.2105672581416777,1.7594670714803151,S,2013-10-30
VIAB,VIAB.W^E14,2013-11-19,ESG-GJR-GARCH,0.2091311350174675,1.7355488743529464,all,2013-10-30
VIAB,VIAB.W^E14,2013-11-19,ESG-GJR-GARCH(E),0.2109147635683862,1.7652792655201683,E,2013-10-30
VIAB,VIAB.W^E14,2013-11-19,ESG-GJR-GARCH(G),0.2096253581762956,1.7437615393071528,G,2013-10-30
VIAB,VIAB.W^E14,2013-11-19,ESG-GJR-GARCH(S),0.2110148545340023,1.766955112460563,S,2013-10-30
VIAB,VIAB.W^E14,2013-11-19,GARCH,0.2070443625044433,1.701086033526641,,2013-10-30
VIAB,VIAB.W^E14,2013-11-19,GJR-GARCH,0.2031662644341412,1.637957579528707,,2013-10-30
VIAB,VIAB.W^E14,2013-11-20,EGARCH,0.2041848376313881,1.6544225364506486,,2013-10-30
VIAB,VIAB.W^E14,2013-11-20,ESG-EGARCH,0.1995279443700368,1.579817483513195,all,2013-10-30
VIAB,VIAB.W^E14,2013-11-20,ESG-EGARCH(E),0.1997108123219292,1.582714625328763,E,2013-10-30
VIAB,VIAB.W^E14,2013-11-20,ESG-EGARCH(G),0.1999514498424339,1.5865310434163244,G,2013-10-30
VIAB,VIAB.W^E14,2013-11-20,ESG-EGARCH(S),0.1996323199364899,1.58147076044544,S,2013-10-30
VIAB,VIAB.W^E14,2013-11-20,ESG-GARCH,0.2100346507993215,1.750577560967974,all,2013-10-30
VIAB,VIAB.W^E14,2013-11-20,ESG-GARCH(E),0.2105592715381337,1.759333604391648,E,2013-10-30
VIAB,VIAB.W^E14,2013-11-20,ESG-GARCH(G),0.2102683162201936,1.754474793891878,G,2013-10-30
VIAB,VIAB.W^E14,2013-11-20,ESG-GARCH(S),0.2105672581416777,1.7594670714803151,S,2013-10-30
VIAB,VIAB.W^E14,2013-11-20,ESG-GJR-GARCH,0.2091311350174675,1.7355488743529464,all,2013-10-30
VIAB,VIAB.W^E14,2013-11-20,ESG-GJR-GARCH(E),0.2109147635683862,1.7652792655201683,E,2013-10-30
VIAB,VIAB.W^E14,2013-11-20,ESG-GJR-GARCH(G),0.2096253581762956,1.7437615393071528,G,2013-10-30
VIAB,VIAB.W^E14,2013-11-20,ESG-GJR-GARCH(S),0.2110148545340023,1.766955112460563,S,2013-10-30
VIAB,VIAB.W^E14,2013-11-20,GARCH,0.2070443625044433,1.701086033526641,,2013-10-30
VIAB,VIAB.W^E14,2013-11-20,GJR-GARCH,0.2031662644341412,1.637957579528707,,2013-10-30
VIAB,VIAB.W^E14,2013-11-21,EGARCH,0.2041848376313881,1.6544225364506486,,2013-10-30
VIAB,VIAB.W^E14,2013-11-21,ESG-EGARCH,0.1995279443700368,1.579817483513195,all,2013-10-30
VIAB,VIAB.W^E14,2013-11-21,ESG-EGARCH(E),0.1997108123219292,1.582714625328763,E,2013-10-30
VIAB,VIAB.W^E14,2013-11-21,ESG-EGARCH(G),0.1999514498424339,1.5865310434163244,G,2013-10-30
VIAB,VIAB.W^E14,2013-11-21,ESG-EGARCH(S),0.1996323199364899,1.58147076044544,S,2013-10-30
VIAB,VIAB.W^E14,2013-11-21,ESG-GARCH,0.2100346507993215,1.750577560967974,all,2013-10-30
VIAB,VIAB.W^E14,2013-11-21,ESG-GARCH(E),0.2105592715381337,1.759333604391648,E,2013-10-30
VIAB,VIAB.W^E14,2013-11-21,ESG-GARCH(G),0.2102683162201936,1.754474793891878,G,2013-10-30
VIAB,VIAB.W^E14,2013-11-21,ESG-GARCH(S),0.2105672581416777,1.7594670714803151,S,2013-10-30
VIAB,VIAB.W^E14,2013-11-21,ESG-GJR-GARCH,0.2091311350174675,1.7355488743529464,all,2013-10-30
VIAB,VIAB.W^E14,2013-11-21,ESG-GJR-GARCH(E),0.2109147635683862,1.7652792655201683,E,2013-10-30
VIAB,VIAB.W^E14,2013-11-21,ESG-GJR-GARCH(G),0.2096253581762956,1.7437615393071528,G,2013-10-30
VIAB,VIAB.W^E14,2013-11-21,ESG-GJR-GARCH(S),0.2110148545340023,1.766955112460563,S,2013-10-30
VIAB,VIAB.W^E14,2013-11-21,GARCH,0.2070443625044433,1.701086033526641,,2013-10-30
VIAB,VIAB.W^E14,2013-11-21,GJR-GARCH,0.2031662644341412,1.637957579528707,,2013-10-30
VIAB,VIAB.W^E14,2013-11-22,EGARCH,0.2041848376313881,1.6544225364506486,,2013-10-30
VIAB,VIAB.W^E14,2013-11-22,ESG-EGARCH,0.1995279443700368,1.579817483513195,all,2013-10-30
VIAB,VIAB.W^E14,2013-11-22,ESG-EGARCH(E),0.1997108123219292,1.582714625328763,E,2013-10-30
VIAB,VIAB.W^E14,2013-11-22,ESG-EGARCH(G),0.1999514498424339,1.5865310434163244,G,2013-10-30
VIAB,VIAB.W^E14,2013-11-22,ESG-EGARCH(S),0.1996323199364899,1.58147076044544,S,2013-10-30
VIAB,VIAB.W^E14,2013-11-22,ESG-GARCH,0.2100346507993215,1.750577560967974,all,2013-10-30
VIAB,VIAB.W^E14,2013-11-22,ESG-GARCH(E),0.2105592715381337,1.759333604391648,E,2013-10-30
VIAB,VIAB.W^E14,2013-11-22,ESG-GARCH(G),0.2102683162201936,1.754474793891878,G,2013-10-30
VIAB,VIAB.W^E14,2013-11-22,ESG-GARCH(S),0.2105672581416777,1.7594670714803151,S,2013-10-30
VIAB,VIAB.W^E14,2013-11-22,ESG-GJR-GARCH,0.2091311350174675,1.7355488743529464,all,2013-10-30
VIAB,VIAB.W^E14,2013-11-22,ESG-GJR-GARCH(E),0.2109147635683862,1.7652792655201683,E,2013-10-30
VIAB,VIAB.W^E14,2013-11-22,ESG-GJR-GARCH(G),0.2096253581762956,1.7437615393071528,G,2013-10-30
VIAB,VIAB.W^E14,2013-11-22,ESG-GJR-GARCH(S),0.2110148545340023,1.766955112460563,S,2013-10-30
VIAB,VIAB.W^E14,2013-11-22,GARCH,0.2070443625044433,1.701086033526641,,2013-10-30
VIAB,VIAB.W^E14,2013-11-22,GJR-GARCH,0.2031662644341412,1.637957579528707,,2013-10-30
VIAB,VIAB.W^E14,2013-11-25,EGARCH,0.2041848376313881,1.6544225364506486,,2013-10-30
VIAB,VIAB.W^E14,2013-11-25,ESG-EGARCH,0.1995279443700368,1.579817483513195,all,2013-10-30
VIAB,VIAB.W^E14,2013-11-25,ESG-EGARCH(E),0.1997108123219292,1.582714625328763,E,2013-10-30
VIAB,VIAB.W^E14,2013-11-25,ESG-EGARCH(G),0.1999514498424339,1.5865310434163244,G,2013-10-30
VIAB,VIAB.W^E14,2013-11-25,ESG-EGARCH(S),0.1996323199364899,1.58147076044544,S,2013-10-30
VIAB,VIAB.W^E14,2013-11-25,ESG-GARCH,0.2100346507993215,1.750577560967974,all,2013-10-30
VIAB,VIAB.W^E14,2013-11-25,ESG-GARCH(E),0.2105592715381337,1.759333604391648,E,2013-10-30
VIAB,VIAB.W^E14,2013-11-25,ESG-GARCH(G),0.2102683162201936,1.754474793891878,G,2013-10-30
VIAB,VIAB.W^E14,2013-11-25,ESG-GARCH(S),0.2105672581416777,1.7594670714803151,S,2013-10-30
VIAB,VIAB.W^E14,2013-11-25,ESG-GJR-GARCH,0.2091311350174675,1.7355488743529464,all,2013-10-30
VIAB,VIAB.W^E14,2013-11-25,ESG-GJR-GARCH(E),0.2109147635683862,1.7652792655201683,E,2013-10-30
VIAB,VIAB.W^E14,2013-11-25,ESG-GJR-GARCH(G),0.2096253581762956,1.7437615393071528,G,2013-10-30
VIAB,VIAB.W^E14,2013-11-25,ESG-GJR-GARCH(S),0.2110148545340023,1.766955112460563,S,2013-10-30
VIAB,VIAB.W^E14,2013-11-25,GARCH,0.2070443625044433,1.701086033526641,,2013-10-30
VIAB,VIAB.W^E14,2013-11-25,GJR-GARCH,0.2031662644341412,1.637957579528707,,2013-10-30
VIAB,VIAB.W^E14,2013-11-26,EGARCH,0.2041848376313881,1.6544225364506486,,2013-10-30
VIAB,VIAB.W^E14,2013-11-26,ESG-EGARCH,0.1995279443700368,1.579817483513195,all,2013-10-30
VIAB,VIAB.W^E14,2013-11-26,ESG-EGARCH(E),0.1997108123219292,1.582714625328763,E,2013-10-30
VIAB,VIAB.W^E14,2013-11-26,ESG-EGARCH(G),0.1999514498424339,1.5865310434163244,G,2013-10-30
VIAB,VIAB.W^E14,2013-11-26,ESG-EGARCH(S),0.1996323199364899,1.58147076044544,S,2013-10-30
VIAB,VIAB.W^E14,2013-11-26,ESG-GARCH,0.2100346507993215,1.750577560967974,all,2013-10-30
VIAB,VIAB.W^E14,2013-11-26,ESG-GARCH(E),0.2105592715381337,1.759333604391648,E,2013-10-30
VIAB,VIAB.W^E14,2013-11-26,ESG-GARCH(G),0.2102683162201936,1.754474793891878,G,2013-10-30
VIAB,VIAB.W^E14,2013-11-26,ESG-GARCH(S),0.2105672581416777,1.7594670714803151,S,2013-10-30
VIAB,VIAB.W^E14,2013-11-26,ESG-GJR-GARCH,0.2091311350174675,1.7355488743529464,all,2013-10-30
VIAB,VIAB.W^E14,2013-11-26,ESG-GJR-GARCH(E),0.2109147635683862,1.7652792655201683,E,2013-10-30
VIAB,VIAB.W^E14,2013-11-26,ESG-GJR-GARCH(G),0.2096253581762956,1.7437615393071528,G,2013-10-30
VIAB,VIAB.W^E14,2013-11-26,ESG-GJR-GARCH(S),0.2110148545340023,1.766955112460563,S,2013-10-30
VIAB,VIAB.W^E14,2013-11-26,GARCH,0.2070443625044433,1.701086033526641,,2013-10-30
VIAB,VIAB.W^E14,2013-11-26,GJR-GARCH,0.2031662644341412,1.637957579528707,,2013-10-30
VIAB,VIAB.W^E14,2013-11-27,EGARCH,0.2041848376313881,1.6544225364506486,,2013-10-30
VIAB,VIAB.W^E14,2013-11-27,ESG-EGARCH,0.1995279443700368,1.579817483513195,all,2013-10-30
VIAB,VIAB.W^E14,2013-11-27,ESG-EGARCH(E),0.1997108123219292,1.582714625328763,E,2013-10-30
VIAB,VIAB.W^E14,2013-11-27,ESG-EGARCH(G),0.1999514498424339,1.5865310434163244,G,2013-10-30
VIAB,VIAB.W^E14,2013-11-27,ESG-EGARCH(S),0.1996323199364899,1.58147076044544,S,2013-10-30
VIAB,VIAB.W^E14,2013-11-27,ESG-GARCH,0.2100346507993215,1.750577560967974,all,2013-10-30
VIAB,VIAB.W^E14,2013-11-27,ESG-GARCH(E),0.2105592715381337,1.759333604391648,E,2013-10-30
VIAB,VIAB.W^E14,2013-11-27,ESG-GARCH(G),0.2102683162201936,1.754474793891878,G,2013-10-30
VIAB,VIAB.W^E14,2013-11-27,ESG-GARCH(S),0.2105672581416777,1.7594670714803151,S,2013-10-30
VIAB,VIAB.W^E14,2013-11-27,ESG-GJR-GARCH,0.2091311350174675,1.7355488743529464,all,2013-10-30
VIAB,VIAB.W^E14,2013-11-27,ESG-GJR-GARCH(E),0.2109147635683862,1.7652792655201683,E,2013-10-30
VIAB,VIAB.W^E14,2013-11-27,ESG-GJR-GARCH(G),0.2096253581762956,1.7437615393071528,G,2013-10-30
VIAB,VIAB.W^E14,2013-11-27,ESG-GJR-GARCH(S),0.2110148545340023,1.766955112460563,S,2013-10-30
VIAB,VIAB.W^E14,2013-11-27,GARCH,0.2070443625044433,1.701086033526641,,2013-10-30
VIAB,VIAB.W^E14,2013-11-27,GJR-GARCH,0.2031662644341412,1.637957579528707,,2013-10-30
VIAB,VIAB.W^E14,2013-12-02,EGARCH,0.2041848376313881,1.6544225364506486,,2013-10-30
VIAB,VIAB.W^E14,2013-12-02,ESG-EGARCH,0.1995279443700368,1.579817483513195,all,2013-10-30
VIAB,VIAB.W^E14,2013-12-02,ESG-EGARCH(E),0.1997108123219292,1.582714625328763,E,2013-10-30
VIAB,VIAB.W^E14,2013-12-02,ESG-EGARCH(G),0.1999514498424339,1.5865310434163244,G,2013-10-30
VIAB,VIAB.W^E14,2013-12-02,ESG-EGARCH(S),0.1996323199364899,1.58147076044544,S,2013-10-30
VIAB,VIAB.W^E14,2013-12-02,ESG-GARCH,0.2100346507993215,1.750577560967974,all,2013-10-30
VIAB,VIAB.W^E14,2013-12-02,ESG-GARCH(E),0.2105592715381337,1.759333604391648,E,2013-10-30
VIAB,VIAB.W^E14,2013-12-02,ESG-GARCH(G),0.2102683162201936,1.754474793891878,G,2013-10-30
VIAB,VIAB.W^E14,2013-12-02,ESG-GARCH(S),0.2105672581416777,1.7594670714803151,S,2013-10-30
VIAB,VIAB.W^E14,2013-12-02,ESG-GJR-GARCH,0.2091311350174675,1.7355488743529464,all,2013-10-30
VIAB,VIAB.W^E14,2013-12-02,ESG-GJR-GARCH(E),0.2109147635683862,1.7652792655201683,E,2013-10-30
VIAB,VIAB.W^E14,2013-12-02,ESG-GJR-GARCH(G),0.2096253581762956,1.7437615393071528,G,2013-10-30
VIAB,VIAB.W^E14,2013-12-02,ESG-GJR-GARCH(S),0.2110148545340023,1.766955112460563,S,2013-10-30
VIAB,VIAB.W^E14,2013-12-02,GARCH,0.2070443625044433,1.701086033526641,,2013-10-30
VIAB,VIAB.W^E14,2013-12-02,GJR-GARCH,0.2031662644341412,1.637957579528707,,2013-10-30
VIAB,VIAB.W^E14,2013-12-03,EGARCH,0.2041848376313881,1.6544225364506486,,2013-10-30
VIAB,VIAB.W^E14,2013-12-03,ESG-EGARCH,0.1995279443700368,1.579817483513195,all,2013-10-30
VIAB,VIAB.W^E14,2013-12-03,ESG-EGARCH(E),0.1997108123219292,1.582714625328763,E,2013-10-30
VIAB,VIAB.W^E14,2013-12-03,ESG-EGARCH(G),0.1999514498424339,1.5865310434163244,G,2013-10-30
VIAB,VIAB.W^E14,2013-12-03,ESG-EGARCH(S),0.1996323199364899,1.58147076044544,S,2013-10-30
VIAB,VIAB.W^E14,2013-12-03,ESG-GARCH,0.2100346507993215,1.750577560967974,all,2013-10-30
VIAB,VIAB.W^E14,2013-12-03,ESG-GARCH(E),0.2105592715381337,1.759333604391648,E,2013-10-30
VIAB,VIAB.W^E14,2013-12-03,ESG-GARCH(G),0.2102683162201936,1.754474793891878,G,2013-10-30
VIAB,VIAB.W^E14,2013-12-03,ESG-GARCH(S),0.2105672581416777,1.7594670714803151,S,2013-10-30
VIAB,VIAB.W^E14,2013-12-03,ESG-GJR-GARCH,0.2091311350174675,1.7355488743529464,all,2013-10-30
VIAB,VIAB.W^E14,2013-12-03,ESG-GJR-GARCH(E),0.2109147635683862,1.7652792655201683,E,2013-10-30
VIAB,VIAB.W^E14,2013-12-03,ESG-GJR-GARCH(G),0.2096253581762956,1.7437615393071528,G,2013-10-30
VIAB,VIAB.W^E14,2013-12-03,ESG-GJR-GARCH(S),0.2110148545340023,1.766955112460563,S,2013-10-30
VIAB,VIAB.W^E14,2013-12-03,GARCH,0.2070443625044433,1.701086033526641,,2013-10-30
VIAB,VIAB.W^E14,2013-12-03,GJR-GARCH,0.2031662644341412,1.637957579528707,,2013-10-30
VIAB,VIAB.W^E14,2013-12-04,EGARCH,0.2041848376313881,1.6544225364506486,,2013-10-30
VIAB,VIAB.W^E14,2013-12-04,ESG-EGARCH,0.1995279443700368,1.579817483513195,all,2013-10-30
VIAB,VIAB.W^E14,2013-12-04,ESG-EGARCH(E),0.1997108123219292,1.582714625328763,E,2013-10-30
VIAB,VIAB.W^E14,2013-12-04,ESG-EGARCH(G),0.1999514498424339,1.5865310434163244,G,2013-10-30
VIAB,VIAB.W^E14,2013-12-04,ESG-EGARCH(S),0.1996323199364899,1.58147076044544,S,2013-10-30
VIAB,VIAB.W^E14,2013-12-04,ESG-GARCH,0.2100346507993215,1.750577560967974,all,2013-10-30
VIAB,VIAB.W^E14,2013-12-04,ESG-GARCH(E),0.2105592715381337,1.759333604391648,E,2013-10-30
VIAB,VIAB.W^E14,2013-12-04,ESG-GARCH(G),0.2102683162201936,1.754474793891878,G,2013-10-30
VIAB,VIAB.W^E14,2013-12-04,ESG-GARCH(S),0.2105672581416777,1.7594670714803151,S,2013-10-30
VIAB,VIAB.W^E14,2013-12-04,ESG-GJR-GARCH,0.2091311350174675,1.7355488743529464,all,2013-10-30
VIAB,VIAB.W^E14,2013-12-04,ESG-GJR-GARCH(E),0.2109147635683862,1.7652792655201683,E,2013-10-30
VIAB,VIAB.W^E14,2013-12-04,ESG-GJR-GARCH(G),0.2096253581762956,1.7437615393071528,G,2013-10-30
VIAB,VIAB.W^E14,2013-12-04,ESG-GJR-GARCH(S),0.2110148545340023,1.766955112460563,S,2013-10-30
VIAB,VIAB.W^E14,2013-12-04,GARCH,0.2070443625044433,1.701086033526641,,2013-10-30
VIAB,VIAB.W^E14,2013-12-04,GJR-GARCH,0.2031662644341412,1.637957579528707,,2013-10-30
VIAB,VIAB.W^E14,2013-12-05,EGARCH,0.1710731408630331,1.1613499811406018,,2013-12-05
VIAB,VIAB.W^E14,2013-12-05,ESG-EGARCH,0.171335936427308,1.1649207583897825,all,2013-12-05
VIAB,VIAB.W^E14,2013-12-05,ESG-EGARCH(E),0.171414691325244,1.1659919207193927,E,2013-12-05
VIAB,VIAB.W^E14,2013-12-05,ESG-EGARCH(G),0.1714890005585284,1.1670030679588477,G,2013-12-05
VIAB,VIAB.W^E14,2013-12-05,ESG-EGARCH(S),0.1713893693106467,1.1656474568532238,S,2013-12-05
VIAB,VIAB.W^E14,2013-12-05,ESG-GARCH,0.2025342675437368,1.6277829178364274,all,2013-12-05
VIAB,VIAB.W^E14,2013-12-05,ESG-GARCH(E),0.2032107908402105,1.6386756156311038,E,2013-12-05
VIAB,VIAB.W^E14,2013-12-05,ESG-GARCH(G),0.2029566192479999,1.6345789403403814,G,2013-12-05
VIAB,VIAB.W^E14,2013-12-05,ESG-GARCH(S),0.2031743871681237,1.6380885556008975,S,2013-12-05
VIAB,VIAB.W^E14,2013-12-05,ESG-GJR-GARCH,0.2054561740601754,1.675088867438297,all,2013-12-05
VIAB,VIAB.W^E14,2013-12-05,ESG-GJR-GARCH(E),0.207420958689764,1.707279924753206,E,2013-12-05
VIAB,VIAB.W^E14,2013-12-05,ESG-GJR-GARCH(G),0.2062220883312372,1.6876011791943095,G,2013-12-05
VIAB,VIAB.W^E14,2013-12-05,ESG-GJR-GARCH(S),0.2074686274635993,1.708064737366261,S,2013-12-05
VIAB,VIAB.W^E14,2013-12-05,GARCH,0.2015784937543798,1.6124559184239904,,2013-12-05
VIAB,VIAB.W^E14,2013-12-05,GJR-GARCH,0.2090037317969238,1.7334349168666854,,2013-12-05
VIAB,VIAB.W^E14,2013-12-06,EGARCH,0.1710731408630331,1.1613499811406018,,2013-12-05
VIAB,VIAB.W^E14,2013-12-06,ESG-EGARCH,0.171335936427308,1.1649207583897825,all,2013-12-05
VIAB,VIAB.W^E14,2013-12-06,ESG-EGARCH(E),0.171414691325244,1.1659919207193927,E,2013-12-05
VIAB,VIAB.W^E14,2013-12-06,ESG-EGARCH(G),0.1714890005585284,1.1670030679588477,G,2013-12-05
VIAB,VIAB.W^E14,2013-12-06,ESG-EGARCH(S),0.1713893693106467,1.1656474568532238,S,2013-12-05
VIAB,VIAB.W^E14,2013-12-06,ESG-GARCH,0.2025342675437368,1.6277829178364274,all,2013-12-05
VIAB,VIAB.W^E14,2013-12-06,ESG-GARCH(E),0.2032107908402105,1.6386756156311038,E,2013-12-05
VIAB,VIAB.W^E14,2013-12-06,ESG-GARCH(G),0.2029566192479999,1.6345789403403814,G,2013-12-05
VIAB,VIAB.W^E14,2013-12-06,ESG-GARCH(S),0.2031743871681237,1.6380885556008975,S,2013-12-05
VIAB,VIAB.W^E14,2013-12-06,ESG-GJR-GARCH,0.2054561740601754,1.675088867438297,all,2013-12-05
VIAB,VIAB.W^E14,2013-12-06,ESG-GJR-GARCH(E),0.207420958689764,1.707279924753206,E,2013-12-05
VIAB,VIAB.W^E14,2013-12-06,ESG-GJR-GARCH(G),0.2062220883312372,1.6876011791943095,G,2013-12-05
VIAB,VIAB.W^E14,2013-12-06,ESG-GJR-GARCH(S),0.2074686274635993,1.708064737366261,S,2013-12-05
VIAB,VIAB.W^E14,2013-12-06,GARCH,0.2015784937543798,1.6124559184239904,,2013-12-05
VIAB,VIAB.W^E14,2013-12-06,GJR-GARCH,0.2090037317969238,1.7334349168666854,,2013-12-05
VIAB,VIAB.W^E14,2013-12-09,EGARCH,0.1710731408630331,1.1613499811406018,,2013-12-05
VIAB,VIAB.W^E14,2013-12-09,ESG-EGARCH,0.171335936427308,1.1649207583897825,all,2013-12-05
VIAB,VIAB.W^E14,2013-12-09,ESG-EGARCH(E),0.171414691325244,1.1659919207193927,E,2013-12-05
VIAB,VIAB.W^E14,2013-12-09,ESG-EGARCH(G),0.1714890005585284,1.1670030679588477,G,2013-12-05
VIAB,VIAB.W^E14,2013-12-09,ESG-EGARCH(S),0.1713893693106467,1.1656474568532238,S,2013-12-05
VIAB,VIAB.W^E14,2013-12-09,ESG-GARCH,0.2025342675437368,1.6277829178364274,all,2013-12-05
VIAB,VIAB.W^E14,2013-12-09,ESG-GARCH(E),0.2032107908402105,1.6386756156311038,E,2013-12-05
VIAB,VIAB.W^E14,2013-12-09,ESG-GARCH(G),0.2029566192479999,1.6345789403403814,G,2013-12-05
VIAB,VIAB.W^E14,2013-12-09,ESG-GARCH(S),0.2031743871681237,1.6380885556008975,S,2013-12-05
VIAB,VIAB.W^E14,2013-12-09,ESG-GJR-GARCH,0.2054561740601754,1.675088867438297,all,2013-12-05
VIAB,VIAB.W^E14,2013-12-09,ESG-GJR-GARCH(E),0.207420958689764,1.707279924753206,E,2013-12-05
VIAB,VIAB.W^E14,2013-12-09,ESG-GJR-GARCH(G),0.2062220883312372,1.6876011791943095,G,2013-12-05
VIAB,VIAB.W^E14,2013-12-09,ESG-GJR-GARCH(S),0.2074686274635993,1.708064737366261,S,2013-12-05
VIAB,VIAB.W^E14,2013-12-09,GARCH,0.2015784937543798,1.6124559184239904,,2013-12-05
VIAB,VIAB.W^E14,2013-12-09,GJR-GARCH,0.2090037317969238,1.7334349168666854,,2013-12-05
VIAB,VIAB.W^E14,2013-12-10,EGARCH,0.1710731408630331,1.1613499811406018,,2013-12-05
VIAB,VIAB.W^E14,2013-12-10,ESG-EGARCH,0.171335936427308,1.1649207583897825,all,2013-12-05
VIAB,VIAB.W^E14,2013-12-10,ESG-EGARCH(E),0.171414691325244,1.1659919207193927,E,2013-12-05
VIAB,VIAB.W^E14,2013-12-10,ESG-EGARCH(G),0.1714890005585284,1.1670030679588477,G,2013-12-05
VIAB,VIAB.W^E14,2013-12-10,ESG-EGARCH(S),0.1713893693106467,1.1656474568532238,S,2013-12-05
VIAB,VIAB.W^E14,2013-12-10,ESG-GARCH,0.2025342675437368,1.6277829178364274,all,2013-12-05
VIAB,VIAB.W^E14,2013-12-10,ESG-GARCH(E),0.2032107908402105,1.6386756156311038,E,2013-12-05
VIAB,VIAB.W^E14,2013-12-10,ESG-GARCH(G),0.2029566192479999,1.6345789403403814,G,2013-12-05
VIAB,VIAB.W^E14,2013-12-10,ESG-GARCH(S),0.2031743871681237,1.6380885556008975,S,2013-12-05
VIAB,VIAB.W^E14,2013-12-10,ESG-GJR-GARCH,0.2054561740601754,1.675088867438297,all,2013-12-05
VIAB,VIAB.W^E14,2013-12-10,ESG-GJR-GARCH(E),0.207420958689764,1.707279924753206,E,2013-12-05
VIAB,VIAB.W^E14,2013-12-10,ESG-GJR-GARCH(G),0.2062220883312372,1.6876011791943095,G,2013-12-05
VIAB,VIAB.W^E14,2013-12-10,ESG-GJR-GARCH(S),0.2074686274635993,1.708064737366261,S,2013-12-05
VIAB,VIAB.W^E14,2013-12-10,GARCH,0.2015784937543798,1.6124559184239904,,2013-12-05
VIAB,VIAB.W^E14,2013-12-10,GJR-GARCH,0.2090037317969238,1.7334349168666854,,2013-12-05
VIAB,VIAB.W^E14,2013-12-11,EGARCH,0.1710731408630331,1.1613499811406018,,2013-12-05
VIAB,VIAB.W^E14,2013-12-11,ESG-EGARCH,0.171335936427308,1.1649207583897825,all,2013-12-05
VIAB,VIAB.W^E14,2013-12-11,ESG-EGARCH(E),0.171414691325244,1.1659919207193927,E,2013-12-05
VIAB,VIAB.W^E14,2013-12-11,ESG-EGARCH(G),0.1714890005585284,1.1670030679588477,G,2013-12-05
VIAB,VIAB.W^E14,2013-12-11,ESG-EGARCH(S),0.1713893693106467,1.1656474568532238,S,2013-12-05
VIAB,VIAB.W^E14,2013-12-11,ESG-GARCH,0.2025342675437368,1.6277829178364274,all,2013-12-05
VIAB,VIAB.W^E14,2013-12-11,ESG-GARCH(E),0.2032107908402105,1.6386756156311038,E,2013-12-05
VIAB,VIAB.W^E14,2013-12-11,ESG-GARCH(G),0.2029566192479999,1.6345789403403814,G,2013-12-05
VIAB,VIAB.W^E14,2013-12-11,ESG-GARCH(S),0.2031743871681237,1.6380885556008975,S,2013-12-05
VIAB,VIAB.W^E14,2013-12-11,ESG-GJR-GARCH,0.2054561740601754,1.675088867438297,all,2013-12-05
VIAB,VIAB.W^E14,2013-12-11,ESG-GJR-GARCH(E),0.207420958689764,1.707279924753206,E,2013-12-05
VIAB,VIAB.W^E14,2013-12-11,ESG-GJR-GARCH(G),0.2062220883312372,1.6876011791943095,G,2013-12-05
VIAB,VIAB.W^E14,2013-12-11,ESG-GJR-GARCH(S),0.2074686274635993,1.708064737366261,S,2013-12-05
VIAB,VIAB.W^E14,2013-12-11,GARCH,0.2015784937543798,1.6124559184239904,,2013-12-05
VIAB,VIAB.W^E14,2013-12-11,GJR-GARCH,0.2090037317969238,1.7334349168666854,,2013-12-05
VIAB,VIAB.W^E14,2013-12-12,EGARCH,0.1710731408630331,1.1613499811406018,,2013-12-05
VIAB,VIAB.W^E14,2013-12-12,ESG-EGARCH,0.171335936427308,1.1649207583897825,all,2013-12-05
VIAB,VIAB.W^E14,2013-12-12,ESG-EGARCH(E),0.171414691325244,1.1659919207193927,E,2013-12-05
VIAB,VIAB.W^E14,2013-12-12,ESG-EGARCH(G),0.1714890005585284,1.1670030679588477,G,2013-12-05
VIAB,VIAB.W^E14,2013-12-12,ESG-EGARCH(S),0.1713893693106467,1.1656474568532238,S,2013-12-05
VIAB,VIAB.W^E14,2013-12-12,ESG-GARCH,0.2025342675437368,1.6277829178364274,all,2013-12-05
VIAB,VIAB.W^E14,2013-12-12,ESG-GARCH(E),0.2032107908402105,1.6386756156311038,E,2013-12-05
VIAB,VIAB.W^E14,2013-12-12,ESG-GARCH(G),0.2029566192479999,1.6345789403403814,G,2013-12-05
VIAB,VIAB.W^E14,2013-12-12,ESG-GARCH(S),0.2031743871681237,1.6380885556008975,S,2013-12-05
VIAB,VIAB.W^E14,2013-12-12,ESG-GJR-GARCH,0.2054561740601754,1.675088867438297,all,2013-12-05
VIAB,VIAB.W^E14,2013-12-12,ESG-GJR-GARCH(E),0.207420958689764,1.707279924753206,E,2013-12-05
VIAB,VIAB.W^E14,2013-12-12,ESG-GJR-GARCH(G),0.2062220883312372,1.6876011791943095,G,2013-12-05
VIAB,VIAB.W^E14,2013-12-12,ESG-GJR-GARCH(S),0.2074686274635993,1.708064737366261,S,2013-12-05
VIAB,VIAB.W^E14,2013-12-12,GARCH,0.2015784937543798,1.6124559184239904,,2013-12-05
VIAB,VIAB.W^E14,2013-12-12,GJR-GARCH,0.2090037317969238,1.7334349168666854,,2013-12-05
VIAB,VIAB.W^E14,2013-12-13,EGARCH,0.1710731408630331,1.1613499811406018,,2013-12-05
VIAB,VIAB.W^E14,2013-12-13,ESG-EGARCH,0.171335936427308,1.1649207583897825,all,2013-12-05
VIAB,VIAB.W^E14,2013-12-13,ESG-EGARCH(E),0.171414691325244,1.1659919207193927,E,2013-12-05
VIAB,VIAB.W^E14,2013-12-13,ESG-EGARCH(G),0.1714890005585284,1.1670030679588477,G,2013-12-05
VIAB,VIAB.W^E14,2013-12-13,ESG-EGARCH(S),0.1713893693106467,1.1656474568532238,S,2013-12-05
VIAB,VIAB.W^E14,2013-12-13,ESG-GARCH,0.2025342675437368,1.6277829178364274,all,2013-12-05
VIAB,VIAB.W^E14,2013-12-13,ESG-GARCH(E),0.2032107908402105,1.6386756156311038,E,2013-12-05
VIAB,VIAB.W^E14,2013-12-13,ESG-GARCH(G),0.2029566192479999,1.6345789403403814,G,2013-12-05
VIAB,VIAB.W^E14,2013-12-13,ESG-GARCH(S),0.2031743871681237,1.6380885556008975,S,2013-12-05
VIAB,VIAB.W^E14,2013-12-13,ESG-GJR-GARCH,0.2054561740601754,1.675088867438297,all,2013-12-05
VIAB,VIAB.W^E14,2013-12-13,ESG-GJR-GARCH(E),0.207420958689764,1.707279924753206,E,2013-12-05
VIAB,VIAB.W^E14,2013-12-13,ESG-GJR-GARCH(G),0.2062220883312372,1.6876011791943095,G,2013-12-05
VIAB,VIAB.W^E14,2013-12-13,ESG-GJR-GARCH(S),0.2074686274635993,1.708064737366261,S,2013-12-05
VIAB,VIAB.W^E14,2013-12-13,GARCH,0.2015784937543798,1.6124559184239904,,2013-12-05
VIAB,VIAB.W^E14,2013-12-13,GJR-GARCH,0.2090037317969238,1.7334349168666854,,2013-12-05
VIAB,VIAB.W^E14,2013-12-16,EGARCH,0.1710731408630331,1.1613499811406018,,2013-12-05
VIAB,VIAB.W^E14,2013-12-16,ESG-EGARCH,0.171335936427308,1.1649207583897825,all,2013-12-05
VIAB,VIAB.W^E14,2013-12-16,ESG-EGARCH(E),0.171414691325244,1.1659919207193927,E,2013-12-05
VIAB,VIAB.W^E14,2013-12-16,ESG-EGARCH(G),0.1714890005585284,1.1670030679588477,G,2013-12-05
VIAB,VIAB.W^E14,2013-12-16,ESG-EGARCH(S),0.1713893693106467,1.1656474568532238,S,2013-12-05
VIAB,VIAB.W^E14,2013-12-16,ESG-GARCH,0.2025342675437368,1.6277829178364274,all,2013-12-05
VIAB,VIAB.W^E14,2013-12-16,ESG-GARCH(E),0.2032107908402105,1.6386756156311038,E,2013-12-05
VIAB,VIAB.W^E14,2013-12-16,ESG-GARCH(G),0.2029566192479999,1.6345789403403814,G,2013-12-05
VIAB,VIAB.W^E14,2013-12-16,ESG-GARCH(S),0.2031743871681237,1.6380885556008975,S,2013-12-05
VIAB,VIAB.W^E14,2013-12-16,ESG-GJR-GARCH,0.2054561740601754,1.675088867438297,all,2013-12-05
VIAB,VIAB.W^E14,2013-12-16,ESG-GJR-GARCH(E),0.207420958689764,1.707279924753206,E,2013-12-05
VIAB,VIAB.W^E14,2013-12-16,ESG-GJR-GARCH(G),0.2062220883312372,1.6876011791943095,G,2013-12-05
VIAB,VIAB.W^E14,2013-12-16,ESG-GJR-GARCH(S),0.2074686274635993,1.708064737366261,S,2013-12-05
VIAB,VIAB.W^E14,2013-12-16,GARCH,0.2015784937543798,1.6124559184239904,,2013-12-05
VIAB,VIAB.W^E14,2013-12-16,GJR-GARCH,0.2090037317969238,1.7334349168666854,,2013-12-05
VIAB,VIAB.W^E14,2013-12-19,EGARCH,0.1710731408630331,1.1613499811406018,,2013-12-05
VIAB,VIAB.W^E14,2013-12-19,ESG-EGARCH,0.171335936427308,1.1649207583897825,all,2013-12-05
VIAB,VIAB.W^E14,2013-12-19,ESG-EGARCH(E),0.171414691325244,1.1659919207193927,E,2013-12-05
VIAB,VIAB.W^E14,2013-12-19,ESG-EGARCH(G),0.1714890005585284,1.1670030679588477,G,2013-12-05
VIAB,VIAB.W^E14,2013-12-19,ESG-EGARCH(S),0.1713893693106467,1.1656474568532238,S,2013-12-05
VIAB,VIAB.W^E14,2013-12-19,ESG-GARCH,0.2025342675437368,1.6277829178364274,all,2013-12-05
VIAB,VIAB.W^E14,2013-12-19,ESG-GARCH(E),0.2032107908402105,1.6386756156311038,E,2013-12-05
VIAB,VIAB.W^E14,2013-12-19,ESG-GARCH(G),0.2029566192479999,1.6345789403403814,G,2013-12-05
VIAB,VIAB.W^E14,2013-12-19,ESG-GARCH(S),0.2031743871681237,1.6380885556008975,S,2013-12-05
VIAB,VIAB.W^E14,2013-12-19,ESG-GJR-GARCH,0.2054561740601754,1.675088867438297,all,2013-12-05
VIAB,VIAB.W^E14,2013-12-19,ESG-GJR-GARCH(E),0.207420958689764,1.707279924753206,E,2013-12-05
VIAB,VIAB.W^E14,2013-12-19,ESG-GJR-GARCH(G),0.2062220883312372,1.6876011791943095,G,2013-12-05
VIAB,VIAB.W^E14,2013-12-19,ESG-GJR-GARCH(S),0.2074686274635993,1.708064737366261,S,2013-12-05
VIAB,VIAB.W^E14,2013-12-19,GARCH,0.2015784937543798,1.6124559184239904,,2013-12-05
VIAB,VIAB.W^E14,2013-12-19,GJR-GARCH,0.2090037317969238,1.7334349168666854,,2013-12-05
VIAB,VIAB.W^E14,2013-12-20,EGARCH,0.1710731408630331,1.1613499811406018,,2013-12-05
VIAB,VIAB.W^E14,2013-12-20,ESG-EGARCH,0.171335936427308,1.1649207583897825,all,2013-12-05
VIAB,VIAB.W^E14,2013-12-20,ESG-EGARCH(E),0.171414691325244,1.1659919207193927,E,2013-12-05
VIAB,VIAB.W^E14,2013-12-20,ESG-EGARCH(G),0.1714890005585284,1.1670030679588477,G,2013-12-05
VIAB,VIAB.W^E14,2013-12-20,ESG-EGARCH(S),0.1713893693106467,1.1656474568532238,S,2013-12-05
VIAB,VIAB.W^E14,2013-12-20,ESG-GARCH,0.2025342675437368,1.6277829178364274,all,2013-12-05
VIAB,VIAB.W^E14,2013-12-20,ESG-GARCH(E),0.2032107908402105,1.6386756156311038,E,2013-12-05
VIAB,VIAB.W^E14,2013-12-20,ESG-GARCH(G),0.2029566192479999,1.6345789403403814,G,2013-12-05
VIAB,VIAB.W^E14,2013-12-20,ESG-GARCH(S),0.2031743871681237,1.6380885556008975,S,2013-12-05
VIAB,VIAB.W^E14,2013-12-20,ESG-GJR-GARCH,0.2054561740601754,1.675088867438297,all,2013-12-05
VIAB,VIAB.W^E14,2013-12-20,ESG-GJR-GARCH(E),0.207420958689764,1.707279924753206,E,2013-12-05
VIAB,VIAB.W^E14,2013-12-20,ESG-GJR-GARCH(G),0.2062220883312372,1.6876011791943095,G,2013-12-05
VIAB,VIAB.W^E14,2013-12-20,ESG-GJR-GARCH(S),0.2074686274635993,1.708064737366261,S,2013-12-05
VIAB,VIAB.W^E14,2013-12-20,GARCH,0.2015784937543798,1.6124559184239904,,2013-12-05
VIAB,VIAB.W^E14,2013-12-20,GJR-GARCH,0.2090037317969238,1.7334349168666854,,2013-12-05
VIAB,VIAB.W^E14,2013-12-23,EGARCH,0.1710731408630331,1.1613499811406018,,2013-12-05
VIAB,VIAB.W^E14,2013-12-23,ESG-EGARCH,0.171335936427308,1.1649207583897825,all,2013-12-05
VIAB,VIAB.W^E14,2013-12-23,ESG-EGARCH(E),0.171414691325244,1.1659919207193927,E,2013-12-05
VIAB,VIAB.W^E14,2013-12-23,ESG-EGARCH(G),0.1714890005585284,1.1670030679588477,G,2013-12-05
VIAB,VIAB.W^E14,2013-12-23,ESG-EGARCH(S),0.1713893693106467,1.1656474568532238,S,2013-12-05
VIAB,VIAB.W^E14,2013-12-23,ESG-GARCH,0.2025342675437368,1.6277829178364274,all,2013-12-05
VIAB,VIAB.W^E14,2013-12-23,ESG-GARCH(E),0.2032107908402105,1.6386756156311038,E,2013-12-05
VIAB,VIAB.W^E14,2013-12-23,ESG-GARCH(G),0.2029566192479999,1.6345789403403814,G,2013-12-05
VIAB,VIAB.W^E14,2013-12-23,ESG-GARCH(S),0.2031743871681237,1.6380885556008975,S,2013-12-05
VIAB,VIAB.W^E14,2013-12-23,ESG-GJR-GARCH,0.2054561740601754,1.675088867438297,all,2013-12-05
VIAB,VIAB.W^E14,2013-12-23,ESG-GJR-GARCH(E),0.207420958689764,1.707279924753206,E,2013-12-05
VIAB,VIAB.W^E14,2013-12-23,ESG-GJR-GARCH(G),0.2062220883312372,1.6876011791943095,G,2013-12-05
VIAB,VIAB.W^E14,2013-12-23,ESG-GJR-GARCH(S),0.2074686274635993,1.708064737366261,S,2013-12-05
VIAB,VIAB.W^E14,2013-12-23,GARCH,0.2015784937543798,1.6124559184239904,,2013-12-05
VIAB,VIAB.W^E14,2013-12-23,GJR-GARCH,0.2090037317969238,1.7334349168666854,,2013-12-05
VIAB,VIAB.W^E14,2013-12-27,EGARCH,0.1710731408630331,1.1613499811406018,,2013-12-05
VIAB,VIAB.W^E14,2013-12-27,ESG-EGARCH,0.171335936427308,1.1649207583897825,all,2013-12-05
VIAB,VIAB.W^E14,2013-12-27,ESG-EGARCH(E),0.171414691325244,1.1659919207193927,E,2013-12-05
VIAB,VIAB.W^E14,2013-12-27,ESG-EGARCH(G),0.1714890005585284,1.1670030679588477,G,2013-12-05
VIAB,VIAB.W^E14,2013-12-27,ESG-EGARCH(S),0.1713893693106467,1.1656474568532238,S,2013-12-05
VIAB,VIAB.W^E14,2013-12-27,ESG-GARCH,0.2025342675437368,1.6277829178364274,all,2013-12-05
VIAB,VIAB.W^E14,2013-12-27,ESG-GARCH(E),0.2032107908402105,1.6386756156311038,E,2013-12-05
VIAB,VIAB.W^E14,2013-12-27,ESG-GARCH(G),0.2029566192479999,1.6345789403403814,G,2013-12-05
VIAB,VIAB.W^E14,2013-12-27,ESG-GARCH(S),0.2031743871681237,1.6380885556008975,S,2013-12-05
VIAB,VIAB.W^E14,2013-12-27,ESG-GJR-GARCH,0.2054561740601754,1.675088867438297,all,2013-12-05
VIAB,VIAB.W^E14,2013-12-27,ESG-GJR-GARCH(E),0.207420958689764,1.707279924753206,E,2013-12-05
VIAB,VIAB.W^E14,2013-12-27,ESG-GJR-GARCH(G),0.2062220883312372,1.6876011791943095,G,2013-12-05
VIAB,VIAB.W^E14,2013-12-27,ESG-GJR-GARCH(S),0.2074686274635993,1.708064737366261,S,2013-12-05
VIAB,VIAB.W^E14,2013-12-27,GARCH,0.2015784937543798,1.6124559184239904,,2013-12-05
VIAB,VIAB.W^E14,2013-12-27,GJR-GARCH,0.2090037317969238,1.7334349168666854,,2013-12-05
VIAB,VIAB.W^E14,2013-12-30,EGARCH,0.1710731408630331,1.1613499811406018,,2013-12-05
VIAB,VIAB.W^E14,2013-12-30,ESG-EGARCH,0.171335936427308,1.1649207583897825,all,2013-12-05
VIAB,VIAB.W^E14,2013-12-30,ESG-EGARCH(E),0.171414691325244,1.1659919207193927,E,2013-12-05
VIAB,VIAB.W^E14,2013-12-30,ESG-EGARCH(G),0.1714890005585284,1.1670030679588477,G,2013-12-05
VIAB,VIAB.W^E14,2013-12-30,ESG-EGARCH(S),0.1713893693106467,1.1656474568532238,S,2013-12-05
VIAB,VIAB.W^E14,2013-12-30,ESG-GARCH,0.2025342675437368,1.6277829178364274,all,2013-12-05
VIAB,VIAB.W^E14,2013-12-30,ESG-GARCH(E),0.2032107908402105,1.6386756156311038,E,2013-12-05
VIAB,VIAB.W^E14,2013-12-30,ESG-GARCH(G),0.2029566192479999,1.6345789403403814,G,2013-12-05
VIAB,VIAB.W^E14,2013-12-30,ESG-GARCH(S),0.2031743871681237,1.6380885556008975,S,2013-12-05
VIAB,VIAB.W^E14,2013-12-30,ESG-GJR-GARCH,0.2054561740601754,1.675088867438297,all,2013-12-05
VIAB,VIAB.W^E14,2013-12-30,ESG-GJR-GARCH(E),0.207420958689764,1.707279924753206,E,2013-12-05
VIAB,VIAB.W^E14,2013-12-30,ESG-GJR-GARCH(G),0.2062220883312372,1.6876011791943095,G,2013-12-05
VIAB,VIAB.W^E14,2013-12-30,ESG-GJR-GARCH(S),0.2074686274635993,1.708064737366261,S,2013-12-05
VIAB,VIAB.W^E14,2013-12-30,GARCH,0.2015784937543798,1.6124559184239904,,2013-12-05
VIAB,VIAB.W^E14,2013-12-30,GJR-GARCH,0.2090037317969238,1.7334349168666854,,2013-12-05
VIAB,VIAB.W^E14,2013-12-31,EGARCH,0.1710731408630331,1.1613499811406018,,2013-12-05
VIAB,VIAB.W^E14,2013-12-31,ESG-EGARCH,0.171335936427308,1.1649207583897825,all,2013-12-05
VIAB,VIAB.W^E14,2013-12-31,ESG-EGARCH(E),0.171414691325244,1.1659919207193927,E,2013-12-05
VIAB,VIAB.W^E14,2013-12-31,ESG-EGARCH(G),0.1714890005585284,1.1670030679588477,G,2013-12-05
VIAB,VIAB.W^E14,2013-12-31,ESG-EGARCH(S),0.1713893693106467,1.1656474568532238,S,2013-12-05
VIAB,VIAB.W^E14,2013-12-31,ESG-GARCH,0.2025342675437368,1.6277829178364274,all,2013-12-05
VIAB,VIAB.W^E14,2013-12-31,ESG-GARCH(E),0.2032107908402105,1.6386756156311038,E,2013-12-05
VIAB,VIAB.W^E14,2013-12-31,ESG-GARCH(G),0.2029566192479999,1.6345789403403814,G,2013-12-05
VIAB,VIAB.W^E14,2013-12-31,ESG-GARCH(S),0.2031743871681237,1.6380885556008975,S,2013-12-05
VIAB,VIAB.W^E14,2013-12-31,ESG-GJR-GARCH,0.2054561740601754,1.675088867438297,all,2013-12-05
VIAB,VIAB.W^E14,2013-12-31,ESG-GJR-GARCH(E),0.207420958689764,1.707279924753206,E,2013-12-05
VIAB,VIAB.W^E14,2013-12-31,ESG-GJR-GARCH(G),0.2062220883312372,1.6876011791943095,G,2013-12-05
VIAB,VIAB.W^E14,2013-12-31,ESG-GJR-GARCH(S),0.2074686274635993,1.708064737366261,S,2013-12-05
VIAB,VIAB.W^E14,2013-12-31,GARCH,0.2015784937543798,1.6124559184239904,,2013-12-05
VIAB,VIAB.W^E14,2013-12-31,GJR-GARCH,0.2090037317969238,1.7334349168666854,,2013-12-05
VIAB,VIAB.W^E14,2014-01-02,EGARCH,0.1710731408630331,1.1613499811406018,,2013-12-05
VIAB,VIAB.W^E14,2014-01-02,ESG-EGARCH,0.1710628691245998,1.1612105235373007,all,2013-12-05
VIAB,VIAB.W^E14,2014-01-02,ESG-EGARCH(E),0.1719984906177352,1.173947649792823,E,2013-12-05
VIAB,VIAB.W^E14,2014-01-02,ESG-EGARCH(G),0.1721548766098651,1.1760833944665827,G,2013-12-05
VIAB,VIAB.W^E14,2014-01-02,ESG-EGARCH(S),0.1714218923623355,1.166089888138259,S,2013-12-05
VIAB,VIAB.W^E14,2014-01-02,ESG-GARCH,0.1976730235725279,1.550580327313698,all,2013-12-05
VIAB,VIAB.W^E14,2014-01-02,ESG-GARCH(E),0.2016186584931565,1.613098549705558,E,2013-12-05
VIAB,VIAB.W^E14,2014-01-02,ESG-GARCH(G),0.1995837380062131,1.580701130021139,G,2013-12-05
VIAB,VIAB.W^E14,2014-01-02,ESG-GARCH(S),0.2031061877121894,1.636989027261077,S,2013-12-05
VIAB,VIAB.W^E14,2014-01-02,ESG-GJR-GARCH,0.1930438807796056,1.4788071391448645,all,2013-12-05
VIAB,VIAB.W^E14,2014-01-02,ESG-GJR-GARCH(E),0.2022029997864447,1.6224624255014672,E,2013-12-05
VIAB,VIAB.W^E14,2014-01-02,ESG-GJR-GARCH(G),0.1964000278342962,1.5306734497346155,G,2013-12-05
VIAB,VIAB.W^E14,2014-01-02,ESG-GJR-GARCH(S),0.2072322252947369,1.704174412722564,S,2013-12-05
VIAB,VIAB.W^E14,2014-01-02,GARCH,0.2015784937543798,1.6124559184239904,,2013-12-05
VIAB,VIAB.W^E14,2014-01-02,GJR-GARCH,0.2090037317969238,1.7334349168666854,,2013-12-05
VIAB,VIAB.W^E14,2014-01-03,EGARCH,0.1710731408630331,1.1613499811406018,,2013-12-05
VIAB,VIAB.W^E14,2014-01-03,ESG-EGARCH,0.1710628691245998,1.1612105235373007,all,2013-12-05
VIAB,VIAB.W^E14,2014-01-03,ESG-EGARCH(E),0.1719984906177352,1.173947649792823,E,2013-12-05
VIAB,VIAB.W^E14,2014-01-03,ESG-EGARCH(G),0.1721548766098651,1.1760833944665827,G,2013-12-05
VIAB,VIAB.W^E14,2014-01-03,ESG-EGARCH(S),0.1714218923623355,1.166089888138259,S,2013-12-05
VIAB,VIAB.W^E14,2014-01-03,ESG-GARCH,0.1976730235725279,1.550580327313698,all,2013-12-05
VIAB,VIAB.W^E14,2014-01-03,ESG-GARCH(E),0.2016186584931565,1.613098549705558,E,2013-12-05
VIAB,VIAB.W^E14,2014-01-03,ESG-GARCH(G),0.1995837380062131,1.580701130021139,G,2013-12-05
VIAB,VIAB.W^E14,2014-01-03,ESG-GARCH(S),0.2031061877121894,1.636989027261077,S,2013-12-05
VIAB,VIAB.W^E14,2014-01-03,ESG-GJR-GARCH,0.1930438807796056,1.4788071391448645,all,2013-12-05
VIAB,VIAB.W^E14,2014-01-03,ESG-GJR-GARCH(E),0.2022029997864447,1.6224624255014672,E,2013-12-05
VIAB,VIAB.W^E14,2014-01-03,ESG-GJR-GARCH(G),0.1964000278342962,1.5306734497346155,G,2013-12-05
VIAB,VIAB.W^E14,2014-01-03,ESG-GJR-GARCH(S),0.2072322252947369,1.704174412722564,S,2013-12-05
VIAB,VIAB.W^E14,2014-01-03,GARCH,0.2015784937543798,1.6124559184239904,,2013-12-05
VIAB,VIAB.W^E14,2014-01-03,GJR-GARCH,0.2090037317969238,1.7334349168666854,,2013-12-05
VIAB,VIAB.W^E14,2014-01-06,EGARCH,0.1710731408630331,1.1613499811406018,,2013-12-05
VIAB,VIAB.W^E14,2014-01-06,ESG-EGARCH,0.1710628691245998,1.1612105235373007,all,2013-12-05
VIAB,VIAB.W^E14,2014-01-06,ESG-EGARCH(E),0.1719984906177352,1.173947649792823,E,2013-12-05
VIAB,VIAB.W^E14,2014-01-06,ESG-EGARCH(G),0.1721548766098651,1.1760833944665827,G,2013-12-05
VIAB,VIAB.W^E14,2014-01-06,ESG-EGARCH(S),0.1714218923623355,1.166089888138259,S,2013-12-05
VIAB,VIAB.W^E14,2014-01-06,ESG-GARCH,0.1976730235725279,1.550580327313698,all,2013-12-05
VIAB,VIAB.W^E14,2014-01-06,ESG-GARCH(E),0.2016186584931565,1.613098549705558,E,2013-12-05
VIAB,VIAB.W^E14,2014-01-06,ESG-GARCH(G),0.1995837380062131,1.580701130021139,G,2013-12-05
VIAB,VIAB.W^E14,2014-01-06,ESG-GARCH(S),0.2031061877121894,1.636989027261077,S,2013-12-05
VIAB,VIAB.W^E14,2014-01-06,ESG-GJR-GARCH,0.1930438807796056,1.4788071391448645,all,2013-12-05
VIAB,VIAB.W^E14,2014-01-06,ESG-GJR-GARCH(E),0.2022029997864447,1.6224624255014672,E,2013-12-05
VIAB,VIAB.W^E14,2014-01-06,ESG-GJR-GARCH(G),0.1964000278342962,1.5306734497346155,G,2013-12-05
VIAB,VIAB.W^E14,2014-01-06,ESG-GJR-GARCH(S),0.2072322252947369,1.704174412722564,S,2013-12-05
VIAB,VIAB.W^E14,2014-01-06,GARCH,0.2015784937543798,1.6124559184239904,,2013-12-05
VIAB,VIAB.W^E14,2014-01-06,GJR-GARCH,0.2090037317969238,1.7334349168666854,,2013-12-05
VIAB,VIAB.W^E14,2014-01-07,EGARCH,0.1710731408630331,1.1613499811406018,,2013-12-05
VIAB,VIAB.W^E14,2014-01-07,ESG-EGARCH,0.1710628691245998,1.1612105235373007,all,2013-12-05
VIAB,VIAB.W^E14,2014-01-07,ESG-EGARCH(E),0.1719984906177352,1.173947649792823,E,2013-12-05
VIAB,VIAB.W^E14,2014-01-07,ESG-EGARCH(G),0.1721548766098651,1.1760833944665827,G,2013-12-05
VIAB,VIAB.W^E14,2014-01-07,ESG-EGARCH(S),0.1714218923623355,1.166089888138259,S,2013-12-05
VIAB,VIAB.W^E14,2014-01-07,ESG-GARCH,0.1976730235725279,1.550580327313698,all,2013-12-05
VIAB,VIAB.W^E14,2014-01-07,ESG-GARCH(E),0.2016186584931565,1.613098549705558,E,2013-12-05
VIAB,VIAB.W^E14,2014-01-07,ESG-GARCH(G),0.1995837380062131,1.580701130021139,G,2013-12-05
VIAB,VIAB.W^E14,2014-01-07,ESG-GARCH(S),0.2031061877121894,1.636989027261077,S,2013-12-05
VIAB,VIAB.W^E14,2014-01-07,ESG-GJR-GARCH,0.1930438807796056,1.4788071391448645,all,2013-12-05
VIAB,VIAB.W^E14,2014-01-07,ESG-GJR-GARCH(E),0.2022029997864447,1.6224624255014672,E,2013-12-05
VIAB,VIAB.W^E14,2014-01-07,ESG-GJR-GARCH(G),0.1964000278342962,1.5306734497346155,G,2013-12-05
VIAB,VIAB.W^E14,2014-01-07,ESG-GJR-GARCH(S),0.2072322252947369,1.704174412722564,S,2013-12-05
VIAB,VIAB.W^E14,2014-01-07,GARCH,0.2015784937543798,1.6124559184239904,,2013-12-05
VIAB,VIAB.W^E14,2014-01-07,GJR-GARCH,0.2090037317969238,1.7334349168666854,,2013-12-05
VIAB,VIAB.W^E14,2014-01-08,EGARCH,0.1710731408630331,1.1613499811406018,,2013-12-05
VIAB,VIAB.W^E14,2014-01-08,ESG-EGARCH,0.1710628691245998,1.1612105235373007,all,2013-12-05
VIAB,VIAB.W^E14,2014-01-08,ESG-EGARCH(E),0.1719984906177352,1.173947649792823,E,2013-12-05
VIAB,VIAB.W^E14,2014-01-08,ESG-EGARCH(G),0.1721548766098651,1.1760833944665827,G,2013-12-05
VIAB,VIAB.W^E14,2014-01-08,ESG-EGARCH(S),0.1714218923623355,1.166089888138259,S,2013-12-05
VIAB,VIAB.W^E14,2014-01-08,ESG-GARCH,0.1976730235725279,1.550580327313698,all,2013-12-05
VIAB,VIAB.W^E14,2014-01-08,ESG-GARCH(E),0.2016186584931565,1.613098549705558,E,2013-12-05
VIAB,VIAB.W^E14,2014-01-08,ESG-GARCH(G),0.1995837380062131,1.580701130021139,G,2013-12-05
VIAB,VIAB.W^E14,2014-01-08,ESG-GARCH(S),0.2031061877121894,1.636989027261077,S,2013-12-05
VIAB,VIAB.W^E14,2014-01-08,ESG-GJR-GARCH,0.1930438807796056,1.4788071391448645,all,2013-12-05
VIAB,VIAB.W^E14,2014-01-08,ESG-GJR-GARCH(E),0.2022029997864447,1.6224624255014672,E,2013-12-05
VIAB,VIAB.W^E14,2014-01-08,ESG-GJR-GARCH(G),0.1964000278342962,1.5306734497346155,G,2013-12-05
VIAB,VIAB.W^E14,2014-01-08,ESG-GJR-GARCH(S),0.2072322252947369,1.704174412722564,S,2013-12-05
VIAB,VIAB.W^E14,2014-01-08,GARCH,0.2015784937543798,1.6124559184239904,,2013-12-05
VIAB,VIAB.W^E14,2014-01-08,GJR-GARCH,0.2090037317969238,1.7334349168666854,,2013-12-05
VIAB,VIAB.W^E14,2014-01-09,EGARCH,0.1710731408630331,1.1613499811406018,,2013-12-05
VIAB,VIAB.W^E14,2014-01-09,ESG-EGARCH,0.1710628691245998,1.1612105235373007,all,2013-12-05
VIAB,VIAB.W^E14,2014-01-09,ESG-EGARCH(E),0.1719984906177352,1.173947649792823,E,2013-12-05
VIAB,VIAB.W^E14,2014-01-09,ESG-EGARCH(G),0.1721548766098651,1.1760833944665827,G,2013-12-05
VIAB,VIAB.W^E14,2014-01-09,ESG-EGARCH(S),0.1714218923623355,1.166089888138259,S,2013-12-05
VIAB,VIAB.W^E14,2014-01-09,ESG-GARCH,0.1976730235725279,1.550580327313698,all,2013-12-05
VIAB,VIAB.W^E14,2014-01-09,ESG-GARCH(E),0.2016186584931565,1.613098549705558,E,2013-12-05
VIAB,VIAB.W^E14,2014-01-09,ESG-GARCH(G),0.1995837380062131,1.580701130021139,G,2013-12-05
VIAB,VIAB.W^E14,2014-01-09,ESG-GARCH(S),0.2031061877121894,1.636989027261077,S,2013-12-05
VIAB,VIAB.W^E14,2014-01-09,ESG-GJR-GARCH,0.1930438807796056,1.4788071391448645,all,2013-12-05
VIAB,VIAB.W^E14,2014-01-09,ESG-GJR-GARCH(E),0.2022029997864447,1.6224624255014672,E,2013-12-05
VIAB,VIAB.W^E14,2014-01-09,ESG-GJR-GARCH(G),0.1964000278342962,1.5306734497346155,G,2013-12-05
VIAB,VIAB.W^E14,2014-01-09,ESG-GJR-GARCH(S),0.2072322252947369,1.704174412722564,S,2013-12-05
VIAB,VIAB.W^E14,2014-01-09,GARCH,0.2015784937543798,1.6124559184239904,,2013-12-05
VIAB,VIAB.W^E14,2014-01-09,GJR-GARCH,0.2090037317969238,1.7334349168666854,,2013-12-05
VIAB,VIAB.W^E14,2014-01-10,EGARCH,0.1710731408630331,1.1613499811406018,,2013-12-05
VIAB,VIAB.W^E14,2014-01-10,ESG-EGARCH,0.1710628691245998,1.1612105235373007,all,2013-12-05
VIAB,VIAB.W^E14,2014-01-10,ESG-EGARCH(E),0.1719984906177352,1.173947649792823,E,2013-12-05
VIAB,VIAB.W^E14,2014-01-10,ESG-EGARCH(G),0.1721548766098651,1.1760833944665827,G,2013-12-05
VIAB,VIAB.W^E14,2014-01-10,ESG-EGARCH(S),0.1714218923623355,1.166089888138259,S,2013-12-05
VIAB,VIAB.W^E14,2014-01-10,ESG-GARCH,0.1976730235725279,1.550580327313698,all,2013-12-05
VIAB,VIAB.W^E14,2014-01-10,ESG-GARCH(E),0.2016186584931565,1.613098549705558,E,2013-12-05
VIAB,VIAB.W^E14,2014-01-10,ESG-GARCH(G),0.1995837380062131,1.580701130021139,G,2013-12-05
VIAB,VIAB.W^E14,2014-01-10,ESG-GARCH(S),0.2031061877121894,1.636989027261077,S,2013-12-05
VIAB,VIAB.W^E14,2014-01-10,ESG-GJR-GARCH,0.1930438807796056,1.4788071391448645,all,2013-12-05
VIAB,VIAB.W^E14,2014-01-10,ESG-GJR-GARCH(E),0.2022029997864447,1.6224624255014672,E,2013-12-05
VIAB,VIAB.W^E14,2014-01-10,ESG-GJR-GARCH(G),0.1964000278342962,1.5306734497346155,G,2013-12-05
VIAB,VIAB.W^E14,2014-01-10,ESG-GJR-GARCH(S),0.2072322252947369,1.704174412722564,S,2013-12-05
VIAB,VIAB.W^E14,2014-01-10,GARCH,0.2015784937543798,1.6124559184239904,,2013-12-05
VIAB,VIAB.W^E14,2014-01-10,GJR-GARCH,0.2090037317969238,1.7334349168666854,,2013-12-05
VIAB,VIAB.W^E14,2014-01-13,EGARCH,0.1710731408630331,1.1613499811406018,,2013-12-05
VIAB,VIAB.W^E14,2014-01-13,ESG-EGARCH,0.1710628691245998,1.1612105235373007,all,2013-12-05
VIAB,VIAB.W^E14,2014-01-13,ESG-EGARCH(E),0.1719984906177352,1.173947649792823,E,2013-12-05
VIAB,VIAB.W^E14,2014-01-13,ESG-EGARCH(G),0.1721548766098651,1.1760833944665827,G,2013-12-05
VIAB,VIAB.W^E14,2014-01-13,ESG-EGARCH(S),0.1714218923623355,1.166089888138259,S,2013-12-05
VIAB,VIAB.W^E14,2014-01-13,ESG-GARCH,0.1976730235725279,1.550580327313698,all,2013-12-05
VIAB,VIAB.W^E14,2014-01-13,ESG-GARCH(E),0.2016186584931565,1.613098549705558,E,2013-12-05
VIAB,VIAB.W^E14,2014-01-13,ESG-GARCH(G),0.1995837380062131,1.580701130021139,G,2013-12-05
VIAB,VIAB.W^E14,2014-01-13,ESG-GARCH(S),0.2031061877121894,1.636989027261077,S,2013-12-05
VIAB,VIAB.W^E14,2014-01-13,ESG-GJR-GARCH,0.1930438807796056,1.4788071391448645,all,2013-12-05
VIAB,VIAB.W^E14,2014-01-13,ESG-GJR-GARCH(E),0.2022029997864447,1.6224624255014672,E,2013-12-05
VIAB,VIAB.W^E14,2014-01-13,ESG-GJR-GARCH(G),0.1964000278342962,1.5306734497346155,G,2013-12-05
VIAB,VIAB.W^E14,2014-01-13,ESG-GJR-GARCH(S),0.2072322252947369,1.704174412722564,S,2013-12-05
VIAB,VIAB.W^E14,2014-01-13,GARCH,0.2015784937543798,1.6124559184239904,,2013-12-05
VIAB,VIAB.W^E14,2014-01-13,GJR-GARCH,0.2090037317969238,1.7334349168666854,,2013-12-05
VIAB,VIAB.W^E14,2014-01-14,EGARCH,0.1655370820133326,1.087401806408286,,2014-01-14
VIAB,VIAB.W^E14,2014-01-14,ESG-EGARCH,0.1674167824941244,1.1122372643128953,all,2014-01-14
VIAB,VIAB.W^E14,2014-01-14,ESG-EGARCH(E),0.1674101343881269,1.112148932375029,E,2014-01-14
VIAB,VIAB.W^E14,2014-01-14,ESG-EGARCH(G),0.1675430924149248,1.1139161831728592,G,2014-01-14
VIAB,VIAB.W^E14,2014-01-14,ESG-EGARCH(S),0.1668698119109836,1.1049815129844074,S,2014-01-14
VIAB,VIAB.W^E14,2014-01-14,ESG-GARCH,0.1977672931549907,1.552059612771906,all,2014-01-14
VIAB,VIAB.W^E14,2014-01-14,ESG-GARCH(E),0.1994711145656398,1.578917680399152,E,2014-01-14
VIAB,VIAB.W^E14,2014-01-14,ESG-GARCH(G),0.1973199371315334,1.5450459360949336,G,2014-01-14
VIAB,VIAB.W^E14,2014-01-14,ESG-GARCH(S),0.2009955178278445,1.603142785193785,S,2014-01-14
VIAB,VIAB.W^E14,2014-01-14,ESG-GJR-GARCH,0.1731101338053932,1.1891713661159191,all,2014-01-14
VIAB,VIAB.W^E14,2014-01-14,ESG-GJR-GARCH(E),0.1731101225791312,1.1891712118794375,E,2014-01-14
VIAB,VIAB.W^E14,2014-01-14,ESG-GJR-GARCH(G),0.1731101205120655,1.1891711834802323,G,2014-01-14
VIAB,VIAB.W^E14,2014-01-14,ESG-GJR-GARCH(S),0.1731101335607741,1.1891713627551217,S,2014-01-14
VIAB,VIAB.W^E14,2014-01-14,GARCH,0.2011160576568817,1.605066216168499,,2014-01-14
VIAB,VIAB.W^E14,2014-01-14,GJR-GARCH,0.173141322402471,1.1895999017173182,,2014-01-14
VIAB,VIAB.W^E14,2014-01-15,EGARCH,0.1655370820133326,1.087401806408286,,2014-01-14
VIAB,VIAB.W^E14,2014-01-15,ESG-EGARCH,0.1674167824941244,1.1122372643128953,all,2014-01-14
VIAB,VIAB.W^E14,2014-01-15,ESG-EGARCH(E),0.1674101343881269,1.112148932375029,E,2014-01-14
VIAB,VIAB.W^E14,2014-01-15,ESG-EGARCH(G),0.1675430924149248,1.1139161831728592,G,2014-01-14
VIAB,VIAB.W^E14,2014-01-15,ESG-EGARCH(S),0.1668698119109836,1.1049815129844074,S,2014-01-14
VIAB,VIAB.W^E14,2014-01-15,ESG-GARCH,0.1977672931549907,1.552059612771906,all,2014-01-14
VIAB,VIAB.W^E14,2014-01-15,ESG-GARCH(E),0.1994711145656398,1.578917680399152,E,2014-01-14
VIAB,VIAB.W^E14,2014-01-15,ESG-GARCH(G),0.1973199371315334,1.5450459360949336,G,2014-01-14
VIAB,VIAB.W^E14,2014-01-15,ESG-GARCH(S),0.2009955178278445,1.603142785193785,S,2014-01-14
VIAB,VIAB.W^E14,2014-01-15,ESG-GJR-GARCH,0.1731101338053932,1.1891713661159191,all,2014-01-14
VIAB,VIAB.W^E14,2014-01-15,ESG-GJR-GARCH(E),0.1731101225791312,1.1891712118794375,E,2014-01-14
VIAB,VIAB.W^E14,2014-01-15,ESG-GJR-GARCH(G),0.1731101205120655,1.1891711834802323,G,2014-01-14
VIAB,VIAB.W^E14,2014-01-15,ESG-GJR-GARCH(S),0.1731101335607741,1.1891713627551217,S,2014-01-14
VIAB,VIAB.W^E14,2014-01-15,GARCH,0.2011160576568817,1.605066216168499,,2014-01-14
VIAB,VIAB.W^E14,2014-01-15,GJR-GARCH,0.173141322402471,1.1895999017173182,,2014-01-14
VIAB,VIAB.W^E14,2014-01-16,EGARCH,0.1655370820133326,1.087401806408286,,2014-01-14
VIAB,VIAB.W^E14,2014-01-16,ESG-EGARCH,0.1674167824941244,1.1122372643128953,all,2014-01-14
VIAB,VIAB.W^E14,2014-01-16,ESG-EGARCH(E),0.1674101343881269,1.112148932375029,E,2014-01-14
VIAB,VIAB.W^E14,2014-01-16,ESG-EGARCH(G),0.1675430924149248,1.1139161831728592,G,2014-01-14
VIAB,VIAB.W^E14,2014-01-16,ESG-EGARCH(S),0.1668698119109836,1.1049815129844074,S,2014-01-14
VIAB,VIAB.W^E14,2014-01-16,ESG-GARCH,0.1977672931549907,1.552059612771906,all,2014-01-14
VIAB,VIAB.W^E14,2014-01-16,ESG-GARCH(E),0.1994711145656398,1.578917680399152,E,2014-01-14
VIAB,VIAB.W^E14,2014-01-16,ESG-GARCH(G),0.1973199371315334,1.5450459360949336,G,2014-01-14
VIAB,VIAB.W^E14,2014-01-16,ESG-GARCH(S),0.2009955178278445,1.603142785193785,S,2014-01-14
VIAB,VIAB.W^E14,2014-01-16,ESG-GJR-GARCH,0.1731101338053932,1.1891713661159191,all,2014-01-14
VIAB,VIAB.W^E14,2014-01-16,ESG-GJR-GARCH(E),0.1731101225791312,1.1891712118794375,E,2014-01-14
VIAB,VIAB.W^E14,2014-01-16,ESG-GJR-GARCH(G),0.1731101205120655,1.1891711834802323,G,2014-01-14
VIAB,VIAB.W^E14,2014-01-16,ESG-GJR-GARCH(S),0.1731101335607741,1.1891713627551217,S,2014-01-14
VIAB,VIAB.W^E14,2014-01-16,GARCH,0.2011160576568817,1.605066216168499,,2014-01-14
VIAB,VIAB.W^E14,2014-01-16,GJR-GARCH,0.173141322402471,1.1895999017173182,,2014-01-14
VIAB,VIAB.W^E14,2014-01-17,EGARCH,0.1655370820133326,1.087401806408286,,2014-01-14
VIAB,VIAB.W^E14,2014-01-17,ESG-EGARCH,0.1674167824941244,1.1122372643128953,all,2014-01-14
VIAB,VIAB.W^E14,2014-01-17,ESG-EGARCH(E),0.1674101343881269,1.112148932375029,E,2014-01-14
VIAB,VIAB.W^E14,2014-01-17,ESG-EGARCH(G),0.1675430924149248,1.1139161831728592,G,2014-01-14
VIAB,VIAB.W^E14,2014-01-17,ESG-EGARCH(S),0.1668698119109836,1.1049815129844074,S,2014-01-14
VIAB,VIAB.W^E14,2014-01-17,ESG-GARCH,0.1977672931549907,1.552059612771906,all,2014-01-14
VIAB,VIAB.W^E14,2014-01-17,ESG-GARCH(E),0.1994711145656398,1.578917680399152,E,2014-01-14
VIAB,VIAB.W^E14,2014-01-17,ESG-GARCH(G),0.1973199371315334,1.5450459360949336,G,2014-01-14
VIAB,VIAB.W^E14,2014-01-17,ESG-GARCH(S),0.2009955178278445,1.603142785193785,S,2014-01-14
VIAB,VIAB.W^E14,2014-01-17,ESG-GJR-GARCH,0.1731101338053932,1.1891713661159191,all,2014-01-14
VIAB,VIAB.W^E14,2014-01-17,ESG-GJR-GARCH(E),0.1731101225791312,1.1891712118794375,E,2014-01-14
VIAB,VIAB.W^E14,2014-01-17,ESG-GJR-GARCH(G),0.1731101205120655,1.1891711834802323,G,2014-01-14
VIAB,VIAB.W^E14,2014-01-17,ESG-GJR-GARCH(S),0.1731101335607741,1.1891713627551217,S,2014-01-14
VIAB,VIAB.W^E14,2014-01-17,GARCH,0.2011160576568817,1.605066216168499,,2014-01-14
VIAB,VIAB.W^E14,2014-01-17,GJR-GARCH,0.173141322402471,1.1895999017173182,,2014-01-14
VIAB,VIAB.W^E14,2014-01-22,EGARCH,0.1655370820133326,1.087401806408286,,2014-01-14
VIAB,VIAB.W^E14,2014-01-22,ESG-EGARCH,0.1674167824941244,1.1122372643128953,all,2014-01-14
VIAB,VIAB.W^E14,2014-01-22,ESG-EGARCH(E),0.1674101343881269,1.112148932375029,E,2014-01-14
VIAB,VIAB.W^E14,2014-01-22,ESG-EGARCH(G),0.1675430924149248,1.1139161831728592,G,2014-01-14
VIAB,VIAB.W^E14,2014-01-22,ESG-EGARCH(S),0.1668698119109836,1.1049815129844074,S,2014-01-14
VIAB,VIAB.W^E14,2014-01-22,ESG-GARCH,0.1977672931549907,1.552059612771906,all,2014-01-14
VIAB,VIAB.W^E14,2014-01-22,ESG-GARCH(E),0.1994711145656398,1.578917680399152,E,2014-01-14
VIAB,VIAB.W^E14,2014-01-22,ESG-GARCH(G),0.1973199371315334,1.5450459360949336,G,2014-01-14
VIAB,VIAB.W^E14,2014-01-22,ESG-GARCH(S),0.2009955178278445,1.603142785193785,S,2014-01-14
VIAB,VIAB.W^E14,2014-01-22,ESG-GJR-GARCH,0.1731101338053932,1.1891713661159191,all,2014-01-14
VIAB,VIAB.W^E14,2014-01-22,ESG-GJR-GARCH(E),0.1731101225791312,1.1891712118794375,E,2014-01-14
VIAB,VIAB.W^E14,2014-01-22,ESG-GJR-GARCH(G),0.1731101205120655,1.1891711834802323,G,2014-01-14
VIAB,VIAB.W^E14,2014-01-22,ESG-GJR-GARCH(S),0.1731101335607741,1.1891713627551217,S,2014-01-14
VIAB,VIAB.W^E14,2014-01-22,GARCH,0.2011160576568817,1.605066216168499,,2014-01-14
VIAB,VIAB.W^E14,2014-01-22,GJR-GARCH,0.173141322402471,1.1895999017173182,,2014-01-14
VIAB,VIAB.W^E14,2014-01-23,EGARCH,0.1655370820133326,1.087401806408286,,2014-01-14
VIAB,VIAB.W^E14,2014-01-23,ESG-EGARCH,0.1674167824941244,1.1122372643128953,all,2014-01-14
VIAB,VIAB.W^E14,2014-01-23,ESG-EGARCH(E),0.1674101343881269,1.112148932375029,E,2014-01-14
VIAB,VIAB.W^E14,2014-01-23,ESG-EGARCH(G),0.1675430924149248,1.1139161831728592,G,2014-01-14
VIAB,VIAB.W^E14,2014-01-23,ESG-EGARCH(S),0.1668698119109836,1.1049815129844074,S,2014-01-14
VIAB,VIAB.W^E14,2014-01-23,ESG-GARCH,0.1977672931549907,1.552059612771906,all,2014-01-14
VIAB,VIAB.W^E14,2014-01-23,ESG-GARCH(E),0.1994711145656398,1.578917680399152,E,2014-01-14
VIAB,VIAB.W^E14,2014-01-23,ESG-GARCH(G),0.1973199371315334,1.5450459360949336,G,2014-01-14
VIAB,VIAB.W^E14,2014-01-23,ESG-GARCH(S),0.2009955178278445,1.603142785193785,S,2014-01-14
VIAB,VIAB.W^E14,2014-01-23,ESG-GJR-GARCH,0.1731101338053932,1.1891713661159191,all,2014-01-14
VIAB,VIAB.W^E14,2014-01-23,ESG-GJR-GARCH(E),0.1731101225791312,1.1891712118794375,E,2014-01-14
VIAB,VIAB.W^E14,2014-01-23,ESG-GJR-GARCH(G),0.1731101205120655,1.1891711834802323,G,2014-01-14
VIAB,VIAB.W^E14,2014-01-23,ESG-GJR-GARCH(S),0.1731101335607741,1.1891713627551217,S,2014-01-14
VIAB,VIAB.W^E14,2014-01-23,GARCH,0.2011160576568817,1.605066216168499,,2014-01-14
VIAB,VIAB.W^E14,2014-01-23,GJR-GARCH,0.173141322402471,1.1895999017173182,,2014-01-14
VIAB,VIAB.W^E14,2014-01-24,EGARCH,0.1655370820133326,1.087401806408286,,2014-01-14
VIAB,VIAB.W^E14,2014-01-24,ESG-EGARCH,0.1674167824941244,1.1122372643128953,all,2014-01-14
VIAB,VIAB.W^E14,2014-01-24,ESG-EGARCH(E),0.1674101343881269,1.112148932375029,E,2014-01-14
VIAB,VIAB.W^E14,2014-01-24,ESG-EGARCH(G),0.1675430924149248,1.1139161831728592,G,2014-01-14
VIAB,VIAB.W^E14,2014-01-24,ESG-EGARCH(S),0.1668698119109836,1.1049815129844074,S,2014-01-14
VIAB,VIAB.W^E14,2014-01-24,ESG-GARCH,0.1977672931549907,1.552059612771906,all,2014-01-14
VIAB,VIAB.W^E14,2014-01-24,ESG-GARCH(E),0.1994711145656398,1.578917680399152,E,2014-01-14
VIAB,VIAB.W^E14,2014-01-24,ESG-GARCH(G),0.1973199371315334,1.5450459360949336,G,2014-01-14
VIAB,VIAB.W^E14,2014-01-24,ESG-GARCH(S),0.2009955178278445,1.603142785193785,S,2014-01-14
VIAB,VIAB.W^E14,2014-01-24,ESG-GJR-GARCH,0.1731101338053932,1.1891713661159191,all,2014-01-14
VIAB,VIAB.W^E14,2014-01-24,ESG-GJR-GARCH(E),0.1731101225791312,1.1891712118794375,E,2014-01-14
VIAB,VIAB.W^E14,2014-01-24,ESG-GJR-GARCH(G),0.1731101205120655,1.1891711834802323,G,2014-01-14
VIAB,VIAB.W^E14,2014-01-24,ESG-GJR-GARCH(S),0.1731101335607741,1.1891713627551217,S,2014-01-14
VIAB,VIAB.W^E14,2014-01-24,GARCH,0.2011160576568817,1.605066216168499,,2014-01-14
VIAB,VIAB.W^E14,2014-01-24,GJR-GARCH,0.173141322402471,1.1895999017173182,,2014-01-14
VIAB,VIAB.W^E14,2014-01-27,EGARCH,0.1655370820133326,1.087401806408286,,2014-01-14
VIAB,VIAB.W^E14,2014-01-27,ESG-EGARCH,0.1674167824941244,1.1122372643128953,all,2014-01-14
VIAB,VIAB.W^E14,2014-01-27,ESG-EGARCH(E),0.1674101343881269,1.112148932375029,E,2014-01-14
VIAB,VIAB.W^E14,2014-01-27,ESG-EGARCH(G),0.1675430924149248,1.1139161831728592,G,2014-01-14
VIAB,VIAB.W^E14,2014-01-27,ESG-EGARCH(S),0.1668698119109836,1.1049815129844074,S,2014-01-14
VIAB,VIAB.W^E14,2014-01-27,ESG-GARCH,0.1977672931549907,1.552059612771906,all,2014-01-14
VIAB,VIAB.W^E14,2014-01-27,ESG-GARCH(E),0.1994711145656398,1.578917680399152,E,2014-01-14
VIAB,VIAB.W^E14,2014-01-27,ESG-GARCH(G),0.1973199371315334,1.5450459360949336,G,2014-01-14
VIAB,VIAB.W^E14,2014-01-27,ESG-GARCH(S),0.2009955178278445,1.603142785193785,S,2014-01-14
VIAB,VIAB.W^E14,2014-01-27,ESG-GJR-GARCH,0.1731101338053932,1.1891713661159191,all,2014-01-14
VIAB,VIAB.W^E14,2014-01-27,ESG-GJR-GARCH(E),0.1731101225791312,1.1891712118794375,E,2014-01-14
VIAB,VIAB.W^E14,2014-01-27,ESG-GJR-GARCH(G),0.1731101205120655,1.1891711834802323,G,2014-01-14
VIAB,VIAB.W^E14,2014-01-27,ESG-GJR-GARCH(S),0.1731101335607741,1.1891713627551217,S,2014-01-14
VIAB,VIAB.W^E14,2014-01-27,GARCH,0.2011160576568817,1.605066216168499,,2014-01-14
VIAB,VIAB.W^E14,2014-01-27,GJR-GARCH,0.173141322402471,1.1895999017173182,,2014-01-14
VIAB,VIAB.W^E14,2014-01-28,EGARCH,0.1655370820133326,1.087401806408286,,2014-01-14
VIAB,VIAB.W^E14,2014-01-28,ESG-EGARCH,0.1674167824941244,1.1122372643128953,all,2014-01-14
VIAB,VIAB.W^E14,2014-01-28,ESG-EGARCH(E),0.1674101343881269,1.112148932375029,E,2014-01-14
VIAB,VIAB.W^E14,2014-01-28,ESG-EGARCH(G),0.1675430924149248,1.1139161831728592,G,2014-01-14
VIAB,VIAB.W^E14,2014-01-28,ESG-EGARCH(S),0.1668698119109836,1.1049815129844074,S,2014-01-14
VIAB,VIAB.W^E14,2014-01-28,ESG-GARCH,0.1977672931549907,1.552059612771906,all,2014-01-14
VIAB,VIAB.W^E14,2014-01-28,ESG-GARCH(E),0.1994711145656398,1.578917680399152,E,2014-01-14
VIAB,VIAB.W^E14,2014-01-28,ESG-GARCH(G),0.1973199371315334,1.5450459360949336,G,2014-01-14
VIAB,VIAB.W^E14,2014-01-28,ESG-GARCH(S),0.2009955178278445,1.603142785193785,S,2014-01-14
VIAB,VIAB.W^E14,2014-01-28,ESG-GJR-GARCH,0.1731101338053932,1.1891713661159191,all,2014-01-14
VIAB,VIAB.W^E14,2014-01-28,ESG-GJR-GARCH(E),0.1731101225791312,1.1891712118794375,E,2014-01-14
VIAB,VIAB.W^E14,2014-01-28,ESG-GJR-GARCH(G),0.1731101205120655,1.1891711834802323,G,2014-01-14
VIAB,VIAB.W^E14,2014-01-28,ESG-GJR-GARCH(S),0.1731101335607741,1.1891713627551217,S,2014-01-14
VIAB,VIAB.W^E14,2014-01-28,GARCH,0.2011160576568817,1.605066216168499,,2014-01-14
VIAB,VIAB.W^E14,2014-01-28,GJR-GARCH,0.173141322402471,1.1895999017173182,,2014-01-14
VIAB,VIAB.W^E14,2014-01-29,EGARCH,0.1655370820133326,1.087401806408286,,2014-01-14
VIAB,VIAB.W^E14,2014-01-29,ESG-EGARCH,0.1674167824941244,1.1122372643128953,all,2014-01-14
VIAB,VIAB.W^E14,2014-01-29,ESG-EGARCH(E),0.1674101343881269,1.112148932375029,E,2014-01-14
VIAB,VIAB.W^E14,2014-01-29,ESG-EGARCH(G),0.1675430924149248,1.1139161831728592,G,2014-01-14
VIAB,VIAB.W^E14,2014-01-29,ESG-EGARCH(S),0.1668698119109836,1.1049815129844074,S,2014-01-14
VIAB,VIAB.W^E14,2014-01-29,ESG-GARCH,0.1977672931549907,1.552059612771906,all,2014-01-14
VIAB,VIAB.W^E14,2014-01-29,ESG-GARCH(E),0.1994711145656398,1.578917680399152,E,2014-01-14
VIAB,VIAB.W^E14,2014-01-29,ESG-GARCH(G),0.1973199371315334,1.5450459360949336,G,2014-01-14
VIAB,VIAB.W^E14,2014-01-29,ESG-GARCH(S),0.2009955178278445,1.603142785193785,S,2014-01-14
VIAB,VIAB.W^E14,2014-01-29,ESG-GJR-GARCH,0.1731101338053932,1.1891713661159191,all,2014-01-14
VIAB,VIAB.W^E14,2014-01-29,ESG-GJR-GARCH(E),0.1731101225791312,1.1891712118794375,E,2014-01-14
VIAB,VIAB.W^E14,2014-01-29,ESG-GJR-GARCH(G),0.1731101205120655,1.1891711834802323,G,2014-01-14
VIAB,VIAB.W^E14,2014-01-29,ESG-GJR-GARCH(S),0.1731101335607741,1.1891713627551217,S,2014-01-14
VIAB,VIAB.W^E14,2014-01-29,GARCH,0.2011160576568817,1.605066216168499,,2014-01-14
VIAB,VIAB.W^E14,2014-01-29,GJR-GARCH,0.173141322402471,1.1895999017173182,,2014-01-14
VIAB,VIAB.W^E14,2014-01-30,EGARCH,0.1655370820133326,1.087401806408286,,2014-01-14
VIAB,VIAB.W^E14,2014-01-30,ESG-EGARCH,0.1674167824941244,1.1122372643128953,all,2014-01-14
VIAB,VIAB.W^E14,2014-01-30,ESG-EGARCH(E),0.1674101343881269,1.112148932375029,E,2014-01-14
VIAB,VIAB.W^E14,2014-01-30,ESG-EGARCH(G),0.1675430924149248,1.1139161831728592,G,2014-01-14
VIAB,VIAB.W^E14,2014-01-30,ESG-EGARCH(S),0.1668698119109836,1.1049815129844074,S,2014-01-14
VIAB,VIAB.W^E14,2014-01-30,ESG-GARCH,0.1977672931549907,1.552059612771906,all,2014-01-14
VIAB,VIAB.W^E14,2014-01-30,ESG-GARCH(E),0.1994711145656398,1.578917680399152,E,2014-01-14
VIAB,VIAB.W^E14,2014-01-30,ESG-GARCH(G),0.1973199371315334,1.5450459360949336,G,2014-01-14
VIAB,VIAB.W^E14,2014-01-30,ESG-GARCH(S),0.2009955178278445,1.603142785193785,S,2014-01-14
VIAB,VIAB.W^E14,2014-01-30,ESG-GJR-GARCH,0.1731101338053932,1.1891713661159191,all,2014-01-14
VIAB,VIAB.W^E14,2014-01-30,ESG-GJR-GARCH(E),0.1731101225791312,1.1891712118794375,E,2014-01-14
VIAB,VIAB.W^E14,2014-01-30,ESG-GJR-GARCH(G),0.1731101205120655,1.1891711834802323,G,2014-01-14
VIAB,VIAB.W^E14,2014-01-30,ESG-GJR-GARCH(S),0.1731101335607741,1.1891713627551217,S,2014-01-14
VIAB,VIAB.W^E14,2014-01-30,GARCH,0.2011160576568817,1.605066216168499,,2014-01-14
VIAB,VIAB.W^E14,2014-01-30,GJR-GARCH,0.173141322402471,1.1895999017173182,,2014-01-14
VIAB,VIAB.W^E14,2014-01-31,EGARCH,0.1655370820133326,1.087401806408286,,2014-01-14
VIAB,VIAB.W^E14,2014-01-31,ESG-EGARCH,0.1674167824941244,1.1122372643128953,all,2014-01-14
VIAB,VIAB.W^E14,2014-01-31,ESG-EGARCH(E),0.1674101343881269,1.112148932375029,E,2014-01-14
VIAB,VIAB.W^E14,2014-01-31,ESG-EGARCH(G),0.1675430924149248,1.1139161831728592,G,2014-01-14
VIAB,VIAB.W^E14,2014-01-31,ESG-EGARCH(S),0.1668698119109836,1.1049815129844074,S,2014-01-14
VIAB,VIAB.W^E14,2014-01-31,ESG-GARCH,0.1977672931549907,1.552059612771906,all,2014-01-14
VIAB,VIAB.W^E14,2014-01-31,ESG-GARCH(E),0.1994711145656398,1.578917680399152,E,2014-01-14
VIAB,VIAB.W^E14,2014-01-31,ESG-GARCH(G),0.1973199371315334,1.5450459360949336,G,2014-01-14
VIAB,VIAB.W^E14,2014-01-31,ESG-GARCH(S),0.2009955178278445,1.603142785193785,S,2014-01-14
VIAB,VIAB.W^E14,2014-01-31,ESG-GJR-GARCH,0.1731101338053932,1.1891713661159191,all,2014-01-14
VIAB,VIAB.W^E14,2014-01-31,ESG-GJR-GARCH(E),0.1731101225791312,1.1891712118794375,E,2014-01-14
VIAB,VIAB.W^E14,2014-01-31,ESG-GJR-GARCH(G),0.1731101205120655,1.1891711834802323,G,2014-01-14
VIAB,VIAB.W^E14,2014-01-31,ESG-GJR-GARCH(S),0.1731101335607741,1.1891713627551217,S,2014-01-14
VIAB,VIAB.W^E14,2014-01-31,GARCH,0.2011160576568817,1.605066216168499,,2014-01-14
VIAB,VIAB.W^E14,2014-01-31,GJR-GARCH,0.173141322402471,1.1895999017173182,,2014-01-14
VIAB,VIAB.W^E14,2014-02-03,EGARCH,0.1655370820133326,1.087401806408286,,2014-01-14
VIAB,VIAB.W^E14,2014-02-03,ESG-EGARCH,0.1674167824941244,1.1122372643128953,all,2014-01-14
VIAB,VIAB.W^E14,2014-02-03,ESG-EGARCH(E),0.1674101343881269,1.112148932375029,E,2014-01-14
VIAB,VIAB.W^E14,2014-02-03,ESG-EGARCH(G),0.1675430924149248,1.1139161831728592,G,2014-01-14
VIAB,VIAB.W^E14,2014-02-03,ESG-EGARCH(S),0.1668698119109836,1.1049815129844074,S,2014-01-14
VIAB,VIAB.W^E14,2014-02-03,ESG-GARCH,0.1977672931549907,1.552059612771906,all,2014-01-14
VIAB,VIAB.W^E14,2014-02-03,ESG-GARCH(E),0.1994711145656398,1.578917680399152,E,2014-01-14
VIAB,VIAB.W^E14,2014-02-03,ESG-GARCH(G),0.1973199371315334,1.5450459360949336,G,2014-01-14
VIAB,VIAB.W^E14,2014-02-03,ESG-GARCH(S),0.2009955178278445,1.603142785193785,S,2014-01-14
VIAB,VIAB.W^E14,2014-02-03,ESG-GJR-GARCH,0.1731101338053932,1.1891713661159191,all,2014-01-14
VIAB,VIAB.W^E14,2014-02-03,ESG-GJR-GARCH(E),0.1731101225791312,1.1891712118794375,E,2014-01-14
VIAB,VIAB.W^E14,2014-02-03,ESG-GJR-GARCH(G),0.1731101205120655,1.1891711834802323,G,2014-01-14
VIAB,VIAB.W^E14,2014-02-03,ESG-GJR-GARCH(S),0.1731101335607741,1.1891713627551217,S,2014-01-14
VIAB,VIAB.W^E14,2014-02-03,GARCH,0.2011160576568817,1.605066216168499,,2014-01-14
VIAB,VIAB.W^E14,2014-02-03,GJR-GARCH,0.173141322402471,1.1895999017173182,,2014-01-14
VIAB,VIAB.W^E14,2014-02-04,EGARCH,0.1655370820133326,1.087401806408286,,2014-01-14
VIAB,VIAB.W^E14,2014-02-04,ESG-EGARCH,0.1674167824941244,1.1122372643128953,all,2014-01-14
VIAB,VIAB.W^E14,2014-02-04,ESG-EGARCH(E),0.1674101343881269,1.112148932375029,E,2014-01-14
VIAB,VIAB.W^E14,2014-02-04,ESG-EGARCH(G),0.1675430924149248,1.1139161831728592,G,2014-01-14
VIAB,VIAB.W^E14,2014-02-04,ESG-EGARCH(S),0.1668698119109836,1.1049815129844074,S,2014-01-14
VIAB,VIAB.W^E14,2014-02-04,ESG-GARCH,0.1977672931549907,1.552059612771906,all,2014-01-14
VIAB,VIAB.W^E14,2014-02-04,ESG-GARCH(E),0.1994711145656398,1.578917680399152,E,2014-01-14
VIAB,VIAB.W^E14,2014-02-04,ESG-GARCH(G),0.1973199371315334,1.5450459360949336,G,2014-01-14
VIAB,VIAB.W^E14,2014-02-04,ESG-GARCH(S),0.2009955178278445,1.603142785193785,S,2014-01-14
VIAB,VIAB.W^E14,2014-02-04,ESG-GJR-GARCH,0.1731101338053932,1.1891713661159191,all,2014-01-14
VIAB,VIAB.W^E14,2014-02-04,ESG-GJR-GARCH(E),0.1731101225791312,1.1891712118794375,E,2014-01-14
VIAB,VIAB.W^E14,2014-02-04,ESG-GJR-GARCH(G),0.1731101205120655,1.1891711834802323,G,2014-01-14
VIAB,VIAB.W^E14,2014-02-04,ESG-GJR-GARCH(S),0.1731101335607741,1.1891713627551217,S,2014-01-14
VIAB,VIAB.W^E14,2014-02-04,GARCH,0.2011160576568817,1.605066216168499,,2014-01-14
VIAB,VIAB.W^E14,2014-02-04,GJR-GARCH,0.173141322402471,1.1895999017173182,,2014-01-14
VIAB,VIAB.W^E14,2014-02-05,EGARCH,0.1655370820133326,1.087401806408286,,2014-01-14
VIAB,VIAB.W^E14,2014-02-05,ESG-EGARCH,0.1674167824941244,1.1122372643128953,all,2014-01-14
VIAB,VIAB.W^E14,2014-02-05,ESG-EGARCH(E),0.1674101343881269,1.112148932375029,E,2014-01-14
VIAB,VIAB.W^E14,2014-02-05,ESG-EGARCH(G),0.1675430924149248,1.1139161831728592,G,2014-01-14
VIAB,VIAB.W^E14,2014-02-05,ESG-EGARCH(S),0.1668698119109836,1.1049815129844074,S,2014-01-14
VIAB,VIAB.W^E14,2014-02-05,ESG-GARCH,0.1977672931549907,1.552059612771906,all,2014-01-14
VIAB,VIAB.W^E14,2014-02-05,ESG-GARCH(E),0.1994711145656398,1.578917680399152,E,2014-01-14
VIAB,VIAB.W^E14,2014-02-05,ESG-GARCH(G),0.1973199371315334,1.5450459360949336,G,2014-01-14
VIAB,VIAB.W^E14,2014-02-05,ESG-GARCH(S),0.2009955178278445,1.603142785193785,S,2014-01-14
VIAB,VIAB.W^E14,2014-02-05,ESG-GJR-GARCH,0.1731101338053932,1.1891713661159191,all,2014-01-14
VIAB,VIAB.W^E14,2014-02-05,ESG-GJR-GARCH(E),0.1731101225791312,1.1891712118794375,E,2014-01-14
VIAB,VIAB.W^E14,2014-02-05,ESG-GJR-GARCH(G),0.1731101205120655,1.1891711834802323,G,2014-01-14
VIAB,VIAB.W^E14,2014-02-05,ESG-GJR-GARCH(S),0.1731101335607741,1.1891713627551217,S,2014-01-14
VIAB,VIAB.W^E14,2014-02-05,GARCH,0.2011160576568817,1.605066216168499,,2014-01-14
VIAB,VIAB.W^E14,2014-02-05,GJR-GARCH,0.173141322402471,1.1895999017173182,,2014-01-14
VIAB,VIAB.W^E14,2014-02-06,EGARCH,0.1655370820133326,1.087401806408286,,2014-01-14
VIAB,VIAB.W^E14,2014-02-06,ESG-EGARCH,0.1674167824941244,1.1122372643128953,all,2014-01-14
VIAB,VIAB.W^E14,2014-02-06,ESG-EGARCH(E),0.1674101343881269,1.112148932375029,E,2014-01-14
VIAB,VIAB.W^E14,2014-02-06,ESG-EGARCH(G),0.1675430924149248,1.1139161831728592,G,2014-01-14
VIAB,VIAB.W^E14,2014-02-06,ESG-EGARCH(S),0.1668698119109836,1.1049815129844074,S,2014-01-14
VIAB,VIAB.W^E14,2014-02-06,ESG-GARCH,0.1977672931549907,1.552059612771906,all,2014-01-14
VIAB,VIAB.W^E14,2014-02-06,ESG-GARCH(E),0.1994711145656398,1.578917680399152,E,2014-01-14
VIAB,VIAB.W^E14,2014-02-06,ESG-GARCH(G),0.1973199371315334,1.5450459360949336,G,2014-01-14
VIAB,VIAB.W^E14,2014-02-06,ESG-GARCH(S),0.2009955178278445,1.603142785193785,S,2014-01-14
VIAB,VIAB.W^E14,2014-02-06,ESG-GJR-GARCH,0.1731101338053932,1.1891713661159191,all,2014-01-14
VIAB,VIAB.W^E14,2014-02-06,ESG-GJR-GARCH(E),0.1731101225791312,1.1891712118794375,E,2014-01-14
VIAB,VIAB.W^E14,2014-02-06,ESG-GJR-GARCH(G),0.1731101205120655,1.1891711834802323,G,2014-01-14
VIAB,VIAB.W^E14,2014-02-06,ESG-GJR-GARCH(S),0.1731101335607741,1.1891713627551217,S,2014-01-14
VIAB,VIAB.W^E14,2014-02-06,GARCH,0.2011160576568817,1.605066216168499,,2014-01-14
VIAB,VIAB.W^E14,2014-02-06,GJR-GARCH,0.173141322402471,1.1895999017173182,,2014-01-14
VIAB,VIAB.W^E14,2014-02-07,EGARCH,0.1655370820133326,1.087401806408286,,2014-01-14
VIAB,VIAB.W^E14,2014-02-07,ESG-EGARCH,0.1674167824941244,1.1122372643128953,all,2014-01-14
VIAB,VIAB.W^E14,2014-02-07,ESG-EGARCH(E),0.1674101343881269,1.112148932375029,E,2014-01-14
VIAB,VIAB.W^E14,2014-02-07,ESG-EGARCH(G),0.1675430924149248,1.1139161831728592,G,2014-01-14
VIAB,VIAB.W^E14,2014-02-07,ESG-EGARCH(S),0.1668698119109836,1.1049815129844074,S,2014-01-14
VIAB,VIAB.W^E14,2014-02-07,ESG-GARCH,0.1977672931549907,1.552059612771906,all,2014-01-14
VIAB,VIAB.W^E14,2014-02-07,ESG-GARCH(E),0.1994711145656398,1.578917680399152,E,2014-01-14
VIAB,VIAB.W^E14,2014-02-07,ESG-GARCH(G),0.1973199371315334,1.5450459360949336,G,2014-01-14
VIAB,VIAB.W^E14,2014-02-07,ESG-GARCH(S),0.2009955178278445,1.603142785193785,S,2014-01-14
VIAB,VIAB.W^E14,2014-02-07,ESG-GJR-GARCH,0.1731101338053932,1.1891713661159191,all,2014-01-14
VIAB,VIAB.W^E14,2014-02-07,ESG-GJR-GARCH(E),0.1731101225791312,1.1891712118794375,E,2014-01-14
VIAB,VIAB.W^E14,2014-02-07,ESG-GJR-GARCH(G),0.1731101205120655,1.1891711834802323,G,2014-01-14
VIAB,VIAB.W^E14,2014-02-07,ESG-GJR-GARCH(S),0.1731101335607741,1.1891713627551217,S,2014-01-14
VIAB,VIAB.W^E14,2014-02-07,GARCH,0.2011160576568817,1.605066216168499,,2014-01-14
VIAB,VIAB.W^E14,2014-02-07,GJR-GARCH,0.173141322402471,1.1895999017173182,,2014-01-14
VIAB,VIAB.W^E14,2014-02-10,EGARCH,0.1655370820133326,1.087401806408286,,2014-01-14
VIAB,VIAB.W^E14,2014-02-10,ESG-EGARCH,0.1674167824941244,1.1122372643128953,all,2014-01-14
VIAB,VIAB.W^E14,2014-02-10,ESG-EGARCH(E),0.1674101343881269,1.112148932375029,E,2014-01-14
VIAB,VIAB.W^E14,2014-02-10,ESG-EGARCH(G),0.1675430924149248,1.1139161831728592,G,2014-01-14
VIAB,VIAB.W^E14,2014-02-10,ESG-EGARCH(S),0.1668698119109836,1.1049815129844074,S,2014-01-14
VIAB,VIAB.W^E14,2014-02-10,ESG-GARCH,0.1977672931549907,1.552059612771906,all,2014-01-14
VIAB,VIAB.W^E14,2014-02-10,ESG-GARCH(E),0.1994711145656398,1.578917680399152,E,2014-01-14
VIAB,VIAB.W^E14,2014-02-10,ESG-GARCH(G),0.1973199371315334,1.5450459360949336,G,2014-01-14
VIAB,VIAB.W^E14,2014-02-10,ESG-GARCH(S),0.2009955178278445,1.603142785193785,S,2014-01-14
VIAB,VIAB.W^E14,2014-02-10,ESG-GJR-GARCH,0.1731101338053932,1.1891713661159191,all,2014-01-14
VIAB,VIAB.W^E14,2014-02-10,ESG-GJR-GARCH(E),0.1731101225791312,1.1891712118794375,E,2014-01-14
VIAB,VIAB.W^E14,2014-02-10,ESG-GJR-GARCH(G),0.1731101205120655,1.1891711834802323,G,2014-01-14
VIAB,VIAB.W^E14,2014-02-10,ESG-GJR-GARCH(S),0.1731101335607741,1.1891713627551217,S,2014-01-14
VIAB,VIAB.W^E14,2014-02-10,GARCH,0.2011160576568817,1.605066216168499,,2014-01-14
VIAB,VIAB.W^E14,2014-02-10,GJR-GARCH,0.173141322402471,1.1895999017173182,,2014-01-14
VIAB,VIAB.W^E14,2014-02-11,EGARCH,0.1655370820133326,1.087401806408286,,2014-01-14
VIAB,VIAB.W^E14,2014-02-11,ESG-EGARCH,0.1674167824941244,1.1122372643128953,all,2014-01-14
VIAB,VIAB.W^E14,2014-02-11,ESG-EGARCH(E),0.1674101343881269,1.112148932375029,E,2014-01-14
VIAB,VIAB.W^E14,2014-02-11,ESG-EGARCH(G),0.1675430924149248,1.1139161831728592,G,2014-01-14
VIAB,VIAB.W^E14,2014-02-11,ESG-EGARCH(S),0.1668698119109836,1.1049815129844074,S,2014-01-14
VIAB,VIAB.W^E14,2014-02-11,ESG-GARCH,0.1977672931549907,1.552059612771906,all,2014-01-14
VIAB,VIAB.W^E14,2014-02-11,ESG-GARCH(E),0.1994711145656398,1.578917680399152,E,2014-01-14
VIAB,VIAB.W^E14,2014-02-11,ESG-GARCH(G),0.1973199371315334,1.5450459360949336,G,2014-01-14
VIAB,VIAB.W^E14,2014-02-11,ESG-GARCH(S),0.2009955178278445,1.603142785193785,S,2014-01-14
VIAB,VIAB.W^E14,2014-02-11,ESG-GJR-GARCH,0.1731101338053932,1.1891713661159191,all,2014-01-14
VIAB,VIAB.W^E14,2014-02-11,ESG-GJR-GARCH(E),0.1731101225791312,1.1891712118794375,E,2014-01-14
VIAB,VIAB.W^E14,2014-02-11,ESG-GJR-GARCH(G),0.1731101205120655,1.1891711834802323,G,2014-01-14
VIAB,VIAB.W^E14,2014-02-11,ESG-GJR-GARCH(S),0.1731101335607741,1.1891713627551217,S,2014-01-14
VIAB,VIAB.W^E14,2014-02-11,GARCH,0.2011160576568817,1.605066216168499,,2014-01-14
VIAB,VIAB.W^E14,2014-02-11,GJR-GARCH,0.173141322402471,1.1895999017173182,,2014-01-14
VIAB,VIAB.W^E14,2014-02-12,EGARCH,0.1655370820133326,1.087401806408286,,2014-01-14
VIAB,VIAB.W^E14,2014-02-12,ESG-EGARCH,0.1674167824941244,1.1122372643128953,all,2014-01-14
VIAB,VIAB.W^E14,2014-02-12,ESG-EGARCH(E),0.1674101343881269,1.112148932375029,E,2014-01-14
VIAB,VIAB.W^E14,2014-02-12,ESG-EGARCH(G),0.1675430924149248,1.1139161831728592,G,2014-01-14
VIAB,VIAB.W^E14,2014-02-12,ESG-EGARCH(S),0.1668698119109836,1.1049815129844074,S,2014-01-14
VIAB,VIAB.W^E14,2014-02-12,ESG-GARCH,0.1977672931549907,1.552059612771906,all,2014-01-14
VIAB,VIAB.W^E14,2014-02-12,ESG-GARCH(E),0.1994711145656398,1.578917680399152,E,2014-01-14
VIAB,VIAB.W^E14,2014-02-12,ESG-GARCH(G),0.1973199371315334,1.5450459360949336,G,2014-01-14
VIAB,VIAB.W^E14,2014-02-12,ESG-GARCH(S),0.2009955178278445,1.603142785193785,S,2014-01-14
VIAB,VIAB.W^E14,2014-02-12,ESG-GJR-GARCH,0.1731101338053932,1.1891713661159191,all,2014-01-14
VIAB,VIAB.W^E14,2014-02-12,ESG-GJR-GARCH(E),0.1731101225791312,1.1891712118794375,E,2014-01-14
VIAB,VIAB.W^E14,2014-02-12,ESG-GJR-GARCH(G),0.1731101205120655,1.1891711834802323,G,2014-01-14
VIAB,VIAB.W^E14,2014-02-12,ESG-GJR-GARCH(S),0.1731101335607741,1.1891713627551217,S,2014-01-14
VIAB,VIAB.W^E14,2014-02-12,GARCH,0.2011160576568817,1.605066216168499,,2014-01-14
VIAB,VIAB.W^E14,2014-02-12,GJR-GARCH,0.173141322402471,1.1895999017173182,,2014-01-14
VIAB,VIAB.W^E14,2014-02-13,EGARCH,0.1655370820133326,1.087401806408286,,2014-01-14
VIAB,VIAB.W^E14,2014-02-13,ESG-EGARCH,0.1674167824941244,1.1122372643128953,all,2014-01-14
VIAB,VIAB.W^E14,2014-02-13,ESG-EGARCH(E),0.1674101343881269,1.112148932375029,E,2014-01-14
VIAB,VIAB.W^E14,2014-02-13,ESG-EGARCH(G),0.1675430924149248,1.1139161831728592,G,2014-01-14
VIAB,VIAB.W^E14,2014-02-13,ESG-EGARCH(S),0.1668698119109836,1.1049815129844074,S,2014-01-14
VIAB,VIAB.W^E14,2014-02-13,ESG-GARCH,0.1977672931549907,1.552059612771906,all,2014-01-14
VIAB,VIAB.W^E14,2014-02-13,ESG-GARCH(E),0.1994711145656398,1.578917680399152,E,2014-01-14
VIAB,VIAB.W^E14,2014-02-13,ESG-GARCH(G),0.1973199371315334,1.5450459360949336,G,2014-01-14
VIAB,VIAB.W^E14,2014-02-13,ESG-GARCH(S),0.2009955178278445,1.603142785193785,S,2014-01-14
VIAB,VIAB.W^E14,2014-02-13,ESG-GJR-GARCH,0.1731101338053932,1.1891713661159191,all,2014-01-14
VIAB,VIAB.W^E14,2014-02-13,ESG-GJR-GARCH(E),0.1731101225791312,1.1891712118794375,E,2014-01-14
VIAB,VIAB.W^E14,2014-02-13,ESG-GJR-GARCH(G),0.1731101205120655,1.1891711834802323,G,2014-01-14
VIAB,VIAB.W^E14,2014-02-13,ESG-GJR-GARCH(S),0.1731101335607741,1.1891713627551217,S,2014-01-14
VIAB,VIAB.W^E14,2014-02-13,GARCH,0.2011160576568817,1.605066216168499,,2014-01-14
VIAB,VIAB.W^E14,2014-02-13,GJR-GARCH,0.173141322402471,1.1895999017173182,,2014-01-14
VIAB,VIAB.W^E14,2014-02-14,EGARCH,0.1655370820133326,1.087401806408286,,2014-01-14
VIAB,VIAB.W^E14,2014-02-14,ESG-EGARCH,0.1674167824941244,1.1122372643128953,all,2014-01-14
VIAB,VIAB.W^E14,2014-02-14,ESG-EGARCH(E),0.1674101343881269,1.112148932375029,E,2014-01-14
VIAB,VIAB.W^E14,2014-02-14,ESG-EGARCH(G),0.1675430924149248,1.1139161831728592,G,2014-01-14
VIAB,VIAB.W^E14,2014-02-14,ESG-EGARCH(S),0.1668698119109836,1.1049815129844074,S,2014-01-14
VIAB,VIAB.W^E14,2014-02-14,ESG-GARCH,0.1977672931549907,1.552059612771906,all,2014-01-14
VIAB,VIAB.W^E14,2014-02-14,ESG-GARCH(E),0.1994711145656398,1.578917680399152,E,2014-01-14
VIAB,VIAB.W^E14,2014-02-14,ESG-GARCH(G),0.1973199371315334,1.5450459360949336,G,2014-01-14
VIAB,VIAB.W^E14,2014-02-14,ESG-GARCH(S),0.2009955178278445,1.603142785193785,S,2014-01-14
VIAB,VIAB.W^E14,2014-02-14,ESG-GJR-GARCH,0.1731101338053932,1.1891713661159191,all,2014-01-14
VIAB,VIAB.W^E14,2014-02-14,ESG-GJR-GARCH(E),0.1731101225791312,1.1891712118794375,E,2014-01-14
VIAB,VIAB.W^E14,2014-02-14,ESG-GJR-GARCH(G),0.1731101205120655,1.1891711834802323,G,2014-01-14
VIAB,VIAB.W^E14,2014-02-14,ESG-GJR-GARCH(S),0.1731101335607741,1.1891713627551217,S,2014-01-14
VIAB,VIAB.W^E14,2014-02-14,GARCH,0.2011160576568817,1.605066216168499,,2014-01-14
VIAB,VIAB.W^E14,2014-02-14,GJR-GARCH,0.173141322402471,1.1895999017173182,,2014-01-14
VIAB,VIAB.W^E14,2014-02-19,EGARCH,0.2081043164177982,1.7185478774491711,,2014-02-19
VIAB,VIAB.W^E14,2014-02-19,ESG-EGARCH,0.2072735927436145,1.7048548511446744,all,2014-02-19
VIAB,VIAB.W^E14,2014-02-19,ESG-EGARCH(E),0.2072872270394634,1.7050791465757962,E,2014-02-19
VIAB,VIAB.W^E14,2014-02-19,ESG-EGARCH(G),0.2075297337566926,1.7090710473461803,G,2014-02-19
VIAB,VIAB.W^E14,2014-02-19,ESG-EGARCH(S),0.2068366113249455,1.6976739596978798,S,2014-02-19
VIAB,VIAB.W^E14,2014-02-19,ESG-GARCH,0.2027280798226143,1.630899775736678,all,2014-02-19
VIAB,VIAB.W^E14,2014-02-19,ESG-GARCH(E),0.1989104765354902,1.570054669665707,E,2014-02-19
VIAB,VIAB.W^E14,2014-02-19,ESG-GARCH(G),0.1974646898411881,1.5473136402411367,G,2014-02-19
VIAB,VIAB.W^E14,2014-02-19,ESG-GARCH(S),0.2006620004718662,1.597826921959176,S,2014-02-19
VIAB,VIAB.W^E14,2014-02-19,ESG-GJR-GARCH,0.2033283146621327,1.640571569180289,all,2014-02-19
VIAB,VIAB.W^E14,2014-02-19,ESG-GJR-GARCH(E),0.1997165942112008,1.5828062699730745,E,2014-02-19
VIAB,VIAB.W^E14,2014-02-19,ESG-GJR-GARCH(G),0.1971512068840888,1.5424046974544754,G,2014-02-19
VIAB,VIAB.W^E14,2014-02-19,ESG-GJR-GARCH(S),0.2030774536117439,1.6365258795805568,S,2014-02-19
VIAB,VIAB.W^E14,2014-02-19,GARCH,0.1961371657558803,1.5265788805853044,,2014-02-19
VIAB,VIAB.W^E14,2014-02-19,GJR-GARCH,0.1998851091817447,1.585478447325318,,2014-02-19
VIAB,VIAB.W^E14,2014-02-20,EGARCH,0.2081043164177982,1.7185478774491711,,2014-02-19
VIAB,VIAB.W^E14,2014-02-20,ESG-EGARCH,0.2072735927436145,1.7048548511446744,all,2014-02-19
VIAB,VIAB.W^E14,2014-02-20,ESG-EGARCH(E),0.2072872270394634,1.7050791465757962,E,2014-02-19
VIAB,VIAB.W^E14,2014-02-20,ESG-EGARCH(G),0.2075297337566926,1.7090710473461803,G,2014-02-19
VIAB,VIAB.W^E14,2014-02-20,ESG-EGARCH(S),0.2068366113249455,1.6976739596978798,S,2014-02-19
VIAB,VIAB.W^E14,2014-02-20,ESG-GARCH,0.2027280798226143,1.630899775736678,all,2014-02-19
VIAB,VIAB.W^E14,2014-02-20,ESG-GARCH(E),0.1989104765354902,1.570054669665707,E,2014-02-19
VIAB,VIAB.W^E14,2014-02-20,ESG-GARCH(G),0.1974646898411881,1.5473136402411367,G,2014-02-19
VIAB,VIAB.W^E14,2014-02-20,ESG-GARCH(S),0.2006620004718662,1.597826921959176,S,2014-02-19
VIAB,VIAB.W^E14,2014-02-20,ESG-GJR-GARCH,0.2033283146621327,1.640571569180289,all,2014-02-19
VIAB,VIAB.W^E14,2014-02-20,ESG-GJR-GARCH(E),0.1997165942112008,1.5828062699730745,E,2014-02-19
VIAB,VIAB.W^E14,2014-02-20,ESG-GJR-GARCH(G),0.1971512068840888,1.5424046974544754,G,2014-02-19
VIAB,VIAB.W^E14,2014-02-20,ESG-GJR-GARCH(S),0.2030774536117439,1.6365258795805568,S,2014-02-19
VIAB,VIAB.W^E14,2014-02-20,GARCH,0.1961371657558803,1.5265788805853044,,2014-02-19
VIAB,VIAB.W^E14,2014-02-20,GJR-GARCH,0.1998851091817447,1.585478447325318,,2014-02-19
VIAB,VIAB.W^E14,2014-02-21,EGARCH,0.2081043164177982,1.7185478774491711,,2014-02-19
VIAB,VIAB.W^E14,2014-02-21,ESG-EGARCH,0.2072735927436145,1.7048548511446744,all,2014-02-19
VIAB,VIAB.W^E14,2014-02-21,ESG-EGARCH(E),0.2072872270394634,1.7050791465757962,E,2014-02-19
VIAB,VIAB.W^E14,2014-02-21,ESG-EGARCH(G),0.2075297337566926,1.7090710473461803,G,2014-02-19
VIAB,VIAB.W^E14,2014-02-21,ESG-EGARCH(S),0.2068366113249455,1.6976739596978798,S,2014-02-19
VIAB,VIAB.W^E14,2014-02-21,ESG-GARCH,0.2027280798226143,1.630899775736678,all,2014-02-19
VIAB,VIAB.W^E14,2014-02-21,ESG-GARCH(E),0.1989104765354902,1.570054669665707,E,2014-02-19
VIAB,VIAB.W^E14,2014-02-21,ESG-GARCH(G),0.1974646898411881,1.5473136402411367,G,2014-02-19
VIAB,VIAB.W^E14,2014-02-21,ESG-GARCH(S),0.2006620004718662,1.597826921959176,S,2014-02-19
VIAB,VIAB.W^E14,2014-02-21,ESG-GJR-GARCH,0.2033283146621327,1.640571569180289,all,2014-02-19
VIAB,VIAB.W^E14,2014-02-21,ESG-GJR-GARCH(E),0.1997165942112008,1.5828062699730745,E,2014-02-19
VIAB,VIAB.W^E14,2014-02-21,ESG-GJR-GARCH(G),0.1971512068840888,1.5424046974544754,G,2014-02-19
VIAB,VIAB.W^E14,2014-02-21,ESG-GJR-GARCH(S),0.2030774536117439,1.6365258795805568,S,2014-02-19
VIAB,VIAB.W^E14,2014-02-21,GARCH,0.1961371657558803,1.5265788805853044,,2014-02-19
VIAB,VIAB.W^E14,2014-02-21,GJR-GARCH,0.1998851091817447,1.585478447325318,,2014-02-19
VIAB,VIAB.W^E14,2014-02-24,EGARCH,0.2081043164177982,1.7185478774491711,,2014-02-19
VIAB,VIAB.W^E14,2014-02-24,ESG-EGARCH,0.2072735927436145,1.7048548511446744,all,2014-02-19
VIAB,VIAB.W^E14,2014-02-24,ESG-EGARCH(E),0.2072872270394634,1.7050791465757962,E,2014-02-19
VIAB,VIAB.W^E14,2014-02-24,ESG-EGARCH(G),0.2075297337566926,1.7090710473461803,G,2014-02-19
VIAB,VIAB.W^E14,2014-02-24,ESG-EGARCH(S),0.2068366113249455,1.6976739596978798,S,2014-02-19
VIAB,VIAB.W^E14,2014-02-24,ESG-GARCH,0.2027280798226143,1.630899775736678,all,2014-02-19
VIAB,VIAB.W^E14,2014-02-24,ESG-GARCH(E),0.1989104765354902,1.570054669665707,E,2014-02-19
VIAB,VIAB.W^E14,2014-02-24,ESG-GARCH(G),0.1974646898411881,1.5473136402411367,G,2014-02-19
VIAB,VIAB.W^E14,2014-02-24,ESG-GARCH(S),0.2006620004718662,1.597826921959176,S,2014-02-19
VIAB,VIAB.W^E14,2014-02-24,ESG-GJR-GARCH,0.2033283146621327,1.640571569180289,all,2014-02-19
VIAB,VIAB.W^E14,2014-02-24,ESG-GJR-GARCH(E),0.1997165942112008,1.5828062699730745,E,2014-02-19
VIAB,VIAB.W^E14,2014-02-24,ESG-GJR-GARCH(G),0.1971512068840888,1.5424046974544754,G,2014-02-19
VIAB,VIAB.W^E14,2014-02-24,ESG-GJR-GARCH(S),0.2030774536117439,1.6365258795805568,S,2014-02-19
VIAB,VIAB.W^E14,2014-02-24,GARCH,0.1961371657558803,1.5265788805853044,,2014-02-19
VIAB,VIAB.W^E14,2014-02-24,GJR-GARCH,0.1998851091817447,1.585478447325318,,2014-02-19
VIAB,VIAB.W^E14,2014-02-25,EGARCH,0.2081043164177982,1.7185478774491711,,2014-02-19
VIAB,VIAB.W^E14,2014-02-25,ESG-EGARCH,0.2072735927436145,1.7048548511446744,all,2014-02-19
VIAB,VIAB.W^E14,2014-02-25,ESG-EGARCH(E),0.2072872270394634,1.7050791465757962,E,2014-02-19
VIAB,VIAB.W^E14,2014-02-25,ESG-EGARCH(G),0.2075297337566926,1.7090710473461803,G,2014-02-19
VIAB,VIAB.W^E14,2014-02-25,ESG-EGARCH(S),0.2068366113249455,1.6976739596978798,S,2014-02-19
VIAB,VIAB.W^E14,2014-02-25,ESG-GARCH,0.2027280798226143,1.630899775736678,all,2014-02-19
VIAB,VIAB.W^E14,2014-02-25,ESG-GARCH(E),0.1989104765354902,1.570054669665707,E,2014-02-19
VIAB,VIAB.W^E14,2014-02-25,ESG-GARCH(G),0.1974646898411881,1.5473136402411367,G,2014-02-19
VIAB,VIAB.W^E14,2014-02-25,ESG-GARCH(S),0.2006620004718662,1.597826921959176,S,2014-02-19
VIAB,VIAB.W^E14,2014-02-25,ESG-GJR-GARCH,0.2033283146621327,1.640571569180289,all,2014-02-19
VIAB,VIAB.W^E14,2014-02-25,ESG-GJR-GARCH(E),0.1997165942112008,1.5828062699730745,E,2014-02-19
VIAB,VIAB.W^E14,2014-02-25,ESG-GJR-GARCH(G),0.1971512068840888,1.5424046974544754,G,2014-02-19
VIAB,VIAB.W^E14,2014-02-25,ESG-GJR-GARCH(S),0.2030774536117439,1.6365258795805568,S,2014-02-19
VIAB,VIAB.W^E14,2014-02-25,GARCH,0.1961371657558803,1.5265788805853044,,2014-02-19
VIAB,VIAB.W^E14,2014-02-25,GJR-GARCH,0.1998851091817447,1.585478447325318,,2014-02-19
VIAB,VIAB.W^E14,2014-02-26,EGARCH,0.2081043164177982,1.7185478774491711,,2014-02-19
VIAB,VIAB.W^E14,2014-02-26,ESG-EGARCH,0.2072735927436145,1.7048548511446744,all,2014-02-19
VIAB,VIAB.W^E14,2014-02-26,ESG-EGARCH(E),0.2072872270394634,1.7050791465757962,E,2014-02-19
VIAB,VIAB.W^E14,2014-02-26,ESG-EGARCH(G),0.2075297337566926,1.7090710473461803,G,2014-02-19
VIAB,VIAB.W^E14,2014-02-26,ESG-EGARCH(S),0.2068366113249455,1.6976739596978798,S,2014-02-19
VIAB,VIAB.W^E14,2014-02-26,ESG-GARCH,0.2027280798226143,1.630899775736678,all,2014-02-19
VIAB,VIAB.W^E14,2014-02-26,ESG-GARCH(E),0.1989104765354902,1.570054669665707,E,2014-02-19
VIAB,VIAB.W^E14,2014-02-26,ESG-GARCH(G),0.1974646898411881,1.5473136402411367,G,2014-02-19
VIAB,VIAB.W^E14,2014-02-26,ESG-GARCH(S),0.2006620004718662,1.597826921959176,S,2014-02-19
VIAB,VIAB.W^E14,2014-02-26,ESG-GJR-GARCH,0.2033283146621327,1.640571569180289,all,2014-02-19
VIAB,VIAB.W^E14,2014-02-26,ESG-GJR-GARCH(E),0.1997165942112008,1.5828062699730745,E,2014-02-19
VIAB,VIAB.W^E14,2014-02-26,ESG-GJR-GARCH(G),0.1971512068840888,1.5424046974544754,G,2014-02-19
VIAB,VIAB.W^E14,2014-02-26,ESG-GJR-GARCH(S),0.2030774536117439,1.6365258795805568,S,2014-02-19
VIAB,VIAB.W^E14,2014-02-26,GARCH,0.1961371657558803,1.5265788805853044,,2014-02-19
VIAB,VIAB.W^E14,2014-02-26,GJR-GARCH,0.1998851091817447,1.585478447325318,,2014-02-19
VIAB,VIAB.W^E14,2014-02-27,EGARCH,0.2081043164177982,1.7185478774491711,,2014-02-19
VIAB,VIAB.W^E14,2014-02-27,ESG-EGARCH,0.2072735927436145,1.7048548511446744,all,2014-02-19
VIAB,VIAB.W^E14,2014-02-27,ESG-EGARCH(E),0.2072872270394634,1.7050791465757962,E,2014-02-19
VIAB,VIAB.W^E14,2014-02-27,ESG-EGARCH(G),0.2075297337566926,1.7090710473461803,G,2014-02-19
VIAB,VIAB.W^E14,2014-02-27,ESG-EGARCH(S),0.2068366113249455,1.6976739596978798,S,2014-02-19
VIAB,VIAB.W^E14,2014-02-27,ESG-GARCH,0.2027280798226143,1.630899775736678,all,2014-02-19
VIAB,VIAB.W^E14,2014-02-27,ESG-GARCH(E),0.1989104765354902,1.570054669665707,E,2014-02-19
VIAB,VIAB.W^E14,2014-02-27,ESG-GARCH(G),0.1974646898411881,1.5473136402411367,G,2014-02-19
VIAB,VIAB.W^E14,2014-02-27,ESG-GARCH(S),0.2006620004718662,1.597826921959176,S,2014-02-19
VIAB,VIAB.W^E14,2014-02-27,ESG-GJR-GARCH,0.2033283146621327,1.640571569180289,all,2014-02-19
VIAB,VIAB.W^E14,2014-02-27,ESG-GJR-GARCH(E),0.1997165942112008,1.5828062699730745,E,2014-02-19
VIAB,VIAB.W^E14,2014-02-27,ESG-GJR-GARCH(G),0.1971512068840888,1.5424046974544754,G,2014-02-19
VIAB,VIAB.W^E14,2014-02-27,ESG-GJR-GARCH(S),0.2030774536117439,1.6365258795805568,S,2014-02-19
VIAB,VIAB.W^E14,2014-02-27,GARCH,0.1961371657558803,1.5265788805853044,,2014-02-19
VIAB,VIAB.W^E14,2014-02-27,GJR-GARCH,0.1998851091817447,1.585478447325318,,2014-02-19
VIAB,VIAB.W^E14,2014-02-28,EGARCH,0.2081043164177982,1.7185478774491711,,2014-02-19
VIAB,VIAB.W^E14,2014-02-28,ESG-EGARCH,0.2072735927436145,1.7048548511446744,all,2014-02-19
VIAB,VIAB.W^E14,2014-02-28,ESG-EGARCH(E),0.2072872270394634,1.7050791465757962,E,2014-02-19
VIAB,VIAB.W^E14,2014-02-28,ESG-EGARCH(G),0.2075297337566926,1.7090710473461803,G,2014-02-19
VIAB,VIAB.W^E14,2014-02-28,ESG-EGARCH(S),0.2068366113249455,1.6976739596978798,S,2014-02-19
VIAB,VIAB.W^E14,2014-02-28,ESG-GARCH,0.2027280798226143,1.630899775736678,all,2014-02-19
VIAB,VIAB.W^E14,2014-02-28,ESG-GARCH(E),0.1989104765354902,1.570054669665707,E,2014-02-19
VIAB,VIAB.W^E14,2014-02-28,ESG-GARCH(G),0.1974646898411881,1.5473136402411367,G,2014-02-19
VIAB,VIAB.W^E14,2014-02-28,ESG-GARCH(S),0.2006620004718662,1.597826921959176,S,2014-02-19
VIAB,VIAB.W^E14,2014-02-28,ESG-GJR-GARCH,0.2033283146621327,1.640571569180289,all,2014-02-19
VIAB,VIAB.W^E14,2014-02-28,ESG-GJR-GARCH(E),0.1997165942112008,1.5828062699730745,E,2014-02-19
VIAB,VIAB.W^E14,2014-02-28,ESG-GJR-GARCH(G),0.1971512068840888,1.5424046974544754,G,2014-02-19
VIAB,VIAB.W^E14,2014-02-28,ESG-GJR-GARCH(S),0.2030774536117439,1.6365258795805568,S,2014-02-19
VIAB,VIAB.W^E14,2014-02-28,GARCH,0.1961371657558803,1.5265788805853044,,2014-02-19
VIAB,VIAB.W^E14,2014-02-28,GJR-GARCH,0.1998851091817447,1.585478447325318,,2014-02-19
VIAB,VIAB.W^E14,2014-03-03,EGARCH,0.2081043164177982,1.7185478774491711,,2014-02-19
VIAB,VIAB.W^E14,2014-03-03,ESG-EGARCH,0.2072735927436145,1.7048548511446744,all,2014-02-19
VIAB,VIAB.W^E14,2014-03-03,ESG-EGARCH(E),0.2072872270394634,1.7050791465757962,E,2014-02-19
VIAB,VIAB.W^E14,2014-03-03,ESG-EGARCH(G),0.2075297337566926,1.7090710473461803,G,2014-02-19
VIAB,VIAB.W^E14,2014-03-03,ESG-EGARCH(S),0.2068366113249455,1.6976739596978798,S,2014-02-19
VIAB,VIAB.W^E14,2014-03-03,ESG-GARCH,0.2027280798226143,1.630899775736678,all,2014-02-19
VIAB,VIAB.W^E14,2014-03-03,ESG-GARCH(E),0.1989104765354902,1.570054669665707,E,2014-02-19
VIAB,VIAB.W^E14,2014-03-03,ESG-GARCH(G),0.1974646898411881,1.5473136402411367,G,2014-02-19
VIAB,VIAB.W^E14,2014-03-03,ESG-GARCH(S),0.2006620004718662,1.597826921959176,S,2014-02-19
VIAB,VIAB.W^E14,2014-03-03,ESG-GJR-GARCH,0.2033283146621327,1.640571569180289,all,2014-02-19
VIAB,VIAB.W^E14,2014-03-03,ESG-GJR-GARCH(E),0.1997165942112008,1.5828062699730745,E,2014-02-19
VIAB,VIAB.W^E14,2014-03-03,ESG-GJR-GARCH(G),0.1971512068840888,1.5424046974544754,G,2014-02-19
VIAB,VIAB.W^E14,2014-03-03,ESG-GJR-GARCH(S),0.2030774536117439,1.6365258795805568,S,2014-02-19
VIAB,VIAB.W^E14,2014-03-03,GARCH,0.1961371657558803,1.5265788805853044,,2014-02-19
VIAB,VIAB.W^E14,2014-03-03,GJR-GARCH,0.1998851091817447,1.585478447325318,,2014-02-19
