ticker,RIC,Date,model,forecast_vol,forecast_var_pct2,esg_spec,refit_date
XEC,XEC.W^E14,2012-03-30,EGARCH,0.4995162257067819,9.901446815251935,,2012-03-30
XEC,XEC.W^E14,2012-03-30,ESG-EGARCH,0.5014874685627053,9.97974925100914,all,2012-03-30
XEC,XEC.W^E14,2012-03-30,ESG-EGARCH(E),0.5009943077158742,9.960130808083653,E,2012-03-30
XEC,XEC.W^E14,2012-03-30,ESG-EGARCH(G),0.5008721930453595,9.955275943097933,G,2012-03-30
XEC,XEC.W^E14,2012-03-30,ESG-EGARCH(S),0.5008035734937227,9.95254838190804,S,2012-03-30
XEC,XEC.W^E14,2012-03-30,ESG-GARCH,0.5573802013984533,12.328281305991286,all,2012-03-30
XEC,XEC.W^E14,2012-03-30,ESG-GARCH(E),0.5573205190914418,12.32564130953786,E,2012-03-30
XEC,XEC.W^E14,2012-03-30,ESG-GARCH(G),0.554757287534367,12.21252571716224,G,2012-03-30
XEC,XEC.W^E14,2012-03-30,ESG-GARCH(S),0.5571145418077372,12.316532249747818,S,2012-03-30
XEC,XEC.W^E14,2012-03-30,ESG-GJR-GARCH,0.4935483167194397,9.666267497483824,all,2012-03-30
XEC,XEC.W^E14,2012-03-30,ESG-GJR-GARCH(E),0.4928869675867035,9.64037947685778,E,2012-03-30
XEC,XEC.W^E14,2012-03-30,ESG-GJR-GARCH(G),0.4952097502043436,9.731456218152717,G,2012-03-30
XEC,XEC.W^E14,2012-03-30,ESG-GJR-GARCH(S),0.4926398378560517,9.630714676303054,S,2012-03-30
XEC,XEC.W^E14,2012-03-30,GARCH,0.5517116402980572,12.078798969856068,,2012-03-30
XEC,XEC.W^E14,2012-03-30,GJR-GARCH,0.4935081703123531,9.664695006549463,,2012-03-30
XEC,XEC.W^E14,2012-04-02,EGARCH,0.4995162257067819,9.901446815251935,,2012-03-30
XEC,XEC.W^E14,2012-04-02,ESG-EGARCH,0.5014874685627053,9.97974925100914,all,2012-03-30
XEC,XEC.W^E14,2012-04-02,ESG-EGARCH(E),0.5009943077158742,9.960130808083653,E,2012-03-30
XEC,XEC.W^E14,2012-04-02,ESG-EGARCH(G),0.5008721930453595,9.955275943097933,G,2012-03-30
XEC,XEC.W^E14,2012-04-02,ESG-EGARCH(S),0.5008035734937227,9.95254838190804,S,2012-03-30
XEC,XEC.W^E14,2012-04-02,ESG-GARCH,0.5573802013984533,12.328281305991286,all,2012-03-30
XEC,XEC.W^E14,2012-04-02,ESG-GARCH(E),0.5573205190914418,12.32564130953786,E,2012-03-30
XEC,XEC.W^E14,2012-04-02,ESG-GARCH(G),0.554757287534367,12.21252571716224,G,2012-03-30
XEC,XEC.W^E14,2012-04-02,ESG-GARCH(S),0.5571145418077372,12.316532249747818,S,2012-03-30
XEC,XEC.W^E14,2012-04-02,ESG-GJR-GARCH,0.4935483167194397,9.666267497483824,all,2012-03-30
XEC,XEC.W^E14,2012-04-02,ESG-GJR-GARCH(E),0.4928869675867035,9.64037947685778,E,2012-03-30
XEC,XEC.W^E14,2012-04-02,ESG-GJR-GARCH(G),0.4952097502043436,9.731456218152717,G,2012-03-30
XEC,XEC.W^E14,2012-04-02,ESG-GJR-GARCH(S),0.4926398378560517,9.630714676303054,S,2012-03-30
XEC,XEC.W^E14,2012-04-02,GARCH,0.5517116402980572,12.078798969856068,,2012-03-30
XEC,XEC.W^E14,2012-04-02,GJR-GARCH,0.4935081703123531,9.664695006549463,,2012-03-30
XEC,XEC.W^E14,2012-04-03,EGARCH,0.4995162257067819,9.901446815251935,,2012-03-30
XEC,XEC.W^E14,2012-04-03,ESG-EGARCH,0.5014874685627053,9.97974925100914,all,2012-03-30
XEC,XEC.W^E14,2012-04-03,ESG-EGARCH(E),0.5009943077158742,9.960130808083653,E,2012-03-30
XEC,XEC.W^E14,2012-04-03,ESG-EGARCH(G),0.5008721930453595,9.955275943097933,G,2012-03-30
XEC,XEC.W^E14,2012-04-03,ESG-EGARCH(S),0.5008035734937227,9.95254838190804,S,2012-03-30
XEC,XEC.W^E14,2012-04-03,ESG-GARCH,0.5573802013984533,12.328281305991286,all,2012-03-30
XEC,XEC.W^E14,2012-04-03,ESG-GARCH(E),0.5573205190914418,12.32564130953786,E,2012-03-30
XEC,XEC.W^E14,2012-04-03,ESG-GARCH(G),0.554757287534367,12.21252571716224,G,2012-03-30
XEC,XEC.W^E14,2012-04-03,ESG-GARCH(S),0.5571145418077372,12.316532249747818,S,2012-03-30
XEC,XEC.W^E14,2012-04-03,ESG-GJR-GARCH,0.4935483167194397,9.666267497483824,all,2012-03-30
XEC,XEC.W^E14,2012-04-03,ESG-GJR-GARCH(E),0.4928869675867035,9.64037947685778,E,2012-03-30
XEC,XEC.W^E14,2012-04-03,ESG-GJR-GARCH(G),0.4952097502043436,9.731456218152717,G,2012-03-30
XEC,XEC.W^E14,2012-04-03,ESG-GJR-GARCH(S),0.4926398378560517,9.630714676303054,S,2012-03-30
XEC,XEC.W^E14,2012-04-03,GARCH,0.5517116402980572,12.078798969856068,,2012-03-30
XEC,XEC.W^E14,2012-04-03,GJR-GARCH,0.4935081703123531,9.664695006549463,,2012-03-30
XEC,XEC.W^E14,2012-04-04,EGARCH,0.4995162257067819,9.901446815251935,,2012-03-30
XEC,XEC.W^E14,2012-04-04,ESG-EGARCH,0.5014874685627053,9.97974925100914,all,2012-03-30
XEC,XEC.W^E14,2012-04-04,ESG-EGARCH(E),0.5009943077158742,9.960130808083653,E,2012-03-30
XEC,XEC.W^E14,2012-04-04,ESG-EGARCH(G),0.5008721930453595,9.955275943097933,G,2012-03-30
XEC,XEC.W^E14,2012-04-04,ESG-EGARCH(S),0.5008035734937227,9.95254838190804,S,2012-03-30
XEC,XEC.W^E14,2012-04-04,ESG-GARCH,0.5573802013984533,12.328281305991286,all,2012-03-30
XEC,XEC.W^E14,2012-04-04,ESG-GARCH(E),0.5573205190914418,12.32564130953786,E,2012-03-30
XEC,XEC.W^E14,2012-04-04,ESG-GARCH(G),0.554757287534367,12.21252571716224,G,2012-03-30
XEC,XEC.W^E14,2012-04-04,ESG-GARCH(S),0.5571145418077372,12.316532249747818,S,2012-03-30
XEC,XEC.W^E14,2012-04-04,ESG-GJR-GARCH,0.4935483167194397,9.666267497483824,all,2012-03-30
XEC,XEC.W^E14,2012-04-04,ESG-GJR-GARCH(E),0.4928869675867035,9.64037947685778,E,2012-03-30
XEC,XEC.W^E14,2012-04-04,ESG-GJR-GARCH(G),0.4952097502043436,9.731456218152717,G,2012-03-30
XEC,XEC.W^E14,2012-04-04,ESG-GJR-GARCH(S),0.4926398378560517,9.630714676303054,S,2012-03-30
XEC,XEC.W^E14,2012-04-04,GARCH,0.5517116402980572,12.078798969856068,,2012-03-30
XEC,XEC.W^E14,2012-04-04,GJR-GARCH,0.4935081703123531,9.664695006549463,,2012-03-30
XEC,XEC.W^E14,2012-04-05,EGARCH,0.4995162257067819,9.901446815251935,,2012-03-30
XEC,XEC.W^E14,2012-04-05,ESG-EGARCH,0.5014874685627053,9.97974925100914,all,2012-03-30
XEC,XEC.W^E14,2012-04-05,ESG-EGARCH(E),0.5009943077158742,9.960130808083653,E,2012-03-30
XEC,XEC.W^E14,2012-04-05,ESG-EGARCH(G),0.5008721930453595,9.955275943097933,G,2012-03-30
XEC,XEC.W^E14,2012-04-05,ESG-EGARCH(S),0.5008035734937227,9.95254838190804,S,2012-03-30
XEC,XEC.W^E14,2012-04-05,ESG-GARCH,0.5573802013984533,12.328281305991286,all,2012-03-30
XEC,XEC.W^E14,2012-04-05,ESG-GARCH(E),0.5573205190914418,12.32564130953786,E,2012-03-30
XEC,XEC.W^E14,2012-04-05,ESG-GARCH(G),0.554757287534367,12.21252571716224,G,2012-03-30
XEC,XEC.W^E14,2012-04-05,ESG-GARCH(S),0.5571145418077372,12.316532249747818,S,2012-03-30
XEC,XEC.W^E14,2012-04-05,ESG-GJR-GARCH,0.4935483167194397,9.666267497483824,all,2012-03-30
XEC,XEC.W^E14,2012-04-05,ESG-GJR-GARCH(E),0.4928869675867035,9.64037947685778,E,2012-03-30
XEC,XEC.W^E14,2012-04-05,ESG-GJR-GARCH(G),0.4952097502043436,9.731456218152717,G,2012-03-30
XEC,XEC.W^E14,2012-04-05,ESG-GJR-GARCH(S),0.4926398378560517,9.630714676303054,S,2012-03-30
XEC,XEC.W^E14,2012-04-05,GARCH,0.5517116402980572,12.078798969856068,,2012-03-30
XEC,XEC.W^E14,2012-04-05,GJR-GARCH,0.4935081703123531,9.664695006549463,,2012-03-30
XEC,XEC.W^E14,2012-04-09,EGARCH,0.4995162257067819,9.901446815251935,,2012-03-30
XEC,XEC.W^E14,2012-04-09,ESG-EGARCH,0.5014874685627053,9.97974925100914,all,2012-03-30
XEC,XEC.W^E14,2012-04-09,ESG-EGARCH(E),0.5009943077158742,9.960130808083653,E,2012-03-30
XEC,XEC.W^E14,2012-04-09,ESG-EGARCH(G),0.5008721930453595,9.955275943097933,G,2012-03-30
XEC,XEC.W^E14,2012-04-09,ESG-EGARCH(S),0.5008035734937227,9.95254838190804,S,2012-03-30
XEC,XEC.W^E14,2012-04-09,ESG-GARCH,0.5573802013984533,12.328281305991286,all,2012-03-30
XEC,XEC.W^E14,2012-04-09,ESG-GARCH(E),0.5573205190914418,12.32564130953786,E,2012-03-30
XEC,XEC.W^E14,2012-04-09,ESG-GARCH(G),0.554757287534367,12.21252571716224,G,2012-03-30
XEC,XEC.W^E14,2012-04-09,ESG-GARCH(S),0.5571145418077372,12.316532249747818,S,2012-03-30
XEC,XEC.W^E14,2012-04-09,ESG-GJR-GARCH,0.4935483167194397,9.666267497483824,all,2012-03-30
XEC,XEC.W^E14,2012-04-09,ESG-GJR-GARCH(E),0.4928869675867035,9.64037947685778,E,2012-03-30
XEC,XEC.W^E14,2012-04-09,ESG-GJR-GARCH(G),0.4952097502043436,9.731456218152717,G,2012-03-30
XEC,XEC.W^E14,2012-04-09,ESG-GJR-GARCH(S),0.4926398378560517,9.630714676303054,S,2012-03-30
XEC,XEC.W^E14,2012-04-09,GARCH,0.5517116402980572,12.078798969856068,,2012-03-30
XEC,XEC.W^E14,2012-04-09,GJR-GARCH,0.4935081703123531,9.664695006549463,,2012-03-30
XEC,XEC.W^E14,2012-04-10,EGARCH,0.4995162257067819,9.901446815251935,,2012-03-30
XEC,XEC.W^E14,2012-04-10,ESG-EGARCH,0.5014874685627053,9.97974925100914,all,2012-03-30
XEC,XEC.W^E14,2012-04-10,ESG-EGARCH(E),0.5009943077158742,9.960130808083653,E,2012-03-30
XEC,XEC.W^E14,2012-04-10,ESG-EGARCH(G),0.5008721930453595,9.955275943097933,G,2012-03-30
XEC,XEC.W^E14,2012-04-10,ESG-EGARCH(S),0.5008035734937227,9.95254838190804,S,2012-03-30
XEC,XEC.W^E14,2012-04-10,ESG-GARCH,0.5573802013984533,12.328281305991286,all,2012-03-30
XEC,XEC.W^E14,2012-04-10,ESG-GARCH(E),0.5573205190914418,12.32564130953786,E,2012-03-30
XEC,XEC.W^E14,2012-04-10,ESG-GARCH(G),0.554757287534367,12.21252571716224,G,2012-03-30
XEC,XEC.W^E14,2012-04-10,ESG-GARCH(S),0.5571145418077372,12.316532249747818,S,2012-03-30
XEC,XEC.W^E14,2012-04-10,ESG-GJR-GARCH,0.4935483167194397,9.666267497483824,all,2012-03-30
XEC,XEC.W^E14,2012-04-10,ESG-GJR-GARCH(E),0.4928869675867035,9.64037947685778,E,2012-03-30
XEC,XEC.W^E14,2012-04-10,ESG-GJR-GARCH(G),0.4952097502043436,9.731456218152717,G,2012-03-30
XEC,XEC.W^E14,2012-04-10,ESG-GJR-GARCH(S),0.4926398378560517,9.630714676303054,S,2012-03-30
XEC,XEC.W^E14,2012-04-10,GARCH,0.5517116402980572,12.078798969856068,,2012-03-30
XEC,XEC.W^E14,2012-04-10,GJR-GARCH,0.4935081703123531,9.664695006549463,,2012-03-30
XEC,XEC.W^E14,2012-04-11,EGARCH,0.4995162257067819,9.901446815251935,,2012-03-30
XEC,XEC.W^E14,2012-04-11,ESG-EGARCH,0.5014874685627053,9.97974925100914,all,2012-03-30
XEC,XEC.W^E14,2012-04-11,ESG-EGARCH(E),0.5009943077158742,9.960130808083653,E,2012-03-30
XEC,XEC.W^E14,2012-04-11,ESG-EGARCH(G),0.5008721930453595,9.955275943097933,G,2012-03-30
XEC,XEC.W^E14,2012-04-11,ESG-EGARCH(S),0.5008035734937227,9.95254838190804,S,2012-03-30
XEC,XEC.W^E14,2012-04-11,ESG-GARCH,0.5573802013984533,12.328281305991286,all,2012-03-30
XEC,XEC.W^E14,2012-04-11,ESG-GARCH(E),0.5573205190914418,12.32564130953786,E,2012-03-30
XEC,XEC.W^E14,2012-04-11,ESG-GARCH(G),0.554757287534367,12.21252571716224,G,2012-03-30
XEC,XEC.W^E14,2012-04-11,ESG-GARCH(S),0.5571145418077372,12.316532249747818,S,2012-03-30
XEC,XEC.W^E14,2012-04-11,ESG-GJR-GARCH,0.4935483167194397,9.666267497483824,all,2012-03-30
XEC,XEC.W^E14,2012-04-11,ESG-GJR-GARCH(E),0.4928869675867035,9.64037947685778,E,2012-03-30
XEC,XEC.W^E14,2012-04-11,ESG-GJR-GARCH(G),0.4952097502043436,9.731456218152717,G,2012-03-30
XEC,XEC.W^E14,2012-04-11,ESG-GJR-GARCH(S),0.4926398378560517,9.630714676303054,S,2012-03-30
XEC,XEC.W^E14,2012-04-11,GARCH,0.5517116402980572,12.078798969856068,,2012-03-30
XEC,XEC.W^E14,2012-04-11,GJR-GARCH,0.4935081703123531,9.664695006549463,,2012-03-30
XEC,XEC.W^E14,2012-04-12,EGARCH,0.4995162257067819,9.901446815251935,,2012-03-30
XEC,XEC.W^E14,2012-04-12,ESG-EGARCH,0.5014874685627053,9.97974925100914,all,2012-03-30
XEC,XEC.W^E14,2012-04-12,ESG-EGARCH(E),0.5009943077158742,9.960130808083653,E,2012-03-30
XEC,XEC.W^E14,2012-04-12,ESG-EGARCH(G),0.5008721930453595,9.955275943097933,G,2012-03-30
XEC,XEC.W^E14,2012-04-12,ESG-EGARCH(S),0.5008035734937227,9.95254838190804,S,2012-03-30
XEC,XEC.W^E14,2012-04-12,ESG-GARCH,0.5573802013984533,12.328281305991286,all,2012-03-30
XEC,XEC.W^E14,2012-04-12,ESG-GARCH(E),0.5573205190914418,12.32564130953786,E,2012-03-30
XEC,XEC.W^E14,2012-04-12,ESG-GARCH(G),0.554757287534367,12.21252571716224,G,2012-03-30
XEC,XEC.W^E14,2012-04-12,ESG-GARCH(S),0.5571145418077372,12.316532249747818,S,2012-03-30
XEC,XEC.W^E14,2012-04-12,ESG-GJR-GARCH,0.4935483167194397,9.666267497483824,all,2012-03-30
XEC,XEC.W^E14,2012-04-12,ESG-GJR-GARCH(E),0.4928869675867035,9.64037947685778,E,2012-03-30
XEC,XEC.W^E14,2012-04-12,ESG-GJR-GARCH(G),0.4952097502043436,9.731456218152717,G,2012-03-30
XEC,XEC.W^E14,2012-04-12,ESG-GJR-GARCH(S),0.4926398378560517,9.630714676303054,S,2012-03-30
XEC,XEC.W^E14,2012-04-12,GARCH,0.5517116402980572,12.078798969856068,,2012-03-30
XEC,XEC.W^E14,2012-04-12,GJR-GARCH,0.4935081703123531,9.664695006549463,,2012-03-30
XEC,XEC.W^E14,2012-04-13,EGARCH,0.4995162257067819,9.901446815251935,,2012-03-30
XEC,XEC.W^E14,2012-04-13,ESG-EGARCH,0.5014874685627053,9.97974925100914,all,2012-03-30
XEC,XEC.W^E14,2012-04-13,ESG-EGARCH(E),0.5009943077158742,9.960130808083653,E,2012-03-30
XEC,XEC.W^E14,2012-04-13,ESG-EGARCH(G),0.5008721930453595,9.955275943097933,G,2012-03-30
XEC,XEC.W^E14,2012-04-13,ESG-EGARCH(S),0.5008035734937227,9.95254838190804,S,2012-03-30
XEC,XEC.W^E14,2012-04-13,ESG-GARCH,0.5573802013984533,12.328281305991286,all,2012-03-30
XEC,XEC.W^E14,2012-04-13,ESG-GARCH(E),0.5573205190914418,12.32564130953786,E,2012-03-30
XEC,XEC.W^E14,2012-04-13,ESG-GARCH(G),0.554757287534367,12.21252571716224,G,2012-03-30
XEC,XEC.W^E14,2012-04-13,ESG-GARCH(S),0.5571145418077372,12.316532249747818,S,2012-03-30
XEC,XEC.W^E14,2012-04-13,ESG-GJR-GARCH,0.4935483167194397,9.666267497483824,all,2012-03-30
XEC,XEC.W^E14,2012-04-13,ESG-GJR-GARCH(E),0.4928869675867035,9.64037947685778,E,2012-03-30
XEC,XEC.W^E14,2012-04-13,ESG-GJR-GARCH(G),0.4952097502043436,9.731456218152717,G,2012-03-30
XEC,XEC.W^E14,2012-04-13,ESG-GJR-GARCH(S),0.4926398378560517,9.630714676303054,S,2012-03-30
XEC,XEC.W^E14,2012-04-13,GARCH,0.5517116402980572,12.078798969856068,,2012-03-30
XEC,XEC.W^E14,2012-04-13,GJR-GARCH,0.4935081703123531,9.664695006549463,,2012-03-30
XEC,XEC.W^E14,2012-04-18,EGARCH,0.4995162257067819,9.901446815251935,,2012-03-30
XEC,XEC.W^E14,2012-04-18,ESG-EGARCH,0.5014874685627053,9.97974925100914,all,2012-03-30
XEC,XEC.W^E14,2012-04-18,ESG-EGARCH(E),0.5009943077158742,9.960130808083653,E,2012-03-30
XEC,XEC.W^E14,2012-04-18,ESG-EGARCH(G),0.5008721930453595,9.955275943097933,G,2012-03-30
XEC,XEC.W^E14,2012-04-18,ESG-EGARCH(S),0.5008035734937227,9.95254838190804,S,2012-03-30
XEC,XEC.W^E14,2012-04-18,ESG-GARCH,0.5573802013984533,12.328281305991286,all,2012-03-30
XEC,XEC.W^E14,2012-04-18,ESG-GARCH(E),0.5573205190914418,12.32564130953786,E,2012-03-30
XEC,XEC.W^E14,2012-04-18,ESG-GARCH(G),0.554757287534367,12.21252571716224,G,2012-03-30
XEC,XEC.W^E14,2012-04-18,ESG-GARCH(S),0.5571145418077372,12.316532249747818,S,2012-03-30
XEC,XEC.W^E14,2012-04-18,ESG-GJR-GARCH,0.4935483167194397,9.666267497483824,all,2012-03-30
XEC,XEC.W^E14,2012-04-18,ESG-GJR-GARCH(E),0.4928869675867035,9.64037947685778,E,2012-03-30
XEC,XEC.W^E14,2012-04-18,ESG-GJR-GARCH(G),0.4952097502043436,9.731456218152717,G,2012-03-30
XEC,XEC.W^E14,2012-04-18,ESG-GJR-GARCH(S),0.4926398378560517,9.630714676303054,S,2012-03-30
XEC,XEC.W^E14,2012-04-18,GARCH,0.5517116402980572,12.078798969856068,,2012-03-30
XEC,XEC.W^E14,2012-04-18,GJR-GARCH,0.4935081703123531,9.664695006549463,,2012-03-30
XEC,XEC.W^E14,2012-04-25,EGARCH,0.4995162257067819,9.901446815251935,,2012-03-30
XEC,XEC.W^E14,2012-04-25,ESG-EGARCH,0.5014874685627053,9.97974925100914,all,2012-03-30
XEC,XEC.W^E14,2012-04-25,ESG-EGARCH(E),0.5009943077158742,9.960130808083653,E,2012-03-30
XEC,XEC.W^E14,2012-04-25,ESG-EGARCH(G),0.5008721930453595,9.955275943097933,G,2012-03-30
XEC,XEC.W^E14,2012-04-25,ESG-EGARCH(S),0.5008035734937227,9.95254838190804,S,2012-03-30
XEC,XEC.W^E14,2012-04-25,ESG-GARCH,0.5573802013984533,12.328281305991286,all,2012-03-30
XEC,XEC.W^E14,2012-04-25,ESG-GARCH(E),0.5573205190914418,12.32564130953786,E,2012-03-30
XEC,XEC.W^E14,2012-04-25,ESG-GARCH(G),0.554757287534367,12.21252571716224,G,2012-03-30
XEC,XEC.W^E14,2012-04-25,ESG-GARCH(S),0.5571145418077372,12.316532249747818,S,2012-03-30
XEC,XEC.W^E14,2012-04-25,ESG-GJR-GARCH,0.4935483167194397,9.666267497483824,all,2012-03-30
XEC,XEC.W^E14,2012-04-25,ESG-GJR-GARCH(E),0.4928869675867035,9.64037947685778,E,2012-03-30
XEC,XEC.W^E14,2012-04-25,ESG-GJR-GARCH(G),0.4952097502043436,9.731456218152717,G,2012-03-30
XEC,XEC.W^E14,2012-04-25,ESG-GJR-GARCH(S),0.4926398378560517,9.630714676303054,S,2012-03-30
XEC,XEC.W^E14,2012-04-25,GARCH,0.5517116402980572,12.078798969856068,,2012-03-30
XEC,XEC.W^E14,2012-04-25,GJR-GARCH,0.4935081703123531,9.664695006549463,,2012-03-30
XEC,XEC.W^E14,2012-04-26,EGARCH,0.4995162257067819,9.901446815251935,,2012-03-30
XEC,XEC.W^E14,2012-04-26,ESG-EGARCH,0.5014874685627053,9.97974925100914,all,2012-03-30
XEC,XEC.W^E14,2012-04-26,ESG-EGARCH(E),0.5009943077158742,9.960130808083653,E,2012-03-30
XEC,XEC.W^E14,2012-04-26,ESG-EGARCH(G),0.5008721930453595,9.955275943097933,G,2012-03-30
XEC,XEC.W^E14,2012-04-26,ESG-EGARCH(S),0.5008035734937227,9.95254838190804,S,2012-03-30
XEC,XEC.W^E14,2012-04-26,ESG-GARCH,0.5573802013984533,12.328281305991286,all,2012-03-30
XEC,XEC.W^E14,2012-04-26,ESG-GARCH(E),0.5573205190914418,12.32564130953786,E,2012-03-30
XEC,XEC.W^E14,2012-04-26,ESG-GARCH(G),0.554757287534367,12.21252571716224,G,2012-03-30
XEC,XEC.W^E14,2012-04-26,ESG-GARCH(S),0.5571145418077372,12.316532249747818,S,2012-03-30
XEC,XEC.W^E14,2012-04-26,ESG-GJR-GARCH,0.4935483167194397,9.666267497483824,all,2012-03-30
XEC,XEC.W^E14,2012-04-26,ESG-GJR-GARCH(E),0.4928869675867035,9.64037947685778,E,2012-03-30
XEC,XEC.W^E14,2012-04-26,ESG-GJR-GARCH(G),0.4952097502043436,9.731456218152717,G,2012-03-30
XEC,XEC.W^E14,2012-04-26,ESG-GJR-GARCH(S),0.4926398378560517,9.630714676303054,S,2012-03-30
XEC,XEC.W^E14,2012-04-26,GARCH,0.5517116402980572,12.078798969856068,,2012-03-30
XEC,XEC.W^E14,2012-04-26,GJR-GARCH,0.4935081703123531,9.664695006549463,,2012-03-30
XEC,XEC.W^E14,2012-04-27,EGARCH,0.4995162257067819,9.901446815251935,,2012-03-30
XEC,XEC.W^E14,2012-04-27,ESG-EGARCH,0.5014874685627053,9.97974925100914,all,2012-03-30
XEC,XEC.W^E14,2012-04-27,ESG-EGARCH(E),0.5009943077158742,9.960130808083653,E,2012-03-30
XEC,XEC.W^E14,2012-04-27,ESG-EGARCH(G),0.5008721930453595,9.955275943097933,G,2012-03-30
XEC,XEC.W^E14,2012-04-27,ESG-EGARCH(S),0.5008035734937227,9.95254838190804,S,2012-03-30
XEC,XEC.W^E14,2012-04-27,ESG-GARCH,0.5573802013984533,12.328281305991286,all,2012-03-30
XEC,XEC.W^E14,2012-04-27,ESG-GARCH(E),0.5573205190914418,12.32564130953786,E,2012-03-30
XEC,XEC.W^E14,2012-04-27,ESG-GARCH(G),0.554757287534367,12.21252571716224,G,2012-03-30
XEC,XEC.W^E14,2012-04-27,ESG-GARCH(S),0.5571145418077372,12.316532249747818,S,2012-03-30
XEC,XEC.W^E14,2012-04-27,ESG-GJR-GARCH,0.4935483167194397,9.666267497483824,all,2012-03-30
XEC,XEC.W^E14,2012-04-27,ESG-GJR-GARCH(E),0.4928869675867035,9.64037947685778,E,2012-03-30
XEC,XEC.W^E14,2012-04-27,ESG-GJR-GARCH(G),0.4952097502043436,9.731456218152717,G,2012-03-30
XEC,XEC.W^E14,2012-04-27,ESG-GJR-GARCH(S),0.4926398378560517,9.630714676303054,S,2012-03-30
XEC,XEC.W^E14,2012-04-27,GARCH,0.5517116402980572,12.078798969856068,,2012-03-30
XEC,XEC.W^E14,2012-04-27,GJR-GARCH,0.4935081703123531,9.664695006549463,,2012-03-30
XEC,XEC.W^E14,2012-04-30,EGARCH,0.4995162257067819,9.901446815251935,,2012-03-30
XEC,XEC.W^E14,2012-04-30,ESG-EGARCH,0.5014874685627053,9.97974925100914,all,2012-03-30
XEC,XEC.W^E14,2012-04-30,ESG-EGARCH(E),0.5009943077158742,9.960130808083653,E,2012-03-30
XEC,XEC.W^E14,2012-04-30,ESG-EGARCH(G),0.5008721930453595,9.955275943097933,G,2012-03-30
XEC,XEC.W^E14,2012-04-30,ESG-EGARCH(S),0.5008035734937227,9.95254838190804,S,2012-03-30
XEC,XEC.W^E14,2012-04-30,ESG-GARCH,0.5573802013984533,12.328281305991286,all,2012-03-30
XEC,XEC.W^E14,2012-04-30,ESG-GARCH(E),0.5573205190914418,12.32564130953786,E,2012-03-30
XEC,XEC.W^E14,2012-04-30,ESG-GARCH(G),0.554757287534367,12.21252571716224,G,2012-03-30
XEC,XEC.W^E14,2012-04-30,ESG-GARCH(S),0.5571145418077372,12.316532249747818,S,2012-03-30
XEC,XEC.W^E14,2012-04-30,ESG-GJR-GARCH,0.4935483167194397,9.666267497483824,all,2012-03-30
XEC,XEC.W^E14,2012-04-30,ESG-GJR-GARCH(E),0.4928869675867035,9.64037947685778,E,2012-03-30
XEC,XEC.W^E14,2012-04-30,ESG-GJR-GARCH(G),0.4952097502043436,9.731456218152717,G,2012-03-30
XEC,XEC.W^E14,2012-04-30,ESG-GJR-GARCH(S),0.4926398378560517,9.630714676303054,S,2012-03-30
XEC,XEC.W^E14,2012-04-30,GARCH,0.5517116402980572,12.078798969856068,,2012-03-30
XEC,XEC.W^E14,2012-04-30,GJR-GARCH,0.4935081703123531,9.664695006549463,,2012-03-30
XEC,XEC.W^E14,2012-05-01,EGARCH,0.4995162257067819,9.901446815251935,,2012-03-30
XEC,XEC.W^E14,2012-05-01,ESG-EGARCH,0.5014874685627053,9.97974925100914,all,2012-03-30
XEC,XEC.W^E14,2012-05-01,ESG-EGARCH(E),0.5009943077158742,9.960130808083653,E,2012-03-30
XEC,XEC.W^E14,2012-05-01,ESG-EGARCH(G),0.5008721930453595,9.955275943097933,G,2012-03-30
XEC,XEC.W^E14,2012-05-01,ESG-EGARCH(S),0.5008035734937227,9.95254838190804,S,2012-03-30
XEC,XEC.W^E14,2012-05-01,ESG-GARCH,0.5573802013984533,12.328281305991286,all,2012-03-30
XEC,XEC.W^E14,2012-05-01,ESG-GARCH(E),0.5573205190914418,12.32564130953786,E,2012-03-30
XEC,XEC.W^E14,2012-05-01,ESG-GARCH(G),0.554757287534367,12.21252571716224,G,2012-03-30
XEC,XEC.W^E14,2012-05-01,ESG-GARCH(S),0.5571145418077372,12.316532249747818,S,2012-03-30
XEC,XEC.W^E14,2012-05-01,ESG-GJR-GARCH,0.4935483167194397,9.666267497483824,all,2012-03-30
XEC,XEC.W^E14,2012-05-01,ESG-GJR-GARCH(E),0.4928869675867035,9.64037947685778,E,2012-03-30
XEC,XEC.W^E14,2012-05-01,ESG-GJR-GARCH(G),0.4952097502043436,9.731456218152717,G,2012-03-30
XEC,XEC.W^E14,2012-05-01,ESG-GJR-GARCH(S),0.4926398378560517,9.630714676303054,S,2012-03-30
XEC,XEC.W^E14,2012-05-01,GARCH,0.5517116402980572,12.078798969856068,,2012-03-30
XEC,XEC.W^E14,2012-05-01,GJR-GARCH,0.4935081703123531,9.664695006549463,,2012-03-30
XEC,XEC.W^E14,2012-05-02,EGARCH,0.4995162257067819,9.901446815251935,,2012-03-30
XEC,XEC.W^E14,2012-05-02,ESG-EGARCH,0.5014874685627053,9.97974925100914,all,2012-03-30
XEC,XEC.W^E14,2012-05-02,ESG-EGARCH(E),0.5009943077158742,9.960130808083653,E,2012-03-30
XEC,XEC.W^E14,2012-05-02,ESG-EGARCH(G),0.5008721930453595,9.955275943097933,G,2012-03-30
XEC,XEC.W^E14,2012-05-02,ESG-EGARCH(S),0.5008035734937227,9.95254838190804,S,2012-03-30
XEC,XEC.W^E14,2012-05-02,ESG-GARCH,0.5573802013984533,12.328281305991286,all,2012-03-30
XEC,XEC.W^E14,2012-05-02,ESG-GARCH(E),0.5573205190914418,12.32564130953786,E,2012-03-30
XEC,XEC.W^E14,2012-05-02,ESG-GARCH(G),0.554757287534367,12.21252571716224,G,2012-03-30
XEC,XEC.W^E14,2012-05-02,ESG-GARCH(S),0.5571145418077372,12.316532249747818,S,2012-03-30
XEC,XEC.W^E14,2012-05-02,ESG-GJR-GARCH,0.4935483167194397,9.666267497483824,all,2012-03-30
XEC,XEC.W^E14,2012-05-02,ESG-GJR-GARCH(E),0.4928869675867035,9.64037947685778,E,2012-03-30
XEC,XEC.W^E14,2012-05-02,ESG-GJR-GARCH(G),0.4952097502043436,9.731456218152717,G,2012-03-30
XEC,XEC.W^E14,2012-05-02,ESG-GJR-GARCH(S),0.4926398378560517,9.630714676303054,S,2012-03-30
XEC,XEC.W^E14,2012-05-02,GARCH,0.5517116402980572,12.078798969856068,,2012-03-30
XEC,XEC.W^E14,2012-05-02,GJR-GARCH,0.4935081703123531,9.664695006549463,,2012-03-30
XEC,XEC.W^E14,2012-05-03,EGARCH,0.4995162257067819,9.901446815251935,,2012-03-30
XEC,XEC.W^E14,2012-05-03,ESG-EGARCH,0.5014874685627053,9.97974925100914,all,2012-03-30
XEC,XEC.W^E14,2012-05-03,ESG-EGARCH(E),0.5009943077158742,9.960130808083653,E,2012-03-30
XEC,XEC.W^E14,2012-05-03,ESG-EGARCH(G),0.5008721930453595,9.955275943097933,G,2012-03-30
XEC,XEC.W^E14,2012-05-03,ESG-EGARCH(S),0.5008035734937227,9.95254838190804,S,2012-03-30
XEC,XEC.W^E14,2012-05-03,ESG-GARCH,0.5573802013984533,12.328281305991286,all,2012-03-30
XEC,XEC.W^E14,2012-05-03,ESG-GARCH(E),0.5573205190914418,12.32564130953786,E,2012-03-30
XEC,XEC.W^E14,2012-05-03,ESG-GARCH(G),0.554757287534367,12.21252571716224,G,2012-03-30
XEC,XEC.W^E14,2012-05-03,ESG-GARCH(S),0.5571145418077372,12.316532249747818,S,2012-03-30
XEC,XEC.W^E14,2012-05-03,ESG-GJR-GARCH,0.4935483167194397,9.666267497483824,all,2012-03-30
XEC,XEC.W^E14,2012-05-03,ESG-GJR-GARCH(E),0.4928869675867035,9.64037947685778,E,2012-03-30
XEC,XEC.W^E14,2012-05-03,ESG-GJR-GARCH(G),0.4952097502043436,9.731456218152717,G,2012-03-30
XEC,XEC.W^E14,2012-05-03,ESG-GJR-GARCH(S),0.4926398378560517,9.630714676303054,S,2012-03-30
XEC,XEC.W^E14,2012-05-03,GARCH,0.5517116402980572,12.078798969856068,,2012-03-30
XEC,XEC.W^E14,2012-05-03,GJR-GARCH,0.4935081703123531,9.664695006549463,,2012-03-30
XEC,XEC.W^E14,2012-05-04,EGARCH,0.4995162257067819,9.901446815251935,,2012-03-30
XEC,XEC.W^E14,2012-05-04,ESG-EGARCH,0.5014874685627053,9.97974925100914,all,2012-03-30
XEC,XEC.W^E14,2012-05-04,ESG-EGARCH(E),0.5009943077158742,9.960130808083653,E,2012-03-30
XEC,XEC.W^E14,2012-05-04,ESG-EGARCH(G),0.5008721930453595,9.955275943097933,G,2012-03-30
XEC,XEC.W^E14,2012-05-04,ESG-EGARCH(S),0.5008035734937227,9.95254838190804,S,2012-03-30
XEC,XEC.W^E14,2012-05-04,ESG-GARCH,0.5573802013984533,12.328281305991286,all,2012-03-30
XEC,XEC.W^E14,2012-05-04,ESG-GARCH(E),0.5573205190914418,12.32564130953786,E,2012-03-30
XEC,XEC.W^E14,2012-05-04,ESG-GARCH(G),0.554757287534367,12.21252571716224,G,2012-03-30
XEC,XEC.W^E14,2012-05-04,ESG-GARCH(S),0.5571145418077372,12.316532249747818,S,2012-03-30
XEC,XEC.W^E14,2012-05-04,ESG-GJR-GARCH,0.4935483167194397,9.666267497483824,all,2012-03-30
XEC,XEC.W^E14,2012-05-04,ESG-GJR-GARCH(E),0.4928869675867035,9.64037947685778,E,2012-03-30
XEC,XEC.W^E14,2012-05-04,ESG-GJR-GARCH(G),0.4952097502043436,9.731456218152717,G,2012-03-30
XEC,XEC.W^E14,2012-05-04,ESG-GJR-GARCH(S),0.4926398378560517,9.630714676303054,S,2012-03-30
XEC,XEC.W^E14,2012-05-04,GARCH,0.5517116402980572,12.078798969856068,,2012-03-30
XEC,XEC.W^E14,2012-05-04,GJR-GARCH,0.4935081703123531,9.664695006549463,,2012-03-30
XEC,XEC.W^E14,2012-05-07,EGARCH,0.4995162257067819,9.901446815251935,,2012-03-30
XEC,XEC.W^E14,2012-05-07,ESG-EGARCH,0.5014874685627053,9.97974925100914,all,2012-03-30
XEC,XEC.W^E14,2012-05-07,ESG-EGARCH(E),0.5009943077158742,9.960130808083653,E,2012-03-30
XEC,XEC.W^E14,2012-05-07,ESG-EGARCH(G),0.5008721930453595,9.955275943097933,G,2012-03-30
XEC,XEC.W^E14,2012-05-07,ESG-EGARCH(S),0.5008035734937227,9.95254838190804,S,2012-03-30
XEC,XEC.W^E14,2012-05-07,ESG-GARCH,0.5573802013984533,12.328281305991286,all,2012-03-30
XEC,XEC.W^E14,2012-05-07,ESG-GARCH(E),0.5573205190914418,12.32564130953786,E,2012-03-30
XEC,XEC.W^E14,2012-05-07,ESG-GARCH(G),0.554757287534367,12.21252571716224,G,2012-03-30
XEC,XEC.W^E14,2012-05-07,ESG-GARCH(S),0.5571145418077372,12.316532249747818,S,2012-03-30
XEC,XEC.W^E14,2012-05-07,ESG-GJR-GARCH,0.4935483167194397,9.666267497483824,all,2012-03-30
XEC,XEC.W^E14,2012-05-07,ESG-GJR-GARCH(E),0.4928869675867035,9.64037947685778,E,2012-03-30
XEC,XEC.W^E14,2012-05-07,ESG-GJR-GARCH(G),0.4952097502043436,9.731456218152717,G,2012-03-30
XEC,XEC.W^E14,2012-05-07,ESG-GJR-GARCH(S),0.4926398378560517,9.630714676303054,S,2012-03-30
XEC,XEC.W^E14,2012-05-07,GARCH,0.5517116402980572,12.078798969856068,,2012-03-30
XEC,XEC.W^E14,2012-05-07,GJR-GARCH,0.4935081703123531,9.664695006549463,,2012-03-30
XEC,XEC.W^E14,2012-05-08,EGARCH,0.4995162257067819,9.901446815251935,,2012-03-30
XEC,XEC.W^E14,2012-05-08,ESG-EGARCH,0.5014874685627053,9.97974925100914,all,2012-03-30
XEC,XEC.W^E14,2012-05-08,ESG-EGARCH(E),0.5009943077158742,9.960130808083653,E,2012-03-30
XEC,XEC.W^E14,2012-05-08,ESG-EGARCH(G),0.5008721930453595,9.955275943097933,G,2012-03-30
XEC,XEC.W^E14,2012-05-08,ESG-EGARCH(S),0.5008035734937227,9.95254838190804,S,2012-03-30
XEC,XEC.W^E14,2012-05-08,ESG-GARCH,0.5573802013984533,12.328281305991286,all,2012-03-30
XEC,XEC.W^E14,2012-05-08,ESG-GARCH(E),0.5573205190914418,12.32564130953786,E,2012-03-30
XEC,XEC.W^E14,2012-05-08,ESG-GARCH(G),0.554757287534367,12.21252571716224,G,2012-03-30
XEC,XEC.W^E14,2012-05-08,ESG-GARCH(S),0.5571145418077372,12.316532249747818,S,2012-03-30
XEC,XEC.W^E14,2012-05-08,ESG-GJR-GARCH,0.4935483167194397,9.666267497483824,all,2012-03-30
XEC,XEC.W^E14,2012-05-08,ESG-GJR-GARCH(E),0.4928869675867035,9.64037947685778,E,2012-03-30
XEC,XEC.W^E14,2012-05-08,ESG-GJR-GARCH(G),0.4952097502043436,9.731456218152717,G,2012-03-30
XEC,XEC.W^E14,2012-05-08,ESG-GJR-GARCH(S),0.4926398378560517,9.630714676303054,S,2012-03-30
XEC,XEC.W^E14,2012-05-08,GARCH,0.5517116402980572,12.078798969856068,,2012-03-30
XEC,XEC.W^E14,2012-05-08,GJR-GARCH,0.4935081703123531,9.664695006549463,,2012-03-30
XEC,XEC.W^E14,2012-05-09,EGARCH,0.4995162257067819,9.901446815251935,,2012-03-30
XEC,XEC.W^E14,2012-05-09,ESG-EGARCH,0.5014874685627053,9.97974925100914,all,2012-03-30
XEC,XEC.W^E14,2012-05-09,ESG-EGARCH(E),0.5009943077158742,9.960130808083653,E,2012-03-30
XEC,XEC.W^E14,2012-05-09,ESG-EGARCH(G),0.5008721930453595,9.955275943097933,G,2012-03-30
XEC,XEC.W^E14,2012-05-09,ESG-EGARCH(S),0.5008035734937227,9.95254838190804,S,2012-03-30
XEC,XEC.W^E14,2012-05-09,ESG-GARCH,0.5573802013984533,12.328281305991286,all,2012-03-30
XEC,XEC.W^E14,2012-05-09,ESG-GARCH(E),0.5573205190914418,12.32564130953786,E,2012-03-30
XEC,XEC.W^E14,2012-05-09,ESG-GARCH(G),0.554757287534367,12.21252571716224,G,2012-03-30
XEC,XEC.W^E14,2012-05-09,ESG-GARCH(S),0.5571145418077372,12.316532249747818,S,2012-03-30
XEC,XEC.W^E14,2012-05-09,ESG-GJR-GARCH,0.4935483167194397,9.666267497483824,all,2012-03-30
XEC,XEC.W^E14,2012-05-09,ESG-GJR-GARCH(E),0.4928869675867035,9.64037947685778,E,2012-03-30
XEC,XEC.W^E14,2012-05-09,ESG-GJR-GARCH(G),0.4952097502043436,9.731456218152717,G,2012-03-30
XEC,XEC.W^E14,2012-05-09,ESG-GJR-GARCH(S),0.4926398378560517,9.630714676303054,S,2012-03-30
XEC,XEC.W^E14,2012-05-09,GARCH,0.5517116402980572,12.078798969856068,,2012-03-30
XEC,XEC.W^E14,2012-05-09,GJR-GARCH,0.4935081703123531,9.664695006549463,,2012-03-30
XEC,XEC.W^E14,2012-05-10,EGARCH,0.453567477543585,8.163629233541688,,2012-05-10
XEC,XEC.W^E14,2012-05-10,ESG-EGARCH,0.4620526563223673,8.47193084184745,all,2012-05-10
XEC,XEC.W^E14,2012-05-10,ESG-EGARCH(E),0.4615616112501347,8.453933372215099,E,2012-05-10
XEC,XEC.W^E14,2012-05-10,ESG-EGARCH(G),0.4623263483748669,8.481970333398365,G,2012-05-10
XEC,XEC.W^E14,2012-05-10,ESG-EGARCH(S),0.4614682600103776,8.45051408718276,S,2012-05-10
XEC,XEC.W^E14,2012-05-10,ESG-GARCH,0.4689589075390605,8.727081625405917,all,2012-05-10
XEC,XEC.W^E14,2012-05-10,ESG-GARCH(E),0.4683459847306042,8.704284183066639,E,2012-05-10
XEC,XEC.W^E14,2012-05-10,ESG-GARCH(G),0.4682572409524607,8.700985861286147,G,2012-05-10
XEC,XEC.W^E14,2012-05-10,ESG-GARCH(S),0.4682516186124332,8.700776917982685,S,2012-05-10
XEC,XEC.W^E14,2012-05-10,ESG-GJR-GARCH,0.4408847005776508,7.713465047755748,all,2012-05-10
XEC,XEC.W^E14,2012-05-10,ESG-GJR-GARCH(E),0.4402108748407299,7.689905330477808,E,2012-05-10
XEC,XEC.W^E14,2012-05-10,ESG-GJR-GARCH(G),0.4429512454555751,7.785944676612903,G,2012-05-10
XEC,XEC.W^E14,2012-05-10,ESG-GJR-GARCH(S),0.4400888555629516,7.685642888520177,S,2012-05-10
XEC,XEC.W^E14,2012-05-10,GARCH,0.4647522831339878,8.571217645962475,,2012-05-10
XEC,XEC.W^E14,2012-05-10,GJR-GARCH,0.4366762659419743,7.566911160199439,,2012-05-10
XEC,XEC.W^E14,2012-05-11,EGARCH,0.453567477543585,8.163629233541688,,2012-05-10
XEC,XEC.W^E14,2012-05-11,ESG-EGARCH,0.4620526563223673,8.47193084184745,all,2012-05-10
XEC,XEC.W^E14,2012-05-11,ESG-EGARCH(E),0.4615616112501347,8.453933372215099,E,2012-05-10
XEC,XEC.W^E14,2012-05-11,ESG-EGARCH(G),0.4623263483748669,8.481970333398365,G,2012-05-10
XEC,XEC.W^E14,2012-05-11,ESG-EGARCH(S),0.4614682600103776,8.45051408718276,S,2012-05-10
XEC,XEC.W^E14,2012-05-11,ESG-GARCH,0.4689589075390605,8.727081625405917,all,2012-05-10
XEC,XEC.W^E14,2012-05-11,ESG-GARCH(E),0.4683459847306042,8.704284183066639,E,2012-05-10
XEC,XEC.W^E14,2012-05-11,ESG-GARCH(G),0.4682572409524607,8.700985861286147,G,2012-05-10
XEC,XEC.W^E14,2012-05-11,ESG-GARCH(S),0.4682516186124332,8.700776917982685,S,2012-05-10
XEC,XEC.W^E14,2012-05-11,ESG-GJR-GARCH,0.4408847005776508,7.713465047755748,all,2012-05-10
XEC,XEC.W^E14,2012-05-11,ESG-GJR-GARCH(E),0.4402108748407299,7.689905330477808,E,2012-05-10
XEC,XEC.W^E14,2012-05-11,ESG-GJR-GARCH(G),0.4429512454555751,7.785944676612903,G,2012-05-10
XEC,XEC.W^E14,2012-05-11,ESG-GJR-GARCH(S),0.4400888555629516,7.685642888520177,S,2012-05-10
XEC,XEC.W^E14,2012-05-11,GARCH,0.4647522831339878,8.571217645962475,,2012-05-10
XEC,XEC.W^E14,2012-05-11,GJR-GARCH,0.4366762659419743,7.566911160199439,,2012-05-10
XEC,XEC.W^E14,2012-05-14,EGARCH,0.453567477543585,8.163629233541688,,2012-05-10
XEC,XEC.W^E14,2012-05-14,ESG-EGARCH,0.4620526563223673,8.47193084184745,all,2012-05-10
XEC,XEC.W^E14,2012-05-14,ESG-EGARCH(E),0.4615616112501347,8.453933372215099,E,2012-05-10
XEC,XEC.W^E14,2012-05-14,ESG-EGARCH(G),0.4623263483748669,8.481970333398365,G,2012-05-10
XEC,XEC.W^E14,2012-05-14,ESG-EGARCH(S),0.4614682600103776,8.45051408718276,S,2012-05-10
XEC,XEC.W^E14,2012-05-14,ESG-GARCH,0.4689589075390605,8.727081625405917,all,2012-05-10
XEC,XEC.W^E14,2012-05-14,ESG-GARCH(E),0.4683459847306042,8.704284183066639,E,2012-05-10
XEC,XEC.W^E14,2012-05-14,ESG-GARCH(G),0.4682572409524607,8.700985861286147,G,2012-05-10
XEC,XEC.W^E14,2012-05-14,ESG-GARCH(S),0.4682516186124332,8.700776917982685,S,2012-05-10
XEC,XEC.W^E14,2012-05-14,ESG-GJR-GARCH,0.4408847005776508,7.713465047755748,all,2012-05-10
XEC,XEC.W^E14,2012-05-14,ESG-GJR-GARCH(E),0.4402108748407299,7.689905330477808,E,2012-05-10
XEC,XEC.W^E14,2012-05-14,ESG-GJR-GARCH(G),0.4429512454555751,7.785944676612903,G,2012-05-10
XEC,XEC.W^E14,2012-05-14,ESG-GJR-GARCH(S),0.4400888555629516,7.685642888520177,S,2012-05-10
XEC,XEC.W^E14,2012-05-14,GARCH,0.4647522831339878,8.571217645962475,,2012-05-10
XEC,XEC.W^E14,2012-05-14,GJR-GARCH,0.4366762659419743,7.566911160199439,,2012-05-10
XEC,XEC.W^E14,2012-05-15,EGARCH,0.453567477543585,8.163629233541688,,2012-05-10
XEC,XEC.W^E14,2012-05-15,ESG-EGARCH,0.4620526563223673,8.47193084184745,all,2012-05-10
XEC,XEC.W^E14,2012-05-15,ESG-EGARCH(E),0.4615616112501347,8.453933372215099,E,2012-05-10
XEC,XEC.W^E14,2012-05-15,ESG-EGARCH(G),0.4623263483748669,8.481970333398365,G,2012-05-10
XEC,XEC.W^E14,2012-05-15,ESG-EGARCH(S),0.4614682600103776,8.45051408718276,S,2012-05-10
XEC,XEC.W^E14,2012-05-15,ESG-GARCH,0.4689589075390605,8.727081625405917,all,2012-05-10
XEC,XEC.W^E14,2012-05-15,ESG-GARCH(E),0.4683459847306042,8.704284183066639,E,2012-05-10
XEC,XEC.W^E14,2012-05-15,ESG-GARCH(G),0.4682572409524607,8.700985861286147,G,2012-05-10
XEC,XEC.W^E14,2012-05-15,ESG-GARCH(S),0.4682516186124332,8.700776917982685,S,2012-05-10
XEC,XEC.W^E14,2012-05-15,ESG-GJR-GARCH,0.4408847005776508,7.713465047755748,all,2012-05-10
XEC,XEC.W^E14,2012-05-15,ESG-GJR-GARCH(E),0.4402108748407299,7.689905330477808,E,2012-05-10
XEC,XEC.W^E14,2012-05-15,ESG-GJR-GARCH(G),0.4429512454555751,7.785944676612903,G,2012-05-10
XEC,XEC.W^E14,2012-05-15,ESG-GJR-GARCH(S),0.4400888555629516,7.685642888520177,S,2012-05-10
XEC,XEC.W^E14,2012-05-15,GARCH,0.4647522831339878,8.571217645962475,,2012-05-10
XEC,XEC.W^E14,2012-05-15,GJR-GARCH,0.4366762659419743,7.566911160199439,,2012-05-10
XEC,XEC.W^E14,2012-05-16,EGARCH,0.453567477543585,8.163629233541688,,2012-05-10
XEC,XEC.W^E14,2012-05-16,ESG-EGARCH,0.4620526563223673,8.47193084184745,all,2012-05-10
XEC,XEC.W^E14,2012-05-16,ESG-EGARCH(E),0.4615616112501347,8.453933372215099,E,2012-05-10
XEC,XEC.W^E14,2012-05-16,ESG-EGARCH(G),0.4623263483748669,8.481970333398365,G,2012-05-10
XEC,XEC.W^E14,2012-05-16,ESG-EGARCH(S),0.4614682600103776,8.45051408718276,S,2012-05-10
XEC,XEC.W^E14,2012-05-16,ESG-GARCH,0.4689589075390605,8.727081625405917,all,2012-05-10
XEC,XEC.W^E14,2012-05-16,ESG-GARCH(E),0.4683459847306042,8.704284183066639,E,2012-05-10
XEC,XEC.W^E14,2012-05-16,ESG-GARCH(G),0.4682572409524607,8.700985861286147,G,2012-05-10
XEC,XEC.W^E14,2012-05-16,ESG-GARCH(S),0.4682516186124332,8.700776917982685,S,2012-05-10
XEC,XEC.W^E14,2012-05-16,ESG-GJR-GARCH,0.4408847005776508,7.713465047755748,all,2012-05-10
XEC,XEC.W^E14,2012-05-16,ESG-GJR-GARCH(E),0.4402108748407299,7.689905330477808,E,2012-05-10
XEC,XEC.W^E14,2012-05-16,ESG-GJR-GARCH(G),0.4429512454555751,7.785944676612903,G,2012-05-10
XEC,XEC.W^E14,2012-05-16,ESG-GJR-GARCH(S),0.4400888555629516,7.685642888520177,S,2012-05-10
XEC,XEC.W^E14,2012-05-16,GARCH,0.4647522831339878,8.571217645962475,,2012-05-10
XEC,XEC.W^E14,2012-05-16,GJR-GARCH,0.4366762659419743,7.566911160199439,,2012-05-10
XEC,XEC.W^E14,2012-05-17,EGARCH,0.453567477543585,8.163629233541688,,2012-05-10
XEC,XEC.W^E14,2012-05-17,ESG-EGARCH,0.4620526563223673,8.47193084184745,all,2012-05-10
XEC,XEC.W^E14,2012-05-17,ESG-EGARCH(E),0.4615616112501347,8.453933372215099,E,2012-05-10
XEC,XEC.W^E14,2012-05-17,ESG-EGARCH(G),0.4623263483748669,8.481970333398365,G,2012-05-10
XEC,XEC.W^E14,2012-05-17,ESG-EGARCH(S),0.4614682600103776,8.45051408718276,S,2012-05-10
XEC,XEC.W^E14,2012-05-17,ESG-GARCH,0.4689589075390605,8.727081625405917,all,2012-05-10
XEC,XEC.W^E14,2012-05-17,ESG-GARCH(E),0.4683459847306042,8.704284183066639,E,2012-05-10
XEC,XEC.W^E14,2012-05-17,ESG-GARCH(G),0.4682572409524607,8.700985861286147,G,2012-05-10
XEC,XEC.W^E14,2012-05-17,ESG-GARCH(S),0.4682516186124332,8.700776917982685,S,2012-05-10
XEC,XEC.W^E14,2012-05-17,ESG-GJR-GARCH,0.4408847005776508,7.713465047755748,all,2012-05-10
XEC,XEC.W^E14,2012-05-17,ESG-GJR-GARCH(E),0.4402108748407299,7.689905330477808,E,2012-05-10
XEC,XEC.W^E14,2012-05-17,ESG-GJR-GARCH(G),0.4429512454555751,7.785944676612903,G,2012-05-10
XEC,XEC.W^E14,2012-05-17,ESG-GJR-GARCH(S),0.4400888555629516,7.685642888520177,S,2012-05-10
XEC,XEC.W^E14,2012-05-17,GARCH,0.4647522831339878,8.571217645962475,,2012-05-10
XEC,XEC.W^E14,2012-05-17,GJR-GARCH,0.4366762659419743,7.566911160199439,,2012-05-10
XEC,XEC.W^E14,2012-05-18,EGARCH,0.453567477543585,8.163629233541688,,2012-05-10
XEC,XEC.W^E14,2012-05-18,ESG-EGARCH,0.4620526563223673,8.47193084184745,all,2012-05-10
XEC,XEC.W^E14,2012-05-18,ESG-EGARCH(E),0.4615616112501347,8.453933372215099,E,2012-05-10
XEC,XEC.W^E14,2012-05-18,ESG-EGARCH(G),0.4623263483748669,8.481970333398365,G,2012-05-10
XEC,XEC.W^E14,2012-05-18,ESG-EGARCH(S),0.4614682600103776,8.45051408718276,S,2012-05-10
XEC,XEC.W^E14,2012-05-18,ESG-GARCH,0.4689589075390605,8.727081625405917,all,2012-05-10
XEC,XEC.W^E14,2012-05-18,ESG-GARCH(E),0.4683459847306042,8.704284183066639,E,2012-05-10
XEC,XEC.W^E14,2012-05-18,ESG-GARCH(G),0.4682572409524607,8.700985861286147,G,2012-05-10
XEC,XEC.W^E14,2012-05-18,ESG-GARCH(S),0.4682516186124332,8.700776917982685,S,2012-05-10
XEC,XEC.W^E14,2012-05-18,ESG-GJR-GARCH,0.4408847005776508,7.713465047755748,all,2012-05-10
XEC,XEC.W^E14,2012-05-18,ESG-GJR-GARCH(E),0.4402108748407299,7.689905330477808,E,2012-05-10
XEC,XEC.W^E14,2012-05-18,ESG-GJR-GARCH(G),0.4429512454555751,7.785944676612903,G,2012-05-10
XEC,XEC.W^E14,2012-05-18,ESG-GJR-GARCH(S),0.4400888555629516,7.685642888520177,S,2012-05-10
XEC,XEC.W^E14,2012-05-18,GARCH,0.4647522831339878,8.571217645962475,,2012-05-10
XEC,XEC.W^E14,2012-05-18,GJR-GARCH,0.4366762659419743,7.566911160199439,,2012-05-10
XEC,XEC.W^E14,2012-05-21,EGARCH,0.453567477543585,8.163629233541688,,2012-05-10
XEC,XEC.W^E14,2012-05-21,ESG-EGARCH,0.4620526563223673,8.47193084184745,all,2012-05-10
XEC,XEC.W^E14,2012-05-21,ESG-EGARCH(E),0.4615616112501347,8.453933372215099,E,2012-05-10
XEC,XEC.W^E14,2012-05-21,ESG-EGARCH(G),0.4623263483748669,8.481970333398365,G,2012-05-10
XEC,XEC.W^E14,2012-05-21,ESG-EGARCH(S),0.4614682600103776,8.45051408718276,S,2012-05-10
XEC,XEC.W^E14,2012-05-21,ESG-GARCH,0.4689589075390605,8.727081625405917,all,2012-05-10
XEC,XEC.W^E14,2012-05-21,ESG-GARCH(E),0.4683459847306042,8.704284183066639,E,2012-05-10
XEC,XEC.W^E14,2012-05-21,ESG-GARCH(G),0.4682572409524607,8.700985861286147,G,2012-05-10
XEC,XEC.W^E14,2012-05-21,ESG-GARCH(S),0.4682516186124332,8.700776917982685,S,2012-05-10
XEC,XEC.W^E14,2012-05-21,ESG-GJR-GARCH,0.4408847005776508,7.713465047755748,all,2012-05-10
XEC,XEC.W^E14,2012-05-21,ESG-GJR-GARCH(E),0.4402108748407299,7.689905330477808,E,2012-05-10
XEC,XEC.W^E14,2012-05-21,ESG-GJR-GARCH(G),0.4429512454555751,7.785944676612903,G,2012-05-10
XEC,XEC.W^E14,2012-05-21,ESG-GJR-GARCH(S),0.4400888555629516,7.685642888520177,S,2012-05-10
XEC,XEC.W^E14,2012-05-21,GARCH,0.4647522831339878,8.571217645962475,,2012-05-10
XEC,XEC.W^E14,2012-05-21,GJR-GARCH,0.4366762659419743,7.566911160199439,,2012-05-10
XEC,XEC.W^E14,2012-05-22,EGARCH,0.453567477543585,8.163629233541688,,2012-05-10
XEC,XEC.W^E14,2012-05-22,ESG-EGARCH,0.4620526563223673,8.47193084184745,all,2012-05-10
XEC,XEC.W^E14,2012-05-22,ESG-EGARCH(E),0.4615616112501347,8.453933372215099,E,2012-05-10
XEC,XEC.W^E14,2012-05-22,ESG-EGARCH(G),0.4623263483748669,8.481970333398365,G,2012-05-10
XEC,XEC.W^E14,2012-05-22,ESG-EGARCH(S),0.4614682600103776,8.45051408718276,S,2012-05-10
XEC,XEC.W^E14,2012-05-22,ESG-GARCH,0.4689589075390605,8.727081625405917,all,2012-05-10
XEC,XEC.W^E14,2012-05-22,ESG-GARCH(E),0.4683459847306042,8.704284183066639,E,2012-05-10
XEC,XEC.W^E14,2012-05-22,ESG-GARCH(G),0.4682572409524607,8.700985861286147,G,2012-05-10
XEC,XEC.W^E14,2012-05-22,ESG-GARCH(S),0.4682516186124332,8.700776917982685,S,2012-05-10
XEC,XEC.W^E14,2012-05-22,ESG-GJR-GARCH,0.4408847005776508,7.713465047755748,all,2012-05-10
XEC,XEC.W^E14,2012-05-22,ESG-GJR-GARCH(E),0.4402108748407299,7.689905330477808,E,2012-05-10
XEC,XEC.W^E14,2012-05-22,ESG-GJR-GARCH(G),0.4429512454555751,7.785944676612903,G,2012-05-10
XEC,XEC.W^E14,2012-05-22,ESG-GJR-GARCH(S),0.4400888555629516,7.685642888520177,S,2012-05-10
XEC,XEC.W^E14,2012-05-22,GARCH,0.4647522831339878,8.571217645962475,,2012-05-10
XEC,XEC.W^E14,2012-05-22,GJR-GARCH,0.4366762659419743,7.566911160199439,,2012-05-10
XEC,XEC.W^E14,2012-05-23,EGARCH,0.453567477543585,8.163629233541688,,2012-05-10
XEC,XEC.W^E14,2012-05-23,ESG-EGARCH,0.4620526563223673,8.47193084184745,all,2012-05-10
XEC,XEC.W^E14,2012-05-23,ESG-EGARCH(E),0.4615616112501347,8.453933372215099,E,2012-05-10
XEC,XEC.W^E14,2012-05-23,ESG-EGARCH(G),0.4623263483748669,8.481970333398365,G,2012-05-10
XEC,XEC.W^E14,2012-05-23,ESG-EGARCH(S),0.4614682600103776,8.45051408718276,S,2012-05-10
XEC,XEC.W^E14,2012-05-23,ESG-GARCH,0.4689589075390605,8.727081625405917,all,2012-05-10
XEC,XEC.W^E14,2012-05-23,ESG-GARCH(E),0.4683459847306042,8.704284183066639,E,2012-05-10
XEC,XEC.W^E14,2012-05-23,ESG-GARCH(G),0.4682572409524607,8.700985861286147,G,2012-05-10
XEC,XEC.W^E14,2012-05-23,ESG-GARCH(S),0.4682516186124332,8.700776917982685,S,2012-05-10
XEC,XEC.W^E14,2012-05-23,ESG-GJR-GARCH,0.4408847005776508,7.713465047755748,all,2012-05-10
XEC,XEC.W^E14,2012-05-23,ESG-GJR-GARCH(E),0.4402108748407299,7.689905330477808,E,2012-05-10
XEC,XEC.W^E14,2012-05-23,ESG-GJR-GARCH(G),0.4429512454555751,7.785944676612903,G,2012-05-10
XEC,XEC.W^E14,2012-05-23,ESG-GJR-GARCH(S),0.4400888555629516,7.685642888520177,S,2012-05-10
XEC,XEC.W^E14,2012-05-23,GARCH,0.4647522831339878,8.571217645962475,,2012-05-10
XEC,XEC.W^E14,2012-05-23,GJR-GARCH,0.4366762659419743,7.566911160199439,,2012-05-10
XEC,XEC.W^E14,2012-05-24,EGARCH,0.453567477543585,8.163629233541688,,2012-05-10
XEC,XEC.W^E14,2012-05-24,ESG-EGARCH,0.4620526563223673,8.47193084184745,all,2012-05-10
XEC,XEC.W^E14,2012-05-24,ESG-EGARCH(E),0.4615616112501347,8.453933372215099,E,2012-05-10
XEC,XEC.W^E14,2012-05-24,ESG-EGARCH(G),0.4623263483748669,8.481970333398365,G,2012-05-10
XEC,XEC.W^E14,2012-05-24,ESG-EGARCH(S),0.4614682600103776,8.45051408718276,S,2012-05-10
XEC,XEC.W^E14,2012-05-24,ESG-GARCH,0.4689589075390605,8.727081625405917,all,2012-05-10
XEC,XEC.W^E14,2012-05-24,ESG-GARCH(E),0.4683459847306042,8.704284183066639,E,2012-05-10
XEC,XEC.W^E14,2012-05-24,ESG-GARCH(G),0.4682572409524607,8.700985861286147,G,2012-05-10
XEC,XEC.W^E14,2012-05-24,ESG-GARCH(S),0.4682516186124332,8.700776917982685,S,2012-05-10
XEC,XEC.W^E14,2012-05-24,ESG-GJR-GARCH,0.4408847005776508,7.713465047755748,all,2012-05-10
XEC,XEC.W^E14,2012-05-24,ESG-GJR-GARCH(E),0.4402108748407299,7.689905330477808,E,2012-05-10
XEC,XEC.W^E14,2012-05-24,ESG-GJR-GARCH(G),0.4429512454555751,7.785944676612903,G,2012-05-10
XEC,XEC.W^E14,2012-05-24,ESG-GJR-GARCH(S),0.4400888555629516,7.685642888520177,S,2012-05-10
XEC,XEC.W^E14,2012-05-24,GARCH,0.4647522831339878,8.571217645962475,,2012-05-10
XEC,XEC.W^E14,2012-05-24,GJR-GARCH,0.4366762659419743,7.566911160199439,,2012-05-10
XEC,XEC.W^E14,2012-05-25,EGARCH,0.453567477543585,8.163629233541688,,2012-05-10
XEC,XEC.W^E14,2012-05-25,ESG-EGARCH,0.4620526563223673,8.47193084184745,all,2012-05-10
XEC,XEC.W^E14,2012-05-25,ESG-EGARCH(E),0.4615616112501347,8.453933372215099,E,2012-05-10
XEC,XEC.W^E14,2012-05-25,ESG-EGARCH(G),0.4623263483748669,8.481970333398365,G,2012-05-10
XEC,XEC.W^E14,2012-05-25,ESG-EGARCH(S),0.4614682600103776,8.45051408718276,S,2012-05-10
XEC,XEC.W^E14,2012-05-25,ESG-GARCH,0.4689589075390605,8.727081625405917,all,2012-05-10
XEC,XEC.W^E14,2012-05-25,ESG-GARCH(E),0.4683459847306042,8.704284183066639,E,2012-05-10
XEC,XEC.W^E14,2012-05-25,ESG-GARCH(G),0.4682572409524607,8.700985861286147,G,2012-05-10
XEC,XEC.W^E14,2012-05-25,ESG-GARCH(S),0.4682516186124332,8.700776917982685,S,2012-05-10
XEC,XEC.W^E14,2012-05-25,ESG-GJR-GARCH,0.4408847005776508,7.713465047755748,all,2012-05-10
XEC,XEC.W^E14,2012-05-25,ESG-GJR-GARCH(E),0.4402108748407299,7.689905330477808,E,2012-05-10
XEC,XEC.W^E14,2012-05-25,ESG-GJR-GARCH(G),0.4429512454555751,7.785944676612903,G,2012-05-10
XEC,XEC.W^E14,2012-05-25,ESG-GJR-GARCH(S),0.4400888555629516,7.685642888520177,S,2012-05-10
XEC,XEC.W^E14,2012-05-25,GARCH,0.4647522831339878,8.571217645962475,,2012-05-10
XEC,XEC.W^E14,2012-05-25,GJR-GARCH,0.4366762659419743,7.566911160199439,,2012-05-10
XEC,XEC.W^E14,2012-05-29,EGARCH,0.453567477543585,8.163629233541688,,2012-05-10
XEC,XEC.W^E14,2012-05-29,ESG-EGARCH,0.4620526563223673,8.47193084184745,all,2012-05-10
XEC,XEC.W^E14,2012-05-29,ESG-EGARCH(E),0.4615616112501347,8.453933372215099,E,2012-05-10
XEC,XEC.W^E14,2012-05-29,ESG-EGARCH(G),0.4623263483748669,8.481970333398365,G,2012-05-10
XEC,XEC.W^E14,2012-05-29,ESG-EGARCH(S),0.4614682600103776,8.45051408718276,S,2012-05-10
XEC,XEC.W^E14,2012-05-29,ESG-GARCH,0.4689589075390605,8.727081625405917,all,2012-05-10
XEC,XEC.W^E14,2012-05-29,ESG-GARCH(E),0.4683459847306042,8.704284183066639,E,2012-05-10
XEC,XEC.W^E14,2012-05-29,ESG-GARCH(G),0.4682572409524607,8.700985861286147,G,2012-05-10
XEC,XEC.W^E14,2012-05-29,ESG-GARCH(S),0.4682516186124332,8.700776917982685,S,2012-05-10
XEC,XEC.W^E14,2012-05-29,ESG-GJR-GARCH,0.4408847005776508,7.713465047755748,all,2012-05-10
XEC,XEC.W^E14,2012-05-29,ESG-GJR-GARCH(E),0.4402108748407299,7.689905330477808,E,2012-05-10
XEC,XEC.W^E14,2012-05-29,ESG-GJR-GARCH(G),0.4429512454555751,7.785944676612903,G,2012-05-10
XEC,XEC.W^E14,2012-05-29,ESG-GJR-GARCH(S),0.4400888555629516,7.685642888520177,S,2012-05-10
XEC,XEC.W^E14,2012-05-29,GARCH,0.4647522831339878,8.571217645962475,,2012-05-10
XEC,XEC.W^E14,2012-05-29,GJR-GARCH,0.4366762659419743,7.566911160199439,,2012-05-10
XEC,XEC.W^E14,2012-05-30,EGARCH,0.453567477543585,8.163629233541688,,2012-05-10
XEC,XEC.W^E14,2012-05-30,ESG-EGARCH,0.4620526563223673,8.47193084184745,all,2012-05-10
XEC,XEC.W^E14,2012-05-30,ESG-EGARCH(E),0.4615616112501347,8.453933372215099,E,2012-05-10
XEC,XEC.W^E14,2012-05-30,ESG-EGARCH(G),0.4623263483748669,8.481970333398365,G,2012-05-10
XEC,XEC.W^E14,2012-05-30,ESG-EGARCH(S),0.4614682600103776,8.45051408718276,S,2012-05-10
XEC,XEC.W^E14,2012-05-30,ESG-GARCH,0.4689589075390605,8.727081625405917,all,2012-05-10
XEC,XEC.W^E14,2012-05-30,ESG-GARCH(E),0.4683459847306042,8.704284183066639,E,2012-05-10
XEC,XEC.W^E14,2012-05-30,ESG-GARCH(G),0.4682572409524607,8.700985861286147,G,2012-05-10
XEC,XEC.W^E14,2012-05-30,ESG-GARCH(S),0.4682516186124332,8.700776917982685,S,2012-05-10
XEC,XEC.W^E14,2012-05-30,ESG-GJR-GARCH,0.4408847005776508,7.713465047755748,all,2012-05-10
XEC,XEC.W^E14,2012-05-30,ESG-GJR-GARCH(E),0.4402108748407299,7.689905330477808,E,2012-05-10
XEC,XEC.W^E14,2012-05-30,ESG-GJR-GARCH(G),0.4429512454555751,7.785944676612903,G,2012-05-10
XEC,XEC.W^E14,2012-05-30,ESG-GJR-GARCH(S),0.4400888555629516,7.685642888520177,S,2012-05-10
XEC,XEC.W^E14,2012-05-30,GARCH,0.4647522831339878,8.571217645962475,,2012-05-10
XEC,XEC.W^E14,2012-05-30,GJR-GARCH,0.4366762659419743,7.566911160199439,,2012-05-10
XEC,XEC.W^E14,2012-05-31,EGARCH,0.453567477543585,8.163629233541688,,2012-05-10
XEC,XEC.W^E14,2012-05-31,ESG-EGARCH,0.4620526563223673,8.47193084184745,all,2012-05-10
XEC,XEC.W^E14,2012-05-31,ESG-EGARCH(E),0.4615616112501347,8.453933372215099,E,2012-05-10
XEC,XEC.W^E14,2012-05-31,ESG-EGARCH(G),0.4623263483748669,8.481970333398365,G,2012-05-10
XEC,XEC.W^E14,2012-05-31,ESG-EGARCH(S),0.4614682600103776,8.45051408718276,S,2012-05-10
XEC,XEC.W^E14,2012-05-31,ESG-GARCH,0.4689589075390605,8.727081625405917,all,2012-05-10
XEC,XEC.W^E14,2012-05-31,ESG-GARCH(E),0.4683459847306042,8.704284183066639,E,2012-05-10
XEC,XEC.W^E14,2012-05-31,ESG-GARCH(G),0.4682572409524607,8.700985861286147,G,2012-05-10
XEC,XEC.W^E14,2012-05-31,ESG-GARCH(S),0.4682516186124332,8.700776917982685,S,2012-05-10
XEC,XEC.W^E14,2012-05-31,ESG-GJR-GARCH,0.4408847005776508,7.713465047755748,all,2012-05-10
XEC,XEC.W^E14,2012-05-31,ESG-GJR-GARCH(E),0.4402108748407299,7.689905330477808,E,2012-05-10
XEC,XEC.W^E14,2012-05-31,ESG-GJR-GARCH(G),0.4429512454555751,7.785944676612903,G,2012-05-10
XEC,XEC.W^E14,2012-05-31,ESG-GJR-GARCH(S),0.4400888555629516,7.685642888520177,S,2012-05-10
XEC,XEC.W^E14,2012-05-31,GARCH,0.4647522831339878,8.571217645962475,,2012-05-10
XEC,XEC.W^E14,2012-05-31,GJR-GARCH,0.4366762659419743,7.566911160199439,,2012-05-10
XEC,XEC.W^E14,2012-06-01,EGARCH,0.453567477543585,8.163629233541688,,2012-05-10
XEC,XEC.W^E14,2012-06-01,ESG-EGARCH,0.4620526563223673,8.47193084184745,all,2012-05-10
XEC,XEC.W^E14,2012-06-01,ESG-EGARCH(E),0.4615616112501347,8.453933372215099,E,2012-05-10
XEC,XEC.W^E14,2012-06-01,ESG-EGARCH(G),0.4623263483748669,8.481970333398365,G,2012-05-10
XEC,XEC.W^E14,2012-06-01,ESG-EGARCH(S),0.4614682600103776,8.45051408718276,S,2012-05-10
XEC,XEC.W^E14,2012-06-01,ESG-GARCH,0.4689589075390605,8.727081625405917,all,2012-05-10
XEC,XEC.W^E14,2012-06-01,ESG-GARCH(E),0.4683459847306042,8.704284183066639,E,2012-05-10
XEC,XEC.W^E14,2012-06-01,ESG-GARCH(G),0.4682572409524607,8.700985861286147,G,2012-05-10
XEC,XEC.W^E14,2012-06-01,ESG-GARCH(S),0.4682516186124332,8.700776917982685,S,2012-05-10
XEC,XEC.W^E14,2012-06-01,ESG-GJR-GARCH,0.4408847005776508,7.713465047755748,all,2012-05-10
XEC,XEC.W^E14,2012-06-01,ESG-GJR-GARCH(E),0.4402108748407299,7.689905330477808,E,2012-05-10
XEC,XEC.W^E14,2012-06-01,ESG-GJR-GARCH(G),0.4429512454555751,7.785944676612903,G,2012-05-10
XEC,XEC.W^E14,2012-06-01,ESG-GJR-GARCH(S),0.4400888555629516,7.685642888520177,S,2012-05-10
XEC,XEC.W^E14,2012-06-01,GARCH,0.4647522831339878,8.571217645962475,,2012-05-10
XEC,XEC.W^E14,2012-06-01,GJR-GARCH,0.4366762659419743,7.566911160199439,,2012-05-10
XEC,XEC.W^E14,2012-06-04,EGARCH,0.453567477543585,8.163629233541688,,2012-05-10
XEC,XEC.W^E14,2012-06-04,ESG-EGARCH,0.4620526563223673,8.47193084184745,all,2012-05-10
XEC,XEC.W^E14,2012-06-04,ESG-EGARCH(E),0.4615616112501347,8.453933372215099,E,2012-05-10
XEC,XEC.W^E14,2012-06-04,ESG-EGARCH(G),0.4623263483748669,8.481970333398365,G,2012-05-10
XEC,XEC.W^E14,2012-06-04,ESG-EGARCH(S),0.4614682600103776,8.45051408718276,S,2012-05-10
XEC,XEC.W^E14,2012-06-04,ESG-GARCH,0.4689589075390605,8.727081625405917,all,2012-05-10
XEC,XEC.W^E14,2012-06-04,ESG-GARCH(E),0.4683459847306042,8.704284183066639,E,2012-05-10
XEC,XEC.W^E14,2012-06-04,ESG-GARCH(G),0.4682572409524607,8.700985861286147,G,2012-05-10
XEC,XEC.W^E14,2012-06-04,ESG-GARCH(S),0.4682516186124332,8.700776917982685,S,2012-05-10
XEC,XEC.W^E14,2012-06-04,ESG-GJR-GARCH,0.4408847005776508,7.713465047755748,all,2012-05-10
XEC,XEC.W^E14,2012-06-04,ESG-GJR-GARCH(E),0.4402108748407299,7.689905330477808,E,2012-05-10
XEC,XEC.W^E14,2012-06-04,ESG-GJR-GARCH(G),0.4429512454555751,7.785944676612903,G,2012-05-10
XEC,XEC.W^E14,2012-06-04,ESG-GJR-GARCH(S),0.4400888555629516,7.685642888520177,S,2012-05-10
XEC,XEC.W^E14,2012-06-04,GARCH,0.4647522831339878,8.571217645962475,,2012-05-10
XEC,XEC.W^E14,2012-06-04,GJR-GARCH,0.4366762659419743,7.566911160199439,,2012-05-10
XEC,XEC.W^E14,2012-06-05,EGARCH,0.453567477543585,8.163629233541688,,2012-05-10
XEC,XEC.W^E14,2012-06-05,ESG-EGARCH,0.4620526563223673,8.47193084184745,all,2012-05-10
XEC,XEC.W^E14,2012-06-05,ESG-EGARCH(E),0.4615616112501347,8.453933372215099,E,2012-05-10
XEC,XEC.W^E14,2012-06-05,ESG-EGARCH(G),0.4623263483748669,8.481970333398365,G,2012-05-10
XEC,XEC.W^E14,2012-06-05,ESG-EGARCH(S),0.4614682600103776,8.45051408718276,S,2012-05-10
XEC,XEC.W^E14,2012-06-05,ESG-GARCH,0.4689589075390605,8.727081625405917,all,2012-05-10
XEC,XEC.W^E14,2012-06-05,ESG-GARCH(E),0.4683459847306042,8.704284183066639,E,2012-05-10
XEC,XEC.W^E14,2012-06-05,ESG-GARCH(G),0.4682572409524607,8.700985861286147,G,2012-05-10
XEC,XEC.W^E14,2012-06-05,ESG-GARCH(S),0.4682516186124332,8.700776917982685,S,2012-05-10
XEC,XEC.W^E14,2012-06-05,ESG-GJR-GARCH,0.4408847005776508,7.713465047755748,all,2012-05-10
XEC,XEC.W^E14,2012-06-05,ESG-GJR-GARCH(E),0.4402108748407299,7.689905330477808,E,2012-05-10
XEC,XEC.W^E14,2012-06-05,ESG-GJR-GARCH(G),0.4429512454555751,7.785944676612903,G,2012-05-10
XEC,XEC.W^E14,2012-06-05,ESG-GJR-GARCH(S),0.4400888555629516,7.685642888520177,S,2012-05-10
XEC,XEC.W^E14,2012-06-05,GARCH,0.4647522831339878,8.571217645962475,,2012-05-10
XEC,XEC.W^E14,2012-06-05,GJR-GARCH,0.4366762659419743,7.566911160199439,,2012-05-10
XEC,XEC.W^E14,2012-06-06,EGARCH,0.453567477543585,8.163629233541688,,2012-05-10
XEC,XEC.W^E14,2012-06-06,ESG-EGARCH,0.4620526563223673,8.47193084184745,all,2012-05-10
XEC,XEC.W^E14,2012-06-06,ESG-EGARCH(E),0.4615616112501347,8.453933372215099,E,2012-05-10
XEC,XEC.W^E14,2012-06-06,ESG-EGARCH(G),0.4623263483748669,8.481970333398365,G,2012-05-10
XEC,XEC.W^E14,2012-06-06,ESG-EGARCH(S),0.4614682600103776,8.45051408718276,S,2012-05-10
XEC,XEC.W^E14,2012-06-06,ESG-GARCH,0.4689589075390605,8.727081625405917,all,2012-05-10
XEC,XEC.W^E14,2012-06-06,ESG-GARCH(E),0.4683459847306042,8.704284183066639,E,2012-05-10
XEC,XEC.W^E14,2012-06-06,ESG-GARCH(G),0.4682572409524607,8.700985861286147,G,2012-05-10
XEC,XEC.W^E14,2012-06-06,ESG-GARCH(S),0.4682516186124332,8.700776917982685,S,2012-05-10
XEC,XEC.W^E14,2012-06-06,ESG-GJR-GARCH,0.4408847005776508,7.713465047755748,all,2012-05-10
XEC,XEC.W^E14,2012-06-06,ESG-GJR-GARCH(E),0.4402108748407299,7.689905330477808,E,2012-05-10
XEC,XEC.W^E14,2012-06-06,ESG-GJR-GARCH(G),0.4429512454555751,7.785944676612903,G,2012-05-10
XEC,XEC.W^E14,2012-06-06,ESG-GJR-GARCH(S),0.4400888555629516,7.685642888520177,S,2012-05-10
XEC,XEC.W^E14,2012-06-06,GARCH,0.4647522831339878,8.571217645962475,,2012-05-10
XEC,XEC.W^E14,2012-06-06,GJR-GARCH,0.4366762659419743,7.566911160199439,,2012-05-10
XEC,XEC.W^E14,2012-06-07,EGARCH,0.453567477543585,8.163629233541688,,2012-05-10
XEC,XEC.W^E14,2012-06-07,ESG-EGARCH,0.4620526563223673,8.47193084184745,all,2012-05-10
XEC,XEC.W^E14,2012-06-07,ESG-EGARCH(E),0.4615616112501347,8.453933372215099,E,2012-05-10
XEC,XEC.W^E14,2012-06-07,ESG-EGARCH(G),0.4623263483748669,8.481970333398365,G,2012-05-10
XEC,XEC.W^E14,2012-06-07,ESG-EGARCH(S),0.4614682600103776,8.45051408718276,S,2012-05-10
XEC,XEC.W^E14,2012-06-07,ESG-GARCH,0.4689589075390605,8.727081625405917,all,2012-05-10
XEC,XEC.W^E14,2012-06-07,ESG-GARCH(E),0.4683459847306042,8.704284183066639,E,2012-05-10
XEC,XEC.W^E14,2012-06-07,ESG-GARCH(G),0.4682572409524607,8.700985861286147,G,2012-05-10
XEC,XEC.W^E14,2012-06-07,ESG-GARCH(S),0.4682516186124332,8.700776917982685,S,2012-05-10
XEC,XEC.W^E14,2012-06-07,ESG-GJR-GARCH,0.4408847005776508,7.713465047755748,all,2012-05-10
XEC,XEC.W^E14,2012-06-07,ESG-GJR-GARCH(E),0.4402108748407299,7.689905330477808,E,2012-05-10
XEC,XEC.W^E14,2012-06-07,ESG-GJR-GARCH(G),0.4429512454555751,7.785944676612903,G,2012-05-10
XEC,XEC.W^E14,2012-06-07,ESG-GJR-GARCH(S),0.4400888555629516,7.685642888520177,S,2012-05-10
XEC,XEC.W^E14,2012-06-07,GARCH,0.4647522831339878,8.571217645962475,,2012-05-10
XEC,XEC.W^E14,2012-06-07,GJR-GARCH,0.4366762659419743,7.566911160199439,,2012-05-10
XEC,XEC.W^E14,2012-06-12,EGARCH,0.453567477543585,8.163629233541688,,2012-05-10
XEC,XEC.W^E14,2012-06-12,ESG-EGARCH,0.4620526563223673,8.47193084184745,all,2012-05-10
XEC,XEC.W^E14,2012-06-12,ESG-EGARCH(E),0.4615616112501347,8.453933372215099,E,2012-05-10
XEC,XEC.W^E14,2012-06-12,ESG-EGARCH(G),0.4623263483748669,8.481970333398365,G,2012-05-10
XEC,XEC.W^E14,2012-06-12,ESG-EGARCH(S),0.4614682600103776,8.45051408718276,S,2012-05-10
XEC,XEC.W^E14,2012-06-12,ESG-GARCH,0.4689589075390605,8.727081625405917,all,2012-05-10
XEC,XEC.W^E14,2012-06-12,ESG-GARCH(E),0.4683459847306042,8.704284183066639,E,2012-05-10
XEC,XEC.W^E14,2012-06-12,ESG-GARCH(G),0.4682572409524607,8.700985861286147,G,2012-05-10
XEC,XEC.W^E14,2012-06-12,ESG-GARCH(S),0.4682516186124332,8.700776917982685,S,2012-05-10
XEC,XEC.W^E14,2012-06-12,ESG-GJR-GARCH,0.4408847005776508,7.713465047755748,all,2012-05-10
XEC,XEC.W^E14,2012-06-12,ESG-GJR-GARCH(E),0.4402108748407299,7.689905330477808,E,2012-05-10
XEC,XEC.W^E14,2012-06-12,ESG-GJR-GARCH(G),0.4429512454555751,7.785944676612903,G,2012-05-10
XEC,XEC.W^E14,2012-06-12,ESG-GJR-GARCH(S),0.4400888555629516,7.685642888520177,S,2012-05-10
XEC,XEC.W^E14,2012-06-12,GARCH,0.4647522831339878,8.571217645962475,,2012-05-10
XEC,XEC.W^E14,2012-06-12,GJR-GARCH,0.4366762659419743,7.566911160199439,,2012-05-10
XEC,XEC.W^E14,2012-06-13,EGARCH,0.453567477543585,8.163629233541688,,2012-05-10
XEC,XEC.W^E14,2012-06-13,ESG-EGARCH,0.4620526563223673,8.47193084184745,all,2012-05-10
XEC,XEC.W^E14,2012-06-13,ESG-EGARCH(E),0.4615616112501347,8.453933372215099,E,2012-05-10
XEC,XEC.W^E14,2012-06-13,ESG-EGARCH(G),0.4623263483748669,8.481970333398365,G,2012-05-10
XEC,XEC.W^E14,2012-06-13,ESG-EGARCH(S),0.4614682600103776,8.45051408718276,S,2012-05-10
XEC,XEC.W^E14,2012-06-13,ESG-GARCH,0.4689589075390605,8.727081625405917,all,2012-05-10
XEC,XEC.W^E14,2012-06-13,ESG-GARCH(E),0.4683459847306042,8.704284183066639,E,2012-05-10
XEC,XEC.W^E14,2012-06-13,ESG-GARCH(G),0.4682572409524607,8.700985861286147,G,2012-05-10
XEC,XEC.W^E14,2012-06-13,ESG-GARCH(S),0.4682516186124332,8.700776917982685,S,2012-05-10
XEC,XEC.W^E14,2012-06-13,ESG-GJR-GARCH,0.4408847005776508,7.713465047755748,all,2012-05-10
XEC,XEC.W^E14,2012-06-13,ESG-GJR-GARCH(E),0.4402108748407299,7.689905330477808,E,2012-05-10
XEC,XEC.W^E14,2012-06-13,ESG-GJR-GARCH(G),0.4429512454555751,7.785944676612903,G,2012-05-10
XEC,XEC.W^E14,2012-06-13,ESG-GJR-GARCH(S),0.4400888555629516,7.685642888520177,S,2012-05-10
XEC,XEC.W^E14,2012-06-13,GARCH,0.4647522831339878,8.571217645962475,,2012-05-10
XEC,XEC.W^E14,2012-06-13,GJR-GARCH,0.4366762659419743,7.566911160199439,,2012-05-10
XEC,XEC.W^E14,2012-06-14,EGARCH,0.4754509160202964,8.970379902561069,,2012-06-14
XEC,XEC.W^E14,2012-06-14,ESG-EGARCH,0.462578877554578,8.491238807922748,all,2012-06-14
XEC,XEC.W^E14,2012-06-14,ESG-EGARCH(E),0.4622702056189617,8.47991043662687,E,2012-06-14
XEC,XEC.W^E14,2012-06-14,ESG-EGARCH(G),0.4627900139632613,8.498991945401414,G,2012-06-14
XEC,XEC.W^E14,2012-06-14,ESG-EGARCH(S),0.4622104160759363,8.477717013059136,S,2012-06-14
XEC,XEC.W^E14,2012-06-14,ESG-GARCH,0.4626360545263553,8.493338053480667,all,2012-06-14
XEC,XEC.W^E14,2012-06-14,ESG-GARCH(E),0.4622803257267961,8.48028172833622,E,2012-06-14
XEC,XEC.W^E14,2012-06-14,ESG-GARCH(G),0.4625203276701143,8.489089424923412,G,2012-06-14
XEC,XEC.W^E14,2012-06-14,ESG-GARCH(S),0.4622342221929231,8.478590324059391,S,2012-06-14
XEC,XEC.W^E14,2012-06-14,ESG-GJR-GARCH,0.4622336626907064,8.478569798589913,all,2012-06-14
XEC,XEC.W^E14,2012-06-14,ESG-GJR-GARCH(E),0.4619794036898949,8.469244818796465,E,2012-06-14
XEC,XEC.W^E14,2012-06-14,ESG-GJR-GARCH(G),0.4635382057981105,8.526494771211565,G,2012-06-14
XEC,XEC.W^E14,2012-06-14,ESG-GJR-GARCH(S),0.4618884481325307,8.465910258661806,S,2012-06-14
XEC,XEC.W^E14,2012-06-14,GARCH,0.4683701416379723,8.705182126110092,,2012-06-14
XEC,XEC.W^E14,2012-06-14,GJR-GARCH,0.4905818585316588,9.550419044459383,,2012-06-14
XEC,XEC.W^E14,2012-06-15,EGARCH,0.4754509160202964,8.970379902561069,,2012-06-14
XEC,XEC.W^E14,2012-06-15,ESG-EGARCH,0.462578877554578,8.491238807922748,all,2012-06-14
XEC,XEC.W^E14,2012-06-15,ESG-EGARCH(E),0.4622702056189617,8.47991043662687,E,2012-06-14
XEC,XEC.W^E14,2012-06-15,ESG-EGARCH(G),0.4627900139632613,8.498991945401414,G,2012-06-14
XEC,XEC.W^E14,2012-06-15,ESG-EGARCH(S),0.4622104160759363,8.477717013059136,S,2012-06-14
XEC,XEC.W^E14,2012-06-15,ESG-GARCH,0.4626360545263553,8.493338053480667,all,2012-06-14
XEC,XEC.W^E14,2012-06-15,ESG-GARCH(E),0.4622803257267961,8.48028172833622,E,2012-06-14
XEC,XEC.W^E14,2012-06-15,ESG-GARCH(G),0.4625203276701143,8.489089424923412,G,2012-06-14
XEC,XEC.W^E14,2012-06-15,ESG-GARCH(S),0.4622342221929231,8.478590324059391,S,2012-06-14
XEC,XEC.W^E14,2012-06-15,ESG-GJR-GARCH,0.4622336626907064,8.478569798589913,all,2012-06-14
XEC,XEC.W^E14,2012-06-15,ESG-GJR-GARCH(E),0.4619794036898949,8.469244818796465,E,2012-06-14
XEC,XEC.W^E14,2012-06-15,ESG-GJR-GARCH(G),0.4635382057981105,8.526494771211565,G,2012-06-14
XEC,XEC.W^E14,2012-06-15,ESG-GJR-GARCH(S),0.4618884481325307,8.465910258661806,S,2012-06-14
XEC,XEC.W^E14,2012-06-15,GARCH,0.4683701416379723,8.705182126110092,,2012-06-14
XEC,XEC.W^E14,2012-06-15,GJR-GARCH,0.4905818585316588,9.550419044459383,,2012-06-14
XEC,XEC.W^E14,2012-06-18,EGARCH,0.4754509160202964,8.970379902561069,,2012-06-14
XEC,XEC.W^E14,2012-06-18,ESG-EGARCH,0.462578877554578,8.491238807922748,all,2012-06-14
XEC,XEC.W^E14,2012-06-18,ESG-EGARCH(E),0.4622702056189617,8.47991043662687,E,2012-06-14
XEC,XEC.W^E14,2012-06-18,ESG-EGARCH(G),0.4627900139632613,8.498991945401414,G,2012-06-14
XEC,XEC.W^E14,2012-06-18,ESG-EGARCH(S),0.4622104160759363,8.477717013059136,S,2012-06-14
XEC,XEC.W^E14,2012-06-18,ESG-GARCH,0.4626360545263553,8.493338053480667,all,2012-06-14
XEC,XEC.W^E14,2012-06-18,ESG-GARCH(E),0.4622803257267961,8.48028172833622,E,2012-06-14
XEC,XEC.W^E14,2012-06-18,ESG-GARCH(G),0.4625203276701143,8.489089424923412,G,2012-06-14
XEC,XEC.W^E14,2012-06-18,ESG-GARCH(S),0.4622342221929231,8.478590324059391,S,2012-06-14
XEC,XEC.W^E14,2012-06-18,ESG-GJR-GARCH,0.4622336626907064,8.478569798589913,all,2012-06-14
XEC,XEC.W^E14,2012-06-18,ESG-GJR-GARCH(E),0.4619794036898949,8.469244818796465,E,2012-06-14
XEC,XEC.W^E14,2012-06-18,ESG-GJR-GARCH(G),0.4635382057981105,8.526494771211565,G,2012-06-14
XEC,XEC.W^E14,2012-06-18,ESG-GJR-GARCH(S),0.4618884481325307,8.465910258661806,S,2012-06-14
XEC,XEC.W^E14,2012-06-18,GARCH,0.4683701416379723,8.705182126110092,,2012-06-14
XEC,XEC.W^E14,2012-06-18,GJR-GARCH,0.4905818585316588,9.550419044459383,,2012-06-14
XEC,XEC.W^E14,2012-06-19,EGARCH,0.4754509160202964,8.970379902561069,,2012-06-14
XEC,XEC.W^E14,2012-06-19,ESG-EGARCH,0.462578877554578,8.491238807922748,all,2012-06-14
XEC,XEC.W^E14,2012-06-19,ESG-EGARCH(E),0.4622702056189617,8.47991043662687,E,2012-06-14
XEC,XEC.W^E14,2012-06-19,ESG-EGARCH(G),0.4627900139632613,8.498991945401414,G,2012-06-14
XEC,XEC.W^E14,2012-06-19,ESG-EGARCH(S),0.4622104160759363,8.477717013059136,S,2012-06-14
XEC,XEC.W^E14,2012-06-19,ESG-GARCH,0.4626360545263553,8.493338053480667,all,2012-06-14
XEC,XEC.W^E14,2012-06-19,ESG-GARCH(E),0.4622803257267961,8.48028172833622,E,2012-06-14
XEC,XEC.W^E14,2012-06-19,ESG-GARCH(G),0.4625203276701143,8.489089424923412,G,2012-06-14
XEC,XEC.W^E14,2012-06-19,ESG-GARCH(S),0.4622342221929231,8.478590324059391,S,2012-06-14
XEC,XEC.W^E14,2012-06-19,ESG-GJR-GARCH,0.4622336626907064,8.478569798589913,all,2012-06-14
XEC,XEC.W^E14,2012-06-19,ESG-GJR-GARCH(E),0.4619794036898949,8.469244818796465,E,2012-06-14
XEC,XEC.W^E14,2012-06-19,ESG-GJR-GARCH(G),0.4635382057981105,8.526494771211565,G,2012-06-14
XEC,XEC.W^E14,2012-06-19,ESG-GJR-GARCH(S),0.4618884481325307,8.465910258661806,S,2012-06-14
XEC,XEC.W^E14,2012-06-19,GARCH,0.4683701416379723,8.705182126110092,,2012-06-14
XEC,XEC.W^E14,2012-06-19,GJR-GARCH,0.4905818585316588,9.550419044459383,,2012-06-14
XEC,XEC.W^E14,2012-06-20,EGARCH,0.4754509160202964,8.970379902561069,,2012-06-14
XEC,XEC.W^E14,2012-06-20,ESG-EGARCH,0.462578877554578,8.491238807922748,all,2012-06-14
XEC,XEC.W^E14,2012-06-20,ESG-EGARCH(E),0.4622702056189617,8.47991043662687,E,2012-06-14
XEC,XEC.W^E14,2012-06-20,ESG-EGARCH(G),0.4627900139632613,8.498991945401414,G,2012-06-14
XEC,XEC.W^E14,2012-06-20,ESG-EGARCH(S),0.4622104160759363,8.477717013059136,S,2012-06-14
XEC,XEC.W^E14,2012-06-20,ESG-GARCH,0.4626360545263553,8.493338053480667,all,2012-06-14
XEC,XEC.W^E14,2012-06-20,ESG-GARCH(E),0.4622803257267961,8.48028172833622,E,2012-06-14
XEC,XEC.W^E14,2012-06-20,ESG-GARCH(G),0.4625203276701143,8.489089424923412,G,2012-06-14
XEC,XEC.W^E14,2012-06-20,ESG-GARCH(S),0.4622342221929231,8.478590324059391,S,2012-06-14
XEC,XEC.W^E14,2012-06-20,ESG-GJR-GARCH,0.4622336626907064,8.478569798589913,all,2012-06-14
XEC,XEC.W^E14,2012-06-20,ESG-GJR-GARCH(E),0.4619794036898949,8.469244818796465,E,2012-06-14
XEC,XEC.W^E14,2012-06-20,ESG-GJR-GARCH(G),0.4635382057981105,8.526494771211565,G,2012-06-14
XEC,XEC.W^E14,2012-06-20,ESG-GJR-GARCH(S),0.4618884481325307,8.465910258661806,S,2012-06-14
XEC,XEC.W^E14,2012-06-20,GARCH,0.4683701416379723,8.705182126110092,,2012-06-14
XEC,XEC.W^E14,2012-06-20,GJR-GARCH,0.4905818585316588,9.550419044459383,,2012-06-14
XEC,XEC.W^E14,2012-06-21,EGARCH,0.4754509160202964,8.970379902561069,,2012-06-14
XEC,XEC.W^E14,2012-06-21,ESG-EGARCH,0.462578877554578,8.491238807922748,all,2012-06-14
XEC,XEC.W^E14,2012-06-21,ESG-EGARCH(E),0.4622702056189617,8.47991043662687,E,2012-06-14
XEC,XEC.W^E14,2012-06-21,ESG-EGARCH(G),0.4627900139632613,8.498991945401414,G,2012-06-14
XEC,XEC.W^E14,2012-06-21,ESG-EGARCH(S),0.4622104160759363,8.477717013059136,S,2012-06-14
XEC,XEC.W^E14,2012-06-21,ESG-GARCH,0.4626360545263553,8.493338053480667,all,2012-06-14
XEC,XEC.W^E14,2012-06-21,ESG-GARCH(E),0.4622803257267961,8.48028172833622,E,2012-06-14
XEC,XEC.W^E14,2012-06-21,ESG-GARCH(G),0.4625203276701143,8.489089424923412,G,2012-06-14
XEC,XEC.W^E14,2012-06-21,ESG-GARCH(S),0.4622342221929231,8.478590324059391,S,2012-06-14
XEC,XEC.W^E14,2012-06-21,ESG-GJR-GARCH,0.4622336626907064,8.478569798589913,all,2012-06-14
XEC,XEC.W^E14,2012-06-21,ESG-GJR-GARCH(E),0.4619794036898949,8.469244818796465,E,2012-06-14
XEC,XEC.W^E14,2012-06-21,ESG-GJR-GARCH(G),0.4635382057981105,8.526494771211565,G,2012-06-14
XEC,XEC.W^E14,2012-06-21,ESG-GJR-GARCH(S),0.4618884481325307,8.465910258661806,S,2012-06-14
XEC,XEC.W^E14,2012-06-21,GARCH,0.4683701416379723,8.705182126110092,,2012-06-14
XEC,XEC.W^E14,2012-06-21,GJR-GARCH,0.4905818585316588,9.550419044459383,,2012-06-14
XEC,XEC.W^E14,2012-06-22,EGARCH,0.4754509160202964,8.970379902561069,,2012-06-14
XEC,XEC.W^E14,2012-06-22,ESG-EGARCH,0.462578877554578,8.491238807922748,all,2012-06-14
XEC,XEC.W^E14,2012-06-22,ESG-EGARCH(E),0.4622702056189617,8.47991043662687,E,2012-06-14
XEC,XEC.W^E14,2012-06-22,ESG-EGARCH(G),0.4627900139632613,8.498991945401414,G,2012-06-14
XEC,XEC.W^E14,2012-06-22,ESG-EGARCH(S),0.4622104160759363,8.477717013059136,S,2012-06-14
XEC,XEC.W^E14,2012-06-22,ESG-GARCH,0.4626360545263553,8.493338053480667,all,2012-06-14
XEC,XEC.W^E14,2012-06-22,ESG-GARCH(E),0.4622803257267961,8.48028172833622,E,2012-06-14
XEC,XEC.W^E14,2012-06-22,ESG-GARCH(G),0.4625203276701143,8.489089424923412,G,2012-06-14
XEC,XEC.W^E14,2012-06-22,ESG-GARCH(S),0.4622342221929231,8.478590324059391,S,2012-06-14
XEC,XEC.W^E14,2012-06-22,ESG-GJR-GARCH,0.4622336626907064,8.478569798589913,all,2012-06-14
XEC,XEC.W^E14,2012-06-22,ESG-GJR-GARCH(E),0.4619794036898949,8.469244818796465,E,2012-06-14
XEC,XEC.W^E14,2012-06-22,ESG-GJR-GARCH(G),0.4635382057981105,8.526494771211565,G,2012-06-14
XEC,XEC.W^E14,2012-06-22,ESG-GJR-GARCH(S),0.4618884481325307,8.465910258661806,S,2012-06-14
XEC,XEC.W^E14,2012-06-22,GARCH,0.4683701416379723,8.705182126110092,,2012-06-14
XEC,XEC.W^E14,2012-06-22,GJR-GARCH,0.4905818585316588,9.550419044459383,,2012-06-14
XEC,XEC.W^E14,2012-06-25,EGARCH,0.4754509160202964,8.970379902561069,,2012-06-14
XEC,XEC.W^E14,2012-06-25,ESG-EGARCH,0.462578877554578,8.491238807922748,all,2012-06-14
XEC,XEC.W^E14,2012-06-25,ESG-EGARCH(E),0.4622702056189617,8.47991043662687,E,2012-06-14
XEC,XEC.W^E14,2012-06-25,ESG-EGARCH(G),0.4627900139632613,8.498991945401414,G,2012-06-14
XEC,XEC.W^E14,2012-06-25,ESG-EGARCH(S),0.4622104160759363,8.477717013059136,S,2012-06-14
XEC,XEC.W^E14,2012-06-25,ESG-GARCH,0.4626360545263553,8.493338053480667,all,2012-06-14
XEC,XEC.W^E14,2012-06-25,ESG-GARCH(E),0.4622803257267961,8.48028172833622,E,2012-06-14
XEC,XEC.W^E14,2012-06-25,ESG-GARCH(G),0.4625203276701143,8.489089424923412,G,2012-06-14
XEC,XEC.W^E14,2012-06-25,ESG-GARCH(S),0.4622342221929231,8.478590324059391,S,2012-06-14
XEC,XEC.W^E14,2012-06-25,ESG-GJR-GARCH,0.4622336626907064,8.478569798589913,all,2012-06-14
XEC,XEC.W^E14,2012-06-25,ESG-GJR-GARCH(E),0.4619794036898949,8.469244818796465,E,2012-06-14
XEC,XEC.W^E14,2012-06-25,ESG-GJR-GARCH(G),0.4635382057981105,8.526494771211565,G,2012-06-14
XEC,XEC.W^E14,2012-06-25,ESG-GJR-GARCH(S),0.4618884481325307,8.465910258661806,S,2012-06-14
XEC,XEC.W^E14,2012-06-25,GARCH,0.4683701416379723,8.705182126110092,,2012-06-14
XEC,XEC.W^E14,2012-06-25,GJR-GARCH,0.4905818585316588,9.550419044459383,,2012-06-14
XEC,XEC.W^E14,2012-06-26,EGARCH,0.4754509160202964,8.970379902561069,,2012-06-14
XEC,XEC.W^E14,2012-06-26,ESG-EGARCH,0.462578877554578,8.491238807922748,all,2012-06-14
XEC,XEC.W^E14,2012-06-26,ESG-EGARCH(E),0.4622702056189617,8.47991043662687,E,2012-06-14
XEC,XEC.W^E14,2012-06-26,ESG-EGARCH(G),0.4627900139632613,8.498991945401414,G,2012-06-14
XEC,XEC.W^E14,2012-06-26,ESG-EGARCH(S),0.4622104160759363,8.477717013059136,S,2012-06-14
XEC,XEC.W^E14,2012-06-26,ESG-GARCH,0.4626360545263553,8.493338053480667,all,2012-06-14
XEC,XEC.W^E14,2012-06-26,ESG-GARCH(E),0.4622803257267961,8.48028172833622,E,2012-06-14
XEC,XEC.W^E14,2012-06-26,ESG-GARCH(G),0.4625203276701143,8.489089424923412,G,2012-06-14
XEC,XEC.W^E14,2012-06-26,ESG-GARCH(S),0.4622342221929231,8.478590324059391,S,2012-06-14
XEC,XEC.W^E14,2012-06-26,ESG-GJR-GARCH,0.4622336626907064,8.478569798589913,all,2012-06-14
XEC,XEC.W^E14,2012-06-26,ESG-GJR-GARCH(E),0.4619794036898949,8.469244818796465,E,2012-06-14
XEC,XEC.W^E14,2012-06-26,ESG-GJR-GARCH(G),0.4635382057981105,8.526494771211565,G,2012-06-14
XEC,XEC.W^E14,2012-06-26,ESG-GJR-GARCH(S),0.4618884481325307,8.465910258661806,S,2012-06-14
XEC,XEC.W^E14,2012-06-26,GARCH,0.4683701416379723,8.705182126110092,,2012-06-14
XEC,XEC.W^E14,2012-06-26,GJR-GARCH,0.4905818585316588,9.550419044459383,,2012-06-14
XEC,XEC.W^E14,2012-06-27,EGARCH,0.4754509160202964,8.970379902561069,,2012-06-14
XEC,XEC.W^E14,2012-06-27,ESG-EGARCH,0.462578877554578,8.491238807922748,all,2012-06-14
XEC,XEC.W^E14,2012-06-27,ESG-EGARCH(E),0.4622702056189617,8.47991043662687,E,2012-06-14
XEC,XEC.W^E14,2012-06-27,ESG-EGARCH(G),0.4627900139632613,8.498991945401414,G,2012-06-14
XEC,XEC.W^E14,2012-06-27,ESG-EGARCH(S),0.4622104160759363,8.477717013059136,S,2012-06-14
XEC,XEC.W^E14,2012-06-27,ESG-GARCH,0.4626360545263553,8.493338053480667,all,2012-06-14
XEC,XEC.W^E14,2012-06-27,ESG-GARCH(E),0.4622803257267961,8.48028172833622,E,2012-06-14
XEC,XEC.W^E14,2012-06-27,ESG-GARCH(G),0.4625203276701143,8.489089424923412,G,2012-06-14
XEC,XEC.W^E14,2012-06-27,ESG-GARCH(S),0.4622342221929231,8.478590324059391,S,2012-06-14
XEC,XEC.W^E14,2012-06-27,ESG-GJR-GARCH,0.4622336626907064,8.478569798589913,all,2012-06-14
XEC,XEC.W^E14,2012-06-27,ESG-GJR-GARCH(E),0.4619794036898949,8.469244818796465,E,2012-06-14
XEC,XEC.W^E14,2012-06-27,ESG-GJR-GARCH(G),0.4635382057981105,8.526494771211565,G,2012-06-14
XEC,XEC.W^E14,2012-06-27,ESG-GJR-GARCH(S),0.4618884481325307,8.465910258661806,S,2012-06-14
XEC,XEC.W^E14,2012-06-27,GARCH,0.4683701416379723,8.705182126110092,,2012-06-14
XEC,XEC.W^E14,2012-06-27,GJR-GARCH,0.4905818585316588,9.550419044459383,,2012-06-14
XEC,XEC.W^E14,2012-06-28,EGARCH,0.4754509160202964,8.970379902561069,,2012-06-14
XEC,XEC.W^E14,2012-06-28,ESG-EGARCH,0.462578877554578,8.491238807922748,all,2012-06-14
XEC,XEC.W^E14,2012-06-28,ESG-EGARCH(E),0.4622702056189617,8.47991043662687,E,2012-06-14
XEC,XEC.W^E14,2012-06-28,ESG-EGARCH(G),0.4627900139632613,8.498991945401414,G,2012-06-14
XEC,XEC.W^E14,2012-06-28,ESG-EGARCH(S),0.4622104160759363,8.477717013059136,S,2012-06-14
XEC,XEC.W^E14,2012-06-28,ESG-GARCH,0.4626360545263553,8.493338053480667,all,2012-06-14
XEC,XEC.W^E14,2012-06-28,ESG-GARCH(E),0.4622803257267961,8.48028172833622,E,2012-06-14
XEC,XEC.W^E14,2012-06-28,ESG-GARCH(G),0.4625203276701143,8.489089424923412,G,2012-06-14
XEC,XEC.W^E14,2012-06-28,ESG-GARCH(S),0.4622342221929231,8.478590324059391,S,2012-06-14
XEC,XEC.W^E14,2012-06-28,ESG-GJR-GARCH,0.4622336626907064,8.478569798589913,all,2012-06-14
XEC,XEC.W^E14,2012-06-28,ESG-GJR-GARCH(E),0.4619794036898949,8.469244818796465,E,2012-06-14
XEC,XEC.W^E14,2012-06-28,ESG-GJR-GARCH(G),0.4635382057981105,8.526494771211565,G,2012-06-14
XEC,XEC.W^E14,2012-06-28,ESG-GJR-GARCH(S),0.4618884481325307,8.465910258661806,S,2012-06-14
XEC,XEC.W^E14,2012-06-28,GARCH,0.4683701416379723,8.705182126110092,,2012-06-14
XEC,XEC.W^E14,2012-06-28,GJR-GARCH,0.4905818585316588,9.550419044459383,,2012-06-14
XEC,XEC.W^E14,2012-06-29,EGARCH,0.4754509160202964,8.970379902561069,,2012-06-14
XEC,XEC.W^E14,2012-06-29,ESG-EGARCH,0.462578877554578,8.491238807922748,all,2012-06-14
XEC,XEC.W^E14,2012-06-29,ESG-EGARCH(E),0.4622702056189617,8.47991043662687,E,2012-06-14
XEC,XEC.W^E14,2012-06-29,ESG-EGARCH(G),0.4627900139632613,8.498991945401414,G,2012-06-14
XEC,XEC.W^E14,2012-06-29,ESG-EGARCH(S),0.4622104160759363,8.477717013059136,S,2012-06-14
XEC,XEC.W^E14,2012-06-29,ESG-GARCH,0.4626360545263553,8.493338053480667,all,2012-06-14
XEC,XEC.W^E14,2012-06-29,ESG-GARCH(E),0.4622803257267961,8.48028172833622,E,2012-06-14
XEC,XEC.W^E14,2012-06-29,ESG-GARCH(G),0.4625203276701143,8.489089424923412,G,2012-06-14
XEC,XEC.W^E14,2012-06-29,ESG-GARCH(S),0.4622342221929231,8.478590324059391,S,2012-06-14
XEC,XEC.W^E14,2012-06-29,ESG-GJR-GARCH,0.4622336626907064,8.478569798589913,all,2012-06-14
XEC,XEC.W^E14,2012-06-29,ESG-GJR-GARCH(E),0.4619794036898949,8.469244818796465,E,2012-06-14
XEC,XEC.W^E14,2012-06-29,ESG-GJR-GARCH(G),0.4635382057981105,8.526494771211565,G,2012-06-14
XEC,XEC.W^E14,2012-06-29,ESG-GJR-GARCH(S),0.4618884481325307,8.465910258661806,S,2012-06-14
XEC,XEC.W^E14,2012-06-29,GARCH,0.4683701416379723,8.705182126110092,,2012-06-14
XEC,XEC.W^E14,2012-06-29,GJR-GARCH,0.4905818585316588,9.550419044459383,,2012-06-14
XEC,XEC.W^E14,2012-07-02,EGARCH,0.4754509160202964,8.970379902561069,,2012-06-14
XEC,XEC.W^E14,2012-07-02,ESG-EGARCH,0.462578877554578,8.491238807922748,all,2012-06-14
XEC,XEC.W^E14,2012-07-02,ESG-EGARCH(E),0.4622702056189617,8.47991043662687,E,2012-06-14
XEC,XEC.W^E14,2012-07-02,ESG-EGARCH(G),0.4627900139632613,8.498991945401414,G,2012-06-14
XEC,XEC.W^E14,2012-07-02,ESG-EGARCH(S),0.4622104160759363,8.477717013059136,S,2012-06-14
XEC,XEC.W^E14,2012-07-02,ESG-GARCH,0.4626360545263553,8.493338053480667,all,2012-06-14
XEC,XEC.W^E14,2012-07-02,ESG-GARCH(E),0.4622803257267961,8.48028172833622,E,2012-06-14
XEC,XEC.W^E14,2012-07-02,ESG-GARCH(G),0.4625203276701143,8.489089424923412,G,2012-06-14
XEC,XEC.W^E14,2012-07-02,ESG-GARCH(S),0.4622342221929231,8.478590324059391,S,2012-06-14
XEC,XEC.W^E14,2012-07-02,ESG-GJR-GARCH,0.4622336626907064,8.478569798589913,all,2012-06-14
XEC,XEC.W^E14,2012-07-02,ESG-GJR-GARCH(E),0.4619794036898949,8.469244818796465,E,2012-06-14
XEC,XEC.W^E14,2012-07-02,ESG-GJR-GARCH(G),0.4635382057981105,8.526494771211565,G,2012-06-14
XEC,XEC.W^E14,2012-07-02,ESG-GJR-GARCH(S),0.4618884481325307,8.465910258661806,S,2012-06-14
XEC,XEC.W^E14,2012-07-02,GARCH,0.4683701416379723,8.705182126110092,,2012-06-14
XEC,XEC.W^E14,2012-07-02,GJR-GARCH,0.4905818585316588,9.550419044459383,,2012-06-14
XEC,XEC.W^E14,2012-07-03,EGARCH,0.4754509160202964,8.970379902561069,,2012-06-14
XEC,XEC.W^E14,2012-07-03,ESG-EGARCH,0.462578877554578,8.491238807922748,all,2012-06-14
XEC,XEC.W^E14,2012-07-03,ESG-EGARCH(E),0.4622702056189617,8.47991043662687,E,2012-06-14
XEC,XEC.W^E14,2012-07-03,ESG-EGARCH(G),0.4627900139632613,8.498991945401414,G,2012-06-14
XEC,XEC.W^E14,2012-07-03,ESG-EGARCH(S),0.4622104160759363,8.477717013059136,S,2012-06-14
XEC,XEC.W^E14,2012-07-03,ESG-GARCH,0.4626360545263553,8.493338053480667,all,2012-06-14
XEC,XEC.W^E14,2012-07-03,ESG-GARCH(E),0.4622803257267961,8.48028172833622,E,2012-06-14
XEC,XEC.W^E14,2012-07-03,ESG-GARCH(G),0.4625203276701143,8.489089424923412,G,2012-06-14
XEC,XEC.W^E14,2012-07-03,ESG-GARCH(S),0.4622342221929231,8.478590324059391,S,2012-06-14
XEC,XEC.W^E14,2012-07-03,ESG-GJR-GARCH,0.4622336626907064,8.478569798589913,all,2012-06-14
XEC,XEC.W^E14,2012-07-03,ESG-GJR-GARCH(E),0.4619794036898949,8.469244818796465,E,2012-06-14
XEC,XEC.W^E14,2012-07-03,ESG-GJR-GARCH(G),0.4635382057981105,8.526494771211565,G,2012-06-14
XEC,XEC.W^E14,2012-07-03,ESG-GJR-GARCH(S),0.4618884481325307,8.465910258661806,S,2012-06-14
XEC,XEC.W^E14,2012-07-03,GARCH,0.4683701416379723,8.705182126110092,,2012-06-14
XEC,XEC.W^E14,2012-07-03,GJR-GARCH,0.4905818585316588,9.550419044459383,,2012-06-14
XEC,XEC.W^E14,2012-07-06,EGARCH,0.4754509160202964,8.970379902561069,,2012-06-14
XEC,XEC.W^E14,2012-07-06,ESG-EGARCH,0.462578877554578,8.491238807922748,all,2012-06-14
XEC,XEC.W^E14,2012-07-06,ESG-EGARCH(E),0.4622702056189617,8.47991043662687,E,2012-06-14
XEC,XEC.W^E14,2012-07-06,ESG-EGARCH(G),0.4627900139632613,8.498991945401414,G,2012-06-14
XEC,XEC.W^E14,2012-07-06,ESG-EGARCH(S),0.4622104160759363,8.477717013059136,S,2012-06-14
XEC,XEC.W^E14,2012-07-06,ESG-GARCH,0.4626360545263553,8.493338053480667,all,2012-06-14
XEC,XEC.W^E14,2012-07-06,ESG-GARCH(E),0.4622803257267961,8.48028172833622,E,2012-06-14
XEC,XEC.W^E14,2012-07-06,ESG-GARCH(G),0.4625203276701143,8.489089424923412,G,2012-06-14
XEC,XEC.W^E14,2012-07-06,ESG-GARCH(S),0.4622342221929231,8.478590324059391,S,2012-06-14
XEC,XEC.W^E14,2012-07-06,ESG-GJR-GARCH,0.4622336626907064,8.478569798589913,all,2012-06-14
XEC,XEC.W^E14,2012-07-06,ESG-GJR-GARCH(E),0.4619794036898949,8.469244818796465,E,2012-06-14
XEC,XEC.W^E14,2012-07-06,ESG-GJR-GARCH(G),0.4635382057981105,8.526494771211565,G,2012-06-14
XEC,XEC.W^E14,2012-07-06,ESG-GJR-GARCH(S),0.4618884481325307,8.465910258661806,S,2012-06-14
XEC,XEC.W^E14,2012-07-06,GARCH,0.4683701416379723,8.705182126110092,,2012-06-14
XEC,XEC.W^E14,2012-07-06,GJR-GARCH,0.4905818585316588,9.550419044459383,,2012-06-14
XEC,XEC.W^E14,2012-07-09,EGARCH,0.4754509160202964,8.970379902561069,,2012-06-14
XEC,XEC.W^E14,2012-07-09,ESG-EGARCH,0.462578877554578,8.491238807922748,all,2012-06-14
XEC,XEC.W^E14,2012-07-09,ESG-EGARCH(E),0.4622702056189617,8.47991043662687,E,2012-06-14
XEC,XEC.W^E14,2012-07-09,ESG-EGARCH(G),0.4627900139632613,8.498991945401414,G,2012-06-14
XEC,XEC.W^E14,2012-07-09,ESG-EGARCH(S),0.4622104160759363,8.477717013059136,S,2012-06-14
XEC,XEC.W^E14,2012-07-09,ESG-GARCH,0.4626360545263553,8.493338053480667,all,2012-06-14
XEC,XEC.W^E14,2012-07-09,ESG-GARCH(E),0.4622803257267961,8.48028172833622,E,2012-06-14
XEC,XEC.W^E14,2012-07-09,ESG-GARCH(G),0.4625203276701143,8.489089424923412,G,2012-06-14
XEC,XEC.W^E14,2012-07-09,ESG-GARCH(S),0.4622342221929231,8.478590324059391,S,2012-06-14
XEC,XEC.W^E14,2012-07-09,ESG-GJR-GARCH,0.4622336626907064,8.478569798589913,all,2012-06-14
XEC,XEC.W^E14,2012-07-09,ESG-GJR-GARCH(E),0.4619794036898949,8.469244818796465,E,2012-06-14
XEC,XEC.W^E14,2012-07-09,ESG-GJR-GARCH(G),0.4635382057981105,8.526494771211565,G,2012-06-14
XEC,XEC.W^E14,2012-07-09,ESG-GJR-GARCH(S),0.4618884481325307,8.465910258661806,S,2012-06-14
XEC,XEC.W^E14,2012-07-09,GARCH,0.4683701416379723,8.705182126110092,,2012-06-14
XEC,XEC.W^E14,2012-07-09,GJR-GARCH,0.4905818585316588,9.550419044459383,,2012-06-14
XEC,XEC.W^E14,2012-07-10,EGARCH,0.4754509160202964,8.970379902561069,,2012-06-14
XEC,XEC.W^E14,2012-07-10,ESG-EGARCH,0.462578877554578,8.491238807922748,all,2012-06-14
XEC,XEC.W^E14,2012-07-10,ESG-EGARCH(E),0.4622702056189617,8.47991043662687,E,2012-06-14
XEC,XEC.W^E14,2012-07-10,ESG-EGARCH(G),0.4627900139632613,8.498991945401414,G,2012-06-14
XEC,XEC.W^E14,2012-07-10,ESG-EGARCH(S),0.4622104160759363,8.477717013059136,S,2012-06-14
XEC,XEC.W^E14,2012-07-10,ESG-GARCH,0.4626360545263553,8.493338053480667,all,2012-06-14
XEC,XEC.W^E14,2012-07-10,ESG-GARCH(E),0.4622803257267961,8.48028172833622,E,2012-06-14
XEC,XEC.W^E14,2012-07-10,ESG-GARCH(G),0.4625203276701143,8.489089424923412,G,2012-06-14
XEC,XEC.W^E14,2012-07-10,ESG-GARCH(S),0.4622342221929231,8.478590324059391,S,2012-06-14
XEC,XEC.W^E14,2012-07-10,ESG-GJR-GARCH,0.4622336626907064,8.478569798589913,all,2012-06-14
XEC,XEC.W^E14,2012-07-10,ESG-GJR-GARCH(E),0.4619794036898949,8.469244818796465,E,2012-06-14
XEC,XEC.W^E14,2012-07-10,ESG-GJR-GARCH(G),0.4635382057981105,8.526494771211565,G,2012-06-14
XEC,XEC.W^E14,2012-07-10,ESG-GJR-GARCH(S),0.4618884481325307,8.465910258661806,S,2012-06-14
XEC,XEC.W^E14,2012-07-10,GARCH,0.4683701416379723,8.705182126110092,,2012-06-14
XEC,XEC.W^E14,2012-07-10,GJR-GARCH,0.4905818585316588,9.550419044459383,,2012-06-14
XEC,XEC.W^E14,2012-07-11,EGARCH,0.4754509160202964,8.970379902561069,,2012-06-14
XEC,XEC.W^E14,2012-07-11,ESG-EGARCH,0.462578877554578,8.491238807922748,all,2012-06-14
XEC,XEC.W^E14,2012-07-11,ESG-EGARCH(E),0.4622702056189617,8.47991043662687,E,2012-06-14
XEC,XEC.W^E14,2012-07-11,ESG-EGARCH(G),0.4627900139632613,8.498991945401414,G,2012-06-14
XEC,XEC.W^E14,2012-07-11,ESG-EGARCH(S),0.4622104160759363,8.477717013059136,S,2012-06-14
XEC,XEC.W^E14,2012-07-11,ESG-GARCH,0.4626360545263553,8.493338053480667,all,2012-06-14
XEC,XEC.W^E14,2012-07-11,ESG-GARCH(E),0.4622803257267961,8.48028172833622,E,2012-06-14
XEC,XEC.W^E14,2012-07-11,ESG-GARCH(G),0.4625203276701143,8.489089424923412,G,2012-06-14
XEC,XEC.W^E14,2012-07-11,ESG-GARCH(S),0.4622342221929231,8.478590324059391,S,2012-06-14
XEC,XEC.W^E14,2012-07-11,ESG-GJR-GARCH,0.4622336626907064,8.478569798589913,all,2012-06-14
XEC,XEC.W^E14,2012-07-11,ESG-GJR-GARCH(E),0.4619794036898949,8.469244818796465,E,2012-06-14
XEC,XEC.W^E14,2012-07-11,ESG-GJR-GARCH(G),0.4635382057981105,8.526494771211565,G,2012-06-14
XEC,XEC.W^E14,2012-07-11,ESG-GJR-GARCH(S),0.4618884481325307,8.465910258661806,S,2012-06-14
XEC,XEC.W^E14,2012-07-11,GARCH,0.4683701416379723,8.705182126110092,,2012-06-14
XEC,XEC.W^E14,2012-07-11,GJR-GARCH,0.4905818585316588,9.550419044459383,,2012-06-14
XEC,XEC.W^E14,2012-07-12,EGARCH,0.4754509160202964,8.970379902561069,,2012-06-14
XEC,XEC.W^E14,2012-07-12,ESG-EGARCH,0.462578877554578,8.491238807922748,all,2012-06-14
XEC,XEC.W^E14,2012-07-12,ESG-EGARCH(E),0.4622702056189617,8.47991043662687,E,2012-06-14
XEC,XEC.W^E14,2012-07-12,ESG-EGARCH(G),0.4627900139632613,8.498991945401414,G,2012-06-14
XEC,XEC.W^E14,2012-07-12,ESG-EGARCH(S),0.4622104160759363,8.477717013059136,S,2012-06-14
XEC,XEC.W^E14,2012-07-12,ESG-GARCH,0.4626360545263553,8.493338053480667,all,2012-06-14
XEC,XEC.W^E14,2012-07-12,ESG-GARCH(E),0.4622803257267961,8.48028172833622,E,2012-06-14
XEC,XEC.W^E14,2012-07-12,ESG-GARCH(G),0.4625203276701143,8.489089424923412,G,2012-06-14
XEC,XEC.W^E14,2012-07-12,ESG-GARCH(S),0.4622342221929231,8.478590324059391,S,2012-06-14
XEC,XEC.W^E14,2012-07-12,ESG-GJR-GARCH,0.4622336626907064,8.478569798589913,all,2012-06-14
XEC,XEC.W^E14,2012-07-12,ESG-GJR-GARCH(E),0.4619794036898949,8.469244818796465,E,2012-06-14
XEC,XEC.W^E14,2012-07-12,ESG-GJR-GARCH(G),0.4635382057981105,8.526494771211565,G,2012-06-14
XEC,XEC.W^E14,2012-07-12,ESG-GJR-GARCH(S),0.4618884481325307,8.465910258661806,S,2012-06-14
XEC,XEC.W^E14,2012-07-12,GARCH,0.4683701416379723,8.705182126110092,,2012-06-14
XEC,XEC.W^E14,2012-07-12,GJR-GARCH,0.4905818585316588,9.550419044459383,,2012-06-14
XEC,XEC.W^E14,2012-07-13,EGARCH,0.4754509160202964,8.970379902561069,,2012-06-14
XEC,XEC.W^E14,2012-07-13,ESG-EGARCH,0.462578877554578,8.491238807922748,all,2012-06-14
XEC,XEC.W^E14,2012-07-13,ESG-EGARCH(E),0.4622702056189617,8.47991043662687,E,2012-06-14
XEC,XEC.W^E14,2012-07-13,ESG-EGARCH(G),0.4627900139632613,8.498991945401414,G,2012-06-14
XEC,XEC.W^E14,2012-07-13,ESG-EGARCH(S),0.4622104160759363,8.477717013059136,S,2012-06-14
XEC,XEC.W^E14,2012-07-13,ESG-GARCH,0.4626360545263553,8.493338053480667,all,2012-06-14
XEC,XEC.W^E14,2012-07-13,ESG-GARCH(E),0.4622803257267961,8.48028172833622,E,2012-06-14
XEC,XEC.W^E14,2012-07-13,ESG-GARCH(G),0.4625203276701143,8.489089424923412,G,2012-06-14
XEC,XEC.W^E14,2012-07-13,ESG-GARCH(S),0.4622342221929231,8.478590324059391,S,2012-06-14
XEC,XEC.W^E14,2012-07-13,ESG-GJR-GARCH,0.4622336626907064,8.478569798589913,all,2012-06-14
XEC,XEC.W^E14,2012-07-13,ESG-GJR-GARCH(E),0.4619794036898949,8.469244818796465,E,2012-06-14
XEC,XEC.W^E14,2012-07-13,ESG-GJR-GARCH(G),0.4635382057981105,8.526494771211565,G,2012-06-14
XEC,XEC.W^E14,2012-07-13,ESG-GJR-GARCH(S),0.4618884481325307,8.465910258661806,S,2012-06-14
XEC,XEC.W^E14,2012-07-13,GARCH,0.4683701416379723,8.705182126110092,,2012-06-14
XEC,XEC.W^E14,2012-07-13,GJR-GARCH,0.4905818585316588,9.550419044459383,,2012-06-14
XEC,XEC.W^E14,2012-07-16,EGARCH,0.4754509160202964,8.970379902561069,,2012-06-14
XEC,XEC.W^E14,2012-07-16,ESG-EGARCH,0.462578877554578,8.491238807922748,all,2012-06-14
XEC,XEC.W^E14,2012-07-16,ESG-EGARCH(E),0.4622702056189617,8.47991043662687,E,2012-06-14
XEC,XEC.W^E14,2012-07-16,ESG-EGARCH(G),0.4627900139632613,8.498991945401414,G,2012-06-14
XEC,XEC.W^E14,2012-07-16,ESG-EGARCH(S),0.4622104160759363,8.477717013059136,S,2012-06-14
XEC,XEC.W^E14,2012-07-16,ESG-GARCH,0.4626360545263553,8.493338053480667,all,2012-06-14
XEC,XEC.W^E14,2012-07-16,ESG-GARCH(E),0.4622803257267961,8.48028172833622,E,2012-06-14
XEC,XEC.W^E14,2012-07-16,ESG-GARCH(G),0.4625203276701143,8.489089424923412,G,2012-06-14
XEC,XEC.W^E14,2012-07-16,ESG-GARCH(S),0.4622342221929231,8.478590324059391,S,2012-06-14
XEC,XEC.W^E14,2012-07-16,ESG-GJR-GARCH,0.4622336626907064,8.478569798589913,all,2012-06-14
XEC,XEC.W^E14,2012-07-16,ESG-GJR-GARCH(E),0.4619794036898949,8.469244818796465,E,2012-06-14
XEC,XEC.W^E14,2012-07-16,ESG-GJR-GARCH(G),0.4635382057981105,8.526494771211565,G,2012-06-14
XEC,XEC.W^E14,2012-07-16,ESG-GJR-GARCH(S),0.4618884481325307,8.465910258661806,S,2012-06-14
XEC,XEC.W^E14,2012-07-16,GARCH,0.4683701416379723,8.705182126110092,,2012-06-14
XEC,XEC.W^E14,2012-07-16,GJR-GARCH,0.4905818585316588,9.550419044459383,,2012-06-14
XEC,XEC.W^E14,2012-07-17,EGARCH,0.4754509160202964,8.970379902561069,,2012-06-14
XEC,XEC.W^E14,2012-07-17,ESG-EGARCH,0.462578877554578,8.491238807922748,all,2012-06-14
XEC,XEC.W^E14,2012-07-17,ESG-EGARCH(E),0.4622702056189617,8.47991043662687,E,2012-06-14
XEC,XEC.W^E14,2012-07-17,ESG-EGARCH(G),0.4627900139632613,8.498991945401414,G,2012-06-14
XEC,XEC.W^E14,2012-07-17,ESG-EGARCH(S),0.4622104160759363,8.477717013059136,S,2012-06-14
XEC,XEC.W^E14,2012-07-17,ESG-GARCH,0.4626360545263553,8.493338053480667,all,2012-06-14
XEC,XEC.W^E14,2012-07-17,ESG-GARCH(E),0.4622803257267961,8.48028172833622,E,2012-06-14
XEC,XEC.W^E14,2012-07-17,ESG-GARCH(G),0.4625203276701143,8.489089424923412,G,2012-06-14
XEC,XEC.W^E14,2012-07-17,ESG-GARCH(S),0.4622342221929231,8.478590324059391,S,2012-06-14
XEC,XEC.W^E14,2012-07-17,ESG-GJR-GARCH,0.4622336626907064,8.478569798589913,all,2012-06-14
XEC,XEC.W^E14,2012-07-17,ESG-GJR-GARCH(E),0.4619794036898949,8.469244818796465,E,2012-06-14
XEC,XEC.W^E14,2012-07-17,ESG-GJR-GARCH(G),0.4635382057981105,8.526494771211565,G,2012-06-14
XEC,XEC.W^E14,2012-07-17,ESG-GJR-GARCH(S),0.4618884481325307,8.465910258661806,S,2012-06-14
XEC,XEC.W^E14,2012-07-17,GARCH,0.4683701416379723,8.705182126110092,,2012-06-14
XEC,XEC.W^E14,2012-07-17,GJR-GARCH,0.4905818585316588,9.550419044459383,,2012-06-14
XEC,XEC.W^E14,2012-07-18,EGARCH,0.5172689315494994,10.617743950252407,,2012-07-18
XEC,XEC.W^E14,2012-07-18,ESG-EGARCH,0.497429758448823,9.818903356764064,all,2012-07-18
XEC,XEC.W^E14,2012-07-18,ESG-EGARCH(E),0.497514206310041,9.822237519059923,E,2012-07-18
XEC,XEC.W^E14,2012-07-18,ESG-EGARCH(G),0.4971958789250841,9.809672302384396,G,2012-07-18
XEC,XEC.W^E14,2012-07-18,ESG-EGARCH(S),0.4974703736884339,9.820506853083732,S,2012-07-18
XEC,XEC.W^E14,2012-07-18,ESG-GARCH,0.4838980303799228,9.291956500220982,all,2012-07-18
XEC,XEC.W^E14,2012-07-18,ESG-GARCH(E),0.4837903758007599,9.28782252846986,E,2012-07-18
XEC,XEC.W^E14,2012-07-18,ESG-GARCH(G),0.4836911197851823,9.284011879327128,G,2012-07-18
XEC,XEC.W^E14,2012-07-18,ESG-GARCH(S),0.4837626545435859,9.286758171867335,S,2012-07-18
XEC,XEC.W^E14,2012-07-18,ESG-GJR-GARCH,0.4583104369883837,8.335256216368384,all,2012-07-18
XEC,XEC.W^E14,2012-07-18,ESG-GJR-GARCH(E),0.4579043950753601,8.320493453544902,E,2012-07-18
XEC,XEC.W^E14,2012-07-18,ESG-GJR-GARCH(G),0.4594409975946966,8.376429772651191,G,2012-07-18
XEC,XEC.W^E14,2012-07-18,ESG-GJR-GARCH(S),0.45783605641713,8.31801010141228,S,2012-07-18
XEC,XEC.W^E14,2012-07-18,GARCH,0.4938448339782605,9.677885716151415,,2012-07-18
XEC,XEC.W^E14,2012-07-18,GJR-GARCH,0.4533181351961993,8.154656019752368,,2012-07-18
XEC,XEC.W^E14,2012-07-19,EGARCH,0.5172689315494994,10.617743950252407,,2012-07-18
XEC,XEC.W^E14,2012-07-19,ESG-EGARCH,0.497429758448823,9.818903356764064,all,2012-07-18
XEC,XEC.W^E14,2012-07-19,ESG-EGARCH(E),0.497514206310041,9.822237519059923,E,2012-07-18
XEC,XEC.W^E14,2012-07-19,ESG-EGARCH(G),0.4971958789250841,9.809672302384396,G,2012-07-18
XEC,XEC.W^E14,2012-07-19,ESG-EGARCH(S),0.4974703736884339,9.820506853083732,S,2012-07-18
XEC,XEC.W^E14,2012-07-19,ESG-GARCH,0.4838980303799228,9.291956500220982,all,2012-07-18
XEC,XEC.W^E14,2012-07-19,ESG-GARCH(E),0.4837903758007599,9.28782252846986,E,2012-07-18
XEC,XEC.W^E14,2012-07-19,ESG-GARCH(G),0.4836911197851823,9.284011879327128,G,2012-07-18
XEC,XEC.W^E14,2012-07-19,ESG-GARCH(S),0.4837626545435859,9.286758171867335,S,2012-07-18
XEC,XEC.W^E14,2012-07-19,ESG-GJR-GARCH,0.4583104369883837,8.335256216368384,all,2012-07-18
XEC,XEC.W^E14,2012-07-19,ESG-GJR-GARCH(E),0.4579043950753601,8.320493453544902,E,2012-07-18
XEC,XEC.W^E14,2012-07-19,ESG-GJR-GARCH(G),0.4594409975946966,8.376429772651191,G,2012-07-18
XEC,XEC.W^E14,2012-07-19,ESG-GJR-GARCH(S),0.45783605641713,8.31801010141228,S,2012-07-18
XEC,XEC.W^E14,2012-07-19,GARCH,0.4938448339782605,9.677885716151415,,2012-07-18
XEC,XEC.W^E14,2012-07-19,GJR-GARCH,0.4533181351961993,8.154656019752368,,2012-07-18
XEC,XEC.W^E14,2012-07-20,EGARCH,0.5172689315494994,10.617743950252407,,2012-07-18
XEC,XEC.W^E14,2012-07-20,ESG-EGARCH,0.497429758448823,9.818903356764064,all,2012-07-18
XEC,XEC.W^E14,2012-07-20,ESG-EGARCH(E),0.497514206310041,9.822237519059923,E,2012-07-18
XEC,XEC.W^E14,2012-07-20,ESG-EGARCH(G),0.4971958789250841,9.809672302384396,G,2012-07-18
XEC,XEC.W^E14,2012-07-20,ESG-EGARCH(S),0.4974703736884339,9.820506853083732,S,2012-07-18
XEC,XEC.W^E14,2012-07-20,ESG-GARCH,0.4838980303799228,9.291956500220982,all,2012-07-18
XEC,XEC.W^E14,2012-07-20,ESG-GARCH(E),0.4837903758007599,9.28782252846986,E,2012-07-18
XEC,XEC.W^E14,2012-07-20,ESG-GARCH(G),0.4836911197851823,9.284011879327128,G,2012-07-18
XEC,XEC.W^E14,2012-07-20,ESG-GARCH(S),0.4837626545435859,9.286758171867335,S,2012-07-18
XEC,XEC.W^E14,2012-07-20,ESG-GJR-GARCH,0.4583104369883837,8.335256216368384,all,2012-07-18
XEC,XEC.W^E14,2012-07-20,ESG-GJR-GARCH(E),0.4579043950753601,8.320493453544902,E,2012-07-18
XEC,XEC.W^E14,2012-07-20,ESG-GJR-GARCH(G),0.4594409975946966,8.376429772651191,G,2012-07-18
XEC,XEC.W^E14,2012-07-20,ESG-GJR-GARCH(S),0.45783605641713,8.31801010141228,S,2012-07-18
XEC,XEC.W^E14,2012-07-20,GARCH,0.4938448339782605,9.677885716151415,,2012-07-18
XEC,XEC.W^E14,2012-07-20,GJR-GARCH,0.4533181351961993,8.154656019752368,,2012-07-18
XEC,XEC.W^E14,2012-07-23,EGARCH,0.5172689315494994,10.617743950252407,,2012-07-18
XEC,XEC.W^E14,2012-07-23,ESG-EGARCH,0.497429758448823,9.818903356764064,all,2012-07-18
XEC,XEC.W^E14,2012-07-23,ESG-EGARCH(E),0.497514206310041,9.822237519059923,E,2012-07-18
XEC,XEC.W^E14,2012-07-23,ESG-EGARCH(G),0.4971958789250841,9.809672302384396,G,2012-07-18
XEC,XEC.W^E14,2012-07-23,ESG-EGARCH(S),0.4974703736884339,9.820506853083732,S,2012-07-18
XEC,XEC.W^E14,2012-07-23,ESG-GARCH,0.4838980303799228,9.291956500220982,all,2012-07-18
XEC,XEC.W^E14,2012-07-23,ESG-GARCH(E),0.4837903758007599,9.28782252846986,E,2012-07-18
XEC,XEC.W^E14,2012-07-23,ESG-GARCH(G),0.4836911197851823,9.284011879327128,G,2012-07-18
XEC,XEC.W^E14,2012-07-23,ESG-GARCH(S),0.4837626545435859,9.286758171867335,S,2012-07-18
XEC,XEC.W^E14,2012-07-23,ESG-GJR-GARCH,0.4583104369883837,8.335256216368384,all,2012-07-18
XEC,XEC.W^E14,2012-07-23,ESG-GJR-GARCH(E),0.4579043950753601,8.320493453544902,E,2012-07-18
XEC,XEC.W^E14,2012-07-23,ESG-GJR-GARCH(G),0.4594409975946966,8.376429772651191,G,2012-07-18
XEC,XEC.W^E14,2012-07-23,ESG-GJR-GARCH(S),0.45783605641713,8.31801010141228,S,2012-07-18
XEC,XEC.W^E14,2012-07-23,GARCH,0.4938448339782605,9.677885716151415,,2012-07-18
XEC,XEC.W^E14,2012-07-23,GJR-GARCH,0.4533181351961993,8.154656019752368,,2012-07-18
XEC,XEC.W^E14,2012-07-24,EGARCH,0.5172689315494994,10.617743950252407,,2012-07-18
XEC,XEC.W^E14,2012-07-24,ESG-EGARCH,0.497429758448823,9.818903356764064,all,2012-07-18
XEC,XEC.W^E14,2012-07-24,ESG-EGARCH(E),0.497514206310041,9.822237519059923,E,2012-07-18
XEC,XEC.W^E14,2012-07-24,ESG-EGARCH(G),0.4971958789250841,9.809672302384396,G,2012-07-18
XEC,XEC.W^E14,2012-07-24,ESG-EGARCH(S),0.4974703736884339,9.820506853083732,S,2012-07-18
XEC,XEC.W^E14,2012-07-24,ESG-GARCH,0.4838980303799228,9.291956500220982,all,2012-07-18
XEC,XEC.W^E14,2012-07-24,ESG-GARCH(E),0.4837903758007599,9.28782252846986,E,2012-07-18
XEC,XEC.W^E14,2012-07-24,ESG-GARCH(G),0.4836911197851823,9.284011879327128,G,2012-07-18
XEC,XEC.W^E14,2012-07-24,ESG-GARCH(S),0.4837626545435859,9.286758171867335,S,2012-07-18
XEC,XEC.W^E14,2012-07-24,ESG-GJR-GARCH,0.4583104369883837,8.335256216368384,all,2012-07-18
XEC,XEC.W^E14,2012-07-24,ESG-GJR-GARCH(E),0.4579043950753601,8.320493453544902,E,2012-07-18
XEC,XEC.W^E14,2012-07-24,ESG-GJR-GARCH(G),0.4594409975946966,8.376429772651191,G,2012-07-18
XEC,XEC.W^E14,2012-07-24,ESG-GJR-GARCH(S),0.45783605641713,8.31801010141228,S,2012-07-18
XEC,XEC.W^E14,2012-07-24,GARCH,0.4938448339782605,9.677885716151415,,2012-07-18
XEC,XEC.W^E14,2012-07-24,GJR-GARCH,0.4533181351961993,8.154656019752368,,2012-07-18
XEC,XEC.W^E14,2012-07-25,EGARCH,0.5172689315494994,10.617743950252407,,2012-07-18
XEC,XEC.W^E14,2012-07-25,ESG-EGARCH,0.497429758448823,9.818903356764064,all,2012-07-18
XEC,XEC.W^E14,2012-07-25,ESG-EGARCH(E),0.497514206310041,9.822237519059923,E,2012-07-18
XEC,XEC.W^E14,2012-07-25,ESG-EGARCH(G),0.4971958789250841,9.809672302384396,G,2012-07-18
XEC,XEC.W^E14,2012-07-25,ESG-EGARCH(S),0.4974703736884339,9.820506853083732,S,2012-07-18
XEC,XEC.W^E14,2012-07-25,ESG-GARCH,0.4838980303799228,9.291956500220982,all,2012-07-18
XEC,XEC.W^E14,2012-07-25,ESG-GARCH(E),0.4837903758007599,9.28782252846986,E,2012-07-18
XEC,XEC.W^E14,2012-07-25,ESG-GARCH(G),0.4836911197851823,9.284011879327128,G,2012-07-18
XEC,XEC.W^E14,2012-07-25,ESG-GARCH(S),0.4837626545435859,9.286758171867335,S,2012-07-18
XEC,XEC.W^E14,2012-07-25,ESG-GJR-GARCH,0.4583104369883837,8.335256216368384,all,2012-07-18
XEC,XEC.W^E14,2012-07-25,ESG-GJR-GARCH(E),0.4579043950753601,8.320493453544902,E,2012-07-18
XEC,XEC.W^E14,2012-07-25,ESG-GJR-GARCH(G),0.4594409975946966,8.376429772651191,G,2012-07-18
XEC,XEC.W^E14,2012-07-25,ESG-GJR-GARCH(S),0.45783605641713,8.31801010141228,S,2012-07-18
XEC,XEC.W^E14,2012-07-25,GARCH,0.4938448339782605,9.677885716151415,,2012-07-18
XEC,XEC.W^E14,2012-07-25,GJR-GARCH,0.4533181351961993,8.154656019752368,,2012-07-18
XEC,XEC.W^E14,2012-07-26,EGARCH,0.5172689315494994,10.617743950252407,,2012-07-18
XEC,XEC.W^E14,2012-07-26,ESG-EGARCH,0.497429758448823,9.818903356764064,all,2012-07-18
XEC,XEC.W^E14,2012-07-26,ESG-EGARCH(E),0.497514206310041,9.822237519059923,E,2012-07-18
XEC,XEC.W^E14,2012-07-26,ESG-EGARCH(G),0.4971958789250841,9.809672302384396,G,2012-07-18
XEC,XEC.W^E14,2012-07-26,ESG-EGARCH(S),0.4974703736884339,9.820506853083732,S,2012-07-18
XEC,XEC.W^E14,2012-07-26,ESG-GARCH,0.4838980303799228,9.291956500220982,all,2012-07-18
XEC,XEC.W^E14,2012-07-26,ESG-GARCH(E),0.4837903758007599,9.28782252846986,E,2012-07-18
XEC,XEC.W^E14,2012-07-26,ESG-GARCH(G),0.4836911197851823,9.284011879327128,G,2012-07-18
XEC,XEC.W^E14,2012-07-26,ESG-GARCH(S),0.4837626545435859,9.286758171867335,S,2012-07-18
XEC,XEC.W^E14,2012-07-26,ESG-GJR-GARCH,0.4583104369883837,8.335256216368384,all,2012-07-18
XEC,XEC.W^E14,2012-07-26,ESG-GJR-GARCH(E),0.4579043950753601,8.320493453544902,E,2012-07-18
XEC,XEC.W^E14,2012-07-26,ESG-GJR-GARCH(G),0.4594409975946966,8.376429772651191,G,2012-07-18
XEC,XEC.W^E14,2012-07-26,ESG-GJR-GARCH(S),0.45783605641713,8.31801010141228,S,2012-07-18
XEC,XEC.W^E14,2012-07-26,GARCH,0.4938448339782605,9.677885716151415,,2012-07-18
XEC,XEC.W^E14,2012-07-26,GJR-GARCH,0.4533181351961993,8.154656019752368,,2012-07-18
XEC,XEC.W^E14,2012-07-27,EGARCH,0.5172689315494994,10.617743950252407,,2012-07-18
XEC,XEC.W^E14,2012-07-27,ESG-EGARCH,0.497429758448823,9.818903356764064,all,2012-07-18
XEC,XEC.W^E14,2012-07-27,ESG-EGARCH(E),0.497514206310041,9.822237519059923,E,2012-07-18
XEC,XEC.W^E14,2012-07-27,ESG-EGARCH(G),0.4971958789250841,9.809672302384396,G,2012-07-18
XEC,XEC.W^E14,2012-07-27,ESG-EGARCH(S),0.4974703736884339,9.820506853083732,S,2012-07-18
XEC,XEC.W^E14,2012-07-27,ESG-GARCH,0.4838980303799228,9.291956500220982,all,2012-07-18
XEC,XEC.W^E14,2012-07-27,ESG-GARCH(E),0.4837903758007599,9.28782252846986,E,2012-07-18
XEC,XEC.W^E14,2012-07-27,ESG-GARCH(G),0.4836911197851823,9.284011879327128,G,2012-07-18
XEC,XEC.W^E14,2012-07-27,ESG-GARCH(S),0.4837626545435859,9.286758171867335,S,2012-07-18
XEC,XEC.W^E14,2012-07-27,ESG-GJR-GARCH,0.4583104369883837,8.335256216368384,all,2012-07-18
XEC,XEC.W^E14,2012-07-27,ESG-GJR-GARCH(E),0.4579043950753601,8.320493453544902,E,2012-07-18
XEC,XEC.W^E14,2012-07-27,ESG-GJR-GARCH(G),0.4594409975946966,8.376429772651191,G,2012-07-18
XEC,XEC.W^E14,2012-07-27,ESG-GJR-GARCH(S),0.45783605641713,8.31801010141228,S,2012-07-18
XEC,XEC.W^E14,2012-07-27,GARCH,0.4938448339782605,9.677885716151415,,2012-07-18
XEC,XEC.W^E14,2012-07-27,GJR-GARCH,0.4533181351961993,8.154656019752368,,2012-07-18
XEC,XEC.W^E14,2012-07-30,EGARCH,0.5172689315494994,10.617743950252407,,2012-07-18
XEC,XEC.W^E14,2012-07-30,ESG-EGARCH,0.497429758448823,9.818903356764064,all,2012-07-18
XEC,XEC.W^E14,2012-07-30,ESG-EGARCH(E),0.497514206310041,9.822237519059923,E,2012-07-18
XEC,XEC.W^E14,2012-07-30,ESG-EGARCH(G),0.4971958789250841,9.809672302384396,G,2012-07-18
XEC,XEC.W^E14,2012-07-30,ESG-EGARCH(S),0.4974703736884339,9.820506853083732,S,2012-07-18
XEC,XEC.W^E14,2012-07-30,ESG-GARCH,0.4838980303799228,9.291956500220982,all,2012-07-18
XEC,XEC.W^E14,2012-07-30,ESG-GARCH(E),0.4837903758007599,9.28782252846986,E,2012-07-18
XEC,XEC.W^E14,2012-07-30,ESG-GARCH(G),0.4836911197851823,9.284011879327128,G,2012-07-18
XEC,XEC.W^E14,2012-07-30,ESG-GARCH(S),0.4837626545435859,9.286758171867335,S,2012-07-18
XEC,XEC.W^E14,2012-07-30,ESG-GJR-GARCH,0.4583104369883837,8.335256216368384,all,2012-07-18
XEC,XEC.W^E14,2012-07-30,ESG-GJR-GARCH(E),0.4579043950753601,8.320493453544902,E,2012-07-18
XEC,XEC.W^E14,2012-07-30,ESG-GJR-GARCH(G),0.4594409975946966,8.376429772651191,G,2012-07-18
XEC,XEC.W^E14,2012-07-30,ESG-GJR-GARCH(S),0.45783605641713,8.31801010141228,S,2012-07-18
XEC,XEC.W^E14,2012-07-30,GARCH,0.4938448339782605,9.677885716151415,,2012-07-18
XEC,XEC.W^E14,2012-07-30,GJR-GARCH,0.4533181351961993,8.154656019752368,,2012-07-18
XEC,XEC.W^E14,2012-07-31,EGARCH,0.5172689315494994,10.617743950252407,,2012-07-18
XEC,XEC.W^E14,2012-07-31,ESG-EGARCH,0.497429758448823,9.818903356764064,all,2012-07-18
XEC,XEC.W^E14,2012-07-31,ESG-EGARCH(E),0.497514206310041,9.822237519059923,E,2012-07-18
XEC,XEC.W^E14,2012-07-31,ESG-EGARCH(G),0.4971958789250841,9.809672302384396,G,2012-07-18
XEC,XEC.W^E14,2012-07-31,ESG-EGARCH(S),0.4974703736884339,9.820506853083732,S,2012-07-18
XEC,XEC.W^E14,2012-07-31,ESG-GARCH,0.4838980303799228,9.291956500220982,all,2012-07-18
XEC,XEC.W^E14,2012-07-31,ESG-GARCH(E),0.4837903758007599,9.28782252846986,E,2012-07-18
XEC,XEC.W^E14,2012-07-31,ESG-GARCH(G),0.4836911197851823,9.284011879327128,G,2012-07-18
XEC,XEC.W^E14,2012-07-31,ESG-GARCH(S),0.4837626545435859,9.286758171867335,S,2012-07-18
XEC,XEC.W^E14,2012-07-31,ESG-GJR-GARCH,0.4583104369883837,8.335256216368384,all,2012-07-18
XEC,XEC.W^E14,2012-07-31,ESG-GJR-GARCH(E),0.4579043950753601,8.320493453544902,E,2012-07-18
XEC,XEC.W^E14,2012-07-31,ESG-GJR-GARCH(G),0.4594409975946966,8.376429772651191,G,2012-07-18
XEC,XEC.W^E14,2012-07-31,ESG-GJR-GARCH(S),0.45783605641713,8.31801010141228,S,2012-07-18
XEC,XEC.W^E14,2012-07-31,GARCH,0.4938448339782605,9.677885716151415,,2012-07-18
XEC,XEC.W^E14,2012-07-31,GJR-GARCH,0.4533181351961993,8.154656019752368,,2012-07-18
XEC,XEC.W^E14,2012-08-01,EGARCH,0.5172689315494994,10.617743950252407,,2012-07-18
XEC,XEC.W^E14,2012-08-01,ESG-EGARCH,0.497429758448823,9.818903356764064,all,2012-07-18
XEC,XEC.W^E14,2012-08-01,ESG-EGARCH(E),0.497514206310041,9.822237519059923,E,2012-07-18
XEC,XEC.W^E14,2012-08-01,ESG-EGARCH(G),0.4971958789250841,9.809672302384396,G,2012-07-18
XEC,XEC.W^E14,2012-08-01,ESG-EGARCH(S),0.4974703736884339,9.820506853083732,S,2012-07-18
XEC,XEC.W^E14,2012-08-01,ESG-GARCH,0.4838980303799228,9.291956500220982,all,2012-07-18
XEC,XEC.W^E14,2012-08-01,ESG-GARCH(E),0.4837903758007599,9.28782252846986,E,2012-07-18
XEC,XEC.W^E14,2012-08-01,ESG-GARCH(G),0.4836911197851823,9.284011879327128,G,2012-07-18
XEC,XEC.W^E14,2012-08-01,ESG-GARCH(S),0.4837626545435859,9.286758171867335,S,2012-07-18
XEC,XEC.W^E14,2012-08-01,ESG-GJR-GARCH,0.4583104369883837,8.335256216368384,all,2012-07-18
XEC,XEC.W^E14,2012-08-01,ESG-GJR-GARCH(E),0.4579043950753601,8.320493453544902,E,2012-07-18
XEC,XEC.W^E14,2012-08-01,ESG-GJR-GARCH(G),0.4594409975946966,8.376429772651191,G,2012-07-18
XEC,XEC.W^E14,2012-08-01,ESG-GJR-GARCH(S),0.45783605641713,8.31801010141228,S,2012-07-18
XEC,XEC.W^E14,2012-08-01,GARCH,0.4938448339782605,9.677885716151415,,2012-07-18
XEC,XEC.W^E14,2012-08-01,GJR-GARCH,0.4533181351961993,8.154656019752368,,2012-07-18
XEC,XEC.W^E14,2012-08-02,EGARCH,0.5172689315494994,10.617743950252407,,2012-07-18
XEC,XEC.W^E14,2012-08-02,ESG-EGARCH,0.497429758448823,9.818903356764064,all,2012-07-18
XEC,XEC.W^E14,2012-08-02,ESG-EGARCH(E),0.497514206310041,9.822237519059923,E,2012-07-18
XEC,XEC.W^E14,2012-08-02,ESG-EGARCH(G),0.4971958789250841,9.809672302384396,G,2012-07-18
XEC,XEC.W^E14,2012-08-02,ESG-EGARCH(S),0.4974703736884339,9.820506853083732,S,2012-07-18
XEC,XEC.W^E14,2012-08-02,ESG-GARCH,0.4838980303799228,9.291956500220982,all,2012-07-18
XEC,XEC.W^E14,2012-08-02,ESG-GARCH(E),0.4837903758007599,9.28782252846986,E,2012-07-18
XEC,XEC.W^E14,2012-08-02,ESG-GARCH(G),0.4836911197851823,9.284011879327128,G,2012-07-18
XEC,XEC.W^E14,2012-08-02,ESG-GARCH(S),0.4837626545435859,9.286758171867335,S,2012-07-18
XEC,XEC.W^E14,2012-08-02,ESG-GJR-GARCH,0.4583104369883837,8.335256216368384,all,2012-07-18
XEC,XEC.W^E14,2012-08-02,ESG-GJR-GARCH(E),0.4579043950753601,8.320493453544902,E,2012-07-18
XEC,XEC.W^E14,2012-08-02,ESG-GJR-GARCH(G),0.4594409975946966,8.376429772651191,G,2012-07-18
XEC,XEC.W^E14,2012-08-02,ESG-GJR-GARCH(S),0.45783605641713,8.31801010141228,S,2012-07-18
XEC,XEC.W^E14,2012-08-02,GARCH,0.4938448339782605,9.677885716151415,,2012-07-18
XEC,XEC.W^E14,2012-08-02,GJR-GARCH,0.4533181351961993,8.154656019752368,,2012-07-18
XEC,XEC.W^E14,2012-08-03,EGARCH,0.5172689315494994,10.617743950252407,,2012-07-18
XEC,XEC.W^E14,2012-08-03,ESG-EGARCH,0.497429758448823,9.818903356764064,all,2012-07-18
XEC,XEC.W^E14,2012-08-03,ESG-EGARCH(E),0.497514206310041,9.822237519059923,E,2012-07-18
XEC,XEC.W^E14,2012-08-03,ESG-EGARCH(G),0.4971958789250841,9.809672302384396,G,2012-07-18
XEC,XEC.W^E14,2012-08-03,ESG-EGARCH(S),0.4974703736884339,9.820506853083732,S,2012-07-18
XEC,XEC.W^E14,2012-08-03,ESG-GARCH,0.4838980303799228,9.291956500220982,all,2012-07-18
XEC,XEC.W^E14,2012-08-03,ESG-GARCH(E),0.4837903758007599,9.28782252846986,E,2012-07-18
XEC,XEC.W^E14,2012-08-03,ESG-GARCH(G),0.4836911197851823,9.284011879327128,G,2012-07-18
XEC,XEC.W^E14,2012-08-03,ESG-GARCH(S),0.4837626545435859,9.286758171867335,S,2012-07-18
XEC,XEC.W^E14,2012-08-03,ESG-GJR-GARCH,0.4583104369883837,8.335256216368384,all,2012-07-18
XEC,XEC.W^E14,2012-08-03,ESG-GJR-GARCH(E),0.4579043950753601,8.320493453544902,E,2012-07-18
XEC,XEC.W^E14,2012-08-03,ESG-GJR-GARCH(G),0.4594409975946966,8.376429772651191,G,2012-07-18
XEC,XEC.W^E14,2012-08-03,ESG-GJR-GARCH(S),0.45783605641713,8.31801010141228,S,2012-07-18
XEC,XEC.W^E14,2012-08-03,GARCH,0.4938448339782605,9.677885716151415,,2012-07-18
XEC,XEC.W^E14,2012-08-03,GJR-GARCH,0.4533181351961993,8.154656019752368,,2012-07-18
XEC,XEC.W^E14,2012-08-06,EGARCH,0.5172689315494994,10.617743950252407,,2012-07-18
XEC,XEC.W^E14,2012-08-06,ESG-EGARCH,0.497429758448823,9.818903356764064,all,2012-07-18
XEC,XEC.W^E14,2012-08-06,ESG-EGARCH(E),0.497514206310041,9.822237519059923,E,2012-07-18
XEC,XEC.W^E14,2012-08-06,ESG-EGARCH(G),0.4971958789250841,9.809672302384396,G,2012-07-18
XEC,XEC.W^E14,2012-08-06,ESG-EGARCH(S),0.4974703736884339,9.820506853083732,S,2012-07-18
XEC,XEC.W^E14,2012-08-06,ESG-GARCH,0.4838980303799228,9.291956500220982,all,2012-07-18
XEC,XEC.W^E14,2012-08-06,ESG-GARCH(E),0.4837903758007599,9.28782252846986,E,2012-07-18
XEC,XEC.W^E14,2012-08-06,ESG-GARCH(G),0.4836911197851823,9.284011879327128,G,2012-07-18
XEC,XEC.W^E14,2012-08-06,ESG-GARCH(S),0.4837626545435859,9.286758171867335,S,2012-07-18
XEC,XEC.W^E14,2012-08-06,ESG-GJR-GARCH,0.4583104369883837,8.335256216368384,all,2012-07-18
XEC,XEC.W^E14,2012-08-06,ESG-GJR-GARCH(E),0.4579043950753601,8.320493453544902,E,2012-07-18
XEC,XEC.W^E14,2012-08-06,ESG-GJR-GARCH(G),0.4594409975946966,8.376429772651191,G,2012-07-18
XEC,XEC.W^E14,2012-08-06,ESG-GJR-GARCH(S),0.45783605641713,8.31801010141228,S,2012-07-18
XEC,XEC.W^E14,2012-08-06,GARCH,0.4938448339782605,9.677885716151415,,2012-07-18
XEC,XEC.W^E14,2012-08-06,GJR-GARCH,0.4533181351961993,8.154656019752368,,2012-07-18
XEC,XEC.W^E14,2012-08-07,EGARCH,0.5172689315494994,10.617743950252407,,2012-07-18
XEC,XEC.W^E14,2012-08-07,ESG-EGARCH,0.497429758448823,9.818903356764064,all,2012-07-18
XEC,XEC.W^E14,2012-08-07,ESG-EGARCH(E),0.497514206310041,9.822237519059923,E,2012-07-18
XEC,XEC.W^E14,2012-08-07,ESG-EGARCH(G),0.4971958789250841,9.809672302384396,G,2012-07-18
XEC,XEC.W^E14,2012-08-07,ESG-EGARCH(S),0.4974703736884339,9.820506853083732,S,2012-07-18
XEC,XEC.W^E14,2012-08-07,ESG-GARCH,0.4838980303799228,9.291956500220982,all,2012-07-18
XEC,XEC.W^E14,2012-08-07,ESG-GARCH(E),0.4837903758007599,9.28782252846986,E,2012-07-18
XEC,XEC.W^E14,2012-08-07,ESG-GARCH(G),0.4836911197851823,9.284011879327128,G,2012-07-18
XEC,XEC.W^E14,2012-08-07,ESG-GARCH(S),0.4837626545435859,9.286758171867335,S,2012-07-18
XEC,XEC.W^E14,2012-08-07,ESG-GJR-GARCH,0.4583104369883837,8.335256216368384,all,2012-07-18
XEC,XEC.W^E14,2012-08-07,ESG-GJR-GARCH(E),0.4579043950753601,8.320493453544902,E,2012-07-18
XEC,XEC.W^E14,2012-08-07,ESG-GJR-GARCH(G),0.4594409975946966,8.376429772651191,G,2012-07-18
XEC,XEC.W^E14,2012-08-07,ESG-GJR-GARCH(S),0.45783605641713,8.31801010141228,S,2012-07-18
XEC,XEC.W^E14,2012-08-07,GARCH,0.4938448339782605,9.677885716151415,,2012-07-18
XEC,XEC.W^E14,2012-08-07,GJR-GARCH,0.4533181351961993,8.154656019752368,,2012-07-18
XEC,XEC.W^E14,2012-08-08,EGARCH,0.5172689315494994,10.617743950252407,,2012-07-18
XEC,XEC.W^E14,2012-08-08,ESG-EGARCH,0.497429758448823,9.818903356764064,all,2012-07-18
XEC,XEC.W^E14,2012-08-08,ESG-EGARCH(E),0.497514206310041,9.822237519059923,E,2012-07-18
XEC,XEC.W^E14,2012-08-08,ESG-EGARCH(G),0.4971958789250841,9.809672302384396,G,2012-07-18
XEC,XEC.W^E14,2012-08-08,ESG-EGARCH(S),0.4974703736884339,9.820506853083732,S,2012-07-18
XEC,XEC.W^E14,2012-08-08,ESG-GARCH,0.4838980303799228,9.291956500220982,all,2012-07-18
XEC,XEC.W^E14,2012-08-08,ESG-GARCH(E),0.4837903758007599,9.28782252846986,E,2012-07-18
XEC,XEC.W^E14,2012-08-08,ESG-GARCH(G),0.4836911197851823,9.284011879327128,G,2012-07-18
XEC,XEC.W^E14,2012-08-08,ESG-GARCH(S),0.4837626545435859,9.286758171867335,S,2012-07-18
XEC,XEC.W^E14,2012-08-08,ESG-GJR-GARCH,0.4583104369883837,8.335256216368384,all,2012-07-18
XEC,XEC.W^E14,2012-08-08,ESG-GJR-GARCH(E),0.4579043950753601,8.320493453544902,E,2012-07-18
XEC,XEC.W^E14,2012-08-08,ESG-GJR-GARCH(G),0.4594409975946966,8.376429772651191,G,2012-07-18
XEC,XEC.W^E14,2012-08-08,ESG-GJR-GARCH(S),0.45783605641713,8.31801010141228,S,2012-07-18
XEC,XEC.W^E14,2012-08-08,GARCH,0.4938448339782605,9.677885716151415,,2012-07-18
XEC,XEC.W^E14,2012-08-08,GJR-GARCH,0.4533181351961993,8.154656019752368,,2012-07-18
XEC,XEC.W^E14,2012-08-09,EGARCH,0.5172689315494994,10.617743950252407,,2012-07-18
XEC,XEC.W^E14,2012-08-09,ESG-EGARCH,0.497429758448823,9.818903356764064,all,2012-07-18
XEC,XEC.W^E14,2012-08-09,ESG-EGARCH(E),0.497514206310041,9.822237519059923,E,2012-07-18
XEC,XEC.W^E14,2012-08-09,ESG-EGARCH(G),0.4971958789250841,9.809672302384396,G,2012-07-18
XEC,XEC.W^E14,2012-08-09,ESG-EGARCH(S),0.4974703736884339,9.820506853083732,S,2012-07-18
XEC,XEC.W^E14,2012-08-09,ESG-GARCH,0.4838980303799228,9.291956500220982,all,2012-07-18
XEC,XEC.W^E14,2012-08-09,ESG-GARCH(E),0.4837903758007599,9.28782252846986,E,2012-07-18
XEC,XEC.W^E14,2012-08-09,ESG-GARCH(G),0.4836911197851823,9.284011879327128,G,2012-07-18
XEC,XEC.W^E14,2012-08-09,ESG-GARCH(S),0.4837626545435859,9.286758171867335,S,2012-07-18
XEC,XEC.W^E14,2012-08-09,ESG-GJR-GARCH,0.4583104369883837,8.335256216368384,all,2012-07-18
XEC,XEC.W^E14,2012-08-09,ESG-GJR-GARCH(E),0.4579043950753601,8.320493453544902,E,2012-07-18
XEC,XEC.W^E14,2012-08-09,ESG-GJR-GARCH(G),0.4594409975946966,8.376429772651191,G,2012-07-18
XEC,XEC.W^E14,2012-08-09,ESG-GJR-GARCH(S),0.45783605641713,8.31801010141228,S,2012-07-18
XEC,XEC.W^E14,2012-08-09,GARCH,0.4938448339782605,9.677885716151415,,2012-07-18
XEC,XEC.W^E14,2012-08-09,GJR-GARCH,0.4533181351961993,8.154656019752368,,2012-07-18
XEC,XEC.W^E14,2012-08-10,EGARCH,0.5172689315494994,10.617743950252407,,2012-07-18
XEC,XEC.W^E14,2012-08-10,ESG-EGARCH,0.497429758448823,9.818903356764064,all,2012-07-18
XEC,XEC.W^E14,2012-08-10,ESG-EGARCH(E),0.497514206310041,9.822237519059923,E,2012-07-18
XEC,XEC.W^E14,2012-08-10,ESG-EGARCH(G),0.4971958789250841,9.809672302384396,G,2012-07-18
XEC,XEC.W^E14,2012-08-10,ESG-EGARCH(S),0.4974703736884339,9.820506853083732,S,2012-07-18
XEC,XEC.W^E14,2012-08-10,ESG-GARCH,0.4838980303799228,9.291956500220982,all,2012-07-18
XEC,XEC.W^E14,2012-08-10,ESG-GARCH(E),0.4837903758007599,9.28782252846986,E,2012-07-18
XEC,XEC.W^E14,2012-08-10,ESG-GARCH(G),0.4836911197851823,9.284011879327128,G,2012-07-18
XEC,XEC.W^E14,2012-08-10,ESG-GARCH(S),0.4837626545435859,9.286758171867335,S,2012-07-18
XEC,XEC.W^E14,2012-08-10,ESG-GJR-GARCH,0.4583104369883837,8.335256216368384,all,2012-07-18
XEC,XEC.W^E14,2012-08-10,ESG-GJR-GARCH(E),0.4579043950753601,8.320493453544902,E,2012-07-18
XEC,XEC.W^E14,2012-08-10,ESG-GJR-GARCH(G),0.4594409975946966,8.376429772651191,G,2012-07-18
XEC,XEC.W^E14,2012-08-10,ESG-GJR-GARCH(S),0.45783605641713,8.31801010141228,S,2012-07-18
XEC,XEC.W^E14,2012-08-10,GARCH,0.4938448339782605,9.677885716151415,,2012-07-18
XEC,XEC.W^E14,2012-08-10,GJR-GARCH,0.4533181351961993,8.154656019752368,,2012-07-18
XEC,XEC.W^E14,2012-08-13,EGARCH,0.5172689315494994,10.617743950252407,,2012-07-18
XEC,XEC.W^E14,2012-08-13,ESG-EGARCH,0.497429758448823,9.818903356764064,all,2012-07-18
XEC,XEC.W^E14,2012-08-13,ESG-EGARCH(E),0.497514206310041,9.822237519059923,E,2012-07-18
XEC,XEC.W^E14,2012-08-13,ESG-EGARCH(G),0.4971958789250841,9.809672302384396,G,2012-07-18
XEC,XEC.W^E14,2012-08-13,ESG-EGARCH(S),0.4974703736884339,9.820506853083732,S,2012-07-18
XEC,XEC.W^E14,2012-08-13,ESG-GARCH,0.4838980303799228,9.291956500220982,all,2012-07-18
XEC,XEC.W^E14,2012-08-13,ESG-GARCH(E),0.4837903758007599,9.28782252846986,E,2012-07-18
XEC,XEC.W^E14,2012-08-13,ESG-GARCH(G),0.4836911197851823,9.284011879327128,G,2012-07-18
XEC,XEC.W^E14,2012-08-13,ESG-GARCH(S),0.4837626545435859,9.286758171867335,S,2012-07-18
XEC,XEC.W^E14,2012-08-13,ESG-GJR-GARCH,0.4583104369883837,8.335256216368384,all,2012-07-18
XEC,XEC.W^E14,2012-08-13,ESG-GJR-GARCH(E),0.4579043950753601,8.320493453544902,E,2012-07-18
XEC,XEC.W^E14,2012-08-13,ESG-GJR-GARCH(G),0.4594409975946966,8.376429772651191,G,2012-07-18
XEC,XEC.W^E14,2012-08-13,ESG-GJR-GARCH(S),0.45783605641713,8.31801010141228,S,2012-07-18
XEC,XEC.W^E14,2012-08-13,GARCH,0.4938448339782605,9.677885716151415,,2012-07-18
XEC,XEC.W^E14,2012-08-13,GJR-GARCH,0.4533181351961993,8.154656019752368,,2012-07-18
XEC,XEC.W^E14,2012-08-14,EGARCH,0.5172689315494994,10.617743950252407,,2012-07-18
XEC,XEC.W^E14,2012-08-14,ESG-EGARCH,0.497429758448823,9.818903356764064,all,2012-07-18
XEC,XEC.W^E14,2012-08-14,ESG-EGARCH(E),0.497514206310041,9.822237519059923,E,2012-07-18
XEC,XEC.W^E14,2012-08-14,ESG-EGARCH(G),0.4971958789250841,9.809672302384396,G,2012-07-18
XEC,XEC.W^E14,2012-08-14,ESG-EGARCH(S),0.4974703736884339,9.820506853083732,S,2012-07-18
XEC,XEC.W^E14,2012-08-14,ESG-GARCH,0.4838980303799228,9.291956500220982,all,2012-07-18
XEC,XEC.W^E14,2012-08-14,ESG-GARCH(E),0.4837903758007599,9.28782252846986,E,2012-07-18
XEC,XEC.W^E14,2012-08-14,ESG-GARCH(G),0.4836911197851823,9.284011879327128,G,2012-07-18
XEC,XEC.W^E14,2012-08-14,ESG-GARCH(S),0.4837626545435859,9.286758171867335,S,2012-07-18
XEC,XEC.W^E14,2012-08-14,ESG-GJR-GARCH,0.4583104369883837,8.335256216368384,all,2012-07-18
XEC,XEC.W^E14,2012-08-14,ESG-GJR-GARCH(E),0.4579043950753601,8.320493453544902,E,2012-07-18
XEC,XEC.W^E14,2012-08-14,ESG-GJR-GARCH(G),0.4594409975946966,8.376429772651191,G,2012-07-18
XEC,XEC.W^E14,2012-08-14,ESG-GJR-GARCH(S),0.45783605641713,8.31801010141228,S,2012-07-18
XEC,XEC.W^E14,2012-08-14,GARCH,0.4938448339782605,9.677885716151415,,2012-07-18
XEC,XEC.W^E14,2012-08-14,GJR-GARCH,0.4533181351961993,8.154656019752368,,2012-07-18
XEC,XEC.W^E14,2012-08-15,EGARCH,0.5172689315494994,10.617743950252407,,2012-07-18
XEC,XEC.W^E14,2012-08-15,ESG-EGARCH,0.497429758448823,9.818903356764064,all,2012-07-18
XEC,XEC.W^E14,2012-08-15,ESG-EGARCH(E),0.497514206310041,9.822237519059923,E,2012-07-18
XEC,XEC.W^E14,2012-08-15,ESG-EGARCH(G),0.4971958789250841,9.809672302384396,G,2012-07-18
XEC,XEC.W^E14,2012-08-15,ESG-EGARCH(S),0.4974703736884339,9.820506853083732,S,2012-07-18
XEC,XEC.W^E14,2012-08-15,ESG-GARCH,0.4838980303799228,9.291956500220982,all,2012-07-18
XEC,XEC.W^E14,2012-08-15,ESG-GARCH(E),0.4837903758007599,9.28782252846986,E,2012-07-18
XEC,XEC.W^E14,2012-08-15,ESG-GARCH(G),0.4836911197851823,9.284011879327128,G,2012-07-18
XEC,XEC.W^E14,2012-08-15,ESG-GARCH(S),0.4837626545435859,9.286758171867335,S,2012-07-18
XEC,XEC.W^E14,2012-08-15,ESG-GJR-GARCH,0.4583104369883837,8.335256216368384,all,2012-07-18
XEC,XEC.W^E14,2012-08-15,ESG-GJR-GARCH(E),0.4579043950753601,8.320493453544902,E,2012-07-18
XEC,XEC.W^E14,2012-08-15,ESG-GJR-GARCH(G),0.4594409975946966,8.376429772651191,G,2012-07-18
XEC,XEC.W^E14,2012-08-15,ESG-GJR-GARCH(S),0.45783605641713,8.31801010141228,S,2012-07-18
XEC,XEC.W^E14,2012-08-15,GARCH,0.4938448339782605,9.677885716151415,,2012-07-18
XEC,XEC.W^E14,2012-08-15,GJR-GARCH,0.4533181351961993,8.154656019752368,,2012-07-18
XEC,XEC.W^E14,2012-08-16,EGARCH,0.5172689315494994,10.617743950252407,,2012-07-18
XEC,XEC.W^E14,2012-08-16,ESG-EGARCH,0.497429758448823,9.818903356764064,all,2012-07-18
XEC,XEC.W^E14,2012-08-16,ESG-EGARCH(E),0.497514206310041,9.822237519059923,E,2012-07-18
XEC,XEC.W^E14,2012-08-16,ESG-EGARCH(G),0.4971958789250841,9.809672302384396,G,2012-07-18
XEC,XEC.W^E14,2012-08-16,ESG-EGARCH(S),0.4974703736884339,9.820506853083732,S,2012-07-18
XEC,XEC.W^E14,2012-08-16,ESG-GARCH,0.4838980303799228,9.291956500220982,all,2012-07-18
XEC,XEC.W^E14,2012-08-16,ESG-GARCH(E),0.4837903758007599,9.28782252846986,E,2012-07-18
XEC,XEC.W^E14,2012-08-16,ESG-GARCH(G),0.4836911197851823,9.284011879327128,G,2012-07-18
XEC,XEC.W^E14,2012-08-16,ESG-GARCH(S),0.4837626545435859,9.286758171867335,S,2012-07-18
XEC,XEC.W^E14,2012-08-16,ESG-GJR-GARCH,0.4583104369883837,8.335256216368384,all,2012-07-18
XEC,XEC.W^E14,2012-08-16,ESG-GJR-GARCH(E),0.4579043950753601,8.320493453544902,E,2012-07-18
XEC,XEC.W^E14,2012-08-16,ESG-GJR-GARCH(G),0.4594409975946966,8.376429772651191,G,2012-07-18
XEC,XEC.W^E14,2012-08-16,ESG-GJR-GARCH(S),0.45783605641713,8.31801010141228,S,2012-07-18
XEC,XEC.W^E14,2012-08-16,GARCH,0.4938448339782605,9.677885716151415,,2012-07-18
XEC,XEC.W^E14,2012-08-16,GJR-GARCH,0.4533181351961993,8.154656019752368,,2012-07-18
XEC,XEC.W^E14,2012-08-17,EGARCH,0.4702219560555135,8.77415428399497,,2012-08-17
XEC,XEC.W^E14,2012-08-17,ESG-EGARCH,0.4783483186710526,9.080044205373923,all,2012-08-17
XEC,XEC.W^E14,2012-08-17,ESG-EGARCH(E),0.478205189558291,9.074611242876236,E,2012-08-17
XEC,XEC.W^E14,2012-08-17,ESG-EGARCH(G),0.4780804868844419,9.069879045224802,G,2012-08-17
XEC,XEC.W^E14,2012-08-17,ESG-EGARCH(S),0.4781697685071954,9.073266964850191,S,2012-08-17
XEC,XEC.W^E14,2012-08-17,ESG-GARCH,0.4751127917758724,8.957625591629506,all,2012-08-17
XEC,XEC.W^E14,2012-08-17,ESG-GARCH(E),0.4749644030957172,8.952031119367897,E,2012-08-17
XEC,XEC.W^E14,2012-08-17,ESG-GARCH(G),0.4749513711803925,8.951539880402182,G,2012-08-17
XEC,XEC.W^E14,2012-08-17,ESG-GARCH(S),0.4749427382059011,8.951214467242822,S,2012-08-17
XEC,XEC.W^E14,2012-08-17,ESG-GJR-GARCH,0.429050411445356,7.304930776247195,all,2012-08-17
XEC,XEC.W^E14,2012-08-17,ESG-GJR-GARCH(E),0.4283618058342664,7.2815014562537215,E,2012-08-17
XEC,XEC.W^E14,2012-08-17,ESG-GJR-GARCH(G),0.4302046705010066,7.344288036542844,G,2012-08-17
XEC,XEC.W^E14,2012-08-17,ESG-GJR-GARCH(S),0.4283148303843487,7.279904520919581,S,2012-08-17
XEC,XEC.W^E14,2012-08-17,GARCH,0.4726974065800651,8.866779293155531,,2012-08-17
XEC,XEC.W^E14,2012-08-17,GJR-GARCH,0.4240903722163463,7.137009674865048,,2012-08-17
XEC,XEC.W^E14,2012-08-20,EGARCH,0.4702219560555135,8.77415428399497,,2012-08-17
XEC,XEC.W^E14,2012-08-20,ESG-EGARCH,0.4783483186710526,9.080044205373923,all,2012-08-17
XEC,XEC.W^E14,2012-08-20,ESG-EGARCH(E),0.478205189558291,9.074611242876236,E,2012-08-17
XEC,XEC.W^E14,2012-08-20,ESG-EGARCH(G),0.4780804868844419,9.069879045224802,G,2012-08-17
XEC,XEC.W^E14,2012-08-20,ESG-EGARCH(S),0.4781697685071954,9.073266964850191,S,2012-08-17
XEC,XEC.W^E14,2012-08-20,ESG-GARCH,0.4751127917758724,8.957625591629506,all,2012-08-17
XEC,XEC.W^E14,2012-08-20,ESG-GARCH(E),0.4749644030957172,8.952031119367897,E,2012-08-17
XEC,XEC.W^E14,2012-08-20,ESG-GARCH(G),0.4749513711803925,8.951539880402182,G,2012-08-17
XEC,XEC.W^E14,2012-08-20,ESG-GARCH(S),0.4749427382059011,8.951214467242822,S,2012-08-17
XEC,XEC.W^E14,2012-08-20,ESG-GJR-GARCH,0.429050411445356,7.304930776247195,all,2012-08-17
XEC,XEC.W^E14,2012-08-20,ESG-GJR-GARCH(E),0.4283618058342664,7.2815014562537215,E,2012-08-17
XEC,XEC.W^E14,2012-08-20,ESG-GJR-GARCH(G),0.4302046705010066,7.344288036542844,G,2012-08-17
XEC,XEC.W^E14,2012-08-20,ESG-GJR-GARCH(S),0.4283148303843487,7.279904520919581,S,2012-08-17
XEC,XEC.W^E14,2012-08-20,GARCH,0.4726974065800651,8.866779293155531,,2012-08-17
XEC,XEC.W^E14,2012-08-20,GJR-GARCH,0.4240903722163463,7.137009674865048,,2012-08-17
XEC,XEC.W^E14,2012-08-21,EGARCH,0.4702219560555135,8.77415428399497,,2012-08-17
XEC,XEC.W^E14,2012-08-21,ESG-EGARCH,0.4783483186710526,9.080044205373923,all,2012-08-17
XEC,XEC.W^E14,2012-08-21,ESG-EGARCH(E),0.478205189558291,9.074611242876236,E,2012-08-17
XEC,XEC.W^E14,2012-08-21,ESG-EGARCH(G),0.4780804868844419,9.069879045224802,G,2012-08-17
XEC,XEC.W^E14,2012-08-21,ESG-EGARCH(S),0.4781697685071954,9.073266964850191,S,2012-08-17
XEC,XEC.W^E14,2012-08-21,ESG-GARCH,0.4751127917758724,8.957625591629506,all,2012-08-17
XEC,XEC.W^E14,2012-08-21,ESG-GARCH(E),0.4749644030957172,8.952031119367897,E,2012-08-17
XEC,XEC.W^E14,2012-08-21,ESG-GARCH(G),0.4749513711803925,8.951539880402182,G,2012-08-17
XEC,XEC.W^E14,2012-08-21,ESG-GARCH(S),0.4749427382059011,8.951214467242822,S,2012-08-17
XEC,XEC.W^E14,2012-08-21,ESG-GJR-GARCH,0.429050411445356,7.304930776247195,all,2012-08-17
XEC,XEC.W^E14,2012-08-21,ESG-GJR-GARCH(E),0.4283618058342664,7.2815014562537215,E,2012-08-17
XEC,XEC.W^E14,2012-08-21,ESG-GJR-GARCH(G),0.4302046705010066,7.344288036542844,G,2012-08-17
XEC,XEC.W^E14,2012-08-21,ESG-GJR-GARCH(S),0.4283148303843487,7.279904520919581,S,2012-08-17
XEC,XEC.W^E14,2012-08-21,GARCH,0.4726974065800651,8.866779293155531,,2012-08-17
XEC,XEC.W^E14,2012-08-21,GJR-GARCH,0.4240903722163463,7.137009674865048,,2012-08-17
XEC,XEC.W^E14,2012-08-22,EGARCH,0.4702219560555135,8.77415428399497,,2012-08-17
XEC,XEC.W^E14,2012-08-22,ESG-EGARCH,0.4783483186710526,9.080044205373923,all,2012-08-17
XEC,XEC.W^E14,2012-08-22,ESG-EGARCH(E),0.478205189558291,9.074611242876236,E,2012-08-17
XEC,XEC.W^E14,2012-08-22,ESG-EGARCH(G),0.4780804868844419,9.069879045224802,G,2012-08-17
XEC,XEC.W^E14,2012-08-22,ESG-EGARCH(S),0.4781697685071954,9.073266964850191,S,2012-08-17
XEC,XEC.W^E14,2012-08-22,ESG-GARCH,0.4751127917758724,8.957625591629506,all,2012-08-17
XEC,XEC.W^E14,2012-08-22,ESG-GARCH(E),0.4749644030957172,8.952031119367897,E,2012-08-17
XEC,XEC.W^E14,2012-08-22,ESG-GARCH(G),0.4749513711803925,8.951539880402182,G,2012-08-17
XEC,XEC.W^E14,2012-08-22,ESG-GARCH(S),0.4749427382059011,8.951214467242822,S,2012-08-17
XEC,XEC.W^E14,2012-08-22,ESG-GJR-GARCH,0.429050411445356,7.304930776247195,all,2012-08-17
XEC,XEC.W^E14,2012-08-22,ESG-GJR-GARCH(E),0.4283618058342664,7.2815014562537215,E,2012-08-17
XEC,XEC.W^E14,2012-08-22,ESG-GJR-GARCH(G),0.4302046705010066,7.344288036542844,G,2012-08-17
XEC,XEC.W^E14,2012-08-22,ESG-GJR-GARCH(S),0.4283148303843487,7.279904520919581,S,2012-08-17
XEC,XEC.W^E14,2012-08-22,GARCH,0.4726974065800651,8.866779293155531,,2012-08-17
XEC,XEC.W^E14,2012-08-22,GJR-GARCH,0.4240903722163463,7.137009674865048,,2012-08-17
XEC,XEC.W^E14,2012-08-23,EGARCH,0.4702219560555135,8.77415428399497,,2012-08-17
XEC,XEC.W^E14,2012-08-23,ESG-EGARCH,0.4783483186710526,9.080044205373923,all,2012-08-17
XEC,XEC.W^E14,2012-08-23,ESG-EGARCH(E),0.478205189558291,9.074611242876236,E,2012-08-17
XEC,XEC.W^E14,2012-08-23,ESG-EGARCH(G),0.4780804868844419,9.069879045224802,G,2012-08-17
XEC,XEC.W^E14,2012-08-23,ESG-EGARCH(S),0.4781697685071954,9.073266964850191,S,2012-08-17
XEC,XEC.W^E14,2012-08-23,ESG-GARCH,0.4751127917758724,8.957625591629506,all,2012-08-17
XEC,XEC.W^E14,2012-08-23,ESG-GARCH(E),0.4749644030957172,8.952031119367897,E,2012-08-17
XEC,XEC.W^E14,2012-08-23,ESG-GARCH(G),0.4749513711803925,8.951539880402182,G,2012-08-17
XEC,XEC.W^E14,2012-08-23,ESG-GARCH(S),0.4749427382059011,8.951214467242822,S,2012-08-17
XEC,XEC.W^E14,2012-08-23,ESG-GJR-GARCH,0.429050411445356,7.304930776247195,all,2012-08-17
XEC,XEC.W^E14,2012-08-23,ESG-GJR-GARCH(E),0.4283618058342664,7.2815014562537215,E,2012-08-17
XEC,XEC.W^E14,2012-08-23,ESG-GJR-GARCH(G),0.4302046705010066,7.344288036542844,G,2012-08-17
XEC,XEC.W^E14,2012-08-23,ESG-GJR-GARCH(S),0.4283148303843487,7.279904520919581,S,2012-08-17
XEC,XEC.W^E14,2012-08-23,GARCH,0.4726974065800651,8.866779293155531,,2012-08-17
XEC,XEC.W^E14,2012-08-23,GJR-GARCH,0.4240903722163463,7.137009674865048,,2012-08-17
XEC,XEC.W^E14,2012-08-24,EGARCH,0.4702219560555135,8.77415428399497,,2012-08-17
XEC,XEC.W^E14,2012-08-24,ESG-EGARCH,0.4783483186710526,9.080044205373923,all,2012-08-17
XEC,XEC.W^E14,2012-08-24,ESG-EGARCH(E),0.478205189558291,9.074611242876236,E,2012-08-17
XEC,XEC.W^E14,2012-08-24,ESG-EGARCH(G),0.4780804868844419,9.069879045224802,G,2012-08-17
XEC,XEC.W^E14,2012-08-24,ESG-EGARCH(S),0.4781697685071954,9.073266964850191,S,2012-08-17
XEC,XEC.W^E14,2012-08-24,ESG-GARCH,0.4751127917758724,8.957625591629506,all,2012-08-17
XEC,XEC.W^E14,2012-08-24,ESG-GARCH(E),0.4749644030957172,8.952031119367897,E,2012-08-17
XEC,XEC.W^E14,2012-08-24,ESG-GARCH(G),0.4749513711803925,8.951539880402182,G,2012-08-17
XEC,XEC.W^E14,2012-08-24,ESG-GARCH(S),0.4749427382059011,8.951214467242822,S,2012-08-17
XEC,XEC.W^E14,2012-08-24,ESG-GJR-GARCH,0.429050411445356,7.304930776247195,all,2012-08-17
XEC,XEC.W^E14,2012-08-24,ESG-GJR-GARCH(E),0.4283618058342664,7.2815014562537215,E,2012-08-17
XEC,XEC.W^E14,2012-08-24,ESG-GJR-GARCH(G),0.4302046705010066,7.344288036542844,G,2012-08-17
XEC,XEC.W^E14,2012-08-24,ESG-GJR-GARCH(S),0.4283148303843487,7.279904520919581,S,2012-08-17
XEC,XEC.W^E14,2012-08-24,GARCH,0.4726974065800651,8.866779293155531,,2012-08-17
XEC,XEC.W^E14,2012-08-24,GJR-GARCH,0.4240903722163463,7.137009674865048,,2012-08-17
XEC,XEC.W^E14,2012-08-27,EGARCH,0.4702219560555135,8.77415428399497,,2012-08-17
XEC,XEC.W^E14,2012-08-27,ESG-EGARCH,0.4783483186710526,9.080044205373923,all,2012-08-17
XEC,XEC.W^E14,2012-08-27,ESG-EGARCH(E),0.478205189558291,9.074611242876236,E,2012-08-17
XEC,XEC.W^E14,2012-08-27,ESG-EGARCH(G),0.4780804868844419,9.069879045224802,G,2012-08-17
XEC,XEC.W^E14,2012-08-27,ESG-EGARCH(S),0.4781697685071954,9.073266964850191,S,2012-08-17
XEC,XEC.W^E14,2012-08-27,ESG-GARCH,0.4751127917758724,8.957625591629506,all,2012-08-17
XEC,XEC.W^E14,2012-08-27,ESG-GARCH(E),0.4749644030957172,8.952031119367897,E,2012-08-17
XEC,XEC.W^E14,2012-08-27,ESG-GARCH(G),0.4749513711803925,8.951539880402182,G,2012-08-17
XEC,XEC.W^E14,2012-08-27,ESG-GARCH(S),0.4749427382059011,8.951214467242822,S,2012-08-17
XEC,XEC.W^E14,2012-08-27,ESG-GJR-GARCH,0.429050411445356,7.304930776247195,all,2012-08-17
XEC,XEC.W^E14,2012-08-27,ESG-GJR-GARCH(E),0.4283618058342664,7.2815014562537215,E,2012-08-17
XEC,XEC.W^E14,2012-08-27,ESG-GJR-GARCH(G),0.4302046705010066,7.344288036542844,G,2012-08-17
XEC,XEC.W^E14,2012-08-27,ESG-GJR-GARCH(S),0.4283148303843487,7.279904520919581,S,2012-08-17
XEC,XEC.W^E14,2012-08-27,GARCH,0.4726974065800651,8.866779293155531,,2012-08-17
XEC,XEC.W^E14,2012-08-27,GJR-GARCH,0.4240903722163463,7.137009674865048,,2012-08-17
XEC,XEC.W^E14,2012-08-28,EGARCH,0.4702219560555135,8.77415428399497,,2012-08-17
XEC,XEC.W^E14,2012-08-28,ESG-EGARCH,0.4783483186710526,9.080044205373923,all,2012-08-17
XEC,XEC.W^E14,2012-08-28,ESG-EGARCH(E),0.478205189558291,9.074611242876236,E,2012-08-17
XEC,XEC.W^E14,2012-08-28,ESG-EGARCH(G),0.4780804868844419,9.069879045224802,G,2012-08-17
XEC,XEC.W^E14,2012-08-28,ESG-EGARCH(S),0.4781697685071954,9.073266964850191,S,2012-08-17
XEC,XEC.W^E14,2012-08-28,ESG-GARCH,0.4751127917758724,8.957625591629506,all,2012-08-17
XEC,XEC.W^E14,2012-08-28,ESG-GARCH(E),0.4749644030957172,8.952031119367897,E,2012-08-17
XEC,XEC.W^E14,2012-08-28,ESG-GARCH(G),0.4749513711803925,8.951539880402182,G,2012-08-17
XEC,XEC.W^E14,2012-08-28,ESG-GARCH(S),0.4749427382059011,8.951214467242822,S,2012-08-17
XEC,XEC.W^E14,2012-08-28,ESG-GJR-GARCH,0.429050411445356,7.304930776247195,all,2012-08-17
XEC,XEC.W^E14,2012-08-28,ESG-GJR-GARCH(E),0.4283618058342664,7.2815014562537215,E,2012-08-17
XEC,XEC.W^E14,2012-08-28,ESG-GJR-GARCH(G),0.4302046705010066,7.344288036542844,G,2012-08-17
XEC,XEC.W^E14,2012-08-28,ESG-GJR-GARCH(S),0.4283148303843487,7.279904520919581,S,2012-08-17
XEC,XEC.W^E14,2012-08-28,GARCH,0.4726974065800651,8.866779293155531,,2012-08-17
XEC,XEC.W^E14,2012-08-28,GJR-GARCH,0.4240903722163463,7.137009674865048,,2012-08-17
XEC,XEC.W^E14,2012-08-29,EGARCH,0.4702219560555135,8.77415428399497,,2012-08-17
XEC,XEC.W^E14,2012-08-29,ESG-EGARCH,0.4783483186710526,9.080044205373923,all,2012-08-17
XEC,XEC.W^E14,2012-08-29,ESG-EGARCH(E),0.478205189558291,9.074611242876236,E,2012-08-17
XEC,XEC.W^E14,2012-08-29,ESG-EGARCH(G),0.4780804868844419,9.069879045224802,G,2012-08-17
XEC,XEC.W^E14,2012-08-29,ESG-EGARCH(S),0.4781697685071954,9.073266964850191,S,2012-08-17
XEC,XEC.W^E14,2012-08-29,ESG-GARCH,0.4751127917758724,8.957625591629506,all,2012-08-17
XEC,XEC.W^E14,2012-08-29,ESG-GARCH(E),0.4749644030957172,8.952031119367897,E,2012-08-17
XEC,XEC.W^E14,2012-08-29,ESG-GARCH(G),0.4749513711803925,8.951539880402182,G,2012-08-17
XEC,XEC.W^E14,2012-08-29,ESG-GARCH(S),0.4749427382059011,8.951214467242822,S,2012-08-17
XEC,XEC.W^E14,2012-08-29,ESG-GJR-GARCH,0.429050411445356,7.304930776247195,all,2012-08-17
XEC,XEC.W^E14,2012-08-29,ESG-GJR-GARCH(E),0.4283618058342664,7.2815014562537215,E,2012-08-17
XEC,XEC.W^E14,2012-08-29,ESG-GJR-GARCH(G),0.4302046705010066,7.344288036542844,G,2012-08-17
XEC,XEC.W^E14,2012-08-29,ESG-GJR-GARCH(S),0.4283148303843487,7.279904520919581,S,2012-08-17
XEC,XEC.W^E14,2012-08-29,GARCH,0.4726974065800651,8.866779293155531,,2012-08-17
XEC,XEC.W^E14,2012-08-29,GJR-GARCH,0.4240903722163463,7.137009674865048,,2012-08-17
XEC,XEC.W^E14,2012-08-30,EGARCH,0.4702219560555135,8.77415428399497,,2012-08-17
XEC,XEC.W^E14,2012-08-30,ESG-EGARCH,0.4783483186710526,9.080044205373923,all,2012-08-17
XEC,XEC.W^E14,2012-08-30,ESG-EGARCH(E),0.478205189558291,9.074611242876236,E,2012-08-17
XEC,XEC.W^E14,2012-08-30,ESG-EGARCH(G),0.4780804868844419,9.069879045224802,G,2012-08-17
XEC,XEC.W^E14,2012-08-30,ESG-EGARCH(S),0.4781697685071954,9.073266964850191,S,2012-08-17
XEC,XEC.W^E14,2012-08-30,ESG-GARCH,0.4751127917758724,8.957625591629506,all,2012-08-17
XEC,XEC.W^E14,2012-08-30,ESG-GARCH(E),0.4749644030957172,8.952031119367897,E,2012-08-17
XEC,XEC.W^E14,2012-08-30,ESG-GARCH(G),0.4749513711803925,8.951539880402182,G,2012-08-17
XEC,XEC.W^E14,2012-08-30,ESG-GARCH(S),0.4749427382059011,8.951214467242822,S,2012-08-17
XEC,XEC.W^E14,2012-08-30,ESG-GJR-GARCH,0.429050411445356,7.304930776247195,all,2012-08-17
XEC,XEC.W^E14,2012-08-30,ESG-GJR-GARCH(E),0.4283618058342664,7.2815014562537215,E,2012-08-17
XEC,XEC.W^E14,2012-08-30,ESG-GJR-GARCH(G),0.4302046705010066,7.344288036542844,G,2012-08-17
XEC,XEC.W^E14,2012-08-30,ESG-GJR-GARCH(S),0.4283148303843487,7.279904520919581,S,2012-08-17
XEC,XEC.W^E14,2012-08-30,GARCH,0.4726974065800651,8.866779293155531,,2012-08-17
XEC,XEC.W^E14,2012-08-30,GJR-GARCH,0.4240903722163463,7.137009674865048,,2012-08-17
XEC,XEC.W^E14,2012-08-31,EGARCH,0.4702219560555135,8.77415428399497,,2012-08-17
XEC,XEC.W^E14,2012-08-31,ESG-EGARCH,0.4783483186710526,9.080044205373923,all,2012-08-17
XEC,XEC.W^E14,2012-08-31,ESG-EGARCH(E),0.478205189558291,9.074611242876236,E,2012-08-17
XEC,XEC.W^E14,2012-08-31,ESG-EGARCH(G),0.4780804868844419,9.069879045224802,G,2012-08-17
XEC,XEC.W^E14,2012-08-31,ESG-EGARCH(S),0.4781697685071954,9.073266964850191,S,2012-08-17
XEC,XEC.W^E14,2012-08-31,ESG-GARCH,0.4751127917758724,8.957625591629506,all,2012-08-17
XEC,XEC.W^E14,2012-08-31,ESG-GARCH(E),0.4749644030957172,8.952031119367897,E,2012-08-17
XEC,XEC.W^E14,2012-08-31,ESG-GARCH(G),0.4749513711803925,8.951539880402182,G,2012-08-17
XEC,XEC.W^E14,2012-08-31,ESG-GARCH(S),0.4749427382059011,8.951214467242822,S,2012-08-17
XEC,XEC.W^E14,2012-08-31,ESG-GJR-GARCH,0.429050411445356,7.304930776247195,all,2012-08-17
XEC,XEC.W^E14,2012-08-31,ESG-GJR-GARCH(E),0.4283618058342664,7.2815014562537215,E,2012-08-17
XEC,XEC.W^E14,2012-08-31,ESG-GJR-GARCH(G),0.4302046705010066,7.344288036542844,G,2012-08-17
XEC,XEC.W^E14,2012-08-31,ESG-GJR-GARCH(S),0.4283148303843487,7.279904520919581,S,2012-08-17
XEC,XEC.W^E14,2012-08-31,GARCH,0.4726974065800651,8.866779293155531,,2012-08-17
XEC,XEC.W^E14,2012-08-31,GJR-GARCH,0.4240903722163463,7.137009674865048,,2012-08-17
XEC,XEC.W^E14,2012-09-05,EGARCH,0.4702219560555135,8.77415428399497,,2012-08-17
XEC,XEC.W^E14,2012-09-05,ESG-EGARCH,0.4783483186710526,9.080044205373923,all,2012-08-17
XEC,XEC.W^E14,2012-09-05,ESG-EGARCH(E),0.478205189558291,9.074611242876236,E,2012-08-17
XEC,XEC.W^E14,2012-09-05,ESG-EGARCH(G),0.4780804868844419,9.069879045224802,G,2012-08-17
XEC,XEC.W^E14,2012-09-05,ESG-EGARCH(S),0.4781697685071954,9.073266964850191,S,2012-08-17
XEC,XEC.W^E14,2012-09-05,ESG-GARCH,0.4751127917758724,8.957625591629506,all,2012-08-17
XEC,XEC.W^E14,2012-09-05,ESG-GARCH(E),0.4749644030957172,8.952031119367897,E,2012-08-17
XEC,XEC.W^E14,2012-09-05,ESG-GARCH(G),0.4749513711803925,8.951539880402182,G,2012-08-17
XEC,XEC.W^E14,2012-09-05,ESG-GARCH(S),0.4749427382059011,8.951214467242822,S,2012-08-17
XEC,XEC.W^E14,2012-09-05,ESG-GJR-GARCH,0.429050411445356,7.304930776247195,all,2012-08-17
XEC,XEC.W^E14,2012-09-05,ESG-GJR-GARCH(E),0.4283618058342664,7.2815014562537215,E,2012-08-17
XEC,XEC.W^E14,2012-09-05,ESG-GJR-GARCH(G),0.4302046705010066,7.344288036542844,G,2012-08-17
XEC,XEC.W^E14,2012-09-05,ESG-GJR-GARCH(S),0.4283148303843487,7.279904520919581,S,2012-08-17
XEC,XEC.W^E14,2012-09-05,GARCH,0.4726974065800651,8.866779293155531,,2012-08-17
XEC,XEC.W^E14,2012-09-05,GJR-GARCH,0.4240903722163463,7.137009674865048,,2012-08-17
XEC,XEC.W^E14,2012-09-06,EGARCH,0.4702219560555135,8.77415428399497,,2012-08-17
XEC,XEC.W^E14,2012-09-06,ESG-EGARCH,0.4783483186710526,9.080044205373923,all,2012-08-17
XEC,XEC.W^E14,2012-09-06,ESG-EGARCH(E),0.478205189558291,9.074611242876236,E,2012-08-17
XEC,XEC.W^E14,2012-09-06,ESG-EGARCH(G),0.4780804868844419,9.069879045224802,G,2012-08-17
XEC,XEC.W^E14,2012-09-06,ESG-EGARCH(S),0.4781697685071954,9.073266964850191,S,2012-08-17
XEC,XEC.W^E14,2012-09-06,ESG-GARCH,0.4751127917758724,8.957625591629506,all,2012-08-17
XEC,XEC.W^E14,2012-09-06,ESG-GARCH(E),0.4749644030957172,8.952031119367897,E,2012-08-17
XEC,XEC.W^E14,2012-09-06,ESG-GARCH(G),0.4749513711803925,8.951539880402182,G,2012-08-17
XEC,XEC.W^E14,2012-09-06,ESG-GARCH(S),0.4749427382059011,8.951214467242822,S,2012-08-17
XEC,XEC.W^E14,2012-09-06,ESG-GJR-GARCH,0.429050411445356,7.304930776247195,all,2012-08-17
XEC,XEC.W^E14,2012-09-06,ESG-GJR-GARCH(E),0.4283618058342664,7.2815014562537215,E,2012-08-17
XEC,XEC.W^E14,2012-09-06,ESG-GJR-GARCH(G),0.4302046705010066,7.344288036542844,G,2012-08-17
XEC,XEC.W^E14,2012-09-06,ESG-GJR-GARCH(S),0.4283148303843487,7.279904520919581,S,2012-08-17
XEC,XEC.W^E14,2012-09-06,GARCH,0.4726974065800651,8.866779293155531,,2012-08-17
XEC,XEC.W^E14,2012-09-06,GJR-GARCH,0.4240903722163463,7.137009674865048,,2012-08-17
XEC,XEC.W^E14,2012-09-07,EGARCH,0.4702219560555135,8.77415428399497,,2012-08-17
XEC,XEC.W^E14,2012-09-07,ESG-EGARCH,0.4783483186710526,9.080044205373923,all,2012-08-17
XEC,XEC.W^E14,2012-09-07,ESG-EGARCH(E),0.478205189558291,9.074611242876236,E,2012-08-17
XEC,XEC.W^E14,2012-09-07,ESG-EGARCH(G),0.4780804868844419,9.069879045224802,G,2012-08-17
XEC,XEC.W^E14,2012-09-07,ESG-EGARCH(S),0.4781697685071954,9.073266964850191,S,2012-08-17
XEC,XEC.W^E14,2012-09-07,ESG-GARCH,0.4751127917758724,8.957625591629506,all,2012-08-17
XEC,XEC.W^E14,2012-09-07,ESG-GARCH(E),0.4749644030957172,8.952031119367897,E,2012-08-17
XEC,XEC.W^E14,2012-09-07,ESG-GARCH(G),0.4749513711803925,8.951539880402182,G,2012-08-17
XEC,XEC.W^E14,2012-09-07,ESG-GARCH(S),0.4749427382059011,8.951214467242822,S,2012-08-17
XEC,XEC.W^E14,2012-09-07,ESG-GJR-GARCH,0.429050411445356,7.304930776247195,all,2012-08-17
XEC,XEC.W^E14,2012-09-07,ESG-GJR-GARCH(E),0.4283618058342664,7.2815014562537215,E,2012-08-17
XEC,XEC.W^E14,2012-09-07,ESG-GJR-GARCH(G),0.4302046705010066,7.344288036542844,G,2012-08-17
XEC,XEC.W^E14,2012-09-07,ESG-GJR-GARCH(S),0.4283148303843487,7.279904520919581,S,2012-08-17
XEC,XEC.W^E14,2012-09-07,GARCH,0.4726974065800651,8.866779293155531,,2012-08-17
XEC,XEC.W^E14,2012-09-07,GJR-GARCH,0.4240903722163463,7.137009674865048,,2012-08-17
XEC,XEC.W^E14,2012-09-10,EGARCH,0.4702219560555135,8.77415428399497,,2012-08-17
XEC,XEC.W^E14,2012-09-10,ESG-EGARCH,0.4783483186710526,9.080044205373923,all,2012-08-17
XEC,XEC.W^E14,2012-09-10,ESG-EGARCH(E),0.478205189558291,9.074611242876236,E,2012-08-17
XEC,XEC.W^E14,2012-09-10,ESG-EGARCH(G),0.4780804868844419,9.069879045224802,G,2012-08-17
XEC,XEC.W^E14,2012-09-10,ESG-EGARCH(S),0.4781697685071954,9.073266964850191,S,2012-08-17
XEC,XEC.W^E14,2012-09-10,ESG-GARCH,0.4751127917758724,8.957625591629506,all,2012-08-17
XEC,XEC.W^E14,2012-09-10,ESG-GARCH(E),0.4749644030957172,8.952031119367897,E,2012-08-17
XEC,XEC.W^E14,2012-09-10,ESG-GARCH(G),0.4749513711803925,8.951539880402182,G,2012-08-17
XEC,XEC.W^E14,2012-09-10,ESG-GARCH(S),0.4749427382059011,8.951214467242822,S,2012-08-17
XEC,XEC.W^E14,2012-09-10,ESG-GJR-GARCH,0.429050411445356,7.304930776247195,all,2012-08-17
XEC,XEC.W^E14,2012-09-10,ESG-GJR-GARCH(E),0.4283618058342664,7.2815014562537215,E,2012-08-17
XEC,XEC.W^E14,2012-09-10,ESG-GJR-GARCH(G),0.4302046705010066,7.344288036542844,G,2012-08-17
XEC,XEC.W^E14,2012-09-10,ESG-GJR-GARCH(S),0.4283148303843487,7.279904520919581,S,2012-08-17
XEC,XEC.W^E14,2012-09-10,GARCH,0.4726974065800651,8.866779293155531,,2012-08-17
XEC,XEC.W^E14,2012-09-10,GJR-GARCH,0.4240903722163463,7.137009674865048,,2012-08-17
XEC,XEC.W^E14,2012-09-11,EGARCH,0.4702219560555135,8.77415428399497,,2012-08-17
XEC,XEC.W^E14,2012-09-11,ESG-EGARCH,0.4783483186710526,9.080044205373923,all,2012-08-17
XEC,XEC.W^E14,2012-09-11,ESG-EGARCH(E),0.478205189558291,9.074611242876236,E,2012-08-17
XEC,XEC.W^E14,2012-09-11,ESG-EGARCH(G),0.4780804868844419,9.069879045224802,G,2012-08-17
XEC,XEC.W^E14,2012-09-11,ESG-EGARCH(S),0.4781697685071954,9.073266964850191,S,2012-08-17
XEC,XEC.W^E14,2012-09-11,ESG-GARCH,0.4751127917758724,8.957625591629506,all,2012-08-17
XEC,XEC.W^E14,2012-09-11,ESG-GARCH(E),0.4749644030957172,8.952031119367897,E,2012-08-17
XEC,XEC.W^E14,2012-09-11,ESG-GARCH(G),0.4749513711803925,8.951539880402182,G,2012-08-17
XEC,XEC.W^E14,2012-09-11,ESG-GARCH(S),0.4749427382059011,8.951214467242822,S,2012-08-17
XEC,XEC.W^E14,2012-09-11,ESG-GJR-GARCH,0.429050411445356,7.304930776247195,all,2012-08-17
XEC,XEC.W^E14,2012-09-11,ESG-GJR-GARCH(E),0.4283618058342664,7.2815014562537215,E,2012-08-17
XEC,XEC.W^E14,2012-09-11,ESG-GJR-GARCH(G),0.4302046705010066,7.344288036542844,G,2012-08-17
XEC,XEC.W^E14,2012-09-11,ESG-GJR-GARCH(S),0.4283148303843487,7.279904520919581,S,2012-08-17
XEC,XEC.W^E14,2012-09-11,GARCH,0.4726974065800651,8.866779293155531,,2012-08-17
XEC,XEC.W^E14,2012-09-11,GJR-GARCH,0.4240903722163463,7.137009674865048,,2012-08-17
XEC,XEC.W^E14,2012-09-12,EGARCH,0.4702219560555135,8.77415428399497,,2012-08-17
XEC,XEC.W^E14,2012-09-12,ESG-EGARCH,0.4783483186710526,9.080044205373923,all,2012-08-17
XEC,XEC.W^E14,2012-09-12,ESG-EGARCH(E),0.478205189558291,9.074611242876236,E,2012-08-17
XEC,XEC.W^E14,2012-09-12,ESG-EGARCH(G),0.4780804868844419,9.069879045224802,G,2012-08-17
XEC,XEC.W^E14,2012-09-12,ESG-EGARCH(S),0.4781697685071954,9.073266964850191,S,2012-08-17
XEC,XEC.W^E14,2012-09-12,ESG-GARCH,0.4751127917758724,8.957625591629506,all,2012-08-17
XEC,XEC.W^E14,2012-09-12,ESG-GARCH(E),0.4749644030957172,8.952031119367897,E,2012-08-17
XEC,XEC.W^E14,2012-09-12,ESG-GARCH(G),0.4749513711803925,8.951539880402182,G,2012-08-17
XEC,XEC.W^E14,2012-09-12,ESG-GARCH(S),0.4749427382059011,8.951214467242822,S,2012-08-17
XEC,XEC.W^E14,2012-09-12,ESG-GJR-GARCH,0.429050411445356,7.304930776247195,all,2012-08-17
XEC,XEC.W^E14,2012-09-12,ESG-GJR-GARCH(E),0.4283618058342664,7.2815014562537215,E,2012-08-17
XEC,XEC.W^E14,2012-09-12,ESG-GJR-GARCH(G),0.4302046705010066,7.344288036542844,G,2012-08-17
XEC,XEC.W^E14,2012-09-12,ESG-GJR-GARCH(S),0.4283148303843487,7.279904520919581,S,2012-08-17
XEC,XEC.W^E14,2012-09-12,GARCH,0.4726974065800651,8.866779293155531,,2012-08-17
XEC,XEC.W^E14,2012-09-12,GJR-GARCH,0.4240903722163463,7.137009674865048,,2012-08-17
XEC,XEC.W^E14,2012-09-13,EGARCH,0.4702219560555135,8.77415428399497,,2012-08-17
XEC,XEC.W^E14,2012-09-13,ESG-EGARCH,0.4783483186710526,9.080044205373923,all,2012-08-17
XEC,XEC.W^E14,2012-09-13,ESG-EGARCH(E),0.478205189558291,9.074611242876236,E,2012-08-17
XEC,XEC.W^E14,2012-09-13,ESG-EGARCH(G),0.4780804868844419,9.069879045224802,G,2012-08-17
XEC,XEC.W^E14,2012-09-13,ESG-EGARCH(S),0.4781697685071954,9.073266964850191,S,2012-08-17
XEC,XEC.W^E14,2012-09-13,ESG-GARCH,0.4751127917758724,8.957625591629506,all,2012-08-17
XEC,XEC.W^E14,2012-09-13,ESG-GARCH(E),0.4749644030957172,8.952031119367897,E,2012-08-17
XEC,XEC.W^E14,2012-09-13,ESG-GARCH(G),0.4749513711803925,8.951539880402182,G,2012-08-17
XEC,XEC.W^E14,2012-09-13,ESG-GARCH(S),0.4749427382059011,8.951214467242822,S,2012-08-17
XEC,XEC.W^E14,2012-09-13,ESG-GJR-GARCH,0.429050411445356,7.304930776247195,all,2012-08-17
XEC,XEC.W^E14,2012-09-13,ESG-GJR-GARCH(E),0.4283618058342664,7.2815014562537215,E,2012-08-17
XEC,XEC.W^E14,2012-09-13,ESG-GJR-GARCH(G),0.4302046705010066,7.344288036542844,G,2012-08-17
XEC,XEC.W^E14,2012-09-13,ESG-GJR-GARCH(S),0.4283148303843487,7.279904520919581,S,2012-08-17
XEC,XEC.W^E14,2012-09-13,GARCH,0.4726974065800651,8.866779293155531,,2012-08-17
XEC,XEC.W^E14,2012-09-13,GJR-GARCH,0.4240903722163463,7.137009674865048,,2012-08-17
XEC,XEC.W^E14,2012-09-14,EGARCH,0.4702219560555135,8.77415428399497,,2012-08-17
XEC,XEC.W^E14,2012-09-14,ESG-EGARCH,0.4783483186710526,9.080044205373923,all,2012-08-17
XEC,XEC.W^E14,2012-09-14,ESG-EGARCH(E),0.478205189558291,9.074611242876236,E,2012-08-17
XEC,XEC.W^E14,2012-09-14,ESG-EGARCH(G),0.4780804868844419,9.069879045224802,G,2012-08-17
XEC,XEC.W^E14,2012-09-14,ESG-EGARCH(S),0.4781697685071954,9.073266964850191,S,2012-08-17
XEC,XEC.W^E14,2012-09-14,ESG-GARCH,0.4751127917758724,8.957625591629506,all,2012-08-17
XEC,XEC.W^E14,2012-09-14,ESG-GARCH(E),0.4749644030957172,8.952031119367897,E,2012-08-17
XEC,XEC.W^E14,2012-09-14,ESG-GARCH(G),0.4749513711803925,8.951539880402182,G,2012-08-17
XEC,XEC.W^E14,2012-09-14,ESG-GARCH(S),0.4749427382059011,8.951214467242822,S,2012-08-17
XEC,XEC.W^E14,2012-09-14,ESG-GJR-GARCH,0.429050411445356,7.304930776247195,all,2012-08-17
XEC,XEC.W^E14,2012-09-14,ESG-GJR-GARCH(E),0.4283618058342664,7.2815014562537215,E,2012-08-17
XEC,XEC.W^E14,2012-09-14,ESG-GJR-GARCH(G),0.4302046705010066,7.344288036542844,G,2012-08-17
XEC,XEC.W^E14,2012-09-14,ESG-GJR-GARCH(S),0.4283148303843487,7.279904520919581,S,2012-08-17
XEC,XEC.W^E14,2012-09-14,GARCH,0.4726974065800651,8.866779293155531,,2012-08-17
XEC,XEC.W^E14,2012-09-14,GJR-GARCH,0.4240903722163463,7.137009674865048,,2012-08-17
XEC,XEC.W^E14,2012-09-17,EGARCH,0.4702219560555135,8.77415428399497,,2012-08-17
XEC,XEC.W^E14,2012-09-17,ESG-EGARCH,0.4783483186710526,9.080044205373923,all,2012-08-17
XEC,XEC.W^E14,2012-09-17,ESG-EGARCH(E),0.478205189558291,9.074611242876236,E,2012-08-17
XEC,XEC.W^E14,2012-09-17,ESG-EGARCH(G),0.4780804868844419,9.069879045224802,G,2012-08-17
XEC,XEC.W^E14,2012-09-17,ESG-EGARCH(S),0.4781697685071954,9.073266964850191,S,2012-08-17
XEC,XEC.W^E14,2012-09-17,ESG-GARCH,0.4751127917758724,8.957625591629506,all,2012-08-17
XEC,XEC.W^E14,2012-09-17,ESG-GARCH(E),0.4749644030957172,8.952031119367897,E,2012-08-17
XEC,XEC.W^E14,2012-09-17,ESG-GARCH(G),0.4749513711803925,8.951539880402182,G,2012-08-17
XEC,XEC.W^E14,2012-09-17,ESG-GARCH(S),0.4749427382059011,8.951214467242822,S,2012-08-17
XEC,XEC.W^E14,2012-09-17,ESG-GJR-GARCH,0.429050411445356,7.304930776247195,all,2012-08-17
XEC,XEC.W^E14,2012-09-17,ESG-GJR-GARCH(E),0.4283618058342664,7.2815014562537215,E,2012-08-17
XEC,XEC.W^E14,2012-09-17,ESG-GJR-GARCH(G),0.4302046705010066,7.344288036542844,G,2012-08-17
XEC,XEC.W^E14,2012-09-17,ESG-GJR-GARCH(S),0.4283148303843487,7.279904520919581,S,2012-08-17
XEC,XEC.W^E14,2012-09-17,GARCH,0.4726974065800651,8.866779293155531,,2012-08-17
XEC,XEC.W^E14,2012-09-17,GJR-GARCH,0.4240903722163463,7.137009674865048,,2012-08-17
XEC,XEC.W^E14,2012-09-18,EGARCH,0.4702219560555135,8.77415428399497,,2012-08-17
XEC,XEC.W^E14,2012-09-18,ESG-EGARCH,0.4783483186710526,9.080044205373923,all,2012-08-17
XEC,XEC.W^E14,2012-09-18,ESG-EGARCH(E),0.478205189558291,9.074611242876236,E,2012-08-17
XEC,XEC.W^E14,2012-09-18,ESG-EGARCH(G),0.4780804868844419,9.069879045224802,G,2012-08-17
XEC,XEC.W^E14,2012-09-18,ESG-EGARCH(S),0.4781697685071954,9.073266964850191,S,2012-08-17
XEC,XEC.W^E14,2012-09-18,ESG-GARCH,0.4751127917758724,8.957625591629506,all,2012-08-17
XEC,XEC.W^E14,2012-09-18,ESG-GARCH(E),0.4749644030957172,8.952031119367897,E,2012-08-17
XEC,XEC.W^E14,2012-09-18,ESG-GARCH(G),0.4749513711803925,8.951539880402182,G,2012-08-17
XEC,XEC.W^E14,2012-09-18,ESG-GARCH(S),0.4749427382059011,8.951214467242822,S,2012-08-17
XEC,XEC.W^E14,2012-09-18,ESG-GJR-GARCH,0.429050411445356,7.304930776247195,all,2012-08-17
XEC,XEC.W^E14,2012-09-18,ESG-GJR-GARCH(E),0.4283618058342664,7.2815014562537215,E,2012-08-17
XEC,XEC.W^E14,2012-09-18,ESG-GJR-GARCH(G),0.4302046705010066,7.344288036542844,G,2012-08-17
XEC,XEC.W^E14,2012-09-18,ESG-GJR-GARCH(S),0.4283148303843487,7.279904520919581,S,2012-08-17
XEC,XEC.W^E14,2012-09-18,GARCH,0.4726974065800651,8.866779293155531,,2012-08-17
XEC,XEC.W^E14,2012-09-18,GJR-GARCH,0.4240903722163463,7.137009674865048,,2012-08-17
XEC,XEC.W^E14,2012-09-19,EGARCH,0.4702219560555135,8.77415428399497,,2012-08-17
XEC,XEC.W^E14,2012-09-19,ESG-EGARCH,0.4783483186710526,9.080044205373923,all,2012-08-17
XEC,XEC.W^E14,2012-09-19,ESG-EGARCH(E),0.478205189558291,9.074611242876236,E,2012-08-17
XEC,XEC.W^E14,2012-09-19,ESG-EGARCH(G),0.4780804868844419,9.069879045224802,G,2012-08-17
XEC,XEC.W^E14,2012-09-19,ESG-EGARCH(S),0.4781697685071954,9.073266964850191,S,2012-08-17
XEC,XEC.W^E14,2012-09-19,ESG-GARCH,0.4751127917758724,8.957625591629506,all,2012-08-17
XEC,XEC.W^E14,2012-09-19,ESG-GARCH(E),0.4749644030957172,8.952031119367897,E,2012-08-17
XEC,XEC.W^E14,2012-09-19,ESG-GARCH(G),0.4749513711803925,8.951539880402182,G,2012-08-17
XEC,XEC.W^E14,2012-09-19,ESG-GARCH(S),0.4749427382059011,8.951214467242822,S,2012-08-17
XEC,XEC.W^E14,2012-09-19,ESG-GJR-GARCH,0.429050411445356,7.304930776247195,all,2012-08-17
XEC,XEC.W^E14,2012-09-19,ESG-GJR-GARCH(E),0.4283618058342664,7.2815014562537215,E,2012-08-17
XEC,XEC.W^E14,2012-09-19,ESG-GJR-GARCH(G),0.4302046705010066,7.344288036542844,G,2012-08-17
XEC,XEC.W^E14,2012-09-19,ESG-GJR-GARCH(S),0.4283148303843487,7.279904520919581,S,2012-08-17
XEC,XEC.W^E14,2012-09-19,GARCH,0.4726974065800651,8.866779293155531,,2012-08-17
XEC,XEC.W^E14,2012-09-19,GJR-GARCH,0.4240903722163463,7.137009674865048,,2012-08-17
XEC,XEC.W^E14,2012-09-20,EGARCH,0.4160783684396097,6.86988923346697,,2012-09-20
XEC,XEC.W^E14,2012-09-20,ESG-EGARCH,0.4239888473400663,7.133592963045955,all,2012-09-20
XEC,XEC.W^E14,2012-09-20,ESG-EGARCH(E),0.4234050000269448,7.113960081262585,E,2012-09-20
XEC,XEC.W^E14,2012-09-20,ESG-EGARCH(G),0.4242007631360899,7.140725692271469,G,2012-09-20
XEC,XEC.W^E14,2012-09-20,ESG-EGARCH(S),0.4233672614821696,7.112691987893324,S,2012-09-20
XEC,XEC.W^E14,2012-09-20,ESG-GARCH,0.4335413586955859,7.458655146810106,all,2012-09-20
XEC,XEC.W^E14,2012-09-20,ESG-GARCH(E),0.4330876010525337,7.443050404184072,E,2012-09-20
XEC,XEC.W^E14,2012-09-20,ESG-GARCH(G),0.4337265076554199,7.4650271207526595,G,2012-09-20
XEC,XEC.W^E14,2012-09-20,ESG-GARCH(S),0.4330578675241739,7.442028437483531,S,2012-09-20
XEC,XEC.W^E14,2012-09-20,ESG-GJR-GARCH,0.376720792585439,5.6316887129445,all,2012-09-20
XEC,XEC.W^E14,2012-09-20,ESG-GJR-GARCH(E),0.3757841072279799,5.6037180652829335,E,2012-09-20
XEC,XEC.W^E14,2012-09-20,ESG-GJR-GARCH(G),0.3779102425312417,5.667307595635791,G,2012-09-20
XEC,XEC.W^E14,2012-09-20,ESG-GJR-GARCH(S),0.3757584599069733,5.602953182208749,S,2012-09-20
XEC,XEC.W^E14,2012-09-20,GARCH,0.4297168267697088,7.327640920993171,,2012-09-20
XEC,XEC.W^E14,2012-09-20,GJR-GARCH,0.3723602139382783,5.502068608101603,,2012-09-20
XEC,XEC.W^E14,2012-09-21,EGARCH,0.4160783684396097,6.86988923346697,,2012-09-20
XEC,XEC.W^E14,2012-09-21,ESG-EGARCH,0.4239888473400663,7.133592963045955,all,2012-09-20
XEC,XEC.W^E14,2012-09-21,ESG-EGARCH(E),0.4234050000269448,7.113960081262585,E,2012-09-20
XEC,XEC.W^E14,2012-09-21,ESG-EGARCH(G),0.4242007631360899,7.140725692271469,G,2012-09-20
XEC,XEC.W^E14,2012-09-21,ESG-EGARCH(S),0.4233672614821696,7.112691987893324,S,2012-09-20
XEC,XEC.W^E14,2012-09-21,ESG-GARCH,0.4335413586955859,7.458655146810106,all,2012-09-20
XEC,XEC.W^E14,2012-09-21,ESG-GARCH(E),0.4330876010525337,7.443050404184072,E,2012-09-20
XEC,XEC.W^E14,2012-09-21,ESG-GARCH(G),0.4337265076554199,7.4650271207526595,G,2012-09-20
XEC,XEC.W^E14,2012-09-21,ESG-GARCH(S),0.4330578675241739,7.442028437483531,S,2012-09-20
XEC,XEC.W^E14,2012-09-21,ESG-GJR-GARCH,0.376720792585439,5.6316887129445,all,2012-09-20
XEC,XEC.W^E14,2012-09-21,ESG-GJR-GARCH(E),0.3757841072279799,5.6037180652829335,E,2012-09-20
XEC,XEC.W^E14,2012-09-21,ESG-GJR-GARCH(G),0.3779102425312417,5.667307595635791,G,2012-09-20
XEC,XEC.W^E14,2012-09-21,ESG-GJR-GARCH(S),0.3757584599069733,5.602953182208749,S,2012-09-20
XEC,XEC.W^E14,2012-09-21,GARCH,0.4297168267697088,7.327640920993171,,2012-09-20
XEC,XEC.W^E14,2012-09-21,GJR-GARCH,0.3723602139382783,5.502068608101603,,2012-09-20
XEC,XEC.W^E14,2012-09-24,EGARCH,0.4160783684396097,6.86988923346697,,2012-09-20
XEC,XEC.W^E14,2012-09-24,ESG-EGARCH,0.4239888473400663,7.133592963045955,all,2012-09-20
XEC,XEC.W^E14,2012-09-24,ESG-EGARCH(E),0.4234050000269448,7.113960081262585,E,2012-09-20
XEC,XEC.W^E14,2012-09-24,ESG-EGARCH(G),0.4242007631360899,7.140725692271469,G,2012-09-20
XEC,XEC.W^E14,2012-09-24,ESG-EGARCH(S),0.4233672614821696,7.112691987893324,S,2012-09-20
XEC,XEC.W^E14,2012-09-24,ESG-GARCH,0.4335413586955859,7.458655146810106,all,2012-09-20
XEC,XEC.W^E14,2012-09-24,ESG-GARCH(E),0.4330876010525337,7.443050404184072,E,2012-09-20
XEC,XEC.W^E14,2012-09-24,ESG-GARCH(G),0.4337265076554199,7.4650271207526595,G,2012-09-20
XEC,XEC.W^E14,2012-09-24,ESG-GARCH(S),0.4330578675241739,7.442028437483531,S,2012-09-20
XEC,XEC.W^E14,2012-09-24,ESG-GJR-GARCH,0.376720792585439,5.6316887129445,all,2012-09-20
XEC,XEC.W^E14,2012-09-24,ESG-GJR-GARCH(E),0.3757841072279799,5.6037180652829335,E,2012-09-20
XEC,XEC.W^E14,2012-09-24,ESG-GJR-GARCH(G),0.3779102425312417,5.667307595635791,G,2012-09-20
XEC,XEC.W^E14,2012-09-24,ESG-GJR-GARCH(S),0.3757584599069733,5.602953182208749,S,2012-09-20
XEC,XEC.W^E14,2012-09-24,GARCH,0.4297168267697088,7.327640920993171,,2012-09-20
XEC,XEC.W^E14,2012-09-24,GJR-GARCH,0.3723602139382783,5.502068608101603,,2012-09-20
XEC,XEC.W^E14,2012-09-25,EGARCH,0.4160783684396097,6.86988923346697,,2012-09-20
XEC,XEC.W^E14,2012-09-25,ESG-EGARCH,0.4239888473400663,7.133592963045955,all,2012-09-20
XEC,XEC.W^E14,2012-09-25,ESG-EGARCH(E),0.4234050000269448,7.113960081262585,E,2012-09-20
XEC,XEC.W^E14,2012-09-25,ESG-EGARCH(G),0.4242007631360899,7.140725692271469,G,2012-09-20
XEC,XEC.W^E14,2012-09-25,ESG-EGARCH(S),0.4233672614821696,7.112691987893324,S,2012-09-20
XEC,XEC.W^E14,2012-09-25,ESG-GARCH,0.4335413586955859,7.458655146810106,all,2012-09-20
XEC,XEC.W^E14,2012-09-25,ESG-GARCH(E),0.4330876010525337,7.443050404184072,E,2012-09-20
XEC,XEC.W^E14,2012-09-25,ESG-GARCH(G),0.4337265076554199,7.4650271207526595,G,2012-09-20
XEC,XEC.W^E14,2012-09-25,ESG-GARCH(S),0.4330578675241739,7.442028437483531,S,2012-09-20
XEC,XEC.W^E14,2012-09-25,ESG-GJR-GARCH,0.376720792585439,5.6316887129445,all,2012-09-20
XEC,XEC.W^E14,2012-09-25,ESG-GJR-GARCH(E),0.3757841072279799,5.6037180652829335,E,2012-09-20
XEC,XEC.W^E14,2012-09-25,ESG-GJR-GARCH(G),0.3779102425312417,5.667307595635791,G,2012-09-20
XEC,XEC.W^E14,2012-09-25,ESG-GJR-GARCH(S),0.3757584599069733,5.602953182208749,S,2012-09-20
XEC,XEC.W^E14,2012-09-25,GARCH,0.4297168267697088,7.327640920993171,,2012-09-20
XEC,XEC.W^E14,2012-09-25,GJR-GARCH,0.3723602139382783,5.502068608101603,,2012-09-20
XEC,XEC.W^E14,2012-09-26,EGARCH,0.4160783684396097,6.86988923346697,,2012-09-20
XEC,XEC.W^E14,2012-09-26,ESG-EGARCH,0.4239888473400663,7.133592963045955,all,2012-09-20
XEC,XEC.W^E14,2012-09-26,ESG-EGARCH(E),0.4234050000269448,7.113960081262585,E,2012-09-20
XEC,XEC.W^E14,2012-09-26,ESG-EGARCH(G),0.4242007631360899,7.140725692271469,G,2012-09-20
XEC,XEC.W^E14,2012-09-26,ESG-EGARCH(S),0.4233672614821696,7.112691987893324,S,2012-09-20
XEC,XEC.W^E14,2012-09-26,ESG-GARCH,0.4335413586955859,7.458655146810106,all,2012-09-20
XEC,XEC.W^E14,2012-09-26,ESG-GARCH(E),0.4330876010525337,7.443050404184072,E,2012-09-20
XEC,XEC.W^E14,2012-09-26,ESG-GARCH(G),0.4337265076554199,7.4650271207526595,G,2012-09-20
XEC,XEC.W^E14,2012-09-26,ESG-GARCH(S),0.4330578675241739,7.442028437483531,S,2012-09-20
XEC,XEC.W^E14,2012-09-26,ESG-GJR-GARCH,0.376720792585439,5.6316887129445,all,2012-09-20
XEC,XEC.W^E14,2012-09-26,ESG-GJR-GARCH(E),0.3757841072279799,5.6037180652829335,E,2012-09-20
XEC,XEC.W^E14,2012-09-26,ESG-GJR-GARCH(G),0.3779102425312417,5.667307595635791,G,2012-09-20
XEC,XEC.W^E14,2012-09-26,ESG-GJR-GARCH(S),0.3757584599069733,5.602953182208749,S,2012-09-20
XEC,XEC.W^E14,2012-09-26,GARCH,0.4297168267697088,7.327640920993171,,2012-09-20
XEC,XEC.W^E14,2012-09-26,GJR-GARCH,0.3723602139382783,5.502068608101603,,2012-09-20
XEC,XEC.W^E14,2012-09-27,EGARCH,0.4160783684396097,6.86988923346697,,2012-09-20
XEC,XEC.W^E14,2012-09-27,ESG-EGARCH,0.4239888473400663,7.133592963045955,all,2012-09-20
XEC,XEC.W^E14,2012-09-27,ESG-EGARCH(E),0.4234050000269448,7.113960081262585,E,2012-09-20
XEC,XEC.W^E14,2012-09-27,ESG-EGARCH(G),0.4242007631360899,7.140725692271469,G,2012-09-20
XEC,XEC.W^E14,2012-09-27,ESG-EGARCH(S),0.4233672614821696,7.112691987893324,S,2012-09-20
XEC,XEC.W^E14,2012-09-27,ESG-GARCH,0.4335413586955859,7.458655146810106,all,2012-09-20
XEC,XEC.W^E14,2012-09-27,ESG-GARCH(E),0.4330876010525337,7.443050404184072,E,2012-09-20
XEC,XEC.W^E14,2012-09-27,ESG-GARCH(G),0.4337265076554199,7.4650271207526595,G,2012-09-20
XEC,XEC.W^E14,2012-09-27,ESG-GARCH(S),0.4330578675241739,7.442028437483531,S,2012-09-20
XEC,XEC.W^E14,2012-09-27,ESG-GJR-GARCH,0.376720792585439,5.6316887129445,all,2012-09-20
XEC,XEC.W^E14,2012-09-27,ESG-GJR-GARCH(E),0.3757841072279799,5.6037180652829335,E,2012-09-20
XEC,XEC.W^E14,2012-09-27,ESG-GJR-GARCH(G),0.3779102425312417,5.667307595635791,G,2012-09-20
XEC,XEC.W^E14,2012-09-27,ESG-GJR-GARCH(S),0.3757584599069733,5.602953182208749,S,2012-09-20
XEC,XEC.W^E14,2012-09-27,GARCH,0.4297168267697088,7.327640920993171,,2012-09-20
XEC,XEC.W^E14,2012-09-27,GJR-GARCH,0.3723602139382783,5.502068608101603,,2012-09-20
XEC,XEC.W^E14,2012-09-28,EGARCH,0.4160783684396097,6.86988923346697,,2012-09-20
XEC,XEC.W^E14,2012-09-28,ESG-EGARCH,0.4239888473400663,7.133592963045955,all,2012-09-20
XEC,XEC.W^E14,2012-09-28,ESG-EGARCH(E),0.4234050000269448,7.113960081262585,E,2012-09-20
XEC,XEC.W^E14,2012-09-28,ESG-EGARCH(G),0.4242007631360899,7.140725692271469,G,2012-09-20
XEC,XEC.W^E14,2012-09-28,ESG-EGARCH(S),0.4233672614821696,7.112691987893324,S,2012-09-20
XEC,XEC.W^E14,2012-09-28,ESG-GARCH,0.4335413586955859,7.458655146810106,all,2012-09-20
XEC,XEC.W^E14,2012-09-28,ESG-GARCH(E),0.4330876010525337,7.443050404184072,E,2012-09-20
XEC,XEC.W^E14,2012-09-28,ESG-GARCH(G),0.4337265076554199,7.4650271207526595,G,2012-09-20
XEC,XEC.W^E14,2012-09-28,ESG-GARCH(S),0.4330578675241739,7.442028437483531,S,2012-09-20
XEC,XEC.W^E14,2012-09-28,ESG-GJR-GARCH,0.376720792585439,5.6316887129445,all,2012-09-20
XEC,XEC.W^E14,2012-09-28,ESG-GJR-GARCH(E),0.3757841072279799,5.6037180652829335,E,2012-09-20
XEC,XEC.W^E14,2012-09-28,ESG-GJR-GARCH(G),0.3779102425312417,5.667307595635791,G,2012-09-20
XEC,XEC.W^E14,2012-09-28,ESG-GJR-GARCH(S),0.3757584599069733,5.602953182208749,S,2012-09-20
XEC,XEC.W^E14,2012-09-28,GARCH,0.4297168267697088,7.327640920993171,,2012-09-20
XEC,XEC.W^E14,2012-09-28,GJR-GARCH,0.3723602139382783,5.502068608101603,,2012-09-20
XEC,XEC.W^E14,2012-10-01,EGARCH,0.4160783684396097,6.86988923346697,,2012-09-20
XEC,XEC.W^E14,2012-10-01,ESG-EGARCH,0.4239888473400663,7.133592963045955,all,2012-09-20
XEC,XEC.W^E14,2012-10-01,ESG-EGARCH(E),0.4234050000269448,7.113960081262585,E,2012-09-20
XEC,XEC.W^E14,2012-10-01,ESG-EGARCH(G),0.4242007631360899,7.140725692271469,G,2012-09-20
XEC,XEC.W^E14,2012-10-01,ESG-EGARCH(S),0.4233672614821696,7.112691987893324,S,2012-09-20
XEC,XEC.W^E14,2012-10-01,ESG-GARCH,0.4335413586955859,7.458655146810106,all,2012-09-20
XEC,XEC.W^E14,2012-10-01,ESG-GARCH(E),0.4330876010525337,7.443050404184072,E,2012-09-20
XEC,XEC.W^E14,2012-10-01,ESG-GARCH(G),0.4337265076554199,7.4650271207526595,G,2012-09-20
XEC,XEC.W^E14,2012-10-01,ESG-GARCH(S),0.4330578675241739,7.442028437483531,S,2012-09-20
XEC,XEC.W^E14,2012-10-01,ESG-GJR-GARCH,0.376720792585439,5.6316887129445,all,2012-09-20
XEC,XEC.W^E14,2012-10-01,ESG-GJR-GARCH(E),0.3757841072279799,5.6037180652829335,E,2012-09-20
XEC,XEC.W^E14,2012-10-01,ESG-GJR-GARCH(G),0.3779102425312417,5.667307595635791,G,2012-09-20
XEC,XEC.W^E14,2012-10-01,ESG-GJR-GARCH(S),0.3757584599069733,5.602953182208749,S,2012-09-20
XEC,XEC.W^E14,2012-10-01,GARCH,0.4297168267697088,7.327640920993171,,2012-09-20
XEC,XEC.W^E14,2012-10-01,GJR-GARCH,0.3723602139382783,5.502068608101603,,2012-09-20
XEC,XEC.W^E14,2012-10-02,EGARCH,0.4160783684396097,6.86988923346697,,2012-09-20
XEC,XEC.W^E14,2012-10-02,ESG-EGARCH,0.4239888473400663,7.133592963045955,all,2012-09-20
XEC,XEC.W^E14,2012-10-02,ESG-EGARCH(E),0.4234050000269448,7.113960081262585,E,2012-09-20
XEC,XEC.W^E14,2012-10-02,ESG-EGARCH(G),0.4242007631360899,7.140725692271469,G,2012-09-20
XEC,XEC.W^E14,2012-10-02,ESG-EGARCH(S),0.4233672614821696,7.112691987893324,S,2012-09-20
XEC,XEC.W^E14,2012-10-02,ESG-GARCH,0.4335413586955859,7.458655146810106,all,2012-09-20
XEC,XEC.W^E14,2012-10-02,ESG-GARCH(E),0.4330876010525337,7.443050404184072,E,2012-09-20
XEC,XEC.W^E14,2012-10-02,ESG-GARCH(G),0.4337265076554199,7.4650271207526595,G,2012-09-20
XEC,XEC.W^E14,2012-10-02,ESG-GARCH(S),0.4330578675241739,7.442028437483531,S,2012-09-20
XEC,XEC.W^E14,2012-10-02,ESG-GJR-GARCH,0.376720792585439,5.6316887129445,all,2012-09-20
XEC,XEC.W^E14,2012-10-02,ESG-GJR-GARCH(E),0.3757841072279799,5.6037180652829335,E,2012-09-20
XEC,XEC.W^E14,2012-10-02,ESG-GJR-GARCH(G),0.3779102425312417,5.667307595635791,G,2012-09-20
XEC,XEC.W^E14,2012-10-02,ESG-GJR-GARCH(S),0.3757584599069733,5.602953182208749,S,2012-09-20
XEC,XEC.W^E14,2012-10-02,GARCH,0.4297168267697088,7.327640920993171,,2012-09-20
XEC,XEC.W^E14,2012-10-02,GJR-GARCH,0.3723602139382783,5.502068608101603,,2012-09-20
XEC,XEC.W^E14,2012-10-03,EGARCH,0.4160783684396097,6.86988923346697,,2012-09-20
XEC,XEC.W^E14,2012-10-03,ESG-EGARCH,0.4239888473400663,7.133592963045955,all,2012-09-20
XEC,XEC.W^E14,2012-10-03,ESG-EGARCH(E),0.4234050000269448,7.113960081262585,E,2012-09-20
XEC,XEC.W^E14,2012-10-03,ESG-EGARCH(G),0.4242007631360899,7.140725692271469,G,2012-09-20
XEC,XEC.W^E14,2012-10-03,ESG-EGARCH(S),0.4233672614821696,7.112691987893324,S,2012-09-20
XEC,XEC.W^E14,2012-10-03,ESG-GARCH,0.4335413586955859,7.458655146810106,all,2012-09-20
XEC,XEC.W^E14,2012-10-03,ESG-GARCH(E),0.4330876010525337,7.443050404184072,E,2012-09-20
XEC,XEC.W^E14,2012-10-03,ESG-GARCH(G),0.4337265076554199,7.4650271207526595,G,2012-09-20
XEC,XEC.W^E14,2012-10-03,ESG-GARCH(S),0.4330578675241739,7.442028437483531,S,2012-09-20
XEC,XEC.W^E14,2012-10-03,ESG-GJR-GARCH,0.376720792585439,5.6316887129445,all,2012-09-20
XEC,XEC.W^E14,2012-10-03,ESG-GJR-GARCH(E),0.3757841072279799,5.6037180652829335,E,2012-09-20
XEC,XEC.W^E14,2012-10-03,ESG-GJR-GARCH(G),0.3779102425312417,5.667307595635791,G,2012-09-20
XEC,XEC.W^E14,2012-10-03,ESG-GJR-GARCH(S),0.3757584599069733,5.602953182208749,S,2012-09-20
XEC,XEC.W^E14,2012-10-03,GARCH,0.4297168267697088,7.327640920993171,,2012-09-20
XEC,XEC.W^E14,2012-10-03,GJR-GARCH,0.3723602139382783,5.502068608101603,,2012-09-20
XEC,XEC.W^E14,2012-10-04,EGARCH,0.4160783684396097,6.86988923346697,,2012-09-20
XEC,XEC.W^E14,2012-10-04,ESG-EGARCH,0.4239888473400663,7.133592963045955,all,2012-09-20
XEC,XEC.W^E14,2012-10-04,ESG-EGARCH(E),0.4234050000269448,7.113960081262585,E,2012-09-20
XEC,XEC.W^E14,2012-10-04,ESG-EGARCH(G),0.4242007631360899,7.140725692271469,G,2012-09-20
XEC,XEC.W^E14,2012-10-04,ESG-EGARCH(S),0.4233672614821696,7.112691987893324,S,2012-09-20
XEC,XEC.W^E14,2012-10-04,ESG-GARCH,0.4335413586955859,7.458655146810106,all,2012-09-20
XEC,XEC.W^E14,2012-10-04,ESG-GARCH(E),0.4330876010525337,7.443050404184072,E,2012-09-20
XEC,XEC.W^E14,2012-10-04,ESG-GARCH(G),0.4337265076554199,7.4650271207526595,G,2012-09-20
XEC,XEC.W^E14,2012-10-04,ESG-GARCH(S),0.4330578675241739,7.442028437483531,S,2012-09-20
XEC,XEC.W^E14,2012-10-04,ESG-GJR-GARCH,0.376720792585439,5.6316887129445,all,2012-09-20
XEC,XEC.W^E14,2012-10-04,ESG-GJR-GARCH(E),0.3757841072279799,5.6037180652829335,E,2012-09-20
XEC,XEC.W^E14,2012-10-04,ESG-GJR-GARCH(G),0.3779102425312417,5.667307595635791,G,2012-09-20
XEC,XEC.W^E14,2012-10-04,ESG-GJR-GARCH(S),0.3757584599069733,5.602953182208749,S,2012-09-20
XEC,XEC.W^E14,2012-10-04,GARCH,0.4297168267697088,7.327640920993171,,2012-09-20
XEC,XEC.W^E14,2012-10-04,GJR-GARCH,0.3723602139382783,5.502068608101603,,2012-09-20
XEC,XEC.W^E14,2012-10-05,EGARCH,0.4160783684396097,6.86988923346697,,2012-09-20
XEC,XEC.W^E14,2012-10-05,ESG-EGARCH,0.4239888473400663,7.133592963045955,all,2012-09-20
XEC,XEC.W^E14,2012-10-05,ESG-EGARCH(E),0.4234050000269448,7.113960081262585,E,2012-09-20
XEC,XEC.W^E14,2012-10-05,ESG-EGARCH(G),0.4242007631360899,7.140725692271469,G,2012-09-20
XEC,XEC.W^E14,2012-10-05,ESG-EGARCH(S),0.4233672614821696,7.112691987893324,S,2012-09-20
XEC,XEC.W^E14,2012-10-05,ESG-GARCH,0.4335413586955859,7.458655146810106,all,2012-09-20
XEC,XEC.W^E14,2012-10-05,ESG-GARCH(E),0.4330876010525337,7.443050404184072,E,2012-09-20
XEC,XEC.W^E14,2012-10-05,ESG-GARCH(G),0.4337265076554199,7.4650271207526595,G,2012-09-20
XEC,XEC.W^E14,2012-10-05,ESG-GARCH(S),0.4330578675241739,7.442028437483531,S,2012-09-20
XEC,XEC.W^E14,2012-10-05,ESG-GJR-GARCH,0.376720792585439,5.6316887129445,all,2012-09-20
XEC,XEC.W^E14,2012-10-05,ESG-GJR-GARCH(E),0.3757841072279799,5.6037180652829335,E,2012-09-20
XEC,XEC.W^E14,2012-10-05,ESG-GJR-GARCH(G),0.3779102425312417,5.667307595635791,G,2012-09-20
XEC,XEC.W^E14,2012-10-05,ESG-GJR-GARCH(S),0.3757584599069733,5.602953182208749,S,2012-09-20
XEC,XEC.W^E14,2012-10-05,GARCH,0.4297168267697088,7.327640920993171,,2012-09-20
XEC,XEC.W^E14,2012-10-05,GJR-GARCH,0.3723602139382783,5.502068608101603,,2012-09-20
XEC,XEC.W^E14,2012-10-08,EGARCH,0.4160783684396097,6.86988923346697,,2012-09-20
XEC,XEC.W^E14,2012-10-08,ESG-EGARCH,0.4239888473400663,7.133592963045955,all,2012-09-20
XEC,XEC.W^E14,2012-10-08,ESG-EGARCH(E),0.4234050000269448,7.113960081262585,E,2012-09-20
XEC,XEC.W^E14,2012-10-08,ESG-EGARCH(G),0.4242007631360899,7.140725692271469,G,2012-09-20
XEC,XEC.W^E14,2012-10-08,ESG-EGARCH(S),0.4233672614821696,7.112691987893324,S,2012-09-20
XEC,XEC.W^E14,2012-10-08,ESG-GARCH,0.4335413586955859,7.458655146810106,all,2012-09-20
XEC,XEC.W^E14,2012-10-08,ESG-GARCH(E),0.4330876010525337,7.443050404184072,E,2012-09-20
XEC,XEC.W^E14,2012-10-08,ESG-GARCH(G),0.4337265076554199,7.4650271207526595,G,2012-09-20
XEC,XEC.W^E14,2012-10-08,ESG-GARCH(S),0.4330578675241739,7.442028437483531,S,2012-09-20
XEC,XEC.W^E14,2012-10-08,ESG-GJR-GARCH,0.376720792585439,5.6316887129445,all,2012-09-20
XEC,XEC.W^E14,2012-10-08,ESG-GJR-GARCH(E),0.3757841072279799,5.6037180652829335,E,2012-09-20
XEC,XEC.W^E14,2012-10-08,ESG-GJR-GARCH(G),0.3779102425312417,5.667307595635791,G,2012-09-20
XEC,XEC.W^E14,2012-10-08,ESG-GJR-GARCH(S),0.3757584599069733,5.602953182208749,S,2012-09-20
XEC,XEC.W^E14,2012-10-08,GARCH,0.4297168267697088,7.327640920993171,,2012-09-20
XEC,XEC.W^E14,2012-10-08,GJR-GARCH,0.3723602139382783,5.502068608101603,,2012-09-20
XEC,XEC.W^E14,2012-10-09,EGARCH,0.4160783684396097,6.86988923346697,,2012-09-20
XEC,XEC.W^E14,2012-10-09,ESG-EGARCH,0.4239888473400663,7.133592963045955,all,2012-09-20
XEC,XEC.W^E14,2012-10-09,ESG-EGARCH(E),0.4234050000269448,7.113960081262585,E,2012-09-20
XEC,XEC.W^E14,2012-10-09,ESG-EGARCH(G),0.4242007631360899,7.140725692271469,G,2012-09-20
XEC,XEC.W^E14,2012-10-09,ESG-EGARCH(S),0.4233672614821696,7.112691987893324,S,2012-09-20
XEC,XEC.W^E14,2012-10-09,ESG-GARCH,0.4335413586955859,7.458655146810106,all,2012-09-20
XEC,XEC.W^E14,2012-10-09,ESG-GARCH(E),0.4330876010525337,7.443050404184072,E,2012-09-20
XEC,XEC.W^E14,2012-10-09,ESG-GARCH(G),0.4337265076554199,7.4650271207526595,G,2012-09-20
XEC,XEC.W^E14,2012-10-09,ESG-GARCH(S),0.4330578675241739,7.442028437483531,S,2012-09-20
XEC,XEC.W^E14,2012-10-09,ESG-GJR-GARCH,0.376720792585439,5.6316887129445,all,2012-09-20
XEC,XEC.W^E14,2012-10-09,ESG-GJR-GARCH(E),0.3757841072279799,5.6037180652829335,E,2012-09-20
XEC,XEC.W^E14,2012-10-09,ESG-GJR-GARCH(G),0.3779102425312417,5.667307595635791,G,2012-09-20
XEC,XEC.W^E14,2012-10-09,ESG-GJR-GARCH(S),0.3757584599069733,5.602953182208749,S,2012-09-20
XEC,XEC.W^E14,2012-10-09,GARCH,0.4297168267697088,7.327640920993171,,2012-09-20
XEC,XEC.W^E14,2012-10-09,GJR-GARCH,0.3723602139382783,5.502068608101603,,2012-09-20
XEC,XEC.W^E14,2012-10-10,EGARCH,0.4160783684396097,6.86988923346697,,2012-09-20
XEC,XEC.W^E14,2012-10-10,ESG-EGARCH,0.4239888473400663,7.133592963045955,all,2012-09-20
XEC,XEC.W^E14,2012-10-10,ESG-EGARCH(E),0.4234050000269448,7.113960081262585,E,2012-09-20
XEC,XEC.W^E14,2012-10-10,ESG-EGARCH(G),0.4242007631360899,7.140725692271469,G,2012-09-20
XEC,XEC.W^E14,2012-10-10,ESG-EGARCH(S),0.4233672614821696,7.112691987893324,S,2012-09-20
XEC,XEC.W^E14,2012-10-10,ESG-GARCH,0.4335413586955859,7.458655146810106,all,2012-09-20
XEC,XEC.W^E14,2012-10-10,ESG-GARCH(E),0.4330876010525337,7.443050404184072,E,2012-09-20
XEC,XEC.W^E14,2012-10-10,ESG-GARCH(G),0.4337265076554199,7.4650271207526595,G,2012-09-20
XEC,XEC.W^E14,2012-10-10,ESG-GARCH(S),0.4330578675241739,7.442028437483531,S,2012-09-20
XEC,XEC.W^E14,2012-10-10,ESG-GJR-GARCH,0.376720792585439,5.6316887129445,all,2012-09-20
XEC,XEC.W^E14,2012-10-10,ESG-GJR-GARCH(E),0.3757841072279799,5.6037180652829335,E,2012-09-20
XEC,XEC.W^E14,2012-10-10,ESG-GJR-GARCH(G),0.3779102425312417,5.667307595635791,G,2012-09-20
XEC,XEC.W^E14,2012-10-10,ESG-GJR-GARCH(S),0.3757584599069733,5.602953182208749,S,2012-09-20
XEC,XEC.W^E14,2012-10-10,GARCH,0.4297168267697088,7.327640920993171,,2012-09-20
XEC,XEC.W^E14,2012-10-10,GJR-GARCH,0.3723602139382783,5.502068608101603,,2012-09-20
XEC,XEC.W^E14,2012-10-11,EGARCH,0.4160783684396097,6.86988923346697,,2012-09-20
XEC,XEC.W^E14,2012-10-11,ESG-EGARCH,0.4239888473400663,7.133592963045955,all,2012-09-20
XEC,XEC.W^E14,2012-10-11,ESG-EGARCH(E),0.4234050000269448,7.113960081262585,E,2012-09-20
XEC,XEC.W^E14,2012-10-11,ESG-EGARCH(G),0.4242007631360899,7.140725692271469,G,2012-09-20
XEC,XEC.W^E14,2012-10-11,ESG-EGARCH(S),0.4233672614821696,7.112691987893324,S,2012-09-20
XEC,XEC.W^E14,2012-10-11,ESG-GARCH,0.4335413586955859,7.458655146810106,all,2012-09-20
XEC,XEC.W^E14,2012-10-11,ESG-GARCH(E),0.4330876010525337,7.443050404184072,E,2012-09-20
XEC,XEC.W^E14,2012-10-11,ESG-GARCH(G),0.4337265076554199,7.4650271207526595,G,2012-09-20
XEC,XEC.W^E14,2012-10-11,ESG-GARCH(S),0.4330578675241739,7.442028437483531,S,2012-09-20
XEC,XEC.W^E14,2012-10-11,ESG-GJR-GARCH,0.376720792585439,5.6316887129445,all,2012-09-20
XEC,XEC.W^E14,2012-10-11,ESG-GJR-GARCH(E),0.3757841072279799,5.6037180652829335,E,2012-09-20
XEC,XEC.W^E14,2012-10-11,ESG-GJR-GARCH(G),0.3779102425312417,5.667307595635791,G,2012-09-20
XEC,XEC.W^E14,2012-10-11,ESG-GJR-GARCH(S),0.3757584599069733,5.602953182208749,S,2012-09-20
XEC,XEC.W^E14,2012-10-11,GARCH,0.4297168267697088,7.327640920993171,,2012-09-20
XEC,XEC.W^E14,2012-10-11,GJR-GARCH,0.3723602139382783,5.502068608101603,,2012-09-20
XEC,XEC.W^E14,2012-10-12,EGARCH,0.4160783684396097,6.86988923346697,,2012-09-20
XEC,XEC.W^E14,2012-10-12,ESG-EGARCH,0.4239888473400663,7.133592963045955,all,2012-09-20
XEC,XEC.W^E14,2012-10-12,ESG-EGARCH(E),0.4234050000269448,7.113960081262585,E,2012-09-20
XEC,XEC.W^E14,2012-10-12,ESG-EGARCH(G),0.4242007631360899,7.140725692271469,G,2012-09-20
XEC,XEC.W^E14,2012-10-12,ESG-EGARCH(S),0.4233672614821696,7.112691987893324,S,2012-09-20
XEC,XEC.W^E14,2012-10-12,ESG-GARCH,0.4335413586955859,7.458655146810106,all,2012-09-20
XEC,XEC.W^E14,2012-10-12,ESG-GARCH(E),0.4330876010525337,7.443050404184072,E,2012-09-20
XEC,XEC.W^E14,2012-10-12,ESG-GARCH(G),0.4337265076554199,7.4650271207526595,G,2012-09-20
XEC,XEC.W^E14,2012-10-12,ESG-GARCH(S),0.4330578675241739,7.442028437483531,S,2012-09-20
XEC,XEC.W^E14,2012-10-12,ESG-GJR-GARCH,0.376720792585439,5.6316887129445,all,2012-09-20
XEC,XEC.W^E14,2012-10-12,ESG-GJR-GARCH(E),0.3757841072279799,5.6037180652829335,E,2012-09-20
XEC,XEC.W^E14,2012-10-12,ESG-GJR-GARCH(G),0.3779102425312417,5.667307595635791,G,2012-09-20
XEC,XEC.W^E14,2012-10-12,ESG-GJR-GARCH(S),0.3757584599069733,5.602953182208749,S,2012-09-20
XEC,XEC.W^E14,2012-10-12,GARCH,0.4297168267697088,7.327640920993171,,2012-09-20
XEC,XEC.W^E14,2012-10-12,GJR-GARCH,0.3723602139382783,5.502068608101603,,2012-09-20
XEC,XEC.W^E14,2012-10-15,EGARCH,0.4160783684396097,6.86988923346697,,2012-09-20
XEC,XEC.W^E14,2012-10-15,ESG-EGARCH,0.4239888473400663,7.133592963045955,all,2012-09-20
XEC,XEC.W^E14,2012-10-15,ESG-EGARCH(E),0.4234050000269448,7.113960081262585,E,2012-09-20
XEC,XEC.W^E14,2012-10-15,ESG-EGARCH(G),0.4242007631360899,7.140725692271469,G,2012-09-20
XEC,XEC.W^E14,2012-10-15,ESG-EGARCH(S),0.4233672614821696,7.112691987893324,S,2012-09-20
XEC,XEC.W^E14,2012-10-15,ESG-GARCH,0.4335413586955859,7.458655146810106,all,2012-09-20
XEC,XEC.W^E14,2012-10-15,ESG-GARCH(E),0.4330876010525337,7.443050404184072,E,2012-09-20
XEC,XEC.W^E14,2012-10-15,ESG-GARCH(G),0.4337265076554199,7.4650271207526595,G,2012-09-20
XEC,XEC.W^E14,2012-10-15,ESG-GARCH(S),0.4330578675241739,7.442028437483531,S,2012-09-20
XEC,XEC.W^E14,2012-10-15,ESG-GJR-GARCH,0.376720792585439,5.6316887129445,all,2012-09-20
XEC,XEC.W^E14,2012-10-15,ESG-GJR-GARCH(E),0.3757841072279799,5.6037180652829335,E,2012-09-20
XEC,XEC.W^E14,2012-10-15,ESG-GJR-GARCH(G),0.3779102425312417,5.667307595635791,G,2012-09-20
XEC,XEC.W^E14,2012-10-15,ESG-GJR-GARCH(S),0.3757584599069733,5.602953182208749,S,2012-09-20
XEC,XEC.W^E14,2012-10-15,GARCH,0.4297168267697088,7.327640920993171,,2012-09-20
XEC,XEC.W^E14,2012-10-15,GJR-GARCH,0.3723602139382783,5.502068608101603,,2012-09-20
XEC,XEC.W^E14,2012-10-16,EGARCH,0.4160783684396097,6.86988923346697,,2012-09-20
XEC,XEC.W^E14,2012-10-16,ESG-EGARCH,0.4239888473400663,7.133592963045955,all,2012-09-20
XEC,XEC.W^E14,2012-10-16,ESG-EGARCH(E),0.4234050000269448,7.113960081262585,E,2012-09-20
XEC,XEC.W^E14,2012-10-16,ESG-EGARCH(G),0.4242007631360899,7.140725692271469,G,2012-09-20
XEC,XEC.W^E14,2012-10-16,ESG-EGARCH(S),0.4233672614821696,7.112691987893324,S,2012-09-20
XEC,XEC.W^E14,2012-10-16,ESG-GARCH,0.4335413586955859,7.458655146810106,all,2012-09-20
XEC,XEC.W^E14,2012-10-16,ESG-GARCH(E),0.4330876010525337,7.443050404184072,E,2012-09-20
XEC,XEC.W^E14,2012-10-16,ESG-GARCH(G),0.4337265076554199,7.4650271207526595,G,2012-09-20
XEC,XEC.W^E14,2012-10-16,ESG-GARCH(S),0.4330578675241739,7.442028437483531,S,2012-09-20
XEC,XEC.W^E14,2012-10-16,ESG-GJR-GARCH,0.376720792585439,5.6316887129445,all,2012-09-20
XEC,XEC.W^E14,2012-10-16,ESG-GJR-GARCH(E),0.3757841072279799,5.6037180652829335,E,2012-09-20
XEC,XEC.W^E14,2012-10-16,ESG-GJR-GARCH(G),0.3779102425312417,5.667307595635791,G,2012-09-20
XEC,XEC.W^E14,2012-10-16,ESG-GJR-GARCH(S),0.3757584599069733,5.602953182208749,S,2012-09-20
XEC,XEC.W^E14,2012-10-16,GARCH,0.4297168267697088,7.327640920993171,,2012-09-20
XEC,XEC.W^E14,2012-10-16,GJR-GARCH,0.3723602139382783,5.502068608101603,,2012-09-20
XEC,XEC.W^E14,2012-10-17,EGARCH,0.4160783684396097,6.86988923346697,,2012-09-20
XEC,XEC.W^E14,2012-10-17,ESG-EGARCH,0.4239888473400663,7.133592963045955,all,2012-09-20
XEC,XEC.W^E14,2012-10-17,ESG-EGARCH(E),0.4234050000269448,7.113960081262585,E,2012-09-20
XEC,XEC.W^E14,2012-10-17,ESG-EGARCH(G),0.4242007631360899,7.140725692271469,G,2012-09-20
XEC,XEC.W^E14,2012-10-17,ESG-EGARCH(S),0.4233672614821696,7.112691987893324,S,2012-09-20
XEC,XEC.W^E14,2012-10-17,ESG-GARCH,0.4335413586955859,7.458655146810106,all,2012-09-20
XEC,XEC.W^E14,2012-10-17,ESG-GARCH(E),0.4330876010525337,7.443050404184072,E,2012-09-20
XEC,XEC.W^E14,2012-10-17,ESG-GARCH(G),0.4337265076554199,7.4650271207526595,G,2012-09-20
XEC,XEC.W^E14,2012-10-17,ESG-GARCH(S),0.4330578675241739,7.442028437483531,S,2012-09-20
XEC,XEC.W^E14,2012-10-17,ESG-GJR-GARCH,0.376720792585439,5.6316887129445,all,2012-09-20
XEC,XEC.W^E14,2012-10-17,ESG-GJR-GARCH(E),0.3757841072279799,5.6037180652829335,E,2012-09-20
XEC,XEC.W^E14,2012-10-17,ESG-GJR-GARCH(G),0.3779102425312417,5.667307595635791,G,2012-09-20
XEC,XEC.W^E14,2012-10-17,ESG-GJR-GARCH(S),0.3757584599069733,5.602953182208749,S,2012-09-20
XEC,XEC.W^E14,2012-10-17,GARCH,0.4297168267697088,7.327640920993171,,2012-09-20
XEC,XEC.W^E14,2012-10-17,GJR-GARCH,0.3723602139382783,5.502068608101603,,2012-09-20
XEC,XEC.W^E14,2012-10-18,EGARCH,0.4160783684396097,6.86988923346697,,2012-09-20
XEC,XEC.W^E14,2012-10-18,ESG-EGARCH,0.4239888473400663,7.133592963045955,all,2012-09-20
XEC,XEC.W^E14,2012-10-18,ESG-EGARCH(E),0.4234050000269448,7.113960081262585,E,2012-09-20
XEC,XEC.W^E14,2012-10-18,ESG-EGARCH(G),0.4242007631360899,7.140725692271469,G,2012-09-20
XEC,XEC.W^E14,2012-10-18,ESG-EGARCH(S),0.4233672614821696,7.112691987893324,S,2012-09-20
XEC,XEC.W^E14,2012-10-18,ESG-GARCH,0.4335413586955859,7.458655146810106,all,2012-09-20
XEC,XEC.W^E14,2012-10-18,ESG-GARCH(E),0.4330876010525337,7.443050404184072,E,2012-09-20
XEC,XEC.W^E14,2012-10-18,ESG-GARCH(G),0.4337265076554199,7.4650271207526595,G,2012-09-20
XEC,XEC.W^E14,2012-10-18,ESG-GARCH(S),0.4330578675241739,7.442028437483531,S,2012-09-20
XEC,XEC.W^E14,2012-10-18,ESG-GJR-GARCH,0.376720792585439,5.6316887129445,all,2012-09-20
XEC,XEC.W^E14,2012-10-18,ESG-GJR-GARCH(E),0.3757841072279799,5.6037180652829335,E,2012-09-20
XEC,XEC.W^E14,2012-10-18,ESG-GJR-GARCH(G),0.3779102425312417,5.667307595635791,G,2012-09-20
XEC,XEC.W^E14,2012-10-18,ESG-GJR-GARCH(S),0.3757584599069733,5.602953182208749,S,2012-09-20
XEC,XEC.W^E14,2012-10-18,GARCH,0.4297168267697088,7.327640920993171,,2012-09-20
XEC,XEC.W^E14,2012-10-18,GJR-GARCH,0.3723602139382783,5.502068608101603,,2012-09-20
XEC,XEC.W^E14,2012-10-19,EGARCH,0.4160783684396097,6.86988923346697,,2012-09-20
XEC,XEC.W^E14,2012-10-19,ESG-EGARCH,0.4239888473400663,7.133592963045955,all,2012-09-20
XEC,XEC.W^E14,2012-10-19,ESG-EGARCH(E),0.4234050000269448,7.113960081262585,E,2012-09-20
XEC,XEC.W^E14,2012-10-19,ESG-EGARCH(G),0.4242007631360899,7.140725692271469,G,2012-09-20
XEC,XEC.W^E14,2012-10-19,ESG-EGARCH(S),0.4233672614821696,7.112691987893324,S,2012-09-20
XEC,XEC.W^E14,2012-10-19,ESG-GARCH,0.4335413586955859,7.458655146810106,all,2012-09-20
XEC,XEC.W^E14,2012-10-19,ESG-GARCH(E),0.4330876010525337,7.443050404184072,E,2012-09-20
XEC,XEC.W^E14,2012-10-19,ESG-GARCH(G),0.4337265076554199,7.4650271207526595,G,2012-09-20
XEC,XEC.W^E14,2012-10-19,ESG-GARCH(S),0.4330578675241739,7.442028437483531,S,2012-09-20
XEC,XEC.W^E14,2012-10-19,ESG-GJR-GARCH,0.376720792585439,5.6316887129445,all,2012-09-20
XEC,XEC.W^E14,2012-10-19,ESG-GJR-GARCH(E),0.3757841072279799,5.6037180652829335,E,2012-09-20
XEC,XEC.W^E14,2012-10-19,ESG-GJR-GARCH(G),0.3779102425312417,5.667307595635791,G,2012-09-20
XEC,XEC.W^E14,2012-10-19,ESG-GJR-GARCH(S),0.3757584599069733,5.602953182208749,S,2012-09-20
XEC,XEC.W^E14,2012-10-19,GARCH,0.4297168267697088,7.327640920993171,,2012-09-20
XEC,XEC.W^E14,2012-10-19,GJR-GARCH,0.3723602139382783,5.502068608101603,,2012-09-20
XEC,XEC.W^E14,2012-11-06,EGARCH,0.3574283619164937,5.0696442024725386,,2012-11-06
XEC,XEC.W^E14,2012-11-06,ESG-EGARCH,0.3560598979483749,5.0308988463098085,all,2012-11-06
XEC,XEC.W^E14,2012-11-06,ESG-EGARCH(E),0.3553993759793082,5.012250652638163,E,2012-11-06
XEC,XEC.W^E14,2012-11-06,ESG-EGARCH(G),0.3567612970043148,5.050739009531783,G,2012-11-06
XEC,XEC.W^E14,2012-11-06,ESG-EGARCH(S),0.3553777001326345,5.011639275855585,S,2012-11-06
XEC,XEC.W^E14,2012-11-06,ESG-GARCH,0.376228282561476,5.61697303964912,all,2012-11-06
XEC,XEC.W^E14,2012-11-06,ESG-GARCH(E),0.3756613410196462,5.6000572673285305,E,2012-11-06
XEC,XEC.W^E14,2012-11-06,ESG-GARCH(G),0.3768981531649383,5.636992772188147,G,2012-11-06
XEC,XEC.W^E14,2012-11-06,ESG-GARCH(S),0.3756371549688305,5.599336198137983,S,2012-11-06
XEC,XEC.W^E14,2012-11-06,ESG-GJR-GARCH,0.3301004139925695,4.324058861828006,all,2012-11-06
XEC,XEC.W^E14,2012-11-06,ESG-GJR-GARCH(E),0.3291994684609829,4.300487699801336,E,2012-11-06
XEC,XEC.W^E14,2012-11-06,ESG-GJR-GARCH(G),0.3310542699571674,4.349084510193376,G,2012-11-06
XEC,XEC.W^E14,2012-11-06,ESG-GJR-GARCH(S),0.3291901013050943,4.300242968145168,S,2012-11-06
XEC,XEC.W^E14,2012-11-06,GARCH,0.3749035627340135,5.577487355184776,,2012-11-06
XEC,XEC.W^E14,2012-11-06,GJR-GARCH,0.334563028138112,4.441762690354885,,2012-11-06
XEC,XEC.W^E14,2012-11-09,EGARCH,0.3574283619164937,5.0696442024725386,,2012-11-06
XEC,XEC.W^E14,2012-11-09,ESG-EGARCH,0.3560598979483749,5.0308988463098085,all,2012-11-06
XEC,XEC.W^E14,2012-11-09,ESG-EGARCH(E),0.3553993759793082,5.012250652638163,E,2012-11-06
XEC,XEC.W^E14,2012-11-09,ESG-EGARCH(G),0.3567612970043148,5.050739009531783,G,2012-11-06
XEC,XEC.W^E14,2012-11-09,ESG-EGARCH(S),0.3553777001326345,5.011639275855585,S,2012-11-06
XEC,XEC.W^E14,2012-11-09,ESG-GARCH,0.376228282561476,5.61697303964912,all,2012-11-06
XEC,XEC.W^E14,2012-11-09,ESG-GARCH(E),0.3756613410196462,5.6000572673285305,E,2012-11-06
XEC,XEC.W^E14,2012-11-09,ESG-GARCH(G),0.3768981531649383,5.636992772188147,G,2012-11-06
XEC,XEC.W^E14,2012-11-09,ESG-GARCH(S),0.3756371549688305,5.599336198137983,S,2012-11-06
XEC,XEC.W^E14,2012-11-09,ESG-GJR-GARCH,0.3301004139925695,4.324058861828006,all,2012-11-06
XEC,XEC.W^E14,2012-11-09,ESG-GJR-GARCH(E),0.3291994684609829,4.300487699801336,E,2012-11-06
XEC,XEC.W^E14,2012-11-09,ESG-GJR-GARCH(G),0.3310542699571674,4.349084510193376,G,2012-11-06
XEC,XEC.W^E14,2012-11-09,ESG-GJR-GARCH(S),0.3291901013050943,4.300242968145168,S,2012-11-06
XEC,XEC.W^E14,2012-11-09,GARCH,0.3749035627340135,5.577487355184776,,2012-11-06
XEC,XEC.W^E14,2012-11-09,GJR-GARCH,0.334563028138112,4.441762690354885,,2012-11-06
XEC,XEC.W^E14,2012-11-21,EGARCH,0.3574283619164937,5.0696442024725386,,2012-11-06
XEC,XEC.W^E14,2012-11-21,ESG-EGARCH,0.3560598979483749,5.0308988463098085,all,2012-11-06
XEC,XEC.W^E14,2012-11-21,ESG-EGARCH(E),0.3553993759793082,5.012250652638163,E,2012-11-06
XEC,XEC.W^E14,2012-11-21,ESG-EGARCH(G),0.3567612970043148,5.050739009531783,G,2012-11-06
XEC,XEC.W^E14,2012-11-21,ESG-EGARCH(S),0.3553777001326345,5.011639275855585,S,2012-11-06
XEC,XEC.W^E14,2012-11-21,ESG-GARCH,0.376228282561476,5.61697303964912,all,2012-11-06
XEC,XEC.W^E14,2012-11-21,ESG-GARCH(E),0.3756613410196462,5.6000572673285305,E,2012-11-06
XEC,XEC.W^E14,2012-11-21,ESG-GARCH(G),0.3768981531649383,5.636992772188147,G,2012-11-06
XEC,XEC.W^E14,2012-11-21,ESG-GARCH(S),0.3756371549688305,5.599336198137983,S,2012-11-06
XEC,XEC.W^E14,2012-11-21,ESG-GJR-GARCH,0.3301004139925695,4.324058861828006,all,2012-11-06
XEC,XEC.W^E14,2012-11-21,ESG-GJR-GARCH(E),0.3291994684609829,4.300487699801336,E,2012-11-06
XEC,XEC.W^E14,2012-11-21,ESG-GJR-GARCH(G),0.3310542699571674,4.349084510193376,G,2012-11-06
XEC,XEC.W^E14,2012-11-21,ESG-GJR-GARCH(S),0.3291901013050943,4.300242968145168,S,2012-11-06
XEC,XEC.W^E14,2012-11-21,GARCH,0.3749035627340135,5.577487355184776,,2012-11-06
XEC,XEC.W^E14,2012-11-21,GJR-GARCH,0.334563028138112,4.441762690354885,,2012-11-06
XEC,XEC.W^E14,2012-11-28,EGARCH,0.3574283619164937,5.0696442024725386,,2012-11-06
XEC,XEC.W^E14,2012-11-28,ESG-EGARCH,0.3560598979483749,5.0308988463098085,all,2012-11-06
XEC,XEC.W^E14,2012-11-28,ESG-EGARCH(E),0.3553993759793082,5.012250652638163,E,2012-11-06
XEC,XEC.W^E14,2012-11-28,ESG-EGARCH(G),0.3567612970043148,5.050739009531783,G,2012-11-06
XEC,XEC.W^E14,2012-11-28,ESG-EGARCH(S),0.3553777001326345,5.011639275855585,S,2012-11-06
XEC,XEC.W^E14,2012-11-28,ESG-GARCH,0.376228282561476,5.61697303964912,all,2012-11-06
XEC,XEC.W^E14,2012-11-28,ESG-GARCH(E),0.3756613410196462,5.6000572673285305,E,2012-11-06
XEC,XEC.W^E14,2012-11-28,ESG-GARCH(G),0.3768981531649383,5.636992772188147,G,2012-11-06
XEC,XEC.W^E14,2012-11-28,ESG-GARCH(S),0.3756371549688305,5.599336198137983,S,2012-11-06
XEC,XEC.W^E14,2012-11-28,ESG-GJR-GARCH,0.3301004139925695,4.324058861828006,all,2012-11-06
XEC,XEC.W^E14,2012-11-28,ESG-GJR-GARCH(E),0.3291994684609829,4.300487699801336,E,2012-11-06
XEC,XEC.W^E14,2012-11-28,ESG-GJR-GARCH(G),0.3310542699571674,4.349084510193376,G,2012-11-06
XEC,XEC.W^E14,2012-11-28,ESG-GJR-GARCH(S),0.3291901013050943,4.300242968145168,S,2012-11-06
XEC,XEC.W^E14,2012-11-28,GARCH,0.3749035627340135,5.577487355184776,,2012-11-06
XEC,XEC.W^E14,2012-11-28,GJR-GARCH,0.334563028138112,4.441762690354885,,2012-11-06
XEC,XEC.W^E14,2012-11-29,EGARCH,0.3574283619164937,5.0696442024725386,,2012-11-06
XEC,XEC.W^E14,2012-11-29,ESG-EGARCH,0.3560598979483749,5.0308988463098085,all,2012-11-06
XEC,XEC.W^E14,2012-11-29,ESG-EGARCH(E),0.3553993759793082,5.012250652638163,E,2012-11-06
XEC,XEC.W^E14,2012-11-29,ESG-EGARCH(G),0.3567612970043148,5.050739009531783,G,2012-11-06
XEC,XEC.W^E14,2012-11-29,ESG-EGARCH(S),0.3553777001326345,5.011639275855585,S,2012-11-06
XEC,XEC.W^E14,2012-11-29,ESG-GARCH,0.376228282561476,5.61697303964912,all,2012-11-06
XEC,XEC.W^E14,2012-11-29,ESG-GARCH(E),0.3756613410196462,5.6000572673285305,E,2012-11-06
XEC,XEC.W^E14,2012-11-29,ESG-GARCH(G),0.3768981531649383,5.636992772188147,G,2012-11-06
XEC,XEC.W^E14,2012-11-29,ESG-GARCH(S),0.3756371549688305,5.599336198137983,S,2012-11-06
XEC,XEC.W^E14,2012-11-29,ESG-GJR-GARCH,0.3301004139925695,4.324058861828006,all,2012-11-06
XEC,XEC.W^E14,2012-11-29,ESG-GJR-GARCH(E),0.3291994684609829,4.300487699801336,E,2012-11-06
XEC,XEC.W^E14,2012-11-29,ESG-GJR-GARCH(G),0.3310542699571674,4.349084510193376,G,2012-11-06
XEC,XEC.W^E14,2012-11-29,ESG-GJR-GARCH(S),0.3291901013050943,4.300242968145168,S,2012-11-06
XEC,XEC.W^E14,2012-11-29,GARCH,0.3749035627340135,5.577487355184776,,2012-11-06
XEC,XEC.W^E14,2012-11-29,GJR-GARCH,0.334563028138112,4.441762690354885,,2012-11-06
XEC,XEC.W^E14,2012-11-30,EGARCH,0.3574283619164937,5.0696442024725386,,2012-11-06
XEC,XEC.W^E14,2012-11-30,ESG-EGARCH,0.3560598979483749,5.0308988463098085,all,2012-11-06
XEC,XEC.W^E14,2012-11-30,ESG-EGARCH(E),0.3553993759793082,5.012250652638163,E,2012-11-06
XEC,XEC.W^E14,2012-11-30,ESG-EGARCH(G),0.3567612970043148,5.050739009531783,G,2012-11-06
XEC,XEC.W^E14,2012-11-30,ESG-EGARCH(S),0.3553777001326345,5.011639275855585,S,2012-11-06
XEC,XEC.W^E14,2012-11-30,ESG-GARCH,0.376228282561476,5.61697303964912,all,2012-11-06
XEC,XEC.W^E14,2012-11-30,ESG-GARCH(E),0.3756613410196462,5.6000572673285305,E,2012-11-06
XEC,XEC.W^E14,2012-11-30,ESG-GARCH(G),0.3768981531649383,5.636992772188147,G,2012-11-06
XEC,XEC.W^E14,2012-11-30,ESG-GARCH(S),0.3756371549688305,5.599336198137983,S,2012-11-06
XEC,XEC.W^E14,2012-11-30,ESG-GJR-GARCH,0.3301004139925695,4.324058861828006,all,2012-11-06
XEC,XEC.W^E14,2012-11-30,ESG-GJR-GARCH(E),0.3291994684609829,4.300487699801336,E,2012-11-06
XEC,XEC.W^E14,2012-11-30,ESG-GJR-GARCH(G),0.3310542699571674,4.349084510193376,G,2012-11-06
XEC,XEC.W^E14,2012-11-30,ESG-GJR-GARCH(S),0.3291901013050943,4.300242968145168,S,2012-11-06
XEC,XEC.W^E14,2012-11-30,GARCH,0.3749035627340135,5.577487355184776,,2012-11-06
XEC,XEC.W^E14,2012-11-30,GJR-GARCH,0.334563028138112,4.441762690354885,,2012-11-06
XEC,XEC.W^E14,2012-12-03,EGARCH,0.3574283619164937,5.0696442024725386,,2012-11-06
XEC,XEC.W^E14,2012-12-03,ESG-EGARCH,0.3560598979483749,5.0308988463098085,all,2012-11-06
XEC,XEC.W^E14,2012-12-03,ESG-EGARCH(E),0.3553993759793082,5.012250652638163,E,2012-11-06
XEC,XEC.W^E14,2012-12-03,ESG-EGARCH(G),0.3567612970043148,5.050739009531783,G,2012-11-06
XEC,XEC.W^E14,2012-12-03,ESG-EGARCH(S),0.3553777001326345,5.011639275855585,S,2012-11-06
XEC,XEC.W^E14,2012-12-03,ESG-GARCH,0.376228282561476,5.61697303964912,all,2012-11-06
XEC,XEC.W^E14,2012-12-03,ESG-GARCH(E),0.3756613410196462,5.6000572673285305,E,2012-11-06
XEC,XEC.W^E14,2012-12-03,ESG-GARCH(G),0.3768981531649383,5.636992772188147,G,2012-11-06
XEC,XEC.W^E14,2012-12-03,ESG-GARCH(S),0.3756371549688305,5.599336198137983,S,2012-11-06
XEC,XEC.W^E14,2012-12-03,ESG-GJR-GARCH,0.3301004139925695,4.324058861828006,all,2012-11-06
XEC,XEC.W^E14,2012-12-03,ESG-GJR-GARCH(E),0.3291994684609829,4.300487699801336,E,2012-11-06
XEC,XEC.W^E14,2012-12-03,ESG-GJR-GARCH(G),0.3310542699571674,4.349084510193376,G,2012-11-06
XEC,XEC.W^E14,2012-12-03,ESG-GJR-GARCH(S),0.3291901013050943,4.300242968145168,S,2012-11-06
XEC,XEC.W^E14,2012-12-03,GARCH,0.3749035627340135,5.577487355184776,,2012-11-06
XEC,XEC.W^E14,2012-12-03,GJR-GARCH,0.334563028138112,4.441762690354885,,2012-11-06
XEC,XEC.W^E14,2012-12-04,EGARCH,0.3574283619164937,5.0696442024725386,,2012-11-06
XEC,XEC.W^E14,2012-12-04,ESG-EGARCH,0.3560598979483749,5.0308988463098085,all,2012-11-06
XEC,XEC.W^E14,2012-12-04,ESG-EGARCH(E),0.3553993759793082,5.012250652638163,E,2012-11-06
XEC,XEC.W^E14,2012-12-04,ESG-EGARCH(G),0.3567612970043148,5.050739009531783,G,2012-11-06
XEC,XEC.W^E14,2012-12-04,ESG-EGARCH(S),0.3553777001326345,5.011639275855585,S,2012-11-06
XEC,XEC.W^E14,2012-12-04,ESG-GARCH,0.376228282561476,5.61697303964912,all,2012-11-06
XEC,XEC.W^E14,2012-12-04,ESG-GARCH(E),0.3756613410196462,5.6000572673285305,E,2012-11-06
XEC,XEC.W^E14,2012-12-04,ESG-GARCH(G),0.3768981531649383,5.636992772188147,G,2012-11-06
XEC,XEC.W^E14,2012-12-04,ESG-GARCH(S),0.3756371549688305,5.599336198137983,S,2012-11-06
XEC,XEC.W^E14,2012-12-04,ESG-GJR-GARCH,0.3301004139925695,4.324058861828006,all,2012-11-06
XEC,XEC.W^E14,2012-12-04,ESG-GJR-GARCH(E),0.3291994684609829,4.300487699801336,E,2012-11-06
XEC,XEC.W^E14,2012-12-04,ESG-GJR-GARCH(G),0.3310542699571674,4.349084510193376,G,2012-11-06
XEC,XEC.W^E14,2012-12-04,ESG-GJR-GARCH(S),0.3291901013050943,4.300242968145168,S,2012-11-06
XEC,XEC.W^E14,2012-12-04,GARCH,0.3749035627340135,5.577487355184776,,2012-11-06
XEC,XEC.W^E14,2012-12-04,GJR-GARCH,0.334563028138112,4.441762690354885,,2012-11-06
XEC,XEC.W^E14,2012-12-05,EGARCH,0.3574283619164937,5.0696442024725386,,2012-11-06
XEC,XEC.W^E14,2012-12-05,ESG-EGARCH,0.3560598979483749,5.0308988463098085,all,2012-11-06
XEC,XEC.W^E14,2012-12-05,ESG-EGARCH(E),0.3553993759793082,5.012250652638163,E,2012-11-06
XEC,XEC.W^E14,2012-12-05,ESG-EGARCH(G),0.3567612970043148,5.050739009531783,G,2012-11-06
XEC,XEC.W^E14,2012-12-05,ESG-EGARCH(S),0.3553777001326345,5.011639275855585,S,2012-11-06
XEC,XEC.W^E14,2012-12-05,ESG-GARCH,0.376228282561476,5.61697303964912,all,2012-11-06
XEC,XEC.W^E14,2012-12-05,ESG-GARCH(E),0.3756613410196462,5.6000572673285305,E,2012-11-06
XEC,XEC.W^E14,2012-12-05,ESG-GARCH(G),0.3768981531649383,5.636992772188147,G,2012-11-06
XEC,XEC.W^E14,2012-12-05,ESG-GARCH(S),0.3756371549688305,5.599336198137983,S,2012-11-06
XEC,XEC.W^E14,2012-12-05,ESG-GJR-GARCH,0.3301004139925695,4.324058861828006,all,2012-11-06
XEC,XEC.W^E14,2012-12-05,ESG-GJR-GARCH(E),0.3291994684609829,4.300487699801336,E,2012-11-06
XEC,XEC.W^E14,2012-12-05,ESG-GJR-GARCH(G),0.3310542699571674,4.349084510193376,G,2012-11-06
XEC,XEC.W^E14,2012-12-05,ESG-GJR-GARCH(S),0.3291901013050943,4.300242968145168,S,2012-11-06
XEC,XEC.W^E14,2012-12-05,GARCH,0.3749035627340135,5.577487355184776,,2012-11-06
XEC,XEC.W^E14,2012-12-05,GJR-GARCH,0.334563028138112,4.441762690354885,,2012-11-06
XEC,XEC.W^E14,2012-12-06,EGARCH,0.3574283619164937,5.0696442024725386,,2012-11-06
XEC,XEC.W^E14,2012-12-06,ESG-EGARCH,0.3560598979483749,5.0308988463098085,all,2012-11-06
XEC,XEC.W^E14,2012-12-06,ESG-EGARCH(E),0.3553993759793082,5.012250652638163,E,2012-11-06
XEC,XEC.W^E14,2012-12-06,ESG-EGARCH(G),0.3567612970043148,5.050739009531783,G,2012-11-06
XEC,XEC.W^E14,2012-12-06,ESG-EGARCH(S),0.3553777001326345,5.011639275855585,S,2012-11-06
XEC,XEC.W^E14,2012-12-06,ESG-GARCH,0.376228282561476,5.61697303964912,all,2012-11-06
XEC,XEC.W^E14,2012-12-06,ESG-GARCH(E),0.3756613410196462,5.6000572673285305,E,2012-11-06
XEC,XEC.W^E14,2012-12-06,ESG-GARCH(G),0.3768981531649383,5.636992772188147,G,2012-11-06
XEC,XEC.W^E14,2012-12-06,ESG-GARCH(S),0.3756371549688305,5.599336198137983,S,2012-11-06
XEC,XEC.W^E14,2012-12-06,ESG-GJR-GARCH,0.3301004139925695,4.324058861828006,all,2012-11-06
XEC,XEC.W^E14,2012-12-06,ESG-GJR-GARCH(E),0.3291994684609829,4.300487699801336,E,2012-11-06
XEC,XEC.W^E14,2012-12-06,ESG-GJR-GARCH(G),0.3310542699571674,4.349084510193376,G,2012-11-06
XEC,XEC.W^E14,2012-12-06,ESG-GJR-GARCH(S),0.3291901013050943,4.300242968145168,S,2012-11-06
XEC,XEC.W^E14,2012-12-06,GARCH,0.3749035627340135,5.577487355184776,,2012-11-06
XEC,XEC.W^E14,2012-12-06,GJR-GARCH,0.334563028138112,4.441762690354885,,2012-11-06
XEC,XEC.W^E14,2012-12-07,EGARCH,0.3574283619164937,5.0696442024725386,,2012-11-06
XEC,XEC.W^E14,2012-12-07,ESG-EGARCH,0.3560598979483749,5.0308988463098085,all,2012-11-06
XEC,XEC.W^E14,2012-12-07,ESG-EGARCH(E),0.3553993759793082,5.012250652638163,E,2012-11-06
XEC,XEC.W^E14,2012-12-07,ESG-EGARCH(G),0.3567612970043148,5.050739009531783,G,2012-11-06
XEC,XEC.W^E14,2012-12-07,ESG-EGARCH(S),0.3553777001326345,5.011639275855585,S,2012-11-06
XEC,XEC.W^E14,2012-12-07,ESG-GARCH,0.376228282561476,5.61697303964912,all,2012-11-06
XEC,XEC.W^E14,2012-12-07,ESG-GARCH(E),0.3756613410196462,5.6000572673285305,E,2012-11-06
XEC,XEC.W^E14,2012-12-07,ESG-GARCH(G),0.3768981531649383,5.636992772188147,G,2012-11-06
XEC,XEC.W^E14,2012-12-07,ESG-GARCH(S),0.3756371549688305,5.599336198137983,S,2012-11-06
XEC,XEC.W^E14,2012-12-07,ESG-GJR-GARCH,0.3301004139925695,4.324058861828006,all,2012-11-06
XEC,XEC.W^E14,2012-12-07,ESG-GJR-GARCH(E),0.3291994684609829,4.300487699801336,E,2012-11-06
XEC,XEC.W^E14,2012-12-07,ESG-GJR-GARCH(G),0.3310542699571674,4.349084510193376,G,2012-11-06
XEC,XEC.W^E14,2012-12-07,ESG-GJR-GARCH(S),0.3291901013050943,4.300242968145168,S,2012-11-06
XEC,XEC.W^E14,2012-12-07,GARCH,0.3749035627340135,5.577487355184776,,2012-11-06
XEC,XEC.W^E14,2012-12-07,GJR-GARCH,0.334563028138112,4.441762690354885,,2012-11-06
XEC,XEC.W^E14,2012-12-10,EGARCH,0.3574283619164937,5.0696442024725386,,2012-11-06
XEC,XEC.W^E14,2012-12-10,ESG-EGARCH,0.3560598979483749,5.0308988463098085,all,2012-11-06
XEC,XEC.W^E14,2012-12-10,ESG-EGARCH(E),0.3553993759793082,5.012250652638163,E,2012-11-06
XEC,XEC.W^E14,2012-12-10,ESG-EGARCH(G),0.3567612970043148,5.050739009531783,G,2012-11-06
XEC,XEC.W^E14,2012-12-10,ESG-EGARCH(S),0.3553777001326345,5.011639275855585,S,2012-11-06
XEC,XEC.W^E14,2012-12-10,ESG-GARCH,0.376228282561476,5.61697303964912,all,2012-11-06
XEC,XEC.W^E14,2012-12-10,ESG-GARCH(E),0.3756613410196462,5.6000572673285305,E,2012-11-06
XEC,XEC.W^E14,2012-12-10,ESG-GARCH(G),0.3768981531649383,5.636992772188147,G,2012-11-06
XEC,XEC.W^E14,2012-12-10,ESG-GARCH(S),0.3756371549688305,5.599336198137983,S,2012-11-06
XEC,XEC.W^E14,2012-12-10,ESG-GJR-GARCH,0.3301004139925695,4.324058861828006,all,2012-11-06
XEC,XEC.W^E14,2012-12-10,ESG-GJR-GARCH(E),0.3291994684609829,4.300487699801336,E,2012-11-06
XEC,XEC.W^E14,2012-12-10,ESG-GJR-GARCH(G),0.3310542699571674,4.349084510193376,G,2012-11-06
XEC,XEC.W^E14,2012-12-10,ESG-GJR-GARCH(S),0.3291901013050943,4.300242968145168,S,2012-11-06
XEC,XEC.W^E14,2012-12-10,GARCH,0.3749035627340135,5.577487355184776,,2012-11-06
XEC,XEC.W^E14,2012-12-10,GJR-GARCH,0.334563028138112,4.441762690354885,,2012-11-06
XEC,XEC.W^E14,2012-12-11,EGARCH,0.3574283619164937,5.0696442024725386,,2012-11-06
XEC,XEC.W^E14,2012-12-11,ESG-EGARCH,0.3560598979483749,5.0308988463098085,all,2012-11-06
XEC,XEC.W^E14,2012-12-11,ESG-EGARCH(E),0.3553993759793082,5.012250652638163,E,2012-11-06
XEC,XEC.W^E14,2012-12-11,ESG-EGARCH(G),0.3567612970043148,5.050739009531783,G,2012-11-06
XEC,XEC.W^E14,2012-12-11,ESG-EGARCH(S),0.3553777001326345,5.011639275855585,S,2012-11-06
XEC,XEC.W^E14,2012-12-11,ESG-GARCH,0.376228282561476,5.61697303964912,all,2012-11-06
XEC,XEC.W^E14,2012-12-11,ESG-GARCH(E),0.3756613410196462,5.6000572673285305,E,2012-11-06
XEC,XEC.W^E14,2012-12-11,ESG-GARCH(G),0.3768981531649383,5.636992772188147,G,2012-11-06
XEC,XEC.W^E14,2012-12-11,ESG-GARCH(S),0.3756371549688305,5.599336198137983,S,2012-11-06
XEC,XEC.W^E14,2012-12-11,ESG-GJR-GARCH,0.3301004139925695,4.324058861828006,all,2012-11-06
XEC,XEC.W^E14,2012-12-11,ESG-GJR-GARCH(E),0.3291994684609829,4.300487699801336,E,2012-11-06
XEC,XEC.W^E14,2012-12-11,ESG-GJR-GARCH(G),0.3310542699571674,4.349084510193376,G,2012-11-06
XEC,XEC.W^E14,2012-12-11,ESG-GJR-GARCH(S),0.3291901013050943,4.300242968145168,S,2012-11-06
XEC,XEC.W^E14,2012-12-11,GARCH,0.3749035627340135,5.577487355184776,,2012-11-06
XEC,XEC.W^E14,2012-12-11,GJR-GARCH,0.334563028138112,4.441762690354885,,2012-11-06
XEC,XEC.W^E14,2012-12-12,EGARCH,0.3574283619164937,5.0696442024725386,,2012-11-06
XEC,XEC.W^E14,2012-12-12,ESG-EGARCH,0.3560598979483749,5.0308988463098085,all,2012-11-06
XEC,XEC.W^E14,2012-12-12,ESG-EGARCH(E),0.3553993759793082,5.012250652638163,E,2012-11-06
XEC,XEC.W^E14,2012-12-12,ESG-EGARCH(G),0.3567612970043148,5.050739009531783,G,2012-11-06
XEC,XEC.W^E14,2012-12-12,ESG-EGARCH(S),0.3553777001326345,5.011639275855585,S,2012-11-06
XEC,XEC.W^E14,2012-12-12,ESG-GARCH,0.376228282561476,5.61697303964912,all,2012-11-06
XEC,XEC.W^E14,2012-12-12,ESG-GARCH(E),0.3756613410196462,5.6000572673285305,E,2012-11-06
XEC,XEC.W^E14,2012-12-12,ESG-GARCH(G),0.3768981531649383,5.636992772188147,G,2012-11-06
XEC,XEC.W^E14,2012-12-12,ESG-GARCH(S),0.3756371549688305,5.599336198137983,S,2012-11-06
XEC,XEC.W^E14,2012-12-12,ESG-GJR-GARCH,0.3301004139925695,4.324058861828006,all,2012-11-06
XEC,XEC.W^E14,2012-12-12,ESG-GJR-GARCH(E),0.3291994684609829,4.300487699801336,E,2012-11-06
XEC,XEC.W^E14,2012-12-12,ESG-GJR-GARCH(G),0.3310542699571674,4.349084510193376,G,2012-11-06
XEC,XEC.W^E14,2012-12-12,ESG-GJR-GARCH(S),0.3291901013050943,4.300242968145168,S,2012-11-06
XEC,XEC.W^E14,2012-12-12,GARCH,0.3749035627340135,5.577487355184776,,2012-11-06
XEC,XEC.W^E14,2012-12-12,GJR-GARCH,0.334563028138112,4.441762690354885,,2012-11-06
XEC,XEC.W^E14,2012-12-13,EGARCH,0.3574283619164937,5.0696442024725386,,2012-11-06
XEC,XEC.W^E14,2012-12-13,ESG-EGARCH,0.3560598979483749,5.0308988463098085,all,2012-11-06
XEC,XEC.W^E14,2012-12-13,ESG-EGARCH(E),0.3553993759793082,5.012250652638163,E,2012-11-06
XEC,XEC.W^E14,2012-12-13,ESG-EGARCH(G),0.3567612970043148,5.050739009531783,G,2012-11-06
XEC,XEC.W^E14,2012-12-13,ESG-EGARCH(S),0.3553777001326345,5.011639275855585,S,2012-11-06
XEC,XEC.W^E14,2012-12-13,ESG-GARCH,0.376228282561476,5.61697303964912,all,2012-11-06
XEC,XEC.W^E14,2012-12-13,ESG-GARCH(E),0.3756613410196462,5.6000572673285305,E,2012-11-06
XEC,XEC.W^E14,2012-12-13,ESG-GARCH(G),0.3768981531649383,5.636992772188147,G,2012-11-06
XEC,XEC.W^E14,2012-12-13,ESG-GARCH(S),0.3756371549688305,5.599336198137983,S,2012-11-06
XEC,XEC.W^E14,2012-12-13,ESG-GJR-GARCH,0.3301004139925695,4.324058861828006,all,2012-11-06
XEC,XEC.W^E14,2012-12-13,ESG-GJR-GARCH(E),0.3291994684609829,4.300487699801336,E,2012-11-06
XEC,XEC.W^E14,2012-12-13,ESG-GJR-GARCH(G),0.3310542699571674,4.349084510193376,G,2012-11-06
XEC,XEC.W^E14,2012-12-13,ESG-GJR-GARCH(S),0.3291901013050943,4.300242968145168,S,2012-11-06
XEC,XEC.W^E14,2012-12-13,GARCH,0.3749035627340135,5.577487355184776,,2012-11-06
XEC,XEC.W^E14,2012-12-13,GJR-GARCH,0.334563028138112,4.441762690354885,,2012-11-06
XEC,XEC.W^E14,2012-12-14,EGARCH,0.3574283619164937,5.0696442024725386,,2012-11-06
XEC,XEC.W^E14,2012-12-14,ESG-EGARCH,0.3560598979483749,5.0308988463098085,all,2012-11-06
XEC,XEC.W^E14,2012-12-14,ESG-EGARCH(E),0.3553993759793082,5.012250652638163,E,2012-11-06
XEC,XEC.W^E14,2012-12-14,ESG-EGARCH(G),0.3567612970043148,5.050739009531783,G,2012-11-06
XEC,XEC.W^E14,2012-12-14,ESG-EGARCH(S),0.3553777001326345,5.011639275855585,S,2012-11-06
XEC,XEC.W^E14,2012-12-14,ESG-GARCH,0.376228282561476,5.61697303964912,all,2012-11-06
XEC,XEC.W^E14,2012-12-14,ESG-GARCH(E),0.3756613410196462,5.6000572673285305,E,2012-11-06
XEC,XEC.W^E14,2012-12-14,ESG-GARCH(G),0.3768981531649383,5.636992772188147,G,2012-11-06
XEC,XEC.W^E14,2012-12-14,ESG-GARCH(S),0.3756371549688305,5.599336198137983,S,2012-11-06
XEC,XEC.W^E14,2012-12-14,ESG-GJR-GARCH,0.3301004139925695,4.324058861828006,all,2012-11-06
XEC,XEC.W^E14,2012-12-14,ESG-GJR-GARCH(E),0.3291994684609829,4.300487699801336,E,2012-11-06
XEC,XEC.W^E14,2012-12-14,ESG-GJR-GARCH(G),0.3310542699571674,4.349084510193376,G,2012-11-06
XEC,XEC.W^E14,2012-12-14,ESG-GJR-GARCH(S),0.3291901013050943,4.300242968145168,S,2012-11-06
XEC,XEC.W^E14,2012-12-14,GARCH,0.3749035627340135,5.577487355184776,,2012-11-06
XEC,XEC.W^E14,2012-12-14,GJR-GARCH,0.334563028138112,4.441762690354885,,2012-11-06
XEC,XEC.W^E14,2012-12-17,EGARCH,0.3574283619164937,5.0696442024725386,,2012-11-06
XEC,XEC.W^E14,2012-12-17,ESG-EGARCH,0.3560598979483749,5.0308988463098085,all,2012-11-06
XEC,XEC.W^E14,2012-12-17,ESG-EGARCH(E),0.3553993759793082,5.012250652638163,E,2012-11-06
XEC,XEC.W^E14,2012-12-17,ESG-EGARCH(G),0.3567612970043148,5.050739009531783,G,2012-11-06
XEC,XEC.W^E14,2012-12-17,ESG-EGARCH(S),0.3553777001326345,5.011639275855585,S,2012-11-06
XEC,XEC.W^E14,2012-12-17,ESG-GARCH,0.376228282561476,5.61697303964912,all,2012-11-06
XEC,XEC.W^E14,2012-12-17,ESG-GARCH(E),0.3756613410196462,5.6000572673285305,E,2012-11-06
XEC,XEC.W^E14,2012-12-17,ESG-GARCH(G),0.3768981531649383,5.636992772188147,G,2012-11-06
XEC,XEC.W^E14,2012-12-17,ESG-GARCH(S),0.3756371549688305,5.599336198137983,S,2012-11-06
XEC,XEC.W^E14,2012-12-17,ESG-GJR-GARCH,0.3301004139925695,4.324058861828006,all,2012-11-06
XEC,XEC.W^E14,2012-12-17,ESG-GJR-GARCH(E),0.3291994684609829,4.300487699801336,E,2012-11-06
XEC,XEC.W^E14,2012-12-17,ESG-GJR-GARCH(G),0.3310542699571674,4.349084510193376,G,2012-11-06
XEC,XEC.W^E14,2012-12-17,ESG-GJR-GARCH(S),0.3291901013050943,4.300242968145168,S,2012-11-06
XEC,XEC.W^E14,2012-12-17,GARCH,0.3749035627340135,5.577487355184776,,2012-11-06
XEC,XEC.W^E14,2012-12-17,GJR-GARCH,0.334563028138112,4.441762690354885,,2012-11-06
XEC,XEC.W^E14,2012-12-18,EGARCH,0.3574283619164937,5.0696442024725386,,2012-11-06
XEC,XEC.W^E14,2012-12-18,ESG-EGARCH,0.3560598979483749,5.0308988463098085,all,2012-11-06
XEC,XEC.W^E14,2012-12-18,ESG-EGARCH(E),0.3553993759793082,5.012250652638163,E,2012-11-06
XEC,XEC.W^E14,2012-12-18,ESG-EGARCH(G),0.3567612970043148,5.050739009531783,G,2012-11-06
XEC,XEC.W^E14,2012-12-18,ESG-EGARCH(S),0.3553777001326345,5.011639275855585,S,2012-11-06
XEC,XEC.W^E14,2012-12-18,ESG-GARCH,0.376228282561476,5.61697303964912,all,2012-11-06
XEC,XEC.W^E14,2012-12-18,ESG-GARCH(E),0.3756613410196462,5.6000572673285305,E,2012-11-06
XEC,XEC.W^E14,2012-12-18,ESG-GARCH(G),0.3768981531649383,5.636992772188147,G,2012-11-06
XEC,XEC.W^E14,2012-12-18,ESG-GARCH(S),0.3756371549688305,5.599336198137983,S,2012-11-06
XEC,XEC.W^E14,2012-12-18,ESG-GJR-GARCH,0.3301004139925695,4.324058861828006,all,2012-11-06
XEC,XEC.W^E14,2012-12-18,ESG-GJR-GARCH(E),0.3291994684609829,4.300487699801336,E,2012-11-06
XEC,XEC.W^E14,2012-12-18,ESG-GJR-GARCH(G),0.3310542699571674,4.349084510193376,G,2012-11-06
XEC,XEC.W^E14,2012-12-18,ESG-GJR-GARCH(S),0.3291901013050943,4.300242968145168,S,2012-11-06
XEC,XEC.W^E14,2012-12-18,GARCH,0.3749035627340135,5.577487355184776,,2012-11-06
XEC,XEC.W^E14,2012-12-18,GJR-GARCH,0.334563028138112,4.441762690354885,,2012-11-06
XEC,XEC.W^E14,2012-12-19,EGARCH,0.3574283619164937,5.0696442024725386,,2012-11-06
XEC,XEC.W^E14,2012-12-19,ESG-EGARCH,0.3560598979483749,5.0308988463098085,all,2012-11-06
XEC,XEC.W^E14,2012-12-19,ESG-EGARCH(E),0.3553993759793082,5.012250652638163,E,2012-11-06
XEC,XEC.W^E14,2012-12-19,ESG-EGARCH(G),0.3567612970043148,5.050739009531783,G,2012-11-06
XEC,XEC.W^E14,2012-12-19,ESG-EGARCH(S),0.3553777001326345,5.011639275855585,S,2012-11-06
XEC,XEC.W^E14,2012-12-19,ESG-GARCH,0.376228282561476,5.61697303964912,all,2012-11-06
XEC,XEC.W^E14,2012-12-19,ESG-GARCH(E),0.3756613410196462,5.6000572673285305,E,2012-11-06
XEC,XEC.W^E14,2012-12-19,ESG-GARCH(G),0.3768981531649383,5.636992772188147,G,2012-11-06
XEC,XEC.W^E14,2012-12-19,ESG-GARCH(S),0.3756371549688305,5.599336198137983,S,2012-11-06
XEC,XEC.W^E14,2012-12-19,ESG-GJR-GARCH,0.3301004139925695,4.324058861828006,all,2012-11-06
XEC,XEC.W^E14,2012-12-19,ESG-GJR-GARCH(E),0.3291994684609829,4.300487699801336,E,2012-11-06
XEC,XEC.W^E14,2012-12-19,ESG-GJR-GARCH(G),0.3310542699571674,4.349084510193376,G,2012-11-06
XEC,XEC.W^E14,2012-12-19,ESG-GJR-GARCH(S),0.3291901013050943,4.300242968145168,S,2012-11-06
XEC,XEC.W^E14,2012-12-19,GARCH,0.3749035627340135,5.577487355184776,,2012-11-06
XEC,XEC.W^E14,2012-12-19,GJR-GARCH,0.334563028138112,4.441762690354885,,2012-11-06
XEC,XEC.W^E14,2012-12-20,EGARCH,0.3574283619164937,5.0696442024725386,,2012-11-06
XEC,XEC.W^E14,2012-12-20,ESG-EGARCH,0.3560598979483749,5.0308988463098085,all,2012-11-06
XEC,XEC.W^E14,2012-12-20,ESG-EGARCH(E),0.3553993759793082,5.012250652638163,E,2012-11-06
XEC,XEC.W^E14,2012-12-20,ESG-EGARCH(G),0.3567612970043148,5.050739009531783,G,2012-11-06
XEC,XEC.W^E14,2012-12-20,ESG-EGARCH(S),0.3553777001326345,5.011639275855585,S,2012-11-06
XEC,XEC.W^E14,2012-12-20,ESG-GARCH,0.376228282561476,5.61697303964912,all,2012-11-06
XEC,XEC.W^E14,2012-12-20,ESG-GARCH(E),0.3756613410196462,5.6000572673285305,E,2012-11-06
XEC,XEC.W^E14,2012-12-20,ESG-GARCH(G),0.3768981531649383,5.636992772188147,G,2012-11-06
XEC,XEC.W^E14,2012-12-20,ESG-GARCH(S),0.3756371549688305,5.599336198137983,S,2012-11-06
XEC,XEC.W^E14,2012-12-20,ESG-GJR-GARCH,0.3301004139925695,4.324058861828006,all,2012-11-06
XEC,XEC.W^E14,2012-12-20,ESG-GJR-GARCH(E),0.3291994684609829,4.300487699801336,E,2012-11-06
XEC,XEC.W^E14,2012-12-20,ESG-GJR-GARCH(G),0.3310542699571674,4.349084510193376,G,2012-11-06
XEC,XEC.W^E14,2012-12-20,ESG-GJR-GARCH(S),0.3291901013050943,4.300242968145168,S,2012-11-06
XEC,XEC.W^E14,2012-12-20,GARCH,0.3749035627340135,5.577487355184776,,2012-11-06
XEC,XEC.W^E14,2012-12-20,GJR-GARCH,0.334563028138112,4.441762690354885,,2012-11-06
XEC,XEC.W^E14,2012-12-21,EGARCH,0.3574283619164937,5.0696442024725386,,2012-11-06
XEC,XEC.W^E14,2012-12-21,ESG-EGARCH,0.3560598979483749,5.0308988463098085,all,2012-11-06
XEC,XEC.W^E14,2012-12-21,ESG-EGARCH(E),0.3553993759793082,5.012250652638163,E,2012-11-06
XEC,XEC.W^E14,2012-12-21,ESG-EGARCH(G),0.3567612970043148,5.050739009531783,G,2012-11-06
XEC,XEC.W^E14,2012-12-21,ESG-EGARCH(S),0.3553777001326345,5.011639275855585,S,2012-11-06
XEC,XEC.W^E14,2012-12-21,ESG-GARCH,0.376228282561476,5.61697303964912,all,2012-11-06
XEC,XEC.W^E14,2012-12-21,ESG-GARCH(E),0.3756613410196462,5.6000572673285305,E,2012-11-06
XEC,XEC.W^E14,2012-12-21,ESG-GARCH(G),0.3768981531649383,5.636992772188147,G,2012-11-06
XEC,XEC.W^E14,2012-12-21,ESG-GARCH(S),0.3756371549688305,5.599336198137983,S,2012-11-06
XEC,XEC.W^E14,2012-12-21,ESG-GJR-GARCH,0.3301004139925695,4.324058861828006,all,2012-11-06
XEC,XEC.W^E14,2012-12-21,ESG-GJR-GARCH(E),0.3291994684609829,4.300487699801336,E,2012-11-06
XEC,XEC.W^E14,2012-12-21,ESG-GJR-GARCH(G),0.3310542699571674,4.349084510193376,G,2012-11-06
XEC,XEC.W^E14,2012-12-21,ESG-GJR-GARCH(S),0.3291901013050943,4.300242968145168,S,2012-11-06
XEC,XEC.W^E14,2012-12-21,GARCH,0.3749035627340135,5.577487355184776,,2012-11-06
XEC,XEC.W^E14,2012-12-21,GJR-GARCH,0.334563028138112,4.441762690354885,,2012-11-06
XEC,XEC.W^E14,2012-12-24,EGARCH,0.3574283619164937,5.0696442024725386,,2012-11-06
XEC,XEC.W^E14,2012-12-24,ESG-EGARCH,0.3560598979483749,5.0308988463098085,all,2012-11-06
XEC,XEC.W^E14,2012-12-24,ESG-EGARCH(E),0.3553993759793082,5.012250652638163,E,2012-11-06
XEC,XEC.W^E14,2012-12-24,ESG-EGARCH(G),0.3567612970043148,5.050739009531783,G,2012-11-06
XEC,XEC.W^E14,2012-12-24,ESG-EGARCH(S),0.3553777001326345,5.011639275855585,S,2012-11-06
XEC,XEC.W^E14,2012-12-24,ESG-GARCH,0.376228282561476,5.61697303964912,all,2012-11-06
XEC,XEC.W^E14,2012-12-24,ESG-GARCH(E),0.3756613410196462,5.6000572673285305,E,2012-11-06
XEC,XEC.W^E14,2012-12-24,ESG-GARCH(G),0.3768981531649383,5.636992772188147,G,2012-11-06
XEC,XEC.W^E14,2012-12-24,ESG-GARCH(S),0.3756371549688305,5.599336198137983,S,2012-11-06
XEC,XEC.W^E14,2012-12-24,ESG-GJR-GARCH,0.3301004139925695,4.324058861828006,all,2012-11-06
XEC,XEC.W^E14,2012-12-24,ESG-GJR-GARCH(E),0.3291994684609829,4.300487699801336,E,2012-11-06
XEC,XEC.W^E14,2012-12-24,ESG-GJR-GARCH(G),0.3310542699571674,4.349084510193376,G,2012-11-06
XEC,XEC.W^E14,2012-12-24,ESG-GJR-GARCH(S),0.3291901013050943,4.300242968145168,S,2012-11-06
XEC,XEC.W^E14,2012-12-24,GARCH,0.3749035627340135,5.577487355184776,,2012-11-06
XEC,XEC.W^E14,2012-12-24,GJR-GARCH,0.334563028138112,4.441762690354885,,2012-11-06
XEC,XEC.W^E14,2012-12-26,EGARCH,0.3428411055275024,4.66428665235397,,2012-12-26
XEC,XEC.W^E14,2012-12-26,ESG-EGARCH,0.3327258834534385,4.393115615867903,all,2012-12-26
XEC,XEC.W^E14,2012-12-26,ESG-EGARCH(E),0.3322907283865948,4.381632070305308,E,2012-12-26
XEC,XEC.W^E14,2012-12-26,ESG-EGARCH(G),0.3333913151383967,4.410705119432925,G,2012-12-26
XEC,XEC.W^E14,2012-12-26,ESG-EGARCH(S),0.3322762843332167,4.381251155963835,S,2012-12-26
XEC,XEC.W^E14,2012-12-26,ESG-GARCH,0.3309701025463538,4.346873364267617,all,2012-12-26
XEC,XEC.W^E14,2012-12-26,ESG-GARCH(E),0.3305131460305018,4.334878559483326,E,2012-12-26
XEC,XEC.W^E14,2012-12-26,ESG-GARCH(G),0.331719156935767,4.366571391991112,G,2012-12-26
XEC,XEC.W^E14,2012-12-26,ESG-GARCH(S),0.330498029900686,4.334482054295032,S,2012-12-26
XEC,XEC.W^E14,2012-12-26,ESG-GJR-GARCH,0.3148272593254589,3.933182667237293,all,2012-12-26
XEC,XEC.W^E14,2012-12-26,ESG-GJR-GARCH(E),0.3141763210777151,3.916934949441569,E,2012-12-26
XEC,XEC.W^E14,2012-12-26,ESG-GJR-GARCH(G),0.3156351046567186,3.9533936226848296,G,2012-12-26
XEC,XEC.W^E14,2012-12-26,ESG-GJR-GARCH(S),0.3141689212139297,3.9167504387589047,S,2012-12-26
XEC,XEC.W^E14,2012-12-26,GARCH,0.3371478419611288,4.510661402343106,,2012-12-26
XEC,XEC.W^E14,2012-12-26,GJR-GARCH,0.3319105736764702,4.37161225866046,,2012-12-26
XEC,XEC.W^E14,2012-12-27,EGARCH,0.3428411055275024,4.66428665235397,,2012-12-26
XEC,XEC.W^E14,2012-12-27,ESG-EGARCH,0.3327258834534385,4.393115615867903,all,2012-12-26
XEC,XEC.W^E14,2012-12-27,ESG-EGARCH(E),0.3322907283865948,4.381632070305308,E,2012-12-26
XEC,XEC.W^E14,2012-12-27,ESG-EGARCH(G),0.3333913151383967,4.410705119432925,G,2012-12-26
XEC,XEC.W^E14,2012-12-27,ESG-EGARCH(S),0.3322762843332167,4.381251155963835,S,2012-12-26
XEC,XEC.W^E14,2012-12-27,ESG-GARCH,0.3309701025463538,4.346873364267617,all,2012-12-26
XEC,XEC.W^E14,2012-12-27,ESG-GARCH(E),0.3305131460305018,4.334878559483326,E,2012-12-26
XEC,XEC.W^E14,2012-12-27,ESG-GARCH(G),0.331719156935767,4.366571391991112,G,2012-12-26
XEC,XEC.W^E14,2012-12-27,ESG-GARCH(S),0.330498029900686,4.334482054295032,S,2012-12-26
XEC,XEC.W^E14,2012-12-27,ESG-GJR-GARCH,0.3148272593254589,3.933182667237293,all,2012-12-26
XEC,XEC.W^E14,2012-12-27,ESG-GJR-GARCH(E),0.3141763210777151,3.916934949441569,E,2012-12-26
XEC,XEC.W^E14,2012-12-27,ESG-GJR-GARCH(G),0.3156351046567186,3.9533936226848296,G,2012-12-26
XEC,XEC.W^E14,2012-12-27,ESG-GJR-GARCH(S),0.3141689212139297,3.9167504387589047,S,2012-12-26
XEC,XEC.W^E14,2012-12-27,GARCH,0.3371478419611288,4.510661402343106,,2012-12-26
XEC,XEC.W^E14,2012-12-27,GJR-GARCH,0.3319105736764702,4.37161225866046,,2012-12-26
XEC,XEC.W^E14,2012-12-28,EGARCH,0.3428411055275024,4.66428665235397,,2012-12-26
XEC,XEC.W^E14,2012-12-28,ESG-EGARCH,0.3327258834534385,4.393115615867903,all,2012-12-26
XEC,XEC.W^E14,2012-12-28,ESG-EGARCH(E),0.3322907283865948,4.381632070305308,E,2012-12-26
XEC,XEC.W^E14,2012-12-28,ESG-EGARCH(G),0.3333913151383967,4.410705119432925,G,2012-12-26
XEC,XEC.W^E14,2012-12-28,ESG-EGARCH(S),0.3322762843332167,4.381251155963835,S,2012-12-26
XEC,XEC.W^E14,2012-12-28,ESG-GARCH,0.3309701025463538,4.346873364267617,all,2012-12-26
XEC,XEC.W^E14,2012-12-28,ESG-GARCH(E),0.3305131460305018,4.334878559483326,E,2012-12-26
XEC,XEC.W^E14,2012-12-28,ESG-GARCH(G),0.331719156935767,4.366571391991112,G,2012-12-26
XEC,XEC.W^E14,2012-12-28,ESG-GARCH(S),0.330498029900686,4.334482054295032,S,2012-12-26
XEC,XEC.W^E14,2012-12-28,ESG-GJR-GARCH,0.3148272593254589,3.933182667237293,all,2012-12-26
XEC,XEC.W^E14,2012-12-28,ESG-GJR-GARCH(E),0.3141763210777151,3.916934949441569,E,2012-12-26
XEC,XEC.W^E14,2012-12-28,ESG-GJR-GARCH(G),0.3156351046567186,3.9533936226848296,G,2012-12-26
XEC,XEC.W^E14,2012-12-28,ESG-GJR-GARCH(S),0.3141689212139297,3.9167504387589047,S,2012-12-26
XEC,XEC.W^E14,2012-12-28,GARCH,0.3371478419611288,4.510661402343106,,2012-12-26
XEC,XEC.W^E14,2012-12-28,GJR-GARCH,0.3319105736764702,4.37161225866046,,2012-12-26
XEC,XEC.W^E14,2012-12-31,EGARCH,0.3428411055275024,4.66428665235397,,2012-12-26
XEC,XEC.W^E14,2012-12-31,ESG-EGARCH,0.3327258834534385,4.393115615867903,all,2012-12-26
XEC,XEC.W^E14,2012-12-31,ESG-EGARCH(E),0.3322907283865948,4.381632070305308,E,2012-12-26
XEC,XEC.W^E14,2012-12-31,ESG-EGARCH(G),0.3333913151383967,4.410705119432925,G,2012-12-26
XEC,XEC.W^E14,2012-12-31,ESG-EGARCH(S),0.3322762843332167,4.381251155963835,S,2012-12-26
XEC,XEC.W^E14,2012-12-31,ESG-GARCH,0.3309701025463538,4.346873364267617,all,2012-12-26
XEC,XEC.W^E14,2012-12-31,ESG-GARCH(E),0.3305131460305018,4.334878559483326,E,2012-12-26
XEC,XEC.W^E14,2012-12-31,ESG-GARCH(G),0.331719156935767,4.366571391991112,G,2012-12-26
XEC,XEC.W^E14,2012-12-31,ESG-GARCH(S),0.330498029900686,4.334482054295032,S,2012-12-26
XEC,XEC.W^E14,2012-12-31,ESG-GJR-GARCH,0.3148272593254589,3.933182667237293,all,2012-12-26
XEC,XEC.W^E14,2012-12-31,ESG-GJR-GARCH(E),0.3141763210777151,3.916934949441569,E,2012-12-26
XEC,XEC.W^E14,2012-12-31,ESG-GJR-GARCH(G),0.3156351046567186,3.9533936226848296,G,2012-12-26
XEC,XEC.W^E14,2012-12-31,ESG-GJR-GARCH(S),0.3141689212139297,3.9167504387589047,S,2012-12-26
XEC,XEC.W^E14,2012-12-31,GARCH,0.3371478419611288,4.510661402343106,,2012-12-26
XEC,XEC.W^E14,2012-12-31,GJR-GARCH,0.3319105736764702,4.37161225866046,,2012-12-26
XEC,XEC.W^E14,2013-01-02,EGARCH,0.3428411055275024,4.66428665235397,,2012-12-26
XEC,XEC.W^E14,2013-01-02,ESG-EGARCH,0.3316810635554684,4.365568568305029,all,2012-12-26
XEC,XEC.W^E14,2013-01-02,ESG-EGARCH(E),0.3295765604863808,4.31034560404893,E,2012-12-26
XEC,XEC.W^E14,2013-01-02,ESG-EGARCH(G),0.3336141543088219,4.416603331555175,G,2012-12-26
XEC,XEC.W^E14,2013-01-02,ESG-EGARCH(S),0.3326118540875481,4.390104979347476,S,2012-12-26
XEC,XEC.W^E14,2013-01-02,ESG-GARCH,0.3299201821520349,4.319338356794916,all,2012-12-26
XEC,XEC.W^E14,2013-01-02,ESG-GARCH(E),0.3277453926124885,4.262581046774374,E,2012-12-26
XEC,XEC.W^E14,2013-01-02,ESG-GARCH(G),0.331936062315506,4.372283708949346,G,2012-12-26
XEC,XEC.W^E14,2013-01-02,ESG-GARCH(S),0.3308393856964385,4.343440441587174,S,2012-12-26
XEC,XEC.W^E14,2013-01-02,ESG-GJR-GARCH,0.3127271180581993,3.880882951150277,all,2012-12-26
XEC,XEC.W^E14,2013-01-02,ESG-GJR-GARCH(E),0.3092802983828933,3.795805673325853,E,2012-12-26
XEC,XEC.W^E14,2013-01-02,ESG-GJR-GARCH(G),0.3159253797051074,3.960668473881599,G,2012-12-26
XEC,XEC.W^E14,2013-01-02,ESG-GJR-GARCH(S),0.3147732310461473,3.931832816794892,S,2012-12-26
XEC,XEC.W^E14,2013-01-02,GARCH,0.3371478419611288,4.510661402343106,,2012-12-26
XEC,XEC.W^E14,2013-01-02,GJR-GARCH,0.3319105736764702,4.37161225866046,,2012-12-26
XEC,XEC.W^E14,2013-01-03,EGARCH,0.3428411055275024,4.66428665235397,,2012-12-26
XEC,XEC.W^E14,2013-01-03,ESG-EGARCH,0.3316810635554684,4.365568568305029,all,2012-12-26
XEC,XEC.W^E14,2013-01-03,ESG-EGARCH(E),0.3295765604863808,4.31034560404893,E,2012-12-26
XEC,XEC.W^E14,2013-01-03,ESG-EGARCH(G),0.3336141543088219,4.416603331555175,G,2012-12-26
XEC,XEC.W^E14,2013-01-03,ESG-EGARCH(S),0.3326118540875481,4.390104979347476,S,2012-12-26
XEC,XEC.W^E14,2013-01-03,ESG-GARCH,0.3299201821520349,4.319338356794916,all,2012-12-26
XEC,XEC.W^E14,2013-01-03,ESG-GARCH(E),0.3277453926124885,4.262581046774374,E,2012-12-26
XEC,XEC.W^E14,2013-01-03,ESG-GARCH(G),0.331936062315506,4.372283708949346,G,2012-12-26
XEC,XEC.W^E14,2013-01-03,ESG-GARCH(S),0.3308393856964385,4.343440441587174,S,2012-12-26
XEC,XEC.W^E14,2013-01-03,ESG-GJR-GARCH,0.3127271180581993,3.880882951150277,all,2012-12-26
XEC,XEC.W^E14,2013-01-03,ESG-GJR-GARCH(E),0.3092802983828933,3.795805673325853,E,2012-12-26
XEC,XEC.W^E14,2013-01-03,ESG-GJR-GARCH(G),0.3159253797051074,3.960668473881599,G,2012-12-26
XEC,XEC.W^E14,2013-01-03,ESG-GJR-GARCH(S),0.3147732310461473,3.931832816794892,S,2012-12-26
XEC,XEC.W^E14,2013-01-03,GARCH,0.3371478419611288,4.510661402343106,,2012-12-26
XEC,XEC.W^E14,2013-01-03,GJR-GARCH,0.3319105736764702,4.37161225866046,,2012-12-26
XEC,XEC.W^E14,2013-01-04,EGARCH,0.3428411055275024,4.66428665235397,,2012-12-26
XEC,XEC.W^E14,2013-01-04,ESG-EGARCH,0.3316810635554684,4.365568568305029,all,2012-12-26
XEC,XEC.W^E14,2013-01-04,ESG-EGARCH(E),0.3295765604863808,4.31034560404893,E,2012-12-26
XEC,XEC.W^E14,2013-01-04,ESG-EGARCH(G),0.3336141543088219,4.416603331555175,G,2012-12-26
XEC,XEC.W^E14,2013-01-04,ESG-EGARCH(S),0.3326118540875481,4.390104979347476,S,2012-12-26
XEC,XEC.W^E14,2013-01-04,ESG-GARCH,0.3299201821520349,4.319338356794916,all,2012-12-26
XEC,XEC.W^E14,2013-01-04,ESG-GARCH(E),0.3277453926124885,4.262581046774374,E,2012-12-26
XEC,XEC.W^E14,2013-01-04,ESG-GARCH(G),0.331936062315506,4.372283708949346,G,2012-12-26
XEC,XEC.W^E14,2013-01-04,ESG-GARCH(S),0.3308393856964385,4.343440441587174,S,2012-12-26
XEC,XEC.W^E14,2013-01-04,ESG-GJR-GARCH,0.3127271180581993,3.880882951150277,all,2012-12-26
XEC,XEC.W^E14,2013-01-04,ESG-GJR-GARCH(E),0.3092802983828933,3.795805673325853,E,2012-12-26
XEC,XEC.W^E14,2013-01-04,ESG-GJR-GARCH(G),0.3159253797051074,3.960668473881599,G,2012-12-26
XEC,XEC.W^E14,2013-01-04,ESG-GJR-GARCH(S),0.3147732310461473,3.931832816794892,S,2012-12-26
XEC,XEC.W^E14,2013-01-04,GARCH,0.3371478419611288,4.510661402343106,,2012-12-26
XEC,XEC.W^E14,2013-01-04,GJR-GARCH,0.3319105736764702,4.37161225866046,,2012-12-26
XEC,XEC.W^E14,2013-01-07,EGARCH,0.3428411055275024,4.66428665235397,,2012-12-26
XEC,XEC.W^E14,2013-01-07,ESG-EGARCH,0.3316810635554684,4.365568568305029,all,2012-12-26
XEC,XEC.W^E14,2013-01-07,ESG-EGARCH(E),0.3295765604863808,4.31034560404893,E,2012-12-26
XEC,XEC.W^E14,2013-01-07,ESG-EGARCH(G),0.3336141543088219,4.416603331555175,G,2012-12-26
XEC,XEC.W^E14,2013-01-07,ESG-EGARCH(S),0.3326118540875481,4.390104979347476,S,2012-12-26
XEC,XEC.W^E14,2013-01-07,ESG-GARCH,0.3299201821520349,4.319338356794916,all,2012-12-26
XEC,XEC.W^E14,2013-01-07,ESG-GARCH(E),0.3277453926124885,4.262581046774374,E,2012-12-26
XEC,XEC.W^E14,2013-01-07,ESG-GARCH(G),0.331936062315506,4.372283708949346,G,2012-12-26
XEC,XEC.W^E14,2013-01-07,ESG-GARCH(S),0.3308393856964385,4.343440441587174,S,2012-12-26
XEC,XEC.W^E14,2013-01-07,ESG-GJR-GARCH,0.3127271180581993,3.880882951150277,all,2012-12-26
XEC,XEC.W^E14,2013-01-07,ESG-GJR-GARCH(E),0.3092802983828933,3.795805673325853,E,2012-12-26
XEC,XEC.W^E14,2013-01-07,ESG-GJR-GARCH(G),0.3159253797051074,3.960668473881599,G,2012-12-26
XEC,XEC.W^E14,2013-01-07,ESG-GJR-GARCH(S),0.3147732310461473,3.931832816794892,S,2012-12-26
XEC,XEC.W^E14,2013-01-07,GARCH,0.3371478419611288,4.510661402343106,,2012-12-26
XEC,XEC.W^E14,2013-01-07,GJR-GARCH,0.3319105736764702,4.37161225866046,,2012-12-26
XEC,XEC.W^E14,2013-01-08,EGARCH,0.3428411055275024,4.66428665235397,,2012-12-26
XEC,XEC.W^E14,2013-01-08,ESG-EGARCH,0.3316810635554684,4.365568568305029,all,2012-12-26
XEC,XEC.W^E14,2013-01-08,ESG-EGARCH(E),0.3295765604863808,4.31034560404893,E,2012-12-26
XEC,XEC.W^E14,2013-01-08,ESG-EGARCH(G),0.3336141543088219,4.416603331555175,G,2012-12-26
XEC,XEC.W^E14,2013-01-08,ESG-EGARCH(S),0.3326118540875481,4.390104979347476,S,2012-12-26
XEC,XEC.W^E14,2013-01-08,ESG-GARCH,0.3299201821520349,4.319338356794916,all,2012-12-26
XEC,XEC.W^E14,2013-01-08,ESG-GARCH(E),0.3277453926124885,4.262581046774374,E,2012-12-26
XEC,XEC.W^E14,2013-01-08,ESG-GARCH(G),0.331936062315506,4.372283708949346,G,2012-12-26
XEC,XEC.W^E14,2013-01-08,ESG-GARCH(S),0.3308393856964385,4.343440441587174,S,2012-12-26
XEC,XEC.W^E14,2013-01-08,ESG-GJR-GARCH,0.3127271180581993,3.880882951150277,all,2012-12-26
XEC,XEC.W^E14,2013-01-08,ESG-GJR-GARCH(E),0.3092802983828933,3.795805673325853,E,2012-12-26
XEC,XEC.W^E14,2013-01-08,ESG-GJR-GARCH(G),0.3159253797051074,3.960668473881599,G,2012-12-26
XEC,XEC.W^E14,2013-01-08,ESG-GJR-GARCH(S),0.3147732310461473,3.931832816794892,S,2012-12-26
XEC,XEC.W^E14,2013-01-08,GARCH,0.3371478419611288,4.510661402343106,,2012-12-26
XEC,XEC.W^E14,2013-01-08,GJR-GARCH,0.3319105736764702,4.37161225866046,,2012-12-26
XEC,XEC.W^E14,2013-01-09,EGARCH,0.3428411055275024,4.66428665235397,,2012-12-26
XEC,XEC.W^E14,2013-01-09,ESG-EGARCH,0.3316810635554684,4.365568568305029,all,2012-12-26
XEC,XEC.W^E14,2013-01-09,ESG-EGARCH(E),0.3295765604863808,4.31034560404893,E,2012-12-26
XEC,XEC.W^E14,2013-01-09,ESG-EGARCH(G),0.3336141543088219,4.416603331555175,G,2012-12-26
XEC,XEC.W^E14,2013-01-09,ESG-EGARCH(S),0.3326118540875481,4.390104979347476,S,2012-12-26
XEC,XEC.W^E14,2013-01-09,ESG-GARCH,0.3299201821520349,4.319338356794916,all,2012-12-26
XEC,XEC.W^E14,2013-01-09,ESG-GARCH(E),0.3277453926124885,4.262581046774374,E,2012-12-26
XEC,XEC.W^E14,2013-01-09,ESG-GARCH(G),0.331936062315506,4.372283708949346,G,2012-12-26
XEC,XEC.W^E14,2013-01-09,ESG-GARCH(S),0.3308393856964385,4.343440441587174,S,2012-12-26
XEC,XEC.W^E14,2013-01-09,ESG-GJR-GARCH,0.3127271180581993,3.880882951150277,all,2012-12-26
XEC,XEC.W^E14,2013-01-09,ESG-GJR-GARCH(E),0.3092802983828933,3.795805673325853,E,2012-12-26
XEC,XEC.W^E14,2013-01-09,ESG-GJR-GARCH(G),0.3159253797051074,3.960668473881599,G,2012-12-26
XEC,XEC.W^E14,2013-01-09,ESG-GJR-GARCH(S),0.3147732310461473,3.931832816794892,S,2012-12-26
XEC,XEC.W^E14,2013-01-09,GARCH,0.3371478419611288,4.510661402343106,,2012-12-26
XEC,XEC.W^E14,2013-01-09,GJR-GARCH,0.3319105736764702,4.37161225866046,,2012-12-26
XEC,XEC.W^E14,2013-01-10,EGARCH,0.3428411055275024,4.66428665235397,,2012-12-26
XEC,XEC.W^E14,2013-01-10,ESG-EGARCH,0.3316810635554684,4.365568568305029,all,2012-12-26
XEC,XEC.W^E14,2013-01-10,ESG-EGARCH(E),0.3295765604863808,4.31034560404893,E,2012-12-26
XEC,XEC.W^E14,2013-01-10,ESG-EGARCH(G),0.3336141543088219,4.416603331555175,G,2012-12-26
XEC,XEC.W^E14,2013-01-10,ESG-EGARCH(S),0.3326118540875481,4.390104979347476,S,2012-12-26
XEC,XEC.W^E14,2013-01-10,ESG-GARCH,0.3299201821520349,4.319338356794916,all,2012-12-26
XEC,XEC.W^E14,2013-01-10,ESG-GARCH(E),0.3277453926124885,4.262581046774374,E,2012-12-26
XEC,XEC.W^E14,2013-01-10,ESG-GARCH(G),0.331936062315506,4.372283708949346,G,2012-12-26
XEC,XEC.W^E14,2013-01-10,ESG-GARCH(S),0.3308393856964385,4.343440441587174,S,2012-12-26
XEC,XEC.W^E14,2013-01-10,ESG-GJR-GARCH,0.3127271180581993,3.880882951150277,all,2012-12-26
XEC,XEC.W^E14,2013-01-10,ESG-GJR-GARCH(E),0.3092802983828933,3.795805673325853,E,2012-12-26
XEC,XEC.W^E14,2013-01-10,ESG-GJR-GARCH(G),0.3159253797051074,3.960668473881599,G,2012-12-26
XEC,XEC.W^E14,2013-01-10,ESG-GJR-GARCH(S),0.3147732310461473,3.931832816794892,S,2012-12-26
XEC,XEC.W^E14,2013-01-10,GARCH,0.3371478419611288,4.510661402343106,,2012-12-26
XEC,XEC.W^E14,2013-01-10,GJR-GARCH,0.3319105736764702,4.37161225866046,,2012-12-26
XEC,XEC.W^E14,2013-01-11,EGARCH,0.3428411055275024,4.66428665235397,,2012-12-26
XEC,XEC.W^E14,2013-01-11,ESG-EGARCH,0.3316810635554684,4.365568568305029,all,2012-12-26
XEC,XEC.W^E14,2013-01-11,ESG-EGARCH(E),0.3295765604863808,4.31034560404893,E,2012-12-26
XEC,XEC.W^E14,2013-01-11,ESG-EGARCH(G),0.3336141543088219,4.416603331555175,G,2012-12-26
XEC,XEC.W^E14,2013-01-11,ESG-EGARCH(S),0.3326118540875481,4.390104979347476,S,2012-12-26
XEC,XEC.W^E14,2013-01-11,ESG-GARCH,0.3299201821520349,4.319338356794916,all,2012-12-26
XEC,XEC.W^E14,2013-01-11,ESG-GARCH(E),0.3277453926124885,4.262581046774374,E,2012-12-26
XEC,XEC.W^E14,2013-01-11,ESG-GARCH(G),0.331936062315506,4.372283708949346,G,2012-12-26
XEC,XEC.W^E14,2013-01-11,ESG-GARCH(S),0.3308393856964385,4.343440441587174,S,2012-12-26
XEC,XEC.W^E14,2013-01-11,ESG-GJR-GARCH,0.3127271180581993,3.880882951150277,all,2012-12-26
XEC,XEC.W^E14,2013-01-11,ESG-GJR-GARCH(E),0.3092802983828933,3.795805673325853,E,2012-12-26
XEC,XEC.W^E14,2013-01-11,ESG-GJR-GARCH(G),0.3159253797051074,3.960668473881599,G,2012-12-26
XEC,XEC.W^E14,2013-01-11,ESG-GJR-GARCH(S),0.3147732310461473,3.931832816794892,S,2012-12-26
XEC,XEC.W^E14,2013-01-11,GARCH,0.3371478419611288,4.510661402343106,,2012-12-26
XEC,XEC.W^E14,2013-01-11,GJR-GARCH,0.3319105736764702,4.37161225866046,,2012-12-26
XEC,XEC.W^E14,2013-01-14,EGARCH,0.3428411055275024,4.66428665235397,,2012-12-26
XEC,XEC.W^E14,2013-01-14,ESG-EGARCH,0.3316810635554684,4.365568568305029,all,2012-12-26
XEC,XEC.W^E14,2013-01-14,ESG-EGARCH(E),0.3295765604863808,4.31034560404893,E,2012-12-26
XEC,XEC.W^E14,2013-01-14,ESG-EGARCH(G),0.3336141543088219,4.416603331555175,G,2012-12-26
XEC,XEC.W^E14,2013-01-14,ESG-EGARCH(S),0.3326118540875481,4.390104979347476,S,2012-12-26
XEC,XEC.W^E14,2013-01-14,ESG-GARCH,0.3299201821520349,4.319338356794916,all,2012-12-26
XEC,XEC.W^E14,2013-01-14,ESG-GARCH(E),0.3277453926124885,4.262581046774374,E,2012-12-26
XEC,XEC.W^E14,2013-01-14,ESG-GARCH(G),0.331936062315506,4.372283708949346,G,2012-12-26
XEC,XEC.W^E14,2013-01-14,ESG-GARCH(S),0.3308393856964385,4.343440441587174,S,2012-12-26
XEC,XEC.W^E14,2013-01-14,ESG-GJR-GARCH,0.3127271180581993,3.880882951150277,all,2012-12-26
XEC,XEC.W^E14,2013-01-14,ESG-GJR-GARCH(E),0.3092802983828933,3.795805673325853,E,2012-12-26
XEC,XEC.W^E14,2013-01-14,ESG-GJR-GARCH(G),0.3159253797051074,3.960668473881599,G,2012-12-26
XEC,XEC.W^E14,2013-01-14,ESG-GJR-GARCH(S),0.3147732310461473,3.931832816794892,S,2012-12-26
XEC,XEC.W^E14,2013-01-14,GARCH,0.3371478419611288,4.510661402343106,,2012-12-26
XEC,XEC.W^E14,2013-01-14,GJR-GARCH,0.3319105736764702,4.37161225866046,,2012-12-26
XEC,XEC.W^E14,2013-01-15,EGARCH,0.3428411055275024,4.66428665235397,,2012-12-26
XEC,XEC.W^E14,2013-01-15,ESG-EGARCH,0.3316810635554684,4.365568568305029,all,2012-12-26
XEC,XEC.W^E14,2013-01-15,ESG-EGARCH(E),0.3295765604863808,4.31034560404893,E,2012-12-26
XEC,XEC.W^E14,2013-01-15,ESG-EGARCH(G),0.3336141543088219,4.416603331555175,G,2012-12-26
XEC,XEC.W^E14,2013-01-15,ESG-EGARCH(S),0.3326118540875481,4.390104979347476,S,2012-12-26
XEC,XEC.W^E14,2013-01-15,ESG-GARCH,0.3299201821520349,4.319338356794916,all,2012-12-26
XEC,XEC.W^E14,2013-01-15,ESG-GARCH(E),0.3277453926124885,4.262581046774374,E,2012-12-26
XEC,XEC.W^E14,2013-01-15,ESG-GARCH(G),0.331936062315506,4.372283708949346,G,2012-12-26
XEC,XEC.W^E14,2013-01-15,ESG-GARCH(S),0.3308393856964385,4.343440441587174,S,2012-12-26
XEC,XEC.W^E14,2013-01-15,ESG-GJR-GARCH,0.3127271180581993,3.880882951150277,all,2012-12-26
XEC,XEC.W^E14,2013-01-15,ESG-GJR-GARCH(E),0.3092802983828933,3.795805673325853,E,2012-12-26
XEC,XEC.W^E14,2013-01-15,ESG-GJR-GARCH(G),0.3159253797051074,3.960668473881599,G,2012-12-26
XEC,XEC.W^E14,2013-01-15,ESG-GJR-GARCH(S),0.3147732310461473,3.931832816794892,S,2012-12-26
XEC,XEC.W^E14,2013-01-15,GARCH,0.3371478419611288,4.510661402343106,,2012-12-26
XEC,XEC.W^E14,2013-01-15,GJR-GARCH,0.3319105736764702,4.37161225866046,,2012-12-26
XEC,XEC.W^E14,2013-01-16,EGARCH,0.3428411055275024,4.66428665235397,,2012-12-26
XEC,XEC.W^E14,2013-01-16,ESG-EGARCH,0.3316810635554684,4.365568568305029,all,2012-12-26
XEC,XEC.W^E14,2013-01-16,ESG-EGARCH(E),0.3295765604863808,4.31034560404893,E,2012-12-26
XEC,XEC.W^E14,2013-01-16,ESG-EGARCH(G),0.3336141543088219,4.416603331555175,G,2012-12-26
XEC,XEC.W^E14,2013-01-16,ESG-EGARCH(S),0.3326118540875481,4.390104979347476,S,2012-12-26
XEC,XEC.W^E14,2013-01-16,ESG-GARCH,0.3299201821520349,4.319338356794916,all,2012-12-26
XEC,XEC.W^E14,2013-01-16,ESG-GARCH(E),0.3277453926124885,4.262581046774374,E,2012-12-26
XEC,XEC.W^E14,2013-01-16,ESG-GARCH(G),0.331936062315506,4.372283708949346,G,2012-12-26
XEC,XEC.W^E14,2013-01-16,ESG-GARCH(S),0.3308393856964385,4.343440441587174,S,2012-12-26
XEC,XEC.W^E14,2013-01-16,ESG-GJR-GARCH,0.3127271180581993,3.880882951150277,all,2012-12-26
XEC,XEC.W^E14,2013-01-16,ESG-GJR-GARCH(E),0.3092802983828933,3.795805673325853,E,2012-12-26
XEC,XEC.W^E14,2013-01-16,ESG-GJR-GARCH(G),0.3159253797051074,3.960668473881599,G,2012-12-26
XEC,XEC.W^E14,2013-01-16,ESG-GJR-GARCH(S),0.3147732310461473,3.931832816794892,S,2012-12-26
XEC,XEC.W^E14,2013-01-16,GARCH,0.3371478419611288,4.510661402343106,,2012-12-26
XEC,XEC.W^E14,2013-01-16,GJR-GARCH,0.3319105736764702,4.37161225866046,,2012-12-26
XEC,XEC.W^E14,2013-01-17,EGARCH,0.3428411055275024,4.66428665235397,,2012-12-26
XEC,XEC.W^E14,2013-01-17,ESG-EGARCH,0.3316810635554684,4.365568568305029,all,2012-12-26
XEC,XEC.W^E14,2013-01-17,ESG-EGARCH(E),0.3295765604863808,4.31034560404893,E,2012-12-26
XEC,XEC.W^E14,2013-01-17,ESG-EGARCH(G),0.3336141543088219,4.416603331555175,G,2012-12-26
XEC,XEC.W^E14,2013-01-17,ESG-EGARCH(S),0.3326118540875481,4.390104979347476,S,2012-12-26
XEC,XEC.W^E14,2013-01-17,ESG-GARCH,0.3299201821520349,4.319338356794916,all,2012-12-26
XEC,XEC.W^E14,2013-01-17,ESG-GARCH(E),0.3277453926124885,4.262581046774374,E,2012-12-26
XEC,XEC.W^E14,2013-01-17,ESG-GARCH(G),0.331936062315506,4.372283708949346,G,2012-12-26
XEC,XEC.W^E14,2013-01-17,ESG-GARCH(S),0.3308393856964385,4.343440441587174,S,2012-12-26
XEC,XEC.W^E14,2013-01-17,ESG-GJR-GARCH,0.3127271180581993,3.880882951150277,all,2012-12-26
XEC,XEC.W^E14,2013-01-17,ESG-GJR-GARCH(E),0.3092802983828933,3.795805673325853,E,2012-12-26
XEC,XEC.W^E14,2013-01-17,ESG-GJR-GARCH(G),0.3159253797051074,3.960668473881599,G,2012-12-26
XEC,XEC.W^E14,2013-01-17,ESG-GJR-GARCH(S),0.3147732310461473,3.931832816794892,S,2012-12-26
XEC,XEC.W^E14,2013-01-17,GARCH,0.3371478419611288,4.510661402343106,,2012-12-26
XEC,XEC.W^E14,2013-01-17,GJR-GARCH,0.3319105736764702,4.37161225866046,,2012-12-26
XEC,XEC.W^E14,2013-01-18,EGARCH,0.3428411055275024,4.66428665235397,,2012-12-26
XEC,XEC.W^E14,2013-01-18,ESG-EGARCH,0.3316810635554684,4.365568568305029,all,2012-12-26
XEC,XEC.W^E14,2013-01-18,ESG-EGARCH(E),0.3295765604863808,4.31034560404893,E,2012-12-26
XEC,XEC.W^E14,2013-01-18,ESG-EGARCH(G),0.3336141543088219,4.416603331555175,G,2012-12-26
XEC,XEC.W^E14,2013-01-18,ESG-EGARCH(S),0.3326118540875481,4.390104979347476,S,2012-12-26
XEC,XEC.W^E14,2013-01-18,ESG-GARCH,0.3299201821520349,4.319338356794916,all,2012-12-26
XEC,XEC.W^E14,2013-01-18,ESG-GARCH(E),0.3277453926124885,4.262581046774374,E,2012-12-26
XEC,XEC.W^E14,2013-01-18,ESG-GARCH(G),0.331936062315506,4.372283708949346,G,2012-12-26
XEC,XEC.W^E14,2013-01-18,ESG-GARCH(S),0.3308393856964385,4.343440441587174,S,2012-12-26
XEC,XEC.W^E14,2013-01-18,ESG-GJR-GARCH,0.3127271180581993,3.880882951150277,all,2012-12-26
XEC,XEC.W^E14,2013-01-18,ESG-GJR-GARCH(E),0.3092802983828933,3.795805673325853,E,2012-12-26
XEC,XEC.W^E14,2013-01-18,ESG-GJR-GARCH(G),0.3159253797051074,3.960668473881599,G,2012-12-26
XEC,XEC.W^E14,2013-01-18,ESG-GJR-GARCH(S),0.3147732310461473,3.931832816794892,S,2012-12-26
XEC,XEC.W^E14,2013-01-18,GARCH,0.3371478419611288,4.510661402343106,,2012-12-26
XEC,XEC.W^E14,2013-01-18,GJR-GARCH,0.3319105736764702,4.37161225866046,,2012-12-26
XEC,XEC.W^E14,2013-01-22,EGARCH,0.3428411055275024,4.66428665235397,,2012-12-26
XEC,XEC.W^E14,2013-01-22,ESG-EGARCH,0.3316810635554684,4.365568568305029,all,2012-12-26
XEC,XEC.W^E14,2013-01-22,ESG-EGARCH(E),0.3295765604863808,4.31034560404893,E,2012-12-26
XEC,XEC.W^E14,2013-01-22,ESG-EGARCH(G),0.3336141543088219,4.416603331555175,G,2012-12-26
XEC,XEC.W^E14,2013-01-22,ESG-EGARCH(S),0.3326118540875481,4.390104979347476,S,2012-12-26
XEC,XEC.W^E14,2013-01-22,ESG-GARCH,0.3299201821520349,4.319338356794916,all,2012-12-26
XEC,XEC.W^E14,2013-01-22,ESG-GARCH(E),0.3277453926124885,4.262581046774374,E,2012-12-26
XEC,XEC.W^E14,2013-01-22,ESG-GARCH(G),0.331936062315506,4.372283708949346,G,2012-12-26
XEC,XEC.W^E14,2013-01-22,ESG-GARCH(S),0.3308393856964385,4.343440441587174,S,2012-12-26
XEC,XEC.W^E14,2013-01-22,ESG-GJR-GARCH,0.3127271180581993,3.880882951150277,all,2012-12-26
XEC,XEC.W^E14,2013-01-22,ESG-GJR-GARCH(E),0.3092802983828933,3.795805673325853,E,2012-12-26
XEC,XEC.W^E14,2013-01-22,ESG-GJR-GARCH(G),0.3159253797051074,3.960668473881599,G,2012-12-26
XEC,XEC.W^E14,2013-01-22,ESG-GJR-GARCH(S),0.3147732310461473,3.931832816794892,S,2012-12-26
XEC,XEC.W^E14,2013-01-22,GARCH,0.3371478419611288,4.510661402343106,,2012-12-26
XEC,XEC.W^E14,2013-01-22,GJR-GARCH,0.3319105736764702,4.37161225866046,,2012-12-26
XEC,XEC.W^E14,2013-01-23,EGARCH,0.3428411055275024,4.66428665235397,,2012-12-26
XEC,XEC.W^E14,2013-01-23,ESG-EGARCH,0.3316810635554684,4.365568568305029,all,2012-12-26
XEC,XEC.W^E14,2013-01-23,ESG-EGARCH(E),0.3295765604863808,4.31034560404893,E,2012-12-26
XEC,XEC.W^E14,2013-01-23,ESG-EGARCH(G),0.3336141543088219,4.416603331555175,G,2012-12-26
XEC,XEC.W^E14,2013-01-23,ESG-EGARCH(S),0.3326118540875481,4.390104979347476,S,2012-12-26
XEC,XEC.W^E14,2013-01-23,ESG-GARCH,0.3299201821520349,4.319338356794916,all,2012-12-26
XEC,XEC.W^E14,2013-01-23,ESG-GARCH(E),0.3277453926124885,4.262581046774374,E,2012-12-26
XEC,XEC.W^E14,2013-01-23,ESG-GARCH(G),0.331936062315506,4.372283708949346,G,2012-12-26
XEC,XEC.W^E14,2013-01-23,ESG-GARCH(S),0.3308393856964385,4.343440441587174,S,2012-12-26
XEC,XEC.W^E14,2013-01-23,ESG-GJR-GARCH,0.3127271180581993,3.880882951150277,all,2012-12-26
XEC,XEC.W^E14,2013-01-23,ESG-GJR-GARCH(E),0.3092802983828933,3.795805673325853,E,2012-12-26
XEC,XEC.W^E14,2013-01-23,ESG-GJR-GARCH(G),0.3159253797051074,3.960668473881599,G,2012-12-26
XEC,XEC.W^E14,2013-01-23,ESG-GJR-GARCH(S),0.3147732310461473,3.931832816794892,S,2012-12-26
XEC,XEC.W^E14,2013-01-23,GARCH,0.3371478419611288,4.510661402343106,,2012-12-26
XEC,XEC.W^E14,2013-01-23,GJR-GARCH,0.3319105736764702,4.37161225866046,,2012-12-26
XEC,XEC.W^E14,2013-01-24,EGARCH,0.3428411055275024,4.66428665235397,,2012-12-26
XEC,XEC.W^E14,2013-01-24,ESG-EGARCH,0.3316810635554684,4.365568568305029,all,2012-12-26
XEC,XEC.W^E14,2013-01-24,ESG-EGARCH(E),0.3295765604863808,4.31034560404893,E,2012-12-26
XEC,XEC.W^E14,2013-01-24,ESG-EGARCH(G),0.3336141543088219,4.416603331555175,G,2012-12-26
XEC,XEC.W^E14,2013-01-24,ESG-EGARCH(S),0.3326118540875481,4.390104979347476,S,2012-12-26
XEC,XEC.W^E14,2013-01-24,ESG-GARCH,0.3299201821520349,4.319338356794916,all,2012-12-26
XEC,XEC.W^E14,2013-01-24,ESG-GARCH(E),0.3277453926124885,4.262581046774374,E,2012-12-26
XEC,XEC.W^E14,2013-01-24,ESG-GARCH(G),0.331936062315506,4.372283708949346,G,2012-12-26
XEC,XEC.W^E14,2013-01-24,ESG-GARCH(S),0.3308393856964385,4.343440441587174,S,2012-12-26
XEC,XEC.W^E14,2013-01-24,ESG-GJR-GARCH,0.3127271180581993,3.880882951150277,all,2012-12-26
XEC,XEC.W^E14,2013-01-24,ESG-GJR-GARCH(E),0.3092802983828933,3.795805673325853,E,2012-12-26
XEC,XEC.W^E14,2013-01-24,ESG-GJR-GARCH(G),0.3159253797051074,3.960668473881599,G,2012-12-26
XEC,XEC.W^E14,2013-01-24,ESG-GJR-GARCH(S),0.3147732310461473,3.931832816794892,S,2012-12-26
XEC,XEC.W^E14,2013-01-24,GARCH,0.3371478419611288,4.510661402343106,,2012-12-26
XEC,XEC.W^E14,2013-01-24,GJR-GARCH,0.3319105736764702,4.37161225866046,,2012-12-26
XEC,XEC.W^E14,2013-01-25,EGARCH,0.3428411055275024,4.66428665235397,,2012-12-26
XEC,XEC.W^E14,2013-01-25,ESG-EGARCH,0.3316810635554684,4.365568568305029,all,2012-12-26
XEC,XEC.W^E14,2013-01-25,ESG-EGARCH(E),0.3295765604863808,4.31034560404893,E,2012-12-26
XEC,XEC.W^E14,2013-01-25,ESG-EGARCH(G),0.3336141543088219,4.416603331555175,G,2012-12-26
XEC,XEC.W^E14,2013-01-25,ESG-EGARCH(S),0.3326118540875481,4.390104979347476,S,2012-12-26
XEC,XEC.W^E14,2013-01-25,ESG-GARCH,0.3299201821520349,4.319338356794916,all,2012-12-26
XEC,XEC.W^E14,2013-01-25,ESG-GARCH(E),0.3277453926124885,4.262581046774374,E,2012-12-26
XEC,XEC.W^E14,2013-01-25,ESG-GARCH(G),0.331936062315506,4.372283708949346,G,2012-12-26
XEC,XEC.W^E14,2013-01-25,ESG-GARCH(S),0.3308393856964385,4.343440441587174,S,2012-12-26
XEC,XEC.W^E14,2013-01-25,ESG-GJR-GARCH,0.3127271180581993,3.880882951150277,all,2012-12-26
XEC,XEC.W^E14,2013-01-25,ESG-GJR-GARCH(E),0.3092802983828933,3.795805673325853,E,2012-12-26
XEC,XEC.W^E14,2013-01-25,ESG-GJR-GARCH(G),0.3159253797051074,3.960668473881599,G,2012-12-26
XEC,XEC.W^E14,2013-01-25,ESG-GJR-GARCH(S),0.3147732310461473,3.931832816794892,S,2012-12-26
XEC,XEC.W^E14,2013-01-25,GARCH,0.3371478419611288,4.510661402343106,,2012-12-26
XEC,XEC.W^E14,2013-01-25,GJR-GARCH,0.3319105736764702,4.37161225866046,,2012-12-26
XEC,XEC.W^E14,2013-01-28,EGARCH,0.3428411055275024,4.66428665235397,,2012-12-26
XEC,XEC.W^E14,2013-01-28,ESG-EGARCH,0.3316810635554684,4.365568568305029,all,2012-12-26
XEC,XEC.W^E14,2013-01-28,ESG-EGARCH(E),0.3295765604863808,4.31034560404893,E,2012-12-26
XEC,XEC.W^E14,2013-01-28,ESG-EGARCH(G),0.3336141543088219,4.416603331555175,G,2012-12-26
XEC,XEC.W^E14,2013-01-28,ESG-EGARCH(S),0.3326118540875481,4.390104979347476,S,2012-12-26
XEC,XEC.W^E14,2013-01-28,ESG-GARCH,0.3299201821520349,4.319338356794916,all,2012-12-26
XEC,XEC.W^E14,2013-01-28,ESG-GARCH(E),0.3277453926124885,4.262581046774374,E,2012-12-26
XEC,XEC.W^E14,2013-01-28,ESG-GARCH(G),0.331936062315506,4.372283708949346,G,2012-12-26
XEC,XEC.W^E14,2013-01-28,ESG-GARCH(S),0.3308393856964385,4.343440441587174,S,2012-12-26
XEC,XEC.W^E14,2013-01-28,ESG-GJR-GARCH,0.3127271180581993,3.880882951150277,all,2012-12-26
XEC,XEC.W^E14,2013-01-28,ESG-GJR-GARCH(E),0.3092802983828933,3.795805673325853,E,2012-12-26
XEC,XEC.W^E14,2013-01-28,ESG-GJR-GARCH(G),0.3159253797051074,3.960668473881599,G,2012-12-26
XEC,XEC.W^E14,2013-01-28,ESG-GJR-GARCH(S),0.3147732310461473,3.931832816794892,S,2012-12-26
XEC,XEC.W^E14,2013-01-28,GARCH,0.3371478419611288,4.510661402343106,,2012-12-26
XEC,XEC.W^E14,2013-01-28,GJR-GARCH,0.3319105736764702,4.37161225866046,,2012-12-26
XEC,XEC.W^E14,2013-01-29,EGARCH,0.2439863407729386,2.362275177927324,,2013-01-29
XEC,XEC.W^E14,2013-01-29,ESG-EGARCH,0.2531715025474478,2.54348451198938,all,2013-01-29
XEC,XEC.W^E14,2013-01-29,ESG-EGARCH(E),0.2529938929918158,2.53991705917279,E,2013-01-29
XEC,XEC.W^E14,2013-01-29,ESG-EGARCH(G),0.2557689281501328,2.595942246312215,G,2013-01-29
XEC,XEC.W^E14,2013-01-29,ESG-EGARCH(S),0.2550739533263619,2.581854034346788,S,2013-01-29
XEC,XEC.W^E14,2013-01-29,ESG-GARCH,0.2292573457648213,2.0856718486956694,all,2013-01-29
XEC,XEC.W^E14,2013-01-29,ESG-GARCH(E),0.2290553952574331,2.081998972084878,E,2013-01-29
XEC,XEC.W^E14,2013-01-29,ESG-GARCH(G),0.2317486643598154,2.1312477552602536,G,2013-01-29
XEC,XEC.W^E14,2013-01-29,ESG-GARCH(S),0.2310508277334604,2.1184319442983024,S,2013-01-29
XEC,XEC.W^E14,2013-01-29,ESG-GJR-GARCH,0.2379773152149805,2.247349307814692,all,2013-01-29
XEC,XEC.W^E14,2013-01-29,ESG-GJR-GARCH(E),0.2373770221009739,2.2360258183145336,E,2013-01-29
XEC,XEC.W^E14,2013-01-29,ESG-GJR-GARCH(G),0.2408992871470781,2.3028756566654915,G,2013-01-29
XEC,XEC.W^E14,2013-01-29,ESG-GJR-GARCH(S),0.2403115452861568,2.291652333246849,S,2013-01-29
XEC,XEC.W^E14,2013-01-29,GARCH,0.2258369876654137,2.0239025792773115,,2013-01-29
XEC,XEC.W^E14,2013-01-29,GJR-GARCH,0.2367363877927154,2.223972908934244,,2013-01-29
XEC,XEC.W^E14,2013-01-30,EGARCH,0.2439863407729386,2.362275177927324,,2013-01-29
XEC,XEC.W^E14,2013-01-30,ESG-EGARCH,0.2531715025474478,2.54348451198938,all,2013-01-29
XEC,XEC.W^E14,2013-01-30,ESG-EGARCH(E),0.2529938929918158,2.53991705917279,E,2013-01-29
XEC,XEC.W^E14,2013-01-30,ESG-EGARCH(G),0.2557689281501328,2.595942246312215,G,2013-01-29
XEC,XEC.W^E14,2013-01-30,ESG-EGARCH(S),0.2550739533263619,2.581854034346788,S,2013-01-29
XEC,XEC.W^E14,2013-01-30,ESG-GARCH,0.2292573457648213,2.0856718486956694,all,2013-01-29
XEC,XEC.W^E14,2013-01-30,ESG-GARCH(E),0.2290553952574331,2.081998972084878,E,2013-01-29
XEC,XEC.W^E14,2013-01-30,ESG-GARCH(G),0.2317486643598154,2.1312477552602536,G,2013-01-29
XEC,XEC.W^E14,2013-01-30,ESG-GARCH(S),0.2310508277334604,2.1184319442983024,S,2013-01-29
XEC,XEC.W^E14,2013-01-30,ESG-GJR-GARCH,0.2379773152149805,2.247349307814692,all,2013-01-29
XEC,XEC.W^E14,2013-01-30,ESG-GJR-GARCH(E),0.2373770221009739,2.2360258183145336,E,2013-01-29
XEC,XEC.W^E14,2013-01-30,ESG-GJR-GARCH(G),0.2408992871470781,2.3028756566654915,G,2013-01-29
XEC,XEC.W^E14,2013-01-30,ESG-GJR-GARCH(S),0.2403115452861568,2.291652333246849,S,2013-01-29
XEC,XEC.W^E14,2013-01-30,GARCH,0.2258369876654137,2.0239025792773115,,2013-01-29
XEC,XEC.W^E14,2013-01-30,GJR-GARCH,0.2367363877927154,2.223972908934244,,2013-01-29
XEC,XEC.W^E14,2013-01-31,EGARCH,0.2439863407729386,2.362275177927324,,2013-01-29
XEC,XEC.W^E14,2013-01-31,ESG-EGARCH,0.2531715025474478,2.54348451198938,all,2013-01-29
XEC,XEC.W^E14,2013-01-31,ESG-EGARCH(E),0.2529938929918158,2.53991705917279,E,2013-01-29
XEC,XEC.W^E14,2013-01-31,ESG-EGARCH(G),0.2557689281501328,2.595942246312215,G,2013-01-29
XEC,XEC.W^E14,2013-01-31,ESG-EGARCH(S),0.2550739533263619,2.581854034346788,S,2013-01-29
XEC,XEC.W^E14,2013-01-31,ESG-GARCH,0.2292573457648213,2.0856718486956694,all,2013-01-29
XEC,XEC.W^E14,2013-01-31,ESG-GARCH(E),0.2290553952574331,2.081998972084878,E,2013-01-29
XEC,XEC.W^E14,2013-01-31,ESG-GARCH(G),0.2317486643598154,2.1312477552602536,G,2013-01-29
XEC,XEC.W^E14,2013-01-31,ESG-GARCH(S),0.2310508277334604,2.1184319442983024,S,2013-01-29
XEC,XEC.W^E14,2013-01-31,ESG-GJR-GARCH,0.2379773152149805,2.247349307814692,all,2013-01-29
XEC,XEC.W^E14,2013-01-31,ESG-GJR-GARCH(E),0.2373770221009739,2.2360258183145336,E,2013-01-29
XEC,XEC.W^E14,2013-01-31,ESG-GJR-GARCH(G),0.2408992871470781,2.3028756566654915,G,2013-01-29
XEC,XEC.W^E14,2013-01-31,ESG-GJR-GARCH(S),0.2403115452861568,2.291652333246849,S,2013-01-29
XEC,XEC.W^E14,2013-01-31,GARCH,0.2258369876654137,2.0239025792773115,,2013-01-29
XEC,XEC.W^E14,2013-01-31,GJR-GARCH,0.2367363877927154,2.223972908934244,,2013-01-29
XEC,XEC.W^E14,2013-02-01,EGARCH,0.2439863407729386,2.362275177927324,,2013-01-29
XEC,XEC.W^E14,2013-02-01,ESG-EGARCH,0.2531715025474478,2.54348451198938,all,2013-01-29
XEC,XEC.W^E14,2013-02-01,ESG-EGARCH(E),0.2529938929918158,2.53991705917279,E,2013-01-29
XEC,XEC.W^E14,2013-02-01,ESG-EGARCH(G),0.2557689281501328,2.595942246312215,G,2013-01-29
XEC,XEC.W^E14,2013-02-01,ESG-EGARCH(S),0.2550739533263619,2.581854034346788,S,2013-01-29
XEC,XEC.W^E14,2013-02-01,ESG-GARCH,0.2292573457648213,2.0856718486956694,all,2013-01-29
XEC,XEC.W^E14,2013-02-01,ESG-GARCH(E),0.2290553952574331,2.081998972084878,E,2013-01-29
XEC,XEC.W^E14,2013-02-01,ESG-GARCH(G),0.2317486643598154,2.1312477552602536,G,2013-01-29
XEC,XEC.W^E14,2013-02-01,ESG-GARCH(S),0.2310508277334604,2.1184319442983024,S,2013-01-29
XEC,XEC.W^E14,2013-02-01,ESG-GJR-GARCH,0.2379773152149805,2.247349307814692,all,2013-01-29
XEC,XEC.W^E14,2013-02-01,ESG-GJR-GARCH(E),0.2373770221009739,2.2360258183145336,E,2013-01-29
XEC,XEC.W^E14,2013-02-01,ESG-GJR-GARCH(G),0.2408992871470781,2.3028756566654915,G,2013-01-29
XEC,XEC.W^E14,2013-02-01,ESG-GJR-GARCH(S),0.2403115452861568,2.291652333246849,S,2013-01-29
XEC,XEC.W^E14,2013-02-01,GARCH,0.2258369876654137,2.0239025792773115,,2013-01-29
XEC,XEC.W^E14,2013-02-01,GJR-GARCH,0.2367363877927154,2.223972908934244,,2013-01-29
XEC,XEC.W^E14,2013-02-04,EGARCH,0.2439863407729386,2.362275177927324,,2013-01-29
XEC,XEC.W^E14,2013-02-04,ESG-EGARCH,0.2531715025474478,2.54348451198938,all,2013-01-29
XEC,XEC.W^E14,2013-02-04,ESG-EGARCH(E),0.2529938929918158,2.53991705917279,E,2013-01-29
XEC,XEC.W^E14,2013-02-04,ESG-EGARCH(G),0.2557689281501328,2.595942246312215,G,2013-01-29
XEC,XEC.W^E14,2013-02-04,ESG-EGARCH(S),0.2550739533263619,2.581854034346788,S,2013-01-29
XEC,XEC.W^E14,2013-02-04,ESG-GARCH,0.2292573457648213,2.0856718486956694,all,2013-01-29
XEC,XEC.W^E14,2013-02-04,ESG-GARCH(E),0.2290553952574331,2.081998972084878,E,2013-01-29
XEC,XEC.W^E14,2013-02-04,ESG-GARCH(G),0.2317486643598154,2.1312477552602536,G,2013-01-29
XEC,XEC.W^E14,2013-02-04,ESG-GARCH(S),0.2310508277334604,2.1184319442983024,S,2013-01-29
XEC,XEC.W^E14,2013-02-04,ESG-GJR-GARCH,0.2379773152149805,2.247349307814692,all,2013-01-29
XEC,XEC.W^E14,2013-02-04,ESG-GJR-GARCH(E),0.2373770221009739,2.2360258183145336,E,2013-01-29
XEC,XEC.W^E14,2013-02-04,ESG-GJR-GARCH(G),0.2408992871470781,2.3028756566654915,G,2013-01-29
XEC,XEC.W^E14,2013-02-04,ESG-GJR-GARCH(S),0.2403115452861568,2.291652333246849,S,2013-01-29
XEC,XEC.W^E14,2013-02-04,GARCH,0.2258369876654137,2.0239025792773115,,2013-01-29
XEC,XEC.W^E14,2013-02-04,GJR-GARCH,0.2367363877927154,2.223972908934244,,2013-01-29
XEC,XEC.W^E14,2013-02-05,EGARCH,0.2439863407729386,2.362275177927324,,2013-01-29
XEC,XEC.W^E14,2013-02-05,ESG-EGARCH,0.2531715025474478,2.54348451198938,all,2013-01-29
XEC,XEC.W^E14,2013-02-05,ESG-EGARCH(E),0.2529938929918158,2.53991705917279,E,2013-01-29
XEC,XEC.W^E14,2013-02-05,ESG-EGARCH(G),0.2557689281501328,2.595942246312215,G,2013-01-29
XEC,XEC.W^E14,2013-02-05,ESG-EGARCH(S),0.2550739533263619,2.581854034346788,S,2013-01-29
XEC,XEC.W^E14,2013-02-05,ESG-GARCH,0.2292573457648213,2.0856718486956694,all,2013-01-29
XEC,XEC.W^E14,2013-02-05,ESG-GARCH(E),0.2290553952574331,2.081998972084878,E,2013-01-29
XEC,XEC.W^E14,2013-02-05,ESG-GARCH(G),0.2317486643598154,2.1312477552602536,G,2013-01-29
XEC,XEC.W^E14,2013-02-05,ESG-GARCH(S),0.2310508277334604,2.1184319442983024,S,2013-01-29
XEC,XEC.W^E14,2013-02-05,ESG-GJR-GARCH,0.2379773152149805,2.247349307814692,all,2013-01-29
XEC,XEC.W^E14,2013-02-05,ESG-GJR-GARCH(E),0.2373770221009739,2.2360258183145336,E,2013-01-29
XEC,XEC.W^E14,2013-02-05,ESG-GJR-GARCH(G),0.2408992871470781,2.3028756566654915,G,2013-01-29
XEC,XEC.W^E14,2013-02-05,ESG-GJR-GARCH(S),0.2403115452861568,2.291652333246849,S,2013-01-29
XEC,XEC.W^E14,2013-02-05,GARCH,0.2258369876654137,2.0239025792773115,,2013-01-29
XEC,XEC.W^E14,2013-02-05,GJR-GARCH,0.2367363877927154,2.223972908934244,,2013-01-29
XEC,XEC.W^E14,2013-02-06,EGARCH,0.2439863407729386,2.362275177927324,,2013-01-29
XEC,XEC.W^E14,2013-02-06,ESG-EGARCH,0.2531715025474478,2.54348451198938,all,2013-01-29
XEC,XEC.W^E14,2013-02-06,ESG-EGARCH(E),0.2529938929918158,2.53991705917279,E,2013-01-29
XEC,XEC.W^E14,2013-02-06,ESG-EGARCH(G),0.2557689281501328,2.595942246312215,G,2013-01-29
XEC,XEC.W^E14,2013-02-06,ESG-EGARCH(S),0.2550739533263619,2.581854034346788,S,2013-01-29
XEC,XEC.W^E14,2013-02-06,ESG-GARCH,0.2292573457648213,2.0856718486956694,all,2013-01-29
XEC,XEC.W^E14,2013-02-06,ESG-GARCH(E),0.2290553952574331,2.081998972084878,E,2013-01-29
XEC,XEC.W^E14,2013-02-06,ESG-GARCH(G),0.2317486643598154,2.1312477552602536,G,2013-01-29
XEC,XEC.W^E14,2013-02-06,ESG-GARCH(S),0.2310508277334604,2.1184319442983024,S,2013-01-29
XEC,XEC.W^E14,2013-02-06,ESG-GJR-GARCH,0.2379773152149805,2.247349307814692,all,2013-01-29
XEC,XEC.W^E14,2013-02-06,ESG-GJR-GARCH(E),0.2373770221009739,2.2360258183145336,E,2013-01-29
XEC,XEC.W^E14,2013-02-06,ESG-GJR-GARCH(G),0.2408992871470781,2.3028756566654915,G,2013-01-29
XEC,XEC.W^E14,2013-02-06,ESG-GJR-GARCH(S),0.2403115452861568,2.291652333246849,S,2013-01-29
XEC,XEC.W^E14,2013-02-06,GARCH,0.2258369876654137,2.0239025792773115,,2013-01-29
XEC,XEC.W^E14,2013-02-06,GJR-GARCH,0.2367363877927154,2.223972908934244,,2013-01-29
XEC,XEC.W^E14,2013-02-07,EGARCH,0.2439863407729386,2.362275177927324,,2013-01-29
XEC,XEC.W^E14,2013-02-07,ESG-EGARCH,0.2531715025474478,2.54348451198938,all,2013-01-29
XEC,XEC.W^E14,2013-02-07,ESG-EGARCH(E),0.2529938929918158,2.53991705917279,E,2013-01-29
XEC,XEC.W^E14,2013-02-07,ESG-EGARCH(G),0.2557689281501328,2.595942246312215,G,2013-01-29
XEC,XEC.W^E14,2013-02-07,ESG-EGARCH(S),0.2550739533263619,2.581854034346788,S,2013-01-29
XEC,XEC.W^E14,2013-02-07,ESG-GARCH,0.2292573457648213,2.0856718486956694,all,2013-01-29
XEC,XEC.W^E14,2013-02-07,ESG-GARCH(E),0.2290553952574331,2.081998972084878,E,2013-01-29
XEC,XEC.W^E14,2013-02-07,ESG-GARCH(G),0.2317486643598154,2.1312477552602536,G,2013-01-29
XEC,XEC.W^E14,2013-02-07,ESG-GARCH(S),0.2310508277334604,2.1184319442983024,S,2013-01-29
XEC,XEC.W^E14,2013-02-07,ESG-GJR-GARCH,0.2379773152149805,2.247349307814692,all,2013-01-29
XEC,XEC.W^E14,2013-02-07,ESG-GJR-GARCH(E),0.2373770221009739,2.2360258183145336,E,2013-01-29
XEC,XEC.W^E14,2013-02-07,ESG-GJR-GARCH(G),0.2408992871470781,2.3028756566654915,G,2013-01-29
XEC,XEC.W^E14,2013-02-07,ESG-GJR-GARCH(S),0.2403115452861568,2.291652333246849,S,2013-01-29
XEC,XEC.W^E14,2013-02-07,GARCH,0.2258369876654137,2.0239025792773115,,2013-01-29
XEC,XEC.W^E14,2013-02-07,GJR-GARCH,0.2367363877927154,2.223972908934244,,2013-01-29
XEC,XEC.W^E14,2013-02-08,EGARCH,0.2439863407729386,2.362275177927324,,2013-01-29
XEC,XEC.W^E14,2013-02-08,ESG-EGARCH,0.2531715025474478,2.54348451198938,all,2013-01-29
XEC,XEC.W^E14,2013-02-08,ESG-EGARCH(E),0.2529938929918158,2.53991705917279,E,2013-01-29
XEC,XEC.W^E14,2013-02-08,ESG-EGARCH(G),0.2557689281501328,2.595942246312215,G,2013-01-29
XEC,XEC.W^E14,2013-02-08,ESG-EGARCH(S),0.2550739533263619,2.581854034346788,S,2013-01-29
XEC,XEC.W^E14,2013-02-08,ESG-GARCH,0.2292573457648213,2.0856718486956694,all,2013-01-29
XEC,XEC.W^E14,2013-02-08,ESG-GARCH(E),0.2290553952574331,2.081998972084878,E,2013-01-29
XEC,XEC.W^E14,2013-02-08,ESG-GARCH(G),0.2317486643598154,2.1312477552602536,G,2013-01-29
XEC,XEC.W^E14,2013-02-08,ESG-GARCH(S),0.2310508277334604,2.1184319442983024,S,2013-01-29
XEC,XEC.W^E14,2013-02-08,ESG-GJR-GARCH,0.2379773152149805,2.247349307814692,all,2013-01-29
XEC,XEC.W^E14,2013-02-08,ESG-GJR-GARCH(E),0.2373770221009739,2.2360258183145336,E,2013-01-29
XEC,XEC.W^E14,2013-02-08,ESG-GJR-GARCH(G),0.2408992871470781,2.3028756566654915,G,2013-01-29
XEC,XEC.W^E14,2013-02-08,ESG-GJR-GARCH(S),0.2403115452861568,2.291652333246849,S,2013-01-29
XEC,XEC.W^E14,2013-02-08,GARCH,0.2258369876654137,2.0239025792773115,,2013-01-29
XEC,XEC.W^E14,2013-02-08,GJR-GARCH,0.2367363877927154,2.223972908934244,,2013-01-29
XEC,XEC.W^E14,2013-02-13,EGARCH,0.2439863407729386,2.362275177927324,,2013-01-29
XEC,XEC.W^E14,2013-02-13,ESG-EGARCH,0.2531715025474478,2.54348451198938,all,2013-01-29
XEC,XEC.W^E14,2013-02-13,ESG-EGARCH(E),0.2529938929918158,2.53991705917279,E,2013-01-29
XEC,XEC.W^E14,2013-02-13,ESG-EGARCH(G),0.2557689281501328,2.595942246312215,G,2013-01-29
XEC,XEC.W^E14,2013-02-13,ESG-EGARCH(S),0.2550739533263619,2.581854034346788,S,2013-01-29
XEC,XEC.W^E14,2013-02-13,ESG-GARCH,0.2292573457648213,2.0856718486956694,all,2013-01-29
XEC,XEC.W^E14,2013-02-13,ESG-GARCH(E),0.2290553952574331,2.081998972084878,E,2013-01-29
XEC,XEC.W^E14,2013-02-13,ESG-GARCH(G),0.2317486643598154,2.1312477552602536,G,2013-01-29
XEC,XEC.W^E14,2013-02-13,ESG-GARCH(S),0.2310508277334604,2.1184319442983024,S,2013-01-29
XEC,XEC.W^E14,2013-02-13,ESG-GJR-GARCH,0.2379773152149805,2.247349307814692,all,2013-01-29
XEC,XEC.W^E14,2013-02-13,ESG-GJR-GARCH(E),0.2373770221009739,2.2360258183145336,E,2013-01-29
XEC,XEC.W^E14,2013-02-13,ESG-GJR-GARCH(G),0.2408992871470781,2.3028756566654915,G,2013-01-29
XEC,XEC.W^E14,2013-02-13,ESG-GJR-GARCH(S),0.2403115452861568,2.291652333246849,S,2013-01-29
XEC,XEC.W^E14,2013-02-13,GARCH,0.2258369876654137,2.0239025792773115,,2013-01-29
XEC,XEC.W^E14,2013-02-13,GJR-GARCH,0.2367363877927154,2.223972908934244,,2013-01-29
XEC,XEC.W^E14,2013-02-14,EGARCH,0.2439863407729386,2.362275177927324,,2013-01-29
XEC,XEC.W^E14,2013-02-14,ESG-EGARCH,0.2531715025474478,2.54348451198938,all,2013-01-29
XEC,XEC.W^E14,2013-02-14,ESG-EGARCH(E),0.2529938929918158,2.53991705917279,E,2013-01-29
XEC,XEC.W^E14,2013-02-14,ESG-EGARCH(G),0.2557689281501328,2.595942246312215,G,2013-01-29
XEC,XEC.W^E14,2013-02-14,ESG-EGARCH(S),0.2550739533263619,2.581854034346788,S,2013-01-29
XEC,XEC.W^E14,2013-02-14,ESG-GARCH,0.2292573457648213,2.0856718486956694,all,2013-01-29
XEC,XEC.W^E14,2013-02-14,ESG-GARCH(E),0.2290553952574331,2.081998972084878,E,2013-01-29
XEC,XEC.W^E14,2013-02-14,ESG-GARCH(G),0.2317486643598154,2.1312477552602536,G,2013-01-29
XEC,XEC.W^E14,2013-02-14,ESG-GARCH(S),0.2310508277334604,2.1184319442983024,S,2013-01-29
XEC,XEC.W^E14,2013-02-14,ESG-GJR-GARCH,0.2379773152149805,2.247349307814692,all,2013-01-29
XEC,XEC.W^E14,2013-02-14,ESG-GJR-GARCH(E),0.2373770221009739,2.2360258183145336,E,2013-01-29
XEC,XEC.W^E14,2013-02-14,ESG-GJR-GARCH(G),0.2408992871470781,2.3028756566654915,G,2013-01-29
XEC,XEC.W^E14,2013-02-14,ESG-GJR-GARCH(S),0.2403115452861568,2.291652333246849,S,2013-01-29
XEC,XEC.W^E14,2013-02-14,GARCH,0.2258369876654137,2.0239025792773115,,2013-01-29
XEC,XEC.W^E14,2013-02-14,GJR-GARCH,0.2367363877927154,2.223972908934244,,2013-01-29
XEC,XEC.W^E14,2013-02-15,EGARCH,0.2439863407729386,2.362275177927324,,2013-01-29
XEC,XEC.W^E14,2013-02-15,ESG-EGARCH,0.2531715025474478,2.54348451198938,all,2013-01-29
XEC,XEC.W^E14,2013-02-15,ESG-EGARCH(E),0.2529938929918158,2.53991705917279,E,2013-01-29
XEC,XEC.W^E14,2013-02-15,ESG-EGARCH(G),0.2557689281501328,2.595942246312215,G,2013-01-29
XEC,XEC.W^E14,2013-02-15,ESG-EGARCH(S),0.2550739533263619,2.581854034346788,S,2013-01-29
XEC,XEC.W^E14,2013-02-15,ESG-GARCH,0.2292573457648213,2.0856718486956694,all,2013-01-29
XEC,XEC.W^E14,2013-02-15,ESG-GARCH(E),0.2290553952574331,2.081998972084878,E,2013-01-29
XEC,XEC.W^E14,2013-02-15,ESG-GARCH(G),0.2317486643598154,2.1312477552602536,G,2013-01-29
XEC,XEC.W^E14,2013-02-15,ESG-GARCH(S),0.2310508277334604,2.1184319442983024,S,2013-01-29
XEC,XEC.W^E14,2013-02-15,ESG-GJR-GARCH,0.2379773152149805,2.247349307814692,all,2013-01-29
XEC,XEC.W^E14,2013-02-15,ESG-GJR-GARCH(E),0.2373770221009739,2.2360258183145336,E,2013-01-29
XEC,XEC.W^E14,2013-02-15,ESG-GJR-GARCH(G),0.2408992871470781,2.3028756566654915,G,2013-01-29
XEC,XEC.W^E14,2013-02-15,ESG-GJR-GARCH(S),0.2403115452861568,2.291652333246849,S,2013-01-29
XEC,XEC.W^E14,2013-02-15,GARCH,0.2258369876654137,2.0239025792773115,,2013-01-29
XEC,XEC.W^E14,2013-02-15,GJR-GARCH,0.2367363877927154,2.223972908934244,,2013-01-29
XEC,XEC.W^E14,2013-02-20,EGARCH,0.2439863407729386,2.362275177927324,,2013-01-29
XEC,XEC.W^E14,2013-02-20,ESG-EGARCH,0.2531715025474478,2.54348451198938,all,2013-01-29
XEC,XEC.W^E14,2013-02-20,ESG-EGARCH(E),0.2529938929918158,2.53991705917279,E,2013-01-29
XEC,XEC.W^E14,2013-02-20,ESG-EGARCH(G),0.2557689281501328,2.595942246312215,G,2013-01-29
XEC,XEC.W^E14,2013-02-20,ESG-EGARCH(S),0.2550739533263619,2.581854034346788,S,2013-01-29
XEC,XEC.W^E14,2013-02-20,ESG-GARCH,0.2292573457648213,2.0856718486956694,all,2013-01-29
XEC,XEC.W^E14,2013-02-20,ESG-GARCH(E),0.2290553952574331,2.081998972084878,E,2013-01-29
XEC,XEC.W^E14,2013-02-20,ESG-GARCH(G),0.2317486643598154,2.1312477552602536,G,2013-01-29
XEC,XEC.W^E14,2013-02-20,ESG-GARCH(S),0.2310508277334604,2.1184319442983024,S,2013-01-29
XEC,XEC.W^E14,2013-02-20,ESG-GJR-GARCH,0.2379773152149805,2.247349307814692,all,2013-01-29
XEC,XEC.W^E14,2013-02-20,ESG-GJR-GARCH(E),0.2373770221009739,2.2360258183145336,E,2013-01-29
XEC,XEC.W^E14,2013-02-20,ESG-GJR-GARCH(G),0.2408992871470781,2.3028756566654915,G,2013-01-29
XEC,XEC.W^E14,2013-02-20,ESG-GJR-GARCH(S),0.2403115452861568,2.291652333246849,S,2013-01-29
XEC,XEC.W^E14,2013-02-20,GARCH,0.2258369876654137,2.0239025792773115,,2013-01-29
XEC,XEC.W^E14,2013-02-20,GJR-GARCH,0.2367363877927154,2.223972908934244,,2013-01-29
XEC,XEC.W^E14,2013-02-21,EGARCH,0.2439863407729386,2.362275177927324,,2013-01-29
XEC,XEC.W^E14,2013-02-21,ESG-EGARCH,0.2531715025474478,2.54348451198938,all,2013-01-29
XEC,XEC.W^E14,2013-02-21,ESG-EGARCH(E),0.2529938929918158,2.53991705917279,E,2013-01-29
XEC,XEC.W^E14,2013-02-21,ESG-EGARCH(G),0.2557689281501328,2.595942246312215,G,2013-01-29
XEC,XEC.W^E14,2013-02-21,ESG-EGARCH(S),0.2550739533263619,2.581854034346788,S,2013-01-29
XEC,XEC.W^E14,2013-02-21,ESG-GARCH,0.2292573457648213,2.0856718486956694,all,2013-01-29
XEC,XEC.W^E14,2013-02-21,ESG-GARCH(E),0.2290553952574331,2.081998972084878,E,2013-01-29
XEC,XEC.W^E14,2013-02-21,ESG-GARCH(G),0.2317486643598154,2.1312477552602536,G,2013-01-29
XEC,XEC.W^E14,2013-02-21,ESG-GARCH(S),0.2310508277334604,2.1184319442983024,S,2013-01-29
XEC,XEC.W^E14,2013-02-21,ESG-GJR-GARCH,0.2379773152149805,2.247349307814692,all,2013-01-29
XEC,XEC.W^E14,2013-02-21,ESG-GJR-GARCH(E),0.2373770221009739,2.2360258183145336,E,2013-01-29
XEC,XEC.W^E14,2013-02-21,ESG-GJR-GARCH(G),0.2408992871470781,2.3028756566654915,G,2013-01-29
XEC,XEC.W^E14,2013-02-21,ESG-GJR-GARCH(S),0.2403115452861568,2.291652333246849,S,2013-01-29
XEC,XEC.W^E14,2013-02-21,GARCH,0.2258369876654137,2.0239025792773115,,2013-01-29
XEC,XEC.W^E14,2013-02-21,GJR-GARCH,0.2367363877927154,2.223972908934244,,2013-01-29
XEC,XEC.W^E14,2013-02-22,EGARCH,0.2439863407729386,2.362275177927324,,2013-01-29
XEC,XEC.W^E14,2013-02-22,ESG-EGARCH,0.2531715025474478,2.54348451198938,all,2013-01-29
XEC,XEC.W^E14,2013-02-22,ESG-EGARCH(E),0.2529938929918158,2.53991705917279,E,2013-01-29
XEC,XEC.W^E14,2013-02-22,ESG-EGARCH(G),0.2557689281501328,2.595942246312215,G,2013-01-29
XEC,XEC.W^E14,2013-02-22,ESG-EGARCH(S),0.2550739533263619,2.581854034346788,S,2013-01-29
XEC,XEC.W^E14,2013-02-22,ESG-GARCH,0.2292573457648213,2.0856718486956694,all,2013-01-29
XEC,XEC.W^E14,2013-02-22,ESG-GARCH(E),0.2290553952574331,2.081998972084878,E,2013-01-29
XEC,XEC.W^E14,2013-02-22,ESG-GARCH(G),0.2317486643598154,2.1312477552602536,G,2013-01-29
XEC,XEC.W^E14,2013-02-22,ESG-GARCH(S),0.2310508277334604,2.1184319442983024,S,2013-01-29
XEC,XEC.W^E14,2013-02-22,ESG-GJR-GARCH,0.2379773152149805,2.247349307814692,all,2013-01-29
XEC,XEC.W^E14,2013-02-22,ESG-GJR-GARCH(E),0.2373770221009739,2.2360258183145336,E,2013-01-29
XEC,XEC.W^E14,2013-02-22,ESG-GJR-GARCH(G),0.2408992871470781,2.3028756566654915,G,2013-01-29
XEC,XEC.W^E14,2013-02-22,ESG-GJR-GARCH(S),0.2403115452861568,2.291652333246849,S,2013-01-29
XEC,XEC.W^E14,2013-02-22,GARCH,0.2258369876654137,2.0239025792773115,,2013-01-29
XEC,XEC.W^E14,2013-02-22,GJR-GARCH,0.2367363877927154,2.223972908934244,,2013-01-29
XEC,XEC.W^E14,2013-02-25,EGARCH,0.2439863407729386,2.362275177927324,,2013-01-29
XEC,XEC.W^E14,2013-02-25,ESG-EGARCH,0.2531715025474478,2.54348451198938,all,2013-01-29
XEC,XEC.W^E14,2013-02-25,ESG-EGARCH(E),0.2529938929918158,2.53991705917279,E,2013-01-29
XEC,XEC.W^E14,2013-02-25,ESG-EGARCH(G),0.2557689281501328,2.595942246312215,G,2013-01-29
XEC,XEC.W^E14,2013-02-25,ESG-EGARCH(S),0.2550739533263619,2.581854034346788,S,2013-01-29
XEC,XEC.W^E14,2013-02-25,ESG-GARCH,0.2292573457648213,2.0856718486956694,all,2013-01-29
XEC,XEC.W^E14,2013-02-25,ESG-GARCH(E),0.2290553952574331,2.081998972084878,E,2013-01-29
XEC,XEC.W^E14,2013-02-25,ESG-GARCH(G),0.2317486643598154,2.1312477552602536,G,2013-01-29
XEC,XEC.W^E14,2013-02-25,ESG-GARCH(S),0.2310508277334604,2.1184319442983024,S,2013-01-29
XEC,XEC.W^E14,2013-02-25,ESG-GJR-GARCH,0.2379773152149805,2.247349307814692,all,2013-01-29
XEC,XEC.W^E14,2013-02-25,ESG-GJR-GARCH(E),0.2373770221009739,2.2360258183145336,E,2013-01-29
XEC,XEC.W^E14,2013-02-25,ESG-GJR-GARCH(G),0.2408992871470781,2.3028756566654915,G,2013-01-29
XEC,XEC.W^E14,2013-02-25,ESG-GJR-GARCH(S),0.2403115452861568,2.291652333246849,S,2013-01-29
XEC,XEC.W^E14,2013-02-25,GARCH,0.2258369876654137,2.0239025792773115,,2013-01-29
XEC,XEC.W^E14,2013-02-25,GJR-GARCH,0.2367363877927154,2.223972908934244,,2013-01-29
XEC,XEC.W^E14,2013-02-26,EGARCH,0.2439863407729386,2.362275177927324,,2013-01-29
XEC,XEC.W^E14,2013-02-26,ESG-EGARCH,0.2531715025474478,2.54348451198938,all,2013-01-29
XEC,XEC.W^E14,2013-02-26,ESG-EGARCH(E),0.2529938929918158,2.53991705917279,E,2013-01-29
XEC,XEC.W^E14,2013-02-26,ESG-EGARCH(G),0.2557689281501328,2.595942246312215,G,2013-01-29
XEC,XEC.W^E14,2013-02-26,ESG-EGARCH(S),0.2550739533263619,2.581854034346788,S,2013-01-29
XEC,XEC.W^E14,2013-02-26,ESG-GARCH,0.2292573457648213,2.0856718486956694,all,2013-01-29
XEC,XEC.W^E14,2013-02-26,ESG-GARCH(E),0.2290553952574331,2.081998972084878,E,2013-01-29
XEC,XEC.W^E14,2013-02-26,ESG-GARCH(G),0.2317486643598154,2.1312477552602536,G,2013-01-29
XEC,XEC.W^E14,2013-02-26,ESG-GARCH(S),0.2310508277334604,2.1184319442983024,S,2013-01-29
XEC,XEC.W^E14,2013-02-26,ESG-GJR-GARCH,0.2379773152149805,2.247349307814692,all,2013-01-29
XEC,XEC.W^E14,2013-02-26,ESG-GJR-GARCH(E),0.2373770221009739,2.2360258183145336,E,2013-01-29
XEC,XEC.W^E14,2013-02-26,ESG-GJR-GARCH(G),0.2408992871470781,2.3028756566654915,G,2013-01-29
XEC,XEC.W^E14,2013-02-26,ESG-GJR-GARCH(S),0.2403115452861568,2.291652333246849,S,2013-01-29
XEC,XEC.W^E14,2013-02-26,GARCH,0.2258369876654137,2.0239025792773115,,2013-01-29
XEC,XEC.W^E14,2013-02-26,GJR-GARCH,0.2367363877927154,2.223972908934244,,2013-01-29
XEC,XEC.W^E14,2013-02-27,EGARCH,0.2439863407729386,2.362275177927324,,2013-01-29
XEC,XEC.W^E14,2013-02-27,ESG-EGARCH,0.2531715025474478,2.54348451198938,all,2013-01-29
XEC,XEC.W^E14,2013-02-27,ESG-EGARCH(E),0.2529938929918158,2.53991705917279,E,2013-01-29
XEC,XEC.W^E14,2013-02-27,ESG-EGARCH(G),0.2557689281501328,2.595942246312215,G,2013-01-29
XEC,XEC.W^E14,2013-02-27,ESG-EGARCH(S),0.2550739533263619,2.581854034346788,S,2013-01-29
XEC,XEC.W^E14,2013-02-27,ESG-GARCH,0.2292573457648213,2.0856718486956694,all,2013-01-29
XEC,XEC.W^E14,2013-02-27,ESG-GARCH(E),0.2290553952574331,2.081998972084878,E,2013-01-29
XEC,XEC.W^E14,2013-02-27,ESG-GARCH(G),0.2317486643598154,2.1312477552602536,G,2013-01-29
XEC,XEC.W^E14,2013-02-27,ESG-GARCH(S),0.2310508277334604,2.1184319442983024,S,2013-01-29
XEC,XEC.W^E14,2013-02-27,ESG-GJR-GARCH,0.2379773152149805,2.247349307814692,all,2013-01-29
XEC,XEC.W^E14,2013-02-27,ESG-GJR-GARCH(E),0.2373770221009739,2.2360258183145336,E,2013-01-29
XEC,XEC.W^E14,2013-02-27,ESG-GJR-GARCH(G),0.2408992871470781,2.3028756566654915,G,2013-01-29
XEC,XEC.W^E14,2013-02-27,ESG-GJR-GARCH(S),0.2403115452861568,2.291652333246849,S,2013-01-29
XEC,XEC.W^E14,2013-02-27,GARCH,0.2258369876654137,2.0239025792773115,,2013-01-29
XEC,XEC.W^E14,2013-02-27,GJR-GARCH,0.2367363877927154,2.223972908934244,,2013-01-29
XEC,XEC.W^E14,2013-02-28,EGARCH,0.2439863407729386,2.362275177927324,,2013-01-29
XEC,XEC.W^E14,2013-02-28,ESG-EGARCH,0.2531715025474478,2.54348451198938,all,2013-01-29
XEC,XEC.W^E14,2013-02-28,ESG-EGARCH(E),0.2529938929918158,2.53991705917279,E,2013-01-29
XEC,XEC.W^E14,2013-02-28,ESG-EGARCH(G),0.2557689281501328,2.595942246312215,G,2013-01-29
XEC,XEC.W^E14,2013-02-28,ESG-EGARCH(S),0.2550739533263619,2.581854034346788,S,2013-01-29
XEC,XEC.W^E14,2013-02-28,ESG-GARCH,0.2292573457648213,2.0856718486956694,all,2013-01-29
XEC,XEC.W^E14,2013-02-28,ESG-GARCH(E),0.2290553952574331,2.081998972084878,E,2013-01-29
XEC,XEC.W^E14,2013-02-28,ESG-GARCH(G),0.2317486643598154,2.1312477552602536,G,2013-01-29
XEC,XEC.W^E14,2013-02-28,ESG-GARCH(S),0.2310508277334604,2.1184319442983024,S,2013-01-29
XEC,XEC.W^E14,2013-02-28,ESG-GJR-GARCH,0.2379773152149805,2.247349307814692,all,2013-01-29
XEC,XEC.W^E14,2013-02-28,ESG-GJR-GARCH(E),0.2373770221009739,2.2360258183145336,E,2013-01-29
XEC,XEC.W^E14,2013-02-28,ESG-GJR-GARCH(G),0.2408992871470781,2.3028756566654915,G,2013-01-29
XEC,XEC.W^E14,2013-02-28,ESG-GJR-GARCH(S),0.2403115452861568,2.291652333246849,S,2013-01-29
XEC,XEC.W^E14,2013-02-28,GARCH,0.2258369876654137,2.0239025792773115,,2013-01-29
XEC,XEC.W^E14,2013-02-28,GJR-GARCH,0.2367363877927154,2.223972908934244,,2013-01-29
XEC,XEC.W^E14,2013-03-01,EGARCH,0.2439863407729386,2.362275177927324,,2013-01-29
XEC,XEC.W^E14,2013-03-01,ESG-EGARCH,0.2531715025474478,2.54348451198938,all,2013-01-29
XEC,XEC.W^E14,2013-03-01,ESG-EGARCH(E),0.2529938929918158,2.53991705917279,E,2013-01-29
XEC,XEC.W^E14,2013-03-01,ESG-EGARCH(G),0.2557689281501328,2.595942246312215,G,2013-01-29
XEC,XEC.W^E14,2013-03-01,ESG-EGARCH(S),0.2550739533263619,2.581854034346788,S,2013-01-29
XEC,XEC.W^E14,2013-03-01,ESG-GARCH,0.2292573457648213,2.0856718486956694,all,2013-01-29
XEC,XEC.W^E14,2013-03-01,ESG-GARCH(E),0.2290553952574331,2.081998972084878,E,2013-01-29
XEC,XEC.W^E14,2013-03-01,ESG-GARCH(G),0.2317486643598154,2.1312477552602536,G,2013-01-29
XEC,XEC.W^E14,2013-03-01,ESG-GARCH(S),0.2310508277334604,2.1184319442983024,S,2013-01-29
XEC,XEC.W^E14,2013-03-01,ESG-GJR-GARCH,0.2379773152149805,2.247349307814692,all,2013-01-29
XEC,XEC.W^E14,2013-03-01,ESG-GJR-GARCH(E),0.2373770221009739,2.2360258183145336,E,2013-01-29
XEC,XEC.W^E14,2013-03-01,ESG-GJR-GARCH(G),0.2408992871470781,2.3028756566654915,G,2013-01-29
XEC,XEC.W^E14,2013-03-01,ESG-GJR-GARCH(S),0.2403115452861568,2.291652333246849,S,2013-01-29
XEC,XEC.W^E14,2013-03-01,GARCH,0.2258369876654137,2.0239025792773115,,2013-01-29
XEC,XEC.W^E14,2013-03-01,GJR-GARCH,0.2367363877927154,2.223972908934244,,2013-01-29
XEC,XEC.W^E14,2013-03-04,EGARCH,0.2439863407729386,2.362275177927324,,2013-01-29
XEC,XEC.W^E14,2013-03-04,ESG-EGARCH,0.2531715025474478,2.54348451198938,all,2013-01-29
XEC,XEC.W^E14,2013-03-04,ESG-EGARCH(E),0.2529938929918158,2.53991705917279,E,2013-01-29
XEC,XEC.W^E14,2013-03-04,ESG-EGARCH(G),0.2557689281501328,2.595942246312215,G,2013-01-29
XEC,XEC.W^E14,2013-03-04,ESG-EGARCH(S),0.2550739533263619,2.581854034346788,S,2013-01-29
XEC,XEC.W^E14,2013-03-04,ESG-GARCH,0.2292573457648213,2.0856718486956694,all,2013-01-29
XEC,XEC.W^E14,2013-03-04,ESG-GARCH(E),0.2290553952574331,2.081998972084878,E,2013-01-29
XEC,XEC.W^E14,2013-03-04,ESG-GARCH(G),0.2317486643598154,2.1312477552602536,G,2013-01-29
XEC,XEC.W^E14,2013-03-04,ESG-GARCH(S),0.2310508277334604,2.1184319442983024,S,2013-01-29
XEC,XEC.W^E14,2013-03-04,ESG-GJR-GARCH,0.2379773152149805,2.247349307814692,all,2013-01-29
XEC,XEC.W^E14,2013-03-04,ESG-GJR-GARCH(E),0.2373770221009739,2.2360258183145336,E,2013-01-29
XEC,XEC.W^E14,2013-03-04,ESG-GJR-GARCH(G),0.2408992871470781,2.3028756566654915,G,2013-01-29
XEC,XEC.W^E14,2013-03-04,ESG-GJR-GARCH(S),0.2403115452861568,2.291652333246849,S,2013-01-29
XEC,XEC.W^E14,2013-03-04,GARCH,0.2258369876654137,2.0239025792773115,,2013-01-29
XEC,XEC.W^E14,2013-03-04,GJR-GARCH,0.2367363877927154,2.223972908934244,,2013-01-29
XEC,XEC.W^E14,2013-03-05,EGARCH,0.2439863407729386,2.362275177927324,,2013-01-29
XEC,XEC.W^E14,2013-03-05,ESG-EGARCH,0.2531715025474478,2.54348451198938,all,2013-01-29
XEC,XEC.W^E14,2013-03-05,ESG-EGARCH(E),0.2529938929918158,2.53991705917279,E,2013-01-29
XEC,XEC.W^E14,2013-03-05,ESG-EGARCH(G),0.2557689281501328,2.595942246312215,G,2013-01-29
XEC,XEC.W^E14,2013-03-05,ESG-EGARCH(S),0.2550739533263619,2.581854034346788,S,2013-01-29
XEC,XEC.W^E14,2013-03-05,ESG-GARCH,0.2292573457648213,2.0856718486956694,all,2013-01-29
XEC,XEC.W^E14,2013-03-05,ESG-GARCH(E),0.2290553952574331,2.081998972084878,E,2013-01-29
XEC,XEC.W^E14,2013-03-05,ESG-GARCH(G),0.2317486643598154,2.1312477552602536,G,2013-01-29
XEC,XEC.W^E14,2013-03-05,ESG-GARCH(S),0.2310508277334604,2.1184319442983024,S,2013-01-29
XEC,XEC.W^E14,2013-03-05,ESG-GJR-GARCH,0.2379773152149805,2.247349307814692,all,2013-01-29
XEC,XEC.W^E14,2013-03-05,ESG-GJR-GARCH(E),0.2373770221009739,2.2360258183145336,E,2013-01-29
XEC,XEC.W^E14,2013-03-05,ESG-GJR-GARCH(G),0.2408992871470781,2.3028756566654915,G,2013-01-29
XEC,XEC.W^E14,2013-03-05,ESG-GJR-GARCH(S),0.2403115452861568,2.291652333246849,S,2013-01-29
XEC,XEC.W^E14,2013-03-05,GARCH,0.2258369876654137,2.0239025792773115,,2013-01-29
XEC,XEC.W^E14,2013-03-05,GJR-GARCH,0.2367363877927154,2.223972908934244,,2013-01-29
XEC,XEC.W^E14,2013-03-06,EGARCH,0.3048045685467834,3.686739087578998,,2013-03-06
XEC,XEC.W^E14,2013-03-06,ESG-EGARCH,0.3001721594260561,3.5755287815278427,all,2013-03-06
XEC,XEC.W^E14,2013-03-06,ESG-EGARCH(E),0.2998549374230096,3.567975535593534,E,2013-03-06
XEC,XEC.W^E14,2013-03-06,ESG-EGARCH(G),0.3019031288571474,3.616884889433943,G,2013-03-06
XEC,XEC.W^E14,2013-03-06,ESG-EGARCH(S),0.3013387781350525,3.603375365393906,S,2013-03-06
XEC,XEC.W^E14,2013-03-06,ESG-GARCH,0.2922162674817469,3.388505832577932,all,2013-03-06
XEC,XEC.W^E14,2013-03-06,ESG-GARCH(E),0.2917491853813619,3.3776820305828696,E,2013-03-06
XEC,XEC.W^E14,2013-03-06,ESG-GARCH(G),0.293702167206761,3.4230540881725484,G,2013-03-06
XEC,XEC.W^E14,2013-03-06,ESG-GARCH(S),0.2930869132790152,3.408727727596072,S,2013-03-06
XEC,XEC.W^E14,2013-03-06,ESG-GJR-GARCH,0.3259762823825951,4.216687963332436,all,2013-03-06
XEC,XEC.W^E14,2013-03-06,ESG-GJR-GARCH(E),0.3249053670561306,4.189027680233294,E,2013-03-06
XEC,XEC.W^E14,2013-03-06,ESG-GJR-GARCH(G),0.3278536032943102,4.2653962378199575,G,2013-03-06
XEC,XEC.W^E14,2013-03-06,ESG-GJR-GARCH(S),0.3270236207674765,4.243827323010725,S,2013-03-06
XEC,XEC.W^E14,2013-03-06,GARCH,0.2930457357993016,3.407769971037861,,2013-03-06
XEC,XEC.W^E14,2013-03-06,GJR-GARCH,0.3218169288223559,4.109767288756084,,2013-03-06
XEC,XEC.W^E14,2013-03-07,EGARCH,0.3048045685467834,3.686739087578998,,2013-03-06
XEC,XEC.W^E14,2013-03-07,ESG-EGARCH,0.3001721594260561,3.5755287815278427,all,2013-03-06
XEC,XEC.W^E14,2013-03-07,ESG-EGARCH(E),0.2998549374230096,3.567975535593534,E,2013-03-06
XEC,XEC.W^E14,2013-03-07,ESG-EGARCH(G),0.3019031288571474,3.616884889433943,G,2013-03-06
XEC,XEC.W^E14,2013-03-07,ESG-EGARCH(S),0.3013387781350525,3.603375365393906,S,2013-03-06
XEC,XEC.W^E14,2013-03-07,ESG-GARCH,0.2922162674817469,3.388505832577932,all,2013-03-06
XEC,XEC.W^E14,2013-03-07,ESG-GARCH(E),0.2917491853813619,3.3776820305828696,E,2013-03-06
XEC,XEC.W^E14,2013-03-07,ESG-GARCH(G),0.293702167206761,3.4230540881725484,G,2013-03-06
XEC,XEC.W^E14,2013-03-07,ESG-GARCH(S),0.2930869132790152,3.408727727596072,S,2013-03-06
XEC,XEC.W^E14,2013-03-07,ESG-GJR-GARCH,0.3259762823825951,4.216687963332436,all,2013-03-06
XEC,XEC.W^E14,2013-03-07,ESG-GJR-GARCH(E),0.3249053670561306,4.189027680233294,E,2013-03-06
XEC,XEC.W^E14,2013-03-07,ESG-GJR-GARCH(G),0.3278536032943102,4.2653962378199575,G,2013-03-06
XEC,XEC.W^E14,2013-03-07,ESG-GJR-GARCH(S),0.3270236207674765,4.243827323010725,S,2013-03-06
XEC,XEC.W^E14,2013-03-07,GARCH,0.2930457357993016,3.407769971037861,,2013-03-06
XEC,XEC.W^E14,2013-03-07,GJR-GARCH,0.3218169288223559,4.109767288756084,,2013-03-06
XEC,XEC.W^E14,2013-03-08,EGARCH,0.3048045685467834,3.686739087578998,,2013-03-06
XEC,XEC.W^E14,2013-03-08,ESG-EGARCH,0.3001721594260561,3.5755287815278427,all,2013-03-06
XEC,XEC.W^E14,2013-03-08,ESG-EGARCH(E),0.2998549374230096,3.567975535593534,E,2013-03-06
XEC,XEC.W^E14,2013-03-08,ESG-EGARCH(G),0.3019031288571474,3.616884889433943,G,2013-03-06
XEC,XEC.W^E14,2013-03-08,ESG-EGARCH(S),0.3013387781350525,3.603375365393906,S,2013-03-06
XEC,XEC.W^E14,2013-03-08,ESG-GARCH,0.2922162674817469,3.388505832577932,all,2013-03-06
XEC,XEC.W^E14,2013-03-08,ESG-GARCH(E),0.2917491853813619,3.3776820305828696,E,2013-03-06
XEC,XEC.W^E14,2013-03-08,ESG-GARCH(G),0.293702167206761,3.4230540881725484,G,2013-03-06
XEC,XEC.W^E14,2013-03-08,ESG-GARCH(S),0.2930869132790152,3.408727727596072,S,2013-03-06
XEC,XEC.W^E14,2013-03-08,ESG-GJR-GARCH,0.3259762823825951,4.216687963332436,all,2013-03-06
XEC,XEC.W^E14,2013-03-08,ESG-GJR-GARCH(E),0.3249053670561306,4.189027680233294,E,2013-03-06
XEC,XEC.W^E14,2013-03-08,ESG-GJR-GARCH(G),0.3278536032943102,4.2653962378199575,G,2013-03-06
XEC,XEC.W^E14,2013-03-08,ESG-GJR-GARCH(S),0.3270236207674765,4.243827323010725,S,2013-03-06
XEC,XEC.W^E14,2013-03-08,GARCH,0.2930457357993016,3.407769971037861,,2013-03-06
XEC,XEC.W^E14,2013-03-08,GJR-GARCH,0.3218169288223559,4.109767288756084,,2013-03-06
XEC,XEC.W^E14,2013-03-11,EGARCH,0.3048045685467834,3.686739087578998,,2013-03-06
XEC,XEC.W^E14,2013-03-11,ESG-EGARCH,0.3001721594260561,3.5755287815278427,all,2013-03-06
XEC,XEC.W^E14,2013-03-11,ESG-EGARCH(E),0.2998549374230096,3.567975535593534,E,2013-03-06
XEC,XEC.W^E14,2013-03-11,ESG-EGARCH(G),0.3019031288571474,3.616884889433943,G,2013-03-06
XEC,XEC.W^E14,2013-03-11,ESG-EGARCH(S),0.3013387781350525,3.603375365393906,S,2013-03-06
XEC,XEC.W^E14,2013-03-11,ESG-GARCH,0.2922162674817469,3.388505832577932,all,2013-03-06
XEC,XEC.W^E14,2013-03-11,ESG-GARCH(E),0.2917491853813619,3.3776820305828696,E,2013-03-06
XEC,XEC.W^E14,2013-03-11,ESG-GARCH(G),0.293702167206761,3.4230540881725484,G,2013-03-06
XEC,XEC.W^E14,2013-03-11,ESG-GARCH(S),0.2930869132790152,3.408727727596072,S,2013-03-06
XEC,XEC.W^E14,2013-03-11,ESG-GJR-GARCH,0.3259762823825951,4.216687963332436,all,2013-03-06
XEC,XEC.W^E14,2013-03-11,ESG-GJR-GARCH(E),0.3249053670561306,4.189027680233294,E,2013-03-06
XEC,XEC.W^E14,2013-03-11,ESG-GJR-GARCH(G),0.3278536032943102,4.2653962378199575,G,2013-03-06
XEC,XEC.W^E14,2013-03-11,ESG-GJR-GARCH(S),0.3270236207674765,4.243827323010725,S,2013-03-06
XEC,XEC.W^E14,2013-03-11,GARCH,0.2930457357993016,3.407769971037861,,2013-03-06
XEC,XEC.W^E14,2013-03-11,GJR-GARCH,0.3218169288223559,4.109767288756084,,2013-03-06
XEC,XEC.W^E14,2013-03-12,EGARCH,0.3048045685467834,3.686739087578998,,2013-03-06
XEC,XEC.W^E14,2013-03-12,ESG-EGARCH,0.3001721594260561,3.5755287815278427,all,2013-03-06
XEC,XEC.W^E14,2013-03-12,ESG-EGARCH(E),0.2998549374230096,3.567975535593534,E,2013-03-06
XEC,XEC.W^E14,2013-03-12,ESG-EGARCH(G),0.3019031288571474,3.616884889433943,G,2013-03-06
XEC,XEC.W^E14,2013-03-12,ESG-EGARCH(S),0.3013387781350525,3.603375365393906,S,2013-03-06
XEC,XEC.W^E14,2013-03-12,ESG-GARCH,0.2922162674817469,3.388505832577932,all,2013-03-06
XEC,XEC.W^E14,2013-03-12,ESG-GARCH(E),0.2917491853813619,3.3776820305828696,E,2013-03-06
XEC,XEC.W^E14,2013-03-12,ESG-GARCH(G),0.293702167206761,3.4230540881725484,G,2013-03-06
XEC,XEC.W^E14,2013-03-12,ESG-GARCH(S),0.2930869132790152,3.408727727596072,S,2013-03-06
XEC,XEC.W^E14,2013-03-12,ESG-GJR-GARCH,0.3259762823825951,4.216687963332436,all,2013-03-06
XEC,XEC.W^E14,2013-03-12,ESG-GJR-GARCH(E),0.3249053670561306,4.189027680233294,E,2013-03-06
XEC,XEC.W^E14,2013-03-12,ESG-GJR-GARCH(G),0.3278536032943102,4.2653962378199575,G,2013-03-06
XEC,XEC.W^E14,2013-03-12,ESG-GJR-GARCH(S),0.3270236207674765,4.243827323010725,S,2013-03-06
XEC,XEC.W^E14,2013-03-12,GARCH,0.2930457357993016,3.407769971037861,,2013-03-06
XEC,XEC.W^E14,2013-03-12,GJR-GARCH,0.3218169288223559,4.109767288756084,,2013-03-06
XEC,XEC.W^E14,2013-03-13,EGARCH,0.3048045685467834,3.686739087578998,,2013-03-06
XEC,XEC.W^E14,2013-03-13,ESG-EGARCH,0.3001721594260561,3.5755287815278427,all,2013-03-06
XEC,XEC.W^E14,2013-03-13,ESG-EGARCH(E),0.2998549374230096,3.567975535593534,E,2013-03-06
XEC,XEC.W^E14,2013-03-13,ESG-EGARCH(G),0.3019031288571474,3.616884889433943,G,2013-03-06
XEC,XEC.W^E14,2013-03-13,ESG-EGARCH(S),0.3013387781350525,3.603375365393906,S,2013-03-06
XEC,XEC.W^E14,2013-03-13,ESG-GARCH,0.2922162674817469,3.388505832577932,all,2013-03-06
XEC,XEC.W^E14,2013-03-13,ESG-GARCH(E),0.2917491853813619,3.3776820305828696,E,2013-03-06
XEC,XEC.W^E14,2013-03-13,ESG-GARCH(G),0.293702167206761,3.4230540881725484,G,2013-03-06
XEC,XEC.W^E14,2013-03-13,ESG-GARCH(S),0.2930869132790152,3.408727727596072,S,2013-03-06
XEC,XEC.W^E14,2013-03-13,ESG-GJR-GARCH,0.3259762823825951,4.216687963332436,all,2013-03-06
XEC,XEC.W^E14,2013-03-13,ESG-GJR-GARCH(E),0.3249053670561306,4.189027680233294,E,2013-03-06
XEC,XEC.W^E14,2013-03-13,ESG-GJR-GARCH(G),0.3278536032943102,4.2653962378199575,G,2013-03-06
XEC,XEC.W^E14,2013-03-13,ESG-GJR-GARCH(S),0.3270236207674765,4.243827323010725,S,2013-03-06
XEC,XEC.W^E14,2013-03-13,GARCH,0.2930457357993016,3.407769971037861,,2013-03-06
XEC,XEC.W^E14,2013-03-13,GJR-GARCH,0.3218169288223559,4.109767288756084,,2013-03-06
XEC,XEC.W^E14,2013-03-14,EGARCH,0.3048045685467834,3.686739087578998,,2013-03-06
XEC,XEC.W^E14,2013-03-14,ESG-EGARCH,0.3001721594260561,3.5755287815278427,all,2013-03-06
XEC,XEC.W^E14,2013-03-14,ESG-EGARCH(E),0.2998549374230096,3.567975535593534,E,2013-03-06
XEC,XEC.W^E14,2013-03-14,ESG-EGARCH(G),0.3019031288571474,3.616884889433943,G,2013-03-06
XEC,XEC.W^E14,2013-03-14,ESG-EGARCH(S),0.3013387781350525,3.603375365393906,S,2013-03-06
XEC,XEC.W^E14,2013-03-14,ESG-GARCH,0.2922162674817469,3.388505832577932,all,2013-03-06
XEC,XEC.W^E14,2013-03-14,ESG-GARCH(E),0.2917491853813619,3.3776820305828696,E,2013-03-06
XEC,XEC.W^E14,2013-03-14,ESG-GARCH(G),0.293702167206761,3.4230540881725484,G,2013-03-06
XEC,XEC.W^E14,2013-03-14,ESG-GARCH(S),0.2930869132790152,3.408727727596072,S,2013-03-06
XEC,XEC.W^E14,2013-03-14,ESG-GJR-GARCH,0.3259762823825951,4.216687963332436,all,2013-03-06
XEC,XEC.W^E14,2013-03-14,ESG-GJR-GARCH(E),0.3249053670561306,4.189027680233294,E,2013-03-06
XEC,XEC.W^E14,2013-03-14,ESG-GJR-GARCH(G),0.3278536032943102,4.2653962378199575,G,2013-03-06
XEC,XEC.W^E14,2013-03-14,ESG-GJR-GARCH(S),0.3270236207674765,4.243827323010725,S,2013-03-06
XEC,XEC.W^E14,2013-03-14,GARCH,0.2930457357993016,3.407769971037861,,2013-03-06
XEC,XEC.W^E14,2013-03-14,GJR-GARCH,0.3218169288223559,4.109767288756084,,2013-03-06
XEC,XEC.W^E14,2013-03-15,EGARCH,0.3048045685467834,3.686739087578998,,2013-03-06
XEC,XEC.W^E14,2013-03-15,ESG-EGARCH,0.3001721594260561,3.5755287815278427,all,2013-03-06
XEC,XEC.W^E14,2013-03-15,ESG-EGARCH(E),0.2998549374230096,3.567975535593534,E,2013-03-06
XEC,XEC.W^E14,2013-03-15,ESG-EGARCH(G),0.3019031288571474,3.616884889433943,G,2013-03-06
XEC,XEC.W^E14,2013-03-15,ESG-EGARCH(S),0.3013387781350525,3.603375365393906,S,2013-03-06
XEC,XEC.W^E14,2013-03-15,ESG-GARCH,0.2922162674817469,3.388505832577932,all,2013-03-06
XEC,XEC.W^E14,2013-03-15,ESG-GARCH(E),0.2917491853813619,3.3776820305828696,E,2013-03-06
XEC,XEC.W^E14,2013-03-15,ESG-GARCH(G),0.293702167206761,3.4230540881725484,G,2013-03-06
XEC,XEC.W^E14,2013-03-15,ESG-GARCH(S),0.2930869132790152,3.408727727596072,S,2013-03-06
XEC,XEC.W^E14,2013-03-15,ESG-GJR-GARCH,0.3259762823825951,4.216687963332436,all,2013-03-06
XEC,XEC.W^E14,2013-03-15,ESG-GJR-GARCH(E),0.3249053670561306,4.189027680233294,E,2013-03-06
XEC,XEC.W^E14,2013-03-15,ESG-GJR-GARCH(G),0.3278536032943102,4.2653962378199575,G,2013-03-06
XEC,XEC.W^E14,2013-03-15,ESG-GJR-GARCH(S),0.3270236207674765,4.243827323010725,S,2013-03-06
XEC,XEC.W^E14,2013-03-15,GARCH,0.2930457357993016,3.407769971037861,,2013-03-06
XEC,XEC.W^E14,2013-03-15,GJR-GARCH,0.3218169288223559,4.109767288756084,,2013-03-06
XEC,XEC.W^E14,2013-03-20,EGARCH,0.3048045685467834,3.686739087578998,,2013-03-06
XEC,XEC.W^E14,2013-03-20,ESG-EGARCH,0.3001721594260561,3.5755287815278427,all,2013-03-06
XEC,XEC.W^E14,2013-03-20,ESG-EGARCH(E),0.2998549374230096,3.567975535593534,E,2013-03-06
XEC,XEC.W^E14,2013-03-20,ESG-EGARCH(G),0.3019031288571474,3.616884889433943,G,2013-03-06
XEC,XEC.W^E14,2013-03-20,ESG-EGARCH(S),0.3013387781350525,3.603375365393906,S,2013-03-06
XEC,XEC.W^E14,2013-03-20,ESG-GARCH,0.2922162674817469,3.388505832577932,all,2013-03-06
XEC,XEC.W^E14,2013-03-20,ESG-GARCH(E),0.2917491853813619,3.3776820305828696,E,2013-03-06
XEC,XEC.W^E14,2013-03-20,ESG-GARCH(G),0.293702167206761,3.4230540881725484,G,2013-03-06
XEC,XEC.W^E14,2013-03-20,ESG-GARCH(S),0.2930869132790152,3.408727727596072,S,2013-03-06
XEC,XEC.W^E14,2013-03-20,ESG-GJR-GARCH,0.3259762823825951,4.216687963332436,all,2013-03-06
XEC,XEC.W^E14,2013-03-20,ESG-GJR-GARCH(E),0.3249053670561306,4.189027680233294,E,2013-03-06
XEC,XEC.W^E14,2013-03-20,ESG-GJR-GARCH(G),0.3278536032943102,4.2653962378199575,G,2013-03-06
XEC,XEC.W^E14,2013-03-20,ESG-GJR-GARCH(S),0.3270236207674765,4.243827323010725,S,2013-03-06
XEC,XEC.W^E14,2013-03-20,GARCH,0.2930457357993016,3.407769971037861,,2013-03-06
XEC,XEC.W^E14,2013-03-20,GJR-GARCH,0.3218169288223559,4.109767288756084,,2013-03-06
XEC,XEC.W^E14,2013-03-21,EGARCH,0.3048045685467834,3.686739087578998,,2013-03-06
XEC,XEC.W^E14,2013-03-21,ESG-EGARCH,0.3001721594260561,3.5755287815278427,all,2013-03-06
XEC,XEC.W^E14,2013-03-21,ESG-EGARCH(E),0.2998549374230096,3.567975535593534,E,2013-03-06
XEC,XEC.W^E14,2013-03-21,ESG-EGARCH(G),0.3019031288571474,3.616884889433943,G,2013-03-06
XEC,XEC.W^E14,2013-03-21,ESG-EGARCH(S),0.3013387781350525,3.603375365393906,S,2013-03-06
XEC,XEC.W^E14,2013-03-21,ESG-GARCH,0.2922162674817469,3.388505832577932,all,2013-03-06
XEC,XEC.W^E14,2013-03-21,ESG-GARCH(E),0.2917491853813619,3.3776820305828696,E,2013-03-06
XEC,XEC.W^E14,2013-03-21,ESG-GARCH(G),0.293702167206761,3.4230540881725484,G,2013-03-06
XEC,XEC.W^E14,2013-03-21,ESG-GARCH(S),0.2930869132790152,3.408727727596072,S,2013-03-06
XEC,XEC.W^E14,2013-03-21,ESG-GJR-GARCH,0.3259762823825951,4.216687963332436,all,2013-03-06
XEC,XEC.W^E14,2013-03-21,ESG-GJR-GARCH(E),0.3249053670561306,4.189027680233294,E,2013-03-06
XEC,XEC.W^E14,2013-03-21,ESG-GJR-GARCH(G),0.3278536032943102,4.2653962378199575,G,2013-03-06
XEC,XEC.W^E14,2013-03-21,ESG-GJR-GARCH(S),0.3270236207674765,4.243827323010725,S,2013-03-06
XEC,XEC.W^E14,2013-03-21,GARCH,0.2930457357993016,3.407769971037861,,2013-03-06
XEC,XEC.W^E14,2013-03-21,GJR-GARCH,0.3218169288223559,4.109767288756084,,2013-03-06
XEC,XEC.W^E14,2013-03-22,EGARCH,0.3048045685467834,3.686739087578998,,2013-03-06
XEC,XEC.W^E14,2013-03-22,ESG-EGARCH,0.3001721594260561,3.5755287815278427,all,2013-03-06
XEC,XEC.W^E14,2013-03-22,ESG-EGARCH(E),0.2998549374230096,3.567975535593534,E,2013-03-06
XEC,XEC.W^E14,2013-03-22,ESG-EGARCH(G),0.3019031288571474,3.616884889433943,G,2013-03-06
XEC,XEC.W^E14,2013-03-22,ESG-EGARCH(S),0.3013387781350525,3.603375365393906,S,2013-03-06
XEC,XEC.W^E14,2013-03-22,ESG-GARCH,0.2922162674817469,3.388505832577932,all,2013-03-06
XEC,XEC.W^E14,2013-03-22,ESG-GARCH(E),0.2917491853813619,3.3776820305828696,E,2013-03-06
XEC,XEC.W^E14,2013-03-22,ESG-GARCH(G),0.293702167206761,3.4230540881725484,G,2013-03-06
XEC,XEC.W^E14,2013-03-22,ESG-GARCH(S),0.2930869132790152,3.408727727596072,S,2013-03-06
XEC,XEC.W^E14,2013-03-22,ESG-GJR-GARCH,0.3259762823825951,4.216687963332436,all,2013-03-06
XEC,XEC.W^E14,2013-03-22,ESG-GJR-GARCH(E),0.3249053670561306,4.189027680233294,E,2013-03-06
XEC,XEC.W^E14,2013-03-22,ESG-GJR-GARCH(G),0.3278536032943102,4.2653962378199575,G,2013-03-06
XEC,XEC.W^E14,2013-03-22,ESG-GJR-GARCH(S),0.3270236207674765,4.243827323010725,S,2013-03-06
XEC,XEC.W^E14,2013-03-22,GARCH,0.2930457357993016,3.407769971037861,,2013-03-06
XEC,XEC.W^E14,2013-03-22,GJR-GARCH,0.3218169288223559,4.109767288756084,,2013-03-06
XEC,XEC.W^E14,2013-03-25,EGARCH,0.3048045685467834,3.686739087578998,,2013-03-06
XEC,XEC.W^E14,2013-03-25,ESG-EGARCH,0.3001721594260561,3.5755287815278427,all,2013-03-06
XEC,XEC.W^E14,2013-03-25,ESG-EGARCH(E),0.2998549374230096,3.567975535593534,E,2013-03-06
XEC,XEC.W^E14,2013-03-25,ESG-EGARCH(G),0.3019031288571474,3.616884889433943,G,2013-03-06
XEC,XEC.W^E14,2013-03-25,ESG-EGARCH(S),0.3013387781350525,3.603375365393906,S,2013-03-06
XEC,XEC.W^E14,2013-03-25,ESG-GARCH,0.2922162674817469,3.388505832577932,all,2013-03-06
XEC,XEC.W^E14,2013-03-25,ESG-GARCH(E),0.2917491853813619,3.3776820305828696,E,2013-03-06
XEC,XEC.W^E14,2013-03-25,ESG-GARCH(G),0.293702167206761,3.4230540881725484,G,2013-03-06
XEC,XEC.W^E14,2013-03-25,ESG-GARCH(S),0.2930869132790152,3.408727727596072,S,2013-03-06
XEC,XEC.W^E14,2013-03-25,ESG-GJR-GARCH,0.3259762823825951,4.216687963332436,all,2013-03-06
XEC,XEC.W^E14,2013-03-25,ESG-GJR-GARCH(E),0.3249053670561306,4.189027680233294,E,2013-03-06
XEC,XEC.W^E14,2013-03-25,ESG-GJR-GARCH(G),0.3278536032943102,4.2653962378199575,G,2013-03-06
XEC,XEC.W^E14,2013-03-25,ESG-GJR-GARCH(S),0.3270236207674765,4.243827323010725,S,2013-03-06
XEC,XEC.W^E14,2013-03-25,GARCH,0.2930457357993016,3.407769971037861,,2013-03-06
XEC,XEC.W^E14,2013-03-25,GJR-GARCH,0.3218169288223559,4.109767288756084,,2013-03-06
XEC,XEC.W^E14,2013-03-26,EGARCH,0.3048045685467834,3.686739087578998,,2013-03-06
XEC,XEC.W^E14,2013-03-26,ESG-EGARCH,0.3001721594260561,3.5755287815278427,all,2013-03-06
XEC,XEC.W^E14,2013-03-26,ESG-EGARCH(E),0.2998549374230096,3.567975535593534,E,2013-03-06
XEC,XEC.W^E14,2013-03-26,ESG-EGARCH(G),0.3019031288571474,3.616884889433943,G,2013-03-06
XEC,XEC.W^E14,2013-03-26,ESG-EGARCH(S),0.3013387781350525,3.603375365393906,S,2013-03-06
XEC,XEC.W^E14,2013-03-26,ESG-GARCH,0.2922162674817469,3.388505832577932,all,2013-03-06
XEC,XEC.W^E14,2013-03-26,ESG-GARCH(E),0.2917491853813619,3.3776820305828696,E,2013-03-06
XEC,XEC.W^E14,2013-03-26,ESG-GARCH(G),0.293702167206761,3.4230540881725484,G,2013-03-06
XEC,XEC.W^E14,2013-03-26,ESG-GARCH(S),0.2930869132790152,3.408727727596072,S,2013-03-06
XEC,XEC.W^E14,2013-03-26,ESG-GJR-GARCH,0.3259762823825951,4.216687963332436,all,2013-03-06
XEC,XEC.W^E14,2013-03-26,ESG-GJR-GARCH(E),0.3249053670561306,4.189027680233294,E,2013-03-06
XEC,XEC.W^E14,2013-03-26,ESG-GJR-GARCH(G),0.3278536032943102,4.2653962378199575,G,2013-03-06
XEC,XEC.W^E14,2013-03-26,ESG-GJR-GARCH(S),0.3270236207674765,4.243827323010725,S,2013-03-06
XEC,XEC.W^E14,2013-03-26,GARCH,0.2930457357993016,3.407769971037861,,2013-03-06
XEC,XEC.W^E14,2013-03-26,GJR-GARCH,0.3218169288223559,4.109767288756084,,2013-03-06
XEC,XEC.W^E14,2013-03-27,EGARCH,0.3048045685467834,3.686739087578998,,2013-03-06
XEC,XEC.W^E14,2013-03-27,ESG-EGARCH,0.3001721594260561,3.5755287815278427,all,2013-03-06
XEC,XEC.W^E14,2013-03-27,ESG-EGARCH(E),0.2998549374230096,3.567975535593534,E,2013-03-06
XEC,XEC.W^E14,2013-03-27,ESG-EGARCH(G),0.3019031288571474,3.616884889433943,G,2013-03-06
XEC,XEC.W^E14,2013-03-27,ESG-EGARCH(S),0.3013387781350525,3.603375365393906,S,2013-03-06
XEC,XEC.W^E14,2013-03-27,ESG-GARCH,0.2922162674817469,3.388505832577932,all,2013-03-06
XEC,XEC.W^E14,2013-03-27,ESG-GARCH(E),0.2917491853813619,3.3776820305828696,E,2013-03-06
XEC,XEC.W^E14,2013-03-27,ESG-GARCH(G),0.293702167206761,3.4230540881725484,G,2013-03-06
XEC,XEC.W^E14,2013-03-27,ESG-GARCH(S),0.2930869132790152,3.408727727596072,S,2013-03-06
XEC,XEC.W^E14,2013-03-27,ESG-GJR-GARCH,0.3259762823825951,4.216687963332436,all,2013-03-06
XEC,XEC.W^E14,2013-03-27,ESG-GJR-GARCH(E),0.3249053670561306,4.189027680233294,E,2013-03-06
XEC,XEC.W^E14,2013-03-27,ESG-GJR-GARCH(G),0.3278536032943102,4.2653962378199575,G,2013-03-06
XEC,XEC.W^E14,2013-03-27,ESG-GJR-GARCH(S),0.3270236207674765,4.243827323010725,S,2013-03-06
XEC,XEC.W^E14,2013-03-27,GARCH,0.2930457357993016,3.407769971037861,,2013-03-06
XEC,XEC.W^E14,2013-03-27,GJR-GARCH,0.3218169288223559,4.109767288756084,,2013-03-06
XEC,XEC.W^E14,2013-03-28,EGARCH,0.3048045685467834,3.686739087578998,,2013-03-06
XEC,XEC.W^E14,2013-03-28,ESG-EGARCH,0.3001721594260561,3.5755287815278427,all,2013-03-06
XEC,XEC.W^E14,2013-03-28,ESG-EGARCH(E),0.2998549374230096,3.567975535593534,E,2013-03-06
XEC,XEC.W^E14,2013-03-28,ESG-EGARCH(G),0.3019031288571474,3.616884889433943,G,2013-03-06
XEC,XEC.W^E14,2013-03-28,ESG-EGARCH(S),0.3013387781350525,3.603375365393906,S,2013-03-06
XEC,XEC.W^E14,2013-03-28,ESG-GARCH,0.2922162674817469,3.388505832577932,all,2013-03-06
XEC,XEC.W^E14,2013-03-28,ESG-GARCH(E),0.2917491853813619,3.3776820305828696,E,2013-03-06
XEC,XEC.W^E14,2013-03-28,ESG-GARCH(G),0.293702167206761,3.4230540881725484,G,2013-03-06
XEC,XEC.W^E14,2013-03-28,ESG-GARCH(S),0.2930869132790152,3.408727727596072,S,2013-03-06
XEC,XEC.W^E14,2013-03-28,ESG-GJR-GARCH,0.3259762823825951,4.216687963332436,all,2013-03-06
XEC,XEC.W^E14,2013-03-28,ESG-GJR-GARCH(E),0.3249053670561306,4.189027680233294,E,2013-03-06
XEC,XEC.W^E14,2013-03-28,ESG-GJR-GARCH(G),0.3278536032943102,4.2653962378199575,G,2013-03-06
XEC,XEC.W^E14,2013-03-28,ESG-GJR-GARCH(S),0.3270236207674765,4.243827323010725,S,2013-03-06
XEC,XEC.W^E14,2013-03-28,GARCH,0.2930457357993016,3.407769971037861,,2013-03-06
XEC,XEC.W^E14,2013-03-28,GJR-GARCH,0.3218169288223559,4.109767288756084,,2013-03-06
XEC,XEC.W^E14,2013-04-01,EGARCH,0.3048045685467834,3.686739087578998,,2013-03-06
XEC,XEC.W^E14,2013-04-01,ESG-EGARCH,0.3001721594260561,3.5755287815278427,all,2013-03-06
XEC,XEC.W^E14,2013-04-01,ESG-EGARCH(E),0.2998549374230096,3.567975535593534,E,2013-03-06
XEC,XEC.W^E14,2013-04-01,ESG-EGARCH(G),0.3019031288571474,3.616884889433943,G,2013-03-06
XEC,XEC.W^E14,2013-04-01,ESG-EGARCH(S),0.3013387781350525,3.603375365393906,S,2013-03-06
XEC,XEC.W^E14,2013-04-01,ESG-GARCH,0.2922162674817469,3.388505832577932,all,2013-03-06
XEC,XEC.W^E14,2013-04-01,ESG-GARCH(E),0.2917491853813619,3.3776820305828696,E,2013-03-06
XEC,XEC.W^E14,2013-04-01,ESG-GARCH(G),0.293702167206761,3.4230540881725484,G,2013-03-06
XEC,XEC.W^E14,2013-04-01,ESG-GARCH(S),0.2930869132790152,3.408727727596072,S,2013-03-06
XEC,XEC.W^E14,2013-04-01,ESG-GJR-GARCH,0.3259762823825951,4.216687963332436,all,2013-03-06
XEC,XEC.W^E14,2013-04-01,ESG-GJR-GARCH(E),0.3249053670561306,4.189027680233294,E,2013-03-06
XEC,XEC.W^E14,2013-04-01,ESG-GJR-GARCH(G),0.3278536032943102,4.2653962378199575,G,2013-03-06
XEC,XEC.W^E14,2013-04-01,ESG-GJR-GARCH(S),0.3270236207674765,4.243827323010725,S,2013-03-06
XEC,XEC.W^E14,2013-04-01,GARCH,0.2930457357993016,3.407769971037861,,2013-03-06
XEC,XEC.W^E14,2013-04-01,GJR-GARCH,0.3218169288223559,4.109767288756084,,2013-03-06
XEC,XEC.W^E14,2013-04-02,EGARCH,0.3048045685467834,3.686739087578998,,2013-03-06
XEC,XEC.W^E14,2013-04-02,ESG-EGARCH,0.3001721594260561,3.5755287815278427,all,2013-03-06
XEC,XEC.W^E14,2013-04-02,ESG-EGARCH(E),0.2998549374230096,3.567975535593534,E,2013-03-06
XEC,XEC.W^E14,2013-04-02,ESG-EGARCH(G),0.3019031288571474,3.616884889433943,G,2013-03-06
XEC,XEC.W^E14,2013-04-02,ESG-EGARCH(S),0.3013387781350525,3.603375365393906,S,2013-03-06
XEC,XEC.W^E14,2013-04-02,ESG-GARCH,0.2922162674817469,3.388505832577932,all,2013-03-06
XEC,XEC.W^E14,2013-04-02,ESG-GARCH(E),0.2917491853813619,3.3776820305828696,E,2013-03-06
XEC,XEC.W^E14,2013-04-02,ESG-GARCH(G),0.293702167206761,3.4230540881725484,G,2013-03-06
XEC,XEC.W^E14,2013-04-02,ESG-GARCH(S),0.2930869132790152,3.408727727596072,S,2013-03-06
XEC,XEC.W^E14,2013-04-02,ESG-GJR-GARCH,0.3259762823825951,4.216687963332436,all,2013-03-06
XEC,XEC.W^E14,2013-04-02,ESG-GJR-GARCH(E),0.3249053670561306,4.189027680233294,E,2013-03-06
XEC,XEC.W^E14,2013-04-02,ESG-GJR-GARCH(G),0.3278536032943102,4.2653962378199575,G,2013-03-06
XEC,XEC.W^E14,2013-04-02,ESG-GJR-GARCH(S),0.3270236207674765,4.243827323010725,S,2013-03-06
XEC,XEC.W^E14,2013-04-02,GARCH,0.2930457357993016,3.407769971037861,,2013-03-06
XEC,XEC.W^E14,2013-04-02,GJR-GARCH,0.3218169288223559,4.109767288756084,,2013-03-06
XEC,XEC.W^E14,2013-04-03,EGARCH,0.3048045685467834,3.686739087578998,,2013-03-06
XEC,XEC.W^E14,2013-04-03,ESG-EGARCH,0.3001721594260561,3.5755287815278427,all,2013-03-06
XEC,XEC.W^E14,2013-04-03,ESG-EGARCH(E),0.2998549374230096,3.567975535593534,E,2013-03-06
XEC,XEC.W^E14,2013-04-03,ESG-EGARCH(G),0.3019031288571474,3.616884889433943,G,2013-03-06
XEC,XEC.W^E14,2013-04-03,ESG-EGARCH(S),0.3013387781350525,3.603375365393906,S,2013-03-06
XEC,XEC.W^E14,2013-04-03,ESG-GARCH,0.2922162674817469,3.388505832577932,all,2013-03-06
XEC,XEC.W^E14,2013-04-03,ESG-GARCH(E),0.2917491853813619,3.3776820305828696,E,2013-03-06
XEC,XEC.W^E14,2013-04-03,ESG-GARCH(G),0.293702167206761,3.4230540881725484,G,2013-03-06
XEC,XEC.W^E14,2013-04-03,ESG-GARCH(S),0.2930869132790152,3.408727727596072,S,2013-03-06
XEC,XEC.W^E14,2013-04-03,ESG-GJR-GARCH,0.3259762823825951,4.216687963332436,all,2013-03-06
XEC,XEC.W^E14,2013-04-03,ESG-GJR-GARCH(E),0.3249053670561306,4.189027680233294,E,2013-03-06
XEC,XEC.W^E14,2013-04-03,ESG-GJR-GARCH(G),0.3278536032943102,4.2653962378199575,G,2013-03-06
XEC,XEC.W^E14,2013-04-03,ESG-GJR-GARCH(S),0.3270236207674765,4.243827323010725,S,2013-03-06
XEC,XEC.W^E14,2013-04-03,GARCH,0.2930457357993016,3.407769971037861,,2013-03-06
XEC,XEC.W^E14,2013-04-03,GJR-GARCH,0.3218169288223559,4.109767288756084,,2013-03-06
XEC,XEC.W^E14,2013-04-04,EGARCH,0.3048045685467834,3.686739087578998,,2013-03-06
XEC,XEC.W^E14,2013-04-04,ESG-EGARCH,0.3001721594260561,3.5755287815278427,all,2013-03-06
XEC,XEC.W^E14,2013-04-04,ESG-EGARCH(E),0.2998549374230096,3.567975535593534,E,2013-03-06
XEC,XEC.W^E14,2013-04-04,ESG-EGARCH(G),0.3019031288571474,3.616884889433943,G,2013-03-06
XEC,XEC.W^E14,2013-04-04,ESG-EGARCH(S),0.3013387781350525,3.603375365393906,S,2013-03-06
XEC,XEC.W^E14,2013-04-04,ESG-GARCH,0.2922162674817469,3.388505832577932,all,2013-03-06
XEC,XEC.W^E14,2013-04-04,ESG-GARCH(E),0.2917491853813619,3.3776820305828696,E,2013-03-06
XEC,XEC.W^E14,2013-04-04,ESG-GARCH(G),0.293702167206761,3.4230540881725484,G,2013-03-06
XEC,XEC.W^E14,2013-04-04,ESG-GARCH(S),0.2930869132790152,3.408727727596072,S,2013-03-06
XEC,XEC.W^E14,2013-04-04,ESG-GJR-GARCH,0.3259762823825951,4.216687963332436,all,2013-03-06
XEC,XEC.W^E14,2013-04-04,ESG-GJR-GARCH(E),0.3249053670561306,4.189027680233294,E,2013-03-06
XEC,XEC.W^E14,2013-04-04,ESG-GJR-GARCH(G),0.3278536032943102,4.2653962378199575,G,2013-03-06
XEC,XEC.W^E14,2013-04-04,ESG-GJR-GARCH(S),0.3270236207674765,4.243827323010725,S,2013-03-06
XEC,XEC.W^E14,2013-04-04,GARCH,0.2930457357993016,3.407769971037861,,2013-03-06
XEC,XEC.W^E14,2013-04-04,GJR-GARCH,0.3218169288223559,4.109767288756084,,2013-03-06
XEC,XEC.W^E14,2013-04-05,EGARCH,0.3048045685467834,3.686739087578998,,2013-03-06
XEC,XEC.W^E14,2013-04-05,ESG-EGARCH,0.3001721594260561,3.5755287815278427,all,2013-03-06
XEC,XEC.W^E14,2013-04-05,ESG-EGARCH(E),0.2998549374230096,3.567975535593534,E,2013-03-06
XEC,XEC.W^E14,2013-04-05,ESG-EGARCH(G),0.3019031288571474,3.616884889433943,G,2013-03-06
XEC,XEC.W^E14,2013-04-05,ESG-EGARCH(S),0.3013387781350525,3.603375365393906,S,2013-03-06
XEC,XEC.W^E14,2013-04-05,ESG-GARCH,0.2922162674817469,3.388505832577932,all,2013-03-06
XEC,XEC.W^E14,2013-04-05,ESG-GARCH(E),0.2917491853813619,3.3776820305828696,E,2013-03-06
XEC,XEC.W^E14,2013-04-05,ESG-GARCH(G),0.293702167206761,3.4230540881725484,G,2013-03-06
XEC,XEC.W^E14,2013-04-05,ESG-GARCH(S),0.2930869132790152,3.408727727596072,S,2013-03-06
XEC,XEC.W^E14,2013-04-05,ESG-GJR-GARCH,0.3259762823825951,4.216687963332436,all,2013-03-06
XEC,XEC.W^E14,2013-04-05,ESG-GJR-GARCH(E),0.3249053670561306,4.189027680233294,E,2013-03-06
XEC,XEC.W^E14,2013-04-05,ESG-GJR-GARCH(G),0.3278536032943102,4.2653962378199575,G,2013-03-06
XEC,XEC.W^E14,2013-04-05,ESG-GJR-GARCH(S),0.3270236207674765,4.243827323010725,S,2013-03-06
XEC,XEC.W^E14,2013-04-05,GARCH,0.2930457357993016,3.407769971037861,,2013-03-06
XEC,XEC.W^E14,2013-04-05,GJR-GARCH,0.3218169288223559,4.109767288756084,,2013-03-06
XEC,XEC.W^E14,2013-04-08,EGARCH,0.3048045685467834,3.686739087578998,,2013-03-06
XEC,XEC.W^E14,2013-04-08,ESG-EGARCH,0.3001721594260561,3.5755287815278427,all,2013-03-06
XEC,XEC.W^E14,2013-04-08,ESG-EGARCH(E),0.2998549374230096,3.567975535593534,E,2013-03-06
XEC,XEC.W^E14,2013-04-08,ESG-EGARCH(G),0.3019031288571474,3.616884889433943,G,2013-03-06
XEC,XEC.W^E14,2013-04-08,ESG-EGARCH(S),0.3013387781350525,3.603375365393906,S,2013-03-06
XEC,XEC.W^E14,2013-04-08,ESG-GARCH,0.2922162674817469,3.388505832577932,all,2013-03-06
XEC,XEC.W^E14,2013-04-08,ESG-GARCH(E),0.2917491853813619,3.3776820305828696,E,2013-03-06
XEC,XEC.W^E14,2013-04-08,ESG-GARCH(G),0.293702167206761,3.4230540881725484,G,2013-03-06
XEC,XEC.W^E14,2013-04-08,ESG-GARCH(S),0.2930869132790152,3.408727727596072,S,2013-03-06
XEC,XEC.W^E14,2013-04-08,ESG-GJR-GARCH,0.3259762823825951,4.216687963332436,all,2013-03-06
XEC,XEC.W^E14,2013-04-08,ESG-GJR-GARCH(E),0.3249053670561306,4.189027680233294,E,2013-03-06
XEC,XEC.W^E14,2013-04-08,ESG-GJR-GARCH(G),0.3278536032943102,4.2653962378199575,G,2013-03-06
XEC,XEC.W^E14,2013-04-08,ESG-GJR-GARCH(S),0.3270236207674765,4.243827323010725,S,2013-03-06
XEC,XEC.W^E14,2013-04-08,GARCH,0.2930457357993016,3.407769971037861,,2013-03-06
XEC,XEC.W^E14,2013-04-08,GJR-GARCH,0.3218169288223559,4.109767288756084,,2013-03-06
XEC,XEC.W^E14,2013-04-09,EGARCH,0.3048045685467834,3.686739087578998,,2013-03-06
XEC,XEC.W^E14,2013-04-09,ESG-EGARCH,0.3001721594260561,3.5755287815278427,all,2013-03-06
XEC,XEC.W^E14,2013-04-09,ESG-EGARCH(E),0.2998549374230096,3.567975535593534,E,2013-03-06
XEC,XEC.W^E14,2013-04-09,ESG-EGARCH(G),0.3019031288571474,3.616884889433943,G,2013-03-06
XEC,XEC.W^E14,2013-04-09,ESG-EGARCH(S),0.3013387781350525,3.603375365393906,S,2013-03-06
XEC,XEC.W^E14,2013-04-09,ESG-GARCH,0.2922162674817469,3.388505832577932,all,2013-03-06
XEC,XEC.W^E14,2013-04-09,ESG-GARCH(E),0.2917491853813619,3.3776820305828696,E,2013-03-06
XEC,XEC.W^E14,2013-04-09,ESG-GARCH(G),0.293702167206761,3.4230540881725484,G,2013-03-06
XEC,XEC.W^E14,2013-04-09,ESG-GARCH(S),0.2930869132790152,3.408727727596072,S,2013-03-06
XEC,XEC.W^E14,2013-04-09,ESG-GJR-GARCH,0.3259762823825951,4.216687963332436,all,2013-03-06
XEC,XEC.W^E14,2013-04-09,ESG-GJR-GARCH(E),0.3249053670561306,4.189027680233294,E,2013-03-06
XEC,XEC.W^E14,2013-04-09,ESG-GJR-GARCH(G),0.3278536032943102,4.2653962378199575,G,2013-03-06
XEC,XEC.W^E14,2013-04-09,ESG-GJR-GARCH(S),0.3270236207674765,4.243827323010725,S,2013-03-06
XEC,XEC.W^E14,2013-04-09,GARCH,0.2930457357993016,3.407769971037861,,2013-03-06
XEC,XEC.W^E14,2013-04-09,GJR-GARCH,0.3218169288223559,4.109767288756084,,2013-03-06
XEC,XEC.W^E14,2013-04-10,EGARCH,0.3442205688391656,4.701896825871379,,2013-04-10
XEC,XEC.W^E14,2013-04-10,ESG-EGARCH,0.3477245516838634,4.79810967633904,all,2013-04-10
XEC,XEC.W^E14,2013-04-10,ESG-EGARCH(E),0.3473028566291892,4.786479135825206,E,2013-04-10
XEC,XEC.W^E14,2013-04-10,ESG-EGARCH(G),0.3490686435714384,4.8352745208255525,G,2013-04-10
XEC,XEC.W^E14,2013-04-10,ESG-EGARCH(S),0.3484631466055105,4.818514465960853,S,2013-04-10
XEC,XEC.W^E14,2013-04-10,ESG-GARCH,0.3336525131355753,4.417619028638304,all,2013-04-10
XEC,XEC.W^E14,2013-04-10,ESG-GARCH(E),0.3331364689622874,4.403964561613534,E,2013-04-10
XEC,XEC.W^E14,2013-04-10,ESG-GARCH(G),0.334808396579729,4.448280254773378,G,2013-04-10
XEC,XEC.W^E14,2013-04-10,ESG-GARCH(S),0.3341775995156134,4.431534445159433,S,2013-04-10
XEC,XEC.W^E14,2013-04-10,ESG-GJR-GARCH,0.3391009893913616,4.563074643103186,all,2013-04-10
XEC,XEC.W^E14,2013-04-10,ESG-GJR-GARCH(E),0.3383792500460245,4.543671304036108,E,2013-04-10
XEC,XEC.W^E14,2013-04-10,ESG-GJR-GARCH(G),0.3411325344529132,4.617912938978891,G,2013-04-10
XEC,XEC.W^E14,2013-04-10,ESG-GJR-GARCH(S),0.3402972515243079,4.595326166468179,S,2013-04-10
XEC,XEC.W^E14,2013-04-10,GARCH,0.3293162752218508,4.303540044682293,,2013-04-10
XEC,XEC.W^E14,2013-04-10,GJR-GARCH,0.3345129012139957,4.44043178883351,,2013-04-10
XEC,XEC.W^E14,2013-04-11,EGARCH,0.3442205688391656,4.701896825871379,,2013-04-10
XEC,XEC.W^E14,2013-04-11,ESG-EGARCH,0.3477245516838634,4.79810967633904,all,2013-04-10
XEC,XEC.W^E14,2013-04-11,ESG-EGARCH(E),0.3473028566291892,4.786479135825206,E,2013-04-10
XEC,XEC.W^E14,2013-04-11,ESG-EGARCH(G),0.3490686435714384,4.8352745208255525,G,2013-04-10
XEC,XEC.W^E14,2013-04-11,ESG-EGARCH(S),0.3484631466055105,4.818514465960853,S,2013-04-10
XEC,XEC.W^E14,2013-04-11,ESG-GARCH,0.3336525131355753,4.417619028638304,all,2013-04-10
XEC,XEC.W^E14,2013-04-11,ESG-GARCH(E),0.3331364689622874,4.403964561613534,E,2013-04-10
XEC,XEC.W^E14,2013-04-11,ESG-GARCH(G),0.334808396579729,4.448280254773378,G,2013-04-10
XEC,XEC.W^E14,2013-04-11,ESG-GARCH(S),0.3341775995156134,4.431534445159433,S,2013-04-10
XEC,XEC.W^E14,2013-04-11,ESG-GJR-GARCH,0.3391009893913616,4.563074643103186,all,2013-04-10
XEC,XEC.W^E14,2013-04-11,ESG-GJR-GARCH(E),0.3383792500460245,4.543671304036108,E,2013-04-10
XEC,XEC.W^E14,2013-04-11,ESG-GJR-GARCH(G),0.3411325344529132,4.617912938978891,G,2013-04-10
XEC,XEC.W^E14,2013-04-11,ESG-GJR-GARCH(S),0.3402972515243079,4.595326166468179,S,2013-04-10
XEC,XEC.W^E14,2013-04-11,GARCH,0.3293162752218508,4.303540044682293,,2013-04-10
XEC,XEC.W^E14,2013-04-11,GJR-GARCH,0.3345129012139957,4.44043178883351,,2013-04-10
XEC,XEC.W^E14,2013-04-12,EGARCH,0.3442205688391656,4.701896825871379,,2013-04-10
XEC,XEC.W^E14,2013-04-12,ESG-EGARCH,0.3477245516838634,4.79810967633904,all,2013-04-10
XEC,XEC.W^E14,2013-04-12,ESG-EGARCH(E),0.3473028566291892,4.786479135825206,E,2013-04-10
XEC,XEC.W^E14,2013-04-12,ESG-EGARCH(G),0.3490686435714384,4.8352745208255525,G,2013-04-10
XEC,XEC.W^E14,2013-04-12,ESG-EGARCH(S),0.3484631466055105,4.818514465960853,S,2013-04-10
XEC,XEC.W^E14,2013-04-12,ESG-GARCH,0.3336525131355753,4.417619028638304,all,2013-04-10
XEC,XEC.W^E14,2013-04-12,ESG-GARCH(E),0.3331364689622874,4.403964561613534,E,2013-04-10
XEC,XEC.W^E14,2013-04-12,ESG-GARCH(G),0.334808396579729,4.448280254773378,G,2013-04-10
XEC,XEC.W^E14,2013-04-12,ESG-GARCH(S),0.3341775995156134,4.431534445159433,S,2013-04-10
XEC,XEC.W^E14,2013-04-12,ESG-GJR-GARCH,0.3391009893913616,4.563074643103186,all,2013-04-10
XEC,XEC.W^E14,2013-04-12,ESG-GJR-GARCH(E),0.3383792500460245,4.543671304036108,E,2013-04-10
XEC,XEC.W^E14,2013-04-12,ESG-GJR-GARCH(G),0.3411325344529132,4.617912938978891,G,2013-04-10
XEC,XEC.W^E14,2013-04-12,ESG-GJR-GARCH(S),0.3402972515243079,4.595326166468179,S,2013-04-10
XEC,XEC.W^E14,2013-04-12,GARCH,0.3293162752218508,4.303540044682293,,2013-04-10
XEC,XEC.W^E14,2013-04-12,GJR-GARCH,0.3345129012139957,4.44043178883351,,2013-04-10
XEC,XEC.W^E14,2013-04-15,EGARCH,0.3442205688391656,4.701896825871379,,2013-04-10
XEC,XEC.W^E14,2013-04-15,ESG-EGARCH,0.3477245516838634,4.79810967633904,all,2013-04-10
XEC,XEC.W^E14,2013-04-15,ESG-EGARCH(E),0.3473028566291892,4.786479135825206,E,2013-04-10
XEC,XEC.W^E14,2013-04-15,ESG-EGARCH(G),0.3490686435714384,4.8352745208255525,G,2013-04-10
XEC,XEC.W^E14,2013-04-15,ESG-EGARCH(S),0.3484631466055105,4.818514465960853,S,2013-04-10
XEC,XEC.W^E14,2013-04-15,ESG-GARCH,0.3336525131355753,4.417619028638304,all,2013-04-10
XEC,XEC.W^E14,2013-04-15,ESG-GARCH(E),0.3331364689622874,4.403964561613534,E,2013-04-10
XEC,XEC.W^E14,2013-04-15,ESG-GARCH(G),0.334808396579729,4.448280254773378,G,2013-04-10
XEC,XEC.W^E14,2013-04-15,ESG-GARCH(S),0.3341775995156134,4.431534445159433,S,2013-04-10
XEC,XEC.W^E14,2013-04-15,ESG-GJR-GARCH,0.3391009893913616,4.563074643103186,all,2013-04-10
XEC,XEC.W^E14,2013-04-15,ESG-GJR-GARCH(E),0.3383792500460245,4.543671304036108,E,2013-04-10
XEC,XEC.W^E14,2013-04-15,ESG-GJR-GARCH(G),0.3411325344529132,4.617912938978891,G,2013-04-10
XEC,XEC.W^E14,2013-04-15,ESG-GJR-GARCH(S),0.3402972515243079,4.595326166468179,S,2013-04-10
XEC,XEC.W^E14,2013-04-15,GARCH,0.3293162752218508,4.303540044682293,,2013-04-10
XEC,XEC.W^E14,2013-04-15,GJR-GARCH,0.3345129012139957,4.44043178883351,,2013-04-10
XEC,XEC.W^E14,2013-04-16,EGARCH,0.3442205688391656,4.701896825871379,,2013-04-10
XEC,XEC.W^E14,2013-04-16,ESG-EGARCH,0.3477245516838634,4.79810967633904,all,2013-04-10
XEC,XEC.W^E14,2013-04-16,ESG-EGARCH(E),0.3473028566291892,4.786479135825206,E,2013-04-10
XEC,XEC.W^E14,2013-04-16,ESG-EGARCH(G),0.3490686435714384,4.8352745208255525,G,2013-04-10
XEC,XEC.W^E14,2013-04-16,ESG-EGARCH(S),0.3484631466055105,4.818514465960853,S,2013-04-10
XEC,XEC.W^E14,2013-04-16,ESG-GARCH,0.3336525131355753,4.417619028638304,all,2013-04-10
XEC,XEC.W^E14,2013-04-16,ESG-GARCH(E),0.3331364689622874,4.403964561613534,E,2013-04-10
XEC,XEC.W^E14,2013-04-16,ESG-GARCH(G),0.334808396579729,4.448280254773378,G,2013-04-10
XEC,XEC.W^E14,2013-04-16,ESG-GARCH(S),0.3341775995156134,4.431534445159433,S,2013-04-10
XEC,XEC.W^E14,2013-04-16,ESG-GJR-GARCH,0.3391009893913616,4.563074643103186,all,2013-04-10
XEC,XEC.W^E14,2013-04-16,ESG-GJR-GARCH(E),0.3383792500460245,4.543671304036108,E,2013-04-10
XEC,XEC.W^E14,2013-04-16,ESG-GJR-GARCH(G),0.3411325344529132,4.617912938978891,G,2013-04-10
XEC,XEC.W^E14,2013-04-16,ESG-GJR-GARCH(S),0.3402972515243079,4.595326166468179,S,2013-04-10
XEC,XEC.W^E14,2013-04-16,GARCH,0.3293162752218508,4.303540044682293,,2013-04-10
XEC,XEC.W^E14,2013-04-16,GJR-GARCH,0.3345129012139957,4.44043178883351,,2013-04-10
XEC,XEC.W^E14,2013-04-17,EGARCH,0.3442205688391656,4.701896825871379,,2013-04-10
XEC,XEC.W^E14,2013-04-17,ESG-EGARCH,0.3477245516838634,4.79810967633904,all,2013-04-10
XEC,XEC.W^E14,2013-04-17,ESG-EGARCH(E),0.3473028566291892,4.786479135825206,E,2013-04-10
XEC,XEC.W^E14,2013-04-17,ESG-EGARCH(G),0.3490686435714384,4.8352745208255525,G,2013-04-10
XEC,XEC.W^E14,2013-04-17,ESG-EGARCH(S),0.3484631466055105,4.818514465960853,S,2013-04-10
XEC,XEC.W^E14,2013-04-17,ESG-GARCH,0.3336525131355753,4.417619028638304,all,2013-04-10
XEC,XEC.W^E14,2013-04-17,ESG-GARCH(E),0.3331364689622874,4.403964561613534,E,2013-04-10
XEC,XEC.W^E14,2013-04-17,ESG-GARCH(G),0.334808396579729,4.448280254773378,G,2013-04-10
XEC,XEC.W^E14,2013-04-17,ESG-GARCH(S),0.3341775995156134,4.431534445159433,S,2013-04-10
XEC,XEC.W^E14,2013-04-17,ESG-GJR-GARCH,0.3391009893913616,4.563074643103186,all,2013-04-10
XEC,XEC.W^E14,2013-04-17,ESG-GJR-GARCH(E),0.3383792500460245,4.543671304036108,E,2013-04-10
XEC,XEC.W^E14,2013-04-17,ESG-GJR-GARCH(G),0.3411325344529132,4.617912938978891,G,2013-04-10
XEC,XEC.W^E14,2013-04-17,ESG-GJR-GARCH(S),0.3402972515243079,4.595326166468179,S,2013-04-10
XEC,XEC.W^E14,2013-04-17,GARCH,0.3293162752218508,4.303540044682293,,2013-04-10
XEC,XEC.W^E14,2013-04-17,GJR-GARCH,0.3345129012139957,4.44043178883351,,2013-04-10
XEC,XEC.W^E14,2013-04-18,EGARCH,0.3442205688391656,4.701896825871379,,2013-04-10
XEC,XEC.W^E14,2013-04-18,ESG-EGARCH,0.3477245516838634,4.79810967633904,all,2013-04-10
XEC,XEC.W^E14,2013-04-18,ESG-EGARCH(E),0.3473028566291892,4.786479135825206,E,2013-04-10
XEC,XEC.W^E14,2013-04-18,ESG-EGARCH(G),0.3490686435714384,4.8352745208255525,G,2013-04-10
XEC,XEC.W^E14,2013-04-18,ESG-EGARCH(S),0.3484631466055105,4.818514465960853,S,2013-04-10
XEC,XEC.W^E14,2013-04-18,ESG-GARCH,0.3336525131355753,4.417619028638304,all,2013-04-10
XEC,XEC.W^E14,2013-04-18,ESG-GARCH(E),0.3331364689622874,4.403964561613534,E,2013-04-10
XEC,XEC.W^E14,2013-04-18,ESG-GARCH(G),0.334808396579729,4.448280254773378,G,2013-04-10
XEC,XEC.W^E14,2013-04-18,ESG-GARCH(S),0.3341775995156134,4.431534445159433,S,2013-04-10
XEC,XEC.W^E14,2013-04-18,ESG-GJR-GARCH,0.3391009893913616,4.563074643103186,all,2013-04-10
XEC,XEC.W^E14,2013-04-18,ESG-GJR-GARCH(E),0.3383792500460245,4.543671304036108,E,2013-04-10
XEC,XEC.W^E14,2013-04-18,ESG-GJR-GARCH(G),0.3411325344529132,4.617912938978891,G,2013-04-10
XEC,XEC.W^E14,2013-04-18,ESG-GJR-GARCH(S),0.3402972515243079,4.595326166468179,S,2013-04-10
XEC,XEC.W^E14,2013-04-18,GARCH,0.3293162752218508,4.303540044682293,,2013-04-10
XEC,XEC.W^E14,2013-04-18,GJR-GARCH,0.3345129012139957,4.44043178883351,,2013-04-10
XEC,XEC.W^E14,2013-04-19,EGARCH,0.3442205688391656,4.701896825871379,,2013-04-10
XEC,XEC.W^E14,2013-04-19,ESG-EGARCH,0.3477245516838634,4.79810967633904,all,2013-04-10
XEC,XEC.W^E14,2013-04-19,ESG-EGARCH(E),0.3473028566291892,4.786479135825206,E,2013-04-10
XEC,XEC.W^E14,2013-04-19,ESG-EGARCH(G),0.3490686435714384,4.8352745208255525,G,2013-04-10
XEC,XEC.W^E14,2013-04-19,ESG-EGARCH(S),0.3484631466055105,4.818514465960853,S,2013-04-10
XEC,XEC.W^E14,2013-04-19,ESG-GARCH,0.3336525131355753,4.417619028638304,all,2013-04-10
XEC,XEC.W^E14,2013-04-19,ESG-GARCH(E),0.3331364689622874,4.403964561613534,E,2013-04-10
XEC,XEC.W^E14,2013-04-19,ESG-GARCH(G),0.334808396579729,4.448280254773378,G,2013-04-10
XEC,XEC.W^E14,2013-04-19,ESG-GARCH(S),0.3341775995156134,4.431534445159433,S,2013-04-10
XEC,XEC.W^E14,2013-04-19,ESG-GJR-GARCH,0.3391009893913616,4.563074643103186,all,2013-04-10
XEC,XEC.W^E14,2013-04-19,ESG-GJR-GARCH(E),0.3383792500460245,4.543671304036108,E,2013-04-10
XEC,XEC.W^E14,2013-04-19,ESG-GJR-GARCH(G),0.3411325344529132,4.617912938978891,G,2013-04-10
XEC,XEC.W^E14,2013-04-19,ESG-GJR-GARCH(S),0.3402972515243079,4.595326166468179,S,2013-04-10
XEC,XEC.W^E14,2013-04-19,GARCH,0.3293162752218508,4.303540044682293,,2013-04-10
XEC,XEC.W^E14,2013-04-19,GJR-GARCH,0.3345129012139957,4.44043178883351,,2013-04-10
XEC,XEC.W^E14,2013-04-22,EGARCH,0.3442205688391656,4.701896825871379,,2013-04-10
XEC,XEC.W^E14,2013-04-22,ESG-EGARCH,0.3477245516838634,4.79810967633904,all,2013-04-10
XEC,XEC.W^E14,2013-04-22,ESG-EGARCH(E),0.3473028566291892,4.786479135825206,E,2013-04-10
XEC,XEC.W^E14,2013-04-22,ESG-EGARCH(G),0.3490686435714384,4.8352745208255525,G,2013-04-10
XEC,XEC.W^E14,2013-04-22,ESG-EGARCH(S),0.3484631466055105,4.818514465960853,S,2013-04-10
XEC,XEC.W^E14,2013-04-22,ESG-GARCH,0.3336525131355753,4.417619028638304,all,2013-04-10
XEC,XEC.W^E14,2013-04-22,ESG-GARCH(E),0.3331364689622874,4.403964561613534,E,2013-04-10
XEC,XEC.W^E14,2013-04-22,ESG-GARCH(G),0.334808396579729,4.448280254773378,G,2013-04-10
XEC,XEC.W^E14,2013-04-22,ESG-GARCH(S),0.3341775995156134,4.431534445159433,S,2013-04-10
XEC,XEC.W^E14,2013-04-22,ESG-GJR-GARCH,0.3391009893913616,4.563074643103186,all,2013-04-10
XEC,XEC.W^E14,2013-04-22,ESG-GJR-GARCH(E),0.3383792500460245,4.543671304036108,E,2013-04-10
XEC,XEC.W^E14,2013-04-22,ESG-GJR-GARCH(G),0.3411325344529132,4.617912938978891,G,2013-04-10
XEC,XEC.W^E14,2013-04-22,ESG-GJR-GARCH(S),0.3402972515243079,4.595326166468179,S,2013-04-10
XEC,XEC.W^E14,2013-04-22,GARCH,0.3293162752218508,4.303540044682293,,2013-04-10
XEC,XEC.W^E14,2013-04-22,GJR-GARCH,0.3345129012139957,4.44043178883351,,2013-04-10
XEC,XEC.W^E14,2013-04-23,EGARCH,0.3442205688391656,4.701896825871379,,2013-04-10
XEC,XEC.W^E14,2013-04-23,ESG-EGARCH,0.3477245516838634,4.79810967633904,all,2013-04-10
XEC,XEC.W^E14,2013-04-23,ESG-EGARCH(E),0.3473028566291892,4.786479135825206,E,2013-04-10
XEC,XEC.W^E14,2013-04-23,ESG-EGARCH(G),0.3490686435714384,4.8352745208255525,G,2013-04-10
XEC,XEC.W^E14,2013-04-23,ESG-EGARCH(S),0.3484631466055105,4.818514465960853,S,2013-04-10
XEC,XEC.W^E14,2013-04-23,ESG-GARCH,0.3336525131355753,4.417619028638304,all,2013-04-10
XEC,XEC.W^E14,2013-04-23,ESG-GARCH(E),0.3331364689622874,4.403964561613534,E,2013-04-10
XEC,XEC.W^E14,2013-04-23,ESG-GARCH(G),0.334808396579729,4.448280254773378,G,2013-04-10
XEC,XEC.W^E14,2013-04-23,ESG-GARCH(S),0.3341775995156134,4.431534445159433,S,2013-04-10
XEC,XEC.W^E14,2013-04-23,ESG-GJR-GARCH,0.3391009893913616,4.563074643103186,all,2013-04-10
XEC,XEC.W^E14,2013-04-23,ESG-GJR-GARCH(E),0.3383792500460245,4.543671304036108,E,2013-04-10
XEC,XEC.W^E14,2013-04-23,ESG-GJR-GARCH(G),0.3411325344529132,4.617912938978891,G,2013-04-10
XEC,XEC.W^E14,2013-04-23,ESG-GJR-GARCH(S),0.3402972515243079,4.595326166468179,S,2013-04-10
XEC,XEC.W^E14,2013-04-23,GARCH,0.3293162752218508,4.303540044682293,,2013-04-10
XEC,XEC.W^E14,2013-04-23,GJR-GARCH,0.3345129012139957,4.44043178883351,,2013-04-10
XEC,XEC.W^E14,2013-04-24,EGARCH,0.3442205688391656,4.701896825871379,,2013-04-10
XEC,XEC.W^E14,2013-04-24,ESG-EGARCH,0.3477245516838634,4.79810967633904,all,2013-04-10
XEC,XEC.W^E14,2013-04-24,ESG-EGARCH(E),0.3473028566291892,4.786479135825206,E,2013-04-10
XEC,XEC.W^E14,2013-04-24,ESG-EGARCH(G),0.3490686435714384,4.8352745208255525,G,2013-04-10
XEC,XEC.W^E14,2013-04-24,ESG-EGARCH(S),0.3484631466055105,4.818514465960853,S,2013-04-10
XEC,XEC.W^E14,2013-04-24,ESG-GARCH,0.3336525131355753,4.417619028638304,all,2013-04-10
XEC,XEC.W^E14,2013-04-24,ESG-GARCH(E),0.3331364689622874,4.403964561613534,E,2013-04-10
XEC,XEC.W^E14,2013-04-24,ESG-GARCH(G),0.334808396579729,4.448280254773378,G,2013-04-10
XEC,XEC.W^E14,2013-04-24,ESG-GARCH(S),0.3341775995156134,4.431534445159433,S,2013-04-10
XEC,XEC.W^E14,2013-04-24,ESG-GJR-GARCH,0.3391009893913616,4.563074643103186,all,2013-04-10
XEC,XEC.W^E14,2013-04-24,ESG-GJR-GARCH(E),0.3383792500460245,4.543671304036108,E,2013-04-10
XEC,XEC.W^E14,2013-04-24,ESG-GJR-GARCH(G),0.3411325344529132,4.617912938978891,G,2013-04-10
XEC,XEC.W^E14,2013-04-24,ESG-GJR-GARCH(S),0.3402972515243079,4.595326166468179,S,2013-04-10
XEC,XEC.W^E14,2013-04-24,GARCH,0.3293162752218508,4.303540044682293,,2013-04-10
XEC,XEC.W^E14,2013-04-24,GJR-GARCH,0.3345129012139957,4.44043178883351,,2013-04-10
XEC,XEC.W^E14,2013-04-25,EGARCH,0.3442205688391656,4.701896825871379,,2013-04-10
XEC,XEC.W^E14,2013-04-25,ESG-EGARCH,0.3477245516838634,4.79810967633904,all,2013-04-10
XEC,XEC.W^E14,2013-04-25,ESG-EGARCH(E),0.3473028566291892,4.786479135825206,E,2013-04-10
XEC,XEC.W^E14,2013-04-25,ESG-EGARCH(G),0.3490686435714384,4.8352745208255525,G,2013-04-10
XEC,XEC.W^E14,2013-04-25,ESG-EGARCH(S),0.3484631466055105,4.818514465960853,S,2013-04-10
XEC,XEC.W^E14,2013-04-25,ESG-GARCH,0.3336525131355753,4.417619028638304,all,2013-04-10
XEC,XEC.W^E14,2013-04-25,ESG-GARCH(E),0.3331364689622874,4.403964561613534,E,2013-04-10
XEC,XEC.W^E14,2013-04-25,ESG-GARCH(G),0.334808396579729,4.448280254773378,G,2013-04-10
XEC,XEC.W^E14,2013-04-25,ESG-GARCH(S),0.3341775995156134,4.431534445159433,S,2013-04-10
XEC,XEC.W^E14,2013-04-25,ESG-GJR-GARCH,0.3391009893913616,4.563074643103186,all,2013-04-10
XEC,XEC.W^E14,2013-04-25,ESG-GJR-GARCH(E),0.3383792500460245,4.543671304036108,E,2013-04-10
XEC,XEC.W^E14,2013-04-25,ESG-GJR-GARCH(G),0.3411325344529132,4.617912938978891,G,2013-04-10
XEC,XEC.W^E14,2013-04-25,ESG-GJR-GARCH(S),0.3402972515243079,4.595326166468179,S,2013-04-10
XEC,XEC.W^E14,2013-04-25,GARCH,0.3293162752218508,4.303540044682293,,2013-04-10
XEC,XEC.W^E14,2013-04-25,GJR-GARCH,0.3345129012139957,4.44043178883351,,2013-04-10
XEC,XEC.W^E14,2013-04-26,EGARCH,0.3442205688391656,4.701896825871379,,2013-04-10
XEC,XEC.W^E14,2013-04-26,ESG-EGARCH,0.3477245516838634,4.79810967633904,all,2013-04-10
XEC,XEC.W^E14,2013-04-26,ESG-EGARCH(E),0.3473028566291892,4.786479135825206,E,2013-04-10
XEC,XEC.W^E14,2013-04-26,ESG-EGARCH(G),0.3490686435714384,4.8352745208255525,G,2013-04-10
XEC,XEC.W^E14,2013-04-26,ESG-EGARCH(S),0.3484631466055105,4.818514465960853,S,2013-04-10
XEC,XEC.W^E14,2013-04-26,ESG-GARCH,0.3336525131355753,4.417619028638304,all,2013-04-10
XEC,XEC.W^E14,2013-04-26,ESG-GARCH(E),0.3331364689622874,4.403964561613534,E,2013-04-10
XEC,XEC.W^E14,2013-04-26,ESG-GARCH(G),0.334808396579729,4.448280254773378,G,2013-04-10
XEC,XEC.W^E14,2013-04-26,ESG-GARCH(S),0.3341775995156134,4.431534445159433,S,2013-04-10
XEC,XEC.W^E14,2013-04-26,ESG-GJR-GARCH,0.3391009893913616,4.563074643103186,all,2013-04-10
XEC,XEC.W^E14,2013-04-26,ESG-GJR-GARCH(E),0.3383792500460245,4.543671304036108,E,2013-04-10
XEC,XEC.W^E14,2013-04-26,ESG-GJR-GARCH(G),0.3411325344529132,4.617912938978891,G,2013-04-10
XEC,XEC.W^E14,2013-04-26,ESG-GJR-GARCH(S),0.3402972515243079,4.595326166468179,S,2013-04-10
XEC,XEC.W^E14,2013-04-26,GARCH,0.3293162752218508,4.303540044682293,,2013-04-10
XEC,XEC.W^E14,2013-04-26,GJR-GARCH,0.3345129012139957,4.44043178883351,,2013-04-10
XEC,XEC.W^E14,2013-04-29,EGARCH,0.3442205688391656,4.701896825871379,,2013-04-10
XEC,XEC.W^E14,2013-04-29,ESG-EGARCH,0.3477245516838634,4.79810967633904,all,2013-04-10
XEC,XEC.W^E14,2013-04-29,ESG-EGARCH(E),0.3473028566291892,4.786479135825206,E,2013-04-10
XEC,XEC.W^E14,2013-04-29,ESG-EGARCH(G),0.3490686435714384,4.8352745208255525,G,2013-04-10
XEC,XEC.W^E14,2013-04-29,ESG-EGARCH(S),0.3484631466055105,4.818514465960853,S,2013-04-10
XEC,XEC.W^E14,2013-04-29,ESG-GARCH,0.3336525131355753,4.417619028638304,all,2013-04-10
XEC,XEC.W^E14,2013-04-29,ESG-GARCH(E),0.3331364689622874,4.403964561613534,E,2013-04-10
XEC,XEC.W^E14,2013-04-29,ESG-GARCH(G),0.334808396579729,4.448280254773378,G,2013-04-10
XEC,XEC.W^E14,2013-04-29,ESG-GARCH(S),0.3341775995156134,4.431534445159433,S,2013-04-10
XEC,XEC.W^E14,2013-04-29,ESG-GJR-GARCH,0.3391009893913616,4.563074643103186,all,2013-04-10
XEC,XEC.W^E14,2013-04-29,ESG-GJR-GARCH(E),0.3383792500460245,4.543671304036108,E,2013-04-10
XEC,XEC.W^E14,2013-04-29,ESG-GJR-GARCH(G),0.3411325344529132,4.617912938978891,G,2013-04-10
XEC,XEC.W^E14,2013-04-29,ESG-GJR-GARCH(S),0.3402972515243079,4.595326166468179,S,2013-04-10
XEC,XEC.W^E14,2013-04-29,GARCH,0.3293162752218508,4.303540044682293,,2013-04-10
XEC,XEC.W^E14,2013-04-29,GJR-GARCH,0.3345129012139957,4.44043178883351,,2013-04-10
XEC,XEC.W^E14,2013-04-30,EGARCH,0.3442205688391656,4.701896825871379,,2013-04-10
XEC,XEC.W^E14,2013-04-30,ESG-EGARCH,0.3477245516838634,4.79810967633904,all,2013-04-10
XEC,XEC.W^E14,2013-04-30,ESG-EGARCH(E),0.3473028566291892,4.786479135825206,E,2013-04-10
XEC,XEC.W^E14,2013-04-30,ESG-EGARCH(G),0.3490686435714384,4.8352745208255525,G,2013-04-10
XEC,XEC.W^E14,2013-04-30,ESG-EGARCH(S),0.3484631466055105,4.818514465960853,S,2013-04-10
XEC,XEC.W^E14,2013-04-30,ESG-GARCH,0.3336525131355753,4.417619028638304,all,2013-04-10
XEC,XEC.W^E14,2013-04-30,ESG-GARCH(E),0.3331364689622874,4.403964561613534,E,2013-04-10
XEC,XEC.W^E14,2013-04-30,ESG-GARCH(G),0.334808396579729,4.448280254773378,G,2013-04-10
XEC,XEC.W^E14,2013-04-30,ESG-GARCH(S),0.3341775995156134,4.431534445159433,S,2013-04-10
XEC,XEC.W^E14,2013-04-30,ESG-GJR-GARCH,0.3391009893913616,4.563074643103186,all,2013-04-10
XEC,XEC.W^E14,2013-04-30,ESG-GJR-GARCH(E),0.3383792500460245,4.543671304036108,E,2013-04-10
XEC,XEC.W^E14,2013-04-30,ESG-GJR-GARCH(G),0.3411325344529132,4.617912938978891,G,2013-04-10
XEC,XEC.W^E14,2013-04-30,ESG-GJR-GARCH(S),0.3402972515243079,4.595326166468179,S,2013-04-10
XEC,XEC.W^E14,2013-04-30,GARCH,0.3293162752218508,4.303540044682293,,2013-04-10
XEC,XEC.W^E14,2013-04-30,GJR-GARCH,0.3345129012139957,4.44043178883351,,2013-04-10
XEC,XEC.W^E14,2013-05-01,EGARCH,0.3442205688391656,4.701896825871379,,2013-04-10
XEC,XEC.W^E14,2013-05-01,ESG-EGARCH,0.3477245516838634,4.79810967633904,all,2013-04-10
XEC,XEC.W^E14,2013-05-01,ESG-EGARCH(E),0.3473028566291892,4.786479135825206,E,2013-04-10
XEC,XEC.W^E14,2013-05-01,ESG-EGARCH(G),0.3490686435714384,4.8352745208255525,G,2013-04-10
XEC,XEC.W^E14,2013-05-01,ESG-EGARCH(S),0.3484631466055105,4.818514465960853,S,2013-04-10
XEC,XEC.W^E14,2013-05-01,ESG-GARCH,0.3336525131355753,4.417619028638304,all,2013-04-10
XEC,XEC.W^E14,2013-05-01,ESG-GARCH(E),0.3331364689622874,4.403964561613534,E,2013-04-10
XEC,XEC.W^E14,2013-05-01,ESG-GARCH(G),0.334808396579729,4.448280254773378,G,2013-04-10
XEC,XEC.W^E14,2013-05-01,ESG-GARCH(S),0.3341775995156134,4.431534445159433,S,2013-04-10
XEC,XEC.W^E14,2013-05-01,ESG-GJR-GARCH,0.3391009893913616,4.563074643103186,all,2013-04-10
XEC,XEC.W^E14,2013-05-01,ESG-GJR-GARCH(E),0.3383792500460245,4.543671304036108,E,2013-04-10
XEC,XEC.W^E14,2013-05-01,ESG-GJR-GARCH(G),0.3411325344529132,4.617912938978891,G,2013-04-10
XEC,XEC.W^E14,2013-05-01,ESG-GJR-GARCH(S),0.3402972515243079,4.595326166468179,S,2013-04-10
XEC,XEC.W^E14,2013-05-01,GARCH,0.3293162752218508,4.303540044682293,,2013-04-10
XEC,XEC.W^E14,2013-05-01,GJR-GARCH,0.3345129012139957,4.44043178883351,,2013-04-10
XEC,XEC.W^E14,2013-05-02,EGARCH,0.3442205688391656,4.701896825871379,,2013-04-10
XEC,XEC.W^E14,2013-05-02,ESG-EGARCH,0.3477245516838634,4.79810967633904,all,2013-04-10
XEC,XEC.W^E14,2013-05-02,ESG-EGARCH(E),0.3473028566291892,4.786479135825206,E,2013-04-10
XEC,XEC.W^E14,2013-05-02,ESG-EGARCH(G),0.3490686435714384,4.8352745208255525,G,2013-04-10
XEC,XEC.W^E14,2013-05-02,ESG-EGARCH(S),0.3484631466055105,4.818514465960853,S,2013-04-10
XEC,XEC.W^E14,2013-05-02,ESG-GARCH,0.3336525131355753,4.417619028638304,all,2013-04-10
XEC,XEC.W^E14,2013-05-02,ESG-GARCH(E),0.3331364689622874,4.403964561613534,E,2013-04-10
XEC,XEC.W^E14,2013-05-02,ESG-GARCH(G),0.334808396579729,4.448280254773378,G,2013-04-10
XEC,XEC.W^E14,2013-05-02,ESG-GARCH(S),0.3341775995156134,4.431534445159433,S,2013-04-10
XEC,XEC.W^E14,2013-05-02,ESG-GJR-GARCH,0.3391009893913616,4.563074643103186,all,2013-04-10
XEC,XEC.W^E14,2013-05-02,ESG-GJR-GARCH(E),0.3383792500460245,4.543671304036108,E,2013-04-10
XEC,XEC.W^E14,2013-05-02,ESG-GJR-GARCH(G),0.3411325344529132,4.617912938978891,G,2013-04-10
XEC,XEC.W^E14,2013-05-02,ESG-GJR-GARCH(S),0.3402972515243079,4.595326166468179,S,2013-04-10
XEC,XEC.W^E14,2013-05-02,GARCH,0.3293162752218508,4.303540044682293,,2013-04-10
XEC,XEC.W^E14,2013-05-02,GJR-GARCH,0.3345129012139957,4.44043178883351,,2013-04-10
XEC,XEC.W^E14,2013-05-03,EGARCH,0.3442205688391656,4.701896825871379,,2013-04-10
XEC,XEC.W^E14,2013-05-03,ESG-EGARCH,0.3477245516838634,4.79810967633904,all,2013-04-10
XEC,XEC.W^E14,2013-05-03,ESG-EGARCH(E),0.3473028566291892,4.786479135825206,E,2013-04-10
XEC,XEC.W^E14,2013-05-03,ESG-EGARCH(G),0.3490686435714384,4.8352745208255525,G,2013-04-10
XEC,XEC.W^E14,2013-05-03,ESG-EGARCH(S),0.3484631466055105,4.818514465960853,S,2013-04-10
XEC,XEC.W^E14,2013-05-03,ESG-GARCH,0.3336525131355753,4.417619028638304,all,2013-04-10
XEC,XEC.W^E14,2013-05-03,ESG-GARCH(E),0.3331364689622874,4.403964561613534,E,2013-04-10
XEC,XEC.W^E14,2013-05-03,ESG-GARCH(G),0.334808396579729,4.448280254773378,G,2013-04-10
XEC,XEC.W^E14,2013-05-03,ESG-GARCH(S),0.3341775995156134,4.431534445159433,S,2013-04-10
XEC,XEC.W^E14,2013-05-03,ESG-GJR-GARCH,0.3391009893913616,4.563074643103186,all,2013-04-10
XEC,XEC.W^E14,2013-05-03,ESG-GJR-GARCH(E),0.3383792500460245,4.543671304036108,E,2013-04-10
XEC,XEC.W^E14,2013-05-03,ESG-GJR-GARCH(G),0.3411325344529132,4.617912938978891,G,2013-04-10
XEC,XEC.W^E14,2013-05-03,ESG-GJR-GARCH(S),0.3402972515243079,4.595326166468179,S,2013-04-10
XEC,XEC.W^E14,2013-05-03,GARCH,0.3293162752218508,4.303540044682293,,2013-04-10
XEC,XEC.W^E14,2013-05-03,GJR-GARCH,0.3345129012139957,4.44043178883351,,2013-04-10
XEC,XEC.W^E14,2013-05-06,EGARCH,0.3442205688391656,4.701896825871379,,2013-04-10
XEC,XEC.W^E14,2013-05-06,ESG-EGARCH,0.3477245516838634,4.79810967633904,all,2013-04-10
XEC,XEC.W^E14,2013-05-06,ESG-EGARCH(E),0.3473028566291892,4.786479135825206,E,2013-04-10
XEC,XEC.W^E14,2013-05-06,ESG-EGARCH(G),0.3490686435714384,4.8352745208255525,G,2013-04-10
XEC,XEC.W^E14,2013-05-06,ESG-EGARCH(S),0.3484631466055105,4.818514465960853,S,2013-04-10
XEC,XEC.W^E14,2013-05-06,ESG-GARCH,0.3336525131355753,4.417619028638304,all,2013-04-10
XEC,XEC.W^E14,2013-05-06,ESG-GARCH(E),0.3331364689622874,4.403964561613534,E,2013-04-10
XEC,XEC.W^E14,2013-05-06,ESG-GARCH(G),0.334808396579729,4.448280254773378,G,2013-04-10
XEC,XEC.W^E14,2013-05-06,ESG-GARCH(S),0.3341775995156134,4.431534445159433,S,2013-04-10
XEC,XEC.W^E14,2013-05-06,ESG-GJR-GARCH,0.3391009893913616,4.563074643103186,all,2013-04-10
XEC,XEC.W^E14,2013-05-06,ESG-GJR-GARCH(E),0.3383792500460245,4.543671304036108,E,2013-04-10
XEC,XEC.W^E14,2013-05-06,ESG-GJR-GARCH(G),0.3411325344529132,4.617912938978891,G,2013-04-10
XEC,XEC.W^E14,2013-05-06,ESG-GJR-GARCH(S),0.3402972515243079,4.595326166468179,S,2013-04-10
XEC,XEC.W^E14,2013-05-06,GARCH,0.3293162752218508,4.303540044682293,,2013-04-10
XEC,XEC.W^E14,2013-05-06,GJR-GARCH,0.3345129012139957,4.44043178883351,,2013-04-10
XEC,XEC.W^E14,2013-05-07,EGARCH,0.3442205688391656,4.701896825871379,,2013-04-10
XEC,XEC.W^E14,2013-05-07,ESG-EGARCH,0.3477245516838634,4.79810967633904,all,2013-04-10
XEC,XEC.W^E14,2013-05-07,ESG-EGARCH(E),0.3473028566291892,4.786479135825206,E,2013-04-10
XEC,XEC.W^E14,2013-05-07,ESG-EGARCH(G),0.3490686435714384,4.8352745208255525,G,2013-04-10
XEC,XEC.W^E14,2013-05-07,ESG-EGARCH(S),0.3484631466055105,4.818514465960853,S,2013-04-10
XEC,XEC.W^E14,2013-05-07,ESG-GARCH,0.3336525131355753,4.417619028638304,all,2013-04-10
XEC,XEC.W^E14,2013-05-07,ESG-GARCH(E),0.3331364689622874,4.403964561613534,E,2013-04-10
XEC,XEC.W^E14,2013-05-07,ESG-GARCH(G),0.334808396579729,4.448280254773378,G,2013-04-10
XEC,XEC.W^E14,2013-05-07,ESG-GARCH(S),0.3341775995156134,4.431534445159433,S,2013-04-10
XEC,XEC.W^E14,2013-05-07,ESG-GJR-GARCH,0.3391009893913616,4.563074643103186,all,2013-04-10
XEC,XEC.W^E14,2013-05-07,ESG-GJR-GARCH(E),0.3383792500460245,4.543671304036108,E,2013-04-10
XEC,XEC.W^E14,2013-05-07,ESG-GJR-GARCH(G),0.3411325344529132,4.617912938978891,G,2013-04-10
XEC,XEC.W^E14,2013-05-07,ESG-GJR-GARCH(S),0.3402972515243079,4.595326166468179,S,2013-04-10
XEC,XEC.W^E14,2013-05-07,GARCH,0.3293162752218508,4.303540044682293,,2013-04-10
XEC,XEC.W^E14,2013-05-07,GJR-GARCH,0.3345129012139957,4.44043178883351,,2013-04-10
XEC,XEC.W^E14,2013-05-08,EGARCH,0.3442205688391656,4.701896825871379,,2013-04-10
XEC,XEC.W^E14,2013-05-08,ESG-EGARCH,0.3477245516838634,4.79810967633904,all,2013-04-10
XEC,XEC.W^E14,2013-05-08,ESG-EGARCH(E),0.3473028566291892,4.786479135825206,E,2013-04-10
XEC,XEC.W^E14,2013-05-08,ESG-EGARCH(G),0.3490686435714384,4.8352745208255525,G,2013-04-10
XEC,XEC.W^E14,2013-05-08,ESG-EGARCH(S),0.3484631466055105,4.818514465960853,S,2013-04-10
XEC,XEC.W^E14,2013-05-08,ESG-GARCH,0.3336525131355753,4.417619028638304,all,2013-04-10
XEC,XEC.W^E14,2013-05-08,ESG-GARCH(E),0.3331364689622874,4.403964561613534,E,2013-04-10
XEC,XEC.W^E14,2013-05-08,ESG-GARCH(G),0.334808396579729,4.448280254773378,G,2013-04-10
XEC,XEC.W^E14,2013-05-08,ESG-GARCH(S),0.3341775995156134,4.431534445159433,S,2013-04-10
XEC,XEC.W^E14,2013-05-08,ESG-GJR-GARCH,0.3391009893913616,4.563074643103186,all,2013-04-10
XEC,XEC.W^E14,2013-05-08,ESG-GJR-GARCH(E),0.3383792500460245,4.543671304036108,E,2013-04-10
XEC,XEC.W^E14,2013-05-08,ESG-GJR-GARCH(G),0.3411325344529132,4.617912938978891,G,2013-04-10
XEC,XEC.W^E14,2013-05-08,ESG-GJR-GARCH(S),0.3402972515243079,4.595326166468179,S,2013-04-10
XEC,XEC.W^E14,2013-05-08,GARCH,0.3293162752218508,4.303540044682293,,2013-04-10
XEC,XEC.W^E14,2013-05-08,GJR-GARCH,0.3345129012139957,4.44043178883351,,2013-04-10
XEC,XEC.W^E14,2013-05-09,EGARCH,0.3442205688391656,4.701896825871379,,2013-04-10
XEC,XEC.W^E14,2013-05-09,ESG-EGARCH,0.3477245516838634,4.79810967633904,all,2013-04-10
XEC,XEC.W^E14,2013-05-09,ESG-EGARCH(E),0.3473028566291892,4.786479135825206,E,2013-04-10
XEC,XEC.W^E14,2013-05-09,ESG-EGARCH(G),0.3490686435714384,4.8352745208255525,G,2013-04-10
XEC,XEC.W^E14,2013-05-09,ESG-EGARCH(S),0.3484631466055105,4.818514465960853,S,2013-04-10
XEC,XEC.W^E14,2013-05-09,ESG-GARCH,0.3336525131355753,4.417619028638304,all,2013-04-10
XEC,XEC.W^E14,2013-05-09,ESG-GARCH(E),0.3331364689622874,4.403964561613534,E,2013-04-10
XEC,XEC.W^E14,2013-05-09,ESG-GARCH(G),0.334808396579729,4.448280254773378,G,2013-04-10
XEC,XEC.W^E14,2013-05-09,ESG-GARCH(S),0.3341775995156134,4.431534445159433,S,2013-04-10
XEC,XEC.W^E14,2013-05-09,ESG-GJR-GARCH,0.3391009893913616,4.563074643103186,all,2013-04-10
XEC,XEC.W^E14,2013-05-09,ESG-GJR-GARCH(E),0.3383792500460245,4.543671304036108,E,2013-04-10
XEC,XEC.W^E14,2013-05-09,ESG-GJR-GARCH(G),0.3411325344529132,4.617912938978891,G,2013-04-10
XEC,XEC.W^E14,2013-05-09,ESG-GJR-GARCH(S),0.3402972515243079,4.595326166468179,S,2013-04-10
XEC,XEC.W^E14,2013-05-09,GARCH,0.3293162752218508,4.303540044682293,,2013-04-10
XEC,XEC.W^E14,2013-05-09,GJR-GARCH,0.3345129012139957,4.44043178883351,,2013-04-10
XEC,XEC.W^E14,2013-05-10,EGARCH,0.3641659500932306,5.26257298441688,,2013-05-10
XEC,XEC.W^E14,2013-05-10,ESG-EGARCH,0.3653494465512373,5.296834051400612,all,2013-05-10
XEC,XEC.W^E14,2013-05-10,ESG-EGARCH(E),0.3649518080910703,5.285310405910374,E,2013-05-10
XEC,XEC.W^E14,2013-05-10,ESG-EGARCH(G),0.3663583672174442,5.326129096437765,G,2013-05-10
XEC,XEC.W^E14,2013-05-10,ESG-EGARCH(S),0.3657771425830042,5.309242779213785,S,2013-05-10
XEC,XEC.W^E14,2013-05-10,ESG-GARCH,0.3489980756826663,4.833319715484289,all,2013-05-10
XEC,XEC.W^E14,2013-05-10,ESG-GARCH(E),0.3485585033328465,4.821151993874365,E,2013-05-10
XEC,XEC.W^E14,2013-05-10,ESG-GARCH(G),0.3499592362780104,4.859978851440012,G,2013-05-10
XEC,XEC.W^E14,2013-05-10,ESG-GARCH(S),0.3493598573489131,4.843345632017974,S,2013-05-10
XEC,XEC.W^E14,2013-05-10,ESG-GJR-GARCH,0.352076615852629,4.918966009136497,all,2013-05-10
XEC,XEC.W^E14,2013-05-10,ESG-GJR-GARCH(E),0.3514588549034622,4.901719313097336,E,2013-05-10
XEC,XEC.W^E14,2013-05-10,ESG-GJR-GARCH(G),0.3537799508307309,4.966676730547398,G,2013-05-10
XEC,XEC.W^E14,2013-05-10,ESG-GJR-GARCH(S),0.3529366517066774,4.94302698880637,S,2013-05-10
XEC,XEC.W^E14,2013-05-10,GARCH,0.3463618141080682,4.760575645723495,,2013-05-10
XEC,XEC.W^E14,2013-05-10,GJR-GARCH,0.3531953504376849,4.950276014714249,,2013-05-10
XEC,XEC.W^E14,2013-05-13,EGARCH,0.3641659500932306,5.26257298441688,,2013-05-10
XEC,XEC.W^E14,2013-05-13,ESG-EGARCH,0.3653494465512373,5.296834051400612,all,2013-05-10
XEC,XEC.W^E14,2013-05-13,ESG-EGARCH(E),0.3649518080910703,5.285310405910374,E,2013-05-10
XEC,XEC.W^E14,2013-05-13,ESG-EGARCH(G),0.3663583672174442,5.326129096437765,G,2013-05-10
XEC,XEC.W^E14,2013-05-13,ESG-EGARCH(S),0.3657771425830042,5.309242779213785,S,2013-05-10
XEC,XEC.W^E14,2013-05-13,ESG-GARCH,0.3489980756826663,4.833319715484289,all,2013-05-10
XEC,XEC.W^E14,2013-05-13,ESG-GARCH(E),0.3485585033328465,4.821151993874365,E,2013-05-10
XEC,XEC.W^E14,2013-05-13,ESG-GARCH(G),0.3499592362780104,4.859978851440012,G,2013-05-10
XEC,XEC.W^E14,2013-05-13,ESG-GARCH(S),0.3493598573489131,4.843345632017974,S,2013-05-10
XEC,XEC.W^E14,2013-05-13,ESG-GJR-GARCH,0.352076615852629,4.918966009136497,all,2013-05-10
XEC,XEC.W^E14,2013-05-13,ESG-GJR-GARCH(E),0.3514588549034622,4.901719313097336,E,2013-05-10
XEC,XEC.W^E14,2013-05-13,ESG-GJR-GARCH(G),0.3537799508307309,4.966676730547398,G,2013-05-10
XEC,XEC.W^E14,2013-05-13,ESG-GJR-GARCH(S),0.3529366517066774,4.94302698880637,S,2013-05-10
XEC,XEC.W^E14,2013-05-13,GARCH,0.3463618141080682,4.760575645723495,,2013-05-10
XEC,XEC.W^E14,2013-05-13,GJR-GARCH,0.3531953504376849,4.950276014714249,,2013-05-10
XEC,XEC.W^E14,2013-05-14,EGARCH,0.3641659500932306,5.26257298441688,,2013-05-10
XEC,XEC.W^E14,2013-05-14,ESG-EGARCH,0.3653494465512373,5.296834051400612,all,2013-05-10
XEC,XEC.W^E14,2013-05-14,ESG-EGARCH(E),0.3649518080910703,5.285310405910374,E,2013-05-10
XEC,XEC.W^E14,2013-05-14,ESG-EGARCH(G),0.3663583672174442,5.326129096437765,G,2013-05-10
XEC,XEC.W^E14,2013-05-14,ESG-EGARCH(S),0.3657771425830042,5.309242779213785,S,2013-05-10
XEC,XEC.W^E14,2013-05-14,ESG-GARCH,0.3489980756826663,4.833319715484289,all,2013-05-10
XEC,XEC.W^E14,2013-05-14,ESG-GARCH(E),0.3485585033328465,4.821151993874365,E,2013-05-10
XEC,XEC.W^E14,2013-05-14,ESG-GARCH(G),0.3499592362780104,4.859978851440012,G,2013-05-10
XEC,XEC.W^E14,2013-05-14,ESG-GARCH(S),0.3493598573489131,4.843345632017974,S,2013-05-10
XEC,XEC.W^E14,2013-05-14,ESG-GJR-GARCH,0.352076615852629,4.918966009136497,all,2013-05-10
XEC,XEC.W^E14,2013-05-14,ESG-GJR-GARCH(E),0.3514588549034622,4.901719313097336,E,2013-05-10
XEC,XEC.W^E14,2013-05-14,ESG-GJR-GARCH(G),0.3537799508307309,4.966676730547398,G,2013-05-10
XEC,XEC.W^E14,2013-05-14,ESG-GJR-GARCH(S),0.3529366517066774,4.94302698880637,S,2013-05-10
XEC,XEC.W^E14,2013-05-14,GARCH,0.3463618141080682,4.760575645723495,,2013-05-10
XEC,XEC.W^E14,2013-05-14,GJR-GARCH,0.3531953504376849,4.950276014714249,,2013-05-10
XEC,XEC.W^E14,2013-05-15,EGARCH,0.3641659500932306,5.26257298441688,,2013-05-10
XEC,XEC.W^E14,2013-05-15,ESG-EGARCH,0.3653494465512373,5.296834051400612,all,2013-05-10
XEC,XEC.W^E14,2013-05-15,ESG-EGARCH(E),0.3649518080910703,5.285310405910374,E,2013-05-10
XEC,XEC.W^E14,2013-05-15,ESG-EGARCH(G),0.3663583672174442,5.326129096437765,G,2013-05-10
XEC,XEC.W^E14,2013-05-15,ESG-EGARCH(S),0.3657771425830042,5.309242779213785,S,2013-05-10
XEC,XEC.W^E14,2013-05-15,ESG-GARCH,0.3489980756826663,4.833319715484289,all,2013-05-10
XEC,XEC.W^E14,2013-05-15,ESG-GARCH(E),0.3485585033328465,4.821151993874365,E,2013-05-10
XEC,XEC.W^E14,2013-05-15,ESG-GARCH(G),0.3499592362780104,4.859978851440012,G,2013-05-10
XEC,XEC.W^E14,2013-05-15,ESG-GARCH(S),0.3493598573489131,4.843345632017974,S,2013-05-10
XEC,XEC.W^E14,2013-05-15,ESG-GJR-GARCH,0.352076615852629,4.918966009136497,all,2013-05-10
XEC,XEC.W^E14,2013-05-15,ESG-GJR-GARCH(E),0.3514588549034622,4.901719313097336,E,2013-05-10
XEC,XEC.W^E14,2013-05-15,ESG-GJR-GARCH(G),0.3537799508307309,4.966676730547398,G,2013-05-10
XEC,XEC.W^E14,2013-05-15,ESG-GJR-GARCH(S),0.3529366517066774,4.94302698880637,S,2013-05-10
XEC,XEC.W^E14,2013-05-15,GARCH,0.3463618141080682,4.760575645723495,,2013-05-10
XEC,XEC.W^E14,2013-05-15,GJR-GARCH,0.3531953504376849,4.950276014714249,,2013-05-10
XEC,XEC.W^E14,2013-05-16,EGARCH,0.3641659500932306,5.26257298441688,,2013-05-10
XEC,XEC.W^E14,2013-05-16,ESG-EGARCH,0.3653494465512373,5.296834051400612,all,2013-05-10
XEC,XEC.W^E14,2013-05-16,ESG-EGARCH(E),0.3649518080910703,5.285310405910374,E,2013-05-10
XEC,XEC.W^E14,2013-05-16,ESG-EGARCH(G),0.3663583672174442,5.326129096437765,G,2013-05-10
XEC,XEC.W^E14,2013-05-16,ESG-EGARCH(S),0.3657771425830042,5.309242779213785,S,2013-05-10
XEC,XEC.W^E14,2013-05-16,ESG-GARCH,0.3489980756826663,4.833319715484289,all,2013-05-10
XEC,XEC.W^E14,2013-05-16,ESG-GARCH(E),0.3485585033328465,4.821151993874365,E,2013-05-10
XEC,XEC.W^E14,2013-05-16,ESG-GARCH(G),0.3499592362780104,4.859978851440012,G,2013-05-10
XEC,XEC.W^E14,2013-05-16,ESG-GARCH(S),0.3493598573489131,4.843345632017974,S,2013-05-10
XEC,XEC.W^E14,2013-05-16,ESG-GJR-GARCH,0.352076615852629,4.918966009136497,all,2013-05-10
XEC,XEC.W^E14,2013-05-16,ESG-GJR-GARCH(E),0.3514588549034622,4.901719313097336,E,2013-05-10
XEC,XEC.W^E14,2013-05-16,ESG-GJR-GARCH(G),0.3537799508307309,4.966676730547398,G,2013-05-10
XEC,XEC.W^E14,2013-05-16,ESG-GJR-GARCH(S),0.3529366517066774,4.94302698880637,S,2013-05-10
XEC,XEC.W^E14,2013-05-16,GARCH,0.3463618141080682,4.760575645723495,,2013-05-10
XEC,XEC.W^E14,2013-05-16,GJR-GARCH,0.3531953504376849,4.950276014714249,,2013-05-10
XEC,XEC.W^E14,2013-05-17,EGARCH,0.3641659500932306,5.26257298441688,,2013-05-10
XEC,XEC.W^E14,2013-05-17,ESG-EGARCH,0.3653494465512373,5.296834051400612,all,2013-05-10
XEC,XEC.W^E14,2013-05-17,ESG-EGARCH(E),0.3649518080910703,5.285310405910374,E,2013-05-10
XEC,XEC.W^E14,2013-05-17,ESG-EGARCH(G),0.3663583672174442,5.326129096437765,G,2013-05-10
XEC,XEC.W^E14,2013-05-17,ESG-EGARCH(S),0.3657771425830042,5.309242779213785,S,2013-05-10
XEC,XEC.W^E14,2013-05-17,ESG-GARCH,0.3489980756826663,4.833319715484289,all,2013-05-10
XEC,XEC.W^E14,2013-05-17,ESG-GARCH(E),0.3485585033328465,4.821151993874365,E,2013-05-10
XEC,XEC.W^E14,2013-05-17,ESG-GARCH(G),0.3499592362780104,4.859978851440012,G,2013-05-10
XEC,XEC.W^E14,2013-05-17,ESG-GARCH(S),0.3493598573489131,4.843345632017974,S,2013-05-10
XEC,XEC.W^E14,2013-05-17,ESG-GJR-GARCH,0.352076615852629,4.918966009136497,all,2013-05-10
XEC,XEC.W^E14,2013-05-17,ESG-GJR-GARCH(E),0.3514588549034622,4.901719313097336,E,2013-05-10
XEC,XEC.W^E14,2013-05-17,ESG-GJR-GARCH(G),0.3537799508307309,4.966676730547398,G,2013-05-10
XEC,XEC.W^E14,2013-05-17,ESG-GJR-GARCH(S),0.3529366517066774,4.94302698880637,S,2013-05-10
XEC,XEC.W^E14,2013-05-17,GARCH,0.3463618141080682,4.760575645723495,,2013-05-10
XEC,XEC.W^E14,2013-05-17,GJR-GARCH,0.3531953504376849,4.950276014714249,,2013-05-10
XEC,XEC.W^E14,2013-05-20,EGARCH,0.3641659500932306,5.26257298441688,,2013-05-10
XEC,XEC.W^E14,2013-05-20,ESG-EGARCH,0.3653494465512373,5.296834051400612,all,2013-05-10
XEC,XEC.W^E14,2013-05-20,ESG-EGARCH(E),0.3649518080910703,5.285310405910374,E,2013-05-10
XEC,XEC.W^E14,2013-05-20,ESG-EGARCH(G),0.3663583672174442,5.326129096437765,G,2013-05-10
XEC,XEC.W^E14,2013-05-20,ESG-EGARCH(S),0.3657771425830042,5.309242779213785,S,2013-05-10
XEC,XEC.W^E14,2013-05-20,ESG-GARCH,0.3489980756826663,4.833319715484289,all,2013-05-10
XEC,XEC.W^E14,2013-05-20,ESG-GARCH(E),0.3485585033328465,4.821151993874365,E,2013-05-10
XEC,XEC.W^E14,2013-05-20,ESG-GARCH(G),0.3499592362780104,4.859978851440012,G,2013-05-10
XEC,XEC.W^E14,2013-05-20,ESG-GARCH(S),0.3493598573489131,4.843345632017974,S,2013-05-10
XEC,XEC.W^E14,2013-05-20,ESG-GJR-GARCH,0.352076615852629,4.918966009136497,all,2013-05-10
XEC,XEC.W^E14,2013-05-20,ESG-GJR-GARCH(E),0.3514588549034622,4.901719313097336,E,2013-05-10
XEC,XEC.W^E14,2013-05-20,ESG-GJR-GARCH(G),0.3537799508307309,4.966676730547398,G,2013-05-10
XEC,XEC.W^E14,2013-05-20,ESG-GJR-GARCH(S),0.3529366517066774,4.94302698880637,S,2013-05-10
XEC,XEC.W^E14,2013-05-20,GARCH,0.3463618141080682,4.760575645723495,,2013-05-10
XEC,XEC.W^E14,2013-05-20,GJR-GARCH,0.3531953504376849,4.950276014714249,,2013-05-10
XEC,XEC.W^E14,2013-05-21,EGARCH,0.3641659500932306,5.26257298441688,,2013-05-10
XEC,XEC.W^E14,2013-05-21,ESG-EGARCH,0.3653494465512373,5.296834051400612,all,2013-05-10
XEC,XEC.W^E14,2013-05-21,ESG-EGARCH(E),0.3649518080910703,5.285310405910374,E,2013-05-10
XEC,XEC.W^E14,2013-05-21,ESG-EGARCH(G),0.3663583672174442,5.326129096437765,G,2013-05-10
XEC,XEC.W^E14,2013-05-21,ESG-EGARCH(S),0.3657771425830042,5.309242779213785,S,2013-05-10
XEC,XEC.W^E14,2013-05-21,ESG-GARCH,0.3489980756826663,4.833319715484289,all,2013-05-10
XEC,XEC.W^E14,2013-05-21,ESG-GARCH(E),0.3485585033328465,4.821151993874365,E,2013-05-10
XEC,XEC.W^E14,2013-05-21,ESG-GARCH(G),0.3499592362780104,4.859978851440012,G,2013-05-10
XEC,XEC.W^E14,2013-05-21,ESG-GARCH(S),0.3493598573489131,4.843345632017974,S,2013-05-10
XEC,XEC.W^E14,2013-05-21,ESG-GJR-GARCH,0.352076615852629,4.918966009136497,all,2013-05-10
XEC,XEC.W^E14,2013-05-21,ESG-GJR-GARCH(E),0.3514588549034622,4.901719313097336,E,2013-05-10
XEC,XEC.W^E14,2013-05-21,ESG-GJR-GARCH(G),0.3537799508307309,4.966676730547398,G,2013-05-10
XEC,XEC.W^E14,2013-05-21,ESG-GJR-GARCH(S),0.3529366517066774,4.94302698880637,S,2013-05-10
XEC,XEC.W^E14,2013-05-21,GARCH,0.3463618141080682,4.760575645723495,,2013-05-10
XEC,XEC.W^E14,2013-05-21,GJR-GARCH,0.3531953504376849,4.950276014714249,,2013-05-10
XEC,XEC.W^E14,2013-05-22,EGARCH,0.3641659500932306,5.26257298441688,,2013-05-10
XEC,XEC.W^E14,2013-05-22,ESG-EGARCH,0.3653494465512373,5.296834051400612,all,2013-05-10
XEC,XEC.W^E14,2013-05-22,ESG-EGARCH(E),0.3649518080910703,5.285310405910374,E,2013-05-10
XEC,XEC.W^E14,2013-05-22,ESG-EGARCH(G),0.3663583672174442,5.326129096437765,G,2013-05-10
XEC,XEC.W^E14,2013-05-22,ESG-EGARCH(S),0.3657771425830042,5.309242779213785,S,2013-05-10
XEC,XEC.W^E14,2013-05-22,ESG-GARCH,0.3489980756826663,4.833319715484289,all,2013-05-10
XEC,XEC.W^E14,2013-05-22,ESG-GARCH(E),0.3485585033328465,4.821151993874365,E,2013-05-10
XEC,XEC.W^E14,2013-05-22,ESG-GARCH(G),0.3499592362780104,4.859978851440012,G,2013-05-10
XEC,XEC.W^E14,2013-05-22,ESG-GARCH(S),0.3493598573489131,4.843345632017974,S,2013-05-10
XEC,XEC.W^E14,2013-05-22,ESG-GJR-GARCH,0.352076615852629,4.918966009136497,all,2013-05-10
XEC,XEC.W^E14,2013-05-22,ESG-GJR-GARCH(E),0.3514588549034622,4.901719313097336,E,2013-05-10
XEC,XEC.W^E14,2013-05-22,ESG-GJR-GARCH(G),0.3537799508307309,4.966676730547398,G,2013-05-10
XEC,XEC.W^E14,2013-05-22,ESG-GJR-GARCH(S),0.3529366517066774,4.94302698880637,S,2013-05-10
XEC,XEC.W^E14,2013-05-22,GARCH,0.3463618141080682,4.760575645723495,,2013-05-10
XEC,XEC.W^E14,2013-05-22,GJR-GARCH,0.3531953504376849,4.950276014714249,,2013-05-10
XEC,XEC.W^E14,2013-05-23,EGARCH,0.3641659500932306,5.26257298441688,,2013-05-10
XEC,XEC.W^E14,2013-05-23,ESG-EGARCH,0.3653494465512373,5.296834051400612,all,2013-05-10
XEC,XEC.W^E14,2013-05-23,ESG-EGARCH(E),0.3649518080910703,5.285310405910374,E,2013-05-10
XEC,XEC.W^E14,2013-05-23,ESG-EGARCH(G),0.3663583672174442,5.326129096437765,G,2013-05-10
XEC,XEC.W^E14,2013-05-23,ESG-EGARCH(S),0.3657771425830042,5.309242779213785,S,2013-05-10
XEC,XEC.W^E14,2013-05-23,ESG-GARCH,0.3489980756826663,4.833319715484289,all,2013-05-10
XEC,XEC.W^E14,2013-05-23,ESG-GARCH(E),0.3485585033328465,4.821151993874365,E,2013-05-10
XEC,XEC.W^E14,2013-05-23,ESG-GARCH(G),0.3499592362780104,4.859978851440012,G,2013-05-10
XEC,XEC.W^E14,2013-05-23,ESG-GARCH(S),0.3493598573489131,4.843345632017974,S,2013-05-10
XEC,XEC.W^E14,2013-05-23,ESG-GJR-GARCH,0.352076615852629,4.918966009136497,all,2013-05-10
XEC,XEC.W^E14,2013-05-23,ESG-GJR-GARCH(E),0.3514588549034622,4.901719313097336,E,2013-05-10
XEC,XEC.W^E14,2013-05-23,ESG-GJR-GARCH(G),0.3537799508307309,4.966676730547398,G,2013-05-10
XEC,XEC.W^E14,2013-05-23,ESG-GJR-GARCH(S),0.3529366517066774,4.94302698880637,S,2013-05-10
XEC,XEC.W^E14,2013-05-23,GARCH,0.3463618141080682,4.760575645723495,,2013-05-10
XEC,XEC.W^E14,2013-05-23,GJR-GARCH,0.3531953504376849,4.950276014714249,,2013-05-10
XEC,XEC.W^E14,2013-05-24,EGARCH,0.3641659500932306,5.26257298441688,,2013-05-10
XEC,XEC.W^E14,2013-05-24,ESG-EGARCH,0.3653494465512373,5.296834051400612,all,2013-05-10
XEC,XEC.W^E14,2013-05-24,ESG-EGARCH(E),0.3649518080910703,5.285310405910374,E,2013-05-10
XEC,XEC.W^E14,2013-05-24,ESG-EGARCH(G),0.3663583672174442,5.326129096437765,G,2013-05-10
XEC,XEC.W^E14,2013-05-24,ESG-EGARCH(S),0.3657771425830042,5.309242779213785,S,2013-05-10
XEC,XEC.W^E14,2013-05-24,ESG-GARCH,0.3489980756826663,4.833319715484289,all,2013-05-10
XEC,XEC.W^E14,2013-05-24,ESG-GARCH(E),0.3485585033328465,4.821151993874365,E,2013-05-10
XEC,XEC.W^E14,2013-05-24,ESG-GARCH(G),0.3499592362780104,4.859978851440012,G,2013-05-10
XEC,XEC.W^E14,2013-05-24,ESG-GARCH(S),0.3493598573489131,4.843345632017974,S,2013-05-10
XEC,XEC.W^E14,2013-05-24,ESG-GJR-GARCH,0.352076615852629,4.918966009136497,all,2013-05-10
XEC,XEC.W^E14,2013-05-24,ESG-GJR-GARCH(E),0.3514588549034622,4.901719313097336,E,2013-05-10
XEC,XEC.W^E14,2013-05-24,ESG-GJR-GARCH(G),0.3537799508307309,4.966676730547398,G,2013-05-10
XEC,XEC.W^E14,2013-05-24,ESG-GJR-GARCH(S),0.3529366517066774,4.94302698880637,S,2013-05-10
XEC,XEC.W^E14,2013-05-24,GARCH,0.3463618141080682,4.760575645723495,,2013-05-10
XEC,XEC.W^E14,2013-05-24,GJR-GARCH,0.3531953504376849,4.950276014714249,,2013-05-10
XEC,XEC.W^E14,2013-05-28,EGARCH,0.3641659500932306,5.26257298441688,,2013-05-10
XEC,XEC.W^E14,2013-05-28,ESG-EGARCH,0.3653494465512373,5.296834051400612,all,2013-05-10
XEC,XEC.W^E14,2013-05-28,ESG-EGARCH(E),0.3649518080910703,5.285310405910374,E,2013-05-10
XEC,XEC.W^E14,2013-05-28,ESG-EGARCH(G),0.3663583672174442,5.326129096437765,G,2013-05-10
XEC,XEC.W^E14,2013-05-28,ESG-EGARCH(S),0.3657771425830042,5.309242779213785,S,2013-05-10
XEC,XEC.W^E14,2013-05-28,ESG-GARCH,0.3489980756826663,4.833319715484289,all,2013-05-10
XEC,XEC.W^E14,2013-05-28,ESG-GARCH(E),0.3485585033328465,4.821151993874365,E,2013-05-10
XEC,XEC.W^E14,2013-05-28,ESG-GARCH(G),0.3499592362780104,4.859978851440012,G,2013-05-10
XEC,XEC.W^E14,2013-05-28,ESG-GARCH(S),0.3493598573489131,4.843345632017974,S,2013-05-10
XEC,XEC.W^E14,2013-05-28,ESG-GJR-GARCH,0.352076615852629,4.918966009136497,all,2013-05-10
XEC,XEC.W^E14,2013-05-28,ESG-GJR-GARCH(E),0.3514588549034622,4.901719313097336,E,2013-05-10
XEC,XEC.W^E14,2013-05-28,ESG-GJR-GARCH(G),0.3537799508307309,4.966676730547398,G,2013-05-10
XEC,XEC.W^E14,2013-05-28,ESG-GJR-GARCH(S),0.3529366517066774,4.94302698880637,S,2013-05-10
XEC,XEC.W^E14,2013-05-28,GARCH,0.3463618141080682,4.760575645723495,,2013-05-10
XEC,XEC.W^E14,2013-05-28,GJR-GARCH,0.3531953504376849,4.950276014714249,,2013-05-10
XEC,XEC.W^E14,2013-05-29,EGARCH,0.3641659500932306,5.26257298441688,,2013-05-10
XEC,XEC.W^E14,2013-05-29,ESG-EGARCH,0.3653494465512373,5.296834051400612,all,2013-05-10
XEC,XEC.W^E14,2013-05-29,ESG-EGARCH(E),0.3649518080910703,5.285310405910374,E,2013-05-10
XEC,XEC.W^E14,2013-05-29,ESG-EGARCH(G),0.3663583672174442,5.326129096437765,G,2013-05-10
XEC,XEC.W^E14,2013-05-29,ESG-EGARCH(S),0.3657771425830042,5.309242779213785,S,2013-05-10
XEC,XEC.W^E14,2013-05-29,ESG-GARCH,0.3489980756826663,4.833319715484289,all,2013-05-10
XEC,XEC.W^E14,2013-05-29,ESG-GARCH(E),0.3485585033328465,4.821151993874365,E,2013-05-10
XEC,XEC.W^E14,2013-05-29,ESG-GARCH(G),0.3499592362780104,4.859978851440012,G,2013-05-10
XEC,XEC.W^E14,2013-05-29,ESG-GARCH(S),0.3493598573489131,4.843345632017974,S,2013-05-10
XEC,XEC.W^E14,2013-05-29,ESG-GJR-GARCH,0.352076615852629,4.918966009136497,all,2013-05-10
XEC,XEC.W^E14,2013-05-29,ESG-GJR-GARCH(E),0.3514588549034622,4.901719313097336,E,2013-05-10
XEC,XEC.W^E14,2013-05-29,ESG-GJR-GARCH(G),0.3537799508307309,4.966676730547398,G,2013-05-10
XEC,XEC.W^E14,2013-05-29,ESG-GJR-GARCH(S),0.3529366517066774,4.94302698880637,S,2013-05-10
XEC,XEC.W^E14,2013-05-29,GARCH,0.3463618141080682,4.760575645723495,,2013-05-10
XEC,XEC.W^E14,2013-05-29,GJR-GARCH,0.3531953504376849,4.950276014714249,,2013-05-10
XEC,XEC.W^E14,2013-05-30,EGARCH,0.3641659500932306,5.26257298441688,,2013-05-10
XEC,XEC.W^E14,2013-05-30,ESG-EGARCH,0.3653494465512373,5.296834051400612,all,2013-05-10
XEC,XEC.W^E14,2013-05-30,ESG-EGARCH(E),0.3649518080910703,5.285310405910374,E,2013-05-10
XEC,XEC.W^E14,2013-05-30,ESG-EGARCH(G),0.3663583672174442,5.326129096437765,G,2013-05-10
XEC,XEC.W^E14,2013-05-30,ESG-EGARCH(S),0.3657771425830042,5.309242779213785,S,2013-05-10
XEC,XEC.W^E14,2013-05-30,ESG-GARCH,0.3489980756826663,4.833319715484289,all,2013-05-10
XEC,XEC.W^E14,2013-05-30,ESG-GARCH(E),0.3485585033328465,4.821151993874365,E,2013-05-10
XEC,XEC.W^E14,2013-05-30,ESG-GARCH(G),0.3499592362780104,4.859978851440012,G,2013-05-10
XEC,XEC.W^E14,2013-05-30,ESG-GARCH(S),0.3493598573489131,4.843345632017974,S,2013-05-10
XEC,XEC.W^E14,2013-05-30,ESG-GJR-GARCH,0.352076615852629,4.918966009136497,all,2013-05-10
XEC,XEC.W^E14,2013-05-30,ESG-GJR-GARCH(E),0.3514588549034622,4.901719313097336,E,2013-05-10
XEC,XEC.W^E14,2013-05-30,ESG-GJR-GARCH(G),0.3537799508307309,4.966676730547398,G,2013-05-10
XEC,XEC.W^E14,2013-05-30,ESG-GJR-GARCH(S),0.3529366517066774,4.94302698880637,S,2013-05-10
XEC,XEC.W^E14,2013-05-30,GARCH,0.3463618141080682,4.760575645723495,,2013-05-10
XEC,XEC.W^E14,2013-05-30,GJR-GARCH,0.3531953504376849,4.950276014714249,,2013-05-10
XEC,XEC.W^E14,2013-05-31,EGARCH,0.3641659500932306,5.26257298441688,,2013-05-10
XEC,XEC.W^E14,2013-05-31,ESG-EGARCH,0.3653494465512373,5.296834051400612,all,2013-05-10
XEC,XEC.W^E14,2013-05-31,ESG-EGARCH(E),0.3649518080910703,5.285310405910374,E,2013-05-10
XEC,XEC.W^E14,2013-05-31,ESG-EGARCH(G),0.3663583672174442,5.326129096437765,G,2013-05-10
XEC,XEC.W^E14,2013-05-31,ESG-EGARCH(S),0.3657771425830042,5.309242779213785,S,2013-05-10
XEC,XEC.W^E14,2013-05-31,ESG-GARCH,0.3489980756826663,4.833319715484289,all,2013-05-10
XEC,XEC.W^E14,2013-05-31,ESG-GARCH(E),0.3485585033328465,4.821151993874365,E,2013-05-10
XEC,XEC.W^E14,2013-05-31,ESG-GARCH(G),0.3499592362780104,4.859978851440012,G,2013-05-10
XEC,XEC.W^E14,2013-05-31,ESG-GARCH(S),0.3493598573489131,4.843345632017974,S,2013-05-10
XEC,XEC.W^E14,2013-05-31,ESG-GJR-GARCH,0.352076615852629,4.918966009136497,all,2013-05-10
XEC,XEC.W^E14,2013-05-31,ESG-GJR-GARCH(E),0.3514588549034622,4.901719313097336,E,2013-05-10
XEC,XEC.W^E14,2013-05-31,ESG-GJR-GARCH(G),0.3537799508307309,4.966676730547398,G,2013-05-10
XEC,XEC.W^E14,2013-05-31,ESG-GJR-GARCH(S),0.3529366517066774,4.94302698880637,S,2013-05-10
XEC,XEC.W^E14,2013-05-31,GARCH,0.3463618141080682,4.760575645723495,,2013-05-10
XEC,XEC.W^E14,2013-05-31,GJR-GARCH,0.3531953504376849,4.950276014714249,,2013-05-10
XEC,XEC.W^E14,2013-06-03,EGARCH,0.3641659500932306,5.26257298441688,,2013-05-10
XEC,XEC.W^E14,2013-06-03,ESG-EGARCH,0.3653494465512373,5.296834051400612,all,2013-05-10
XEC,XEC.W^E14,2013-06-03,ESG-EGARCH(E),0.3649518080910703,5.285310405910374,E,2013-05-10
XEC,XEC.W^E14,2013-06-03,ESG-EGARCH(G),0.3663583672174442,5.326129096437765,G,2013-05-10
XEC,XEC.W^E14,2013-06-03,ESG-EGARCH(S),0.3657771425830042,5.309242779213785,S,2013-05-10
XEC,XEC.W^E14,2013-06-03,ESG-GARCH,0.3489980756826663,4.833319715484289,all,2013-05-10
XEC,XEC.W^E14,2013-06-03,ESG-GARCH(E),0.3485585033328465,4.821151993874365,E,2013-05-10
XEC,XEC.W^E14,2013-06-03,ESG-GARCH(G),0.3499592362780104,4.859978851440012,G,2013-05-10
XEC,XEC.W^E14,2013-06-03,ESG-GARCH(S),0.3493598573489131,4.843345632017974,S,2013-05-10
XEC,XEC.W^E14,2013-06-03,ESG-GJR-GARCH,0.352076615852629,4.918966009136497,all,2013-05-10
XEC,XEC.W^E14,2013-06-03,ESG-GJR-GARCH(E),0.3514588549034622,4.901719313097336,E,2013-05-10
XEC,XEC.W^E14,2013-06-03,ESG-GJR-GARCH(G),0.3537799508307309,4.966676730547398,G,2013-05-10
XEC,XEC.W^E14,2013-06-03,ESG-GJR-GARCH(S),0.3529366517066774,4.94302698880637,S,2013-05-10
XEC,XEC.W^E14,2013-06-03,GARCH,0.3463618141080682,4.760575645723495,,2013-05-10
XEC,XEC.W^E14,2013-06-03,GJR-GARCH,0.3531953504376849,4.950276014714249,,2013-05-10
XEC,XEC.W^E14,2013-06-04,EGARCH,0.3641659500932306,5.26257298441688,,2013-05-10
XEC,XEC.W^E14,2013-06-04,ESG-EGARCH,0.3653494465512373,5.296834051400612,all,2013-05-10
XEC,XEC.W^E14,2013-06-04,ESG-EGARCH(E),0.3649518080910703,5.285310405910374,E,2013-05-10
XEC,XEC.W^E14,2013-06-04,ESG-EGARCH(G),0.3663583672174442,5.326129096437765,G,2013-05-10
XEC,XEC.W^E14,2013-06-04,ESG-EGARCH(S),0.3657771425830042,5.309242779213785,S,2013-05-10
XEC,XEC.W^E14,2013-06-04,ESG-GARCH,0.3489980756826663,4.833319715484289,all,2013-05-10
XEC,XEC.W^E14,2013-06-04,ESG-GARCH(E),0.3485585033328465,4.821151993874365,E,2013-05-10
XEC,XEC.W^E14,2013-06-04,ESG-GARCH(G),0.3499592362780104,4.859978851440012,G,2013-05-10
XEC,XEC.W^E14,2013-06-04,ESG-GARCH(S),0.3493598573489131,4.843345632017974,S,2013-05-10
XEC,XEC.W^E14,2013-06-04,ESG-GJR-GARCH,0.352076615852629,4.918966009136497,all,2013-05-10
XEC,XEC.W^E14,2013-06-04,ESG-GJR-GARCH(E),0.3514588549034622,4.901719313097336,E,2013-05-10
XEC,XEC.W^E14,2013-06-04,ESG-GJR-GARCH(G),0.3537799508307309,4.966676730547398,G,2013-05-10
XEC,XEC.W^E14,2013-06-04,ESG-GJR-GARCH(S),0.3529366517066774,4.94302698880637,S,2013-05-10
XEC,XEC.W^E14,2013-06-04,GARCH,0.3463618141080682,4.760575645723495,,2013-05-10
XEC,XEC.W^E14,2013-06-04,GJR-GARCH,0.3531953504376849,4.950276014714249,,2013-05-10
XEC,XEC.W^E14,2013-06-05,EGARCH,0.3641659500932306,5.26257298441688,,2013-05-10
XEC,XEC.W^E14,2013-06-05,ESG-EGARCH,0.3653494465512373,5.296834051400612,all,2013-05-10
XEC,XEC.W^E14,2013-06-05,ESG-EGARCH(E),0.3649518080910703,5.285310405910374,E,2013-05-10
XEC,XEC.W^E14,2013-06-05,ESG-EGARCH(G),0.3663583672174442,5.326129096437765,G,2013-05-10
XEC,XEC.W^E14,2013-06-05,ESG-EGARCH(S),0.3657771425830042,5.309242779213785,S,2013-05-10
XEC,XEC.W^E14,2013-06-05,ESG-GARCH,0.3489980756826663,4.833319715484289,all,2013-05-10
XEC,XEC.W^E14,2013-06-05,ESG-GARCH(E),0.3485585033328465,4.821151993874365,E,2013-05-10
XEC,XEC.W^E14,2013-06-05,ESG-GARCH(G),0.3499592362780104,4.859978851440012,G,2013-05-10
XEC,XEC.W^E14,2013-06-05,ESG-GARCH(S),0.3493598573489131,4.843345632017974,S,2013-05-10
XEC,XEC.W^E14,2013-06-05,ESG-GJR-GARCH,0.352076615852629,4.918966009136497,all,2013-05-10
XEC,XEC.W^E14,2013-06-05,ESG-GJR-GARCH(E),0.3514588549034622,4.901719313097336,E,2013-05-10
XEC,XEC.W^E14,2013-06-05,ESG-GJR-GARCH(G),0.3537799508307309,4.966676730547398,G,2013-05-10
XEC,XEC.W^E14,2013-06-05,ESG-GJR-GARCH(S),0.3529366517066774,4.94302698880637,S,2013-05-10
XEC,XEC.W^E14,2013-06-05,GARCH,0.3463618141080682,4.760575645723495,,2013-05-10
XEC,XEC.W^E14,2013-06-05,GJR-GARCH,0.3531953504376849,4.950276014714249,,2013-05-10
XEC,XEC.W^E14,2013-06-06,EGARCH,0.3641659500932306,5.26257298441688,,2013-05-10
XEC,XEC.W^E14,2013-06-06,ESG-EGARCH,0.3653494465512373,5.296834051400612,all,2013-05-10
XEC,XEC.W^E14,2013-06-06,ESG-EGARCH(E),0.3649518080910703,5.285310405910374,E,2013-05-10
XEC,XEC.W^E14,2013-06-06,ESG-EGARCH(G),0.3663583672174442,5.326129096437765,G,2013-05-10
XEC,XEC.W^E14,2013-06-06,ESG-EGARCH(S),0.3657771425830042,5.309242779213785,S,2013-05-10
XEC,XEC.W^E14,2013-06-06,ESG-GARCH,0.3489980756826663,4.833319715484289,all,2013-05-10
XEC,XEC.W^E14,2013-06-06,ESG-GARCH(E),0.3485585033328465,4.821151993874365,E,2013-05-10
XEC,XEC.W^E14,2013-06-06,ESG-GARCH(G),0.3499592362780104,4.859978851440012,G,2013-05-10
XEC,XEC.W^E14,2013-06-06,ESG-GARCH(S),0.3493598573489131,4.843345632017974,S,2013-05-10
XEC,XEC.W^E14,2013-06-06,ESG-GJR-GARCH,0.352076615852629,4.918966009136497,all,2013-05-10
XEC,XEC.W^E14,2013-06-06,ESG-GJR-GARCH(E),0.3514588549034622,4.901719313097336,E,2013-05-10
XEC,XEC.W^E14,2013-06-06,ESG-GJR-GARCH(G),0.3537799508307309,4.966676730547398,G,2013-05-10
XEC,XEC.W^E14,2013-06-06,ESG-GJR-GARCH(S),0.3529366517066774,4.94302698880637,S,2013-05-10
XEC,XEC.W^E14,2013-06-06,GARCH,0.3463618141080682,4.760575645723495,,2013-05-10
XEC,XEC.W^E14,2013-06-06,GJR-GARCH,0.3531953504376849,4.950276014714249,,2013-05-10
XEC,XEC.W^E14,2013-06-07,EGARCH,0.3641659500932306,5.26257298441688,,2013-05-10
XEC,XEC.W^E14,2013-06-07,ESG-EGARCH,0.3653494465512373,5.296834051400612,all,2013-05-10
XEC,XEC.W^E14,2013-06-07,ESG-EGARCH(E),0.3649518080910703,5.285310405910374,E,2013-05-10
XEC,XEC.W^E14,2013-06-07,ESG-EGARCH(G),0.3663583672174442,5.326129096437765,G,2013-05-10
XEC,XEC.W^E14,2013-06-07,ESG-EGARCH(S),0.3657771425830042,5.309242779213785,S,2013-05-10
XEC,XEC.W^E14,2013-06-07,ESG-GARCH,0.3489980756826663,4.833319715484289,all,2013-05-10
XEC,XEC.W^E14,2013-06-07,ESG-GARCH(E),0.3485585033328465,4.821151993874365,E,2013-05-10
XEC,XEC.W^E14,2013-06-07,ESG-GARCH(G),0.3499592362780104,4.859978851440012,G,2013-05-10
XEC,XEC.W^E14,2013-06-07,ESG-GARCH(S),0.3493598573489131,4.843345632017974,S,2013-05-10
XEC,XEC.W^E14,2013-06-07,ESG-GJR-GARCH,0.352076615852629,4.918966009136497,all,2013-05-10
XEC,XEC.W^E14,2013-06-07,ESG-GJR-GARCH(E),0.3514588549034622,4.901719313097336,E,2013-05-10
XEC,XEC.W^E14,2013-06-07,ESG-GJR-GARCH(G),0.3537799508307309,4.966676730547398,G,2013-05-10
XEC,XEC.W^E14,2013-06-07,ESG-GJR-GARCH(S),0.3529366517066774,4.94302698880637,S,2013-05-10
XEC,XEC.W^E14,2013-06-07,GARCH,0.3463618141080682,4.760575645723495,,2013-05-10
XEC,XEC.W^E14,2013-06-07,GJR-GARCH,0.3531953504376849,4.950276014714249,,2013-05-10
XEC,XEC.W^E14,2013-06-10,EGARCH,0.3641659500932306,5.26257298441688,,2013-05-10
XEC,XEC.W^E14,2013-06-10,ESG-EGARCH,0.3653494465512373,5.296834051400612,all,2013-05-10
XEC,XEC.W^E14,2013-06-10,ESG-EGARCH(E),0.3649518080910703,5.285310405910374,E,2013-05-10
XEC,XEC.W^E14,2013-06-10,ESG-EGARCH(G),0.3663583672174442,5.326129096437765,G,2013-05-10
XEC,XEC.W^E14,2013-06-10,ESG-EGARCH(S),0.3657771425830042,5.309242779213785,S,2013-05-10
XEC,XEC.W^E14,2013-06-10,ESG-GARCH,0.3489980756826663,4.833319715484289,all,2013-05-10
XEC,XEC.W^E14,2013-06-10,ESG-GARCH(E),0.3485585033328465,4.821151993874365,E,2013-05-10
XEC,XEC.W^E14,2013-06-10,ESG-GARCH(G),0.3499592362780104,4.859978851440012,G,2013-05-10
XEC,XEC.W^E14,2013-06-10,ESG-GARCH(S),0.3493598573489131,4.843345632017974,S,2013-05-10
XEC,XEC.W^E14,2013-06-10,ESG-GJR-GARCH,0.352076615852629,4.918966009136497,all,2013-05-10
XEC,XEC.W^E14,2013-06-10,ESG-GJR-GARCH(E),0.3514588549034622,4.901719313097336,E,2013-05-10
XEC,XEC.W^E14,2013-06-10,ESG-GJR-GARCH(G),0.3537799508307309,4.966676730547398,G,2013-05-10
XEC,XEC.W^E14,2013-06-10,ESG-GJR-GARCH(S),0.3529366517066774,4.94302698880637,S,2013-05-10
XEC,XEC.W^E14,2013-06-10,GARCH,0.3463618141080682,4.760575645723495,,2013-05-10
XEC,XEC.W^E14,2013-06-10,GJR-GARCH,0.3531953504376849,4.950276014714249,,2013-05-10
XEC,XEC.W^E14,2013-06-11,EGARCH,0.3641659500932306,5.26257298441688,,2013-05-10
XEC,XEC.W^E14,2013-06-11,ESG-EGARCH,0.3653494465512373,5.296834051400612,all,2013-05-10
XEC,XEC.W^E14,2013-06-11,ESG-EGARCH(E),0.3649518080910703,5.285310405910374,E,2013-05-10
XEC,XEC.W^E14,2013-06-11,ESG-EGARCH(G),0.3663583672174442,5.326129096437765,G,2013-05-10
XEC,XEC.W^E14,2013-06-11,ESG-EGARCH(S),0.3657771425830042,5.309242779213785,S,2013-05-10
XEC,XEC.W^E14,2013-06-11,ESG-GARCH,0.3489980756826663,4.833319715484289,all,2013-05-10
XEC,XEC.W^E14,2013-06-11,ESG-GARCH(E),0.3485585033328465,4.821151993874365,E,2013-05-10
XEC,XEC.W^E14,2013-06-11,ESG-GARCH(G),0.3499592362780104,4.859978851440012,G,2013-05-10
XEC,XEC.W^E14,2013-06-11,ESG-GARCH(S),0.3493598573489131,4.843345632017974,S,2013-05-10
XEC,XEC.W^E14,2013-06-11,ESG-GJR-GARCH,0.352076615852629,4.918966009136497,all,2013-05-10
XEC,XEC.W^E14,2013-06-11,ESG-GJR-GARCH(E),0.3514588549034622,4.901719313097336,E,2013-05-10
XEC,XEC.W^E14,2013-06-11,ESG-GJR-GARCH(G),0.3537799508307309,4.966676730547398,G,2013-05-10
XEC,XEC.W^E14,2013-06-11,ESG-GJR-GARCH(S),0.3529366517066774,4.94302698880637,S,2013-05-10
XEC,XEC.W^E14,2013-06-11,GARCH,0.3463618141080682,4.760575645723495,,2013-05-10
XEC,XEC.W^E14,2013-06-11,GJR-GARCH,0.3531953504376849,4.950276014714249,,2013-05-10
XEC,XEC.W^E14,2013-06-12,EGARCH,0.3653682274998859,5.2973786375558864,,2013-06-12
XEC,XEC.W^E14,2013-06-12,ESG-EGARCH,0.355939456584987,5.0274959029371376,all,2013-06-12
XEC,XEC.W^E14,2013-06-12,ESG-EGARCH(E),0.3556231390618385,5.018564168103007,E,2013-06-12
XEC,XEC.W^E14,2013-06-12,ESG-EGARCH(G),0.3568433691566421,5.053063099645381,G,2013-06-12
XEC,XEC.W^E14,2013-06-12,ESG-EGARCH(S),0.3563227762296905,5.038330192858497,S,2013-06-12
XEC,XEC.W^E14,2013-06-12,ESG-GARCH,0.3415050810725081,4.628004777711918,all,2013-06-12
XEC,XEC.W^E14,2013-06-12,ESG-GARCH(E),0.3411627068821291,4.6187298637754575,E,2013-06-12
XEC,XEC.W^E14,2013-06-12,ESG-GARCH(G),0.3423773095161857,4.651675479029445,G,2013-06-12
XEC,XEC.W^E14,2013-06-12,ESG-GARCH(S),0.3418456956113402,4.637241254285758,S,2013-06-12
XEC,XEC.W^E14,2013-06-12,ESG-GJR-GARCH,0.3228845371268597,4.137080329985178,all,2013-06-12
XEC,XEC.W^E14,2013-06-12,ESG-GJR-GARCH(E),0.3223203820438924,4.122636058766696,E,2013-06-12
XEC,XEC.W^E14,2013-06-12,ESG-GJR-GARCH(G),0.3241407244480248,4.169333700225806,G,2013-06-12
XEC,XEC.W^E14,2013-06-12,ESG-GJR-GARCH(S),0.3235209101716998,4.153403941203377,S,2013-06-12
XEC,XEC.W^E14,2013-06-12,GARCH,0.3474354079011952,4.790133439026582,,2013-06-12
XEC,XEC.W^E14,2013-06-12,GJR-GARCH,0.3392058343454587,4.565896748174554,,2013-06-12
XEC,XEC.W^E14,2013-06-13,EGARCH,0.3653682274998859,5.2973786375558864,,2013-06-12
XEC,XEC.W^E14,2013-06-13,ESG-EGARCH,0.355939456584987,5.0274959029371376,all,2013-06-12
XEC,XEC.W^E14,2013-06-13,ESG-EGARCH(E),0.3556231390618385,5.018564168103007,E,2013-06-12
XEC,XEC.W^E14,2013-06-13,ESG-EGARCH(G),0.3568433691566421,5.053063099645381,G,2013-06-12
XEC,XEC.W^E14,2013-06-13,ESG-EGARCH(S),0.3563227762296905,5.038330192858497,S,2013-06-12
XEC,XEC.W^E14,2013-06-13,ESG-GARCH,0.3415050810725081,4.628004777711918,all,2013-06-12
XEC,XEC.W^E14,2013-06-13,ESG-GARCH(E),0.3411627068821291,4.6187298637754575,E,2013-06-12
XEC,XEC.W^E14,2013-06-13,ESG-GARCH(G),0.3423773095161857,4.651675479029445,G,2013-06-12
XEC,XEC.W^E14,2013-06-13,ESG-GARCH(S),0.3418456956113402,4.637241254285758,S,2013-06-12
XEC,XEC.W^E14,2013-06-13,ESG-GJR-GARCH,0.3228845371268597,4.137080329985178,all,2013-06-12
XEC,XEC.W^E14,2013-06-13,ESG-GJR-GARCH(E),0.3223203820438924,4.122636058766696,E,2013-06-12
XEC,XEC.W^E14,2013-06-13,ESG-GJR-GARCH(G),0.3241407244480248,4.169333700225806,G,2013-06-12
XEC,XEC.W^E14,2013-06-13,ESG-GJR-GARCH(S),0.3235209101716998,4.153403941203377,S,2013-06-12
XEC,XEC.W^E14,2013-06-13,GARCH,0.3474354079011952,4.790133439026582,,2013-06-12
XEC,XEC.W^E14,2013-06-13,GJR-GARCH,0.3392058343454587,4.565896748174554,,2013-06-12
XEC,XEC.W^E14,2013-06-14,EGARCH,0.3653682274998859,5.2973786375558864,,2013-06-12
XEC,XEC.W^E14,2013-06-14,ESG-EGARCH,0.355939456584987,5.0274959029371376,all,2013-06-12
XEC,XEC.W^E14,2013-06-14,ESG-EGARCH(E),0.3556231390618385,5.018564168103007,E,2013-06-12
XEC,XEC.W^E14,2013-06-14,ESG-EGARCH(G),0.3568433691566421,5.053063099645381,G,2013-06-12
XEC,XEC.W^E14,2013-06-14,ESG-EGARCH(S),0.3563227762296905,5.038330192858497,S,2013-06-12
XEC,XEC.W^E14,2013-06-14,ESG-GARCH,0.3415050810725081,4.628004777711918,all,2013-06-12
XEC,XEC.W^E14,2013-06-14,ESG-GARCH(E),0.3411627068821291,4.6187298637754575,E,2013-06-12
XEC,XEC.W^E14,2013-06-14,ESG-GARCH(G),0.3423773095161857,4.651675479029445,G,2013-06-12
XEC,XEC.W^E14,2013-06-14,ESG-GARCH(S),0.3418456956113402,4.637241254285758,S,2013-06-12
XEC,XEC.W^E14,2013-06-14,ESG-GJR-GARCH,0.3228845371268597,4.137080329985178,all,2013-06-12
XEC,XEC.W^E14,2013-06-14,ESG-GJR-GARCH(E),0.3223203820438924,4.122636058766696,E,2013-06-12
XEC,XEC.W^E14,2013-06-14,ESG-GJR-GARCH(G),0.3241407244480248,4.169333700225806,G,2013-06-12
XEC,XEC.W^E14,2013-06-14,ESG-GJR-GARCH(S),0.3235209101716998,4.153403941203377,S,2013-06-12
XEC,XEC.W^E14,2013-06-14,GARCH,0.3474354079011952,4.790133439026582,,2013-06-12
XEC,XEC.W^E14,2013-06-14,GJR-GARCH,0.3392058343454587,4.565896748174554,,2013-06-12
XEC,XEC.W^E14,2013-06-17,EGARCH,0.3653682274998859,5.2973786375558864,,2013-06-12
XEC,XEC.W^E14,2013-06-17,ESG-EGARCH,0.355939456584987,5.0274959029371376,all,2013-06-12
XEC,XEC.W^E14,2013-06-17,ESG-EGARCH(E),0.3556231390618385,5.018564168103007,E,2013-06-12
XEC,XEC.W^E14,2013-06-17,ESG-EGARCH(G),0.3568433691566421,5.053063099645381,G,2013-06-12
XEC,XEC.W^E14,2013-06-17,ESG-EGARCH(S),0.3563227762296905,5.038330192858497,S,2013-06-12
XEC,XEC.W^E14,2013-06-17,ESG-GARCH,0.3415050810725081,4.628004777711918,all,2013-06-12
XEC,XEC.W^E14,2013-06-17,ESG-GARCH(E),0.3411627068821291,4.6187298637754575,E,2013-06-12
XEC,XEC.W^E14,2013-06-17,ESG-GARCH(G),0.3423773095161857,4.651675479029445,G,2013-06-12
XEC,XEC.W^E14,2013-06-17,ESG-GARCH(S),0.3418456956113402,4.637241254285758,S,2013-06-12
XEC,XEC.W^E14,2013-06-17,ESG-GJR-GARCH,0.3228845371268597,4.137080329985178,all,2013-06-12
XEC,XEC.W^E14,2013-06-17,ESG-GJR-GARCH(E),0.3223203820438924,4.122636058766696,E,2013-06-12
XEC,XEC.W^E14,2013-06-17,ESG-GJR-GARCH(G),0.3241407244480248,4.169333700225806,G,2013-06-12
XEC,XEC.W^E14,2013-06-17,ESG-GJR-GARCH(S),0.3235209101716998,4.153403941203377,S,2013-06-12
XEC,XEC.W^E14,2013-06-17,GARCH,0.3474354079011952,4.790133439026582,,2013-06-12
XEC,XEC.W^E14,2013-06-17,GJR-GARCH,0.3392058343454587,4.565896748174554,,2013-06-12
XEC,XEC.W^E14,2013-06-18,EGARCH,0.3653682274998859,5.2973786375558864,,2013-06-12
XEC,XEC.W^E14,2013-06-18,ESG-EGARCH,0.355939456584987,5.0274959029371376,all,2013-06-12
XEC,XEC.W^E14,2013-06-18,ESG-EGARCH(E),0.3556231390618385,5.018564168103007,E,2013-06-12
XEC,XEC.W^E14,2013-06-18,ESG-EGARCH(G),0.3568433691566421,5.053063099645381,G,2013-06-12
XEC,XEC.W^E14,2013-06-18,ESG-EGARCH(S),0.3563227762296905,5.038330192858497,S,2013-06-12
XEC,XEC.W^E14,2013-06-18,ESG-GARCH,0.3415050810725081,4.628004777711918,all,2013-06-12
XEC,XEC.W^E14,2013-06-18,ESG-GARCH(E),0.3411627068821291,4.6187298637754575,E,2013-06-12
XEC,XEC.W^E14,2013-06-18,ESG-GARCH(G),0.3423773095161857,4.651675479029445,G,2013-06-12
XEC,XEC.W^E14,2013-06-18,ESG-GARCH(S),0.3418456956113402,4.637241254285758,S,2013-06-12
XEC,XEC.W^E14,2013-06-18,ESG-GJR-GARCH,0.3228845371268597,4.137080329985178,all,2013-06-12
XEC,XEC.W^E14,2013-06-18,ESG-GJR-GARCH(E),0.3223203820438924,4.122636058766696,E,2013-06-12
XEC,XEC.W^E14,2013-06-18,ESG-GJR-GARCH(G),0.3241407244480248,4.169333700225806,G,2013-06-12
XEC,XEC.W^E14,2013-06-18,ESG-GJR-GARCH(S),0.3235209101716998,4.153403941203377,S,2013-06-12
XEC,XEC.W^E14,2013-06-18,GARCH,0.3474354079011952,4.790133439026582,,2013-06-12
XEC,XEC.W^E14,2013-06-18,GJR-GARCH,0.3392058343454587,4.565896748174554,,2013-06-12
XEC,XEC.W^E14,2013-06-19,EGARCH,0.3653682274998859,5.2973786375558864,,2013-06-12
XEC,XEC.W^E14,2013-06-19,ESG-EGARCH,0.355939456584987,5.0274959029371376,all,2013-06-12
XEC,XEC.W^E14,2013-06-19,ESG-EGARCH(E),0.3556231390618385,5.018564168103007,E,2013-06-12
XEC,XEC.W^E14,2013-06-19,ESG-EGARCH(G),0.3568433691566421,5.053063099645381,G,2013-06-12
XEC,XEC.W^E14,2013-06-19,ESG-EGARCH(S),0.3563227762296905,5.038330192858497,S,2013-06-12
XEC,XEC.W^E14,2013-06-19,ESG-GARCH,0.3415050810725081,4.628004777711918,all,2013-06-12
XEC,XEC.W^E14,2013-06-19,ESG-GARCH(E),0.3411627068821291,4.6187298637754575,E,2013-06-12
XEC,XEC.W^E14,2013-06-19,ESG-GARCH(G),0.3423773095161857,4.651675479029445,G,2013-06-12
XEC,XEC.W^E14,2013-06-19,ESG-GARCH(S),0.3418456956113402,4.637241254285758,S,2013-06-12
XEC,XEC.W^E14,2013-06-19,ESG-GJR-GARCH,0.3228845371268597,4.137080329985178,all,2013-06-12
XEC,XEC.W^E14,2013-06-19,ESG-GJR-GARCH(E),0.3223203820438924,4.122636058766696,E,2013-06-12
XEC,XEC.W^E14,2013-06-19,ESG-GJR-GARCH(G),0.3241407244480248,4.169333700225806,G,2013-06-12
XEC,XEC.W^E14,2013-06-19,ESG-GJR-GARCH(S),0.3235209101716998,4.153403941203377,S,2013-06-12
XEC,XEC.W^E14,2013-06-19,GARCH,0.3474354079011952,4.790133439026582,,2013-06-12
XEC,XEC.W^E14,2013-06-19,GJR-GARCH,0.3392058343454587,4.565896748174554,,2013-06-12
XEC,XEC.W^E14,2013-06-20,EGARCH,0.3653682274998859,5.2973786375558864,,2013-06-12
XEC,XEC.W^E14,2013-06-20,ESG-EGARCH,0.355939456584987,5.0274959029371376,all,2013-06-12
XEC,XEC.W^E14,2013-06-20,ESG-EGARCH(E),0.3556231390618385,5.018564168103007,E,2013-06-12
XEC,XEC.W^E14,2013-06-20,ESG-EGARCH(G),0.3568433691566421,5.053063099645381,G,2013-06-12
XEC,XEC.W^E14,2013-06-20,ESG-EGARCH(S),0.3563227762296905,5.038330192858497,S,2013-06-12
XEC,XEC.W^E14,2013-06-20,ESG-GARCH,0.3415050810725081,4.628004777711918,all,2013-06-12
XEC,XEC.W^E14,2013-06-20,ESG-GARCH(E),0.3411627068821291,4.6187298637754575,E,2013-06-12
XEC,XEC.W^E14,2013-06-20,ESG-GARCH(G),0.3423773095161857,4.651675479029445,G,2013-06-12
XEC,XEC.W^E14,2013-06-20,ESG-GARCH(S),0.3418456956113402,4.637241254285758,S,2013-06-12
XEC,XEC.W^E14,2013-06-20,ESG-GJR-GARCH,0.3228845371268597,4.137080329985178,all,2013-06-12
XEC,XEC.W^E14,2013-06-20,ESG-GJR-GARCH(E),0.3223203820438924,4.122636058766696,E,2013-06-12
XEC,XEC.W^E14,2013-06-20,ESG-GJR-GARCH(G),0.3241407244480248,4.169333700225806,G,2013-06-12
XEC,XEC.W^E14,2013-06-20,ESG-GJR-GARCH(S),0.3235209101716998,4.153403941203377,S,2013-06-12
XEC,XEC.W^E14,2013-06-20,GARCH,0.3474354079011952,4.790133439026582,,2013-06-12
XEC,XEC.W^E14,2013-06-20,GJR-GARCH,0.3392058343454587,4.565896748174554,,2013-06-12
XEC,XEC.W^E14,2013-06-21,EGARCH,0.3653682274998859,5.2973786375558864,,2013-06-12
XEC,XEC.W^E14,2013-06-21,ESG-EGARCH,0.355939456584987,5.0274959029371376,all,2013-06-12
XEC,XEC.W^E14,2013-06-21,ESG-EGARCH(E),0.3556231390618385,5.018564168103007,E,2013-06-12
XEC,XEC.W^E14,2013-06-21,ESG-EGARCH(G),0.3568433691566421,5.053063099645381,G,2013-06-12
XEC,XEC.W^E14,2013-06-21,ESG-EGARCH(S),0.3563227762296905,5.038330192858497,S,2013-06-12
XEC,XEC.W^E14,2013-06-21,ESG-GARCH,0.3415050810725081,4.628004777711918,all,2013-06-12
XEC,XEC.W^E14,2013-06-21,ESG-GARCH(E),0.3411627068821291,4.6187298637754575,E,2013-06-12
XEC,XEC.W^E14,2013-06-21,ESG-GARCH(G),0.3423773095161857,4.651675479029445,G,2013-06-12
XEC,XEC.W^E14,2013-06-21,ESG-GARCH(S),0.3418456956113402,4.637241254285758,S,2013-06-12
XEC,XEC.W^E14,2013-06-21,ESG-GJR-GARCH,0.3228845371268597,4.137080329985178,all,2013-06-12
XEC,XEC.W^E14,2013-06-21,ESG-GJR-GARCH(E),0.3223203820438924,4.122636058766696,E,2013-06-12
XEC,XEC.W^E14,2013-06-21,ESG-GJR-GARCH(G),0.3241407244480248,4.169333700225806,G,2013-06-12
XEC,XEC.W^E14,2013-06-21,ESG-GJR-GARCH(S),0.3235209101716998,4.153403941203377,S,2013-06-12
XEC,XEC.W^E14,2013-06-21,GARCH,0.3474354079011952,4.790133439026582,,2013-06-12
XEC,XEC.W^E14,2013-06-21,GJR-GARCH,0.3392058343454587,4.565896748174554,,2013-06-12
XEC,XEC.W^E14,2013-06-24,EGARCH,0.3653682274998859,5.2973786375558864,,2013-06-12
XEC,XEC.W^E14,2013-06-24,ESG-EGARCH,0.355939456584987,5.0274959029371376,all,2013-06-12
XEC,XEC.W^E14,2013-06-24,ESG-EGARCH(E),0.3556231390618385,5.018564168103007,E,2013-06-12
XEC,XEC.W^E14,2013-06-24,ESG-EGARCH(G),0.3568433691566421,5.053063099645381,G,2013-06-12
XEC,XEC.W^E14,2013-06-24,ESG-EGARCH(S),0.3563227762296905,5.038330192858497,S,2013-06-12
XEC,XEC.W^E14,2013-06-24,ESG-GARCH,0.3415050810725081,4.628004777711918,all,2013-06-12
XEC,XEC.W^E14,2013-06-24,ESG-GARCH(E),0.3411627068821291,4.6187298637754575,E,2013-06-12
XEC,XEC.W^E14,2013-06-24,ESG-GARCH(G),0.3423773095161857,4.651675479029445,G,2013-06-12
XEC,XEC.W^E14,2013-06-24,ESG-GARCH(S),0.3418456956113402,4.637241254285758,S,2013-06-12
XEC,XEC.W^E14,2013-06-24,ESG-GJR-GARCH,0.3228845371268597,4.137080329985178,all,2013-06-12
XEC,XEC.W^E14,2013-06-24,ESG-GJR-GARCH(E),0.3223203820438924,4.122636058766696,E,2013-06-12
XEC,XEC.W^E14,2013-06-24,ESG-GJR-GARCH(G),0.3241407244480248,4.169333700225806,G,2013-06-12
XEC,XEC.W^E14,2013-06-24,ESG-GJR-GARCH(S),0.3235209101716998,4.153403941203377,S,2013-06-12
XEC,XEC.W^E14,2013-06-24,GARCH,0.3474354079011952,4.790133439026582,,2013-06-12
XEC,XEC.W^E14,2013-06-24,GJR-GARCH,0.3392058343454587,4.565896748174554,,2013-06-12
XEC,XEC.W^E14,2013-06-25,EGARCH,0.3653682274998859,5.2973786375558864,,2013-06-12
XEC,XEC.W^E14,2013-06-25,ESG-EGARCH,0.355939456584987,5.0274959029371376,all,2013-06-12
XEC,XEC.W^E14,2013-06-25,ESG-EGARCH(E),0.3556231390618385,5.018564168103007,E,2013-06-12
XEC,XEC.W^E14,2013-06-25,ESG-EGARCH(G),0.3568433691566421,5.053063099645381,G,2013-06-12
XEC,XEC.W^E14,2013-06-25,ESG-EGARCH(S),0.3563227762296905,5.038330192858497,S,2013-06-12
XEC,XEC.W^E14,2013-06-25,ESG-GARCH,0.3415050810725081,4.628004777711918,all,2013-06-12
XEC,XEC.W^E14,2013-06-25,ESG-GARCH(E),0.3411627068821291,4.6187298637754575,E,2013-06-12
XEC,XEC.W^E14,2013-06-25,ESG-GARCH(G),0.3423773095161857,4.651675479029445,G,2013-06-12
XEC,XEC.W^E14,2013-06-25,ESG-GARCH(S),0.3418456956113402,4.637241254285758,S,2013-06-12
XEC,XEC.W^E14,2013-06-25,ESG-GJR-GARCH,0.3228845371268597,4.137080329985178,all,2013-06-12
XEC,XEC.W^E14,2013-06-25,ESG-GJR-GARCH(E),0.3223203820438924,4.122636058766696,E,2013-06-12
XEC,XEC.W^E14,2013-06-25,ESG-GJR-GARCH(G),0.3241407244480248,4.169333700225806,G,2013-06-12
XEC,XEC.W^E14,2013-06-25,ESG-GJR-GARCH(S),0.3235209101716998,4.153403941203377,S,2013-06-12
XEC,XEC.W^E14,2013-06-25,GARCH,0.3474354079011952,4.790133439026582,,2013-06-12
XEC,XEC.W^E14,2013-06-25,GJR-GARCH,0.3392058343454587,4.565896748174554,,2013-06-12
XEC,XEC.W^E14,2013-06-26,EGARCH,0.3653682274998859,5.2973786375558864,,2013-06-12
XEC,XEC.W^E14,2013-06-26,ESG-EGARCH,0.355939456584987,5.0274959029371376,all,2013-06-12
XEC,XEC.W^E14,2013-06-26,ESG-EGARCH(E),0.3556231390618385,5.018564168103007,E,2013-06-12
XEC,XEC.W^E14,2013-06-26,ESG-EGARCH(G),0.3568433691566421,5.053063099645381,G,2013-06-12
XEC,XEC.W^E14,2013-06-26,ESG-EGARCH(S),0.3563227762296905,5.038330192858497,S,2013-06-12
XEC,XEC.W^E14,2013-06-26,ESG-GARCH,0.3415050810725081,4.628004777711918,all,2013-06-12
XEC,XEC.W^E14,2013-06-26,ESG-GARCH(E),0.3411627068821291,4.6187298637754575,E,2013-06-12
XEC,XEC.W^E14,2013-06-26,ESG-GARCH(G),0.3423773095161857,4.651675479029445,G,2013-06-12
XEC,XEC.W^E14,2013-06-26,ESG-GARCH(S),0.3418456956113402,4.637241254285758,S,2013-06-12
XEC,XEC.W^E14,2013-06-26,ESG-GJR-GARCH,0.3228845371268597,4.137080329985178,all,2013-06-12
XEC,XEC.W^E14,2013-06-26,ESG-GJR-GARCH(E),0.3223203820438924,4.122636058766696,E,2013-06-12
XEC,XEC.W^E14,2013-06-26,ESG-GJR-GARCH(G),0.3241407244480248,4.169333700225806,G,2013-06-12
XEC,XEC.W^E14,2013-06-26,ESG-GJR-GARCH(S),0.3235209101716998,4.153403941203377,S,2013-06-12
XEC,XEC.W^E14,2013-06-26,GARCH,0.3474354079011952,4.790133439026582,,2013-06-12
XEC,XEC.W^E14,2013-06-26,GJR-GARCH,0.3392058343454587,4.565896748174554,,2013-06-12
XEC,XEC.W^E14,2013-06-27,EGARCH,0.3653682274998859,5.2973786375558864,,2013-06-12
XEC,XEC.W^E14,2013-06-27,ESG-EGARCH,0.355939456584987,5.0274959029371376,all,2013-06-12
XEC,XEC.W^E14,2013-06-27,ESG-EGARCH(E),0.3556231390618385,5.018564168103007,E,2013-06-12
XEC,XEC.W^E14,2013-06-27,ESG-EGARCH(G),0.3568433691566421,5.053063099645381,G,2013-06-12
XEC,XEC.W^E14,2013-06-27,ESG-EGARCH(S),0.3563227762296905,5.038330192858497,S,2013-06-12
XEC,XEC.W^E14,2013-06-27,ESG-GARCH,0.3415050810725081,4.628004777711918,all,2013-06-12
XEC,XEC.W^E14,2013-06-27,ESG-GARCH(E),0.3411627068821291,4.6187298637754575,E,2013-06-12
XEC,XEC.W^E14,2013-06-27,ESG-GARCH(G),0.3423773095161857,4.651675479029445,G,2013-06-12
XEC,XEC.W^E14,2013-06-27,ESG-GARCH(S),0.3418456956113402,4.637241254285758,S,2013-06-12
XEC,XEC.W^E14,2013-06-27,ESG-GJR-GARCH,0.3228845371268597,4.137080329985178,all,2013-06-12
XEC,XEC.W^E14,2013-06-27,ESG-GJR-GARCH(E),0.3223203820438924,4.122636058766696,E,2013-06-12
XEC,XEC.W^E14,2013-06-27,ESG-GJR-GARCH(G),0.3241407244480248,4.169333700225806,G,2013-06-12
XEC,XEC.W^E14,2013-06-27,ESG-GJR-GARCH(S),0.3235209101716998,4.153403941203377,S,2013-06-12
XEC,XEC.W^E14,2013-06-27,GARCH,0.3474354079011952,4.790133439026582,,2013-06-12
XEC,XEC.W^E14,2013-06-27,GJR-GARCH,0.3392058343454587,4.565896748174554,,2013-06-12
XEC,XEC.W^E14,2013-06-28,EGARCH,0.3653682274998859,5.2973786375558864,,2013-06-12
XEC,XEC.W^E14,2013-06-28,ESG-EGARCH,0.355939456584987,5.0274959029371376,all,2013-06-12
XEC,XEC.W^E14,2013-06-28,ESG-EGARCH(E),0.3556231390618385,5.018564168103007,E,2013-06-12
XEC,XEC.W^E14,2013-06-28,ESG-EGARCH(G),0.3568433691566421,5.053063099645381,G,2013-06-12
XEC,XEC.W^E14,2013-06-28,ESG-EGARCH(S),0.3563227762296905,5.038330192858497,S,2013-06-12
XEC,XEC.W^E14,2013-06-28,ESG-GARCH,0.3415050810725081,4.628004777711918,all,2013-06-12
XEC,XEC.W^E14,2013-06-28,ESG-GARCH(E),0.3411627068821291,4.6187298637754575,E,2013-06-12
XEC,XEC.W^E14,2013-06-28,ESG-GARCH(G),0.3423773095161857,4.651675479029445,G,2013-06-12
XEC,XEC.W^E14,2013-06-28,ESG-GARCH(S),0.3418456956113402,4.637241254285758,S,2013-06-12
XEC,XEC.W^E14,2013-06-28,ESG-GJR-GARCH,0.3228845371268597,4.137080329985178,all,2013-06-12
XEC,XEC.W^E14,2013-06-28,ESG-GJR-GARCH(E),0.3223203820438924,4.122636058766696,E,2013-06-12
XEC,XEC.W^E14,2013-06-28,ESG-GJR-GARCH(G),0.3241407244480248,4.169333700225806,G,2013-06-12
XEC,XEC.W^E14,2013-06-28,ESG-GJR-GARCH(S),0.3235209101716998,4.153403941203377,S,2013-06-12
XEC,XEC.W^E14,2013-06-28,GARCH,0.3474354079011952,4.790133439026582,,2013-06-12
XEC,XEC.W^E14,2013-06-28,GJR-GARCH,0.3392058343454587,4.565896748174554,,2013-06-12
XEC,XEC.W^E14,2013-07-01,EGARCH,0.3653682274998859,5.2973786375558864,,2013-06-12
XEC,XEC.W^E14,2013-07-01,ESG-EGARCH,0.355939456584987,5.0274959029371376,all,2013-06-12
XEC,XEC.W^E14,2013-07-01,ESG-EGARCH(E),0.3556231390618385,5.018564168103007,E,2013-06-12
XEC,XEC.W^E14,2013-07-01,ESG-EGARCH(G),0.3568433691566421,5.053063099645381,G,2013-06-12
XEC,XEC.W^E14,2013-07-01,ESG-EGARCH(S),0.3563227762296905,5.038330192858497,S,2013-06-12
XEC,XEC.W^E14,2013-07-01,ESG-GARCH,0.3415050810725081,4.628004777711918,all,2013-06-12
XEC,XEC.W^E14,2013-07-01,ESG-GARCH(E),0.3411627068821291,4.6187298637754575,E,2013-06-12
XEC,XEC.W^E14,2013-07-01,ESG-GARCH(G),0.3423773095161857,4.651675479029445,G,2013-06-12
XEC,XEC.W^E14,2013-07-01,ESG-GARCH(S),0.3418456956113402,4.637241254285758,S,2013-06-12
XEC,XEC.W^E14,2013-07-01,ESG-GJR-GARCH,0.3228845371268597,4.137080329985178,all,2013-06-12
XEC,XEC.W^E14,2013-07-01,ESG-GJR-GARCH(E),0.3223203820438924,4.122636058766696,E,2013-06-12
XEC,XEC.W^E14,2013-07-01,ESG-GJR-GARCH(G),0.3241407244480248,4.169333700225806,G,2013-06-12
XEC,XEC.W^E14,2013-07-01,ESG-GJR-GARCH(S),0.3235209101716998,4.153403941203377,S,2013-06-12
XEC,XEC.W^E14,2013-07-01,GARCH,0.3474354079011952,4.790133439026582,,2013-06-12
XEC,XEC.W^E14,2013-07-01,GJR-GARCH,0.3392058343454587,4.565896748174554,,2013-06-12
XEC,XEC.W^E14,2013-07-02,EGARCH,0.3653682274998859,5.2973786375558864,,2013-06-12
XEC,XEC.W^E14,2013-07-02,ESG-EGARCH,0.355939456584987,5.0274959029371376,all,2013-06-12
XEC,XEC.W^E14,2013-07-02,ESG-EGARCH(E),0.3556231390618385,5.018564168103007,E,2013-06-12
XEC,XEC.W^E14,2013-07-02,ESG-EGARCH(G),0.3568433691566421,5.053063099645381,G,2013-06-12
XEC,XEC.W^E14,2013-07-02,ESG-EGARCH(S),0.3563227762296905,5.038330192858497,S,2013-06-12
XEC,XEC.W^E14,2013-07-02,ESG-GARCH,0.3415050810725081,4.628004777711918,all,2013-06-12
XEC,XEC.W^E14,2013-07-02,ESG-GARCH(E),0.3411627068821291,4.6187298637754575,E,2013-06-12
XEC,XEC.W^E14,2013-07-02,ESG-GARCH(G),0.3423773095161857,4.651675479029445,G,2013-06-12
XEC,XEC.W^E14,2013-07-02,ESG-GARCH(S),0.3418456956113402,4.637241254285758,S,2013-06-12
XEC,XEC.W^E14,2013-07-02,ESG-GJR-GARCH,0.3228845371268597,4.137080329985178,all,2013-06-12
XEC,XEC.W^E14,2013-07-02,ESG-GJR-GARCH(E),0.3223203820438924,4.122636058766696,E,2013-06-12
XEC,XEC.W^E14,2013-07-02,ESG-GJR-GARCH(G),0.3241407244480248,4.169333700225806,G,2013-06-12
XEC,XEC.W^E14,2013-07-02,ESG-GJR-GARCH(S),0.3235209101716998,4.153403941203377,S,2013-06-12
XEC,XEC.W^E14,2013-07-02,GARCH,0.3474354079011952,4.790133439026582,,2013-06-12
XEC,XEC.W^E14,2013-07-02,GJR-GARCH,0.3392058343454587,4.565896748174554,,2013-06-12
XEC,XEC.W^E14,2013-07-03,EGARCH,0.3653682274998859,5.2973786375558864,,2013-06-12
XEC,XEC.W^E14,2013-07-03,ESG-EGARCH,0.355939456584987,5.0274959029371376,all,2013-06-12
XEC,XEC.W^E14,2013-07-03,ESG-EGARCH(E),0.3556231390618385,5.018564168103007,E,2013-06-12
XEC,XEC.W^E14,2013-07-03,ESG-EGARCH(G),0.3568433691566421,5.053063099645381,G,2013-06-12
XEC,XEC.W^E14,2013-07-03,ESG-EGARCH(S),0.3563227762296905,5.038330192858497,S,2013-06-12
XEC,XEC.W^E14,2013-07-03,ESG-GARCH,0.3415050810725081,4.628004777711918,all,2013-06-12
XEC,XEC.W^E14,2013-07-03,ESG-GARCH(E),0.3411627068821291,4.6187298637754575,E,2013-06-12
XEC,XEC.W^E14,2013-07-03,ESG-GARCH(G),0.3423773095161857,4.651675479029445,G,2013-06-12
XEC,XEC.W^E14,2013-07-03,ESG-GARCH(S),0.3418456956113402,4.637241254285758,S,2013-06-12
XEC,XEC.W^E14,2013-07-03,ESG-GJR-GARCH,0.3228845371268597,4.137080329985178,all,2013-06-12
XEC,XEC.W^E14,2013-07-03,ESG-GJR-GARCH(E),0.3223203820438924,4.122636058766696,E,2013-06-12
XEC,XEC.W^E14,2013-07-03,ESG-GJR-GARCH(G),0.3241407244480248,4.169333700225806,G,2013-06-12
XEC,XEC.W^E14,2013-07-03,ESG-GJR-GARCH(S),0.3235209101716998,4.153403941203377,S,2013-06-12
XEC,XEC.W^E14,2013-07-03,GARCH,0.3474354079011952,4.790133439026582,,2013-06-12
XEC,XEC.W^E14,2013-07-03,GJR-GARCH,0.3392058343454587,4.565896748174554,,2013-06-12
XEC,XEC.W^E14,2013-07-05,EGARCH,0.3653682274998859,5.2973786375558864,,2013-06-12
XEC,XEC.W^E14,2013-07-05,ESG-EGARCH,0.355939456584987,5.0274959029371376,all,2013-06-12
XEC,XEC.W^E14,2013-07-05,ESG-EGARCH(E),0.3556231390618385,5.018564168103007,E,2013-06-12
XEC,XEC.W^E14,2013-07-05,ESG-EGARCH(G),0.3568433691566421,5.053063099645381,G,2013-06-12
XEC,XEC.W^E14,2013-07-05,ESG-EGARCH(S),0.3563227762296905,5.038330192858497,S,2013-06-12
XEC,XEC.W^E14,2013-07-05,ESG-GARCH,0.3415050810725081,4.628004777711918,all,2013-06-12
XEC,XEC.W^E14,2013-07-05,ESG-GARCH(E),0.3411627068821291,4.6187298637754575,E,2013-06-12
XEC,XEC.W^E14,2013-07-05,ESG-GARCH(G),0.3423773095161857,4.651675479029445,G,2013-06-12
XEC,XEC.W^E14,2013-07-05,ESG-GARCH(S),0.3418456956113402,4.637241254285758,S,2013-06-12
XEC,XEC.W^E14,2013-07-05,ESG-GJR-GARCH,0.3228845371268597,4.137080329985178,all,2013-06-12
XEC,XEC.W^E14,2013-07-05,ESG-GJR-GARCH(E),0.3223203820438924,4.122636058766696,E,2013-06-12
XEC,XEC.W^E14,2013-07-05,ESG-GJR-GARCH(G),0.3241407244480248,4.169333700225806,G,2013-06-12
XEC,XEC.W^E14,2013-07-05,ESG-GJR-GARCH(S),0.3235209101716998,4.153403941203377,S,2013-06-12
XEC,XEC.W^E14,2013-07-05,GARCH,0.3474354079011952,4.790133439026582,,2013-06-12
XEC,XEC.W^E14,2013-07-05,GJR-GARCH,0.3392058343454587,4.565896748174554,,2013-06-12
XEC,XEC.W^E14,2013-07-08,EGARCH,0.3653682274998859,5.2973786375558864,,2013-06-12
XEC,XEC.W^E14,2013-07-08,ESG-EGARCH,0.355939456584987,5.0274959029371376,all,2013-06-12
XEC,XEC.W^E14,2013-07-08,ESG-EGARCH(E),0.3556231390618385,5.018564168103007,E,2013-06-12
XEC,XEC.W^E14,2013-07-08,ESG-EGARCH(G),0.3568433691566421,5.053063099645381,G,2013-06-12
XEC,XEC.W^E14,2013-07-08,ESG-EGARCH(S),0.3563227762296905,5.038330192858497,S,2013-06-12
XEC,XEC.W^E14,2013-07-08,ESG-GARCH,0.3415050810725081,4.628004777711918,all,2013-06-12
XEC,XEC.W^E14,2013-07-08,ESG-GARCH(E),0.3411627068821291,4.6187298637754575,E,2013-06-12
XEC,XEC.W^E14,2013-07-08,ESG-GARCH(G),0.3423773095161857,4.651675479029445,G,2013-06-12
XEC,XEC.W^E14,2013-07-08,ESG-GARCH(S),0.3418456956113402,4.637241254285758,S,2013-06-12
XEC,XEC.W^E14,2013-07-08,ESG-GJR-GARCH,0.3228845371268597,4.137080329985178,all,2013-06-12
XEC,XEC.W^E14,2013-07-08,ESG-GJR-GARCH(E),0.3223203820438924,4.122636058766696,E,2013-06-12
XEC,XEC.W^E14,2013-07-08,ESG-GJR-GARCH(G),0.3241407244480248,4.169333700225806,G,2013-06-12
XEC,XEC.W^E14,2013-07-08,ESG-GJR-GARCH(S),0.3235209101716998,4.153403941203377,S,2013-06-12
XEC,XEC.W^E14,2013-07-08,GARCH,0.3474354079011952,4.790133439026582,,2013-06-12
XEC,XEC.W^E14,2013-07-08,GJR-GARCH,0.3392058343454587,4.565896748174554,,2013-06-12
XEC,XEC.W^E14,2013-07-09,EGARCH,0.3653682274998859,5.2973786375558864,,2013-06-12
XEC,XEC.W^E14,2013-07-09,ESG-EGARCH,0.355939456584987,5.0274959029371376,all,2013-06-12
XEC,XEC.W^E14,2013-07-09,ESG-EGARCH(E),0.3556231390618385,5.018564168103007,E,2013-06-12
XEC,XEC.W^E14,2013-07-09,ESG-EGARCH(G),0.3568433691566421,5.053063099645381,G,2013-06-12
XEC,XEC.W^E14,2013-07-09,ESG-EGARCH(S),0.3563227762296905,5.038330192858497,S,2013-06-12
XEC,XEC.W^E14,2013-07-09,ESG-GARCH,0.3415050810725081,4.628004777711918,all,2013-06-12
XEC,XEC.W^E14,2013-07-09,ESG-GARCH(E),0.3411627068821291,4.6187298637754575,E,2013-06-12
XEC,XEC.W^E14,2013-07-09,ESG-GARCH(G),0.3423773095161857,4.651675479029445,G,2013-06-12
XEC,XEC.W^E14,2013-07-09,ESG-GARCH(S),0.3418456956113402,4.637241254285758,S,2013-06-12
XEC,XEC.W^E14,2013-07-09,ESG-GJR-GARCH,0.3228845371268597,4.137080329985178,all,2013-06-12
XEC,XEC.W^E14,2013-07-09,ESG-GJR-GARCH(E),0.3223203820438924,4.122636058766696,E,2013-06-12
XEC,XEC.W^E14,2013-07-09,ESG-GJR-GARCH(G),0.3241407244480248,4.169333700225806,G,2013-06-12
XEC,XEC.W^E14,2013-07-09,ESG-GJR-GARCH(S),0.3235209101716998,4.153403941203377,S,2013-06-12
XEC,XEC.W^E14,2013-07-09,GARCH,0.3474354079011952,4.790133439026582,,2013-06-12
XEC,XEC.W^E14,2013-07-09,GJR-GARCH,0.3392058343454587,4.565896748174554,,2013-06-12
XEC,XEC.W^E14,2013-07-10,EGARCH,0.3653682274998859,5.2973786375558864,,2013-06-12
XEC,XEC.W^E14,2013-07-10,ESG-EGARCH,0.355939456584987,5.0274959029371376,all,2013-06-12
XEC,XEC.W^E14,2013-07-10,ESG-EGARCH(E),0.3556231390618385,5.018564168103007,E,2013-06-12
XEC,XEC.W^E14,2013-07-10,ESG-EGARCH(G),0.3568433691566421,5.053063099645381,G,2013-06-12
XEC,XEC.W^E14,2013-07-10,ESG-EGARCH(S),0.3563227762296905,5.038330192858497,S,2013-06-12
XEC,XEC.W^E14,2013-07-10,ESG-GARCH,0.3415050810725081,4.628004777711918,all,2013-06-12
XEC,XEC.W^E14,2013-07-10,ESG-GARCH(E),0.3411627068821291,4.6187298637754575,E,2013-06-12
XEC,XEC.W^E14,2013-07-10,ESG-GARCH(G),0.3423773095161857,4.651675479029445,G,2013-06-12
XEC,XEC.W^E14,2013-07-10,ESG-GARCH(S),0.3418456956113402,4.637241254285758,S,2013-06-12
XEC,XEC.W^E14,2013-07-10,ESG-GJR-GARCH,0.3228845371268597,4.137080329985178,all,2013-06-12
XEC,XEC.W^E14,2013-07-10,ESG-GJR-GARCH(E),0.3223203820438924,4.122636058766696,E,2013-06-12
XEC,XEC.W^E14,2013-07-10,ESG-GJR-GARCH(G),0.3241407244480248,4.169333700225806,G,2013-06-12
XEC,XEC.W^E14,2013-07-10,ESG-GJR-GARCH(S),0.3235209101716998,4.153403941203377,S,2013-06-12
XEC,XEC.W^E14,2013-07-10,GARCH,0.3474354079011952,4.790133439026582,,2013-06-12
XEC,XEC.W^E14,2013-07-10,GJR-GARCH,0.3392058343454587,4.565896748174554,,2013-06-12
XEC,XEC.W^E14,2013-07-11,EGARCH,0.3653682274998859,5.2973786375558864,,2013-06-12
XEC,XEC.W^E14,2013-07-11,ESG-EGARCH,0.355939456584987,5.0274959029371376,all,2013-06-12
XEC,XEC.W^E14,2013-07-11,ESG-EGARCH(E),0.3556231390618385,5.018564168103007,E,2013-06-12
XEC,XEC.W^E14,2013-07-11,ESG-EGARCH(G),0.3568433691566421,5.053063099645381,G,2013-06-12
XEC,XEC.W^E14,2013-07-11,ESG-EGARCH(S),0.3563227762296905,5.038330192858497,S,2013-06-12
XEC,XEC.W^E14,2013-07-11,ESG-GARCH,0.3415050810725081,4.628004777711918,all,2013-06-12
XEC,XEC.W^E14,2013-07-11,ESG-GARCH(E),0.3411627068821291,4.6187298637754575,E,2013-06-12
XEC,XEC.W^E14,2013-07-11,ESG-GARCH(G),0.3423773095161857,4.651675479029445,G,2013-06-12
XEC,XEC.W^E14,2013-07-11,ESG-GARCH(S),0.3418456956113402,4.637241254285758,S,2013-06-12
XEC,XEC.W^E14,2013-07-11,ESG-GJR-GARCH,0.3228845371268597,4.137080329985178,all,2013-06-12
XEC,XEC.W^E14,2013-07-11,ESG-GJR-GARCH(E),0.3223203820438924,4.122636058766696,E,2013-06-12
XEC,XEC.W^E14,2013-07-11,ESG-GJR-GARCH(G),0.3241407244480248,4.169333700225806,G,2013-06-12
XEC,XEC.W^E14,2013-07-11,ESG-GJR-GARCH(S),0.3235209101716998,4.153403941203377,S,2013-06-12
XEC,XEC.W^E14,2013-07-11,GARCH,0.3474354079011952,4.790133439026582,,2013-06-12
XEC,XEC.W^E14,2013-07-11,GJR-GARCH,0.3392058343454587,4.565896748174554,,2013-06-12
XEC,XEC.W^E14,2013-07-12,EGARCH,0.3653682274998859,5.2973786375558864,,2013-06-12
XEC,XEC.W^E14,2013-07-12,ESG-EGARCH,0.355939456584987,5.0274959029371376,all,2013-06-12
XEC,XEC.W^E14,2013-07-12,ESG-EGARCH(E),0.3556231390618385,5.018564168103007,E,2013-06-12
XEC,XEC.W^E14,2013-07-12,ESG-EGARCH(G),0.3568433691566421,5.053063099645381,G,2013-06-12
XEC,XEC.W^E14,2013-07-12,ESG-EGARCH(S),0.3563227762296905,5.038330192858497,S,2013-06-12
XEC,XEC.W^E14,2013-07-12,ESG-GARCH,0.3415050810725081,4.628004777711918,all,2013-06-12
XEC,XEC.W^E14,2013-07-12,ESG-GARCH(E),0.3411627068821291,4.6187298637754575,E,2013-06-12
XEC,XEC.W^E14,2013-07-12,ESG-GARCH(G),0.3423773095161857,4.651675479029445,G,2013-06-12
XEC,XEC.W^E14,2013-07-12,ESG-GARCH(S),0.3418456956113402,4.637241254285758,S,2013-06-12
XEC,XEC.W^E14,2013-07-12,ESG-GJR-GARCH,0.3228845371268597,4.137080329985178,all,2013-06-12
XEC,XEC.W^E14,2013-07-12,ESG-GJR-GARCH(E),0.3223203820438924,4.122636058766696,E,2013-06-12
XEC,XEC.W^E14,2013-07-12,ESG-GJR-GARCH(G),0.3241407244480248,4.169333700225806,G,2013-06-12
XEC,XEC.W^E14,2013-07-12,ESG-GJR-GARCH(S),0.3235209101716998,4.153403941203377,S,2013-06-12
XEC,XEC.W^E14,2013-07-12,GARCH,0.3474354079011952,4.790133439026582,,2013-06-12
XEC,XEC.W^E14,2013-07-12,GJR-GARCH,0.3392058343454587,4.565896748174554,,2013-06-12
XEC,XEC.W^E14,2013-07-15,EGARCH,0.3449296839790242,4.72128916229641,,2013-07-15
XEC,XEC.W^E14,2013-07-15,ESG-EGARCH,0.3464443311021845,4.762844228287304,all,2013-07-15
XEC,XEC.W^E14,2013-07-15,ESG-EGARCH(E),0.3461835101815722,4.755675504826775,E,2013-07-15
XEC,XEC.W^E14,2013-07-15,ESG-EGARCH(G),0.3472047540905742,4.783775446948257,G,2013-07-15
XEC,XEC.W^E14,2013-07-15,ESG-EGARCH(S),0.3467576021589492,4.771461692659687,S,2013-07-15
XEC,XEC.W^E14,2013-07-15,ESG-GARCH,0.3427590610651114,4.662054521517333,all,2013-07-15
XEC,XEC.W^E14,2013-07-15,ESG-GARCH(E),0.3424736108571868,4.6542926243476135,E,2013-07-15
XEC,XEC.W^E14,2013-07-15,ESG-GARCH(G),0.343520326925103,4.68278630994959,G,2013-07-15
XEC,XEC.W^E14,2013-07-15,ESG-GARCH(S),0.3430387634188234,4.669666397139503,S,2013-07-15
XEC,XEC.W^E14,2013-07-15,ESG-GJR-GARCH,0.346398778145573,4.761591805585157,all,2013-07-15
XEC,XEC.W^E14,2013-07-15,ESG-GJR-GARCH(E),0.3459614496181131,4.749576373883581,E,2013-07-15
XEC,XEC.W^E14,2013-07-15,ESG-GJR-GARCH(G),0.3476633368040074,4.7964204665752685,G,2013-07-15
XEC,XEC.W^E14,2013-07-15,ESG-GJR-GARCH(S),0.3469773017795885,4.777509839295383,S,2013-07-15
XEC,XEC.W^E14,2013-07-15,GARCH,0.3394334339906029,4.572026036137023,,2013-07-15
XEC,XEC.W^E14,2013-07-15,GJR-GARCH,0.3415856809258373,4.630189579903491,,2013-07-15
XEC,XEC.W^E14,2013-07-16,EGARCH,0.3449296839790242,4.72128916229641,,2013-07-15
XEC,XEC.W^E14,2013-07-16,ESG-EGARCH,0.3464443311021845,4.762844228287304,all,2013-07-15
XEC,XEC.W^E14,2013-07-16,ESG-EGARCH(E),0.3461835101815722,4.755675504826775,E,2013-07-15
XEC,XEC.W^E14,2013-07-16,ESG-EGARCH(G),0.3472047540905742,4.783775446948257,G,2013-07-15
XEC,XEC.W^E14,2013-07-16,ESG-EGARCH(S),0.3467576021589492,4.771461692659687,S,2013-07-15
XEC,XEC.W^E14,2013-07-16,ESG-GARCH,0.3427590610651114,4.662054521517333,all,2013-07-15
XEC,XEC.W^E14,2013-07-16,ESG-GARCH(E),0.3424736108571868,4.6542926243476135,E,2013-07-15
XEC,XEC.W^E14,2013-07-16,ESG-GARCH(G),0.343520326925103,4.68278630994959,G,2013-07-15
XEC,XEC.W^E14,2013-07-16,ESG-GARCH(S),0.3430387634188234,4.669666397139503,S,2013-07-15
XEC,XEC.W^E14,2013-07-16,ESG-GJR-GARCH,0.346398778145573,4.761591805585157,all,2013-07-15
XEC,XEC.W^E14,2013-07-16,ESG-GJR-GARCH(E),0.3459614496181131,4.749576373883581,E,2013-07-15
XEC,XEC.W^E14,2013-07-16,ESG-GJR-GARCH(G),0.3476633368040074,4.7964204665752685,G,2013-07-15
XEC,XEC.W^E14,2013-07-16,ESG-GJR-GARCH(S),0.3469773017795885,4.777509839295383,S,2013-07-15
XEC,XEC.W^E14,2013-07-16,GARCH,0.3394334339906029,4.572026036137023,,2013-07-15
XEC,XEC.W^E14,2013-07-16,GJR-GARCH,0.3415856809258373,4.630189579903491,,2013-07-15
XEC,XEC.W^E14,2013-07-17,EGARCH,0.3449296839790242,4.72128916229641,,2013-07-15
XEC,XEC.W^E14,2013-07-17,ESG-EGARCH,0.3464443311021845,4.762844228287304,all,2013-07-15
XEC,XEC.W^E14,2013-07-17,ESG-EGARCH(E),0.3461835101815722,4.755675504826775,E,2013-07-15
XEC,XEC.W^E14,2013-07-17,ESG-EGARCH(G),0.3472047540905742,4.783775446948257,G,2013-07-15
XEC,XEC.W^E14,2013-07-17,ESG-EGARCH(S),0.3467576021589492,4.771461692659687,S,2013-07-15
XEC,XEC.W^E14,2013-07-17,ESG-GARCH,0.3427590610651114,4.662054521517333,all,2013-07-15
XEC,XEC.W^E14,2013-07-17,ESG-GARCH(E),0.3424736108571868,4.6542926243476135,E,2013-07-15
XEC,XEC.W^E14,2013-07-17,ESG-GARCH(G),0.343520326925103,4.68278630994959,G,2013-07-15
XEC,XEC.W^E14,2013-07-17,ESG-GARCH(S),0.3430387634188234,4.669666397139503,S,2013-07-15
XEC,XEC.W^E14,2013-07-17,ESG-GJR-GARCH,0.346398778145573,4.761591805585157,all,2013-07-15
XEC,XEC.W^E14,2013-07-17,ESG-GJR-GARCH(E),0.3459614496181131,4.749576373883581,E,2013-07-15
XEC,XEC.W^E14,2013-07-17,ESG-GJR-GARCH(G),0.3476633368040074,4.7964204665752685,G,2013-07-15
XEC,XEC.W^E14,2013-07-17,ESG-GJR-GARCH(S),0.3469773017795885,4.777509839295383,S,2013-07-15
XEC,XEC.W^E14,2013-07-17,GARCH,0.3394334339906029,4.572026036137023,,2013-07-15
XEC,XEC.W^E14,2013-07-17,GJR-GARCH,0.3415856809258373,4.630189579903491,,2013-07-15
XEC,XEC.W^E14,2013-07-18,EGARCH,0.3449296839790242,4.72128916229641,,2013-07-15
XEC,XEC.W^E14,2013-07-18,ESG-EGARCH,0.3464443311021845,4.762844228287304,all,2013-07-15
XEC,XEC.W^E14,2013-07-18,ESG-EGARCH(E),0.3461835101815722,4.755675504826775,E,2013-07-15
XEC,XEC.W^E14,2013-07-18,ESG-EGARCH(G),0.3472047540905742,4.783775446948257,G,2013-07-15
XEC,XEC.W^E14,2013-07-18,ESG-EGARCH(S),0.3467576021589492,4.771461692659687,S,2013-07-15
XEC,XEC.W^E14,2013-07-18,ESG-GARCH,0.3427590610651114,4.662054521517333,all,2013-07-15
XEC,XEC.W^E14,2013-07-18,ESG-GARCH(E),0.3424736108571868,4.6542926243476135,E,2013-07-15
XEC,XEC.W^E14,2013-07-18,ESG-GARCH(G),0.343520326925103,4.68278630994959,G,2013-07-15
XEC,XEC.W^E14,2013-07-18,ESG-GARCH(S),0.3430387634188234,4.669666397139503,S,2013-07-15
XEC,XEC.W^E14,2013-07-18,ESG-GJR-GARCH,0.346398778145573,4.761591805585157,all,2013-07-15
XEC,XEC.W^E14,2013-07-18,ESG-GJR-GARCH(E),0.3459614496181131,4.749576373883581,E,2013-07-15
XEC,XEC.W^E14,2013-07-18,ESG-GJR-GARCH(G),0.3476633368040074,4.7964204665752685,G,2013-07-15
XEC,XEC.W^E14,2013-07-18,ESG-GJR-GARCH(S),0.3469773017795885,4.777509839295383,S,2013-07-15
XEC,XEC.W^E14,2013-07-18,GARCH,0.3394334339906029,4.572026036137023,,2013-07-15
XEC,XEC.W^E14,2013-07-18,GJR-GARCH,0.3415856809258373,4.630189579903491,,2013-07-15
XEC,XEC.W^E14,2013-07-19,EGARCH,0.3449296839790242,4.72128916229641,,2013-07-15
XEC,XEC.W^E14,2013-07-19,ESG-EGARCH,0.3464443311021845,4.762844228287304,all,2013-07-15
XEC,XEC.W^E14,2013-07-19,ESG-EGARCH(E),0.3461835101815722,4.755675504826775,E,2013-07-15
XEC,XEC.W^E14,2013-07-19,ESG-EGARCH(G),0.3472047540905742,4.783775446948257,G,2013-07-15
XEC,XEC.W^E14,2013-07-19,ESG-EGARCH(S),0.3467576021589492,4.771461692659687,S,2013-07-15
XEC,XEC.W^E14,2013-07-19,ESG-GARCH,0.3427590610651114,4.662054521517333,all,2013-07-15
XEC,XEC.W^E14,2013-07-19,ESG-GARCH(E),0.3424736108571868,4.6542926243476135,E,2013-07-15
XEC,XEC.W^E14,2013-07-19,ESG-GARCH(G),0.343520326925103,4.68278630994959,G,2013-07-15
XEC,XEC.W^E14,2013-07-19,ESG-GARCH(S),0.3430387634188234,4.669666397139503,S,2013-07-15
XEC,XEC.W^E14,2013-07-19,ESG-GJR-GARCH,0.346398778145573,4.761591805585157,all,2013-07-15
XEC,XEC.W^E14,2013-07-19,ESG-GJR-GARCH(E),0.3459614496181131,4.749576373883581,E,2013-07-15
XEC,XEC.W^E14,2013-07-19,ESG-GJR-GARCH(G),0.3476633368040074,4.7964204665752685,G,2013-07-15
XEC,XEC.W^E14,2013-07-19,ESG-GJR-GARCH(S),0.3469773017795885,4.777509839295383,S,2013-07-15
XEC,XEC.W^E14,2013-07-19,GARCH,0.3394334339906029,4.572026036137023,,2013-07-15
XEC,XEC.W^E14,2013-07-19,GJR-GARCH,0.3415856809258373,4.630189579903491,,2013-07-15
XEC,XEC.W^E14,2013-07-22,EGARCH,0.3449296839790242,4.72128916229641,,2013-07-15
XEC,XEC.W^E14,2013-07-22,ESG-EGARCH,0.3464443311021845,4.762844228287304,all,2013-07-15
XEC,XEC.W^E14,2013-07-22,ESG-EGARCH(E),0.3461835101815722,4.755675504826775,E,2013-07-15
XEC,XEC.W^E14,2013-07-22,ESG-EGARCH(G),0.3472047540905742,4.783775446948257,G,2013-07-15
XEC,XEC.W^E14,2013-07-22,ESG-EGARCH(S),0.3467576021589492,4.771461692659687,S,2013-07-15
XEC,XEC.W^E14,2013-07-22,ESG-GARCH,0.3427590610651114,4.662054521517333,all,2013-07-15
XEC,XEC.W^E14,2013-07-22,ESG-GARCH(E),0.3424736108571868,4.6542926243476135,E,2013-07-15
XEC,XEC.W^E14,2013-07-22,ESG-GARCH(G),0.343520326925103,4.68278630994959,G,2013-07-15
XEC,XEC.W^E14,2013-07-22,ESG-GARCH(S),0.3430387634188234,4.669666397139503,S,2013-07-15
XEC,XEC.W^E14,2013-07-22,ESG-GJR-GARCH,0.346398778145573,4.761591805585157,all,2013-07-15
XEC,XEC.W^E14,2013-07-22,ESG-GJR-GARCH(E),0.3459614496181131,4.749576373883581,E,2013-07-15
XEC,XEC.W^E14,2013-07-22,ESG-GJR-GARCH(G),0.3476633368040074,4.7964204665752685,G,2013-07-15
XEC,XEC.W^E14,2013-07-22,ESG-GJR-GARCH(S),0.3469773017795885,4.777509839295383,S,2013-07-15
XEC,XEC.W^E14,2013-07-22,GARCH,0.3394334339906029,4.572026036137023,,2013-07-15
XEC,XEC.W^E14,2013-07-22,GJR-GARCH,0.3415856809258373,4.630189579903491,,2013-07-15
XEC,XEC.W^E14,2013-07-23,EGARCH,0.3449296839790242,4.72128916229641,,2013-07-15
XEC,XEC.W^E14,2013-07-23,ESG-EGARCH,0.3464443311021845,4.762844228287304,all,2013-07-15
XEC,XEC.W^E14,2013-07-23,ESG-EGARCH(E),0.3461835101815722,4.755675504826775,E,2013-07-15
XEC,XEC.W^E14,2013-07-23,ESG-EGARCH(G),0.3472047540905742,4.783775446948257,G,2013-07-15
XEC,XEC.W^E14,2013-07-23,ESG-EGARCH(S),0.3467576021589492,4.771461692659687,S,2013-07-15
XEC,XEC.W^E14,2013-07-23,ESG-GARCH,0.3427590610651114,4.662054521517333,all,2013-07-15
XEC,XEC.W^E14,2013-07-23,ESG-GARCH(E),0.3424736108571868,4.6542926243476135,E,2013-07-15
XEC,XEC.W^E14,2013-07-23,ESG-GARCH(G),0.343520326925103,4.68278630994959,G,2013-07-15
XEC,XEC.W^E14,2013-07-23,ESG-GARCH(S),0.3430387634188234,4.669666397139503,S,2013-07-15
XEC,XEC.W^E14,2013-07-23,ESG-GJR-GARCH,0.346398778145573,4.761591805585157,all,2013-07-15
XEC,XEC.W^E14,2013-07-23,ESG-GJR-GARCH(E),0.3459614496181131,4.749576373883581,E,2013-07-15
XEC,XEC.W^E14,2013-07-23,ESG-GJR-GARCH(G),0.3476633368040074,4.7964204665752685,G,2013-07-15
XEC,XEC.W^E14,2013-07-23,ESG-GJR-GARCH(S),0.3469773017795885,4.777509839295383,S,2013-07-15
XEC,XEC.W^E14,2013-07-23,GARCH,0.3394334339906029,4.572026036137023,,2013-07-15
XEC,XEC.W^E14,2013-07-23,GJR-GARCH,0.3415856809258373,4.630189579903491,,2013-07-15
XEC,XEC.W^E14,2013-07-24,EGARCH,0.3449296839790242,4.72128916229641,,2013-07-15
XEC,XEC.W^E14,2013-07-24,ESG-EGARCH,0.3464443311021845,4.762844228287304,all,2013-07-15
XEC,XEC.W^E14,2013-07-24,ESG-EGARCH(E),0.3461835101815722,4.755675504826775,E,2013-07-15
XEC,XEC.W^E14,2013-07-24,ESG-EGARCH(G),0.3472047540905742,4.783775446948257,G,2013-07-15
XEC,XEC.W^E14,2013-07-24,ESG-EGARCH(S),0.3467576021589492,4.771461692659687,S,2013-07-15
XEC,XEC.W^E14,2013-07-24,ESG-GARCH,0.3427590610651114,4.662054521517333,all,2013-07-15
XEC,XEC.W^E14,2013-07-24,ESG-GARCH(E),0.3424736108571868,4.6542926243476135,E,2013-07-15
XEC,XEC.W^E14,2013-07-24,ESG-GARCH(G),0.343520326925103,4.68278630994959,G,2013-07-15
XEC,XEC.W^E14,2013-07-24,ESG-GARCH(S),0.3430387634188234,4.669666397139503,S,2013-07-15
XEC,XEC.W^E14,2013-07-24,ESG-GJR-GARCH,0.346398778145573,4.761591805585157,all,2013-07-15
XEC,XEC.W^E14,2013-07-24,ESG-GJR-GARCH(E),0.3459614496181131,4.749576373883581,E,2013-07-15
XEC,XEC.W^E14,2013-07-24,ESG-GJR-GARCH(G),0.3476633368040074,4.7964204665752685,G,2013-07-15
XEC,XEC.W^E14,2013-07-24,ESG-GJR-GARCH(S),0.3469773017795885,4.777509839295383,S,2013-07-15
XEC,XEC.W^E14,2013-07-24,GARCH,0.3394334339906029,4.572026036137023,,2013-07-15
XEC,XEC.W^E14,2013-07-24,GJR-GARCH,0.3415856809258373,4.630189579903491,,2013-07-15
XEC,XEC.W^E14,2013-07-25,EGARCH,0.3449296839790242,4.72128916229641,,2013-07-15
XEC,XEC.W^E14,2013-07-25,ESG-EGARCH,0.3464443311021845,4.762844228287304,all,2013-07-15
XEC,XEC.W^E14,2013-07-25,ESG-EGARCH(E),0.3461835101815722,4.755675504826775,E,2013-07-15
XEC,XEC.W^E14,2013-07-25,ESG-EGARCH(G),0.3472047540905742,4.783775446948257,G,2013-07-15
XEC,XEC.W^E14,2013-07-25,ESG-EGARCH(S),0.3467576021589492,4.771461692659687,S,2013-07-15
XEC,XEC.W^E14,2013-07-25,ESG-GARCH,0.3427590610651114,4.662054521517333,all,2013-07-15
XEC,XEC.W^E14,2013-07-25,ESG-GARCH(E),0.3424736108571868,4.6542926243476135,E,2013-07-15
XEC,XEC.W^E14,2013-07-25,ESG-GARCH(G),0.343520326925103,4.68278630994959,G,2013-07-15
XEC,XEC.W^E14,2013-07-25,ESG-GARCH(S),0.3430387634188234,4.669666397139503,S,2013-07-15
XEC,XEC.W^E14,2013-07-25,ESG-GJR-GARCH,0.346398778145573,4.761591805585157,all,2013-07-15
XEC,XEC.W^E14,2013-07-25,ESG-GJR-GARCH(E),0.3459614496181131,4.749576373883581,E,2013-07-15
XEC,XEC.W^E14,2013-07-25,ESG-GJR-GARCH(G),0.3476633368040074,4.7964204665752685,G,2013-07-15
XEC,XEC.W^E14,2013-07-25,ESG-GJR-GARCH(S),0.3469773017795885,4.777509839295383,S,2013-07-15
XEC,XEC.W^E14,2013-07-25,GARCH,0.3394334339906029,4.572026036137023,,2013-07-15
XEC,XEC.W^E14,2013-07-25,GJR-GARCH,0.3415856809258373,4.630189579903491,,2013-07-15
XEC,XEC.W^E14,2013-07-26,EGARCH,0.3449296839790242,4.72128916229641,,2013-07-15
XEC,XEC.W^E14,2013-07-26,ESG-EGARCH,0.3464443311021845,4.762844228287304,all,2013-07-15
XEC,XEC.W^E14,2013-07-26,ESG-EGARCH(E),0.3461835101815722,4.755675504826775,E,2013-07-15
XEC,XEC.W^E14,2013-07-26,ESG-EGARCH(G),0.3472047540905742,4.783775446948257,G,2013-07-15
XEC,XEC.W^E14,2013-07-26,ESG-EGARCH(S),0.3467576021589492,4.771461692659687,S,2013-07-15
XEC,XEC.W^E14,2013-07-26,ESG-GARCH,0.3427590610651114,4.662054521517333,all,2013-07-15
XEC,XEC.W^E14,2013-07-26,ESG-GARCH(E),0.3424736108571868,4.6542926243476135,E,2013-07-15
XEC,XEC.W^E14,2013-07-26,ESG-GARCH(G),0.343520326925103,4.68278630994959,G,2013-07-15
XEC,XEC.W^E14,2013-07-26,ESG-GARCH(S),0.3430387634188234,4.669666397139503,S,2013-07-15
XEC,XEC.W^E14,2013-07-26,ESG-GJR-GARCH,0.346398778145573,4.761591805585157,all,2013-07-15
XEC,XEC.W^E14,2013-07-26,ESG-GJR-GARCH(E),0.3459614496181131,4.749576373883581,E,2013-07-15
XEC,XEC.W^E14,2013-07-26,ESG-GJR-GARCH(G),0.3476633368040074,4.7964204665752685,G,2013-07-15
XEC,XEC.W^E14,2013-07-26,ESG-GJR-GARCH(S),0.3469773017795885,4.777509839295383,S,2013-07-15
XEC,XEC.W^E14,2013-07-26,GARCH,0.3394334339906029,4.572026036137023,,2013-07-15
XEC,XEC.W^E14,2013-07-26,GJR-GARCH,0.3415856809258373,4.630189579903491,,2013-07-15
XEC,XEC.W^E14,2013-07-29,EGARCH,0.3449296839790242,4.72128916229641,,2013-07-15
XEC,XEC.W^E14,2013-07-29,ESG-EGARCH,0.3464443311021845,4.762844228287304,all,2013-07-15
XEC,XEC.W^E14,2013-07-29,ESG-EGARCH(E),0.3461835101815722,4.755675504826775,E,2013-07-15
XEC,XEC.W^E14,2013-07-29,ESG-EGARCH(G),0.3472047540905742,4.783775446948257,G,2013-07-15
XEC,XEC.W^E14,2013-07-29,ESG-EGARCH(S),0.3467576021589492,4.771461692659687,S,2013-07-15
XEC,XEC.W^E14,2013-07-29,ESG-GARCH,0.3427590610651114,4.662054521517333,all,2013-07-15
XEC,XEC.W^E14,2013-07-29,ESG-GARCH(E),0.3424736108571868,4.6542926243476135,E,2013-07-15
XEC,XEC.W^E14,2013-07-29,ESG-GARCH(G),0.343520326925103,4.68278630994959,G,2013-07-15
XEC,XEC.W^E14,2013-07-29,ESG-GARCH(S),0.3430387634188234,4.669666397139503,S,2013-07-15
XEC,XEC.W^E14,2013-07-29,ESG-GJR-GARCH,0.346398778145573,4.761591805585157,all,2013-07-15
XEC,XEC.W^E14,2013-07-29,ESG-GJR-GARCH(E),0.3459614496181131,4.749576373883581,E,2013-07-15
XEC,XEC.W^E14,2013-07-29,ESG-GJR-GARCH(G),0.3476633368040074,4.7964204665752685,G,2013-07-15
XEC,XEC.W^E14,2013-07-29,ESG-GJR-GARCH(S),0.3469773017795885,4.777509839295383,S,2013-07-15
XEC,XEC.W^E14,2013-07-29,GARCH,0.3394334339906029,4.572026036137023,,2013-07-15
XEC,XEC.W^E14,2013-07-29,GJR-GARCH,0.3415856809258373,4.630189579903491,,2013-07-15
XEC,XEC.W^E14,2013-07-30,EGARCH,0.3449296839790242,4.72128916229641,,2013-07-15
XEC,XEC.W^E14,2013-07-30,ESG-EGARCH,0.3464443311021845,4.762844228287304,all,2013-07-15
XEC,XEC.W^E14,2013-07-30,ESG-EGARCH(E),0.3461835101815722,4.755675504826775,E,2013-07-15
XEC,XEC.W^E14,2013-07-30,ESG-EGARCH(G),0.3472047540905742,4.783775446948257,G,2013-07-15
XEC,XEC.W^E14,2013-07-30,ESG-EGARCH(S),0.3467576021589492,4.771461692659687,S,2013-07-15
XEC,XEC.W^E14,2013-07-30,ESG-GARCH,0.3427590610651114,4.662054521517333,all,2013-07-15
XEC,XEC.W^E14,2013-07-30,ESG-GARCH(E),0.3424736108571868,4.6542926243476135,E,2013-07-15
XEC,XEC.W^E14,2013-07-30,ESG-GARCH(G),0.343520326925103,4.68278630994959,G,2013-07-15
XEC,XEC.W^E14,2013-07-30,ESG-GARCH(S),0.3430387634188234,4.669666397139503,S,2013-07-15
XEC,XEC.W^E14,2013-07-30,ESG-GJR-GARCH,0.346398778145573,4.761591805585157,all,2013-07-15
XEC,XEC.W^E14,2013-07-30,ESG-GJR-GARCH(E),0.3459614496181131,4.749576373883581,E,2013-07-15
XEC,XEC.W^E14,2013-07-30,ESG-GJR-GARCH(G),0.3476633368040074,4.7964204665752685,G,2013-07-15
XEC,XEC.W^E14,2013-07-30,ESG-GJR-GARCH(S),0.3469773017795885,4.777509839295383,S,2013-07-15
XEC,XEC.W^E14,2013-07-30,GARCH,0.3394334339906029,4.572026036137023,,2013-07-15
XEC,XEC.W^E14,2013-07-30,GJR-GARCH,0.3415856809258373,4.630189579903491,,2013-07-15
XEC,XEC.W^E14,2013-07-31,EGARCH,0.3449296839790242,4.72128916229641,,2013-07-15
XEC,XEC.W^E14,2013-07-31,ESG-EGARCH,0.3464443311021845,4.762844228287304,all,2013-07-15
XEC,XEC.W^E14,2013-07-31,ESG-EGARCH(E),0.3461835101815722,4.755675504826775,E,2013-07-15
XEC,XEC.W^E14,2013-07-31,ESG-EGARCH(G),0.3472047540905742,4.783775446948257,G,2013-07-15
XEC,XEC.W^E14,2013-07-31,ESG-EGARCH(S),0.3467576021589492,4.771461692659687,S,2013-07-15
XEC,XEC.W^E14,2013-07-31,ESG-GARCH,0.3427590610651114,4.662054521517333,all,2013-07-15
XEC,XEC.W^E14,2013-07-31,ESG-GARCH(E),0.3424736108571868,4.6542926243476135,E,2013-07-15
XEC,XEC.W^E14,2013-07-31,ESG-GARCH(G),0.343520326925103,4.68278630994959,G,2013-07-15
XEC,XEC.W^E14,2013-07-31,ESG-GARCH(S),0.3430387634188234,4.669666397139503,S,2013-07-15
XEC,XEC.W^E14,2013-07-31,ESG-GJR-GARCH,0.346398778145573,4.761591805585157,all,2013-07-15
XEC,XEC.W^E14,2013-07-31,ESG-GJR-GARCH(E),0.3459614496181131,4.749576373883581,E,2013-07-15
XEC,XEC.W^E14,2013-07-31,ESG-GJR-GARCH(G),0.3476633368040074,4.7964204665752685,G,2013-07-15
XEC,XEC.W^E14,2013-07-31,ESG-GJR-GARCH(S),0.3469773017795885,4.777509839295383,S,2013-07-15
XEC,XEC.W^E14,2013-07-31,GARCH,0.3394334339906029,4.572026036137023,,2013-07-15
XEC,XEC.W^E14,2013-07-31,GJR-GARCH,0.3415856809258373,4.630189579903491,,2013-07-15
XEC,XEC.W^E14,2013-08-01,EGARCH,0.3449296839790242,4.72128916229641,,2013-07-15
XEC,XEC.W^E14,2013-08-01,ESG-EGARCH,0.3464443311021845,4.762844228287304,all,2013-07-15
XEC,XEC.W^E14,2013-08-01,ESG-EGARCH(E),0.3461835101815722,4.755675504826775,E,2013-07-15
XEC,XEC.W^E14,2013-08-01,ESG-EGARCH(G),0.3472047540905742,4.783775446948257,G,2013-07-15
XEC,XEC.W^E14,2013-08-01,ESG-EGARCH(S),0.3467576021589492,4.771461692659687,S,2013-07-15
XEC,XEC.W^E14,2013-08-01,ESG-GARCH,0.3427590610651114,4.662054521517333,all,2013-07-15
XEC,XEC.W^E14,2013-08-01,ESG-GARCH(E),0.3424736108571868,4.6542926243476135,E,2013-07-15
XEC,XEC.W^E14,2013-08-01,ESG-GARCH(G),0.343520326925103,4.68278630994959,G,2013-07-15
XEC,XEC.W^E14,2013-08-01,ESG-GARCH(S),0.3430387634188234,4.669666397139503,S,2013-07-15
XEC,XEC.W^E14,2013-08-01,ESG-GJR-GARCH,0.346398778145573,4.761591805585157,all,2013-07-15
XEC,XEC.W^E14,2013-08-01,ESG-GJR-GARCH(E),0.3459614496181131,4.749576373883581,E,2013-07-15
XEC,XEC.W^E14,2013-08-01,ESG-GJR-GARCH(G),0.3476633368040074,4.7964204665752685,G,2013-07-15
XEC,XEC.W^E14,2013-08-01,ESG-GJR-GARCH(S),0.3469773017795885,4.777509839295383,S,2013-07-15
XEC,XEC.W^E14,2013-08-01,GARCH,0.3394334339906029,4.572026036137023,,2013-07-15
XEC,XEC.W^E14,2013-08-01,GJR-GARCH,0.3415856809258373,4.630189579903491,,2013-07-15
XEC,XEC.W^E14,2013-08-02,EGARCH,0.3449296839790242,4.72128916229641,,2013-07-15
XEC,XEC.W^E14,2013-08-02,ESG-EGARCH,0.3464443311021845,4.762844228287304,all,2013-07-15
XEC,XEC.W^E14,2013-08-02,ESG-EGARCH(E),0.3461835101815722,4.755675504826775,E,2013-07-15
XEC,XEC.W^E14,2013-08-02,ESG-EGARCH(G),0.3472047540905742,4.783775446948257,G,2013-07-15
XEC,XEC.W^E14,2013-08-02,ESG-EGARCH(S),0.3467576021589492,4.771461692659687,S,2013-07-15
XEC,XEC.W^E14,2013-08-02,ESG-GARCH,0.3427590610651114,4.662054521517333,all,2013-07-15
XEC,XEC.W^E14,2013-08-02,ESG-GARCH(E),0.3424736108571868,4.6542926243476135,E,2013-07-15
XEC,XEC.W^E14,2013-08-02,ESG-GARCH(G),0.343520326925103,4.68278630994959,G,2013-07-15
XEC,XEC.W^E14,2013-08-02,ESG-GARCH(S),0.3430387634188234,4.669666397139503,S,2013-07-15
XEC,XEC.W^E14,2013-08-02,ESG-GJR-GARCH,0.346398778145573,4.761591805585157,all,2013-07-15
XEC,XEC.W^E14,2013-08-02,ESG-GJR-GARCH(E),0.3459614496181131,4.749576373883581,E,2013-07-15
XEC,XEC.W^E14,2013-08-02,ESG-GJR-GARCH(G),0.3476633368040074,4.7964204665752685,G,2013-07-15
XEC,XEC.W^E14,2013-08-02,ESG-GJR-GARCH(S),0.3469773017795885,4.777509839295383,S,2013-07-15
XEC,XEC.W^E14,2013-08-02,GARCH,0.3394334339906029,4.572026036137023,,2013-07-15
XEC,XEC.W^E14,2013-08-02,GJR-GARCH,0.3415856809258373,4.630189579903491,,2013-07-15
XEC,XEC.W^E14,2013-08-05,EGARCH,0.3449296839790242,4.72128916229641,,2013-07-15
XEC,XEC.W^E14,2013-08-05,ESG-EGARCH,0.3464443311021845,4.762844228287304,all,2013-07-15
XEC,XEC.W^E14,2013-08-05,ESG-EGARCH(E),0.3461835101815722,4.755675504826775,E,2013-07-15
XEC,XEC.W^E14,2013-08-05,ESG-EGARCH(G),0.3472047540905742,4.783775446948257,G,2013-07-15
XEC,XEC.W^E14,2013-08-05,ESG-EGARCH(S),0.3467576021589492,4.771461692659687,S,2013-07-15
XEC,XEC.W^E14,2013-08-05,ESG-GARCH,0.3427590610651114,4.662054521517333,all,2013-07-15
XEC,XEC.W^E14,2013-08-05,ESG-GARCH(E),0.3424736108571868,4.6542926243476135,E,2013-07-15
XEC,XEC.W^E14,2013-08-05,ESG-GARCH(G),0.343520326925103,4.68278630994959,G,2013-07-15
XEC,XEC.W^E14,2013-08-05,ESG-GARCH(S),0.3430387634188234,4.669666397139503,S,2013-07-15
XEC,XEC.W^E14,2013-08-05,ESG-GJR-GARCH,0.346398778145573,4.761591805585157,all,2013-07-15
XEC,XEC.W^E14,2013-08-05,ESG-GJR-GARCH(E),0.3459614496181131,4.749576373883581,E,2013-07-15
XEC,XEC.W^E14,2013-08-05,ESG-GJR-GARCH(G),0.3476633368040074,4.7964204665752685,G,2013-07-15
XEC,XEC.W^E14,2013-08-05,ESG-GJR-GARCH(S),0.3469773017795885,4.777509839295383,S,2013-07-15
XEC,XEC.W^E14,2013-08-05,GARCH,0.3394334339906029,4.572026036137023,,2013-07-15
XEC,XEC.W^E14,2013-08-05,GJR-GARCH,0.3415856809258373,4.630189579903491,,2013-07-15
XEC,XEC.W^E14,2013-08-06,EGARCH,0.3449296839790242,4.72128916229641,,2013-07-15
XEC,XEC.W^E14,2013-08-06,ESG-EGARCH,0.3464443311021845,4.762844228287304,all,2013-07-15
XEC,XEC.W^E14,2013-08-06,ESG-EGARCH(E),0.3461835101815722,4.755675504826775,E,2013-07-15
XEC,XEC.W^E14,2013-08-06,ESG-EGARCH(G),0.3472047540905742,4.783775446948257,G,2013-07-15
XEC,XEC.W^E14,2013-08-06,ESG-EGARCH(S),0.3467576021589492,4.771461692659687,S,2013-07-15
XEC,XEC.W^E14,2013-08-06,ESG-GARCH,0.3427590610651114,4.662054521517333,all,2013-07-15
XEC,XEC.W^E14,2013-08-06,ESG-GARCH(E),0.3424736108571868,4.6542926243476135,E,2013-07-15
XEC,XEC.W^E14,2013-08-06,ESG-GARCH(G),0.343520326925103,4.68278630994959,G,2013-07-15
XEC,XEC.W^E14,2013-08-06,ESG-GARCH(S),0.3430387634188234,4.669666397139503,S,2013-07-15
XEC,XEC.W^E14,2013-08-06,ESG-GJR-GARCH,0.346398778145573,4.761591805585157,all,2013-07-15
XEC,XEC.W^E14,2013-08-06,ESG-GJR-GARCH(E),0.3459614496181131,4.749576373883581,E,2013-07-15
XEC,XEC.W^E14,2013-08-06,ESG-GJR-GARCH(G),0.3476633368040074,4.7964204665752685,G,2013-07-15
XEC,XEC.W^E14,2013-08-06,ESG-GJR-GARCH(S),0.3469773017795885,4.777509839295383,S,2013-07-15
XEC,XEC.W^E14,2013-08-06,GARCH,0.3394334339906029,4.572026036137023,,2013-07-15
XEC,XEC.W^E14,2013-08-06,GJR-GARCH,0.3415856809258373,4.630189579903491,,2013-07-15
XEC,XEC.W^E14,2013-08-07,EGARCH,0.3449296839790242,4.72128916229641,,2013-07-15
XEC,XEC.W^E14,2013-08-07,ESG-EGARCH,0.3464443311021845,4.762844228287304,all,2013-07-15
XEC,XEC.W^E14,2013-08-07,ESG-EGARCH(E),0.3461835101815722,4.755675504826775,E,2013-07-15
XEC,XEC.W^E14,2013-08-07,ESG-EGARCH(G),0.3472047540905742,4.783775446948257,G,2013-07-15
XEC,XEC.W^E14,2013-08-07,ESG-EGARCH(S),0.3467576021589492,4.771461692659687,S,2013-07-15
XEC,XEC.W^E14,2013-08-07,ESG-GARCH,0.3427590610651114,4.662054521517333,all,2013-07-15
XEC,XEC.W^E14,2013-08-07,ESG-GARCH(E),0.3424736108571868,4.6542926243476135,E,2013-07-15
XEC,XEC.W^E14,2013-08-07,ESG-GARCH(G),0.343520326925103,4.68278630994959,G,2013-07-15
XEC,XEC.W^E14,2013-08-07,ESG-GARCH(S),0.3430387634188234,4.669666397139503,S,2013-07-15
XEC,XEC.W^E14,2013-08-07,ESG-GJR-GARCH,0.346398778145573,4.761591805585157,all,2013-07-15
XEC,XEC.W^E14,2013-08-07,ESG-GJR-GARCH(E),0.3459614496181131,4.749576373883581,E,2013-07-15
XEC,XEC.W^E14,2013-08-07,ESG-GJR-GARCH(G),0.3476633368040074,4.7964204665752685,G,2013-07-15
XEC,XEC.W^E14,2013-08-07,ESG-GJR-GARCH(S),0.3469773017795885,4.777509839295383,S,2013-07-15
XEC,XEC.W^E14,2013-08-07,GARCH,0.3394334339906029,4.572026036137023,,2013-07-15
XEC,XEC.W^E14,2013-08-07,GJR-GARCH,0.3415856809258373,4.630189579903491,,2013-07-15
XEC,XEC.W^E14,2013-08-08,EGARCH,0.3449296839790242,4.72128916229641,,2013-07-15
XEC,XEC.W^E14,2013-08-08,ESG-EGARCH,0.3464443311021845,4.762844228287304,all,2013-07-15
XEC,XEC.W^E14,2013-08-08,ESG-EGARCH(E),0.3461835101815722,4.755675504826775,E,2013-07-15
XEC,XEC.W^E14,2013-08-08,ESG-EGARCH(G),0.3472047540905742,4.783775446948257,G,2013-07-15
XEC,XEC.W^E14,2013-08-08,ESG-EGARCH(S),0.3467576021589492,4.771461692659687,S,2013-07-15
XEC,XEC.W^E14,2013-08-08,ESG-GARCH,0.3427590610651114,4.662054521517333,all,2013-07-15
XEC,XEC.W^E14,2013-08-08,ESG-GARCH(E),0.3424736108571868,4.6542926243476135,E,2013-07-15
XEC,XEC.W^E14,2013-08-08,ESG-GARCH(G),0.343520326925103,4.68278630994959,G,2013-07-15
XEC,XEC.W^E14,2013-08-08,ESG-GARCH(S),0.3430387634188234,4.669666397139503,S,2013-07-15
XEC,XEC.W^E14,2013-08-08,ESG-GJR-GARCH,0.346398778145573,4.761591805585157,all,2013-07-15
XEC,XEC.W^E14,2013-08-08,ESG-GJR-GARCH(E),0.3459614496181131,4.749576373883581,E,2013-07-15
XEC,XEC.W^E14,2013-08-08,ESG-GJR-GARCH(G),0.3476633368040074,4.7964204665752685,G,2013-07-15
XEC,XEC.W^E14,2013-08-08,ESG-GJR-GARCH(S),0.3469773017795885,4.777509839295383,S,2013-07-15
XEC,XEC.W^E14,2013-08-08,GARCH,0.3394334339906029,4.572026036137023,,2013-07-15
XEC,XEC.W^E14,2013-08-08,GJR-GARCH,0.3415856809258373,4.630189579903491,,2013-07-15
XEC,XEC.W^E14,2013-08-09,EGARCH,0.3449296839790242,4.72128916229641,,2013-07-15
XEC,XEC.W^E14,2013-08-09,ESG-EGARCH,0.3464443311021845,4.762844228287304,all,2013-07-15
XEC,XEC.W^E14,2013-08-09,ESG-EGARCH(E),0.3461835101815722,4.755675504826775,E,2013-07-15
XEC,XEC.W^E14,2013-08-09,ESG-EGARCH(G),0.3472047540905742,4.783775446948257,G,2013-07-15
XEC,XEC.W^E14,2013-08-09,ESG-EGARCH(S),0.3467576021589492,4.771461692659687,S,2013-07-15
XEC,XEC.W^E14,2013-08-09,ESG-GARCH,0.3427590610651114,4.662054521517333,all,2013-07-15
XEC,XEC.W^E14,2013-08-09,ESG-GARCH(E),0.3424736108571868,4.6542926243476135,E,2013-07-15
XEC,XEC.W^E14,2013-08-09,ESG-GARCH(G),0.343520326925103,4.68278630994959,G,2013-07-15
XEC,XEC.W^E14,2013-08-09,ESG-GARCH(S),0.3430387634188234,4.669666397139503,S,2013-07-15
XEC,XEC.W^E14,2013-08-09,ESG-GJR-GARCH,0.346398778145573,4.761591805585157,all,2013-07-15
XEC,XEC.W^E14,2013-08-09,ESG-GJR-GARCH(E),0.3459614496181131,4.749576373883581,E,2013-07-15
XEC,XEC.W^E14,2013-08-09,ESG-GJR-GARCH(G),0.3476633368040074,4.7964204665752685,G,2013-07-15
XEC,XEC.W^E14,2013-08-09,ESG-GJR-GARCH(S),0.3469773017795885,4.777509839295383,S,2013-07-15
XEC,XEC.W^E14,2013-08-09,GARCH,0.3394334339906029,4.572026036137023,,2013-07-15
XEC,XEC.W^E14,2013-08-09,GJR-GARCH,0.3415856809258373,4.630189579903491,,2013-07-15
XEC,XEC.W^E14,2013-08-12,EGARCH,0.3449296839790242,4.72128916229641,,2013-07-15
XEC,XEC.W^E14,2013-08-12,ESG-EGARCH,0.3464443311021845,4.762844228287304,all,2013-07-15
XEC,XEC.W^E14,2013-08-12,ESG-EGARCH(E),0.3461835101815722,4.755675504826775,E,2013-07-15
XEC,XEC.W^E14,2013-08-12,ESG-EGARCH(G),0.3472047540905742,4.783775446948257,G,2013-07-15
XEC,XEC.W^E14,2013-08-12,ESG-EGARCH(S),0.3467576021589492,4.771461692659687,S,2013-07-15
XEC,XEC.W^E14,2013-08-12,ESG-GARCH,0.3427590610651114,4.662054521517333,all,2013-07-15
XEC,XEC.W^E14,2013-08-12,ESG-GARCH(E),0.3424736108571868,4.6542926243476135,E,2013-07-15
XEC,XEC.W^E14,2013-08-12,ESG-GARCH(G),0.343520326925103,4.68278630994959,G,2013-07-15
XEC,XEC.W^E14,2013-08-12,ESG-GARCH(S),0.3430387634188234,4.669666397139503,S,2013-07-15
XEC,XEC.W^E14,2013-08-12,ESG-GJR-GARCH,0.346398778145573,4.761591805585157,all,2013-07-15
XEC,XEC.W^E14,2013-08-12,ESG-GJR-GARCH(E),0.3459614496181131,4.749576373883581,E,2013-07-15
XEC,XEC.W^E14,2013-08-12,ESG-GJR-GARCH(G),0.3476633368040074,4.7964204665752685,G,2013-07-15
XEC,XEC.W^E14,2013-08-12,ESG-GJR-GARCH(S),0.3469773017795885,4.777509839295383,S,2013-07-15
XEC,XEC.W^E14,2013-08-12,GARCH,0.3394334339906029,4.572026036137023,,2013-07-15
XEC,XEC.W^E14,2013-08-12,GJR-GARCH,0.3415856809258373,4.630189579903491,,2013-07-15
XEC,XEC.W^E14,2013-08-13,EGARCH,0.3449296839790242,4.72128916229641,,2013-07-15
XEC,XEC.W^E14,2013-08-13,ESG-EGARCH,0.3464443311021845,4.762844228287304,all,2013-07-15
XEC,XEC.W^E14,2013-08-13,ESG-EGARCH(E),0.3461835101815722,4.755675504826775,E,2013-07-15
XEC,XEC.W^E14,2013-08-13,ESG-EGARCH(G),0.3472047540905742,4.783775446948257,G,2013-07-15
XEC,XEC.W^E14,2013-08-13,ESG-EGARCH(S),0.3467576021589492,4.771461692659687,S,2013-07-15
XEC,XEC.W^E14,2013-08-13,ESG-GARCH,0.3427590610651114,4.662054521517333,all,2013-07-15
XEC,XEC.W^E14,2013-08-13,ESG-GARCH(E),0.3424736108571868,4.6542926243476135,E,2013-07-15
XEC,XEC.W^E14,2013-08-13,ESG-GARCH(G),0.343520326925103,4.68278630994959,G,2013-07-15
XEC,XEC.W^E14,2013-08-13,ESG-GARCH(S),0.3430387634188234,4.669666397139503,S,2013-07-15
XEC,XEC.W^E14,2013-08-13,ESG-GJR-GARCH,0.346398778145573,4.761591805585157,all,2013-07-15
XEC,XEC.W^E14,2013-08-13,ESG-GJR-GARCH(E),0.3459614496181131,4.749576373883581,E,2013-07-15
XEC,XEC.W^E14,2013-08-13,ESG-GJR-GARCH(G),0.3476633368040074,4.7964204665752685,G,2013-07-15
XEC,XEC.W^E14,2013-08-13,ESG-GJR-GARCH(S),0.3469773017795885,4.777509839295383,S,2013-07-15
XEC,XEC.W^E14,2013-08-13,GARCH,0.3394334339906029,4.572026036137023,,2013-07-15
XEC,XEC.W^E14,2013-08-13,GJR-GARCH,0.3415856809258373,4.630189579903491,,2013-07-15
XEC,XEC.W^E14,2013-08-14,EGARCH,0.2846862778602753,3.216122095314996,,2013-08-14
XEC,XEC.W^E14,2013-08-14,ESG-EGARCH,0.2947380534328627,3.447242862753692,all,2013-08-14
XEC,XEC.W^E14,2013-08-14,ESG-EGARCH(E),0.2945211012890157,3.4421698057339154,E,2013-08-14
XEC,XEC.W^E14,2013-08-14,ESG-EGARCH(G),0.2951585123370752,3.4570852144855304,G,2013-08-14
XEC,XEC.W^E14,2013-08-14,ESG-EGARCH(S),0.2948815990602219,3.4506014866791057,S,2013-08-14
XEC,XEC.W^E14,2013-08-14,ESG-GARCH,0.3013212932591596,3.602957213149702,all,2013-08-14
XEC,XEC.W^E14,2013-08-14,ESG-GARCH(E),0.3010882908716452,3.597387257936842,E,2013-08-14
XEC,XEC.W^E14,2013-08-14,ESG-GARCH(G),0.3018328845846378,3.615201992725528,G,2013-08-14
XEC,XEC.W^E14,2013-08-14,ESG-GARCH(S),0.3014844960149903,3.606861164183043,S,2013-08-14
XEC,XEC.W^E14,2013-08-14,ESG-GJR-GARCH,0.2764326382490381,3.032341408306492,all,2013-08-14
XEC,XEC.W^E14,2013-08-14,ESG-GJR-GARCH(E),0.2758944106256419,3.0205446751773946,E,2013-08-14
XEC,XEC.W^E14,2013-08-14,ESG-GJR-GARCH(G),0.2769025919225302,3.042660532278386,G,2013-08-14
XEC,XEC.W^E14,2013-08-14,ESG-GJR-GARCH(S),0.2766156924022316,3.036358781078016,S,2013-08-14
XEC,XEC.W^E14,2013-08-14,GARCH,0.2961582282919612,3.480543499406089,,2013-08-14
XEC,XEC.W^E14,2013-08-14,GJR-GARCH,0.2723294584484057,2.94298944201595,,2013-08-14
XEC,XEC.W^E14,2013-08-15,EGARCH,0.2846862778602753,3.216122095314996,,2013-08-14
XEC,XEC.W^E14,2013-08-15,ESG-EGARCH,0.2947380534328627,3.447242862753692,all,2013-08-14
XEC,XEC.W^E14,2013-08-15,ESG-EGARCH(E),0.2945211012890157,3.4421698057339154,E,2013-08-14
XEC,XEC.W^E14,2013-08-15,ESG-EGARCH(G),0.2951585123370752,3.4570852144855304,G,2013-08-14
XEC,XEC.W^E14,2013-08-15,ESG-EGARCH(S),0.2948815990602219,3.4506014866791057,S,2013-08-14
XEC,XEC.W^E14,2013-08-15,ESG-GARCH,0.3013212932591596,3.602957213149702,all,2013-08-14
XEC,XEC.W^E14,2013-08-15,ESG-GARCH(E),0.3010882908716452,3.597387257936842,E,2013-08-14
XEC,XEC.W^E14,2013-08-15,ESG-GARCH(G),0.3018328845846378,3.615201992725528,G,2013-08-14
XEC,XEC.W^E14,2013-08-15,ESG-GARCH(S),0.3014844960149903,3.606861164183043,S,2013-08-14
XEC,XEC.W^E14,2013-08-15,ESG-GJR-GARCH,0.2764326382490381,3.032341408306492,all,2013-08-14
XEC,XEC.W^E14,2013-08-15,ESG-GJR-GARCH(E),0.2758944106256419,3.0205446751773946,E,2013-08-14
XEC,XEC.W^E14,2013-08-15,ESG-GJR-GARCH(G),0.2769025919225302,3.042660532278386,G,2013-08-14
XEC,XEC.W^E14,2013-08-15,ESG-GJR-GARCH(S),0.2766156924022316,3.036358781078016,S,2013-08-14
XEC,XEC.W^E14,2013-08-15,GARCH,0.2961582282919612,3.480543499406089,,2013-08-14
XEC,XEC.W^E14,2013-08-15,GJR-GARCH,0.2723294584484057,2.94298944201595,,2013-08-14
XEC,XEC.W^E14,2013-08-16,EGARCH,0.2846862778602753,3.216122095314996,,2013-08-14
XEC,XEC.W^E14,2013-08-16,ESG-EGARCH,0.2947380534328627,3.447242862753692,all,2013-08-14
XEC,XEC.W^E14,2013-08-16,ESG-EGARCH(E),0.2945211012890157,3.4421698057339154,E,2013-08-14
XEC,XEC.W^E14,2013-08-16,ESG-EGARCH(G),0.2951585123370752,3.4570852144855304,G,2013-08-14
XEC,XEC.W^E14,2013-08-16,ESG-EGARCH(S),0.2948815990602219,3.4506014866791057,S,2013-08-14
XEC,XEC.W^E14,2013-08-16,ESG-GARCH,0.3013212932591596,3.602957213149702,all,2013-08-14
XEC,XEC.W^E14,2013-08-16,ESG-GARCH(E),0.3010882908716452,3.597387257936842,E,2013-08-14
XEC,XEC.W^E14,2013-08-16,ESG-GARCH(G),0.3018328845846378,3.615201992725528,G,2013-08-14
XEC,XEC.W^E14,2013-08-16,ESG-GARCH(S),0.3014844960149903,3.606861164183043,S,2013-08-14
XEC,XEC.W^E14,2013-08-16,ESG-GJR-GARCH,0.2764326382490381,3.032341408306492,all,2013-08-14
XEC,XEC.W^E14,2013-08-16,ESG-GJR-GARCH(E),0.2758944106256419,3.0205446751773946,E,2013-08-14
XEC,XEC.W^E14,2013-08-16,ESG-GJR-GARCH(G),0.2769025919225302,3.042660532278386,G,2013-08-14
XEC,XEC.W^E14,2013-08-16,ESG-GJR-GARCH(S),0.2766156924022316,3.036358781078016,S,2013-08-14
XEC,XEC.W^E14,2013-08-16,GARCH,0.2961582282919612,3.480543499406089,,2013-08-14
XEC,XEC.W^E14,2013-08-16,GJR-GARCH,0.2723294584484057,2.94298944201595,,2013-08-14
XEC,XEC.W^E14,2013-08-19,EGARCH,0.2846862778602753,3.216122095314996,,2013-08-14
XEC,XEC.W^E14,2013-08-19,ESG-EGARCH,0.2947380534328627,3.447242862753692,all,2013-08-14
XEC,XEC.W^E14,2013-08-19,ESG-EGARCH(E),0.2945211012890157,3.4421698057339154,E,2013-08-14
XEC,XEC.W^E14,2013-08-19,ESG-EGARCH(G),0.2951585123370752,3.4570852144855304,G,2013-08-14
XEC,XEC.W^E14,2013-08-19,ESG-EGARCH(S),0.2948815990602219,3.4506014866791057,S,2013-08-14
XEC,XEC.W^E14,2013-08-19,ESG-GARCH,0.3013212932591596,3.602957213149702,all,2013-08-14
XEC,XEC.W^E14,2013-08-19,ESG-GARCH(E),0.3010882908716452,3.597387257936842,E,2013-08-14
XEC,XEC.W^E14,2013-08-19,ESG-GARCH(G),0.3018328845846378,3.615201992725528,G,2013-08-14
XEC,XEC.W^E14,2013-08-19,ESG-GARCH(S),0.3014844960149903,3.606861164183043,S,2013-08-14
XEC,XEC.W^E14,2013-08-19,ESG-GJR-GARCH,0.2764326382490381,3.032341408306492,all,2013-08-14
XEC,XEC.W^E14,2013-08-19,ESG-GJR-GARCH(E),0.2758944106256419,3.0205446751773946,E,2013-08-14
XEC,XEC.W^E14,2013-08-19,ESG-GJR-GARCH(G),0.2769025919225302,3.042660532278386,G,2013-08-14
XEC,XEC.W^E14,2013-08-19,ESG-GJR-GARCH(S),0.2766156924022316,3.036358781078016,S,2013-08-14
XEC,XEC.W^E14,2013-08-19,GARCH,0.2961582282919612,3.480543499406089,,2013-08-14
XEC,XEC.W^E14,2013-08-19,GJR-GARCH,0.2723294584484057,2.94298944201595,,2013-08-14
XEC,XEC.W^E14,2013-08-20,EGARCH,0.2846862778602753,3.216122095314996,,2013-08-14
XEC,XEC.W^E14,2013-08-20,ESG-EGARCH,0.2947380534328627,3.447242862753692,all,2013-08-14
XEC,XEC.W^E14,2013-08-20,ESG-EGARCH(E),0.2945211012890157,3.4421698057339154,E,2013-08-14
XEC,XEC.W^E14,2013-08-20,ESG-EGARCH(G),0.2951585123370752,3.4570852144855304,G,2013-08-14
XEC,XEC.W^E14,2013-08-20,ESG-EGARCH(S),0.2948815990602219,3.4506014866791057,S,2013-08-14
XEC,XEC.W^E14,2013-08-20,ESG-GARCH,0.3013212932591596,3.602957213149702,all,2013-08-14
XEC,XEC.W^E14,2013-08-20,ESG-GARCH(E),0.3010882908716452,3.597387257936842,E,2013-08-14
XEC,XEC.W^E14,2013-08-20,ESG-GARCH(G),0.3018328845846378,3.615201992725528,G,2013-08-14
XEC,XEC.W^E14,2013-08-20,ESG-GARCH(S),0.3014844960149903,3.606861164183043,S,2013-08-14
XEC,XEC.W^E14,2013-08-20,ESG-GJR-GARCH,0.2764326382490381,3.032341408306492,all,2013-08-14
XEC,XEC.W^E14,2013-08-20,ESG-GJR-GARCH(E),0.2758944106256419,3.0205446751773946,E,2013-08-14
XEC,XEC.W^E14,2013-08-20,ESG-GJR-GARCH(G),0.2769025919225302,3.042660532278386,G,2013-08-14
XEC,XEC.W^E14,2013-08-20,ESG-GJR-GARCH(S),0.2766156924022316,3.036358781078016,S,2013-08-14
XEC,XEC.W^E14,2013-08-20,GARCH,0.2961582282919612,3.480543499406089,,2013-08-14
XEC,XEC.W^E14,2013-08-20,GJR-GARCH,0.2723294584484057,2.94298944201595,,2013-08-14
XEC,XEC.W^E14,2013-08-21,EGARCH,0.2846862778602753,3.216122095314996,,2013-08-14
XEC,XEC.W^E14,2013-08-21,ESG-EGARCH,0.2947380534328627,3.447242862753692,all,2013-08-14
XEC,XEC.W^E14,2013-08-21,ESG-EGARCH(E),0.2945211012890157,3.4421698057339154,E,2013-08-14
XEC,XEC.W^E14,2013-08-21,ESG-EGARCH(G),0.2951585123370752,3.4570852144855304,G,2013-08-14
XEC,XEC.W^E14,2013-08-21,ESG-EGARCH(S),0.2948815990602219,3.4506014866791057,S,2013-08-14
XEC,XEC.W^E14,2013-08-21,ESG-GARCH,0.3013212932591596,3.602957213149702,all,2013-08-14
XEC,XEC.W^E14,2013-08-21,ESG-GARCH(E),0.3010882908716452,3.597387257936842,E,2013-08-14
XEC,XEC.W^E14,2013-08-21,ESG-GARCH(G),0.3018328845846378,3.615201992725528,G,2013-08-14
XEC,XEC.W^E14,2013-08-21,ESG-GARCH(S),0.3014844960149903,3.606861164183043,S,2013-08-14
XEC,XEC.W^E14,2013-08-21,ESG-GJR-GARCH,0.2764326382490381,3.032341408306492,all,2013-08-14
XEC,XEC.W^E14,2013-08-21,ESG-GJR-GARCH(E),0.2758944106256419,3.0205446751773946,E,2013-08-14
XEC,XEC.W^E14,2013-08-21,ESG-GJR-GARCH(G),0.2769025919225302,3.042660532278386,G,2013-08-14
XEC,XEC.W^E14,2013-08-21,ESG-GJR-GARCH(S),0.2766156924022316,3.036358781078016,S,2013-08-14
XEC,XEC.W^E14,2013-08-21,GARCH,0.2961582282919612,3.480543499406089,,2013-08-14
XEC,XEC.W^E14,2013-08-21,GJR-GARCH,0.2723294584484057,2.94298944201595,,2013-08-14
XEC,XEC.W^E14,2013-08-22,EGARCH,0.2846862778602753,3.216122095314996,,2013-08-14
XEC,XEC.W^E14,2013-08-22,ESG-EGARCH,0.2947380534328627,3.447242862753692,all,2013-08-14
XEC,XEC.W^E14,2013-08-22,ESG-EGARCH(E),0.2945211012890157,3.4421698057339154,E,2013-08-14
XEC,XEC.W^E14,2013-08-22,ESG-EGARCH(G),0.2951585123370752,3.4570852144855304,G,2013-08-14
XEC,XEC.W^E14,2013-08-22,ESG-EGARCH(S),0.2948815990602219,3.4506014866791057,S,2013-08-14
XEC,XEC.W^E14,2013-08-22,ESG-GARCH,0.3013212932591596,3.602957213149702,all,2013-08-14
XEC,XEC.W^E14,2013-08-22,ESG-GARCH(E),0.3010882908716452,3.597387257936842,E,2013-08-14
XEC,XEC.W^E14,2013-08-22,ESG-GARCH(G),0.3018328845846378,3.615201992725528,G,2013-08-14
XEC,XEC.W^E14,2013-08-22,ESG-GARCH(S),0.3014844960149903,3.606861164183043,S,2013-08-14
XEC,XEC.W^E14,2013-08-22,ESG-GJR-GARCH,0.2764326382490381,3.032341408306492,all,2013-08-14
XEC,XEC.W^E14,2013-08-22,ESG-GJR-GARCH(E),0.2758944106256419,3.0205446751773946,E,2013-08-14
XEC,XEC.W^E14,2013-08-22,ESG-GJR-GARCH(G),0.2769025919225302,3.042660532278386,G,2013-08-14
XEC,XEC.W^E14,2013-08-22,ESG-GJR-GARCH(S),0.2766156924022316,3.036358781078016,S,2013-08-14
XEC,XEC.W^E14,2013-08-22,GARCH,0.2961582282919612,3.480543499406089,,2013-08-14
XEC,XEC.W^E14,2013-08-22,GJR-GARCH,0.2723294584484057,2.94298944201595,,2013-08-14
XEC,XEC.W^E14,2013-08-23,EGARCH,0.2846862778602753,3.216122095314996,,2013-08-14
XEC,XEC.W^E14,2013-08-23,ESG-EGARCH,0.2947380534328627,3.447242862753692,all,2013-08-14
XEC,XEC.W^E14,2013-08-23,ESG-EGARCH(E),0.2945211012890157,3.4421698057339154,E,2013-08-14
XEC,XEC.W^E14,2013-08-23,ESG-EGARCH(G),0.2951585123370752,3.4570852144855304,G,2013-08-14
XEC,XEC.W^E14,2013-08-23,ESG-EGARCH(S),0.2948815990602219,3.4506014866791057,S,2013-08-14
XEC,XEC.W^E14,2013-08-23,ESG-GARCH,0.3013212932591596,3.602957213149702,all,2013-08-14
XEC,XEC.W^E14,2013-08-23,ESG-GARCH(E),0.3010882908716452,3.597387257936842,E,2013-08-14
XEC,XEC.W^E14,2013-08-23,ESG-GARCH(G),0.3018328845846378,3.615201992725528,G,2013-08-14
XEC,XEC.W^E14,2013-08-23,ESG-GARCH(S),0.3014844960149903,3.606861164183043,S,2013-08-14
XEC,XEC.W^E14,2013-08-23,ESG-GJR-GARCH,0.2764326382490381,3.032341408306492,all,2013-08-14
XEC,XEC.W^E14,2013-08-23,ESG-GJR-GARCH(E),0.2758944106256419,3.0205446751773946,E,2013-08-14
XEC,XEC.W^E14,2013-08-23,ESG-GJR-GARCH(G),0.2769025919225302,3.042660532278386,G,2013-08-14
XEC,XEC.W^E14,2013-08-23,ESG-GJR-GARCH(S),0.2766156924022316,3.036358781078016,S,2013-08-14
XEC,XEC.W^E14,2013-08-23,GARCH,0.2961582282919612,3.480543499406089,,2013-08-14
XEC,XEC.W^E14,2013-08-23,GJR-GARCH,0.2723294584484057,2.94298944201595,,2013-08-14
XEC,XEC.W^E14,2013-08-26,EGARCH,0.2846862778602753,3.216122095314996,,2013-08-14
XEC,XEC.W^E14,2013-08-26,ESG-EGARCH,0.2947380534328627,3.447242862753692,all,2013-08-14
XEC,XEC.W^E14,2013-08-26,ESG-EGARCH(E),0.2945211012890157,3.4421698057339154,E,2013-08-14
XEC,XEC.W^E14,2013-08-26,ESG-EGARCH(G),0.2951585123370752,3.4570852144855304,G,2013-08-14
XEC,XEC.W^E14,2013-08-26,ESG-EGARCH(S),0.2948815990602219,3.4506014866791057,S,2013-08-14
XEC,XEC.W^E14,2013-08-26,ESG-GARCH,0.3013212932591596,3.602957213149702,all,2013-08-14
XEC,XEC.W^E14,2013-08-26,ESG-GARCH(E),0.3010882908716452,3.597387257936842,E,2013-08-14
XEC,XEC.W^E14,2013-08-26,ESG-GARCH(G),0.3018328845846378,3.615201992725528,G,2013-08-14
XEC,XEC.W^E14,2013-08-26,ESG-GARCH(S),0.3014844960149903,3.606861164183043,S,2013-08-14
XEC,XEC.W^E14,2013-08-26,ESG-GJR-GARCH,0.2764326382490381,3.032341408306492,all,2013-08-14
XEC,XEC.W^E14,2013-08-26,ESG-GJR-GARCH(E),0.2758944106256419,3.0205446751773946,E,2013-08-14
XEC,XEC.W^E14,2013-08-26,ESG-GJR-GARCH(G),0.2769025919225302,3.042660532278386,G,2013-08-14
XEC,XEC.W^E14,2013-08-26,ESG-GJR-GARCH(S),0.2766156924022316,3.036358781078016,S,2013-08-14
XEC,XEC.W^E14,2013-08-26,GARCH,0.2961582282919612,3.480543499406089,,2013-08-14
XEC,XEC.W^E14,2013-08-26,GJR-GARCH,0.2723294584484057,2.94298944201595,,2013-08-14
XEC,XEC.W^E14,2013-08-27,EGARCH,0.2846862778602753,3.216122095314996,,2013-08-14
XEC,XEC.W^E14,2013-08-27,ESG-EGARCH,0.2947380534328627,3.447242862753692,all,2013-08-14
XEC,XEC.W^E14,2013-08-27,ESG-EGARCH(E),0.2945211012890157,3.4421698057339154,E,2013-08-14
XEC,XEC.W^E14,2013-08-27,ESG-EGARCH(G),0.2951585123370752,3.4570852144855304,G,2013-08-14
XEC,XEC.W^E14,2013-08-27,ESG-EGARCH(S),0.2948815990602219,3.4506014866791057,S,2013-08-14
XEC,XEC.W^E14,2013-08-27,ESG-GARCH,0.3013212932591596,3.602957213149702,all,2013-08-14
XEC,XEC.W^E14,2013-08-27,ESG-GARCH(E),0.3010882908716452,3.597387257936842,E,2013-08-14
XEC,XEC.W^E14,2013-08-27,ESG-GARCH(G),0.3018328845846378,3.615201992725528,G,2013-08-14
XEC,XEC.W^E14,2013-08-27,ESG-GARCH(S),0.3014844960149903,3.606861164183043,S,2013-08-14
XEC,XEC.W^E14,2013-08-27,ESG-GJR-GARCH,0.2764326382490381,3.032341408306492,all,2013-08-14
XEC,XEC.W^E14,2013-08-27,ESG-GJR-GARCH(E),0.2758944106256419,3.0205446751773946,E,2013-08-14
XEC,XEC.W^E14,2013-08-27,ESG-GJR-GARCH(G),0.2769025919225302,3.042660532278386,G,2013-08-14
XEC,XEC.W^E14,2013-08-27,ESG-GJR-GARCH(S),0.2766156924022316,3.036358781078016,S,2013-08-14
XEC,XEC.W^E14,2013-08-27,GARCH,0.2961582282919612,3.480543499406089,,2013-08-14
XEC,XEC.W^E14,2013-08-27,GJR-GARCH,0.2723294584484057,2.94298944201595,,2013-08-14
XEC,XEC.W^E14,2013-08-28,EGARCH,0.2846862778602753,3.216122095314996,,2013-08-14
XEC,XEC.W^E14,2013-08-28,ESG-EGARCH,0.2947380534328627,3.447242862753692,all,2013-08-14
XEC,XEC.W^E14,2013-08-28,ESG-EGARCH(E),0.2945211012890157,3.4421698057339154,E,2013-08-14
XEC,XEC.W^E14,2013-08-28,ESG-EGARCH(G),0.2951585123370752,3.4570852144855304,G,2013-08-14
XEC,XEC.W^E14,2013-08-28,ESG-EGARCH(S),0.2948815990602219,3.4506014866791057,S,2013-08-14
XEC,XEC.W^E14,2013-08-28,ESG-GARCH,0.3013212932591596,3.602957213149702,all,2013-08-14
XEC,XEC.W^E14,2013-08-28,ESG-GARCH(E),0.3010882908716452,3.597387257936842,E,2013-08-14
XEC,XEC.W^E14,2013-08-28,ESG-GARCH(G),0.3018328845846378,3.615201992725528,G,2013-08-14
XEC,XEC.W^E14,2013-08-28,ESG-GARCH(S),0.3014844960149903,3.606861164183043,S,2013-08-14
XEC,XEC.W^E14,2013-08-28,ESG-GJR-GARCH,0.2764326382490381,3.032341408306492,all,2013-08-14
XEC,XEC.W^E14,2013-08-28,ESG-GJR-GARCH(E),0.2758944106256419,3.0205446751773946,E,2013-08-14
XEC,XEC.W^E14,2013-08-28,ESG-GJR-GARCH(G),0.2769025919225302,3.042660532278386,G,2013-08-14
XEC,XEC.W^E14,2013-08-28,ESG-GJR-GARCH(S),0.2766156924022316,3.036358781078016,S,2013-08-14
XEC,XEC.W^E14,2013-08-28,GARCH,0.2961582282919612,3.480543499406089,,2013-08-14
XEC,XEC.W^E14,2013-08-28,GJR-GARCH,0.2723294584484057,2.94298944201595,,2013-08-14
XEC,XEC.W^E14,2013-08-29,EGARCH,0.2846862778602753,3.216122095314996,,2013-08-14
XEC,XEC.W^E14,2013-08-29,ESG-EGARCH,0.2947380534328627,3.447242862753692,all,2013-08-14
XEC,XEC.W^E14,2013-08-29,ESG-EGARCH(E),0.2945211012890157,3.4421698057339154,E,2013-08-14
XEC,XEC.W^E14,2013-08-29,ESG-EGARCH(G),0.2951585123370752,3.4570852144855304,G,2013-08-14
XEC,XEC.W^E14,2013-08-29,ESG-EGARCH(S),0.2948815990602219,3.4506014866791057,S,2013-08-14
XEC,XEC.W^E14,2013-08-29,ESG-GARCH,0.3013212932591596,3.602957213149702,all,2013-08-14
XEC,XEC.W^E14,2013-08-29,ESG-GARCH(E),0.3010882908716452,3.597387257936842,E,2013-08-14
XEC,XEC.W^E14,2013-08-29,ESG-GARCH(G),0.3018328845846378,3.615201992725528,G,2013-08-14
XEC,XEC.W^E14,2013-08-29,ESG-GARCH(S),0.3014844960149903,3.606861164183043,S,2013-08-14
XEC,XEC.W^E14,2013-08-29,ESG-GJR-GARCH,0.2764326382490381,3.032341408306492,all,2013-08-14
XEC,XEC.W^E14,2013-08-29,ESG-GJR-GARCH(E),0.2758944106256419,3.0205446751773946,E,2013-08-14
XEC,XEC.W^E14,2013-08-29,ESG-GJR-GARCH(G),0.2769025919225302,3.042660532278386,G,2013-08-14
XEC,XEC.W^E14,2013-08-29,ESG-GJR-GARCH(S),0.2766156924022316,3.036358781078016,S,2013-08-14
XEC,XEC.W^E14,2013-08-29,GARCH,0.2961582282919612,3.480543499406089,,2013-08-14
XEC,XEC.W^E14,2013-08-29,GJR-GARCH,0.2723294584484057,2.94298944201595,,2013-08-14
XEC,XEC.W^E14,2013-09-04,EGARCH,0.2846862778602753,3.216122095314996,,2013-08-14
XEC,XEC.W^E14,2013-09-04,ESG-EGARCH,0.2947380534328627,3.447242862753692,all,2013-08-14
XEC,XEC.W^E14,2013-09-04,ESG-EGARCH(E),0.2945211012890157,3.4421698057339154,E,2013-08-14
XEC,XEC.W^E14,2013-09-04,ESG-EGARCH(G),0.2951585123370752,3.4570852144855304,G,2013-08-14
XEC,XEC.W^E14,2013-09-04,ESG-EGARCH(S),0.2948815990602219,3.4506014866791057,S,2013-08-14
XEC,XEC.W^E14,2013-09-04,ESG-GARCH,0.3013212932591596,3.602957213149702,all,2013-08-14
XEC,XEC.W^E14,2013-09-04,ESG-GARCH(E),0.3010882908716452,3.597387257936842,E,2013-08-14
XEC,XEC.W^E14,2013-09-04,ESG-GARCH(G),0.3018328845846378,3.615201992725528,G,2013-08-14
XEC,XEC.W^E14,2013-09-04,ESG-GARCH(S),0.3014844960149903,3.606861164183043,S,2013-08-14
XEC,XEC.W^E14,2013-09-04,ESG-GJR-GARCH,0.2764326382490381,3.032341408306492,all,2013-08-14
XEC,XEC.W^E14,2013-09-04,ESG-GJR-GARCH(E),0.2758944106256419,3.0205446751773946,E,2013-08-14
XEC,XEC.W^E14,2013-09-04,ESG-GJR-GARCH(G),0.2769025919225302,3.042660532278386,G,2013-08-14
XEC,XEC.W^E14,2013-09-04,ESG-GJR-GARCH(S),0.2766156924022316,3.036358781078016,S,2013-08-14
XEC,XEC.W^E14,2013-09-04,GARCH,0.2961582282919612,3.480543499406089,,2013-08-14
XEC,XEC.W^E14,2013-09-04,GJR-GARCH,0.2723294584484057,2.94298944201595,,2013-08-14
XEC,XEC.W^E14,2013-09-09,EGARCH,0.2846862778602753,3.216122095314996,,2013-08-14
XEC,XEC.W^E14,2013-09-09,ESG-EGARCH,0.2947380534328627,3.447242862753692,all,2013-08-14
XEC,XEC.W^E14,2013-09-09,ESG-EGARCH(E),0.2945211012890157,3.4421698057339154,E,2013-08-14
XEC,XEC.W^E14,2013-09-09,ESG-EGARCH(G),0.2951585123370752,3.4570852144855304,G,2013-08-14
XEC,XEC.W^E14,2013-09-09,ESG-EGARCH(S),0.2948815990602219,3.4506014866791057,S,2013-08-14
XEC,XEC.W^E14,2013-09-09,ESG-GARCH,0.3013212932591596,3.602957213149702,all,2013-08-14
XEC,XEC.W^E14,2013-09-09,ESG-GARCH(E),0.3010882908716452,3.597387257936842,E,2013-08-14
XEC,XEC.W^E14,2013-09-09,ESG-GARCH(G),0.3018328845846378,3.615201992725528,G,2013-08-14
XEC,XEC.W^E14,2013-09-09,ESG-GARCH(S),0.3014844960149903,3.606861164183043,S,2013-08-14
XEC,XEC.W^E14,2013-09-09,ESG-GJR-GARCH,0.2764326382490381,3.032341408306492,all,2013-08-14
XEC,XEC.W^E14,2013-09-09,ESG-GJR-GARCH(E),0.2758944106256419,3.0205446751773946,E,2013-08-14
XEC,XEC.W^E14,2013-09-09,ESG-GJR-GARCH(G),0.2769025919225302,3.042660532278386,G,2013-08-14
XEC,XEC.W^E14,2013-09-09,ESG-GJR-GARCH(S),0.2766156924022316,3.036358781078016,S,2013-08-14
XEC,XEC.W^E14,2013-09-09,GARCH,0.2961582282919612,3.480543499406089,,2013-08-14
XEC,XEC.W^E14,2013-09-09,GJR-GARCH,0.2723294584484057,2.94298944201595,,2013-08-14
XEC,XEC.W^E14,2013-09-10,EGARCH,0.2846862778602753,3.216122095314996,,2013-08-14
XEC,XEC.W^E14,2013-09-10,ESG-EGARCH,0.2947380534328627,3.447242862753692,all,2013-08-14
XEC,XEC.W^E14,2013-09-10,ESG-EGARCH(E),0.2945211012890157,3.4421698057339154,E,2013-08-14
XEC,XEC.W^E14,2013-09-10,ESG-EGARCH(G),0.2951585123370752,3.4570852144855304,G,2013-08-14
XEC,XEC.W^E14,2013-09-10,ESG-EGARCH(S),0.2948815990602219,3.4506014866791057,S,2013-08-14
XEC,XEC.W^E14,2013-09-10,ESG-GARCH,0.3013212932591596,3.602957213149702,all,2013-08-14
XEC,XEC.W^E14,2013-09-10,ESG-GARCH(E),0.3010882908716452,3.597387257936842,E,2013-08-14
XEC,XEC.W^E14,2013-09-10,ESG-GARCH(G),0.3018328845846378,3.615201992725528,G,2013-08-14
XEC,XEC.W^E14,2013-09-10,ESG-GARCH(S),0.3014844960149903,3.606861164183043,S,2013-08-14
XEC,XEC.W^E14,2013-09-10,ESG-GJR-GARCH,0.2764326382490381,3.032341408306492,all,2013-08-14
XEC,XEC.W^E14,2013-09-10,ESG-GJR-GARCH(E),0.2758944106256419,3.0205446751773946,E,2013-08-14
XEC,XEC.W^E14,2013-09-10,ESG-GJR-GARCH(G),0.2769025919225302,3.042660532278386,G,2013-08-14
XEC,XEC.W^E14,2013-09-10,ESG-GJR-GARCH(S),0.2766156924022316,3.036358781078016,S,2013-08-14
XEC,XEC.W^E14,2013-09-10,GARCH,0.2961582282919612,3.480543499406089,,2013-08-14
XEC,XEC.W^E14,2013-09-10,GJR-GARCH,0.2723294584484057,2.94298944201595,,2013-08-14
XEC,XEC.W^E14,2013-09-13,EGARCH,0.2846862778602753,3.216122095314996,,2013-08-14
XEC,XEC.W^E14,2013-09-13,ESG-EGARCH,0.2947380534328627,3.447242862753692,all,2013-08-14
XEC,XEC.W^E14,2013-09-13,ESG-EGARCH(E),0.2945211012890157,3.4421698057339154,E,2013-08-14
XEC,XEC.W^E14,2013-09-13,ESG-EGARCH(G),0.2951585123370752,3.4570852144855304,G,2013-08-14
XEC,XEC.W^E14,2013-09-13,ESG-EGARCH(S),0.2948815990602219,3.4506014866791057,S,2013-08-14
XEC,XEC.W^E14,2013-09-13,ESG-GARCH,0.3013212932591596,3.602957213149702,all,2013-08-14
XEC,XEC.W^E14,2013-09-13,ESG-GARCH(E),0.3010882908716452,3.597387257936842,E,2013-08-14
XEC,XEC.W^E14,2013-09-13,ESG-GARCH(G),0.3018328845846378,3.615201992725528,G,2013-08-14
XEC,XEC.W^E14,2013-09-13,ESG-GARCH(S),0.3014844960149903,3.606861164183043,S,2013-08-14
XEC,XEC.W^E14,2013-09-13,ESG-GJR-GARCH,0.2764326382490381,3.032341408306492,all,2013-08-14
XEC,XEC.W^E14,2013-09-13,ESG-GJR-GARCH(E),0.2758944106256419,3.0205446751773946,E,2013-08-14
XEC,XEC.W^E14,2013-09-13,ESG-GJR-GARCH(G),0.2769025919225302,3.042660532278386,G,2013-08-14
XEC,XEC.W^E14,2013-09-13,ESG-GJR-GARCH(S),0.2766156924022316,3.036358781078016,S,2013-08-14
XEC,XEC.W^E14,2013-09-13,GARCH,0.2961582282919612,3.480543499406089,,2013-08-14
XEC,XEC.W^E14,2013-09-13,GJR-GARCH,0.2723294584484057,2.94298944201595,,2013-08-14
XEC,XEC.W^E14,2013-09-16,EGARCH,0.2846862778602753,3.216122095314996,,2013-08-14
XEC,XEC.W^E14,2013-09-16,ESG-EGARCH,0.2947380534328627,3.447242862753692,all,2013-08-14
XEC,XEC.W^E14,2013-09-16,ESG-EGARCH(E),0.2945211012890157,3.4421698057339154,E,2013-08-14
XEC,XEC.W^E14,2013-09-16,ESG-EGARCH(G),0.2951585123370752,3.4570852144855304,G,2013-08-14
XEC,XEC.W^E14,2013-09-16,ESG-EGARCH(S),0.2948815990602219,3.4506014866791057,S,2013-08-14
XEC,XEC.W^E14,2013-09-16,ESG-GARCH,0.3013212932591596,3.602957213149702,all,2013-08-14
XEC,XEC.W^E14,2013-09-16,ESG-GARCH(E),0.3010882908716452,3.597387257936842,E,2013-08-14
XEC,XEC.W^E14,2013-09-16,ESG-GARCH(G),0.3018328845846378,3.615201992725528,G,2013-08-14
XEC,XEC.W^E14,2013-09-16,ESG-GARCH(S),0.3014844960149903,3.606861164183043,S,2013-08-14
XEC,XEC.W^E14,2013-09-16,ESG-GJR-GARCH,0.2764326382490381,3.032341408306492,all,2013-08-14
XEC,XEC.W^E14,2013-09-16,ESG-GJR-GARCH(E),0.2758944106256419,3.0205446751773946,E,2013-08-14
XEC,XEC.W^E14,2013-09-16,ESG-GJR-GARCH(G),0.2769025919225302,3.042660532278386,G,2013-08-14
XEC,XEC.W^E14,2013-09-16,ESG-GJR-GARCH(S),0.2766156924022316,3.036358781078016,S,2013-08-14
XEC,XEC.W^E14,2013-09-16,GARCH,0.2961582282919612,3.480543499406089,,2013-08-14
XEC,XEC.W^E14,2013-09-16,GJR-GARCH,0.2723294584484057,2.94298944201595,,2013-08-14
XEC,XEC.W^E14,2013-09-17,EGARCH,0.2846862778602753,3.216122095314996,,2013-08-14
XEC,XEC.W^E14,2013-09-17,ESG-EGARCH,0.2947380534328627,3.447242862753692,all,2013-08-14
XEC,XEC.W^E14,2013-09-17,ESG-EGARCH(E),0.2945211012890157,3.4421698057339154,E,2013-08-14
XEC,XEC.W^E14,2013-09-17,ESG-EGARCH(G),0.2951585123370752,3.4570852144855304,G,2013-08-14
XEC,XEC.W^E14,2013-09-17,ESG-EGARCH(S),0.2948815990602219,3.4506014866791057,S,2013-08-14
XEC,XEC.W^E14,2013-09-17,ESG-GARCH,0.3013212932591596,3.602957213149702,all,2013-08-14
XEC,XEC.W^E14,2013-09-17,ESG-GARCH(E),0.3010882908716452,3.597387257936842,E,2013-08-14
XEC,XEC.W^E14,2013-09-17,ESG-GARCH(G),0.3018328845846378,3.615201992725528,G,2013-08-14
XEC,XEC.W^E14,2013-09-17,ESG-GARCH(S),0.3014844960149903,3.606861164183043,S,2013-08-14
XEC,XEC.W^E14,2013-09-17,ESG-GJR-GARCH,0.2764326382490381,3.032341408306492,all,2013-08-14
XEC,XEC.W^E14,2013-09-17,ESG-GJR-GARCH(E),0.2758944106256419,3.0205446751773946,E,2013-08-14
XEC,XEC.W^E14,2013-09-17,ESG-GJR-GARCH(G),0.2769025919225302,3.042660532278386,G,2013-08-14
XEC,XEC.W^E14,2013-09-17,ESG-GJR-GARCH(S),0.2766156924022316,3.036358781078016,S,2013-08-14
XEC,XEC.W^E14,2013-09-17,GARCH,0.2961582282919612,3.480543499406089,,2013-08-14
XEC,XEC.W^E14,2013-09-17,GJR-GARCH,0.2723294584484057,2.94298944201595,,2013-08-14
XEC,XEC.W^E14,2013-09-18,EGARCH,0.2846862778602753,3.216122095314996,,2013-08-14
XEC,XEC.W^E14,2013-09-18,ESG-EGARCH,0.2947380534328627,3.447242862753692,all,2013-08-14
XEC,XEC.W^E14,2013-09-18,ESG-EGARCH(E),0.2945211012890157,3.4421698057339154,E,2013-08-14
XEC,XEC.W^E14,2013-09-18,ESG-EGARCH(G),0.2951585123370752,3.4570852144855304,G,2013-08-14
XEC,XEC.W^E14,2013-09-18,ESG-EGARCH(S),0.2948815990602219,3.4506014866791057,S,2013-08-14
XEC,XEC.W^E14,2013-09-18,ESG-GARCH,0.3013212932591596,3.602957213149702,all,2013-08-14
XEC,XEC.W^E14,2013-09-18,ESG-GARCH(E),0.3010882908716452,3.597387257936842,E,2013-08-14
XEC,XEC.W^E14,2013-09-18,ESG-GARCH(G),0.3018328845846378,3.615201992725528,G,2013-08-14
XEC,XEC.W^E14,2013-09-18,ESG-GARCH(S),0.3014844960149903,3.606861164183043,S,2013-08-14
XEC,XEC.W^E14,2013-09-18,ESG-GJR-GARCH,0.2764326382490381,3.032341408306492,all,2013-08-14
XEC,XEC.W^E14,2013-09-18,ESG-GJR-GARCH(E),0.2758944106256419,3.0205446751773946,E,2013-08-14
XEC,XEC.W^E14,2013-09-18,ESG-GJR-GARCH(G),0.2769025919225302,3.042660532278386,G,2013-08-14
XEC,XEC.W^E14,2013-09-18,ESG-GJR-GARCH(S),0.2766156924022316,3.036358781078016,S,2013-08-14
XEC,XEC.W^E14,2013-09-18,GARCH,0.2961582282919612,3.480543499406089,,2013-08-14
XEC,XEC.W^E14,2013-09-18,GJR-GARCH,0.2723294584484057,2.94298944201595,,2013-08-14
XEC,XEC.W^E14,2013-09-19,EGARCH,0.2846862778602753,3.216122095314996,,2013-08-14
XEC,XEC.W^E14,2013-09-19,ESG-EGARCH,0.2947380534328627,3.447242862753692,all,2013-08-14
XEC,XEC.W^E14,2013-09-19,ESG-EGARCH(E),0.2945211012890157,3.4421698057339154,E,2013-08-14
XEC,XEC.W^E14,2013-09-19,ESG-EGARCH(G),0.2951585123370752,3.4570852144855304,G,2013-08-14
XEC,XEC.W^E14,2013-09-19,ESG-EGARCH(S),0.2948815990602219,3.4506014866791057,S,2013-08-14
XEC,XEC.W^E14,2013-09-19,ESG-GARCH,0.3013212932591596,3.602957213149702,all,2013-08-14
XEC,XEC.W^E14,2013-09-19,ESG-GARCH(E),0.3010882908716452,3.597387257936842,E,2013-08-14
XEC,XEC.W^E14,2013-09-19,ESG-GARCH(G),0.3018328845846378,3.615201992725528,G,2013-08-14
XEC,XEC.W^E14,2013-09-19,ESG-GARCH(S),0.3014844960149903,3.606861164183043,S,2013-08-14
XEC,XEC.W^E14,2013-09-19,ESG-GJR-GARCH,0.2764326382490381,3.032341408306492,all,2013-08-14
XEC,XEC.W^E14,2013-09-19,ESG-GJR-GARCH(E),0.2758944106256419,3.0205446751773946,E,2013-08-14
XEC,XEC.W^E14,2013-09-19,ESG-GJR-GARCH(G),0.2769025919225302,3.042660532278386,G,2013-08-14
XEC,XEC.W^E14,2013-09-19,ESG-GJR-GARCH(S),0.2766156924022316,3.036358781078016,S,2013-08-14
XEC,XEC.W^E14,2013-09-19,GARCH,0.2961582282919612,3.480543499406089,,2013-08-14
XEC,XEC.W^E14,2013-09-19,GJR-GARCH,0.2723294584484057,2.94298944201595,,2013-08-14
XEC,XEC.W^E14,2013-09-20,EGARCH,0.2846862778602753,3.216122095314996,,2013-08-14
XEC,XEC.W^E14,2013-09-20,ESG-EGARCH,0.2947380534328627,3.447242862753692,all,2013-08-14
XEC,XEC.W^E14,2013-09-20,ESG-EGARCH(E),0.2945211012890157,3.4421698057339154,E,2013-08-14
XEC,XEC.W^E14,2013-09-20,ESG-EGARCH(G),0.2951585123370752,3.4570852144855304,G,2013-08-14
XEC,XEC.W^E14,2013-09-20,ESG-EGARCH(S),0.2948815990602219,3.4506014866791057,S,2013-08-14
XEC,XEC.W^E14,2013-09-20,ESG-GARCH,0.3013212932591596,3.602957213149702,all,2013-08-14
XEC,XEC.W^E14,2013-09-20,ESG-GARCH(E),0.3010882908716452,3.597387257936842,E,2013-08-14
XEC,XEC.W^E14,2013-09-20,ESG-GARCH(G),0.3018328845846378,3.615201992725528,G,2013-08-14
XEC,XEC.W^E14,2013-09-20,ESG-GARCH(S),0.3014844960149903,3.606861164183043,S,2013-08-14
XEC,XEC.W^E14,2013-09-20,ESG-GJR-GARCH,0.2764326382490381,3.032341408306492,all,2013-08-14
XEC,XEC.W^E14,2013-09-20,ESG-GJR-GARCH(E),0.2758944106256419,3.0205446751773946,E,2013-08-14
XEC,XEC.W^E14,2013-09-20,ESG-GJR-GARCH(G),0.2769025919225302,3.042660532278386,G,2013-08-14
XEC,XEC.W^E14,2013-09-20,ESG-GJR-GARCH(S),0.2766156924022316,3.036358781078016,S,2013-08-14
XEC,XEC.W^E14,2013-09-20,GARCH,0.2961582282919612,3.480543499406089,,2013-08-14
XEC,XEC.W^E14,2013-09-20,GJR-GARCH,0.2723294584484057,2.94298944201595,,2013-08-14
XEC,XEC.W^E14,2013-09-23,EGARCH,0.2846862778602753,3.216122095314996,,2013-08-14
XEC,XEC.W^E14,2013-09-23,ESG-EGARCH,0.2947380534328627,3.447242862753692,all,2013-08-14
XEC,XEC.W^E14,2013-09-23,ESG-EGARCH(E),0.2945211012890157,3.4421698057339154,E,2013-08-14
XEC,XEC.W^E14,2013-09-23,ESG-EGARCH(G),0.2951585123370752,3.4570852144855304,G,2013-08-14
XEC,XEC.W^E14,2013-09-23,ESG-EGARCH(S),0.2948815990602219,3.4506014866791057,S,2013-08-14
XEC,XEC.W^E14,2013-09-23,ESG-GARCH,0.3013212932591596,3.602957213149702,all,2013-08-14
XEC,XEC.W^E14,2013-09-23,ESG-GARCH(E),0.3010882908716452,3.597387257936842,E,2013-08-14
XEC,XEC.W^E14,2013-09-23,ESG-GARCH(G),0.3018328845846378,3.615201992725528,G,2013-08-14
XEC,XEC.W^E14,2013-09-23,ESG-GARCH(S),0.3014844960149903,3.606861164183043,S,2013-08-14
XEC,XEC.W^E14,2013-09-23,ESG-GJR-GARCH,0.2764326382490381,3.032341408306492,all,2013-08-14
XEC,XEC.W^E14,2013-09-23,ESG-GJR-GARCH(E),0.2758944106256419,3.0205446751773946,E,2013-08-14
XEC,XEC.W^E14,2013-09-23,ESG-GJR-GARCH(G),0.2769025919225302,3.042660532278386,G,2013-08-14
XEC,XEC.W^E14,2013-09-23,ESG-GJR-GARCH(S),0.2766156924022316,3.036358781078016,S,2013-08-14
XEC,XEC.W^E14,2013-09-23,GARCH,0.2961582282919612,3.480543499406089,,2013-08-14
XEC,XEC.W^E14,2013-09-23,GJR-GARCH,0.2723294584484057,2.94298944201595,,2013-08-14
XEC,XEC.W^E14,2013-09-24,EGARCH,0.2563546962847243,2.607846440763224,,2013-09-24
XEC,XEC.W^E14,2013-09-24,ESG-EGARCH,0.2502339870184433,2.484803502347082,all,2013-09-24
XEC,XEC.W^E14,2013-09-24,ESG-EGARCH(E),0.2500356535180428,2.480866191674396,E,2013-09-24
XEC,XEC.W^E14,2013-09-24,ESG-EGARCH(G),0.2502290482430425,2.4847054200245595,G,2013-09-24
XEC,XEC.W^E14,2013-09-24,ESG-EGARCH(S),0.2500980507855487,2.482104563759163,S,2013-09-24
XEC,XEC.W^E14,2013-09-24,ESG-GARCH,0.269463548475176,2.8813731728902208,all,2013-09-24
XEC,XEC.W^E14,2013-09-24,ESG-GARCH(E),0.2692594020205104,2.8770089514461463,E,2013-09-24
XEC,XEC.W^E14,2013-09-24,ESG-GARCH(G),0.2697089908782767,2.886624593673746,G,2013-09-24
XEC,XEC.W^E14,2013-09-24,ESG-GARCH(S),0.2694720535602,2.881555065474258,S,2013-09-24
XEC,XEC.W^E14,2013-09-24,ESG-GJR-GARCH,0.2336686604369572,2.166708050412778,all,2013-09-24
XEC,XEC.W^E14,2013-09-24,ESG-GJR-GARCH(E),0.2331515202173925,2.157128229352428,E,2013-09-24
XEC,XEC.W^E14,2013-09-24,ESG-GJR-GARCH(G),0.2335945927928683,2.1653346738915054,G,2013-09-24
XEC,XEC.W^E14,2013-09-24,ESG-GJR-GARCH(S),0.2335360234890485,2.1642489788522794,S,2013-09-24
XEC,XEC.W^E14,2013-09-24,GARCH,0.2713796814816253,2.922497282582079,,2013-09-24
XEC,XEC.W^E14,2013-09-24,GJR-GARCH,0.230239950602265,2.10358868465609,,2013-09-24
XEC,XEC.W^E14,2013-09-25,EGARCH,0.2563546962847243,2.607846440763224,,2013-09-24
XEC,XEC.W^E14,2013-09-25,ESG-EGARCH,0.2502339870184433,2.484803502347082,all,2013-09-24
XEC,XEC.W^E14,2013-09-25,ESG-EGARCH(E),0.2500356535180428,2.480866191674396,E,2013-09-24
XEC,XEC.W^E14,2013-09-25,ESG-EGARCH(G),0.2502290482430425,2.4847054200245595,G,2013-09-24
XEC,XEC.W^E14,2013-09-25,ESG-EGARCH(S),0.2500980507855487,2.482104563759163,S,2013-09-24
XEC,XEC.W^E14,2013-09-25,ESG-GARCH,0.269463548475176,2.8813731728902208,all,2013-09-24
XEC,XEC.W^E14,2013-09-25,ESG-GARCH(E),0.2692594020205104,2.8770089514461463,E,2013-09-24
XEC,XEC.W^E14,2013-09-25,ESG-GARCH(G),0.2697089908782767,2.886624593673746,G,2013-09-24
XEC,XEC.W^E14,2013-09-25,ESG-GARCH(S),0.2694720535602,2.881555065474258,S,2013-09-24
XEC,XEC.W^E14,2013-09-25,ESG-GJR-GARCH,0.2336686604369572,2.166708050412778,all,2013-09-24
XEC,XEC.W^E14,2013-09-25,ESG-GJR-GARCH(E),0.2331515202173925,2.157128229352428,E,2013-09-24
XEC,XEC.W^E14,2013-09-25,ESG-GJR-GARCH(G),0.2335945927928683,2.1653346738915054,G,2013-09-24
XEC,XEC.W^E14,2013-09-25,ESG-GJR-GARCH(S),0.2335360234890485,2.1642489788522794,S,2013-09-24
XEC,XEC.W^E14,2013-09-25,GARCH,0.2713796814816253,2.922497282582079,,2013-09-24
XEC,XEC.W^E14,2013-09-25,GJR-GARCH,0.230239950602265,2.10358868465609,,2013-09-24
XEC,XEC.W^E14,2013-09-26,EGARCH,0.2563546962847243,2.607846440763224,,2013-09-24
XEC,XEC.W^E14,2013-09-26,ESG-EGARCH,0.2502339870184433,2.484803502347082,all,2013-09-24
XEC,XEC.W^E14,2013-09-26,ESG-EGARCH(E),0.2500356535180428,2.480866191674396,E,2013-09-24
XEC,XEC.W^E14,2013-09-26,ESG-EGARCH(G),0.2502290482430425,2.4847054200245595,G,2013-09-24
XEC,XEC.W^E14,2013-09-26,ESG-EGARCH(S),0.2500980507855487,2.482104563759163,S,2013-09-24
XEC,XEC.W^E14,2013-09-26,ESG-GARCH,0.269463548475176,2.8813731728902208,all,2013-09-24
XEC,XEC.W^E14,2013-09-26,ESG-GARCH(E),0.2692594020205104,2.8770089514461463,E,2013-09-24
XEC,XEC.W^E14,2013-09-26,ESG-GARCH(G),0.2697089908782767,2.886624593673746,G,2013-09-24
XEC,XEC.W^E14,2013-09-26,ESG-GARCH(S),0.2694720535602,2.881555065474258,S,2013-09-24
XEC,XEC.W^E14,2013-09-26,ESG-GJR-GARCH,0.2336686604369572,2.166708050412778,all,2013-09-24
XEC,XEC.W^E14,2013-09-26,ESG-GJR-GARCH(E),0.2331515202173925,2.157128229352428,E,2013-09-24
XEC,XEC.W^E14,2013-09-26,ESG-GJR-GARCH(G),0.2335945927928683,2.1653346738915054,G,2013-09-24
XEC,XEC.W^E14,2013-09-26,ESG-GJR-GARCH(S),0.2335360234890485,2.1642489788522794,S,2013-09-24
XEC,XEC.W^E14,2013-09-26,GARCH,0.2713796814816253,2.922497282582079,,2013-09-24
XEC,XEC.W^E14,2013-09-26,GJR-GARCH,0.230239950602265,2.10358868465609,,2013-09-24
XEC,XEC.W^E14,2013-09-27,EGARCH,0.2563546962847243,2.607846440763224,,2013-09-24
XEC,XEC.W^E14,2013-09-27,ESG-EGARCH,0.2502339870184433,2.484803502347082,all,2013-09-24
XEC,XEC.W^E14,2013-09-27,ESG-EGARCH(E),0.2500356535180428,2.480866191674396,E,2013-09-24
XEC,XEC.W^E14,2013-09-27,ESG-EGARCH(G),0.2502290482430425,2.4847054200245595,G,2013-09-24
XEC,XEC.W^E14,2013-09-27,ESG-EGARCH(S),0.2500980507855487,2.482104563759163,S,2013-09-24
XEC,XEC.W^E14,2013-09-27,ESG-GARCH,0.269463548475176,2.8813731728902208,all,2013-09-24
XEC,XEC.W^E14,2013-09-27,ESG-GARCH(E),0.2692594020205104,2.8770089514461463,E,2013-09-24
XEC,XEC.W^E14,2013-09-27,ESG-GARCH(G),0.2697089908782767,2.886624593673746,G,2013-09-24
XEC,XEC.W^E14,2013-09-27,ESG-GARCH(S),0.2694720535602,2.881555065474258,S,2013-09-24
XEC,XEC.W^E14,2013-09-27,ESG-GJR-GARCH,0.2336686604369572,2.166708050412778,all,2013-09-24
XEC,XEC.W^E14,2013-09-27,ESG-GJR-GARCH(E),0.2331515202173925,2.157128229352428,E,2013-09-24
XEC,XEC.W^E14,2013-09-27,ESG-GJR-GARCH(G),0.2335945927928683,2.1653346738915054,G,2013-09-24
XEC,XEC.W^E14,2013-09-27,ESG-GJR-GARCH(S),0.2335360234890485,2.1642489788522794,S,2013-09-24
XEC,XEC.W^E14,2013-09-27,GARCH,0.2713796814816253,2.922497282582079,,2013-09-24
XEC,XEC.W^E14,2013-09-27,GJR-GARCH,0.230239950602265,2.10358868465609,,2013-09-24
XEC,XEC.W^E14,2013-09-30,EGARCH,0.2563546962847243,2.607846440763224,,2013-09-24
XEC,XEC.W^E14,2013-09-30,ESG-EGARCH,0.2502339870184433,2.484803502347082,all,2013-09-24
XEC,XEC.W^E14,2013-09-30,ESG-EGARCH(E),0.2500356535180428,2.480866191674396,E,2013-09-24
XEC,XEC.W^E14,2013-09-30,ESG-EGARCH(G),0.2502290482430425,2.4847054200245595,G,2013-09-24
XEC,XEC.W^E14,2013-09-30,ESG-EGARCH(S),0.2500980507855487,2.482104563759163,S,2013-09-24
XEC,XEC.W^E14,2013-09-30,ESG-GARCH,0.269463548475176,2.8813731728902208,all,2013-09-24
XEC,XEC.W^E14,2013-09-30,ESG-GARCH(E),0.2692594020205104,2.8770089514461463,E,2013-09-24
XEC,XEC.W^E14,2013-09-30,ESG-GARCH(G),0.2697089908782767,2.886624593673746,G,2013-09-24
XEC,XEC.W^E14,2013-09-30,ESG-GARCH(S),0.2694720535602,2.881555065474258,S,2013-09-24
XEC,XEC.W^E14,2013-09-30,ESG-GJR-GARCH,0.2336686604369572,2.166708050412778,all,2013-09-24
XEC,XEC.W^E14,2013-09-30,ESG-GJR-GARCH(E),0.2331515202173925,2.157128229352428,E,2013-09-24
XEC,XEC.W^E14,2013-09-30,ESG-GJR-GARCH(G),0.2335945927928683,2.1653346738915054,G,2013-09-24
XEC,XEC.W^E14,2013-09-30,ESG-GJR-GARCH(S),0.2335360234890485,2.1642489788522794,S,2013-09-24
XEC,XEC.W^E14,2013-09-30,GARCH,0.2713796814816253,2.922497282582079,,2013-09-24
XEC,XEC.W^E14,2013-09-30,GJR-GARCH,0.230239950602265,2.10358868465609,,2013-09-24
XEC,XEC.W^E14,2013-10-01,EGARCH,0.2563546962847243,2.607846440763224,,2013-09-24
XEC,XEC.W^E14,2013-10-01,ESG-EGARCH,0.2502339870184433,2.484803502347082,all,2013-09-24
XEC,XEC.W^E14,2013-10-01,ESG-EGARCH(E),0.2500356535180428,2.480866191674396,E,2013-09-24
XEC,XEC.W^E14,2013-10-01,ESG-EGARCH(G),0.2502290482430425,2.4847054200245595,G,2013-09-24
XEC,XEC.W^E14,2013-10-01,ESG-EGARCH(S),0.2500980507855487,2.482104563759163,S,2013-09-24
XEC,XEC.W^E14,2013-10-01,ESG-GARCH,0.269463548475176,2.8813731728902208,all,2013-09-24
XEC,XEC.W^E14,2013-10-01,ESG-GARCH(E),0.2692594020205104,2.8770089514461463,E,2013-09-24
XEC,XEC.W^E14,2013-10-01,ESG-GARCH(G),0.2697089908782767,2.886624593673746,G,2013-09-24
XEC,XEC.W^E14,2013-10-01,ESG-GARCH(S),0.2694720535602,2.881555065474258,S,2013-09-24
XEC,XEC.W^E14,2013-10-01,ESG-GJR-GARCH,0.2336686604369572,2.166708050412778,all,2013-09-24
XEC,XEC.W^E14,2013-10-01,ESG-GJR-GARCH(E),0.2331515202173925,2.157128229352428,E,2013-09-24
XEC,XEC.W^E14,2013-10-01,ESG-GJR-GARCH(G),0.2335945927928683,2.1653346738915054,G,2013-09-24
XEC,XEC.W^E14,2013-10-01,ESG-GJR-GARCH(S),0.2335360234890485,2.1642489788522794,S,2013-09-24
XEC,XEC.W^E14,2013-10-01,GARCH,0.2713796814816253,2.922497282582079,,2013-09-24
XEC,XEC.W^E14,2013-10-01,GJR-GARCH,0.230239950602265,2.10358868465609,,2013-09-24
XEC,XEC.W^E14,2013-10-02,EGARCH,0.2563546962847243,2.607846440763224,,2013-09-24
XEC,XEC.W^E14,2013-10-02,ESG-EGARCH,0.2502339870184433,2.484803502347082,all,2013-09-24
XEC,XEC.W^E14,2013-10-02,ESG-EGARCH(E),0.2500356535180428,2.480866191674396,E,2013-09-24
XEC,XEC.W^E14,2013-10-02,ESG-EGARCH(G),0.2502290482430425,2.4847054200245595,G,2013-09-24
XEC,XEC.W^E14,2013-10-02,ESG-EGARCH(S),0.2500980507855487,2.482104563759163,S,2013-09-24
XEC,XEC.W^E14,2013-10-02,ESG-GARCH,0.269463548475176,2.8813731728902208,all,2013-09-24
XEC,XEC.W^E14,2013-10-02,ESG-GARCH(E),0.2692594020205104,2.8770089514461463,E,2013-09-24
XEC,XEC.W^E14,2013-10-02,ESG-GARCH(G),0.2697089908782767,2.886624593673746,G,2013-09-24
XEC,XEC.W^E14,2013-10-02,ESG-GARCH(S),0.2694720535602,2.881555065474258,S,2013-09-24
XEC,XEC.W^E14,2013-10-02,ESG-GJR-GARCH,0.2336686604369572,2.166708050412778,all,2013-09-24
XEC,XEC.W^E14,2013-10-02,ESG-GJR-GARCH(E),0.2331515202173925,2.157128229352428,E,2013-09-24
XEC,XEC.W^E14,2013-10-02,ESG-GJR-GARCH(G),0.2335945927928683,2.1653346738915054,G,2013-09-24
XEC,XEC.W^E14,2013-10-02,ESG-GJR-GARCH(S),0.2335360234890485,2.1642489788522794,S,2013-09-24
XEC,XEC.W^E14,2013-10-02,GARCH,0.2713796814816253,2.922497282582079,,2013-09-24
XEC,XEC.W^E14,2013-10-02,GJR-GARCH,0.230239950602265,2.10358868465609,,2013-09-24
XEC,XEC.W^E14,2013-10-03,EGARCH,0.2563546962847243,2.607846440763224,,2013-09-24
XEC,XEC.W^E14,2013-10-03,ESG-EGARCH,0.2502339870184433,2.484803502347082,all,2013-09-24
XEC,XEC.W^E14,2013-10-03,ESG-EGARCH(E),0.2500356535180428,2.480866191674396,E,2013-09-24
XEC,XEC.W^E14,2013-10-03,ESG-EGARCH(G),0.2502290482430425,2.4847054200245595,G,2013-09-24
XEC,XEC.W^E14,2013-10-03,ESG-EGARCH(S),0.2500980507855487,2.482104563759163,S,2013-09-24
XEC,XEC.W^E14,2013-10-03,ESG-GARCH,0.269463548475176,2.8813731728902208,all,2013-09-24
XEC,XEC.W^E14,2013-10-03,ESG-GARCH(E),0.2692594020205104,2.8770089514461463,E,2013-09-24
XEC,XEC.W^E14,2013-10-03,ESG-GARCH(G),0.2697089908782767,2.886624593673746,G,2013-09-24
XEC,XEC.W^E14,2013-10-03,ESG-GARCH(S),0.2694720535602,2.881555065474258,S,2013-09-24
XEC,XEC.W^E14,2013-10-03,ESG-GJR-GARCH,0.2336686604369572,2.166708050412778,all,2013-09-24
XEC,XEC.W^E14,2013-10-03,ESG-GJR-GARCH(E),0.2331515202173925,2.157128229352428,E,2013-09-24
XEC,XEC.W^E14,2013-10-03,ESG-GJR-GARCH(G),0.2335945927928683,2.1653346738915054,G,2013-09-24
XEC,XEC.W^E14,2013-10-03,ESG-GJR-GARCH(S),0.2335360234890485,2.1642489788522794,S,2013-09-24
XEC,XEC.W^E14,2013-10-03,GARCH,0.2713796814816253,2.922497282582079,,2013-09-24
XEC,XEC.W^E14,2013-10-03,GJR-GARCH,0.230239950602265,2.10358868465609,,2013-09-24
XEC,XEC.W^E14,2013-10-04,EGARCH,0.2563546962847243,2.607846440763224,,2013-09-24
XEC,XEC.W^E14,2013-10-04,ESG-EGARCH,0.2502339870184433,2.484803502347082,all,2013-09-24
XEC,XEC.W^E14,2013-10-04,ESG-EGARCH(E),0.2500356535180428,2.480866191674396,E,2013-09-24
XEC,XEC.W^E14,2013-10-04,ESG-EGARCH(G),0.2502290482430425,2.4847054200245595,G,2013-09-24
XEC,XEC.W^E14,2013-10-04,ESG-EGARCH(S),0.2500980507855487,2.482104563759163,S,2013-09-24
XEC,XEC.W^E14,2013-10-04,ESG-GARCH,0.269463548475176,2.8813731728902208,all,2013-09-24
XEC,XEC.W^E14,2013-10-04,ESG-GARCH(E),0.2692594020205104,2.8770089514461463,E,2013-09-24
XEC,XEC.W^E14,2013-10-04,ESG-GARCH(G),0.2697089908782767,2.886624593673746,G,2013-09-24
XEC,XEC.W^E14,2013-10-04,ESG-GARCH(S),0.2694720535602,2.881555065474258,S,2013-09-24
XEC,XEC.W^E14,2013-10-04,ESG-GJR-GARCH,0.2336686604369572,2.166708050412778,all,2013-09-24
XEC,XEC.W^E14,2013-10-04,ESG-GJR-GARCH(E),0.2331515202173925,2.157128229352428,E,2013-09-24
XEC,XEC.W^E14,2013-10-04,ESG-GJR-GARCH(G),0.2335945927928683,2.1653346738915054,G,2013-09-24
XEC,XEC.W^E14,2013-10-04,ESG-GJR-GARCH(S),0.2335360234890485,2.1642489788522794,S,2013-09-24
XEC,XEC.W^E14,2013-10-04,GARCH,0.2713796814816253,2.922497282582079,,2013-09-24
XEC,XEC.W^E14,2013-10-04,GJR-GARCH,0.230239950602265,2.10358868465609,,2013-09-24
XEC,XEC.W^E14,2013-10-07,EGARCH,0.2563546962847243,2.607846440763224,,2013-09-24
XEC,XEC.W^E14,2013-10-07,ESG-EGARCH,0.2502339870184433,2.484803502347082,all,2013-09-24
XEC,XEC.W^E14,2013-10-07,ESG-EGARCH(E),0.2500356535180428,2.480866191674396,E,2013-09-24
XEC,XEC.W^E14,2013-10-07,ESG-EGARCH(G),0.2502290482430425,2.4847054200245595,G,2013-09-24
XEC,XEC.W^E14,2013-10-07,ESG-EGARCH(S),0.2500980507855487,2.482104563759163,S,2013-09-24
XEC,XEC.W^E14,2013-10-07,ESG-GARCH,0.269463548475176,2.8813731728902208,all,2013-09-24
XEC,XEC.W^E14,2013-10-07,ESG-GARCH(E),0.2692594020205104,2.8770089514461463,E,2013-09-24
XEC,XEC.W^E14,2013-10-07,ESG-GARCH(G),0.2697089908782767,2.886624593673746,G,2013-09-24
XEC,XEC.W^E14,2013-10-07,ESG-GARCH(S),0.2694720535602,2.881555065474258,S,2013-09-24
XEC,XEC.W^E14,2013-10-07,ESG-GJR-GARCH,0.2336686604369572,2.166708050412778,all,2013-09-24
XEC,XEC.W^E14,2013-10-07,ESG-GJR-GARCH(E),0.2331515202173925,2.157128229352428,E,2013-09-24
XEC,XEC.W^E14,2013-10-07,ESG-GJR-GARCH(G),0.2335945927928683,2.1653346738915054,G,2013-09-24
XEC,XEC.W^E14,2013-10-07,ESG-GJR-GARCH(S),0.2335360234890485,2.1642489788522794,S,2013-09-24
XEC,XEC.W^E14,2013-10-07,GARCH,0.2713796814816253,2.922497282582079,,2013-09-24
XEC,XEC.W^E14,2013-10-07,GJR-GARCH,0.230239950602265,2.10358868465609,,2013-09-24
XEC,XEC.W^E14,2013-10-08,EGARCH,0.2563546962847243,2.607846440763224,,2013-09-24
XEC,XEC.W^E14,2013-10-08,ESG-EGARCH,0.2502339870184433,2.484803502347082,all,2013-09-24
XEC,XEC.W^E14,2013-10-08,ESG-EGARCH(E),0.2500356535180428,2.480866191674396,E,2013-09-24
XEC,XEC.W^E14,2013-10-08,ESG-EGARCH(G),0.2502290482430425,2.4847054200245595,G,2013-09-24
XEC,XEC.W^E14,2013-10-08,ESG-EGARCH(S),0.2500980507855487,2.482104563759163,S,2013-09-24
XEC,XEC.W^E14,2013-10-08,ESG-GARCH,0.269463548475176,2.8813731728902208,all,2013-09-24
XEC,XEC.W^E14,2013-10-08,ESG-GARCH(E),0.2692594020205104,2.8770089514461463,E,2013-09-24
XEC,XEC.W^E14,2013-10-08,ESG-GARCH(G),0.2697089908782767,2.886624593673746,G,2013-09-24
XEC,XEC.W^E14,2013-10-08,ESG-GARCH(S),0.2694720535602,2.881555065474258,S,2013-09-24
XEC,XEC.W^E14,2013-10-08,ESG-GJR-GARCH,0.2336686604369572,2.166708050412778,all,2013-09-24
XEC,XEC.W^E14,2013-10-08,ESG-GJR-GARCH(E),0.2331515202173925,2.157128229352428,E,2013-09-24
XEC,XEC.W^E14,2013-10-08,ESG-GJR-GARCH(G),0.2335945927928683,2.1653346738915054,G,2013-09-24
XEC,XEC.W^E14,2013-10-08,ESG-GJR-GARCH(S),0.2335360234890485,2.1642489788522794,S,2013-09-24
XEC,XEC.W^E14,2013-10-08,GARCH,0.2713796814816253,2.922497282582079,,2013-09-24
XEC,XEC.W^E14,2013-10-08,GJR-GARCH,0.230239950602265,2.10358868465609,,2013-09-24
XEC,XEC.W^E14,2013-10-16,EGARCH,0.2563546962847243,2.607846440763224,,2013-09-24
XEC,XEC.W^E14,2013-10-16,ESG-EGARCH,0.2502339870184433,2.484803502347082,all,2013-09-24
XEC,XEC.W^E14,2013-10-16,ESG-EGARCH(E),0.2500356535180428,2.480866191674396,E,2013-09-24
XEC,XEC.W^E14,2013-10-16,ESG-EGARCH(G),0.2502290482430425,2.4847054200245595,G,2013-09-24
XEC,XEC.W^E14,2013-10-16,ESG-EGARCH(S),0.2500980507855487,2.482104563759163,S,2013-09-24
XEC,XEC.W^E14,2013-10-16,ESG-GARCH,0.269463548475176,2.8813731728902208,all,2013-09-24
XEC,XEC.W^E14,2013-10-16,ESG-GARCH(E),0.2692594020205104,2.8770089514461463,E,2013-09-24
XEC,XEC.W^E14,2013-10-16,ESG-GARCH(G),0.2697089908782767,2.886624593673746,G,2013-09-24
XEC,XEC.W^E14,2013-10-16,ESG-GARCH(S),0.2694720535602,2.881555065474258,S,2013-09-24
XEC,XEC.W^E14,2013-10-16,ESG-GJR-GARCH,0.2336686604369572,2.166708050412778,all,2013-09-24
XEC,XEC.W^E14,2013-10-16,ESG-GJR-GARCH(E),0.2331515202173925,2.157128229352428,E,2013-09-24
XEC,XEC.W^E14,2013-10-16,ESG-GJR-GARCH(G),0.2335945927928683,2.1653346738915054,G,2013-09-24
XEC,XEC.W^E14,2013-10-16,ESG-GJR-GARCH(S),0.2335360234890485,2.1642489788522794,S,2013-09-24
XEC,XEC.W^E14,2013-10-16,GARCH,0.2713796814816253,2.922497282582079,,2013-09-24
XEC,XEC.W^E14,2013-10-16,GJR-GARCH,0.230239950602265,2.10358868465609,,2013-09-24
XEC,XEC.W^E14,2013-10-17,EGARCH,0.2563546962847243,2.607846440763224,,2013-09-24
XEC,XEC.W^E14,2013-10-17,ESG-EGARCH,0.2502339870184433,2.484803502347082,all,2013-09-24
XEC,XEC.W^E14,2013-10-17,ESG-EGARCH(E),0.2500356535180428,2.480866191674396,E,2013-09-24
XEC,XEC.W^E14,2013-10-17,ESG-EGARCH(G),0.2502290482430425,2.4847054200245595,G,2013-09-24
XEC,XEC.W^E14,2013-10-17,ESG-EGARCH(S),0.2500980507855487,2.482104563759163,S,2013-09-24
XEC,XEC.W^E14,2013-10-17,ESG-GARCH,0.269463548475176,2.8813731728902208,all,2013-09-24
XEC,XEC.W^E14,2013-10-17,ESG-GARCH(E),0.2692594020205104,2.8770089514461463,E,2013-09-24
XEC,XEC.W^E14,2013-10-17,ESG-GARCH(G),0.2697089908782767,2.886624593673746,G,2013-09-24
XEC,XEC.W^E14,2013-10-17,ESG-GARCH(S),0.2694720535602,2.881555065474258,S,2013-09-24
XEC,XEC.W^E14,2013-10-17,ESG-GJR-GARCH,0.2336686604369572,2.166708050412778,all,2013-09-24
XEC,XEC.W^E14,2013-10-17,ESG-GJR-GARCH(E),0.2331515202173925,2.157128229352428,E,2013-09-24
XEC,XEC.W^E14,2013-10-17,ESG-GJR-GARCH(G),0.2335945927928683,2.1653346738915054,G,2013-09-24
XEC,XEC.W^E14,2013-10-17,ESG-GJR-GARCH(S),0.2335360234890485,2.1642489788522794,S,2013-09-24
XEC,XEC.W^E14,2013-10-17,GARCH,0.2713796814816253,2.922497282582079,,2013-09-24
XEC,XEC.W^E14,2013-10-17,GJR-GARCH,0.230239950602265,2.10358868465609,,2013-09-24
XEC,XEC.W^E14,2013-10-18,EGARCH,0.2563546962847243,2.607846440763224,,2013-09-24
XEC,XEC.W^E14,2013-10-18,ESG-EGARCH,0.2502339870184433,2.484803502347082,all,2013-09-24
XEC,XEC.W^E14,2013-10-18,ESG-EGARCH(E),0.2500356535180428,2.480866191674396,E,2013-09-24
XEC,XEC.W^E14,2013-10-18,ESG-EGARCH(G),0.2502290482430425,2.4847054200245595,G,2013-09-24
XEC,XEC.W^E14,2013-10-18,ESG-EGARCH(S),0.2500980507855487,2.482104563759163,S,2013-09-24
XEC,XEC.W^E14,2013-10-18,ESG-GARCH,0.269463548475176,2.8813731728902208,all,2013-09-24
XEC,XEC.W^E14,2013-10-18,ESG-GARCH(E),0.2692594020205104,2.8770089514461463,E,2013-09-24
XEC,XEC.W^E14,2013-10-18,ESG-GARCH(G),0.2697089908782767,2.886624593673746,G,2013-09-24
XEC,XEC.W^E14,2013-10-18,ESG-GARCH(S),0.2694720535602,2.881555065474258,S,2013-09-24
XEC,XEC.W^E14,2013-10-18,ESG-GJR-GARCH,0.2336686604369572,2.166708050412778,all,2013-09-24
XEC,XEC.W^E14,2013-10-18,ESG-GJR-GARCH(E),0.2331515202173925,2.157128229352428,E,2013-09-24
XEC,XEC.W^E14,2013-10-18,ESG-GJR-GARCH(G),0.2335945927928683,2.1653346738915054,G,2013-09-24
XEC,XEC.W^E14,2013-10-18,ESG-GJR-GARCH(S),0.2335360234890485,2.1642489788522794,S,2013-09-24
XEC,XEC.W^E14,2013-10-18,GARCH,0.2713796814816253,2.922497282582079,,2013-09-24
XEC,XEC.W^E14,2013-10-18,GJR-GARCH,0.230239950602265,2.10358868465609,,2013-09-24
XEC,XEC.W^E14,2013-10-21,EGARCH,0.2563546962847243,2.607846440763224,,2013-09-24
XEC,XEC.W^E14,2013-10-21,ESG-EGARCH,0.2502339870184433,2.484803502347082,all,2013-09-24
XEC,XEC.W^E14,2013-10-21,ESG-EGARCH(E),0.2500356535180428,2.480866191674396,E,2013-09-24
XEC,XEC.W^E14,2013-10-21,ESG-EGARCH(G),0.2502290482430425,2.4847054200245595,G,2013-09-24
XEC,XEC.W^E14,2013-10-21,ESG-EGARCH(S),0.2500980507855487,2.482104563759163,S,2013-09-24
XEC,XEC.W^E14,2013-10-21,ESG-GARCH,0.269463548475176,2.8813731728902208,all,2013-09-24
XEC,XEC.W^E14,2013-10-21,ESG-GARCH(E),0.2692594020205104,2.8770089514461463,E,2013-09-24
XEC,XEC.W^E14,2013-10-21,ESG-GARCH(G),0.2697089908782767,2.886624593673746,G,2013-09-24
XEC,XEC.W^E14,2013-10-21,ESG-GARCH(S),0.2694720535602,2.881555065474258,S,2013-09-24
XEC,XEC.W^E14,2013-10-21,ESG-GJR-GARCH,0.2336686604369572,2.166708050412778,all,2013-09-24
XEC,XEC.W^E14,2013-10-21,ESG-GJR-GARCH(E),0.2331515202173925,2.157128229352428,E,2013-09-24
XEC,XEC.W^E14,2013-10-21,ESG-GJR-GARCH(G),0.2335945927928683,2.1653346738915054,G,2013-09-24
XEC,XEC.W^E14,2013-10-21,ESG-GJR-GARCH(S),0.2335360234890485,2.1642489788522794,S,2013-09-24
XEC,XEC.W^E14,2013-10-21,GARCH,0.2713796814816253,2.922497282582079,,2013-09-24
XEC,XEC.W^E14,2013-10-21,GJR-GARCH,0.230239950602265,2.10358868465609,,2013-09-24
XEC,XEC.W^E14,2013-10-22,EGARCH,0.2563546962847243,2.607846440763224,,2013-09-24
XEC,XEC.W^E14,2013-10-22,ESG-EGARCH,0.2502339870184433,2.484803502347082,all,2013-09-24
XEC,XEC.W^E14,2013-10-22,ESG-EGARCH(E),0.2500356535180428,2.480866191674396,E,2013-09-24
XEC,XEC.W^E14,2013-10-22,ESG-EGARCH(G),0.2502290482430425,2.4847054200245595,G,2013-09-24
XEC,XEC.W^E14,2013-10-22,ESG-EGARCH(S),0.2500980507855487,2.482104563759163,S,2013-09-24
XEC,XEC.W^E14,2013-10-22,ESG-GARCH,0.269463548475176,2.8813731728902208,all,2013-09-24
XEC,XEC.W^E14,2013-10-22,ESG-GARCH(E),0.2692594020205104,2.8770089514461463,E,2013-09-24
XEC,XEC.W^E14,2013-10-22,ESG-GARCH(G),0.2697089908782767,2.886624593673746,G,2013-09-24
XEC,XEC.W^E14,2013-10-22,ESG-GARCH(S),0.2694720535602,2.881555065474258,S,2013-09-24
XEC,XEC.W^E14,2013-10-22,ESG-GJR-GARCH,0.2336686604369572,2.166708050412778,all,2013-09-24
XEC,XEC.W^E14,2013-10-22,ESG-GJR-GARCH(E),0.2331515202173925,2.157128229352428,E,2013-09-24
XEC,XEC.W^E14,2013-10-22,ESG-GJR-GARCH(G),0.2335945927928683,2.1653346738915054,G,2013-09-24
XEC,XEC.W^E14,2013-10-22,ESG-GJR-GARCH(S),0.2335360234890485,2.1642489788522794,S,2013-09-24
XEC,XEC.W^E14,2013-10-22,GARCH,0.2713796814816253,2.922497282582079,,2013-09-24
XEC,XEC.W^E14,2013-10-22,GJR-GARCH,0.230239950602265,2.10358868465609,,2013-09-24
XEC,XEC.W^E14,2013-10-23,EGARCH,0.2563546962847243,2.607846440763224,,2013-09-24
XEC,XEC.W^E14,2013-10-23,ESG-EGARCH,0.2502339870184433,2.484803502347082,all,2013-09-24
XEC,XEC.W^E14,2013-10-23,ESG-EGARCH(E),0.2500356535180428,2.480866191674396,E,2013-09-24
XEC,XEC.W^E14,2013-10-23,ESG-EGARCH(G),0.2502290482430425,2.4847054200245595,G,2013-09-24
XEC,XEC.W^E14,2013-10-23,ESG-EGARCH(S),0.2500980507855487,2.482104563759163,S,2013-09-24
XEC,XEC.W^E14,2013-10-23,ESG-GARCH,0.269463548475176,2.8813731728902208,all,2013-09-24
XEC,XEC.W^E14,2013-10-23,ESG-GARCH(E),0.2692594020205104,2.8770089514461463,E,2013-09-24
XEC,XEC.W^E14,2013-10-23,ESG-GARCH(G),0.2697089908782767,2.886624593673746,G,2013-09-24
XEC,XEC.W^E14,2013-10-23,ESG-GARCH(S),0.2694720535602,2.881555065474258,S,2013-09-24
XEC,XEC.W^E14,2013-10-23,ESG-GJR-GARCH,0.2336686604369572,2.166708050412778,all,2013-09-24
XEC,XEC.W^E14,2013-10-23,ESG-GJR-GARCH(E),0.2331515202173925,2.157128229352428,E,2013-09-24
XEC,XEC.W^E14,2013-10-23,ESG-GJR-GARCH(G),0.2335945927928683,2.1653346738915054,G,2013-09-24
XEC,XEC.W^E14,2013-10-23,ESG-GJR-GARCH(S),0.2335360234890485,2.1642489788522794,S,2013-09-24
XEC,XEC.W^E14,2013-10-23,GARCH,0.2713796814816253,2.922497282582079,,2013-09-24
XEC,XEC.W^E14,2013-10-23,GJR-GARCH,0.230239950602265,2.10358868465609,,2013-09-24
XEC,XEC.W^E14,2013-10-24,EGARCH,0.2563546962847243,2.607846440763224,,2013-09-24
XEC,XEC.W^E14,2013-10-24,ESG-EGARCH,0.2502339870184433,2.484803502347082,all,2013-09-24
XEC,XEC.W^E14,2013-10-24,ESG-EGARCH(E),0.2500356535180428,2.480866191674396,E,2013-09-24
XEC,XEC.W^E14,2013-10-24,ESG-EGARCH(G),0.2502290482430425,2.4847054200245595,G,2013-09-24
XEC,XEC.W^E14,2013-10-24,ESG-EGARCH(S),0.2500980507855487,2.482104563759163,S,2013-09-24
XEC,XEC.W^E14,2013-10-24,ESG-GARCH,0.269463548475176,2.8813731728902208,all,2013-09-24
XEC,XEC.W^E14,2013-10-24,ESG-GARCH(E),0.2692594020205104,2.8770089514461463,E,2013-09-24
XEC,XEC.W^E14,2013-10-24,ESG-GARCH(G),0.2697089908782767,2.886624593673746,G,2013-09-24
XEC,XEC.W^E14,2013-10-24,ESG-GARCH(S),0.2694720535602,2.881555065474258,S,2013-09-24
XEC,XEC.W^E14,2013-10-24,ESG-GJR-GARCH,0.2336686604369572,2.166708050412778,all,2013-09-24
XEC,XEC.W^E14,2013-10-24,ESG-GJR-GARCH(E),0.2331515202173925,2.157128229352428,E,2013-09-24
XEC,XEC.W^E14,2013-10-24,ESG-GJR-GARCH(G),0.2335945927928683,2.1653346738915054,G,2013-09-24
XEC,XEC.W^E14,2013-10-24,ESG-GJR-GARCH(S),0.2335360234890485,2.1642489788522794,S,2013-09-24
XEC,XEC.W^E14,2013-10-24,GARCH,0.2713796814816253,2.922497282582079,,2013-09-24
XEC,XEC.W^E14,2013-10-24,GJR-GARCH,0.230239950602265,2.10358868465609,,2013-09-24
XEC,XEC.W^E14,2013-10-31,EGARCH,0.2563546962847243,2.607846440763224,,2013-09-24
XEC,XEC.W^E14,2013-10-31,ESG-EGARCH,0.2502339870184433,2.484803502347082,all,2013-09-24
XEC,XEC.W^E14,2013-10-31,ESG-EGARCH(E),0.2500356535180428,2.480866191674396,E,2013-09-24
XEC,XEC.W^E14,2013-10-31,ESG-EGARCH(G),0.2502290482430425,2.4847054200245595,G,2013-09-24
XEC,XEC.W^E14,2013-10-31,ESG-EGARCH(S),0.2500980507855487,2.482104563759163,S,2013-09-24
XEC,XEC.W^E14,2013-10-31,ESG-GARCH,0.269463548475176,2.8813731728902208,all,2013-09-24
XEC,XEC.W^E14,2013-10-31,ESG-GARCH(E),0.2692594020205104,2.8770089514461463,E,2013-09-24
XEC,XEC.W^E14,2013-10-31,ESG-GARCH(G),0.2697089908782767,2.886624593673746,G,2013-09-24
XEC,XEC.W^E14,2013-10-31,ESG-GARCH(S),0.2694720535602,2.881555065474258,S,2013-09-24
XEC,XEC.W^E14,2013-10-31,ESG-GJR-GARCH,0.2336686604369572,2.166708050412778,all,2013-09-24
XEC,XEC.W^E14,2013-10-31,ESG-GJR-GARCH(E),0.2331515202173925,2.157128229352428,E,2013-09-24
XEC,XEC.W^E14,2013-10-31,ESG-GJR-GARCH(G),0.2335945927928683,2.1653346738915054,G,2013-09-24
XEC,XEC.W^E14,2013-10-31,ESG-GJR-GARCH(S),0.2335360234890485,2.1642489788522794,S,2013-09-24
XEC,XEC.W^E14,2013-10-31,GARCH,0.2713796814816253,2.922497282582079,,2013-09-24
XEC,XEC.W^E14,2013-10-31,GJR-GARCH,0.230239950602265,2.10358868465609,,2013-09-24
XEC,XEC.W^E14,2013-11-01,EGARCH,0.2563546962847243,2.607846440763224,,2013-09-24
XEC,XEC.W^E14,2013-11-01,ESG-EGARCH,0.2502339870184433,2.484803502347082,all,2013-09-24
XEC,XEC.W^E14,2013-11-01,ESG-EGARCH(E),0.2500356535180428,2.480866191674396,E,2013-09-24
XEC,XEC.W^E14,2013-11-01,ESG-EGARCH(G),0.2502290482430425,2.4847054200245595,G,2013-09-24
XEC,XEC.W^E14,2013-11-01,ESG-EGARCH(S),0.2500980507855487,2.482104563759163,S,2013-09-24
XEC,XEC.W^E14,2013-11-01,ESG-GARCH,0.269463548475176,2.8813731728902208,all,2013-09-24
XEC,XEC.W^E14,2013-11-01,ESG-GARCH(E),0.2692594020205104,2.8770089514461463,E,2013-09-24
XEC,XEC.W^E14,2013-11-01,ESG-GARCH(G),0.2697089908782767,2.886624593673746,G,2013-09-24
XEC,XEC.W^E14,2013-11-01,ESG-GARCH(S),0.2694720535602,2.881555065474258,S,2013-09-24
XEC,XEC.W^E14,2013-11-01,ESG-GJR-GARCH,0.2336686604369572,2.166708050412778,all,2013-09-24
XEC,XEC.W^E14,2013-11-01,ESG-GJR-GARCH(E),0.2331515202173925,2.157128229352428,E,2013-09-24
XEC,XEC.W^E14,2013-11-01,ESG-GJR-GARCH(G),0.2335945927928683,2.1653346738915054,G,2013-09-24
XEC,XEC.W^E14,2013-11-01,ESG-GJR-GARCH(S),0.2335360234890485,2.1642489788522794,S,2013-09-24
XEC,XEC.W^E14,2013-11-01,GARCH,0.2713796814816253,2.922497282582079,,2013-09-24
XEC,XEC.W^E14,2013-11-01,GJR-GARCH,0.230239950602265,2.10358868465609,,2013-09-24
XEC,XEC.W^E14,2013-11-04,EGARCH,0.2563546962847243,2.607846440763224,,2013-09-24
XEC,XEC.W^E14,2013-11-04,ESG-EGARCH,0.2502339870184433,2.484803502347082,all,2013-09-24
XEC,XEC.W^E14,2013-11-04,ESG-EGARCH(E),0.2500356535180428,2.480866191674396,E,2013-09-24
XEC,XEC.W^E14,2013-11-04,ESG-EGARCH(G),0.2502290482430425,2.4847054200245595,G,2013-09-24
XEC,XEC.W^E14,2013-11-04,ESG-EGARCH(S),0.2500980507855487,2.482104563759163,S,2013-09-24
XEC,XEC.W^E14,2013-11-04,ESG-GARCH,0.269463548475176,2.8813731728902208,all,2013-09-24
XEC,XEC.W^E14,2013-11-04,ESG-GARCH(E),0.2692594020205104,2.8770089514461463,E,2013-09-24
XEC,XEC.W^E14,2013-11-04,ESG-GARCH(G),0.2697089908782767,2.886624593673746,G,2013-09-24
XEC,XEC.W^E14,2013-11-04,ESG-GARCH(S),0.2694720535602,2.881555065474258,S,2013-09-24
XEC,XEC.W^E14,2013-11-04,ESG-GJR-GARCH,0.2336686604369572,2.166708050412778,all,2013-09-24
XEC,XEC.W^E14,2013-11-04,ESG-GJR-GARCH(E),0.2331515202173925,2.157128229352428,E,2013-09-24
XEC,XEC.W^E14,2013-11-04,ESG-GJR-GARCH(G),0.2335945927928683,2.1653346738915054,G,2013-09-24
XEC,XEC.W^E14,2013-11-04,ESG-GJR-GARCH(S),0.2335360234890485,2.1642489788522794,S,2013-09-24
XEC,XEC.W^E14,2013-11-04,GARCH,0.2713796814816253,2.922497282582079,,2013-09-24
XEC,XEC.W^E14,2013-11-04,GJR-GARCH,0.230239950602265,2.10358868465609,,2013-09-24
XEC,XEC.W^E14,2013-11-05,EGARCH,0.2563546962847243,2.607846440763224,,2013-09-24
XEC,XEC.W^E14,2013-11-05,ESG-EGARCH,0.2502339870184433,2.484803502347082,all,2013-09-24
XEC,XEC.W^E14,2013-11-05,ESG-EGARCH(E),0.2500356535180428,2.480866191674396,E,2013-09-24
XEC,XEC.W^E14,2013-11-05,ESG-EGARCH(G),0.2502290482430425,2.4847054200245595,G,2013-09-24
XEC,XEC.W^E14,2013-11-05,ESG-EGARCH(S),0.2500980507855487,2.482104563759163,S,2013-09-24
XEC,XEC.W^E14,2013-11-05,ESG-GARCH,0.269463548475176,2.8813731728902208,all,2013-09-24
XEC,XEC.W^E14,2013-11-05,ESG-GARCH(E),0.2692594020205104,2.8770089514461463,E,2013-09-24
XEC,XEC.W^E14,2013-11-05,ESG-GARCH(G),0.2697089908782767,2.886624593673746,G,2013-09-24
XEC,XEC.W^E14,2013-11-05,ESG-GARCH(S),0.2694720535602,2.881555065474258,S,2013-09-24
XEC,XEC.W^E14,2013-11-05,ESG-GJR-GARCH,0.2336686604369572,2.166708050412778,all,2013-09-24
XEC,XEC.W^E14,2013-11-05,ESG-GJR-GARCH(E),0.2331515202173925,2.157128229352428,E,2013-09-24
XEC,XEC.W^E14,2013-11-05,ESG-GJR-GARCH(G),0.2335945927928683,2.1653346738915054,G,2013-09-24
XEC,XEC.W^E14,2013-11-05,ESG-GJR-GARCH(S),0.2335360234890485,2.1642489788522794,S,2013-09-24
XEC,XEC.W^E14,2013-11-05,GARCH,0.2713796814816253,2.922497282582079,,2013-09-24
XEC,XEC.W^E14,2013-11-05,GJR-GARCH,0.230239950602265,2.10358868465609,,2013-09-24
XEC,XEC.W^E14,2013-11-06,EGARCH,0.3718730290270422,5.487680544355056,,2013-11-06
XEC,XEC.W^E14,2013-11-06,ESG-EGARCH,0.3685297532515449,5.389451548874784,all,2013-11-06
XEC,XEC.W^E14,2013-11-06,ESG-EGARCH(E),0.3684402925648974,5.38683528513124,E,2013-11-06
XEC,XEC.W^E14,2013-11-06,ESG-EGARCH(G),0.3697451433711067,5.425058374861917,G,2013-11-06
XEC,XEC.W^E14,2013-11-06,ESG-EGARCH(S),0.3692852067801725,5.4115699978839205,S,2013-11-06
XEC,XEC.W^E14,2013-11-06,ESG-GARCH,0.3496574285743835,4.851599895128972,all,2013-11-06
XEC,XEC.W^E14,2013-11-06,ESG-GARCH(E),0.3495076202758943,4.847443517099952,E,2013-11-06
XEC,XEC.W^E14,2013-11-06,ESG-GARCH(G),0.3506168797748855,4.878261761233197,G,2013-11-06
XEC,XEC.W^E14,2013-11-06,ESG-GARCH(S),0.3501777280386073,4.866049254534953,S,2013-11-06
XEC,XEC.W^E14,2013-11-06,ESG-GJR-GARCH,0.3493714439268295,4.843666898076103,all,2013-11-06
XEC,XEC.W^E14,2013-11-06,ESG-GJR-GARCH(E),0.3492243065407128,4.839587947573085,E,2013-11-06
XEC,XEC.W^E14,2013-11-06,ESG-GJR-GARCH(G),0.3511239309464842,4.89238154298855,G,2013-11-06
XEC,XEC.W^E14,2013-11-06,ESG-GJR-GARCH(S),0.350462957482964,4.873979546337534,S,2013-11-06
XEC,XEC.W^E14,2013-11-06,GARCH,0.3499922672477814,4.8608963148112085,,2013-11-06
XEC,XEC.W^E14,2013-11-06,GJR-GARCH,0.3558715556366554,5.025577940922743,,2013-11-06
XEC,XEC.W^E14,2013-11-07,EGARCH,0.3718730290270422,5.487680544355056,,2013-11-06
XEC,XEC.W^E14,2013-11-07,ESG-EGARCH,0.3685297532515449,5.389451548874784,all,2013-11-06
XEC,XEC.W^E14,2013-11-07,ESG-EGARCH(E),0.3684402925648974,5.38683528513124,E,2013-11-06
XEC,XEC.W^E14,2013-11-07,ESG-EGARCH(G),0.3697451433711067,5.425058374861917,G,2013-11-06
XEC,XEC.W^E14,2013-11-07,ESG-EGARCH(S),0.3692852067801725,5.4115699978839205,S,2013-11-06
XEC,XEC.W^E14,2013-11-07,ESG-GARCH,0.3496574285743835,4.851599895128972,all,2013-11-06
XEC,XEC.W^E14,2013-11-07,ESG-GARCH(E),0.3495076202758943,4.847443517099952,E,2013-11-06
XEC,XEC.W^E14,2013-11-07,ESG-GARCH(G),0.3506168797748855,4.878261761233197,G,2013-11-06
XEC,XEC.W^E14,2013-11-07,ESG-GARCH(S),0.3501777280386073,4.866049254534953,S,2013-11-06
XEC,XEC.W^E14,2013-11-07,ESG-GJR-GARCH,0.3493714439268295,4.843666898076103,all,2013-11-06
XEC,XEC.W^E14,2013-11-07,ESG-GJR-GARCH(E),0.3492243065407128,4.839587947573085,E,2013-11-06
XEC,XEC.W^E14,2013-11-07,ESG-GJR-GARCH(G),0.3511239309464842,4.89238154298855,G,2013-11-06
XEC,XEC.W^E14,2013-11-07,ESG-GJR-GARCH(S),0.350462957482964,4.873979546337534,S,2013-11-06
XEC,XEC.W^E14,2013-11-07,GARCH,0.3499922672477814,4.8608963148112085,,2013-11-06
XEC,XEC.W^E14,2013-11-07,GJR-GARCH,0.3558715556366554,5.025577940922743,,2013-11-06
XEC,XEC.W^E14,2013-11-08,EGARCH,0.3718730290270422,5.487680544355056,,2013-11-06
XEC,XEC.W^E14,2013-11-08,ESG-EGARCH,0.3685297532515449,5.389451548874784,all,2013-11-06
XEC,XEC.W^E14,2013-11-08,ESG-EGARCH(E),0.3684402925648974,5.38683528513124,E,2013-11-06
XEC,XEC.W^E14,2013-11-08,ESG-EGARCH(G),0.3697451433711067,5.425058374861917,G,2013-11-06
XEC,XEC.W^E14,2013-11-08,ESG-EGARCH(S),0.3692852067801725,5.4115699978839205,S,2013-11-06
XEC,XEC.W^E14,2013-11-08,ESG-GARCH,0.3496574285743835,4.851599895128972,all,2013-11-06
XEC,XEC.W^E14,2013-11-08,ESG-GARCH(E),0.3495076202758943,4.847443517099952,E,2013-11-06
XEC,XEC.W^E14,2013-11-08,ESG-GARCH(G),0.3506168797748855,4.878261761233197,G,2013-11-06
XEC,XEC.W^E14,2013-11-08,ESG-GARCH(S),0.3501777280386073,4.866049254534953,S,2013-11-06
XEC,XEC.W^E14,2013-11-08,ESG-GJR-GARCH,0.3493714439268295,4.843666898076103,all,2013-11-06
XEC,XEC.W^E14,2013-11-08,ESG-GJR-GARCH(E),0.3492243065407128,4.839587947573085,E,2013-11-06
XEC,XEC.W^E14,2013-11-08,ESG-GJR-GARCH(G),0.3511239309464842,4.89238154298855,G,2013-11-06
XEC,XEC.W^E14,2013-11-08,ESG-GJR-GARCH(S),0.350462957482964,4.873979546337534,S,2013-11-06
XEC,XEC.W^E14,2013-11-08,GARCH,0.3499922672477814,4.8608963148112085,,2013-11-06
XEC,XEC.W^E14,2013-11-08,GJR-GARCH,0.3558715556366554,5.025577940922743,,2013-11-06
XEC,XEC.W^E14,2013-11-13,EGARCH,0.3718730290270422,5.487680544355056,,2013-11-06
XEC,XEC.W^E14,2013-11-13,ESG-EGARCH,0.3685297532515449,5.389451548874784,all,2013-11-06
XEC,XEC.W^E14,2013-11-13,ESG-EGARCH(E),0.3684402925648974,5.38683528513124,E,2013-11-06
XEC,XEC.W^E14,2013-11-13,ESG-EGARCH(G),0.3697451433711067,5.425058374861917,G,2013-11-06
XEC,XEC.W^E14,2013-11-13,ESG-EGARCH(S),0.3692852067801725,5.4115699978839205,S,2013-11-06
XEC,XEC.W^E14,2013-11-13,ESG-GARCH,0.3496574285743835,4.851599895128972,all,2013-11-06
XEC,XEC.W^E14,2013-11-13,ESG-GARCH(E),0.3495076202758943,4.847443517099952,E,2013-11-06
XEC,XEC.W^E14,2013-11-13,ESG-GARCH(G),0.3506168797748855,4.878261761233197,G,2013-11-06
XEC,XEC.W^E14,2013-11-13,ESG-GARCH(S),0.3501777280386073,4.866049254534953,S,2013-11-06
XEC,XEC.W^E14,2013-11-13,ESG-GJR-GARCH,0.3493714439268295,4.843666898076103,all,2013-11-06
XEC,XEC.W^E14,2013-11-13,ESG-GJR-GARCH(E),0.3492243065407128,4.839587947573085,E,2013-11-06
XEC,XEC.W^E14,2013-11-13,ESG-GJR-GARCH(G),0.3511239309464842,4.89238154298855,G,2013-11-06
XEC,XEC.W^E14,2013-11-13,ESG-GJR-GARCH(S),0.350462957482964,4.873979546337534,S,2013-11-06
XEC,XEC.W^E14,2013-11-13,GARCH,0.3499922672477814,4.8608963148112085,,2013-11-06
XEC,XEC.W^E14,2013-11-13,GJR-GARCH,0.3558715556366554,5.025577940922743,,2013-11-06
XEC,XEC.W^E14,2013-11-14,EGARCH,0.3718730290270422,5.487680544355056,,2013-11-06
XEC,XEC.W^E14,2013-11-14,ESG-EGARCH,0.3685297532515449,5.389451548874784,all,2013-11-06
XEC,XEC.W^E14,2013-11-14,ESG-EGARCH(E),0.3684402925648974,5.38683528513124,E,2013-11-06
XEC,XEC.W^E14,2013-11-14,ESG-EGARCH(G),0.3697451433711067,5.425058374861917,G,2013-11-06
XEC,XEC.W^E14,2013-11-14,ESG-EGARCH(S),0.3692852067801725,5.4115699978839205,S,2013-11-06
XEC,XEC.W^E14,2013-11-14,ESG-GARCH,0.3496574285743835,4.851599895128972,all,2013-11-06
XEC,XEC.W^E14,2013-11-14,ESG-GARCH(E),0.3495076202758943,4.847443517099952,E,2013-11-06
XEC,XEC.W^E14,2013-11-14,ESG-GARCH(G),0.3506168797748855,4.878261761233197,G,2013-11-06
XEC,XEC.W^E14,2013-11-14,ESG-GARCH(S),0.3501777280386073,4.866049254534953,S,2013-11-06
XEC,XEC.W^E14,2013-11-14,ESG-GJR-GARCH,0.3493714439268295,4.843666898076103,all,2013-11-06
XEC,XEC.W^E14,2013-11-14,ESG-GJR-GARCH(E),0.3492243065407128,4.839587947573085,E,2013-11-06
XEC,XEC.W^E14,2013-11-14,ESG-GJR-GARCH(G),0.3511239309464842,4.89238154298855,G,2013-11-06
XEC,XEC.W^E14,2013-11-14,ESG-GJR-GARCH(S),0.350462957482964,4.873979546337534,S,2013-11-06
XEC,XEC.W^E14,2013-11-14,GARCH,0.3499922672477814,4.8608963148112085,,2013-11-06
XEC,XEC.W^E14,2013-11-14,GJR-GARCH,0.3558715556366554,5.025577940922743,,2013-11-06
XEC,XEC.W^E14,2013-11-19,EGARCH,0.3718730290270422,5.487680544355056,,2013-11-06
XEC,XEC.W^E14,2013-11-19,ESG-EGARCH,0.3685297532515449,5.389451548874784,all,2013-11-06
XEC,XEC.W^E14,2013-11-19,ESG-EGARCH(E),0.3684402925648974,5.38683528513124,E,2013-11-06
XEC,XEC.W^E14,2013-11-19,ESG-EGARCH(G),0.3697451433711067,5.425058374861917,G,2013-11-06
XEC,XEC.W^E14,2013-11-19,ESG-EGARCH(S),0.3692852067801725,5.4115699978839205,S,2013-11-06
XEC,XEC.W^E14,2013-11-19,ESG-GARCH,0.3496574285743835,4.851599895128972,all,2013-11-06
XEC,XEC.W^E14,2013-11-19,ESG-GARCH(E),0.3495076202758943,4.847443517099952,E,2013-11-06
XEC,XEC.W^E14,2013-11-19,ESG-GARCH(G),0.3506168797748855,4.878261761233197,G,2013-11-06
XEC,XEC.W^E14,2013-11-19,ESG-GARCH(S),0.3501777280386073,4.866049254534953,S,2013-11-06
XEC,XEC.W^E14,2013-11-19,ESG-GJR-GARCH,0.3493714439268295,4.843666898076103,all,2013-11-06
XEC,XEC.W^E14,2013-11-19,ESG-GJR-GARCH(E),0.3492243065407128,4.839587947573085,E,2013-11-06
XEC,XEC.W^E14,2013-11-19,ESG-GJR-GARCH(G),0.3511239309464842,4.89238154298855,G,2013-11-06
XEC,XEC.W^E14,2013-11-19,ESG-GJR-GARCH(S),0.350462957482964,4.873979546337534,S,2013-11-06
XEC,XEC.W^E14,2013-11-19,GARCH,0.3499922672477814,4.8608963148112085,,2013-11-06
XEC,XEC.W^E14,2013-11-19,GJR-GARCH,0.3558715556366554,5.025577940922743,,2013-11-06
XEC,XEC.W^E14,2013-11-20,EGARCH,0.3718730290270422,5.487680544355056,,2013-11-06
XEC,XEC.W^E14,2013-11-20,ESG-EGARCH,0.3685297532515449,5.389451548874784,all,2013-11-06
XEC,XEC.W^E14,2013-11-20,ESG-EGARCH(E),0.3684402925648974,5.38683528513124,E,2013-11-06
XEC,XEC.W^E14,2013-11-20,ESG-EGARCH(G),0.3697451433711067,5.425058374861917,G,2013-11-06
XEC,XEC.W^E14,2013-11-20,ESG-EGARCH(S),0.3692852067801725,5.4115699978839205,S,2013-11-06
XEC,XEC.W^E14,2013-11-20,ESG-GARCH,0.3496574285743835,4.851599895128972,all,2013-11-06
XEC,XEC.W^E14,2013-11-20,ESG-GARCH(E),0.3495076202758943,4.847443517099952,E,2013-11-06
XEC,XEC.W^E14,2013-11-20,ESG-GARCH(G),0.3506168797748855,4.878261761233197,G,2013-11-06
XEC,XEC.W^E14,2013-11-20,ESG-GARCH(S),0.3501777280386073,4.866049254534953,S,2013-11-06
XEC,XEC.W^E14,2013-11-20,ESG-GJR-GARCH,0.3493714439268295,4.843666898076103,all,2013-11-06
XEC,XEC.W^E14,2013-11-20,ESG-GJR-GARCH(E),0.3492243065407128,4.839587947573085,E,2013-11-06
XEC,XEC.W^E14,2013-11-20,ESG-GJR-GARCH(G),0.3511239309464842,4.89238154298855,G,2013-11-06
XEC,XEC.W^E14,2013-11-20,ESG-GJR-GARCH(S),0.350462957482964,4.873979546337534,S,2013-11-06
XEC,XEC.W^E14,2013-11-20,GARCH,0.3499922672477814,4.8608963148112085,,2013-11-06
XEC,XEC.W^E14,2013-11-20,GJR-GARCH,0.3558715556366554,5.025577940922743,,2013-11-06
XEC,XEC.W^E14,2013-11-26,EGARCH,0.3718730290270422,5.487680544355056,,2013-11-06
XEC,XEC.W^E14,2013-11-26,ESG-EGARCH,0.3685297532515449,5.389451548874784,all,2013-11-06
XEC,XEC.W^E14,2013-11-26,ESG-EGARCH(E),0.3684402925648974,5.38683528513124,E,2013-11-06
XEC,XEC.W^E14,2013-11-26,ESG-EGARCH(G),0.3697451433711067,5.425058374861917,G,2013-11-06
XEC,XEC.W^E14,2013-11-26,ESG-EGARCH(S),0.3692852067801725,5.4115699978839205,S,2013-11-06
XEC,XEC.W^E14,2013-11-26,ESG-GARCH,0.3496574285743835,4.851599895128972,all,2013-11-06
XEC,XEC.W^E14,2013-11-26,ESG-GARCH(E),0.3495076202758943,4.847443517099952,E,2013-11-06
XEC,XEC.W^E14,2013-11-26,ESG-GARCH(G),0.3506168797748855,4.878261761233197,G,2013-11-06
XEC,XEC.W^E14,2013-11-26,ESG-GARCH(S),0.3501777280386073,4.866049254534953,S,2013-11-06
XEC,XEC.W^E14,2013-11-26,ESG-GJR-GARCH,0.3493714439268295,4.843666898076103,all,2013-11-06
XEC,XEC.W^E14,2013-11-26,ESG-GJR-GARCH(E),0.3492243065407128,4.839587947573085,E,2013-11-06
XEC,XEC.W^E14,2013-11-26,ESG-GJR-GARCH(G),0.3511239309464842,4.89238154298855,G,2013-11-06
XEC,XEC.W^E14,2013-11-26,ESG-GJR-GARCH(S),0.350462957482964,4.873979546337534,S,2013-11-06
XEC,XEC.W^E14,2013-11-26,GARCH,0.3499922672477814,4.8608963148112085,,2013-11-06
XEC,XEC.W^E14,2013-11-26,GJR-GARCH,0.3558715556366554,5.025577940922743,,2013-11-06
XEC,XEC.W^E14,2013-11-27,EGARCH,0.3718730290270422,5.487680544355056,,2013-11-06
XEC,XEC.W^E14,2013-11-27,ESG-EGARCH,0.3685297532515449,5.389451548874784,all,2013-11-06
XEC,XEC.W^E14,2013-11-27,ESG-EGARCH(E),0.3684402925648974,5.38683528513124,E,2013-11-06
XEC,XEC.W^E14,2013-11-27,ESG-EGARCH(G),0.3697451433711067,5.425058374861917,G,2013-11-06
XEC,XEC.W^E14,2013-11-27,ESG-EGARCH(S),0.3692852067801725,5.4115699978839205,S,2013-11-06
XEC,XEC.W^E14,2013-11-27,ESG-GARCH,0.3496574285743835,4.851599895128972,all,2013-11-06
XEC,XEC.W^E14,2013-11-27,ESG-GARCH(E),0.3495076202758943,4.847443517099952,E,2013-11-06
XEC,XEC.W^E14,2013-11-27,ESG-GARCH(G),0.3506168797748855,4.878261761233197,G,2013-11-06
XEC,XEC.W^E14,2013-11-27,ESG-GARCH(S),0.3501777280386073,4.866049254534953,S,2013-11-06
XEC,XEC.W^E14,2013-11-27,ESG-GJR-GARCH,0.3493714439268295,4.843666898076103,all,2013-11-06
XEC,XEC.W^E14,2013-11-27,ESG-GJR-GARCH(E),0.3492243065407128,4.839587947573085,E,2013-11-06
XEC,XEC.W^E14,2013-11-27,ESG-GJR-GARCH(G),0.3511239309464842,4.89238154298855,G,2013-11-06
XEC,XEC.W^E14,2013-11-27,ESG-GJR-GARCH(S),0.350462957482964,4.873979546337534,S,2013-11-06
XEC,XEC.W^E14,2013-11-27,GARCH,0.3499922672477814,4.8608963148112085,,2013-11-06
XEC,XEC.W^E14,2013-11-27,GJR-GARCH,0.3558715556366554,5.025577940922743,,2013-11-06
XEC,XEC.W^E14,2013-12-02,EGARCH,0.3718730290270422,5.487680544355056,,2013-11-06
XEC,XEC.W^E14,2013-12-02,ESG-EGARCH,0.3685297532515449,5.389451548874784,all,2013-11-06
XEC,XEC.W^E14,2013-12-02,ESG-EGARCH(E),0.3684402925648974,5.38683528513124,E,2013-11-06
XEC,XEC.W^E14,2013-12-02,ESG-EGARCH(G),0.3697451433711067,5.425058374861917,G,2013-11-06
XEC,XEC.W^E14,2013-12-02,ESG-EGARCH(S),0.3692852067801725,5.4115699978839205,S,2013-11-06
XEC,XEC.W^E14,2013-12-02,ESG-GARCH,0.3496574285743835,4.851599895128972,all,2013-11-06
XEC,XEC.W^E14,2013-12-02,ESG-GARCH(E),0.3495076202758943,4.847443517099952,E,2013-11-06
XEC,XEC.W^E14,2013-12-02,ESG-GARCH(G),0.3506168797748855,4.878261761233197,G,2013-11-06
XEC,XEC.W^E14,2013-12-02,ESG-GARCH(S),0.3501777280386073,4.866049254534953,S,2013-11-06
XEC,XEC.W^E14,2013-12-02,ESG-GJR-GARCH,0.3493714439268295,4.843666898076103,all,2013-11-06
XEC,XEC.W^E14,2013-12-02,ESG-GJR-GARCH(E),0.3492243065407128,4.839587947573085,E,2013-11-06
XEC,XEC.W^E14,2013-12-02,ESG-GJR-GARCH(G),0.3511239309464842,4.89238154298855,G,2013-11-06
XEC,XEC.W^E14,2013-12-02,ESG-GJR-GARCH(S),0.350462957482964,4.873979546337534,S,2013-11-06
XEC,XEC.W^E14,2013-12-02,GARCH,0.3499922672477814,4.8608963148112085,,2013-11-06
XEC,XEC.W^E14,2013-12-02,GJR-GARCH,0.3558715556366554,5.025577940922743,,2013-11-06
XEC,XEC.W^E14,2013-12-03,EGARCH,0.3718730290270422,5.487680544355056,,2013-11-06
XEC,XEC.W^E14,2013-12-03,ESG-EGARCH,0.3685297532515449,5.389451548874784,all,2013-11-06
XEC,XEC.W^E14,2013-12-03,ESG-EGARCH(E),0.3684402925648974,5.38683528513124,E,2013-11-06
XEC,XEC.W^E14,2013-12-03,ESG-EGARCH(G),0.3697451433711067,5.425058374861917,G,2013-11-06
XEC,XEC.W^E14,2013-12-03,ESG-EGARCH(S),0.3692852067801725,5.4115699978839205,S,2013-11-06
XEC,XEC.W^E14,2013-12-03,ESG-GARCH,0.3496574285743835,4.851599895128972,all,2013-11-06
XEC,XEC.W^E14,2013-12-03,ESG-GARCH(E),0.3495076202758943,4.847443517099952,E,2013-11-06
XEC,XEC.W^E14,2013-12-03,ESG-GARCH(G),0.3506168797748855,4.878261761233197,G,2013-11-06
XEC,XEC.W^E14,2013-12-03,ESG-GARCH(S),0.3501777280386073,4.866049254534953,S,2013-11-06
XEC,XEC.W^E14,2013-12-03,ESG-GJR-GARCH,0.3493714439268295,4.843666898076103,all,2013-11-06
XEC,XEC.W^E14,2013-12-03,ESG-GJR-GARCH(E),0.3492243065407128,4.839587947573085,E,2013-11-06
XEC,XEC.W^E14,2013-12-03,ESG-GJR-GARCH(G),0.3511239309464842,4.89238154298855,G,2013-11-06
XEC,XEC.W^E14,2013-12-03,ESG-GJR-GARCH(S),0.350462957482964,4.873979546337534,S,2013-11-06
XEC,XEC.W^E14,2013-12-03,GARCH,0.3499922672477814,4.8608963148112085,,2013-11-06
XEC,XEC.W^E14,2013-12-03,GJR-GARCH,0.3558715556366554,5.025577940922743,,2013-11-06
XEC,XEC.W^E14,2013-12-04,EGARCH,0.3718730290270422,5.487680544355056,,2013-11-06
XEC,XEC.W^E14,2013-12-04,ESG-EGARCH,0.3685297532515449,5.389451548874784,all,2013-11-06
XEC,XEC.W^E14,2013-12-04,ESG-EGARCH(E),0.3684402925648974,5.38683528513124,E,2013-11-06
XEC,XEC.W^E14,2013-12-04,ESG-EGARCH(G),0.3697451433711067,5.425058374861917,G,2013-11-06
XEC,XEC.W^E14,2013-12-04,ESG-EGARCH(S),0.3692852067801725,5.4115699978839205,S,2013-11-06
XEC,XEC.W^E14,2013-12-04,ESG-GARCH,0.3496574285743835,4.851599895128972,all,2013-11-06
XEC,XEC.W^E14,2013-12-04,ESG-GARCH(E),0.3495076202758943,4.847443517099952,E,2013-11-06
XEC,XEC.W^E14,2013-12-04,ESG-GARCH(G),0.3506168797748855,4.878261761233197,G,2013-11-06
XEC,XEC.W^E14,2013-12-04,ESG-GARCH(S),0.3501777280386073,4.866049254534953,S,2013-11-06
XEC,XEC.W^E14,2013-12-04,ESG-GJR-GARCH,0.3493714439268295,4.843666898076103,all,2013-11-06
XEC,XEC.W^E14,2013-12-04,ESG-GJR-GARCH(E),0.3492243065407128,4.839587947573085,E,2013-11-06
XEC,XEC.W^E14,2013-12-04,ESG-GJR-GARCH(G),0.3511239309464842,4.89238154298855,G,2013-11-06
XEC,XEC.W^E14,2013-12-04,ESG-GJR-GARCH(S),0.350462957482964,4.873979546337534,S,2013-11-06
XEC,XEC.W^E14,2013-12-04,GARCH,0.3499922672477814,4.8608963148112085,,2013-11-06
XEC,XEC.W^E14,2013-12-04,GJR-GARCH,0.3558715556366554,5.025577940922743,,2013-11-06
XEC,XEC.W^E14,2013-12-05,EGARCH,0.3718730290270422,5.487680544355056,,2013-11-06
XEC,XEC.W^E14,2013-12-05,ESG-EGARCH,0.3685297532515449,5.389451548874784,all,2013-11-06
XEC,XEC.W^E14,2013-12-05,ESG-EGARCH(E),0.3684402925648974,5.38683528513124,E,2013-11-06
XEC,XEC.W^E14,2013-12-05,ESG-EGARCH(G),0.3697451433711067,5.425058374861917,G,2013-11-06
XEC,XEC.W^E14,2013-12-05,ESG-EGARCH(S),0.3692852067801725,5.4115699978839205,S,2013-11-06
XEC,XEC.W^E14,2013-12-05,ESG-GARCH,0.3496574285743835,4.851599895128972,all,2013-11-06
XEC,XEC.W^E14,2013-12-05,ESG-GARCH(E),0.3495076202758943,4.847443517099952,E,2013-11-06
XEC,XEC.W^E14,2013-12-05,ESG-GARCH(G),0.3506168797748855,4.878261761233197,G,2013-11-06
XEC,XEC.W^E14,2013-12-05,ESG-GARCH(S),0.3501777280386073,4.866049254534953,S,2013-11-06
XEC,XEC.W^E14,2013-12-05,ESG-GJR-GARCH,0.3493714439268295,4.843666898076103,all,2013-11-06
XEC,XEC.W^E14,2013-12-05,ESG-GJR-GARCH(E),0.3492243065407128,4.839587947573085,E,2013-11-06
XEC,XEC.W^E14,2013-12-05,ESG-GJR-GARCH(G),0.3511239309464842,4.89238154298855,G,2013-11-06
XEC,XEC.W^E14,2013-12-05,ESG-GJR-GARCH(S),0.350462957482964,4.873979546337534,S,2013-11-06
XEC,XEC.W^E14,2013-12-05,GARCH,0.3499922672477814,4.8608963148112085,,2013-11-06
XEC,XEC.W^E14,2013-12-05,GJR-GARCH,0.3558715556366554,5.025577940922743,,2013-11-06
XEC,XEC.W^E14,2013-12-06,EGARCH,0.3718730290270422,5.487680544355056,,2013-11-06
XEC,XEC.W^E14,2013-12-06,ESG-EGARCH,0.3685297532515449,5.389451548874784,all,2013-11-06
XEC,XEC.W^E14,2013-12-06,ESG-EGARCH(E),0.3684402925648974,5.38683528513124,E,2013-11-06
XEC,XEC.W^E14,2013-12-06,ESG-EGARCH(G),0.3697451433711067,5.425058374861917,G,2013-11-06
XEC,XEC.W^E14,2013-12-06,ESG-EGARCH(S),0.3692852067801725,5.4115699978839205,S,2013-11-06
XEC,XEC.W^E14,2013-12-06,ESG-GARCH,0.3496574285743835,4.851599895128972,all,2013-11-06
XEC,XEC.W^E14,2013-12-06,ESG-GARCH(E),0.3495076202758943,4.847443517099952,E,2013-11-06
XEC,XEC.W^E14,2013-12-06,ESG-GARCH(G),0.3506168797748855,4.878261761233197,G,2013-11-06
XEC,XEC.W^E14,2013-12-06,ESG-GARCH(S),0.3501777280386073,4.866049254534953,S,2013-11-06
XEC,XEC.W^E14,2013-12-06,ESG-GJR-GARCH,0.3493714439268295,4.843666898076103,all,2013-11-06
XEC,XEC.W^E14,2013-12-06,ESG-GJR-GARCH(E),0.3492243065407128,4.839587947573085,E,2013-11-06
XEC,XEC.W^E14,2013-12-06,ESG-GJR-GARCH(G),0.3511239309464842,4.89238154298855,G,2013-11-06
XEC,XEC.W^E14,2013-12-06,ESG-GJR-GARCH(S),0.350462957482964,4.873979546337534,S,2013-11-06
XEC,XEC.W^E14,2013-12-06,GARCH,0.3499922672477814,4.8608963148112085,,2013-11-06
XEC,XEC.W^E14,2013-12-06,GJR-GARCH,0.3558715556366554,5.025577940922743,,2013-11-06
XEC,XEC.W^E14,2013-12-09,EGARCH,0.3718730290270422,5.487680544355056,,2013-11-06
XEC,XEC.W^E14,2013-12-09,ESG-EGARCH,0.3685297532515449,5.389451548874784,all,2013-11-06
XEC,XEC.W^E14,2013-12-09,ESG-EGARCH(E),0.3684402925648974,5.38683528513124,E,2013-11-06
XEC,XEC.W^E14,2013-12-09,ESG-EGARCH(G),0.3697451433711067,5.425058374861917,G,2013-11-06
XEC,XEC.W^E14,2013-12-09,ESG-EGARCH(S),0.3692852067801725,5.4115699978839205,S,2013-11-06
XEC,XEC.W^E14,2013-12-09,ESG-GARCH,0.3496574285743835,4.851599895128972,all,2013-11-06
XEC,XEC.W^E14,2013-12-09,ESG-GARCH(E),0.3495076202758943,4.847443517099952,E,2013-11-06
XEC,XEC.W^E14,2013-12-09,ESG-GARCH(G),0.3506168797748855,4.878261761233197,G,2013-11-06
XEC,XEC.W^E14,2013-12-09,ESG-GARCH(S),0.3501777280386073,4.866049254534953,S,2013-11-06
XEC,XEC.W^E14,2013-12-09,ESG-GJR-GARCH,0.3493714439268295,4.843666898076103,all,2013-11-06
XEC,XEC.W^E14,2013-12-09,ESG-GJR-GARCH(E),0.3492243065407128,4.839587947573085,E,2013-11-06
XEC,XEC.W^E14,2013-12-09,ESG-GJR-GARCH(G),0.3511239309464842,4.89238154298855,G,2013-11-06
XEC,XEC.W^E14,2013-12-09,ESG-GJR-GARCH(S),0.350462957482964,4.873979546337534,S,2013-11-06
XEC,XEC.W^E14,2013-12-09,GARCH,0.3499922672477814,4.8608963148112085,,2013-11-06
XEC,XEC.W^E14,2013-12-09,GJR-GARCH,0.3558715556366554,5.025577940922743,,2013-11-06
XEC,XEC.W^E14,2013-12-12,EGARCH,0.3718730290270422,5.487680544355056,,2013-11-06
XEC,XEC.W^E14,2013-12-12,ESG-EGARCH,0.3685297532515449,5.389451548874784,all,2013-11-06
XEC,XEC.W^E14,2013-12-12,ESG-EGARCH(E),0.3684402925648974,5.38683528513124,E,2013-11-06
XEC,XEC.W^E14,2013-12-12,ESG-EGARCH(G),0.3697451433711067,5.425058374861917,G,2013-11-06
XEC,XEC.W^E14,2013-12-12,ESG-EGARCH(S),0.3692852067801725,5.4115699978839205,S,2013-11-06
XEC,XEC.W^E14,2013-12-12,ESG-GARCH,0.3496574285743835,4.851599895128972,all,2013-11-06
XEC,XEC.W^E14,2013-12-12,ESG-GARCH(E),0.3495076202758943,4.847443517099952,E,2013-11-06
XEC,XEC.W^E14,2013-12-12,ESG-GARCH(G),0.3506168797748855,4.878261761233197,G,2013-11-06
XEC,XEC.W^E14,2013-12-12,ESG-GARCH(S),0.3501777280386073,4.866049254534953,S,2013-11-06
XEC,XEC.W^E14,2013-12-12,ESG-GJR-GARCH,0.3493714439268295,4.843666898076103,all,2013-11-06
XEC,XEC.W^E14,2013-12-12,ESG-GJR-GARCH(E),0.3492243065407128,4.839587947573085,E,2013-11-06
XEC,XEC.W^E14,2013-12-12,ESG-GJR-GARCH(G),0.3511239309464842,4.89238154298855,G,2013-11-06
XEC,XEC.W^E14,2013-12-12,ESG-GJR-GARCH(S),0.350462957482964,4.873979546337534,S,2013-11-06
XEC,XEC.W^E14,2013-12-12,GARCH,0.3499922672477814,4.8608963148112085,,2013-11-06
XEC,XEC.W^E14,2013-12-12,GJR-GARCH,0.3558715556366554,5.025577940922743,,2013-11-06
XEC,XEC.W^E14,2013-12-20,EGARCH,0.3718730290270422,5.487680544355056,,2013-11-06
XEC,XEC.W^E14,2013-12-20,ESG-EGARCH,0.3685297532515449,5.389451548874784,all,2013-11-06
XEC,XEC.W^E14,2013-12-20,ESG-EGARCH(E),0.3684402925648974,5.38683528513124,E,2013-11-06
XEC,XEC.W^E14,2013-12-20,ESG-EGARCH(G),0.3697451433711067,5.425058374861917,G,2013-11-06
XEC,XEC.W^E14,2013-12-20,ESG-EGARCH(S),0.3692852067801725,5.4115699978839205,S,2013-11-06
XEC,XEC.W^E14,2013-12-20,ESG-GARCH,0.3496574285743835,4.851599895128972,all,2013-11-06
XEC,XEC.W^E14,2013-12-20,ESG-GARCH(E),0.3495076202758943,4.847443517099952,E,2013-11-06
XEC,XEC.W^E14,2013-12-20,ESG-GARCH(G),0.3506168797748855,4.878261761233197,G,2013-11-06
XEC,XEC.W^E14,2013-12-20,ESG-GARCH(S),0.3501777280386073,4.866049254534953,S,2013-11-06
XEC,XEC.W^E14,2013-12-20,ESG-GJR-GARCH,0.3493714439268295,4.843666898076103,all,2013-11-06
XEC,XEC.W^E14,2013-12-20,ESG-GJR-GARCH(E),0.3492243065407128,4.839587947573085,E,2013-11-06
XEC,XEC.W^E14,2013-12-20,ESG-GJR-GARCH(G),0.3511239309464842,4.89238154298855,G,2013-11-06
XEC,XEC.W^E14,2013-12-20,ESG-GJR-GARCH(S),0.350462957482964,4.873979546337534,S,2013-11-06
XEC,XEC.W^E14,2013-12-20,GARCH,0.3499922672477814,4.8608963148112085,,2013-11-06
XEC,XEC.W^E14,2013-12-20,GJR-GARCH,0.3558715556366554,5.025577940922743,,2013-11-06
XEC,XEC.W^E14,2013-12-30,EGARCH,0.3718730290270422,5.487680544355056,,2013-11-06
XEC,XEC.W^E14,2013-12-30,ESG-EGARCH,0.3685297532515449,5.389451548874784,all,2013-11-06
XEC,XEC.W^E14,2013-12-30,ESG-EGARCH(E),0.3684402925648974,5.38683528513124,E,2013-11-06
XEC,XEC.W^E14,2013-12-30,ESG-EGARCH(G),0.3697451433711067,5.425058374861917,G,2013-11-06
XEC,XEC.W^E14,2013-12-30,ESG-EGARCH(S),0.3692852067801725,5.4115699978839205,S,2013-11-06
XEC,XEC.W^E14,2013-12-30,ESG-GARCH,0.3496574285743835,4.851599895128972,all,2013-11-06
XEC,XEC.W^E14,2013-12-30,ESG-GARCH(E),0.3495076202758943,4.847443517099952,E,2013-11-06
XEC,XEC.W^E14,2013-12-30,ESG-GARCH(G),0.3506168797748855,4.878261761233197,G,2013-11-06
XEC,XEC.W^E14,2013-12-30,ESG-GARCH(S),0.3501777280386073,4.866049254534953,S,2013-11-06
XEC,XEC.W^E14,2013-12-30,ESG-GJR-GARCH,0.3493714439268295,4.843666898076103,all,2013-11-06
XEC,XEC.W^E14,2013-12-30,ESG-GJR-GARCH(E),0.3492243065407128,4.839587947573085,E,2013-11-06
XEC,XEC.W^E14,2013-12-30,ESG-GJR-GARCH(G),0.3511239309464842,4.89238154298855,G,2013-11-06
XEC,XEC.W^E14,2013-12-30,ESG-GJR-GARCH(S),0.350462957482964,4.873979546337534,S,2013-11-06
XEC,XEC.W^E14,2013-12-30,GARCH,0.3499922672477814,4.8608963148112085,,2013-11-06
XEC,XEC.W^E14,2013-12-30,GJR-GARCH,0.3558715556366554,5.025577940922743,,2013-11-06
XEC,XEC.W^E14,2014-01-06,EGARCH,0.3718730290270422,5.487680544355056,,2013-11-06
XEC,XEC.W^E14,2014-01-06,ESG-EGARCH,0.3722183070866469,5.497875719462277,all,2013-11-06
XEC,XEC.W^E14,2014-01-06,ESG-EGARCH(E),0.3707818062327646,5.455521739413944,E,2013-11-06
XEC,XEC.W^E14,2014-01-06,ESG-EGARCH(G),0.3708201060815185,5.456648852155106,G,2013-11-06
XEC,XEC.W^E14,2014-01-06,ESG-EGARCH(S),0.3692666314598238,5.411025599590688,S,2013-11-06
XEC,XEC.W^E14,2014-01-06,ESG-GARCH,0.3530541398382036,4.946318478448169,all,2013-11-06
XEC,XEC.W^E14,2014-01-06,ESG-GARCH(E),0.3517176008383693,4.908939315059464,E,2013-11-06
XEC,XEC.W^E14,2014-01-06,ESG-GARCH(G),0.3516720344481112,4.907667452891808,G,2013-11-06
XEC,XEC.W^E14,2014-01-06,ESG-GARCH(S),0.3501584044813364,4.865512231306161,S,2013-11-06
XEC,XEC.W^E14,2014-01-06,ESG-GJR-GARCH,0.3550984417933475,5.003766006510453,all,2013-11-06
XEC,XEC.W^E14,2014-01-06,ESG-GJR-GARCH(E),0.3529203440532699,4.942570208201524,E,2013-11-06
XEC,XEC.W^E14,2014-01-06,ESG-GJR-GARCH(G),0.352559497118187,4.93246821461226,G,2013-11-06
XEC,XEC.W^E14,2014-01-06,ESG-GJR-GARCH(S),0.3504297450549273,4.87305580235164,S,2013-11-06
XEC,XEC.W^E14,2014-01-06,GARCH,0.3499922672477814,4.8608963148112085,,2013-11-06
XEC,XEC.W^E14,2014-01-06,GJR-GARCH,0.3558715556366554,5.025577940922743,,2013-11-06
XEC,XEC.W^E14,2014-01-07,EGARCH,0.3718730290270422,5.487680544355056,,2013-11-06
XEC,XEC.W^E14,2014-01-07,ESG-EGARCH,0.3722183070866469,5.497875719462277,all,2013-11-06
XEC,XEC.W^E14,2014-01-07,ESG-EGARCH(E),0.3707818062327646,5.455521739413944,E,2013-11-06
XEC,XEC.W^E14,2014-01-07,ESG-EGARCH(G),0.3708201060815185,5.456648852155106,G,2013-11-06
XEC,XEC.W^E14,2014-01-07,ESG-EGARCH(S),0.3692666314598238,5.411025599590688,S,2013-11-06
XEC,XEC.W^E14,2014-01-07,ESG-GARCH,0.3530541398382036,4.946318478448169,all,2013-11-06
XEC,XEC.W^E14,2014-01-07,ESG-GARCH(E),0.3517176008383693,4.908939315059464,E,2013-11-06
XEC,XEC.W^E14,2014-01-07,ESG-GARCH(G),0.3516720344481112,4.907667452891808,G,2013-11-06
XEC,XEC.W^E14,2014-01-07,ESG-GARCH(S),0.3501584044813364,4.865512231306161,S,2013-11-06
XEC,XEC.W^E14,2014-01-07,ESG-GJR-GARCH,0.3550984417933475,5.003766006510453,all,2013-11-06
XEC,XEC.W^E14,2014-01-07,ESG-GJR-GARCH(E),0.3529203440532699,4.942570208201524,E,2013-11-06
XEC,XEC.W^E14,2014-01-07,ESG-GJR-GARCH(G),0.352559497118187,4.93246821461226,G,2013-11-06
XEC,XEC.W^E14,2014-01-07,ESG-GJR-GARCH(S),0.3504297450549273,4.87305580235164,S,2013-11-06
XEC,XEC.W^E14,2014-01-07,GARCH,0.3499922672477814,4.8608963148112085,,2013-11-06
XEC,XEC.W^E14,2014-01-07,GJR-GARCH,0.3558715556366554,5.025577940922743,,2013-11-06
XEC,XEC.W^E14,2014-01-08,EGARCH,0.3718730290270422,5.487680544355056,,2013-11-06
XEC,XEC.W^E14,2014-01-08,ESG-EGARCH,0.3722183070866469,5.497875719462277,all,2013-11-06
XEC,XEC.W^E14,2014-01-08,ESG-EGARCH(E),0.3707818062327646,5.455521739413944,E,2013-11-06
XEC,XEC.W^E14,2014-01-08,ESG-EGARCH(G),0.3708201060815185,5.456648852155106,G,2013-11-06
XEC,XEC.W^E14,2014-01-08,ESG-EGARCH(S),0.3692666314598238,5.411025599590688,S,2013-11-06
XEC,XEC.W^E14,2014-01-08,ESG-GARCH,0.3530541398382036,4.946318478448169,all,2013-11-06
XEC,XEC.W^E14,2014-01-08,ESG-GARCH(E),0.3517176008383693,4.908939315059464,E,2013-11-06
XEC,XEC.W^E14,2014-01-08,ESG-GARCH(G),0.3516720344481112,4.907667452891808,G,2013-11-06
XEC,XEC.W^E14,2014-01-08,ESG-GARCH(S),0.3501584044813364,4.865512231306161,S,2013-11-06
XEC,XEC.W^E14,2014-01-08,ESG-GJR-GARCH,0.3550984417933475,5.003766006510453,all,2013-11-06
XEC,XEC.W^E14,2014-01-08,ESG-GJR-GARCH(E),0.3529203440532699,4.942570208201524,E,2013-11-06
XEC,XEC.W^E14,2014-01-08,ESG-GJR-GARCH(G),0.352559497118187,4.93246821461226,G,2013-11-06
XEC,XEC.W^E14,2014-01-08,ESG-GJR-GARCH(S),0.3504297450549273,4.87305580235164,S,2013-11-06
XEC,XEC.W^E14,2014-01-08,GARCH,0.3499922672477814,4.8608963148112085,,2013-11-06
XEC,XEC.W^E14,2014-01-08,GJR-GARCH,0.3558715556366554,5.025577940922743,,2013-11-06
XEC,XEC.W^E14,2014-01-09,EGARCH,0.3718730290270422,5.487680544355056,,2013-11-06
XEC,XEC.W^E14,2014-01-09,ESG-EGARCH,0.3722183070866469,5.497875719462277,all,2013-11-06
XEC,XEC.W^E14,2014-01-09,ESG-EGARCH(E),0.3707818062327646,5.455521739413944,E,2013-11-06
XEC,XEC.W^E14,2014-01-09,ESG-EGARCH(G),0.3708201060815185,5.456648852155106,G,2013-11-06
XEC,XEC.W^E14,2014-01-09,ESG-EGARCH(S),0.3692666314598238,5.411025599590688,S,2013-11-06
XEC,XEC.W^E14,2014-01-09,ESG-GARCH,0.3530541398382036,4.946318478448169,all,2013-11-06
XEC,XEC.W^E14,2014-01-09,ESG-GARCH(E),0.3517176008383693,4.908939315059464,E,2013-11-06
XEC,XEC.W^E14,2014-01-09,ESG-GARCH(G),0.3516720344481112,4.907667452891808,G,2013-11-06
XEC,XEC.W^E14,2014-01-09,ESG-GARCH(S),0.3501584044813364,4.865512231306161,S,2013-11-06
XEC,XEC.W^E14,2014-01-09,ESG-GJR-GARCH,0.3550984417933475,5.003766006510453,all,2013-11-06
XEC,XEC.W^E14,2014-01-09,ESG-GJR-GARCH(E),0.3529203440532699,4.942570208201524,E,2013-11-06
XEC,XEC.W^E14,2014-01-09,ESG-GJR-GARCH(G),0.352559497118187,4.93246821461226,G,2013-11-06
XEC,XEC.W^E14,2014-01-09,ESG-GJR-GARCH(S),0.3504297450549273,4.87305580235164,S,2013-11-06
XEC,XEC.W^E14,2014-01-09,GARCH,0.3499922672477814,4.8608963148112085,,2013-11-06
XEC,XEC.W^E14,2014-01-09,GJR-GARCH,0.3558715556366554,5.025577940922743,,2013-11-06
XEC,XEC.W^E14,2014-01-10,EGARCH,0.3514554353283013,4.901623929436737,,2014-01-10
XEC,XEC.W^E14,2014-01-10,ESG-EGARCH,0.3388743693633706,4.556977706802466,all,2014-01-10
XEC,XEC.W^E14,2014-01-10,ESG-EGARCH(E),0.3381963183717916,4.538759911120406,E,2014-01-10
XEC,XEC.W^E14,2014-01-10,ESG-EGARCH(G),0.3381357819102457,4.537135198732272,G,2014-01-10
XEC,XEC.W^E14,2014-01-10,ESG-EGARCH(S),0.3369855474851943,4.5063198100752455,S,2014-01-10
XEC,XEC.W^E14,2014-01-10,ESG-GARCH,0.3312197623950678,4.353433769882746,all,2014-01-10
XEC,XEC.W^E14,2014-01-10,ESG-GARCH(E),0.3305086836226891,4.334761505952492,E,2014-01-10
XEC,XEC.W^E14,2014-01-10,ESG-GARCH(G),0.3304213046881014,4.332469785388379,G,2014-01-10
XEC,XEC.W^E14,2014-01-10,ESG-GARCH(S),0.3292074707892517,4.300696778708573,S,2014-01-10
XEC,XEC.W^E14,2014-01-10,ESG-GJR-GARCH,0.3562460676373108,5.036161139168551,all,2014-01-10
XEC,XEC.W^E14,2014-01-10,ESG-GJR-GARCH(E),0.3547772813819992,4.99471902320644,E,2014-01-10
XEC,XEC.W^E14,2014-01-10,ESG-GJR-GARCH(G),0.3547024901145791,4.992613352915995,G,2014-01-10
XEC,XEC.W^E14,2014-01-10,ESG-GJR-GARCH(S),0.3527776149949681,4.938573239743569,S,2014-01-10
XEC,XEC.W^E14,2014-01-10,GARCH,0.3408265296583209,4.609631877735489,,2014-01-10
XEC,XEC.W^E14,2014-01-10,GJR-GARCH,0.375394085187258,5.592092031491202,,2014-01-10
XEC,XEC.W^E14,2014-01-13,EGARCH,0.3514554353283013,4.901623929436737,,2014-01-10
XEC,XEC.W^E14,2014-01-13,ESG-EGARCH,0.3388743693633706,4.556977706802466,all,2014-01-10
XEC,XEC.W^E14,2014-01-13,ESG-EGARCH(E),0.3381963183717916,4.538759911120406,E,2014-01-10
XEC,XEC.W^E14,2014-01-13,ESG-EGARCH(G),0.3381357819102457,4.537135198732272,G,2014-01-10
XEC,XEC.W^E14,2014-01-13,ESG-EGARCH(S),0.3369855474851943,4.5063198100752455,S,2014-01-10
XEC,XEC.W^E14,2014-01-13,ESG-GARCH,0.3312197623950678,4.353433769882746,all,2014-01-10
XEC,XEC.W^E14,2014-01-13,ESG-GARCH(E),0.3305086836226891,4.334761505952492,E,2014-01-10
XEC,XEC.W^E14,2014-01-13,ESG-GARCH(G),0.3304213046881014,4.332469785388379,G,2014-01-10
XEC,XEC.W^E14,2014-01-13,ESG-GARCH(S),0.3292074707892517,4.300696778708573,S,2014-01-10
XEC,XEC.W^E14,2014-01-13,ESG-GJR-GARCH,0.3562460676373108,5.036161139168551,all,2014-01-10
XEC,XEC.W^E14,2014-01-13,ESG-GJR-GARCH(E),0.3547772813819992,4.99471902320644,E,2014-01-10
XEC,XEC.W^E14,2014-01-13,ESG-GJR-GARCH(G),0.3547024901145791,4.992613352915995,G,2014-01-10
XEC,XEC.W^E14,2014-01-13,ESG-GJR-GARCH(S),0.3527776149949681,4.938573239743569,S,2014-01-10
XEC,XEC.W^E14,2014-01-13,GARCH,0.3408265296583209,4.609631877735489,,2014-01-10
XEC,XEC.W^E14,2014-01-13,GJR-GARCH,0.375394085187258,5.592092031491202,,2014-01-10
XEC,XEC.W^E14,2014-01-14,EGARCH,0.3514554353283013,4.901623929436737,,2014-01-10
XEC,XEC.W^E14,2014-01-14,ESG-EGARCH,0.3388743693633706,4.556977706802466,all,2014-01-10
XEC,XEC.W^E14,2014-01-14,ESG-EGARCH(E),0.3381963183717916,4.538759911120406,E,2014-01-10
XEC,XEC.W^E14,2014-01-14,ESG-EGARCH(G),0.3381357819102457,4.537135198732272,G,2014-01-10
XEC,XEC.W^E14,2014-01-14,ESG-EGARCH(S),0.3369855474851943,4.5063198100752455,S,2014-01-10
XEC,XEC.W^E14,2014-01-14,ESG-GARCH,0.3312197623950678,4.353433769882746,all,2014-01-10
XEC,XEC.W^E14,2014-01-14,ESG-GARCH(E),0.3305086836226891,4.334761505952492,E,2014-01-10
XEC,XEC.W^E14,2014-01-14,ESG-GARCH(G),0.3304213046881014,4.332469785388379,G,2014-01-10
XEC,XEC.W^E14,2014-01-14,ESG-GARCH(S),0.3292074707892517,4.300696778708573,S,2014-01-10
XEC,XEC.W^E14,2014-01-14,ESG-GJR-GARCH,0.3562460676373108,5.036161139168551,all,2014-01-10
XEC,XEC.W^E14,2014-01-14,ESG-GJR-GARCH(E),0.3547772813819992,4.99471902320644,E,2014-01-10
XEC,XEC.W^E14,2014-01-14,ESG-GJR-GARCH(G),0.3547024901145791,4.992613352915995,G,2014-01-10
XEC,XEC.W^E14,2014-01-14,ESG-GJR-GARCH(S),0.3527776149949681,4.938573239743569,S,2014-01-10
XEC,XEC.W^E14,2014-01-14,GARCH,0.3408265296583209,4.609631877735489,,2014-01-10
XEC,XEC.W^E14,2014-01-14,GJR-GARCH,0.375394085187258,5.592092031491202,,2014-01-10
XEC,XEC.W^E14,2014-01-15,EGARCH,0.3514554353283013,4.901623929436737,,2014-01-10
XEC,XEC.W^E14,2014-01-15,ESG-EGARCH,0.3388743693633706,4.556977706802466,all,2014-01-10
XEC,XEC.W^E14,2014-01-15,ESG-EGARCH(E),0.3381963183717916,4.538759911120406,E,2014-01-10
XEC,XEC.W^E14,2014-01-15,ESG-EGARCH(G),0.3381357819102457,4.537135198732272,G,2014-01-10
XEC,XEC.W^E14,2014-01-15,ESG-EGARCH(S),0.3369855474851943,4.5063198100752455,S,2014-01-10
XEC,XEC.W^E14,2014-01-15,ESG-GARCH,0.3312197623950678,4.353433769882746,all,2014-01-10
XEC,XEC.W^E14,2014-01-15,ESG-GARCH(E),0.3305086836226891,4.334761505952492,E,2014-01-10
XEC,XEC.W^E14,2014-01-15,ESG-GARCH(G),0.3304213046881014,4.332469785388379,G,2014-01-10
XEC,XEC.W^E14,2014-01-15,ESG-GARCH(S),0.3292074707892517,4.300696778708573,S,2014-01-10
XEC,XEC.W^E14,2014-01-15,ESG-GJR-GARCH,0.3562460676373108,5.036161139168551,all,2014-01-10
XEC,XEC.W^E14,2014-01-15,ESG-GJR-GARCH(E),0.3547772813819992,4.99471902320644,E,2014-01-10
XEC,XEC.W^E14,2014-01-15,ESG-GJR-GARCH(G),0.3547024901145791,4.992613352915995,G,2014-01-10
XEC,XEC.W^E14,2014-01-15,ESG-GJR-GARCH(S),0.3527776149949681,4.938573239743569,S,2014-01-10
XEC,XEC.W^E14,2014-01-15,GARCH,0.3408265296583209,4.609631877735489,,2014-01-10
XEC,XEC.W^E14,2014-01-15,GJR-GARCH,0.375394085187258,5.592092031491202,,2014-01-10
XEC,XEC.W^E14,2014-01-23,EGARCH,0.3514554353283013,4.901623929436737,,2014-01-10
XEC,XEC.W^E14,2014-01-23,ESG-EGARCH,0.3388743693633706,4.556977706802466,all,2014-01-10
XEC,XEC.W^E14,2014-01-23,ESG-EGARCH(E),0.3381963183717916,4.538759911120406,E,2014-01-10
XEC,XEC.W^E14,2014-01-23,ESG-EGARCH(G),0.3381357819102457,4.537135198732272,G,2014-01-10
XEC,XEC.W^E14,2014-01-23,ESG-EGARCH(S),0.3369855474851943,4.5063198100752455,S,2014-01-10
XEC,XEC.W^E14,2014-01-23,ESG-GARCH,0.3312197623950678,4.353433769882746,all,2014-01-10
XEC,XEC.W^E14,2014-01-23,ESG-GARCH(E),0.3305086836226891,4.334761505952492,E,2014-01-10
XEC,XEC.W^E14,2014-01-23,ESG-GARCH(G),0.3304213046881014,4.332469785388379,G,2014-01-10
XEC,XEC.W^E14,2014-01-23,ESG-GARCH(S),0.3292074707892517,4.300696778708573,S,2014-01-10
XEC,XEC.W^E14,2014-01-23,ESG-GJR-GARCH,0.3562460676373108,5.036161139168551,all,2014-01-10
XEC,XEC.W^E14,2014-01-23,ESG-GJR-GARCH(E),0.3547772813819992,4.99471902320644,E,2014-01-10
XEC,XEC.W^E14,2014-01-23,ESG-GJR-GARCH(G),0.3547024901145791,4.992613352915995,G,2014-01-10
XEC,XEC.W^E14,2014-01-23,ESG-GJR-GARCH(S),0.3527776149949681,4.938573239743569,S,2014-01-10
XEC,XEC.W^E14,2014-01-23,GARCH,0.3408265296583209,4.609631877735489,,2014-01-10
XEC,XEC.W^E14,2014-01-23,GJR-GARCH,0.375394085187258,5.592092031491202,,2014-01-10
XEC,XEC.W^E14,2014-01-24,EGARCH,0.3514554353283013,4.901623929436737,,2014-01-10
XEC,XEC.W^E14,2014-01-24,ESG-EGARCH,0.3388743693633706,4.556977706802466,all,2014-01-10
XEC,XEC.W^E14,2014-01-24,ESG-EGARCH(E),0.3381963183717916,4.538759911120406,E,2014-01-10
XEC,XEC.W^E14,2014-01-24,ESG-EGARCH(G),0.3381357819102457,4.537135198732272,G,2014-01-10
XEC,XEC.W^E14,2014-01-24,ESG-EGARCH(S),0.3369855474851943,4.5063198100752455,S,2014-01-10
XEC,XEC.W^E14,2014-01-24,ESG-GARCH,0.3312197623950678,4.353433769882746,all,2014-01-10
XEC,XEC.W^E14,2014-01-24,ESG-GARCH(E),0.3305086836226891,4.334761505952492,E,2014-01-10
XEC,XEC.W^E14,2014-01-24,ESG-GARCH(G),0.3304213046881014,4.332469785388379,G,2014-01-10
XEC,XEC.W^E14,2014-01-24,ESG-GARCH(S),0.3292074707892517,4.300696778708573,S,2014-01-10
XEC,XEC.W^E14,2014-01-24,ESG-GJR-GARCH,0.3562460676373108,5.036161139168551,all,2014-01-10
XEC,XEC.W^E14,2014-01-24,ESG-GJR-GARCH(E),0.3547772813819992,4.99471902320644,E,2014-01-10
XEC,XEC.W^E14,2014-01-24,ESG-GJR-GARCH(G),0.3547024901145791,4.992613352915995,G,2014-01-10
XEC,XEC.W^E14,2014-01-24,ESG-GJR-GARCH(S),0.3527776149949681,4.938573239743569,S,2014-01-10
XEC,XEC.W^E14,2014-01-24,GARCH,0.3408265296583209,4.609631877735489,,2014-01-10
XEC,XEC.W^E14,2014-01-24,GJR-GARCH,0.375394085187258,5.592092031491202,,2014-01-10
XEC,XEC.W^E14,2014-01-27,EGARCH,0.3514554353283013,4.901623929436737,,2014-01-10
XEC,XEC.W^E14,2014-01-27,ESG-EGARCH,0.3388743693633706,4.556977706802466,all,2014-01-10
XEC,XEC.W^E14,2014-01-27,ESG-EGARCH(E),0.3381963183717916,4.538759911120406,E,2014-01-10
XEC,XEC.W^E14,2014-01-27,ESG-EGARCH(G),0.3381357819102457,4.537135198732272,G,2014-01-10
XEC,XEC.W^E14,2014-01-27,ESG-EGARCH(S),0.3369855474851943,4.5063198100752455,S,2014-01-10
XEC,XEC.W^E14,2014-01-27,ESG-GARCH,0.3312197623950678,4.353433769882746,all,2014-01-10
XEC,XEC.W^E14,2014-01-27,ESG-GARCH(E),0.3305086836226891,4.334761505952492,E,2014-01-10
XEC,XEC.W^E14,2014-01-27,ESG-GARCH(G),0.3304213046881014,4.332469785388379,G,2014-01-10
XEC,XEC.W^E14,2014-01-27,ESG-GARCH(S),0.3292074707892517,4.300696778708573,S,2014-01-10
XEC,XEC.W^E14,2014-01-27,ESG-GJR-GARCH,0.3562460676373108,5.036161139168551,all,2014-01-10
XEC,XEC.W^E14,2014-01-27,ESG-GJR-GARCH(E),0.3547772813819992,4.99471902320644,E,2014-01-10
XEC,XEC.W^E14,2014-01-27,ESG-GJR-GARCH(G),0.3547024901145791,4.992613352915995,G,2014-01-10
XEC,XEC.W^E14,2014-01-27,ESG-GJR-GARCH(S),0.3527776149949681,4.938573239743569,S,2014-01-10
XEC,XEC.W^E14,2014-01-27,GARCH,0.3408265296583209,4.609631877735489,,2014-01-10
XEC,XEC.W^E14,2014-01-27,GJR-GARCH,0.375394085187258,5.592092031491202,,2014-01-10
XEC,XEC.W^E14,2014-02-04,EGARCH,0.3514554353283013,4.901623929436737,,2014-01-10
XEC,XEC.W^E14,2014-02-04,ESG-EGARCH,0.3388743693633706,4.556977706802466,all,2014-01-10
XEC,XEC.W^E14,2014-02-04,ESG-EGARCH(E),0.3381963183717916,4.538759911120406,E,2014-01-10
XEC,XEC.W^E14,2014-02-04,ESG-EGARCH(G),0.3381357819102457,4.537135198732272,G,2014-01-10
XEC,XEC.W^E14,2014-02-04,ESG-EGARCH(S),0.3369855474851943,4.5063198100752455,S,2014-01-10
XEC,XEC.W^E14,2014-02-04,ESG-GARCH,0.3312197623950678,4.353433769882746,all,2014-01-10
XEC,XEC.W^E14,2014-02-04,ESG-GARCH(E),0.3305086836226891,4.334761505952492,E,2014-01-10
XEC,XEC.W^E14,2014-02-04,ESG-GARCH(G),0.3304213046881014,4.332469785388379,G,2014-01-10
XEC,XEC.W^E14,2014-02-04,ESG-GARCH(S),0.3292074707892517,4.300696778708573,S,2014-01-10
XEC,XEC.W^E14,2014-02-04,ESG-GJR-GARCH,0.3562460676373108,5.036161139168551,all,2014-01-10
XEC,XEC.W^E14,2014-02-04,ESG-GJR-GARCH(E),0.3547772813819992,4.99471902320644,E,2014-01-10
XEC,XEC.W^E14,2014-02-04,ESG-GJR-GARCH(G),0.3547024901145791,4.992613352915995,G,2014-01-10
XEC,XEC.W^E14,2014-02-04,ESG-GJR-GARCH(S),0.3527776149949681,4.938573239743569,S,2014-01-10
XEC,XEC.W^E14,2014-02-04,GARCH,0.3408265296583209,4.609631877735489,,2014-01-10
XEC,XEC.W^E14,2014-02-04,GJR-GARCH,0.375394085187258,5.592092031491202,,2014-01-10
XEC,XEC.W^E14,2014-02-05,EGARCH,0.3514554353283013,4.901623929436737,,2014-01-10
XEC,XEC.W^E14,2014-02-05,ESG-EGARCH,0.3388743693633706,4.556977706802466,all,2014-01-10
XEC,XEC.W^E14,2014-02-05,ESG-EGARCH(E),0.3381963183717916,4.538759911120406,E,2014-01-10
XEC,XEC.W^E14,2014-02-05,ESG-EGARCH(G),0.3381357819102457,4.537135198732272,G,2014-01-10
XEC,XEC.W^E14,2014-02-05,ESG-EGARCH(S),0.3369855474851943,4.5063198100752455,S,2014-01-10
XEC,XEC.W^E14,2014-02-05,ESG-GARCH,0.3312197623950678,4.353433769882746,all,2014-01-10
XEC,XEC.W^E14,2014-02-05,ESG-GARCH(E),0.3305086836226891,4.334761505952492,E,2014-01-10
XEC,XEC.W^E14,2014-02-05,ESG-GARCH(G),0.3304213046881014,4.332469785388379,G,2014-01-10
XEC,XEC.W^E14,2014-02-05,ESG-GARCH(S),0.3292074707892517,4.300696778708573,S,2014-01-10
XEC,XEC.W^E14,2014-02-05,ESG-GJR-GARCH,0.3562460676373108,5.036161139168551,all,2014-01-10
XEC,XEC.W^E14,2014-02-05,ESG-GJR-GARCH(E),0.3547772813819992,4.99471902320644,E,2014-01-10
XEC,XEC.W^E14,2014-02-05,ESG-GJR-GARCH(G),0.3547024901145791,4.992613352915995,G,2014-01-10
XEC,XEC.W^E14,2014-02-05,ESG-GJR-GARCH(S),0.3527776149949681,4.938573239743569,S,2014-01-10
XEC,XEC.W^E14,2014-02-05,GARCH,0.3408265296583209,4.609631877735489,,2014-01-10
XEC,XEC.W^E14,2014-02-05,GJR-GARCH,0.375394085187258,5.592092031491202,,2014-01-10
XEC,XEC.W^E14,2014-02-06,EGARCH,0.3514554353283013,4.901623929436737,,2014-01-10
XEC,XEC.W^E14,2014-02-06,ESG-EGARCH,0.3388743693633706,4.556977706802466,all,2014-01-10
XEC,XEC.W^E14,2014-02-06,ESG-EGARCH(E),0.3381963183717916,4.538759911120406,E,2014-01-10
XEC,XEC.W^E14,2014-02-06,ESG-EGARCH(G),0.3381357819102457,4.537135198732272,G,2014-01-10
XEC,XEC.W^E14,2014-02-06,ESG-EGARCH(S),0.3369855474851943,4.5063198100752455,S,2014-01-10
XEC,XEC.W^E14,2014-02-06,ESG-GARCH,0.3312197623950678,4.353433769882746,all,2014-01-10
XEC,XEC.W^E14,2014-02-06,ESG-GARCH(E),0.3305086836226891,4.334761505952492,E,2014-01-10
XEC,XEC.W^E14,2014-02-06,ESG-GARCH(G),0.3304213046881014,4.332469785388379,G,2014-01-10
XEC,XEC.W^E14,2014-02-06,ESG-GARCH(S),0.3292074707892517,4.300696778708573,S,2014-01-10
XEC,XEC.W^E14,2014-02-06,ESG-GJR-GARCH,0.3562460676373108,5.036161139168551,all,2014-01-10
XEC,XEC.W^E14,2014-02-06,ESG-GJR-GARCH(E),0.3547772813819992,4.99471902320644,E,2014-01-10
XEC,XEC.W^E14,2014-02-06,ESG-GJR-GARCH(G),0.3547024901145791,4.992613352915995,G,2014-01-10
XEC,XEC.W^E14,2014-02-06,ESG-GJR-GARCH(S),0.3527776149949681,4.938573239743569,S,2014-01-10
XEC,XEC.W^E14,2014-02-06,GARCH,0.3408265296583209,4.609631877735489,,2014-01-10
XEC,XEC.W^E14,2014-02-06,GJR-GARCH,0.375394085187258,5.592092031491202,,2014-01-10
XEC,XEC.W^E14,2014-02-07,EGARCH,0.3514554353283013,4.901623929436737,,2014-01-10
XEC,XEC.W^E14,2014-02-07,ESG-EGARCH,0.3388743693633706,4.556977706802466,all,2014-01-10
XEC,XEC.W^E14,2014-02-07,ESG-EGARCH(E),0.3381963183717916,4.538759911120406,E,2014-01-10
XEC,XEC.W^E14,2014-02-07,ESG-EGARCH(G),0.3381357819102457,4.537135198732272,G,2014-01-10
XEC,XEC.W^E14,2014-02-07,ESG-EGARCH(S),0.3369855474851943,4.5063198100752455,S,2014-01-10
XEC,XEC.W^E14,2014-02-07,ESG-GARCH,0.3312197623950678,4.353433769882746,all,2014-01-10
XEC,XEC.W^E14,2014-02-07,ESG-GARCH(E),0.3305086836226891,4.334761505952492,E,2014-01-10
XEC,XEC.W^E14,2014-02-07,ESG-GARCH(G),0.3304213046881014,4.332469785388379,G,2014-01-10
XEC,XEC.W^E14,2014-02-07,ESG-GARCH(S),0.3292074707892517,4.300696778708573,S,2014-01-10
XEC,XEC.W^E14,2014-02-07,ESG-GJR-GARCH,0.3562460676373108,5.036161139168551,all,2014-01-10
XEC,XEC.W^E14,2014-02-07,ESG-GJR-GARCH(E),0.3547772813819992,4.99471902320644,E,2014-01-10
XEC,XEC.W^E14,2014-02-07,ESG-GJR-GARCH(G),0.3547024901145791,4.992613352915995,G,2014-01-10
XEC,XEC.W^E14,2014-02-07,ESG-GJR-GARCH(S),0.3527776149949681,4.938573239743569,S,2014-01-10
XEC,XEC.W^E14,2014-02-07,GARCH,0.3408265296583209,4.609631877735489,,2014-01-10
XEC,XEC.W^E14,2014-02-07,GJR-GARCH,0.375394085187258,5.592092031491202,,2014-01-10
XEC,XEC.W^E14,2014-02-20,EGARCH,0.3514554353283013,4.901623929436737,,2014-01-10
XEC,XEC.W^E14,2014-02-20,ESG-EGARCH,0.3388743693633706,4.556977706802466,all,2014-01-10
XEC,XEC.W^E14,2014-02-20,ESG-EGARCH(E),0.3381963183717916,4.538759911120406,E,2014-01-10
XEC,XEC.W^E14,2014-02-20,ESG-EGARCH(G),0.3381357819102457,4.537135198732272,G,2014-01-10
XEC,XEC.W^E14,2014-02-20,ESG-EGARCH(S),0.3369855474851943,4.5063198100752455,S,2014-01-10
XEC,XEC.W^E14,2014-02-20,ESG-GARCH,0.3312197623950678,4.353433769882746,all,2014-01-10
XEC,XEC.W^E14,2014-02-20,ESG-GARCH(E),0.3305086836226891,4.334761505952492,E,2014-01-10
XEC,XEC.W^E14,2014-02-20,ESG-GARCH(G),0.3304213046881014,4.332469785388379,G,2014-01-10
XEC,XEC.W^E14,2014-02-20,ESG-GARCH(S),0.3292074707892517,4.300696778708573,S,2014-01-10
XEC,XEC.W^E14,2014-02-20,ESG-GJR-GARCH,0.3562460676373108,5.036161139168551,all,2014-01-10
XEC,XEC.W^E14,2014-02-20,ESG-GJR-GARCH(E),0.3547772813819992,4.99471902320644,E,2014-01-10
XEC,XEC.W^E14,2014-02-20,ESG-GJR-GARCH(G),0.3547024901145791,4.992613352915995,G,2014-01-10
XEC,XEC.W^E14,2014-02-20,ESG-GJR-GARCH(S),0.3527776149949681,4.938573239743569,S,2014-01-10
XEC,XEC.W^E14,2014-02-20,GARCH,0.3408265296583209,4.609631877735489,,2014-01-10
XEC,XEC.W^E14,2014-02-20,GJR-GARCH,0.375394085187258,5.592092031491202,,2014-01-10
XEC,XEC.W^E14,2014-02-21,EGARCH,0.3514554353283013,4.901623929436737,,2014-01-10
XEC,XEC.W^E14,2014-02-21,ESG-EGARCH,0.3388743693633706,4.556977706802466,all,2014-01-10
XEC,XEC.W^E14,2014-02-21,ESG-EGARCH(E),0.3381963183717916,4.538759911120406,E,2014-01-10
XEC,XEC.W^E14,2014-02-21,ESG-EGARCH(G),0.3381357819102457,4.537135198732272,G,2014-01-10
XEC,XEC.W^E14,2014-02-21,ESG-EGARCH(S),0.3369855474851943,4.5063198100752455,S,2014-01-10
XEC,XEC.W^E14,2014-02-21,ESG-GARCH,0.3312197623950678,4.353433769882746,all,2014-01-10
XEC,XEC.W^E14,2014-02-21,ESG-GARCH(E),0.3305086836226891,4.334761505952492,E,2014-01-10
XEC,XEC.W^E14,2014-02-21,ESG-GARCH(G),0.3304213046881014,4.332469785388379,G,2014-01-10
XEC,XEC.W^E14,2014-02-21,ESG-GARCH(S),0.3292074707892517,4.300696778708573,S,2014-01-10
XEC,XEC.W^E14,2014-02-21,ESG-GJR-GARCH,0.3562460676373108,5.036161139168551,all,2014-01-10
XEC,XEC.W^E14,2014-02-21,ESG-GJR-GARCH(E),0.3547772813819992,4.99471902320644,E,2014-01-10
XEC,XEC.W^E14,2014-02-21,ESG-GJR-GARCH(G),0.3547024901145791,4.992613352915995,G,2014-01-10
XEC,XEC.W^E14,2014-02-21,ESG-GJR-GARCH(S),0.3527776149949681,4.938573239743569,S,2014-01-10
XEC,XEC.W^E14,2014-02-21,GARCH,0.3408265296583209,4.609631877735489,,2014-01-10
XEC,XEC.W^E14,2014-02-21,GJR-GARCH,0.375394085187258,5.592092031491202,,2014-01-10
